solid OpenSCAD_Model
  facet normal -0.791703 0.0648499 0.607455
    outer loop
      vertex -4.72261 0 6.16569
      vertex -4.68132 0.727389 6.14185
      vertex -4.84974 0 6
    endloop
  endfacet
  facet normal -0.791687 0.0648421 0.607476
    outer loop
      vertex -4.68132 0.727389 6.14185
      vertex -4.80825 0.730947 5.97605
      vertex -4.84974 0 6
    endloop
  endfacet
  facet normal -0.607623 0.0604421 0.791922
    outer loop
      vertex -4.55692 0 6.29282
      vertex -4.51623 0.716957 6.26932
      vertex -4.72261 0 6.16569
    endloop
  endfacet
  facet normal -0.607635 0.060447 0.791913
    outer loop
      vertex -4.51623 0.716957 6.26932
      vertex -4.68132 0.727389 6.14185
      vertex -4.72261 0 6.16569
    endloop
  endfacet
  facet normal -0.382174 0.0519296 0.92263
    outer loop
      vertex -4.36398 0 6.37274
      vertex -4.32422 0.700363 6.34979
      vertex -4.55692 0 6.29282
    endloop
  endfacet
  facet normal -0.382179 0.0519314 0.922628
    outer loop
      vertex -4.32422 0.700363 6.34979
      vertex -4.51623 0.716957 6.26932
      vertex -4.55692 0 6.29282
    endloop
  endfacet
  facet normal -0.130423 0.0398625 0.990657
    outer loop
      vertex -4.15692 0 6.4
      vertex -4.1184 0.678736 6.37776
      vertex -4.36398 0 6.37274
    endloop
  endfacet
  facet normal -0.130436 0.0398674 0.990655
    outer loop
      vertex -4.1184 0.678736 6.37776
      vertex -4.32422 0.700363 6.34979
      vertex -4.36398 0 6.37274
    endloop
  endfacet
  facet normal 0.130492 0.0250765 0.991132
    outer loop
      vertex -3.94987 0 6.37274
      vertex -3.91277 0.653552 6.35132
      vertex -4.15692 0 6.4
    endloop
  endfacet
  facet normal 0.13051 0.0250694 0.99113
    outer loop
      vertex -3.91277 0.653552 6.35132
      vertex -4.1184 0.678736 6.37776
      vertex -4.15692 0 6.4
    endloop
  endfacet
  facet normal 0.382659 0.00855396 0.92385
    outer loop
      vertex -3.75692 0 6.29282
      vertex -3.72136 0.626526 6.27229
      vertex -3.94987 0 6.37274
    endloop
  endfacet
  facet normal 0.382652 0.00855716 0.923853
    outer loop
      vertex -3.72136 0.626526 6.27229
      vertex -3.91277 0.653552 6.35132
      vertex -3.94987 0 6.37274
    endloop
  endfacet
  facet normal 0.608737 -0.00855123 0.793326
    outer loop
      vertex -3.59124 0 6.16569
      vertex -3.55721 0.5995 6.14604
      vertex -3.75692 0 6.29282
    endloop
  endfacet
  facet normal 0.608745 -0.00855527 0.79332
    outer loop
      vertex -3.55721 0.5995 6.14604
      vertex -3.72136 0.626526 6.27229
      vertex -3.75692 0 6.29282
    endloop
  endfacet
  facet normal 0.7931 -0.0250763 0.608575
    outer loop
      vertex -3.4641 0 6
      vertex -3.4315 0.574315 5.98118
      vertex -3.59124 0 6.16569
    endloop
  endfacet
  facet normal 0.793093 -0.0250714 0.608584
    outer loop
      vertex -3.4315 0.574315 5.98118
      vertex -3.55721 0.5995 6.14604
      vertex -3.59124 0 6.16569
    endloop
  endfacet
  facet normal 0.923143 -0.0398599 0.382386
    outer loop
      vertex -3.38418 0 5.80706
      vertex -3.35281 0.552689 5.78894
      vertex -3.4641 0 6
    endloop
  endfacet
  facet normal 0.923152 -0.0398714 0.382361
    outer loop
      vertex -3.35281 0.552689 5.78894
      vertex -3.4315 0.574315 5.98118
      vertex -3.4641 0 6
    endloop
  endfacet
  facet normal 0.990107 -0.0519287 0.13035
    outer loop
      vertex -3.35692 0 5.6
      vertex -3.32649 0.536095 5.58243
      vertex -3.38418 0 5.80706
    endloop
  endfacet
  facet normal 0.990106 -0.0519233 0.130363
    outer loop
      vertex -3.32649 0.536095 5.58243
      vertex -3.35281 0.552689 5.78894
      vertex -3.38418 0 5.80706
    endloop
  endfacet
  facet normal 0.989632 -0.0604459 -0.130288
    outer loop
      vertex -3.38418 0 5.39294
      vertex -3.35434 0.525663 5.37572
      vertex -3.35692 0 5.6
    endloop
  endfacet
  facet normal 0.989633 -0.0604437 -0.130283
    outer loop
      vertex -3.35434 0.525663 5.37572
      vertex -3.32649 0.536095 5.58243
      vertex -3.35692 0 5.6
    endloop
  endfacet
  facet normal 0.921933 -0.0648355 -0.381885
    outer loop
      vertex -3.4641 0 5.2
      vertex -3.43447 0.522105 5.18289
      vertex -3.38418 0 5.39294
    endloop
  endfacet
  facet normal 0.921923 -0.064845 -0.381906
    outer loop
      vertex -3.43447 0.522105 5.18289
      vertex -3.35434 0.525663 5.37572
      vertex -3.38418 0 5.39294
    endloop
  endfacet
  facet normal 0.79168 -0.0648412 -0.607485
    outer loop
      vertex -3.59124 0 5.03431
      vertex -3.5614 0.525663 5.01709
      vertex -3.4641 0 5.2
    endloop
  endfacet
  facet normal 0.791687 -0.0648368 -0.607476
    outer loop
      vertex -3.5614 0.525663 5.01709
      vertex -3.43447 0.522105 5.18289
      vertex -3.4641 0 5.2
    endloop
  endfacet
  facet normal 0.607646 -0.0604453 -0.791904
    outer loop
      vertex -3.75692 0 4.90718
      vertex -3.72649 0.536095 4.88961
      vertex -3.59124 0 5.03431
    endloop
  endfacet
  facet normal 0.607666 -0.0604362 -0.79189
    outer loop
      vertex -3.72649 0.536095 4.88961
      vertex -3.5614 0.525663 5.01709
      vertex -3.59124 0 5.03431
    endloop
  endfacet
  facet normal 0.382157 -0.0519298 -0.922637
    outer loop
      vertex -3.94987 0 4.82726
      vertex -3.91849 0.552689 4.80915
      vertex -3.75692 0 4.90718
    endloop
  endfacet
  facet normal 0.382155 -0.0519306 -0.922638
    outer loop
      vertex -3.91849 0.552689 4.80915
      vertex -3.72649 0.536095 4.88961
      vertex -3.75692 0 4.90718
    endloop
  endfacet
  facet normal 0.130429 -0.0398668 -0.990656
    outer loop
      vertex -4.15692 0 4.8
      vertex -4.12432 0.574315 4.78118
      vertex -3.94987 0 4.82726
    endloop
  endfacet
  facet normal 0.13043 -0.0398663 -0.990656
    outer loop
      vertex -4.12432 0.574315 4.78118
      vertex -3.91849 0.552689 4.80915
      vertex -3.94987 0 4.82726
    endloop
  endfacet
  facet normal -0.130485 -0.0250798 -0.991133
    outer loop
      vertex -4.36398 0 4.82726
      vertex -4.32995 0.5995 4.80761
      vertex -4.15692 0 4.8
    endloop
  endfacet
  facet normal -0.130463 -0.0250735 -0.991136
    outer loop
      vertex -4.32995 0.5995 4.80761
      vertex -4.12432 0.574315 4.78118
      vertex -4.15692 0 4.8
    endloop
  endfacet
  facet normal -0.382676 -0.00855277 -0.923843
    outer loop
      vertex -4.55692 0 4.90718
      vertex -4.52136 0.626526 4.88665
      vertex -4.36398 0 4.82726
    endloop
  endfacet
  facet normal -0.382693 -0.00855769 -0.923836
    outer loop
      vertex -4.52136 0.626526 4.88665
      vertex -4.32995 0.5995 4.80761
      vertex -4.36398 0 4.82726
    endloop
  endfacet
  facet normal -0.608714 0.00856518 -0.793344
    outer loop
      vertex -4.72261 0 5.03431
      vertex -4.68551 0.653552 5.0129
      vertex -4.55692 0 4.90718
    endloop
  endfacet
  facet normal -0.608745 0.00855527 -0.79332
    outer loop
      vertex -4.68551 0.653552 5.0129
      vertex -4.52136 0.626526 4.88665
      vertex -4.55692 0 4.90718
    endloop
  endfacet
  facet normal -0.793123 0.0250717 -0.608545
    outer loop
      vertex -4.84974 0 5.2
      vertex -4.81122 0.678736 5.17776
      vertex -4.72261 0 5.03431
    endloop
  endfacet
  facet normal -0.793092 0.0250843 -0.608585
    outer loop
      vertex -4.81122 0.678736 5.17776
      vertex -4.68551 0.653552 5.0129
      vertex -4.72261 0 5.03431
    endloop
  endfacet
  facet normal -0.923142 0.0398638 -0.382386
    outer loop
      vertex -4.92966 0 5.39294
      vertex -4.88991 0.700363 5.36999
      vertex -4.84974 0 5.2
    endloop
  endfacet
  facet normal -0.923146 0.0398616 -0.382378
    outer loop
      vertex -4.88991 0.700363 5.36999
      vertex -4.81122 0.678736 5.17776
      vertex -4.84974 0 5.2
    endloop
  endfacet
  facet normal -0.990108 0.0519198 -0.13035
    outer loop
      vertex -4.95692 0 5.6
      vertex -4.91623 0.716957 5.5765
      vertex -4.92966 0 5.39294
    endloop
  endfacet
  facet normal -0.990106 0.0519229 -0.130363
    outer loop
      vertex -4.91623 0.716957 5.5765
      vertex -4.88991 0.700363 5.36999
      vertex -4.92966 0 5.39294
    endloop
  endfacet
  facet normal -0.989632 0.0604463 0.130288
    outer loop
      vertex -4.92966 0 5.80706
      vertex -4.88837 0.727389 5.78322
      vertex -4.95692 0 5.6
    endloop
  endfacet
  facet normal -0.989628 0.0604368 0.130324
    outer loop
      vertex -4.88837 0.727389 5.78322
      vertex -4.91623 0.716957 5.5765
      vertex -4.95692 0 5.6
    endloop
  endfacet
  facet normal -0.921932 0.0648434 0.381885
    outer loop
      vertex -4.84974 0 6
      vertex -4.80825 0.730947 5.97605
      vertex -4.92966 0 5.80706
    endloop
  endfacet
  facet normal -0.92194 0.0648492 0.381865
    outer loop
      vertex -4.80825 0.730947 5.97605
      vertex -4.88837 0.727389 5.78322
      vertex -4.92966 0 5.80706
    endloop
  endfacet
  facet normal -0.777025 0.193434 0.599011
    outer loop
      vertex -4.68132 0.727389 6.14185
      vertex -4.55816 1.44233 6.07074
      vertex -4.80825 0.730947 5.97605
    endloop
  endfacet
  facet normal -0.777021 0.193432 0.599017
    outer loop
      vertex -4.55816 1.44233 6.07074
      vertex -4.68449 1.44939 5.90459
      vertex -4.80825 0.730947 5.97605
    endloop
  endfacet
  facet normal -0.593971 0.180295 0.784023
    outer loop
      vertex -4.51623 0.716957 6.26932
      vertex -4.39483 1.42165 6.19924
      vertex -4.68132 0.727389 6.14185
    endloop
  endfacet
  facet normal -0.593989 0.180304 0.784007
    outer loop
      vertex -4.39483 1.42165 6.19924
      vertex -4.55816 1.44233 6.07074
      vertex -4.68132 0.727389 6.14185
    endloop
  endfacet
  facet normal -0.370438 0.154907 0.915849
    outer loop
      vertex -4.32422 0.700363 6.34979
      vertex -4.20564 1.38874 6.28132
      vertex -4.51623 0.716957 6.26932
    endloop
  endfacet
  facet normal -0.370404 0.154891 0.915865
    outer loop
      vertex -4.20564 1.38874 6.28132
      vertex -4.39483 1.42165 6.19924
      vertex -4.51623 0.716957 6.26932
    endloop
  endfacet
  facet normal -0.121422 0.118928 0.985451
    outer loop
      vertex -4.1184 0.678736 6.37776
      vertex -4.00347 1.34586 6.31141
      vertex -4.32422 0.700363 6.34979
    endloop
  endfacet
  facet normal -0.121443 0.118938 0.985447
    outer loop
      vertex -4.00347 1.34586 6.31141
      vertex -4.20564 1.38874 6.28132
      vertex -4.32422 0.700363 6.34979
    endloop
  endfacet
  facet normal 0.136178 0.074778 0.987858
    outer loop
      vertex -3.91277 0.653552 6.35132
      vertex -3.80211 1.29592 6.28744
      vertex -4.1184 0.678736 6.37776
    endloop
  endfacet
  facet normal 0.136146 0.0747948 0.987861
    outer loop
      vertex -3.80211 1.29592 6.28744
      vertex -4.00347 1.34586 6.31141
      vertex -4.1184 0.678736 6.37776
    endloop
  endfacet
  facet normal 0.384587 0.0255286 0.922736
    outer loop
      vertex -3.72136 0.626526 6.27229
      vertex -3.61528 1.24233 6.21104
      vertex -3.91277 0.653552 6.35132
    endloop
  endfacet
  facet normal 0.384638 0.0254979 0.922715
    outer loop
      vertex -3.61528 1.24233 6.21104
      vertex -3.80211 1.29592 6.28744
      vertex -3.91277 0.653552 6.35132
    endloop
  endfacet
  facet normal 0.606809 -0.0255298 0.794437
    outer loop
      vertex -3.55721 0.5995 6.14604
      vertex -3.4557 1.18874 6.08744
      vertex -3.72136 0.626526 6.27229
    endloop
  endfacet
  facet normal 0.606774 -0.0255043 0.794465
    outer loop
      vertex -3.4557 1.18874 6.08744
      vertex -3.61528 1.24233 6.21104
      vertex -3.72136 0.626526 6.27229
    endloop
  endfacet
  facet normal 0.787424 -0.0747929 0.611857
    outer loop
      vertex -3.4315 0.574315 5.98118
      vertex -3.33426 1.1388 5.92504
      vertex -3.55721 0.5995 6.14604
    endloop
  endfacet
  facet normal 0.787438 -0.0748069 0.611837
    outer loop
      vertex -3.33426 1.1388 5.92504
      vertex -3.4557 1.18874 6.08744
      vertex -3.55721 0.5995 6.14604
    endloop
  endfacet
  facet normal 0.914139 -0.118927 0.387565
    outer loop
      vertex -3.35281 0.552689 5.78894
      vertex -3.25923 1.09592 5.73491
      vertex -3.4315 0.574315 5.98118
    endloop
  endfacet
  facet normal 0.914139 -0.118928 0.387564
    outer loop
      vertex -3.25923 1.09592 5.73491
      vertex -3.33426 1.1388 5.92504
      vertex -3.4315 0.574315 5.98118
    endloop
  endfacet
  facet normal 0.978365 -0.154899 0.137141
    outer loop
      vertex -3.32649 0.536095 5.58243
      vertex -3.23572 1.06302 5.53003
      vertex -3.35281 0.552689 5.78894
    endloop
  endfacet
  facet normal 0.978365 -0.154899 0.137141
    outer loop
      vertex -3.23572 1.06302 5.53003
      vertex -3.25923 1.09592 5.73491
      vertex -3.35281 0.552689 5.78894
    endloop
  endfacet
  facet normal 0.975969 -0.180292 -0.122393
    outer loop
      vertex -3.35434 0.525663 5.37572
      vertex -3.26534 1.04233 5.32433
      vertex -3.32649 0.536095 5.58243
    endloop
  endfacet
  facet normal 0.975967 -0.180296 -0.122401
    outer loop
      vertex -3.26534 1.04233 5.32433
      vertex -3.23572 1.06302 5.53003
      vertex -3.32649 0.536095 5.58243
    endloop
  endfacet
  facet normal 0.907263 -0.193428 -0.373442
    outer loop
      vertex -3.43447 0.522105 5.18289
      vertex -3.34607 1.03528 5.13185
      vertex -3.35434 0.525663 5.37572
    endloop
  endfacet
  facet normal 0.907264 -0.193427 -0.37344
    outer loop
      vertex -3.34607 1.03528 5.13185
      vertex -3.26534 1.04233 5.32433
      vertex -3.35434 0.525663 5.37572
    endloop
  endfacet
  facet normal 0.777026 -0.193429 -0.599012
    outer loop
      vertex -3.5614 0.525663 5.01709
      vertex -3.4724 1.04233 4.9657
      vertex -3.43447 0.522105 5.18289
    endloop
  endfacet
  facet normal 0.777028 -0.193429 -0.59901
    outer loop
      vertex -3.4724 1.04233 4.9657
      vertex -3.34607 1.03528 5.13185
      vertex -3.43447 0.522105 5.18289
    endloop
  endfacet
  facet normal 0.594001 -0.18029 -0.784001
    outer loop
      vertex -3.72649 0.536095 4.88961
      vertex -3.63572 1.06302 4.83721
      vertex -3.5614 0.525663 5.01709
    endloop
  endfacet
  facet normal 0.593976 -0.180299 -0.784018
    outer loop
      vertex -3.63572 1.06302 4.83721
      vertex -3.4724 1.04233 4.9657
      vertex -3.5614 0.525663 5.01709
    endloop
  endfacet
  facet normal 0.370416 -0.154895 -0.91586
    outer loop
      vertex -3.91849 0.552689 4.80915
      vertex -3.82492 1.09592 4.75512
      vertex -3.72649 0.536095 4.88961
    endloop
  endfacet
  facet normal 0.370436 -0.15489 -0.915853
    outer loop
      vertex -3.82492 1.09592 4.75512
      vertex -3.63572 1.06302 4.83721
      vertex -3.72649 0.536095 4.88961
    endloop
  endfacet
  facet normal 0.121417 -0.118922 -0.985452
    outer loop
      vertex -4.12432 0.574315 4.78118
      vertex -4.02708 1.1388 4.72504
      vertex -3.91849 0.552689 4.80915
    endloop
  endfacet
  facet normal 0.121403 -0.118925 -0.985453
    outer loop
      vertex -4.02708 1.1388 4.72504
      vertex -3.82492 1.09592 4.75512
      vertex -3.91849 0.552689 4.80915
    endloop
  endfacet
  facet normal -0.136132 -0.0747913 -0.987864
    outer loop
      vertex -4.32995 0.5995 4.80761
      vertex -4.22844 1.18874 4.74901
      vertex -4.12432 0.574315 4.78118
    endloop
  endfacet
  facet normal -0.136145 -0.0747934 -0.987862
    outer loop
      vertex -4.22844 1.18874 4.74901
      vertex -4.02708 1.1388 4.72504
      vertex -4.12432 0.574315 4.78118
    endloop
  endfacet
  facet normal -0.384627 -0.02552 -0.922719
    outer loop
      vertex -4.52136 0.626526 4.88665
      vertex -4.41528 1.24233 4.8254
      vertex -4.32995 0.5995 4.80761
    endloop
  endfacet
  facet normal -0.384582 -0.0255135 -0.922738
    outer loop
      vertex -4.41528 1.24233 4.8254
      vertex -4.22844 1.18874 4.74901
      vertex -4.32995 0.5995 4.80761
    endloop
  endfacet
  facet normal -0.60681 0.0255198 -0.794437
    outer loop
      vertex -4.68551 0.653552 5.0129
      vertex -4.57485 1.29592 4.94901
      vertex -4.52136 0.626526 4.88665
    endloop
  endfacet
  facet normal -0.606827 0.0255173 -0.794424
    outer loop
      vertex -4.57485 1.29592 4.94901
      vertex -4.41528 1.24233 4.8254
      vertex -4.52136 0.626526 4.88665
    endloop
  endfacet
  facet normal -0.787423 0.0748014 -0.611857
    outer loop
      vertex -4.81122 0.678736 5.17776
      vertex -4.69629 1.34586 5.11141
      vertex -4.68551 0.653552 5.0129
    endloop
  endfacet
  facet normal -0.78744 0.0747981 -0.611836
    outer loop
      vertex -4.69629 1.34586 5.11141
      vertex -4.57485 1.29592 4.94901
      vertex -4.68551 0.653552 5.0129
    endloop
  endfacet
  facet normal -0.914132 0.118923 -0.387583
    outer loop
      vertex -4.88991 0.700363 5.36999
      vertex -4.77133 1.38874 5.30153
      vertex -4.81122 0.678736 5.17776
    endloop
  endfacet
  facet normal -0.914114 0.118929 -0.387623
    outer loop
      vertex -4.77133 1.38874 5.30153
      vertex -4.69629 1.34586 5.11141
      vertex -4.81122 0.678736 5.17776
    endloop
  endfacet
  facet normal -0.978364 0.154908 -0.137141
    outer loop
      vertex -4.91623 0.716957 5.5765
      vertex -4.79483 1.42165 5.50642
      vertex -4.88991 0.700363 5.36999
    endloop
  endfacet
  facet normal -0.978371 0.1549 -0.137095
    outer loop
      vertex -4.79483 1.42165 5.50642
      vertex -4.77133 1.38874 5.30153
      vertex -4.88991 0.700363 5.36999
    endloop
  endfacet
  facet normal -0.975964 0.180289 0.122434
    outer loop
      vertex -4.88837 0.727389 5.78322
      vertex -4.76522 1.44233 5.71211
      vertex -4.91623 0.716957 5.5765
    endloop
  endfacet
  facet normal -0.97597 0.180303 0.122368
    outer loop
      vertex -4.76522 1.44233 5.71211
      vertex -4.79483 1.42165 5.50642
      vertex -4.91623 0.716957 5.5765
    endloop
  endfacet
  facet normal -0.90728 0.19343 0.373402
    outer loop
      vertex -4.80825 0.730947 5.97605
      vertex -4.68449 1.44939 5.90459
      vertex -4.88837 0.727389 5.78322
    endloop
  endfacet
  facet normal -0.907269 0.193421 0.373432
    outer loop
      vertex -4.68449 1.44939 5.90459
      vertex -4.76522 1.44233 5.71211
      vertex -4.88837 0.727389 5.78322
    endloop
  endfacet
  facet normal -0.747953 0.318692 0.582238
    outer loop
      vertex -4.55816 1.44233 6.07074
      vertex -4.35524 2.1326 5.95359
      vertex -4.68449 1.44939 5.90459
    endloop
  endfacet
  facet normal -0.747963 0.318699 0.582221
    outer loop
      vertex -4.35524 2.1326 5.95359
      vertex -4.48058 2.14303 5.78686
      vertex -4.68449 1.44939 5.90459
    endloop
  endfacet
  facet normal -0.566895 0.297071 0.768361
    outer loop
      vertex -4.39483 1.42165 6.19924
      vertex -4.19482 2.10201 6.08376
      vertex -4.55816 1.44233 6.07074
    endloop
  endfacet
  facet normal -0.566858 0.29705 0.768396
    outer loop
      vertex -4.19482 2.10201 6.08376
      vertex -4.35524 2.1326 5.95359
      vertex -4.55816 1.44233 6.07074
    endloop
  endfacet
  facet normal -0.347124 0.255206 0.902427
    outer loop
      vertex -4.20564 1.38874 6.28132
      vertex -4.01026 2.05336 6.16852
      vertex -4.39483 1.42165 6.19924
    endloop
  endfacet
  facet normal -0.347158 0.255225 0.902409
    outer loop
      vertex -4.01026 2.05336 6.16852
      vertex -4.19482 2.10201 6.08376
      vertex -4.39483 1.42165 6.19924
    endloop
  endfacet
  facet normal -0.103572 0.195953 0.975128
    outer loop
      vertex -4.00347 1.34586 6.31141
      vertex -3.81413 1.98995 6.20209
      vertex -4.20564 1.38874 6.28132
    endloop
  endfacet
  facet normal -0.103556 0.195943 0.975132
    outer loop
      vertex -3.81413 1.98995 6.20209
      vertex -4.01026 2.05336 6.16852
      vertex -4.20564 1.38874 6.28132
    endloop
  endfacet
  facet normal 0.147389 0.123245 0.98137
    outer loop
      vertex -3.80211 1.29592 6.28744
      vertex -3.61979 1.91612 6.18217
      vertex -4.00347 1.34586 6.31141
    endloop
  endfacet
  facet normal 0.147407 0.123233 0.981369
    outer loop
      vertex -3.61979 1.91612 6.18217
      vertex -3.81413 1.98995 6.20209
      vertex -4.00347 1.34586 6.31141
    endloop
  endfacet
  facet normal 0.388475 0.0420319 0.9205
    outer loop
      vertex -3.61528 1.24233 6.21104
      vertex -3.4405 1.83688 6.11013
      vertex -3.80211 1.29592 6.28744
    endloop
  endfacet
  facet normal 0.388452 0.0420501 0.920509
    outer loop
      vertex -3.4405 1.83688 6.11013
      vertex -3.61979 1.91612 6.18217
      vertex -3.80211 1.29592 6.28744
    endloop
  endfacet
  facet normal 0.602941 -0.0420259 0.796678
    outer loop
      vertex -3.4557 1.18874 6.08744
      vertex -3.28846 1.75764 5.99088
      vertex -3.61528 1.24233 6.21104
    endloop
  endfacet
  facet normal 0.602949 -0.0420339 0.796672
    outer loop
      vertex -3.28846 1.75764 5.99088
      vertex -3.4405 1.83688 6.11013
      vertex -3.61528 1.24233 6.21104
    endloop
  endfacet
  facet normal 0.776201 -0.12323 0.618325
    outer loop
      vertex -3.33426 1.1388 5.92504
      vertex -3.17404 1.68381 5.83253
      vertex -3.4557 1.18874 6.08744
    endloop
  endfacet
  facet normal 0.776203 -0.123232 0.618323
    outer loop
      vertex -3.17404 1.68381 5.83253
      vertex -3.28846 1.75764 5.99088
      vertex -3.4557 1.18874 6.08744
    endloop
  endfacet
  facet normal 0.896267 -0.195948 0.397881
    outer loop
      vertex -3.25923 1.09592 5.73491
      vertex -3.10505 1.6204 5.6459
      vertex -3.33426 1.1388 5.92504
    endloop
  endfacet
  facet normal 0.896265 -0.195943 0.397889
    outer loop
      vertex -3.10505 1.6204 5.6459
      vertex -3.17404 1.68381 5.83253
      vertex -3.33426 1.1388 5.92504
    endloop
  endfacet
  facet normal 0.955089 -0.255207 0.150578
    outer loop
      vertex -3.23572 1.06302 5.53003
      vertex -3.08617 1.57175 5.44368
      vertex -3.25923 1.09592 5.73491
    endloop
  endfacet
  facet normal 0.955089 -0.255212 0.150569
    outer loop
      vertex -3.08617 1.57175 5.44368
      vertex -3.10505 1.6204 5.6459
      vertex -3.25923 1.09592 5.73491
    endloop
  endfacet
  facet normal 0.948875 -0.297051 -0.106756
    outer loop
      vertex -3.26534 1.04233 5.32433
      vertex -3.1187 1.54117 5.23967
      vertex -3.23572 1.06302 5.53003
    endloop
  endfacet
  facet normal 0.94887 -0.29706 -0.106772
    outer loop
      vertex -3.1187 1.54117 5.23967
      vertex -3.08617 1.57175 5.44368
      vertex -3.23572 1.06302 5.53003
    endloop
  endfacet
  facet normal 0.878189 -0.318717 -0.356656
    outer loop
      vertex -3.34607 1.03528 5.13185
      vertex -3.20041 1.53073 5.04776
      vertex -3.26534 1.04233 5.32433
    endloop
  endfacet
  facet normal 0.878228 -0.318684 -0.356589
    outer loop
      vertex -3.20041 1.53073 5.04776
      vertex -3.1187 1.54117 5.23967
      vertex -3.26534 1.04233 5.32433
    endloop
  endfacet
  facet normal 0.747961 -0.318699 -0.582225
    outer loop
      vertex -3.4724 1.04233 4.9657
      vertex -3.32575 1.54117 4.88104
      vertex -3.34607 1.03528 5.13185
    endloop
  endfacet
  facet normal 0.747933 -0.318712 -0.582253
    outer loop
      vertex -3.32575 1.54117 4.88104
      vertex -3.20041 1.53073 5.04776
      vertex -3.34607 1.03528 5.13185
    endloop
  endfacet
  facet normal 0.566877 -0.297065 -0.768376
    outer loop
      vertex -3.63572 1.06302 4.83721
      vertex -3.48617 1.57175 4.75086
      vertex -3.4724 1.04233 4.9657
    endloop
  endfacet
  facet normal 0.566897 -0.297059 -0.768364
    outer loop
      vertex -3.48617 1.57175 4.75086
      vertex -3.32575 1.54117 4.88104
      vertex -3.4724 1.04233 4.9657
    endloop
  endfacet
  facet normal 0.347156 -0.255225 -0.90241
    outer loop
      vertex -3.82492 1.09592 4.75512
      vertex -3.67073 1.6204 4.6661
      vertex -3.63572 1.06302 4.83721
    endloop
  endfacet
  facet normal 0.347158 -0.255225 -0.902409
    outer loop
      vertex -3.67073 1.6204 4.6661
      vertex -3.48617 1.57175 4.75086
      vertex -3.63572 1.06302 4.83721
    endloop
  endfacet
  facet normal 0.103529 -0.195954 -0.975133
    outer loop
      vertex -4.02708 1.1388 4.72504
      vertex -3.86686 1.68381 4.63253
      vertex -3.82492 1.09592 4.75512
    endloop
  endfacet
  facet normal 0.103553 -0.195952 -0.975131
    outer loop
      vertex -3.86686 1.68381 4.63253
      vertex -3.67073 1.6204 4.6661
      vertex -3.82492 1.09592 4.75512
    endloop
  endfacet
  facet normal -0.147388 -0.123241 -0.981371
    outer loop
      vertex -4.22844 1.18874 4.74901
      vertex -4.0612 1.75764 4.65245
      vertex -4.02708 1.1388 4.72504
    endloop
  endfacet
  facet normal -0.147411 -0.123242 -0.981367
    outer loop
      vertex -4.0612 1.75764 4.65245
      vertex -3.86686 1.68381 4.63253
      vertex -4.02708 1.1388 4.72504
    endloop
  endfacet
  facet normal -0.388419 -0.042052 -0.920523
    outer loop
      vertex -4.41528 1.24233 4.8254
      vertex -4.2405 1.83688 4.72449
      vertex -4.22844 1.18874 4.74901
    endloop
  endfacet
  facet normal -0.388434 -0.042052 -0.920517
    outer loop
      vertex -4.2405 1.83688 4.72449
      vertex -4.0612 1.75764 4.65245
      vertex -4.22844 1.18874 4.74901
    endloop
  endfacet
  facet normal -0.602992 0.0420434 -0.796639
    outer loop
      vertex -4.57485 1.29592 4.94901
      vertex -4.39253 1.91612 4.84374
      vertex -4.41528 1.24233 4.8254
    endloop
  endfacet
  facet normal -0.60297 0.0420431 -0.796655
    outer loop
      vertex -4.39253 1.91612 4.84374
      vertex -4.2405 1.83688 4.72449
      vertex -4.41528 1.24233 4.8254
    endloop
  endfacet
  facet normal -0.776202 0.123229 -0.618325
    outer loop
      vertex -4.69629 1.34586 5.11141
      vertex -4.50695 1.98995 5.00209
      vertex -4.57485 1.29592 4.94901
    endloop
  endfacet
  facet normal -0.776204 0.123229 -0.618322
    outer loop
      vertex -4.50695 1.98995 5.00209
      vertex -4.39253 1.91612 4.84374
      vertex -4.57485 1.29592 4.94901
    endloop
  endfacet
  facet normal -0.896242 0.195945 -0.397939
    outer loop
      vertex -4.77133 1.38874 5.30153
      vertex -4.57594 2.05336 5.18873
      vertex -4.69629 1.34586 5.11141
    endloop
  endfacet
  facet normal -0.896273 0.195943 -0.397871
    outer loop
      vertex -4.57594 2.05336 5.18873
      vertex -4.50695 1.98995 5.00209
      vertex -4.69629 1.34586 5.11141
    endloop
  endfacet
  facet normal -0.955091 0.255223 -0.150539
    outer loop
      vertex -4.79483 1.42165 5.50642
      vertex -4.59482 2.10201 5.39094
      vertex -4.77133 1.38874 5.30153
    endloop
  endfacet
  facet normal -0.955084 0.255226 -0.15058
    outer loop
      vertex -4.59482 2.10201 5.39094
      vertex -4.57594 2.05336 5.18873
      vertex -4.77133 1.38874 5.30153
    endloop
  endfacet
  facet normal -0.948873 0.297069 0.106727
    outer loop
      vertex -4.76522 1.44233 5.71211
      vertex -4.56229 2.1326 5.59496
      vertex -4.79483 1.42165 5.50642
    endloop
  endfacet
  facet normal -0.948871 0.297065 0.106752
    outer loop
      vertex -4.56229 2.1326 5.59496
      vertex -4.59482 2.10201 5.39094
      vertex -4.79483 1.42165 5.50642
    endloop
  endfacet
  facet normal -0.8782 0.318698 0.356645
    outer loop
      vertex -4.68449 1.44939 5.90459
      vertex -4.48058 2.14303 5.78686
      vertex -4.76522 1.44233 5.71211
    endloop
  endfacet
  facet normal -0.87821 0.318705 0.356615
    outer loop
      vertex -4.48058 2.14303 5.78686
      vertex -4.56229 2.1326 5.59496
      vertex -4.76522 1.44233 5.71211
    endloop
  endfacet
  facet normal -0.704979 0.438528 0.557403
    outer loop
      vertex -4.35524 2.1326 5.95359
      vertex -4.07603 2.78637 5.79238
      vertex -4.48058 2.14303 5.78686
    endloop
  endfacet
  facet normal -0.704972 0.438523 0.557415
    outer loop
      vertex -4.07603 2.78637 5.79238
      vertex -4.2 2.8 5.62487
      vertex -4.48058 2.14303 5.78686
    endloop
  endfacet
  facet normal -0.526794 0.408736 0.745267
    outer loop
      vertex -4.19482 2.10201 6.08376
      vertex -3.91962 2.74641 5.92487
      vertex -4.35524 2.1326 5.95359
    endloop
  endfacet
  facet normal -0.52683 0.408759 0.745229
    outer loop
      vertex -3.91962 2.74641 5.92487
      vertex -4.07603 2.78637 5.79238
      vertex -4.35524 2.1326 5.95359
    endloop
  endfacet
  facet normal -0.31274 0.351172 0.882537
    outer loop
      vertex -4.01026 2.05336 6.16852
      vertex -3.74142 2.68284 6.01331
      vertex -4.19482 2.10201 6.08376
    endloop
  endfacet
  facet normal -0.31273 0.351165 0.882543
    outer loop
      vertex -3.74142 2.68284 6.01331
      vertex -3.91962 2.74641 5.92487
      vertex -4.19482 2.10201 6.08376
    endloop
  endfacet
  facet normal -0.0771259 0.269615 0.959875
    outer loop
      vertex -3.81413 1.98995 6.20209
      vertex -3.55359 2.6 6.05167
      vertex -4.01026 2.05336 6.16852
    endloop
  endfacet
  facet normal -0.0771233 0.269613 0.959875
    outer loop
      vertex -3.55359 2.6 6.05167
      vertex -3.74142 2.68284 6.01331
      vertex -4.01026 2.05336 6.16852
    endloop
  endfacet
  facet normal 0.164025 0.169563 0.971774
    outer loop
      vertex -3.61979 1.91612 6.18217
      vertex -3.36892 2.50353 6.03733
      vertex -3.81413 1.98995 6.20209
    endloop
  endfacet
  facet normal 0.164034 0.169555 0.971774
    outer loop
      vertex -3.36892 2.50353 6.03733
      vertex -3.55359 2.6 6.05167
      vertex -3.81413 1.98995 6.20209
    endloop
  endfacet
  facet normal 0.394118 0.0578441 0.917238
    outer loop
      vertex -3.4405 1.83688 6.11013
      vertex -3.2 2.4 5.97128
      vertex -3.61979 1.91612 6.18217
    endloop
  endfacet
  facet normal 0.39411 0.0578517 0.917241
    outer loop
      vertex -3.2 2.4 5.97128
      vertex -3.36892 2.50353 6.03733
      vertex -3.61979 1.91612 6.18217
    endloop
  endfacet
  facet normal 0.597279 -0.0578386 0.799945
    outer loop
      vertex -3.28846 1.75764 5.99088
      vertex -3.05834 2.29647 5.85802
      vertex -3.4405 1.83688 6.11013
    endloop
  endfacet
  facet normal 0.597288 -0.0578497 0.799938
    outer loop
      vertex -3.05834 2.29647 5.85802
      vertex -3.2 2.4 5.97128
      vertex -3.4405 1.83688 6.11013
    endloop
  endfacet
  facet normal 0.75958 -0.169577 0.627919
    outer loop
      vertex -3.17404 1.68381 5.83253
      vertex -2.95359 2.2 5.70526
      vertex -3.28846 1.75764 5.99088
    endloop
  endfacet
  facet normal 0.759572 -0.169563 0.627932
    outer loop
      vertex -2.95359 2.2 5.70526
      vertex -3.05834 2.29647 5.85802
      vertex -3.28846 1.75764 5.99088
    endloop
  endfacet
  facet normal 0.869833 -0.269621 0.413152
    outer loop
      vertex -3.10505 1.6204 5.6459
      vertex -2.89289 2.11716 5.52341
      vertex -3.17404 1.68381 5.83253
    endloop
  endfacet
  facet normal 0.869831 -0.269612 0.413162
    outer loop
      vertex -2.89289 2.11716 5.52341
      vertex -2.95359 2.2 5.70526
      vertex -3.17404 1.68381 5.83253
    endloop
  endfacet
  facet normal 0.920663 -0.351181 0.170443
    outer loop
      vertex -3.08617 1.57175 5.44368
      vertex -2.88038 2.05359 5.32487
      vertex -3.10505 1.6204 5.6459
    endloop
  endfacet
  facet normal 0.920664 -0.351174 0.170453
    outer loop
      vertex -2.88038 2.05359 5.32487
      vertex -2.89289 2.11716 5.52341
      vertex -3.10505 1.6204 5.6459
    endloop
  endfacet
  facet normal 0.908802 -0.408759 -0.0836404
    outer loop
      vertex -3.1187 1.54117 5.23967
      vertex -2.91692 2.01363 5.12317
      vertex -3.08617 1.57175 5.44368
    endloop
  endfacet
  facet normal 0.908797 -0.408767 -0.0836545
    outer loop
      vertex -2.91692 2.01363 5.12317
      vertex -2.88038 2.05359 5.32487
      vertex -3.08617 1.57175 5.44368
    endloop
  endfacet
  facet normal 0.835246 -0.438512 -0.331769
    outer loop
      vertex -3.20041 1.53073 5.04776
      vertex -3 2 4.93205
      vertex -3.1187 1.54117 5.23967
    endloop
  endfacet
  facet normal 0.835226 -0.438527 -0.331799
    outer loop
      vertex -3 2 4.93205
      vertex -2.91692 2.01363 5.12317
      vertex -3.1187 1.54117 5.23967
    endloop
  endfacet
  facet normal 0.704949 -0.438527 -0.557441
    outer loop
      vertex -3.32575 1.54117 4.88104
      vertex -3.12397 2.01363 4.76454
      vertex -3.20041 1.53073 5.04776
    endloop
  endfacet
  facet normal 0.704975 -0.438517 -0.557416
    outer loop
      vertex -3.12397 2.01363 4.76454
      vertex -3 2 4.93205
      vertex -3.20041 1.53073 5.04776
    endloop
  endfacet
  facet normal 0.52683 -0.40876 -0.745229
    outer loop
      vertex -3.48617 1.57175 4.75086
      vertex -3.28038 2.05359 4.63205
      vertex -3.32575 1.54117 4.88104
    endloop
  endfacet
  facet normal 0.526829 -0.40876 -0.745229
    outer loop
      vertex -3.28038 2.05359 4.63205
      vertex -3.12397 2.01363 4.76454
      vertex -3.32575 1.54117 4.88104
    endloop
  endfacet
  facet normal 0.312739 -0.351175 -0.882536
    outer loop
      vertex -3.67073 1.6204 4.6661
      vertex -3.45858 2.11716 4.54361
      vertex -3.48617 1.57175 4.75086
    endloop
  endfacet
  facet normal 0.312725 -0.351176 -0.882541
    outer loop
      vertex -3.45858 2.11716 4.54361
      vertex -3.28038 2.05359 4.63205
      vertex -3.48617 1.57175 4.75086
    endloop
  endfacet
  facet normal 0.0771299 -0.269604 -0.959877
    outer loop
      vertex -3.86686 1.68381 4.63253
      vertex -3.64641 2.2 4.50526
      vertex -3.67073 1.6204 4.6661
    endloop
  endfacet
  facet normal 0.077078 -0.269603 -0.959882
    outer loop
      vertex -3.64641 2.2 4.50526
      vertex -3.45858 2.11716 4.54361
      vertex -3.67073 1.6204 4.6661
    endloop
  endfacet
  facet normal -0.164024 -0.169561 -0.971774
    outer loop
      vertex -4.0612 1.75764 4.65245
      vertex -3.83108 2.29647 4.51959
      vertex -3.86686 1.68381 4.63253
    endloop
  endfacet
  facet normal -0.163987 -0.169564 -0.97178
    outer loop
      vertex -3.83108 2.29647 4.51959
      vertex -3.64641 2.2 4.50526
      vertex -3.86686 1.68381 4.63253
    endloop
  endfacet
  facet normal -0.394102 -0.0578524 -0.917244
    outer loop
      vertex -4.2405 1.83688 4.72449
      vertex -4 2.4 4.58564
      vertex -4.0612 1.75764 4.65245
    endloop
  endfacet
  facet normal -0.39411 -0.0578512 -0.917241
    outer loop
      vertex -4 2.4 4.58564
      vertex -3.83108 2.29647 4.51959
      vertex -4.0612 1.75764 4.65245
    endloop
  endfacet
  facet normal -0.597295 0.057863 -0.799932
    outer loop
      vertex -4.39253 1.91612 4.84374
      vertex -4.14166 2.50353 4.69891
      vertex -4.2405 1.83688 4.72449
    endloop
  endfacet
  facet normal -0.597315 0.0578665 -0.799917
    outer loop
      vertex -4.14166 2.50353 4.69891
      vertex -4 2.4 4.58564
      vertex -4.2405 1.83688 4.72449
    endloop
  endfacet
  facet normal -0.75958 0.169575 -0.627919
    outer loop
      vertex -4.50695 1.98995 5.00209
      vertex -4.24641 2.6 4.85167
      vertex -4.39253 1.91612 4.84374
    endloop
  endfacet
  facet normal -0.759567 0.169573 -0.627935
    outer loop
      vertex -4.24641 2.6 4.85167
      vertex -4.14166 2.50353 4.69891
      vertex -4.39253 1.91612 4.84374
    endloop
  endfacet
  facet normal -0.869846 0.269611 -0.413131
    outer loop
      vertex -4.57594 2.05336 5.18873
      vertex -4.30711 2.68284 5.03351
      vertex -4.50695 1.98995 5.00209
    endloop
  endfacet
  facet normal -0.869825 0.269607 -0.41318
    outer loop
      vertex -4.30711 2.68284 5.03351
      vertex -4.24641 2.6 4.85167
      vertex -4.50695 1.98995 5.00209
    endloop
  endfacet
  facet normal -0.920671 0.351158 -0.170447
    outer loop
      vertex -4.59482 2.10201 5.39094
      vertex -4.31962 2.74641 5.23205
      vertex -4.57594 2.05336 5.18873
    endloop
  endfacet
  facet normal -0.920671 0.351158 -0.170448
    outer loop
      vertex -4.31962 2.74641 5.23205
      vertex -4.30711 2.68284 5.03351
      vertex -4.57594 2.05336 5.18873
    endloop
  endfacet
  facet normal -0.908808 0.40875 0.0836186
    outer loop
      vertex -4.56229 2.1326 5.59496
      vertex -4.28308 2.78637 5.43375
      vertex -4.59482 2.10201 5.39094
    endloop
  endfacet
  facet normal -0.908806 0.408746 0.0836602
    outer loop
      vertex -4.28308 2.78637 5.43375
      vertex -4.31962 2.74641 5.23205
      vertex -4.59482 2.10201 5.39094
    endloop
  endfacet
  facet normal -0.835228 0.438523 0.331801
    outer loop
      vertex -4.48058 2.14303 5.78686
      vertex -4.2 2.8 5.62487
      vertex -4.56229 2.1326 5.59496
    endloop
  endfacet
  facet normal -0.835228 0.438524 0.3318
    outer loop
      vertex -4.2 2.8 5.62487
      vertex -4.28308 2.78637 5.43375
      vertex -4.56229 2.1326 5.59496
    endloop
  endfacet
  facet normal -0.648814 0.55084 0.524992
    outer loop
      vertex -4.07603 2.78637 5.79238
      vertex -3.7253 3.39247 5.58989
      vertex -4.2 2.8 5.62487
    endloop
  endfacet
  facet normal -0.648811 0.550838 0.524997
    outer loop
      vertex -3.7253 3.39247 5.58989
      vertex -3.84756 3.40906 5.42139
      vertex -4.2 2.8 5.62487
    endloop
  endfacet
  facet normal -0.474485 0.513446 0.715008
    outer loop
      vertex -3.91962 2.74641 5.92487
      vertex -3.57392 3.34382 5.72528
      vertex -4.07603 2.78637 5.79238
    endloop
  endfacet
  facet normal -0.47448 0.513443 0.715014
    outer loop
      vertex -3.57392 3.34382 5.72528
      vertex -3.7253 3.39247 5.58989
      vertex -4.07603 2.78637 5.79238
    endloop
  endfacet
  facet normal -0.267756 0.441114 0.856578
    outer loop
      vertex -3.74142 2.68284 6.01331
      vertex -3.40373 3.26642 5.81834
      vertex -3.91962 2.74641 5.92487
    endloop
  endfacet
  facet normal -0.267761 0.441118 0.856574
    outer loop
      vertex -3.40373 3.26642 5.81834
      vertex -3.57392 3.34382 5.72528
      vertex -3.91962 2.74641 5.92487
    endloop
  endfacet
  facet normal -0.042593 0.338675 0.939939
    outer loop
      vertex -3.55359 2.6 6.05167
      vertex -3.22632 3.16556 5.86272
      vertex -3.74142 2.68284 6.01331
    endloop
  endfacet
  facet normal -0.0425907 0.338673 0.93994
    outer loop
      vertex -3.22632 3.16556 5.86272
      vertex -3.40373 3.26642 5.81834
      vertex -3.74142 2.68284 6.01331
    endloop
  endfacet
  facet normal 0.185752 0.212992 0.959234
    outer loop
      vertex -3.36892 2.50353 6.03733
      vertex -3.0538 3.0481 5.85539
      vertex -3.55359 2.6 6.05167
    endloop
  endfacet
  facet normal 0.185763 0.21298 0.959235
    outer loop
      vertex -3.0538 3.0481 5.85539
      vertex -3.22632 3.16556 5.86272
      vertex -3.55359 2.6 6.05167
    endloop
  endfacet
  facet normal 0.401518 0.0726664 0.912964
    outer loop
      vertex -3.2 2.4 5.97128
      vertex -2.89791 2.92205 5.79687
      vertex -3.36892 2.50353 6.03733
    endloop
  endfacet
  facet normal 0.401499 0.072691 0.91297
    outer loop
      vertex -2.89791 2.92205 5.79687
      vertex -3.0538 3.0481 5.85539
      vertex -3.36892 2.50353 6.03733
    endloop
  endfacet
  facet normal 0.589883 -0.0726595 0.804213
    outer loop
      vertex -3.05834 2.29647 5.85802
      vertex -2.76928 2.79601 5.69113
      vertex -3.2 2.4 5.97128
    endloop
  endfacet
  facet normal 0.589889 -0.0726709 0.804207
    outer loop
      vertex -2.76928 2.79601 5.69113
      vertex -2.89791 2.92205 5.79687
      vertex -3.2 2.4 5.97128
    endloop
  endfacet
  facet normal 0.737856 -0.212995 0.640469
    outer loop
      vertex -2.95359 2.2 5.70526
      vertex -2.67667 2.67855 5.54538
      vertex -3.05834 2.29647 5.85802
    endloop
  endfacet
  facet normal 0.737852 -0.212984 0.640478
    outer loop
      vertex -2.67667 2.67855 5.54538
      vertex -2.76928 2.79601 5.69113
      vertex -3.05834 2.29647 5.85802
    endloop
  endfacet
  facet normal 0.835306 -0.338664 0.433093
    outer loop
      vertex -2.89289 2.11716 5.52341
      vertex -2.6264 2.57769 5.36955
      vertex -2.95359 2.2 5.70526
    endloop
  endfacet
  facet normal 0.835307 -0.338672 0.433085
    outer loop
      vertex -2.6264 2.57769 5.36955
      vertex -2.67667 2.67855 5.54538
      vertex -2.95359 2.2 5.70526
    endloop
  endfacet
  facet normal 0.875702 -0.441099 0.196412
    outer loop
      vertex -2.88038 2.05359 5.32487
      vertex -2.6219 2.50029 5.17563
      vertex -2.89289 2.11716 5.52341
    endloop
  endfacet
  facet normal 0.875698 -0.441119 0.196386
    outer loop
      vertex -2.6219 2.50029 5.17563
      vertex -2.6264 2.57769 5.36955
      vertex -2.89289 2.11716 5.52341
    endloop
  endfacet
  facet normal 0.856454 -0.51345 -0.0534327
    outer loop
      vertex -2.91692 2.01363 5.12317
      vertex -2.66346 2.45164 4.97683
      vertex -2.88038 2.05359 5.32487
    endloop
  endfacet
  facet normal 0.856468 -0.513431 -0.0534024
    outer loop
      vertex -2.66346 2.45164 4.97683
      vertex -2.6219 2.50029 5.17563
      vertex -2.88038 2.05359 5.32487
    endloop
  endfacet
  facet normal 0.779077 -0.550826 -0.299382
    outer loop
      vertex -3 2 4.93205
      vertex -2.74826 2.43505 4.78671
      vertex -2.91692 2.01363 5.12317
    endloop
  endfacet
  facet normal 0.779051 -0.550844 -0.299417
    outer loop
      vertex -2.74826 2.43505 4.78671
      vertex -2.66346 2.45164 4.97683
      vertex -2.91692 2.01363 5.12317
    endloop
  endfacet
  facet normal 0.648812 -0.550843 -0.524991
    outer loop
      vertex -3.12397 2.01363 4.76454
      vertex -2.87051 2.45164 4.6182
      vertex -3 2 4.93205
    endloop
  endfacet
  facet normal 0.648851 -0.55083 -0.524956
    outer loop
      vertex -2.87051 2.45164 4.6182
      vertex -2.74826 2.43505 4.78671
      vertex -3 2 4.93205
    endloop
  endfacet
  facet normal 0.474488 -0.51344 -0.715011
    outer loop
      vertex -3.28038 2.05359 4.63205
      vertex -3.0219 2.50029 4.48281
      vertex -3.12397 2.01363 4.76454
    endloop
  endfacet
  facet normal 0.47446 -0.513444 -0.715027
    outer loop
      vertex -3.0219 2.50029 4.48281
      vertex -2.87051 2.45164 4.6182
      vertex -3.12397 2.01363 4.76454
    endloop
  endfacet
  facet normal 0.267762 -0.441103 -0.856582
    outer loop
      vertex -3.45858 2.11716 4.54361
      vertex -3.19209 2.57769 4.38976
      vertex -3.28038 2.05359 4.63205
    endloop
  endfacet
  facet normal 0.267728 -0.441102 -0.856593
    outer loop
      vertex -3.19209 2.57769 4.38976
      vertex -3.0219 2.50029 4.48281
      vertex -3.28038 2.05359 4.63205
    endloop
  endfacet
  facet normal 0.0425539 -0.338654 -0.939948
    outer loop
      vertex -3.64641 2.2 4.50526
      vertex -3.36949 2.67855 4.34538
      vertex -3.45858 2.11716 4.54361
    endloop
  endfacet
  facet normal 0.0426012 -0.33866 -0.939944
    outer loop
      vertex -3.36949 2.67855 4.34538
      vertex -3.19209 2.57769 4.38976
      vertex -3.45858 2.11716 4.54361
    endloop
  endfacet
  facet normal -0.185709 -0.213009 -0.959239
    outer loop
      vertex -3.83108 2.29647 4.51959
      vertex -3.54202 2.79601 4.3527
      vertex -3.64641 2.2 4.50526
    endloop
  endfacet
  facet normal -0.185715 -0.213007 -0.959238
    outer loop
      vertex -3.54202 2.79601 4.3527
      vertex -3.36949 2.67855 4.34538
      vertex -3.64641 2.2 4.50526
    endloop
  endfacet
  facet normal -0.401518 -0.0726664 -0.912964
    outer loop
      vertex -4 2.4 4.58564
      vertex -3.69791 2.92205 4.41123
      vertex -3.83108 2.29647 4.51959
    endloop
  endfacet
  facet normal -0.401527 -0.0726637 -0.91296
    outer loop
      vertex -3.69791 2.92205 4.41123
      vertex -3.54202 2.79601 4.3527
      vertex -3.83108 2.29647 4.51959
    endloop
  endfacet
  facet normal -0.58991 0.0726768 -0.804192
    outer loop
      vertex -4.14166 2.50353 4.69891
      vertex -3.82654 3.0481 4.51697
      vertex -4 2.4 4.58564
    endloop
  endfacet
  facet normal -0.589887 0.072669 -0.804209
    outer loop
      vertex -3.82654 3.0481 4.51697
      vertex -3.69791 2.92205 4.41123
      vertex -4 2.4 4.58564
    endloop
  endfacet
  facet normal -0.737856 0.212995 -0.640469
    outer loop
      vertex -4.24641 2.6 4.85167
      vertex -3.91914 3.16556 4.66272
      vertex -4.14166 2.50353 4.69891
    endloop
  endfacet
  facet normal -0.73787 0.213001 -0.640452
    outer loop
      vertex -3.91914 3.16556 4.66272
      vertex -3.82654 3.0481 4.51697
      vertex -4.14166 2.50353 4.69891
    endloop
  endfacet
  facet normal -0.835297 0.338661 -0.433113
    outer loop
      vertex -4.30711 2.68284 5.03351
      vertex -3.96941 3.26642 4.83854
      vertex -4.24641 2.6 4.85167
    endloop
  endfacet
  facet normal -0.835302 0.338663 -0.433103
    outer loop
      vertex -3.96941 3.26642 4.83854
      vertex -3.91914 3.16556 4.66272
      vertex -4.24641 2.6 4.85167
    endloop
  endfacet
  facet normal -0.875694 0.441112 -0.196416
    outer loop
      vertex -4.31962 2.74641 5.23205
      vertex -3.97392 3.34382 5.03246
      vertex -4.30711 2.68284 5.03351
    endloop
  endfacet
  facet normal -0.875692 0.441111 -0.196428
    outer loop
      vertex -3.97392 3.34382 5.03246
      vertex -3.96941 3.26642 4.83854
      vertex -4.30711 2.68284 5.03351
    endloop
  endfacet
  facet normal -0.856459 0.513442 0.0534351
    outer loop
      vertex -4.28308 2.78637 5.43375
      vertex -3.93236 3.39247 5.23126
      vertex -4.31962 2.74641 5.23205
    endloop
  endfacet
  facet normal -0.856461 0.513443 0.0533978
    outer loop
      vertex -3.93236 3.39247 5.23126
      vertex -3.97392 3.34382 5.03246
      vertex -4.31962 2.74641 5.23205
    endloop
  endfacet
  facet normal -0.77907 0.550838 0.299379
    outer loop
      vertex -4.2 2.8 5.62487
      vertex -3.84756 3.40906 5.42139
      vertex -4.28308 2.78637 5.43375
    endloop
  endfacet
  facet normal -0.779063 0.550833 0.299407
    outer loop
      vertex -3.84756 3.40906 5.42139
      vertex -3.93236 3.39247 5.23126
      vertex -4.28308 2.78637 5.43375
    endloop
  endfacet
  facet normal -0.580443 0.653724 0.485521
    outer loop
      vertex -3.7253 3.39247 5.58989
      vertex -3.30907 3.94052 5.34958
      vertex -3.84756 3.40906 5.42139
    endloop
  endfacet
  facet normal -0.58044 0.653722 0.485527
    outer loop
      vertex -3.30907 3.94052 5.34958
      vertex -3.42929 3.9598 5.1799
      vertex -3.84756 3.40906 5.42139
    endloop
  endfacet
  facet normal -0.410751 0.609345 0.67822
    outer loop
      vertex -3.57392 3.34382 5.72528
      vertex -3.16365 3.88401 5.48842
      vertex -3.7253 3.39247 5.58989
    endloop
  endfacet
  facet normal -0.410747 0.609342 0.678225
    outer loop
      vertex -3.16365 3.88401 5.48842
      vertex -3.30907 3.94052 5.34958
      vertex -3.7253 3.39247 5.58989
    endloop
  endfacet
  facet normal -0.213003 0.523514 0.824962
    outer loop
      vertex -3.40373 3.26642 5.81834
      vertex -3.00296 3.79411 5.58695
      vertex -3.57392 3.34382 5.72528
    endloop
  endfacet
  facet normal -0.21298 0.523491 0.824983
    outer loop
      vertex -3.00296 3.79411 5.58695
      vertex -3.16365 3.88401 5.48842
      vertex -3.57392 3.34382 5.72528
    endloop
  endfacet
  facet normal -0.000557476 0.401929 0.915671
    outer loop
      vertex -3.22632 3.16556 5.86272
      vertex -2.83793 3.67696 5.63848
      vertex -3.40373 3.26642 5.81834
    endloop
  endfacet
  facet normal -0.000577448 0.401952 0.915661
    outer loop
      vertex -2.83793 3.67696 5.63848
      vertex -3.00296 3.79411 5.58695
      vertex -3.40373 3.26642 5.81834
    endloop
  endfacet
  facet normal 0.212197 0.252758 0.943973
    outer loop
      vertex -3.0538 3.0481 5.85539
      vertex -2.67981 3.54052 5.63947
      vertex -3.22632 3.16556 5.86272
    endloop
  endfacet
  facet normal 0.212195 0.252761 0.943973
    outer loop
      vertex -2.67981 3.54052 5.63947
      vertex -2.83793 3.67696 5.63848
      vertex -3.22632 3.16556 5.86272
    endloop
  endfacet
  facet normal 0.410516 0.0862597 0.907764
    outer loop
      vertex -2.89791 2.92205 5.79687
      vertex -2.53939 3.39411 5.58988
      vertex -3.0538 3.0481 5.85539
    endloop
  endfacet
  facet normal 0.410518 0.0862572 0.907764
    outer loop
      vertex -2.53939 3.39411 5.58988
      vertex -2.67981 3.54052 5.63947
      vertex -3.0538 3.0481 5.85539
    endloop
  endfacet
  facet normal 0.580873 -0.08624 0.809413
    outer loop
      vertex -2.76928 2.79601 5.69113
      vertex -2.42622 3.2477 5.49306
      vertex -2.89791 2.92205 5.79687
    endloop
  endfacet
  facet normal 0.580879 -0.0862554 0.809407
    outer loop
      vertex -2.42622 3.2477 5.49306
      vertex -2.53939 3.39411 5.58988
      vertex -2.89791 2.92205 5.79687
    endloop
  endfacet
  facet normal 0.71142 -0.252761 0.655739
    outer loop
      vertex -2.67667 2.67855 5.54538
      vertex -2.34803 3.11127 5.35563
      vertex -2.76928 2.79601 5.69113
    endloop
  endfacet
  facet normal 0.711428 -0.252794 0.655717
    outer loop
      vertex -2.34803 3.11127 5.35563
      vertex -2.42622 3.2477 5.49306
      vertex -2.76928 2.79601 5.69113
    endloop
  endfacet
  facet normal 0.793268 -0.401935 0.457355
    outer loop
      vertex -2.6264 2.57769 5.36955
      vertex -2.31013 2.99411 5.18695
      vertex -2.67667 2.67855 5.54538
    endloop
  endfacet
  facet normal 0.793268 -0.401902 0.457385
    outer loop
      vertex -2.31013 2.99411 5.18695
      vertex -2.34803 3.11127 5.35563
      vertex -2.67667 2.67855 5.54538
    endloop
  endfacet
  facet normal 0.820933 -0.523528 0.228008
    outer loop
      vertex -2.6219 2.50029 5.17563
      vertex -2.31512 2.90421 4.99852
      vertex -2.6264 2.57769 5.36955
    endloop
  endfacet
  facet normal 0.820938 -0.523511 0.228027
    outer loop
      vertex -2.31512 2.90421 4.99852
      vertex -2.31013 2.99411 5.18695
      vertex -2.6264 2.57769 5.36955
    endloop
  endfacet
  facet normal 0.792722 -0.609357 -0.0166013
    outer loop
      vertex -2.66346 2.45164 4.97683
      vertex -2.36265 2.8477 4.80317
      vertex -2.6219 2.50029 5.17563
    endloop
  endfacet
  facet normal 0.792722 -0.609357 -0.0166024
    outer loop
      vertex -2.36265 2.8477 4.80317
      vertex -2.31512 2.90421 4.99852
      vertex -2.6219 2.50029 5.17563
    endloop
  endfacet
  facet normal 0.710674 -0.653738 -0.259939
    outer loop
      vertex -2.74826 2.43505 4.78671
      vertex -2.44949 2.82843 4.61421
      vertex -2.66346 2.45164 4.97683
    endloop
  endfacet
  facet normal 0.710676 -0.653737 -0.259937
    outer loop
      vertex -2.44949 2.82843 4.61421
      vertex -2.36265 2.8477 4.80317
      vertex -2.66346 2.45164 4.97683
    endloop
  endfacet
  facet normal 0.580474 -0.653727 -0.48548
    outer loop
      vertex -2.87051 2.45164 4.6182
      vertex -2.56971 2.8477 4.44454
      vertex -2.74826 2.43505 4.78671
    endloop
  endfacet
  facet normal 0.580433 -0.653738 -0.485514
    outer loop
      vertex -2.56971 2.8477 4.44454
      vertex -2.44949 2.82843 4.61421
      vertex -2.74826 2.43505 4.78671
    endloop
  endfacet
  facet normal 0.410734 -0.609345 -0.678231
    outer loop
      vertex -3.0219 2.50029 4.48281
      vertex -2.71512 2.90421 4.3057
      vertex -2.87051 2.45164 4.6182
    endloop
  endfacet
  facet normal 0.410764 -0.609343 -0.678214
    outer loop
      vertex -2.71512 2.90421 4.3057
      vertex -2.56971 2.8477 4.44454
      vertex -2.87051 2.45164 4.6182
    endloop
  endfacet
  facet normal 0.212969 -0.523502 -0.824979
    outer loop
      vertex -3.19209 2.57769 4.38976
      vertex -2.87582 2.99411 4.20716
      vertex -3.0219 2.50029 4.48281
    endloop
  endfacet
  facet normal 0.213001 -0.523506 -0.824968
    outer loop
      vertex -2.87582 2.99411 4.20716
      vertex -2.71512 2.90421 4.3057
      vertex -3.0219 2.50029 4.48281
    endloop
  endfacet
  facet normal 0.000549248 -0.401941 -0.915665
    outer loop
      vertex -3.36949 2.67855 4.34538
      vertex -3.04085 3.11127 4.15563
      vertex -3.19209 2.57769 4.38976
    endloop
  endfacet
  facet normal 0.000560141 -0.401944 -0.915664
    outer loop
      vertex -3.04085 3.11127 4.15563
      vertex -2.87582 2.99411 4.20716
      vertex -3.19209 2.57769 4.38976
    endloop
  endfacet
  facet normal -0.212152 -0.25279 -0.943975
    outer loop
      vertex -3.54202 2.79601 4.3527
      vertex -3.19896 3.2477 4.15464
      vertex -3.36949 2.67855 4.34538
    endloop
  endfacet
  facet normal -0.212202 -0.252773 -0.943968
    outer loop
      vertex -3.19896 3.2477 4.15464
      vertex -3.04085 3.11127 4.15563
      vertex -3.36949 2.67855 4.34538
    endloop
  endfacet
  facet normal -0.410544 -0.086234 -0.907754
    outer loop
      vertex -3.69791 2.92205 4.41123
      vertex -3.33939 3.39411 4.20424
      vertex -3.54202 2.79601 4.3527
    endloop
  endfacet
  facet normal -0.410533 -0.0862391 -0.907759
    outer loop
      vertex -3.33939 3.39411 4.20424
      vertex -3.19896 3.2477 4.15464
      vertex -3.54202 2.79601 4.3527
    endloop
  endfacet
  facet normal -0.580866 0.0862443 -0.809418
    outer loop
      vertex -3.82654 3.0481 4.51697
      vertex -3.45255 3.54052 4.30105
      vertex -3.69791 2.92205 4.41123
    endloop
  endfacet
  facet normal -0.580873 0.0862482 -0.809412
    outer loop
      vertex -3.45255 3.54052 4.30105
      vertex -3.33939 3.39411 4.20424
      vertex -3.69791 2.92205 4.41123
    endloop
  endfacet
  facet normal -0.711431 0.252786 -0.655717
    outer loop
      vertex -3.91914 3.16556 4.66272
      vertex -3.53075 3.67696 4.43848
      vertex -3.82654 3.0481 4.51697
    endloop
  endfacet
  facet normal -0.711406 0.25277 -0.655751
    outer loop
      vertex -3.53075 3.67696 4.43848
      vertex -3.45255 3.54052 4.30105
      vertex -3.82654 3.0481 4.51697
    endloop
  endfacet
  facet normal -0.793265 0.401922 -0.457373
    outer loop
      vertex -3.96941 3.26642 4.83854
      vertex -3.56864 3.79411 4.60716
      vertex -3.91914 3.16556 4.66272
    endloop
  endfacet
  facet normal -0.793279 0.401933 -0.457338
    outer loop
      vertex -3.56864 3.79411 4.60716
      vertex -3.53075 3.67696 4.43848
      vertex -3.91914 3.16556 4.66272
    endloop
  endfacet
  facet normal -0.820938 0.523505 -0.228041
    outer loop
      vertex -3.97392 3.34382 5.03246
      vertex -3.56365 3.88401 4.7956
      vertex -3.96941 3.26642 4.83854
    endloop
  endfacet
  facet normal -0.820942 0.52351 -0.228015
    outer loop
      vertex -3.56365 3.88401 4.7956
      vertex -3.56864 3.79411 4.60716
      vertex -3.96941 3.26642 4.83854
    endloop
  endfacet
  facet normal -0.792727 0.609351 0.0166037
    outer loop
      vertex -3.93236 3.39247 5.23126
      vertex -3.51612 3.94052 4.99095
      vertex -3.97392 3.34382 5.03246
    endloop
  endfacet
  facet normal -0.792727 0.609351 0.0166055
    outer loop
      vertex -3.51612 3.94052 4.99095
      vertex -3.56365 3.88401 4.7956
      vertex -3.97392 3.34382 5.03246
    endloop
  endfacet
  facet normal -0.71069 0.653723 0.259934
    outer loop
      vertex -3.84756 3.40906 5.42139
      vertex -3.42929 3.9598 5.1799
      vertex -3.93236 3.39247 5.23126
    endloop
  endfacet
  facet normal -0.710701 0.653729 0.25989
    outer loop
      vertex -3.42929 3.9598 5.1799
      vertex -3.51612 3.94052 4.99095
      vertex -3.93236 3.39247 5.23126
    endloop
  endfacet
  facet normal -0.501012 0.745436 0.439673
    outer loop
      vertex -3.30907 3.94052 5.34958
      vertex -2.83444 4.42115 5.07555
      vertex -3.42929 3.9598 5.1799
    endloop
  endfacet
  facet normal -0.501012 0.745436 0.439674
    outer loop
      vertex -2.83444 4.42115 5.07555
      vertex -2.95234 4.44278 4.90453
      vertex -3.42929 3.9598 5.1799
    endloop
  endfacet
  facet normal -0.336718 0.694827 0.635481
    outer loop
      vertex -3.16365 3.88401 5.48842
      vertex -2.69583 4.35775 5.21832
      vertex -3.30907 3.94052 5.34958
    endloop
  endfacet
  facet normal -0.336726 0.694834 0.63547
    outer loop
      vertex -2.69583 4.35775 5.21832
      vertex -2.83444 4.42115 5.07555
      vertex -3.30907 3.94052 5.34958
    endloop
  endfacet
  facet normal -0.149378 0.59693 0.788264
    outer loop
      vertex -3.00296 3.79411 5.58695
      vertex -2.54596 4.25688 5.32311
      vertex -3.16365 3.88401 5.48842
    endloop
  endfacet
  facet normal -0.149385 0.596938 0.788257
    outer loop
      vertex -2.54596 4.25688 5.32311
      vertex -2.69583 4.35775 5.21832
      vertex -3.16365 3.88401 5.48842
    endloop
  endfacet
  facet normal 0.048252 0.458337 0.887468
    outer loop
      vertex -2.83793 3.67696 5.63848
      vertex -2.39504 4.12544 5.38278
      vertex -3.00296 3.79411 5.58695
    endloop
  endfacet
  facet normal 0.0482691 0.458313 0.887479
    outer loop
      vertex -2.39504 4.12544 5.38278
      vertex -2.54596 4.25688 5.32311
      vertex -3.00296 3.79411 5.58695
    endloop
  endfacet
  facet normal 0.242902 0.28822 0.926244
    outer loop
      vertex -2.67981 3.54052 5.63947
      vertex -2.25336 3.97236 5.39326
      vertex -2.83793 3.67696 5.63848
    endloop
  endfacet
  facet normal 0.2429 0.288223 0.926243
    outer loop
      vertex -2.25336 3.97236 5.39326
      vertex -2.39504 4.12544 5.38278
      vertex -2.83793 3.67696 5.63848
    endloop
  endfacet
  facet normal 0.420998 0.0983576 0.901713
    outer loop
      vertex -2.53939 3.39411 5.58988
      vertex -2.13057 3.8081 5.35385
      vertex -2.67981 3.54052 5.63947
    endloop
  endfacet
  facet normal 0.420995 0.0983647 0.901714
    outer loop
      vertex -2.13057 3.8081 5.35385
      vertex -2.25336 3.97236 5.39326
      vertex -2.67981 3.54052 5.63947
    endloop
  endfacet
  facet normal 0.570395 -0.0983616 0.815459
    outer loop
      vertex -2.42622 3.2477 5.49306
      vertex -2.03504 3.64383 5.26722
      vertex -2.53939 3.39411 5.58988
    endloop
  endfacet
  facet normal 0.57039 -0.0983411 0.815466
    outer loop
      vertex -2.03504 3.64383 5.26722
      vertex -2.13057 3.8081 5.35385
      vertex -2.53939 3.39411 5.58988
    endloop
  endfacet
  facet normal 0.680705 -0.288269 0.673455
    outer loop
      vertex -2.34803 3.11127 5.35563
      vertex -1.97328 3.49075 5.13928
      vertex -2.42622 3.2477 5.49306
    endloop
  endfacet
  facet normal 0.680702 -0.28824 0.673471
    outer loop
      vertex -1.97328 3.49075 5.13928
      vertex -2.03504 3.64383 5.26722
      vertex -2.42622 3.2477 5.49306
    endloop
  endfacet
  facet normal 0.74444 -0.458285 0.485576
    outer loop
      vertex -2.31013 2.99411 5.18695
      vertex -1.9495 3.35931 4.97874
      vertex -2.34803 3.11127 5.35563
    endloop
  endfacet
  facet normal 0.744434 -0.458343 0.485531
    outer loop
      vertex -1.9495 3.35931 4.97874
      vertex -1.97328 3.49075 5.13928
      vertex -2.34803 3.11127 5.35563
    endloop
  endfacet
  facet normal 0.757349 -0.596937 0.264743
    outer loop
      vertex -2.31512 2.90421 4.99852
      vertex -1.96532 3.25844 4.79656
      vertex -2.31013 2.99411 5.18695
    endloop
  endfacet
  facet normal 0.75735 -0.596934 0.264746
    outer loop
      vertex -1.96532 3.25844 4.79656
      vertex -1.9495 3.35931 4.97874
      vertex -2.31013 2.99411 5.18695
    endloop
  endfacet
  facet normal 0.718704 -0.694825 0.0261304
    outer loop
      vertex -2.36265 2.8477 4.80317
      vertex -2.01965 3.19504 4.60513
      vertex -2.31512 2.90421 4.99852
    endloop
  endfacet
  facet normal 0.71871 -0.694818 0.02614
    outer loop
      vertex -2.01965 3.19504 4.60513
      vertex -1.96532 3.25844 4.79656
      vertex -2.31512 2.90421 4.99852
    endloop
  endfacet
  facet normal 0.631253 -0.745445 -0.214084
    outer loop
      vertex -2.44949 2.82843 4.61421
      vertex -2.10881 3.17341 4.41752
      vertex -2.36265 2.8477 4.80317
    endloop
  endfacet
  facet normal 0.631272 -0.745435 -0.214063
    outer loop
      vertex -2.10881 3.17341 4.41752
      vertex -2.01965 3.19504 4.60513
      vertex -2.36265 2.8477 4.80317
    endloop
  endfacet
  facet normal 0.50102 -0.745438 -0.439661
    outer loop
      vertex -2.56971 2.8477 4.44454
      vertex -2.22671 3.19504 4.2465
      vertex -2.44949 2.82843 4.61421
    endloop
  endfacet
  facet normal 0.501007 -0.74544 -0.439671
    outer loop
      vertex -2.22671 3.19504 4.2465
      vertex -2.10881 3.17341 4.41752
      vertex -2.44949 2.82843 4.61421
    endloop
  endfacet
  facet normal 0.336732 -0.694828 -0.635472
    outer loop
      vertex -2.71512 2.90421 4.3057
      vertex -2.36532 3.25844 4.10374
      vertex -2.56971 2.8477 4.44454
    endloop
  endfacet
  facet normal 0.336703 -0.694827 -0.635489
    outer loop
      vertex -2.36532 3.25844 4.10374
      vertex -2.22671 3.19504 4.2465
      vertex -2.56971 2.8477 4.44454
    endloop
  endfacet
  facet normal 0.149406 -0.596939 -0.788252
    outer loop
      vertex -2.87582 2.99411 4.20716
      vertex -2.51519 3.35931 3.99895
      vertex -2.71512 2.90421 4.3057
    endloop
  endfacet
  facet normal 0.149388 -0.596935 -0.788258
    outer loop
      vertex -2.51519 3.35931 3.99895
      vertex -2.36532 3.25844 4.10374
      vertex -2.71512 2.90421 4.3057
    endloop
  endfacet
  facet normal -0.0482594 -0.458314 -0.887479
    outer loop
      vertex -3.04085 3.11127 4.15563
      vertex -2.6661 3.49075 3.93928
      vertex -2.87582 2.99411 4.20716
    endloop
  endfacet
  facet normal -0.0482694 -0.45831 -0.887481
    outer loop
      vertex -2.6661 3.49075 3.93928
      vertex -2.51519 3.35931 3.99895
      vertex -2.87582 2.99411 4.20716
    endloop
  endfacet
  facet normal -0.242902 -0.288223 -0.926243
    outer loop
      vertex -3.19896 3.2477 4.15464
      vertex -2.80778 3.64383 3.92879
      vertex -3.04085 3.11127 4.15563
    endloop
  endfacet
  facet normal -0.242858 -0.288244 -0.926248
    outer loop
      vertex -2.80778 3.64383 3.92879
      vertex -2.6661 3.49075 3.93928
      vertex -3.04085 3.11127 4.15563
    endloop
  endfacet
  facet normal -0.421012 -0.0983404 -0.901708
    outer loop
      vertex -3.33939 3.39411 4.20424
      vertex -2.93057 3.8081 3.96821
      vertex -3.19896 3.2477 4.15464
    endloop
  endfacet
  facet normal -0.421027 -0.0983312 -0.901702
    outer loop
      vertex -2.93057 3.8081 3.96821
      vertex -2.80778 3.64383 3.92879
      vertex -3.19896 3.2477 4.15464
    endloop
  endfacet
  facet normal -0.570395 0.0983468 -0.815462
    outer loop
      vertex -3.45255 3.54052 4.30105
      vertex -3.0261 3.97236 4.05484
      vertex -3.33939 3.39411 4.20424
    endloop
  endfacet
  facet normal -0.570392 0.0983446 -0.815464
    outer loop
      vertex -3.0261 3.97236 4.05484
      vertex -2.93057 3.8081 3.96821
      vertex -3.33939 3.39411 4.20424
    endloop
  endfacet
  facet normal -0.680703 0.288222 -0.673477
    outer loop
      vertex -3.53075 3.67696 4.43848
      vertex -3.08787 4.12544 4.18278
      vertex -3.45255 3.54052 4.30105
    endloop
  endfacet
  facet normal -0.680694 0.288214 -0.67349
    outer loop
      vertex -3.08787 4.12544 4.18278
      vertex -3.0261 3.97236 4.05484
      vertex -3.45255 3.54052 4.30105
    endloop
  endfacet
  facet normal -0.744447 0.458321 -0.485531
    outer loop
      vertex -3.56864 3.79411 4.60716
      vertex -3.11165 4.25688 4.34331
      vertex -3.53075 3.67696 4.43848
    endloop
  endfacet
  facet normal -0.744443 0.458317 -0.485542
    outer loop
      vertex -3.11165 4.25688 4.34331
      vertex -3.08787 4.12544 4.18278
      vertex -3.53075 3.67696 4.43848
    endloop
  endfacet
  facet normal -0.757346 0.596946 -0.264733
    outer loop
      vertex -3.56365 3.88401 4.7956
      vertex -3.09583 4.35775 4.5255
      vertex -3.56864 3.79411 4.60716
    endloop
  endfacet
  facet normal -0.757345 0.596944 -0.264738
    outer loop
      vertex -3.09583 4.35775 4.5255
      vertex -3.11165 4.25688 4.34331
      vertex -3.56864 3.79411 4.60716
    endloop
  endfacet
  facet normal -0.7187 0.694829 -0.0261324
    outer loop
      vertex -3.51612 3.94052 4.99095
      vertex -3.04149 4.42115 4.71692
      vertex -3.56365 3.88401 4.7956
    endloop
  endfacet
  facet normal -0.718699 0.694831 -0.026111
    outer loop
      vertex -3.04149 4.42115 4.71692
      vertex -3.09583 4.35775 4.5255
      vertex -3.56365 3.88401 4.7956
    endloop
  endfacet
  facet normal -0.631282 0.745433 0.214037
    outer loop
      vertex -3.42929 3.9598 5.1799
      vertex -2.95234 4.44278 4.90453
      vertex -3.51612 3.94052 4.99095
    endloop
  endfacet
  facet normal -0.631283 0.745434 0.214035
    outer loop
      vertex -2.95234 4.44278 4.90453
      vertex -3.04149 4.42115 4.71692
      vertex -3.51612 3.94052 4.99095
    endloop
  endfacet
  facet normal -0.411911 0.824381 0.388233
    outer loop
      vertex -2.83444 4.42115 5.07555
      vertex -2.30954 4.82614 4.7725
      vertex -2.95234 4.44278 4.90453
    endloop
  endfacet
  facet normal -0.411926 0.824393 0.388192
    outer loop
      vertex -2.30954 4.82614 4.7725
      vertex -2.42487 4.84974 4.6
      vertex -2.95234 4.44278 4.90453
    endloop
  endfacet
  facet normal -0.253671 0.768425 0.587515
    outer loop
      vertex -2.69583 4.35775 5.21832
      vertex -2.17846 4.75692 4.91962
      vertex -2.83444 4.42115 5.07555
    endloop
  endfacet
  facet normal -0.253658 0.768411 0.58754
    outer loop
      vertex -2.17846 4.75692 4.91962
      vertex -2.30954 4.82614 4.7725
      vertex -2.83444 4.42115 5.07555
    endloop
  endfacet
  facet normal -0.0780317 0.660158 0.747063
    outer loop
      vertex -2.54596 4.25688 5.32311
      vertex -2.04057 4.64682 5.03132
      vertex -2.69583 4.35775 5.21832
    endloop
  endfacet
  facet normal -0.0780402 0.66017 0.747051
    outer loop
      vertex -2.04057 4.64682 5.03132
      vertex -2.17846 4.75692 4.91962
      vertex -2.69583 4.35775 5.21832
    endloop
  endfacet
  facet normal 0.103061 0.506863 0.855844
    outer loop
      vertex -2.39504 4.12544 5.38278
      vertex -1.90526 4.50333 5.1
      vertex -2.54596 4.25688 5.32311
    endloop
  endfacet
  facet normal 0.103072 0.506842 0.855855
    outer loop
      vertex -1.90526 4.50333 5.1
      vertex -2.04057 4.64682 5.03132
      vertex -2.54596 4.25688 5.32311
    endloop
  endfacet
  facet normal 0.277346 0.318742 0.906357
    outer loop
      vertex -2.25336 3.97236 5.39326
      vertex -1.78175 4.33624 5.12098
      vertex -2.39504 4.12544 5.38278
    endloop
  endfacet
  facet normal 0.277323 0.318794 0.906346
    outer loop
      vertex -1.78175 4.33624 5.12098
      vertex -1.90526 4.50333 5.1
      vertex -2.39504 4.12544 5.38278
    endloop
  endfacet
  facet normal 0.432758 0.108788 0.894922
    outer loop
      vertex -2.13057 3.8081 5.35385
      vertex -1.67846 4.15692 5.09282
      vertex -2.25336 3.97236 5.39326
    endloop
  endfacet
  facet normal 0.432771 0.108744 0.894921
    outer loop
      vertex -1.67846 4.15692 5.09282
      vertex -1.78175 4.33624 5.12098
      vertex -2.25336 3.97236 5.39326
    endloop
  endfacet
  facet normal 0.558639 -0.108752 0.82225
    outer loop
      vertex -2.03504 3.64383 5.26722
      vertex -1.60243 3.97761 5.01745
      vertex -2.13057 3.8081 5.35385
    endloop
  endfacet
  facet normal 0.558638 -0.108749 0.822251
    outer loop
      vertex -1.60243 3.97761 5.01745
      vertex -1.67846 4.15692 5.09282
      vertex -2.13057 3.8081 5.35385
    endloop
  endfacet
  facet normal 0.646262 -0.318753 0.693355
    outer loop
      vertex -1.97328 3.49075 5.13928
      vertex -1.55885 3.81051 4.9
      vertex -2.03504 3.64383 5.26722
    endloop
  endfacet
  facet normal 0.646262 -0.318784 0.693341
    outer loop
      vertex -1.55885 3.81051 4.9
      vertex -1.60243 3.97761 5.01745
      vertex -2.03504 3.64383 5.26722
    endloop
  endfacet
  facet normal 0.689651 -0.506882 0.517158
    outer loop
      vertex -1.9495 3.35931 4.97874
      vertex -1.55067 3.66702 4.74848
      vertex -1.97328 3.49075 5.13928
    endloop
  endfacet
  facet normal 0.689663 -0.506825 0.517197
    outer loop
      vertex -1.55067 3.66702 4.74848
      vertex -1.55885 3.81051 4.9
      vertex -1.97328 3.49075 5.13928
    endloop
  endfacet
  facet normal 0.68599 -0.660161 0.305951
    outer loop
      vertex -1.96532 3.25844 4.79656
      vertex -1.57846 3.55692 4.5732
      vertex -1.9495 3.35931 4.97874
    endloop
  endfacet
  facet normal 0.685977 -0.660184 0.305928
    outer loop
      vertex -1.57846 3.55692 4.5732
      vertex -1.55067 3.66702 4.74848
      vertex -1.9495 3.35931 4.97874
    endloop
  endfacet
  facet normal 0.635653 -0.768412 0.074086
    outer loop
      vertex -2.01965 3.19504 4.60513
      vertex -1.64033 3.48771 4.38613
      vertex -1.96532 3.25844 4.79656
    endloop
  endfacet
  facet normal 0.635639 -0.768425 0.0740672
    outer loop
      vertex -1.64033 3.48771 4.38613
      vertex -1.57846 3.55692 4.5732
      vertex -1.96532 3.25844 4.79656
    endloop
  endfacet
  facet normal 0.54217 -0.824384 -0.162616
    outer loop
      vertex -2.10881 3.17341 4.41752
      vertex -1.73205 3.4641 4.2
      vertex -2.01965 3.19504 4.60513
    endloop
  endfacet
  facet normal 0.542182 -0.824378 -0.162603
    outer loop
      vertex -1.73205 3.4641 4.2
      vertex -1.64033 3.48771 4.38613
      vertex -2.01965 3.19504 4.60513
    endloop
  endfacet
  facet normal 0.411909 -0.824383 -0.388232
    outer loop
      vertex -2.22671 3.19504 4.2465
      vertex -1.84738 3.48771 4.0275
      vertex -2.10881 3.17341 4.41752
    endloop
  endfacet
  facet normal 0.411912 -0.824382 -0.388229
    outer loop
      vertex -1.84738 3.48771 4.0275
      vertex -1.73205 3.4641 4.2
      vertex -2.10881 3.17341 4.41752
    endloop
  endfacet
  facet normal 0.253649 -0.768419 -0.587532
    outer loop
      vertex -2.36532 3.25844 4.10374
      vertex -1.97846 3.55692 3.88038
      vertex -2.22671 3.19504 4.2465
    endloop
  endfacet
  facet normal 0.253681 -0.768423 -0.587514
    outer loop
      vertex -1.97846 3.55692 3.88038
      vertex -1.84738 3.48771 4.0275
      vertex -2.22671 3.19504 4.2465
    endloop
  endfacet
  facet normal 0.0780177 -0.660169 -0.747054
    outer loop
      vertex -2.51519 3.35931 3.99895
      vertex -2.11635 3.66702 3.76868
      vertex -2.36532 3.25844 4.10374
    endloop
  endfacet
  facet normal 0.0780338 -0.660174 -0.747048
    outer loop
      vertex -2.11635 3.66702 3.76868
      vertex -1.97846 3.55692 3.88038
      vertex -2.36532 3.25844 4.10374
    endloop
  endfacet
  facet normal -0.103064 -0.50686 -0.855845
    outer loop
      vertex -2.6661 3.49075 3.93928
      vertex -2.25167 3.81051 3.7
      vertex -2.51519 3.35931 3.99895
    endloop
  endfacet
  facet normal -0.10308 -0.506853 -0.855847
    outer loop
      vertex -2.25167 3.81051 3.7
      vertex -2.11635 3.66702 3.76868
      vertex -2.51519 3.35931 3.99895
    endloop
  endfacet
  facet normal -0.277328 -0.318784 -0.906348
    outer loop
      vertex -2.80778 3.64383 3.92879
      vertex -2.37517 3.97761 3.67902
      vertex -2.6661 3.49075 3.93928
    endloop
  endfacet
  facet normal -0.277344 -0.318774 -0.906346
    outer loop
      vertex -2.37517 3.97761 3.67902
      vertex -2.25167 3.81051 3.7
      vertex -2.6661 3.49075 3.93928
    endloop
  endfacet
  facet normal -0.432784 -0.108748 -0.894914
    outer loop
      vertex -2.93057 3.8081 3.96821
      vertex -2.47846 4.15692 3.70718
      vertex -2.80778 3.64383 3.92879
    endloop
  endfacet
  facet normal -0.432777 -0.108754 -0.894917
    outer loop
      vertex -2.47846 4.15692 3.70718
      vertex -2.37517 3.97761 3.67902
      vertex -2.80778 3.64383 3.92879
    endloop
  endfacet
  facet normal -0.558645 0.108753 -0.822246
    outer loop
      vertex -3.0261 3.97236 4.05484
      vertex -2.55449 4.33624 3.78255
      vertex -2.93057 3.8081 3.96821
    endloop
  endfacet
  facet normal -0.558636 0.108745 -0.822253
    outer loop
      vertex -2.55449 4.33624 3.78255
      vertex -2.47846 4.15692 3.70718
      vertex -2.93057 3.8081 3.96821
    endloop
  endfacet
  facet normal -0.646242 0.31874 -0.69338
    outer loop
      vertex -3.08787 4.12544 4.18278
      vertex -2.59808 4.50333 3.9
      vertex -3.0261 3.97236 4.05484
    endloop
  endfacet
  facet normal -0.646264 0.318768 -0.693347
    outer loop
      vertex -2.59808 4.50333 3.9
      vertex -2.55449 4.33624 3.78255
      vertex -3.0261 3.97236 4.05484
    endloop
  endfacet
  facet normal -0.689655 0.506861 -0.517173
    outer loop
      vertex -3.11165 4.25688 4.34331
      vertex -2.60625 4.64682 4.05152
      vertex -3.08787 4.12544 4.18278
    endloop
  endfacet
  facet normal -0.689652 0.506857 -0.517181
    outer loop
      vertex -2.60625 4.64682 4.05152
      vertex -2.59808 4.50333 3.9
      vertex -3.08787 4.12544 4.18278
    endloop
  endfacet
  facet normal -0.685985 0.660171 -0.30594
    outer loop
      vertex -3.09583 4.35775 4.5255
      vertex -2.57846 4.75692 4.22679
      vertex -3.11165 4.25688 4.34331
    endloop
  endfacet
  facet normal -0.685985 0.660172 -0.305936
    outer loop
      vertex -2.57846 4.75692 4.22679
      vertex -2.60625 4.64682 4.05152
      vertex -3.11165 4.25688 4.34331
    endloop
  endfacet
  facet normal -0.635648 0.768418 -0.07406
    outer loop
      vertex -3.04149 4.42115 4.71692
      vertex -2.5166 4.82614 4.41387
      vertex -3.09583 4.35775 4.5255
    endloop
  endfacet
  facet normal -0.635653 0.768408 -0.074127
    outer loop
      vertex -2.5166 4.82614 4.41387
      vertex -2.57846 4.75692 4.22679
      vertex -3.09583 4.35775 4.5255
    endloop
  endfacet
  facet normal -0.542172 0.824387 0.162588
    outer loop
      vertex -2.95234 4.44278 4.90453
      vertex -2.42487 4.84974 4.6
      vertex -3.04149 4.42115 4.71692
    endloop
  endfacet
  facet normal -0.542156 0.824383 0.162663
    outer loop
      vertex -2.42487 4.84974 4.6
      vertex -2.5166 4.82614 4.41387
      vertex -3.04149 4.42115 4.71692
    endloop
  endfacet
  facet normal -0.314654 0.889241 0.33203
    outer loop
      vertex -2.30954 4.82614 4.7725
      vertex -1.74335 5.14854 4.44561
      vertex -2.42487 4.84974 4.6
    endloop
  endfacet
  facet normal -0.314632 0.889224 0.332095
    outer loop
      vertex -1.74335 5.14854 4.44561
      vertex -1.85592 5.17373 4.27151
      vertex -2.42487 4.84974 4.6
    endloop
  endfacet
  facet normal -0.162985 0.828857 0.535193
    outer loop
      vertex -2.17846 4.75692 4.91962
      vertex -1.6204 5.0747 4.59742
      vertex -2.30954 4.82614 4.7725
    endloop
  endfacet
  facet normal -0.162995 0.82887 0.535169
    outer loop
      vertex -1.6204 5.0747 4.59742
      vertex -1.74335 5.14854 4.44561
      vertex -2.30954 4.82614 4.7725
    endloop
  endfacet
  facet normal -0.000151285 0.712096 0.702082
    outer loop
      vertex -2.04057 4.64682 5.03132
      vertex -1.49542 4.95725 4.71658
      vertex -2.17846 4.75692 4.91962
    endloop
  endfacet
  facet normal -0.000161908 0.712114 0.702064
    outer loop
      vertex -1.49542 4.95725 4.71658
      vertex -1.6204 5.0747 4.59742
      vertex -2.17846 4.75692 4.91962
    endloop
  endfacet
  facet normal 0.162874 0.546709 0.821329
    outer loop
      vertex -1.90526 4.50333 5.1
      vertex -1.37694 4.80417 4.79498
      vertex -2.04057 4.64682 5.03132
    endloop
  endfacet
  facet normal 0.162875 0.546706 0.821331
    outer loop
      vertex -1.37694 4.80417 4.79498
      vertex -1.49542 4.95725 4.71658
      vertex -2.04057 4.64682 5.03132
    endloop
  endfacet
  facet normal 0.314937 0.343871 0.884628
    outer loop
      vertex -1.78175 4.33624 5.12098
      vertex -1.27304 4.62592 4.82727
      vertex -1.90526 4.50333 5.1
    endloop
  endfacet
  facet normal 0.314949 0.343833 0.884639
    outer loop
      vertex -1.27304 4.62592 4.82727
      vertex -1.37694 4.80417 4.79498
      vertex -1.90526 4.50333 5.1
    endloop
  endfacet
  facet normal 0.445611 0.117304 0.887508
    outer loop
      vertex -1.67846 4.15692 5.09282
      vertex -1.19079 4.43462 4.81126
      vertex -1.78175 4.33624 5.12098
    endloop
  endfacet
  facet normal 0.445609 0.117315 0.887507
    outer loop
      vertex -1.19079 4.43462 4.81126
      vertex -1.27304 4.62592 4.82727
      vertex -1.78175 4.33624 5.12098
    endloop
  endfacet
  facet normal 0.545809 -0.117303 0.829658
    outer loop
      vertex -1.60243 3.97761 5.01745
      vertex -1.13579 4.24333 4.74803
      vertex -1.67846 4.15692 5.09282
    endloop
  endfacet
  facet normal 0.545809 -0.117307 0.829657
    outer loop
      vertex -1.13579 4.24333 4.74803
      vertex -1.19079 4.43462 4.81126
      vertex -1.67846 4.15692 5.09282
    endloop
  endfacet
  facet normal 0.608647 -0.343859 0.715059
    outer loop
      vertex -1.55885 3.81051 4.9
      vertex -1.11181 4.06507 4.6419
      vertex -1.60243 3.97761 5.01745
    endloop
  endfacet
  facet normal 0.608648 -0.343848 0.715064
    outer loop
      vertex -1.11181 4.06507 4.6419
      vertex -1.13579 4.24333 4.74803
      vertex -1.60243 3.97761 5.01745
    endloop
  endfacet
  facet normal 0.629862 -0.546694 0.551725
    outer loop
      vertex -1.55067 3.66702 4.74848
      vertex -1.12047 3.912 4.5001
      vertex -1.55885 3.81051 4.9
    endloop
  endfacet
  facet normal 0.629852 -0.546722 0.551708
    outer loop
      vertex -1.12047 3.912 4.5001
      vertex -1.11181 4.06507 4.6419
      vertex -1.55885 3.81051 4.9
    endloop
  endfacet
  facet normal 0.608097 -0.712106 0.350889
    outer loop
      vertex -1.57846 3.55692 4.5732
      vertex -1.16118 3.79454 4.33228
      vertex -1.55067 3.66702 4.74848
    endloop
  endfacet
  facet normal 0.608102 -0.712099 0.350896
    outer loop
      vertex -1.16118 3.79454 4.33228
      vertex -1.12047 3.912 4.5001
      vertex -1.55067 3.66702 4.74848
    endloop
  endfacet
  facet normal 0.544965 -0.828873 0.12642
    outer loop
      vertex -1.64033 3.48771 4.38613
      vertex -1.23116 3.7207 4.1499
      vertex -1.57846 3.55692 4.5732
    endloop
  endfacet
  facet normal 0.544997 -0.828847 0.126456
    outer loop
      vertex -1.23116 3.7207 4.1499
      vertex -1.16118 3.79454 4.33228
      vertex -1.57846 3.55692 4.5732
    endloop
  endfacet
  facet normal 0.444908 -0.889228 -0.106443
    outer loop
      vertex -1.73205 3.4641 4.2
      vertex -1.32565 3.69552 3.96537
      vertex -1.64033 3.48771 4.38613
    endloop
  endfacet
  facet normal 0.444884 -0.889238 -0.106465
    outer loop
      vertex -1.32565 3.69552 3.96537
      vertex -1.23116 3.7207 4.1499
      vertex -1.64033 3.48771 4.38613
    endloop
  endfacet
  facet normal 0.314638 -0.889232 -0.332069
    outer loop
      vertex -1.84738 3.48771 4.0275
      vertex -1.43822 3.7207 3.79127
      vertex -1.73205 3.4641 4.2
    endloop
  endfacet
  facet normal 0.314653 -0.889231 -0.332058
    outer loop
      vertex -1.43822 3.7207 3.79127
      vertex -1.32565 3.69552 3.96537
      vertex -1.73205 3.4641 4.2
    endloop
  endfacet
  facet normal 0.163015 -0.828868 -0.535168
    outer loop
      vertex -1.97846 3.55692 3.88038
      vertex -1.56118 3.79454 3.63946
      vertex -1.84738 3.48771 4.0275
    endloop
  endfacet
  facet normal 0.162997 -0.828864 -0.535179
    outer loop
      vertex -1.56118 3.79454 3.63946
      vertex -1.43822 3.7207 3.79127
      vertex -1.84738 3.48771 4.0275
    endloop
  endfacet
  facet normal 0.00015252 -0.712095 -0.702083
    outer loop
      vertex -2.11635 3.66702 3.76868
      vertex -1.68615 3.912 3.5203
      vertex -1.97846 3.55692 3.88038
    endloop
  endfacet
  facet normal 0.000145717 -0.712092 -0.702086
    outer loop
      vertex -1.68615 3.912 3.5203
      vertex -1.56118 3.79454 3.63946
      vertex -1.97846 3.55692 3.88038
    endloop
  endfacet
  facet normal -0.162874 -0.546718 -0.821323
    outer loop
      vertex -2.25167 3.81051 3.7
      vertex -1.80463 4.06507 3.4419
      vertex -2.11635 3.66702 3.76868
    endloop
  endfacet
  facet normal -0.162861 -0.546726 -0.821321
    outer loop
      vertex -1.80463 4.06507 3.4419
      vertex -1.68615 3.912 3.5203
      vertex -2.11635 3.66702 3.76868
    endloop
  endfacet
  facet normal -0.314945 -0.343838 -0.884638
    outer loop
      vertex -2.37517 3.97761 3.67902
      vertex -1.90853 4.24333 3.40961
      vertex -2.25167 3.81051 3.7
    endloop
  endfacet
  facet normal -0.314964 -0.343822 -0.884638
    outer loop
      vertex -1.90853 4.24333 3.40961
      vertex -1.80463 4.06507 3.4419
      vertex -2.25167 3.81051 3.7
    endloop
  endfacet
  facet normal -0.445609 -0.117309 -0.887508
    outer loop
      vertex -2.47846 4.15692 3.70718
      vertex -1.99079 4.43462 3.42562
      vertex -2.37517 3.97761 3.67902
    endloop
  endfacet
  facet normal -0.445586 -0.117334 -0.887517
    outer loop
      vertex -1.99079 4.43462 3.42562
      vertex -1.90853 4.24333 3.40961
      vertex -2.37517 3.97761 3.67902
    endloop
  endfacet
  facet normal -0.545798 0.117303 -0.829665
    outer loop
      vertex -2.55449 4.33624 3.78255
      vertex -2.04578 4.62592 3.48885
      vertex -2.47846 4.15692 3.70718
    endloop
  endfacet
  facet normal -0.545815 0.117326 -0.829651
    outer loop
      vertex -2.04578 4.62592 3.48885
      vertex -1.99079 4.43462 3.42562
      vertex -2.47846 4.15692 3.70718
    endloop
  endfacet
  facet normal -0.608638 0.343853 -0.71507
    outer loop
      vertex -2.59808 4.50333 3.9
      vertex -2.06976 4.80417 3.59498
      vertex -2.55449 4.33624 3.78255
    endloop
  endfacet
  facet normal -0.608644 0.343865 -0.715059
    outer loop
      vertex -2.06976 4.80417 3.59498
      vertex -2.04578 4.62592 3.48885
      vertex -2.55449 4.33624 3.78255
    endloop
  endfacet
  facet normal -0.629852 0.546721 -0.551709
    outer loop
      vertex -2.60625 4.64682 4.05152
      vertex -2.0611 4.95725 3.73678
      vertex -2.59808 4.50333 3.9
    endloop
  endfacet
  facet normal -0.629846 0.546707 -0.55173
    outer loop
      vertex -2.0611 4.95725 3.73678
      vertex -2.06976 4.80417 3.59498
      vertex -2.59808 4.50333 3.9
    endloop
  endfacet
  facet normal -0.60809 0.712102 -0.350908
    outer loop
      vertex -2.57846 4.75692 4.22679
      vertex -2.0204 5.0747 3.9046
      vertex -2.60625 4.64682 4.05152
    endloop
  endfacet
  facet normal -0.608091 0.712107 -0.350898
    outer loop
      vertex -2.0204 5.0747 3.9046
      vertex -2.0611 4.95725 3.73678
      vertex -2.60625 4.64682 4.05152
    endloop
  endfacet
  facet normal -0.544984 0.828853 -0.126472
    outer loop
      vertex -2.5166 4.82614 4.41387
      vertex -1.95041 5.14854 4.08698
      vertex -2.57846 4.75692 4.22679
    endloop
  endfacet
  facet normal -0.544981 0.82886 -0.126438
    outer loop
      vertex -1.95041 5.14854 4.08698
      vertex -2.0204 5.0747 3.9046
      vertex -2.57846 4.75692 4.22679
    endloop
  endfacet
  facet normal -0.444885 0.889233 0.106503
    outer loop
      vertex -2.42487 4.84974 4.6
      vertex -1.85592 5.17373 4.27151
      vertex -2.5166 4.82614 4.41387
    endloop
  endfacet
  facet normal -0.444902 0.889233 0.106427
    outer loop
      vertex -1.85592 5.17373 4.27151
      vertex -1.95041 5.14854 4.08698
      vertex -2.5166 4.82614 4.41387
    endloop
  endfacet
  facet normal -0.210859 0.93886 0.272178
    outer loop
      vertex -1.74335 5.14854 4.44561
      vertex -1.14557 5.38285 4.10048
      vertex -1.85592 5.17373 4.27151
    endloop
  endfacet
  facet normal -0.21087 0.938867 0.272144
    outer loop
      vertex -1.14557 5.38285 4.10048
      vertex -1.25521 5.40918 3.92469
      vertex -1.85592 5.17373 4.27151
    endloop
  endfacet
  facet normal -0.0662791 0.875124 0.479337
    outer loop
      vertex -1.6204 5.0747 4.59742
      vertex -1.03118 5.30566 4.25723
      vertex -1.74335 5.14854 4.44561
    endloop
  endfacet
  facet normal -0.0662848 0.875132 0.479322
    outer loop
      vertex -1.03118 5.30566 4.25723
      vertex -1.14557 5.38285 4.10048
      vertex -1.74335 5.14854 4.44561
    endloop
  endfacet
  facet normal 0.0829394 0.751862 0.654083
    outer loop
      vertex -1.49542 4.95725 4.71658
      vertex -0.919843 5.18285 4.38427
      vertex -1.6204 5.0747 4.59742
    endloop
  endfacet
  facet normal 0.0829507 0.751839 0.654108
    outer loop
      vertex -0.919843 5.18285 4.38427
      vertex -1.03118 5.30566 4.25723
      vertex -1.6204 5.0747 4.59742
    endloop
  endfacet
  facet normal 0.226679 0.577223 0.784494
    outer loop
      vertex -1.37694 4.80417 4.79498
      vertex -0.819138 5.02281 4.47293
      vertex -1.49542 4.95725 4.71658
    endloop
  endfacet
  facet normal 0.226676 0.577232 0.784488
    outer loop
      vertex -0.819138 5.02281 4.47293
      vertex -0.919843 5.18285 4.38427
      vertex -1.49542 4.95725 4.71658
    endloop
  endfacet
  facet normal 0.35508 0.363028 0.861469
    outer loop
      vertex -1.27304 4.62592 4.82727
      vertex -0.73593 4.83644 4.51717
      vertex -1.37694 4.80417 4.79498
    endloop
  endfacet
  facet normal 0.355081 0.363025 0.86147
    outer loop
      vertex -0.73593 4.83644 4.51717
      vertex -0.819138 5.02281 4.47293
      vertex -1.37694 4.80417 4.79498
    endloop
  endfacet
  facet normal 0.459285 0.123856 0.879612
    outer loop
      vertex -1.19079 4.43462 4.81126
      vertex -0.675891 4.63644 4.51399
      vertex -1.27304 4.62592 4.82727
    endloop
  endfacet
  facet normal 0.459283 0.123889 0.879608
    outer loop
      vertex -0.675891 4.63644 4.51399
      vertex -0.73593 4.83644 4.51717
      vertex -1.27304 4.62592 4.82727
    endloop
  endfacet
  facet normal 0.532116 -0.123858 0.837563
    outer loop
      vertex -1.13579 4.24333 4.74803
      vertex -0.64311 4.43644 4.46358
      vertex -1.19079 4.43462 4.81126
    endloop
  endfacet
  facet normal 0.532114 -0.123891 0.837559
    outer loop
      vertex -0.64311 4.43644 4.46358
      vertex -0.675891 4.63644 4.51399
      vertex -1.19079 4.43462 4.81126
    endloop
  endfacet
  facet normal 0.568515 -0.363042 0.738235
    outer loop
      vertex -1.11181 4.06507 4.6419
      vertex -0.639823 4.25007 4.3694
      vertex -1.13579 4.24333 4.74803
    endloop
  endfacet
  facet normal 0.568517 -0.363033 0.738238
    outer loop
      vertex -0.639823 4.25007 4.3694
      vertex -0.64311 4.43644 4.46358
      vertex -1.13579 4.24333 4.74803
    endloop
  endfacet
  facet normal 0.566044 -0.57724 0.588548
    outer loop
      vertex -1.12047 3.912 4.5001
      vertex -0.666253 4.09003 4.23786
      vertex -1.11181 4.06507 4.6419
    endloop
  endfacet
  facet normal 0.56605 -0.577226 0.588555
    outer loop
      vertex -0.666253 4.09003 4.23786
      vertex -0.639823 4.25007 4.3694
      vertex -1.11181 4.06507 4.6419
    endloop
  endfacet
  facet normal 0.524983 -0.751854 0.398884
    outer loop
      vertex -1.16118 3.79454 4.33228
      vertex -0.720599 3.96723 4.07792
      vertex -1.12047 3.912 4.5001
    endloop
  endfacet
  facet normal 0.524982 -0.751856 0.398882
    outer loop
      vertex -0.720599 3.96723 4.07792
      vertex -0.666253 4.09003 4.23786
      vertex -1.12047 3.912 4.5001
    endloop
  endfacet
  facet normal 0.448268 -0.875112 0.182303
    outer loop
      vertex -1.23116 3.7207 4.1499
      vertex -0.799158 3.89003 3.90048
      vertex -1.16118 3.79454 4.33228
    endloop
  endfacet
  facet normal 0.448253 -0.875123 0.182288
    outer loop
      vertex -0.799158 3.89003 3.90048
      vertex -0.720599 3.96723 4.07792
      vertex -1.16118 3.79454 4.33228
    endloop
  endfacet
  facet normal 0.341117 -0.938867 -0.0465586
    outer loop
      vertex -1.32565 3.69552 3.96537
      vertex -0.896575 3.8637 3.71764
      vertex -1.23116 3.7207 4.1499
    endloop
  endfacet
  facet normal 0.341126 -0.938864 -0.0465501
    outer loop
      vertex -0.896575 3.8637 3.71764
      vertex -0.799158 3.89003 3.90048
      vertex -1.23116 3.7207 4.1499
    endloop
  endfacet
  facet normal 0.210879 -0.938867 -0.272138
    outer loop
      vertex -1.43822 3.7207 3.79127
      vertex -1.00621 3.89003 3.54185
      vertex -1.32565 3.69552 3.96537
    endloop
  endfacet
  facet normal 0.210875 -0.938867 -0.272141
    outer loop
      vertex -1.00621 3.89003 3.54185
      vertex -0.896575 3.8637 3.71764
      vertex -1.32565 3.69552 3.96537
    endloop
  endfacet
  facet normal 0.0662769 -0.875123 -0.479339
    outer loop
      vertex -1.56118 3.79454 3.63946
      vertex -1.1206 3.96723 3.3851
      vertex -1.43822 3.7207 3.79127
    endloop
  endfacet
  facet normal 0.0662576 -0.875118 -0.479351
    outer loop
      vertex -1.1206 3.96723 3.3851
      vertex -1.00621 3.89003 3.54185
      vertex -1.43822 3.7207 3.79127
    endloop
  endfacet
  facet normal -0.082963 -0.75184 -0.654106
    outer loop
      vertex -1.68615 3.912 3.5203
      vertex -1.23194 4.09003 3.25806
      vertex -1.56118 3.79454 3.63946
    endloop
  endfacet
  facet normal -0.0829255 -0.751859 -0.654088
    outer loop
      vertex -1.23194 4.09003 3.25806
      vertex -1.1206 3.96723 3.3851
      vertex -1.56118 3.79454 3.63946
    endloop
  endfacet
  facet normal -0.226662 -0.577242 -0.784484
    outer loop
      vertex -1.80463 4.06507 3.4419
      vertex -1.33264 4.25007 3.1694
      vertex -1.68615 3.912 3.5203
    endloop
  endfacet
  facet normal -0.226681 -0.577228 -0.784489
    outer loop
      vertex -1.33264 4.25007 3.1694
      vertex -1.23194 4.09003 3.25806
      vertex -1.68615 3.912 3.5203
    endloop
  endfacet
  facet normal -0.355088 -0.363012 -0.861473
    outer loop
      vertex -1.90853 4.24333 3.40961
      vertex -1.41585 4.43644 3.12516
      vertex -1.80463 4.06507 3.4419
    endloop
  endfacet
  facet normal -0.355074 -0.363026 -0.861472
    outer loop
      vertex -1.41585 4.43644 3.12516
      vertex -1.33264 4.25007 3.1694
      vertex -1.80463 4.06507 3.4419
    endloop
  endfacet
  facet normal -0.459275 -0.123882 -0.879613
    outer loop
      vertex -1.99079 4.43462 3.42562
      vertex -1.47589 4.63644 3.12835
      vertex -1.90853 4.24333 3.40961
    endloop
  endfacet
  facet normal -0.459298 -0.123852 -0.879606
    outer loop
      vertex -1.47589 4.63644 3.12835
      vertex -1.41585 4.43644 3.12516
      vertex -1.90853 4.24333 3.40961
    endloop
  endfacet
  facet normal -0.532118 0.123877 -0.837559
    outer loop
      vertex -2.04578 4.62592 3.48885
      vertex -1.50867 4.83644 3.17875
      vertex -1.99079 4.43462 3.42562
    endloop
  endfacet
  facet normal -0.532105 0.123856 -0.83757
    outer loop
      vertex -1.50867 4.83644 3.17875
      vertex -1.47589 4.63644 3.12835
      vertex -1.99079 4.43462 3.42562
    endloop
  endfacet
  facet normal -0.568524 0.363054 -0.738222
    outer loop
      vertex -2.06976 4.80417 3.59498
      vertex -1.51196 5.02281 3.27293
      vertex -2.04578 4.62592 3.48885
    endloop
  endfacet
  facet normal -0.568513 0.363027 -0.738244
    outer loop
      vertex -1.51196 5.02281 3.27293
      vertex -1.50867 4.83644 3.17875
      vertex -2.04578 4.62592 3.48885
    endloop
  endfacet
  facet normal -0.566055 0.577215 -0.588561
    outer loop
      vertex -2.0611 4.95725 3.73678
      vertex -1.48553 5.18285 3.40447
      vertex -2.06976 4.80417 3.59498
    endloop
  endfacet
  facet normal -0.566058 0.577224 -0.588551
    outer loop
      vertex -1.48553 5.18285 3.40447
      vertex -1.51196 5.02281 3.27293
      vertex -2.06976 4.80417 3.59498
    endloop
  endfacet
  facet normal -0.524997 0.751854 -0.398867
    outer loop
      vertex -2.0204 5.0747 3.9046
      vertex -1.43118 5.30566 3.56441
      vertex -2.0611 4.95725 3.73678
    endloop
  endfacet
  facet normal -0.524996 0.751838 -0.398897
    outer loop
      vertex -1.43118 5.30566 3.56441
      vertex -1.48553 5.18285 3.40447
      vertex -2.0611 4.95725 3.73678
    endloop
  endfacet
  facet normal -0.448256 0.875122 -0.182287
    outer loop
      vertex -1.95041 5.14854 4.08698
      vertex -1.35262 5.38285 3.74185
      vertex -2.0204 5.0747 3.9046
    endloop
  endfacet
  facet normal -0.44825 0.875134 -0.182242
    outer loop
      vertex -1.35262 5.38285 3.74185
      vertex -1.43118 5.30566 3.56441
      vertex -2.0204 5.0747 3.9046
    endloop
  endfacet
  facet normal -0.341134 0.938863 0.0465168
    outer loop
      vertex -1.85592 5.17373 4.27151
      vertex -1.25521 5.40918 3.92469
      vertex -1.95041 5.14854 4.08698
    endloop
  endfacet
  facet normal -0.341129 0.938864 0.0465384
    outer loop
      vertex -1.25521 5.40918 3.92469
      vertex -1.35262 5.38285 3.74185
      vertex -1.95041 5.14854 4.08698
    endloop
  endfacet
  facet normal -0.102389 0.972431 0.209512
    outer loop
      vertex -1.14557 5.38285 4.10048
      vertex -0.526409 5.52506 3.74301
      vertex -1.25521 5.40918 3.92469
    endloop
  endfacet
  facet normal -0.102384 0.972427 0.209529
    outer loop
      vertex -0.526409 5.52506 3.74301
      vertex -0.633018 5.55209 3.56547
      vertex -1.25521 5.40918 3.92469
    endloop
  endfacet
  facet normal 0.034836 0.906421 0.420936
    outer loop
      vertex -1.03118 5.30566 4.25723
      vertex -0.420903 5.44583 3.90489
      vertex -1.14557 5.38285 4.10048
    endloop
  endfacet
  facet normal 0.0348349 0.906423 0.420933
    outer loop
      vertex -0.420903 5.44583 3.90489
      vertex -0.526409 5.52506 3.74301
      vertex -1.14557 5.38285 4.10048
    endloop
  endfacet
  facet normal 0.169829 0.778717 0.603952
    outer loop
      vertex -0.919843 5.18285 4.38427
      vertex -0.323689 5.31978 4.04008
      vertex -1.03118 5.30566 4.25723
    endloop
  endfacet
  facet normal 0.169828 0.778719 0.603949
    outer loop
      vertex -0.323689 5.31978 4.04008
      vertex -0.420903 5.44583 3.90489
      vertex -1.03118 5.30566 4.25723
    endloop
  endfacet
  facet normal 0.29337 0.597867 0.745982
    outer loop
      vertex -0.819138 5.02281 4.47293
      vertex -0.241393 5.15551 4.13937
      vertex -0.919843 5.18285 4.38427
    endloop
  endfacet
  facet normal 0.29337 0.597867 0.745982
    outer loop
      vertex -0.241393 5.15551 4.13937
      vertex -0.323689 5.31978 4.04008
      vertex -0.919843 5.18285 4.38427
    endloop
  endfacet
  facet normal 0.397019 0.376001 0.837257
    outer loop
      vertex -0.73593 4.83644 4.51717
      vertex -0.179622 4.96422 4.19599
      vertex -0.819138 5.02281 4.47293
    endloop
  endfacet
  facet normal 0.397017 0.376022 0.837249
    outer loop
      vertex -0.179622 4.96422 4.19599
      vertex -0.241393 5.15551 4.13937
      vertex -0.819138 5.02281 4.47293
    endloop
  endfacet
  facet normal 0.473604 0.128319 0.87134
    outer loop
      vertex -0.675891 4.63644 4.51399
      vertex -0.142587 4.75894 4.20608
      vertex -0.73593 4.83644 4.51717
    endloop
  endfacet
  facet normal 0.473602 0.128272 0.871348
    outer loop
      vertex -0.142587 4.75894 4.20608
      vertex -0.179622 4.96422 4.19599
      vertex -0.73593 4.83644 4.51717
    endloop
  endfacet
  facet normal 0.517806 -0.128318 0.84582
    outer loop
      vertex -0.64311 4.43644 4.46358
      vertex -0.132812 4.55365 4.16896
      vertex -0.675891 4.63644 4.51399
    endloop
  endfacet
  facet normal 0.517813 -0.128283 0.845821
    outer loop
      vertex -0.132812 4.55365 4.16896
      vertex -0.142587 4.75894 4.20608
      vertex -0.675891 4.63644 4.51399
    endloop
  endfacet
  facet normal 0.526567 -0.376013 0.762458
    outer loop
      vertex -0.639823 4.25007 4.3694
      vertex -0.150961 4.36236 4.08716
      vertex -0.64311 4.43644 4.46358
    endloop
  endfacet
  facet normal 0.52657 -0.376005 0.76246
    outer loop
      vertex -0.150961 4.36236 4.08716
      vertex -0.132812 4.55365 4.16896
      vertex -0.64311 4.43644 4.46358
    endloop
  endfacet
  facet normal 0.499362 -0.597859 0.627058
    outer loop
      vertex -0.666253 4.09003 4.23786
      vertex -0.1958 4.19809 3.96624
      vertex -0.639823 4.25007 4.3694
    endloop
  endfacet
  facet normal 0.499352 -0.597877 0.627049
    outer loop
      vertex -0.1958 4.19809 3.96624
      vertex -0.150961 4.36236 4.08716
      vertex -0.639823 4.25007 4.3694
    endloop
  endfacet
  facet normal 0.438111 -0.778733 0.449036
    outer loop
      vertex -0.720599 3.96723 4.07792
      vertex -0.264271 4.07204 3.81446
      vertex -0.666253 4.09003 4.23786
    endloop
  endfacet
  facet normal 0.43813 -0.778712 0.449054
    outer loop
      vertex -0.264271 4.07204 3.81446
      vertex -0.1958 4.19809 3.96624
      vertex -0.666253 4.09003 4.23786
    endloop
  endfacet
  facet normal 0.347147 -0.906405 0.240661
    outer loop
      vertex -0.799158 3.89003 3.90048
      vertex -0.35171 3.99281 3.64215
      vertex -0.720599 3.96723 4.07792
    endloop
  endfacet
  facet normal 0.347119 -0.906423 0.240637
    outer loop
      vertex -0.35171 3.99281 3.64215
      vertex -0.264271 4.07204 3.81446
      vertex -0.720599 3.96723 4.07792
    endloop
  endfacet
  facet normal 0.232645 -0.972429 0.016082
    outer loop
      vertex -0.896575 3.8637 3.71764
      vertex -0.452156 3.96578 3.46105
      vertex -0.799158 3.89003 3.90048
    endloop
  endfacet
  facet normal 0.232661 -0.972425 0.0160949
    outer loop
      vertex -0.452156 3.96578 3.46105
      vertex -0.35171 3.99281 3.64215
      vertex -0.799158 3.89003 3.90048
    endloop
  endfacet
  facet normal 0.102406 -0.972427 -0.209519
    outer loop
      vertex -1.00621 3.89003 3.54185
      vertex -0.558765 3.99281 3.28352
      vertex -0.896575 3.8637 3.71764
    endloop
  endfacet
  facet normal 0.10238 -0.972426 -0.209538
    outer loop
      vertex -0.558765 3.99281 3.28352
      vertex -0.452156 3.96578 3.46105
      vertex -0.896575 3.8637 3.71764
    endloop
  endfacet
  facet normal -0.0348607 -0.906405 -0.420968
    outer loop
      vertex -1.1206 3.96723 3.3851
      vertex -0.664271 4.07204 3.12164
      vertex -1.00621 3.89003 3.54185
    endloop
  endfacet
  facet normal -0.0348197 -0.906419 -0.420941
    outer loop
      vertex -0.664271 4.07204 3.12164
      vertex -0.558765 3.99281 3.28352
      vertex -1.00621 3.89003 3.54185
    endloop
  endfacet
  facet normal -0.1698 -0.778739 -0.603932
    outer loop
      vertex -1.23194 4.09003 3.25806
      vertex -0.761485 4.19809 2.98645
      vertex -1.1206 3.96723 3.3851
    endloop
  endfacet
  facet normal -0.16983 -0.77872 -0.603948
    outer loop
      vertex -0.761485 4.19809 2.98645
      vertex -0.664271 4.07204 3.12164
      vertex -1.1206 3.96723 3.3851
    endloop
  endfacet
  facet normal -0.293366 -0.597859 -0.74599
    outer loop
      vertex -1.33264 4.25007 3.1694
      vertex -0.843782 4.36236 2.88716
      vertex -1.23194 4.09003 3.25806
    endloop
  endfacet
  facet normal -0.293359 -0.597867 -0.745987
    outer loop
      vertex -0.843782 4.36236 2.88716
      vertex -0.761485 4.19809 2.98645
      vertex -1.23194 4.09003 3.25806
    endloop
  endfacet
  facet normal -0.397022 -0.376006 -0.837253
    outer loop
      vertex -1.41585 4.43644 3.12516
      vertex -0.905552 4.55365 2.83054
      vertex -1.33264 4.25007 3.1694
    endloop
  endfacet
  facet normal -0.397013 -0.376019 -0.837252
    outer loop
      vertex -0.905552 4.55365 2.83054
      vertex -0.843782 4.36236 2.88716
      vertex -1.33264 4.25007 3.1694
    endloop
  endfacet
  facet normal -0.473614 -0.128281 -0.87134
    outer loop
      vertex -1.47589 4.63644 3.12835
      vertex -0.942587 4.75894 2.82044
      vertex -1.41585 4.43644 3.12516
    endloop
  endfacet
  facet normal -0.473599 -0.128308 -0.871344
    outer loop
      vertex -0.942587 4.75894 2.82044
      vertex -0.905552 4.55365 2.83054
      vertex -1.41585 4.43644 3.12516
    endloop
  endfacet
  facet normal -0.51781 0.128278 -0.845823
    outer loop
      vertex -1.50867 4.83644 3.17875
      vertex -0.952363 4.96422 2.85756
      vertex -1.47589 4.63644 3.12835
    endloop
  endfacet
  facet normal -0.517814 0.128287 -0.84582
    outer loop
      vertex -0.952363 4.96422 2.85756
      vertex -0.942587 4.75894 2.82044
      vertex -1.47589 4.63644 3.12835
    endloop
  endfacet
  facet normal -0.526567 0.376006 -0.762461
    outer loop
      vertex -1.51196 5.02281 3.27293
      vertex -0.934213 5.15551 2.93937
      vertex -1.50867 4.83644 3.17875
    endloop
  endfacet
  facet normal -0.526576 0.376039 -0.762439
    outer loop
      vertex -0.934213 5.15551 2.93937
      vertex -0.952363 4.96422 2.85756
      vertex -1.50867 4.83644 3.17875
    endloop
  endfacet
  facet normal -0.499355 0.597861 -0.627062
    outer loop
      vertex -1.48553 5.18285 3.40447
      vertex -0.889374 5.31978 3.06028
      vertex -1.51196 5.02281 3.27293
    endloop
  endfacet
  facet normal -0.499354 0.597854 -0.627069
    outer loop
      vertex -0.889374 5.31978 3.06028
      vertex -0.934213 5.15551 2.93937
      vertex -1.51196 5.02281 3.27293
    endloop
  endfacet
  facet normal -0.438119 0.778716 -0.449058
    outer loop
      vertex -1.43118 5.30566 3.56441
      vertex -0.820903 5.44583 3.21207
      vertex -1.48553 5.18285 3.40447
    endloop
  endfacet
  facet normal -0.438118 0.778726 -0.449042
    outer loop
      vertex -0.820903 5.44583 3.21207
      vertex -0.889374 5.31978 3.06028
      vertex -1.48553 5.18285 3.40447
    endloop
  endfacet
  facet normal -0.347119 0.906425 -0.240629
    outer loop
      vertex -1.35262 5.38285 3.74185
      vertex -0.733465 5.52506 3.38438
      vertex -1.43118 5.30566 3.56441
    endloop
  endfacet
  facet normal -0.34712 0.906422 -0.240638
    outer loop
      vertex -0.733465 5.52506 3.38438
      vertex -0.820903 5.44583 3.21207
      vertex -1.43118 5.30566 3.56441
    endloop
  endfacet
  facet normal -0.232645 0.972429 -0.016091
    outer loop
      vertex -1.25521 5.40918 3.92469
      vertex -0.633018 5.55209 3.56547
      vertex -1.35262 5.38285 3.74185
    endloop
  endfacet
  facet normal -0.232648 0.972428 -0.0161022
    outer loop
      vertex -0.633018 5.55209 3.56547
      vertex -0.733465 5.52506 3.38438
      vertex -1.35262 5.38285 3.74185
    endloop
  endfacet
  facet normal 0.00896942 0.989356 0.145241
    outer loop
      vertex -0.526409 5.52506 3.74301
      vertex 0.103528 5.57274 3.37932
      vertex -0.633018 5.55209 3.56547
    endloop
  endfacet
  facet normal 0.00896533 0.989358 0.145225
    outer loop
      vertex 0.103528 5.57274 3.37932
      vertex 0 5.6 3.2
      vertex -0.633018 5.55209 3.56547
    endloop
  endfacet
  facet normal 0.138634 0.922202 0.361004
    outer loop
      vertex -0.420903 5.44583 3.90489
      vertex 0.2 5.49282 3.54641
      vertex -0.526409 5.52506 3.74301
    endloop
  endfacet
  facet normal 0.138643 0.922187 0.361039
    outer loop
      vertex 0.2 5.49282 3.54641
      vertex 0.103528 5.57274 3.37932
      vertex -0.526409 5.52506 3.74301
    endloop
  endfacet
  facet normal 0.258997 0.792275 0.552468
    outer loop
      vertex -0.323689 5.31978 4.04008
      vertex 0.282843 5.36569 3.6899
      vertex -0.420903 5.44583 3.90489
    endloop
  endfacet
  facet normal 0.25899 0.792298 0.552438
    outer loop
      vertex 0.282843 5.36569 3.6899
      vertex 0.2 5.49282 3.54641
      vertex -0.420903 5.44583 3.90489
    endloop
  endfacet
  facet normal 0.361834 0.608275 0.706454
    outer loop
      vertex -0.241393 5.15551 4.13937
      vertex 0.34641 5.2 3.8
      vertex -0.323689 5.31978 4.04008
    endloop
  endfacet
  facet normal 0.361836 0.608261 0.706466
    outer loop
      vertex 0.34641 5.2 3.8
      vertex 0.282843 5.36569 3.6899
      vertex -0.323689 5.31978 4.04008
    endloop
  endfacet
  facet normal 0.440081 0.382568 0.812386
    outer loop
      vertex -0.179622 4.96422 4.19599
      vertex 0.38637 5.00706 3.86921
      vertex -0.241393 5.15551 4.13937
    endloop
  endfacet
  facet normal 0.44008 0.38256 0.81239
    outer loop
      vertex 0.38637 5.00706 3.86921
      vertex 0.34641 5.2 3.8
      vertex -0.241393 5.15551 4.13937
    endloop
  endfacet
  facet normal 0.488295 0.130506 0.862865
    outer loop
      vertex -0.142587 4.75894 4.20608
      vertex 0.4 4.8 3.89282
      vertex -0.179622 4.96422 4.19599
    endloop
  endfacet
  facet normal 0.488299 0.13053 0.862859
    outer loop
      vertex 0.4 4.8 3.89282
      vertex 0.38637 5.00706 3.86921
      vertex -0.179622 4.96422 4.19599
    endloop
  endfacet
  facet normal 0.503113 -0.130518 0.854308
    outer loop
      vertex -0.132812 4.55365 4.16896
      vertex 0.38637 4.59294 3.86921
      vertex -0.142587 4.75894 4.20608
    endloop
  endfacet
  facet normal 0.503109 -0.13053 0.854309
    outer loop
      vertex 0.38637 4.59294 3.86921
      vertex 0.4 4.8 3.89282
      vertex -0.142587 4.75894 4.20608
    endloop
  endfacet
  facet normal 0.483513 -0.38255 0.787319
    outer loop
      vertex -0.150961 4.36236 4.08716
      vertex 0.34641 4.4 3.8
      vertex -0.132812 4.55365 4.16896
    endloop
  endfacet
  facet normal 0.483508 -0.38256 0.787316
    outer loop
      vertex 0.34641 4.4 3.8
      vertex 0.38637 4.59294 3.86921
      vertex -0.132812 4.55365 4.16896
    endloop
  endfacet
  facet normal 0.430876 -0.608287 0.666583
    outer loop
      vertex -0.1958 4.19809 3.96624
      vertex 0.282843 4.23431 3.6899
      vertex -0.150961 4.36236 4.08716
    endloop
  endfacet
  facet normal 0.430894 -0.608261 0.666595
    outer loop
      vertex 0.282843 4.23431 3.6899
      vertex 0.34641 4.4 3.8
      vertex -0.150961 4.36236 4.08716
    endloop
  endfacet
  facet normal 0.348956 -0.792268 0.50054
    outer loop
      vertex -0.264271 4.07204 3.81446
      vertex 0.2 4.10718 3.54641
      vertex -0.1958 4.19809 3.96624
    endloop
  endfacet
  facet normal 0.348923 -0.792298 0.500516
    outer loop
      vertex 0.2 4.10718 3.54641
      vertex 0.282843 4.23431 3.6899
      vertex -0.1958 4.19809 3.96624
    endloop
  endfacet
  facet normal 0.243318 -0.922202 0.300566
    outer loop
      vertex -0.35171 3.99281 3.64215
      vertex 0.103528 4.02726 3.37932
      vertex -0.264271 4.07204 3.81446
    endloop
  endfacet
  facet normal 0.243345 -0.922188 0.300588
    outer loop
      vertex 0.103528 4.02726 3.37932
      vertex 0.2 4.10718 3.54641
      vertex -0.264271 4.07204 3.81446
    endloop
  endfacet
  facet normal 0.121291 -0.989356 0.0803928
    outer loop
      vertex -0.452156 3.96578 3.46105
      vertex 0 4 3.2
      vertex -0.35171 3.99281 3.64215
    endloop
  endfacet
  facet normal 0.121278 -0.989358 0.0803827
    outer loop
      vertex 0 4 3.2
      vertex 0.103528 4.02726 3.37932
      vertex -0.35171 3.99281 3.64215
    endloop
  endfacet
  facet normal -0.00898695 -0.989356 -0.145239
    outer loop
      vertex -0.558765 3.99281 3.28352
      vertex -0.103528 4.02726 3.02068
      vertex -0.452156 3.96578 3.46105
    endloop
  endfacet
  facet normal -0.00896767 -0.989358 -0.145224
    outer loop
      vertex -0.103528 4.02726 3.02068
      vertex 0 4 3.2
      vertex -0.452156 3.96578 3.46105
    endloop
  endfacet
  facet normal -0.13863 -0.922202 -0.361007
    outer loop
      vertex -0.664271 4.07204 3.12164
      vertex -0.2 4.10718 2.85359
      vertex -0.558765 3.99281 3.28352
    endloop
  endfacet
  facet normal -0.138661 -0.922188 -0.361029
    outer loop
      vertex -0.2 4.10718 2.85359
      vertex -0.103528 4.02726 3.02068
      vertex -0.558765 3.99281 3.28352
    endloop
  endfacet
  facet normal -0.259015 -0.792277 -0.552457
    outer loop
      vertex -0.761485 4.19809 2.98645
      vertex -0.282843 4.23431 2.7101
      vertex -0.664271 4.07204 3.12164
    endloop
  endfacet
  facet normal -0.258987 -0.792298 -0.55244
    outer loop
      vertex -0.282843 4.23431 2.7101
      vertex -0.2 4.10718 2.85359
      vertex -0.664271 4.07204 3.12164
    endloop
  endfacet
  facet normal -0.361839 -0.608277 -0.70645
    outer loop
      vertex -0.843782 4.36236 2.88716
      vertex -0.34641 4.4 2.6
      vertex -0.761485 4.19809 2.98645
    endloop
  endfacet
  facet normal -0.361853 -0.608261 -0.706457
    outer loop
      vertex -0.34641 4.4 2.6
      vertex -0.282843 4.23431 2.7101
      vertex -0.761485 4.19809 2.98645
    endloop
  endfacet
  facet normal -0.440081 -0.382566 -0.812387
    outer loop
      vertex -0.905552 4.55365 2.83054
      vertex -0.38637 4.59294 2.53079
      vertex -0.843782 4.36236 2.88716
    endloop
  endfacet
  facet normal -0.440084 -0.38256 -0.812388
    outer loop
      vertex -0.38637 4.59294 2.53079
      vertex -0.34641 4.4 2.6
      vertex -0.843782 4.36236 2.88716
    endloop
  endfacet
  facet normal -0.488291 -0.130541 -0.862862
    outer loop
      vertex -0.942587 4.75894 2.82044
      vertex -0.4 4.8 2.50718
      vertex -0.905552 4.55365 2.83054
    endloop
  endfacet
  facet normal -0.488295 -0.13053 -0.862861
    outer loop
      vertex -0.4 4.8 2.50718
      vertex -0.38637 4.59294 2.53079
      vertex -0.905552 4.55365 2.83054
    endloop
  endfacet
  facet normal -0.503107 0.130523 -0.854311
    outer loop
      vertex -0.952363 4.96422 2.85756
      vertex -0.38637 5.00706 2.53079
      vertex -0.942587 4.75894 2.82044
    endloop
  endfacet
  facet normal -0.503109 0.13053 -0.854309
    outer loop
      vertex -0.38637 5.00706 2.53079
      vertex -0.4 4.8 2.50718
      vertex -0.942587 4.75894 2.82044
    endloop
  endfacet
  facet normal -0.483509 0.382586 -0.787303
    outer loop
      vertex -0.934213 5.15551 2.93937
      vertex -0.34641 5.2 2.6
      vertex -0.952363 4.96422 2.85756
    endloop
  endfacet
  facet normal -0.483506 0.38256 -0.787318
    outer loop
      vertex -0.34641 5.2 2.6
      vertex -0.38637 5.00706 2.53079
      vertex -0.952363 4.96422 2.85756
    endloop
  endfacet
  facet normal -0.430898 0.60826 -0.666594
    outer loop
      vertex -0.889374 5.31978 3.06028
      vertex -0.282843 5.36569 2.7101
      vertex -0.934213 5.15551 2.93937
    endloop
  endfacet
  facet normal -0.430898 0.608261 -0.666593
    outer loop
      vertex -0.282843 5.36569 2.7101
      vertex -0.34641 5.2 2.6
      vertex -0.934213 5.15551 2.93937
    endloop
  endfacet
  facet normal -0.348941 0.792283 -0.500527
    outer loop
      vertex -0.820903 5.44583 3.21207
      vertex -0.2 5.49282 2.85359
      vertex -0.889374 5.31978 3.06028
    endloop
  endfacet
  facet normal -0.348938 0.792297 -0.500507
    outer loop
      vertex -0.2 5.49282 2.85359
      vertex -0.282843 5.36569 2.7101
      vertex -0.889374 5.31978 3.06028
    endloop
  endfacet
  facet normal -0.243332 0.9222 -0.30056
    outer loop
      vertex -0.733465 5.52506 3.38438
      vertex -0.103528 5.57274 3.02068
      vertex -0.820903 5.44583 3.21207
    endloop
  endfacet
  facet normal -0.243339 0.922188 -0.300592
    outer loop
      vertex -0.103528 5.57274 3.02068
      vertex -0.2 5.49282 2.85359
      vertex -0.820903 5.44583 3.21207
    endloop
  endfacet
  facet normal -0.121295 0.989356 -0.0803942
    outer loop
      vertex -0.633018 5.55209 3.56547
      vertex 0 5.6 3.2
      vertex -0.733465 5.52506 3.38438
    endloop
  endfacet
  facet normal -0.12129 0.989358 -0.0803756
    outer loop
      vertex 0 5.6 3.2
      vertex -0.103528 5.57274 3.02068
      vertex -0.733465 5.52506 3.38438
    endloop
  endfacet
  facet normal 0.12129 0.989358 0.0803756
    outer loop
      vertex 0.103528 5.57274 3.37932
      vertex 0.733465 5.52506 3.01562
      vertex 0 5.6 3.2
    endloop
  endfacet
  facet normal 0.121295 0.989356 0.0803942
    outer loop
      vertex 0.733465 5.52506 3.01562
      vertex 0.633018 5.55209 2.83453
      vertex 0 5.6 3.2
    endloop
  endfacet
  facet normal 0.243339 0.922188 0.300592
    outer loop
      vertex 0.2 5.49282 3.54641
      vertex 0.820903 5.44583 3.18793
      vertex 0.103528 5.57274 3.37932
    endloop
  endfacet
  facet normal 0.243332 0.9222 0.30056
    outer loop
      vertex 0.820903 5.44583 3.18793
      vertex 0.733465 5.52506 3.01562
      vertex 0.103528 5.57274 3.37932
    endloop
  endfacet
  facet normal 0.348938 0.792297 0.500507
    outer loop
      vertex 0.282843 5.36569 3.6899
      vertex 0.889374 5.31978 3.33972
      vertex 0.2 5.49282 3.54641
    endloop
  endfacet
  facet normal 0.348941 0.792283 0.500527
    outer loop
      vertex 0.889374 5.31978 3.33972
      vertex 0.820903 5.44583 3.18793
      vertex 0.2 5.49282 3.54641
    endloop
  endfacet
  facet normal 0.430898 0.608261 0.666593
    outer loop
      vertex 0.34641 5.2 3.8
      vertex 0.934213 5.15551 3.46063
      vertex 0.282843 5.36569 3.6899
    endloop
  endfacet
  facet normal 0.430898 0.60826 0.666594
    outer loop
      vertex 0.934213 5.15551 3.46063
      vertex 0.889374 5.31978 3.33972
      vertex 0.282843 5.36569 3.6899
    endloop
  endfacet
  facet normal 0.483506 0.38256 0.787318
    outer loop
      vertex 0.38637 5.00706 3.86921
      vertex 0.952363 4.96422 3.54244
      vertex 0.34641 5.2 3.8
    endloop
  endfacet
  facet normal 0.483509 0.382586 0.787303
    outer loop
      vertex 0.952363 4.96422 3.54244
      vertex 0.934213 5.15551 3.46063
      vertex 0.34641 5.2 3.8
    endloop
  endfacet
  facet normal 0.503109 0.13053 0.854309
    outer loop
      vertex 0.4 4.8 3.89282
      vertex 0.942587 4.75894 3.57956
      vertex 0.38637 5.00706 3.86921
    endloop
  endfacet
  facet normal 0.503107 0.130523 0.854311
    outer loop
      vertex 0.942587 4.75894 3.57956
      vertex 0.952363 4.96422 3.54244
      vertex 0.38637 5.00706 3.86921
    endloop
  endfacet
  facet normal 0.488295 -0.13053 0.862861
    outer loop
      vertex 0.38637 4.59294 3.86921
      vertex 0.905552 4.55365 3.56946
      vertex 0.4 4.8 3.89282
    endloop
  endfacet
  facet normal 0.488291 -0.130541 0.862862
    outer loop
      vertex 0.905552 4.55365 3.56946
      vertex 0.942587 4.75894 3.57956
      vertex 0.4 4.8 3.89282
    endloop
  endfacet
  facet normal 0.440084 -0.38256 0.812388
    outer loop
      vertex 0.34641 4.4 3.8
      vertex 0.843782 4.36236 3.51284
      vertex 0.38637 4.59294 3.86921
    endloop
  endfacet
  facet normal 0.440081 -0.382566 0.812387
    outer loop
      vertex 0.843782 4.36236 3.51284
      vertex 0.905552 4.55365 3.56946
      vertex 0.38637 4.59294 3.86921
    endloop
  endfacet
  facet normal 0.361853 -0.608261 0.706457
    outer loop
      vertex 0.282843 4.23431 3.6899
      vertex 0.761485 4.19809 3.41355
      vertex 0.34641 4.4 3.8
    endloop
  endfacet
  facet normal 0.361839 -0.608277 0.70645
    outer loop
      vertex 0.761485 4.19809 3.41355
      vertex 0.843782 4.36236 3.51284
      vertex 0.34641 4.4 3.8
    endloop
  endfacet
  facet normal 0.258987 -0.792298 0.55244
    outer loop
      vertex 0.2 4.10718 3.54641
      vertex 0.664271 4.07204 3.27836
      vertex 0.282843 4.23431 3.6899
    endloop
  endfacet
  facet normal 0.259015 -0.792277 0.552457
    outer loop
      vertex 0.664271 4.07204 3.27836
      vertex 0.761485 4.19809 3.41355
      vertex 0.282843 4.23431 3.6899
    endloop
  endfacet
  facet normal 0.138661 -0.922188 0.361029
    outer loop
      vertex 0.103528 4.02726 3.37932
      vertex 0.558765 3.99281 3.11648
      vertex 0.2 4.10718 3.54641
    endloop
  endfacet
  facet normal 0.13863 -0.922202 0.361007
    outer loop
      vertex 0.558765 3.99281 3.11648
      vertex 0.664271 4.07204 3.27836
      vertex 0.2 4.10718 3.54641
    endloop
  endfacet
  facet normal 0.00896767 -0.989358 0.145224
    outer loop
      vertex 0 4 3.2
      vertex 0.452156 3.96578 2.93895
      vertex 0.103528 4.02726 3.37932
    endloop
  endfacet
  facet normal 0.00898695 -0.989356 0.145239
    outer loop
      vertex 0.452156 3.96578 2.93895
      vertex 0.558765 3.99281 3.11648
      vertex 0.103528 4.02726 3.37932
    endloop
  endfacet
  facet normal -0.121278 -0.989358 -0.0803827
    outer loop
      vertex -0.103528 4.02726 3.02068
      vertex 0.35171 3.99281 2.75785
      vertex 0 4 3.2
    endloop
  endfacet
  facet normal -0.121291 -0.989356 -0.0803928
    outer loop
      vertex 0.35171 3.99281 2.75785
      vertex 0.452156 3.96578 2.93895
      vertex 0 4 3.2
    endloop
  endfacet
  facet normal -0.243345 -0.922188 -0.300588
    outer loop
      vertex -0.2 4.10718 2.85359
      vertex 0.264271 4.07204 2.58554
      vertex -0.103528 4.02726 3.02068
    endloop
  endfacet
  facet normal -0.243318 -0.922202 -0.300566
    outer loop
      vertex 0.264271 4.07204 2.58554
      vertex 0.35171 3.99281 2.75785
      vertex -0.103528 4.02726 3.02068
    endloop
  endfacet
  facet normal -0.348923 -0.792298 -0.500516
    outer loop
      vertex -0.282843 4.23431 2.7101
      vertex 0.1958 4.19809 2.43376
      vertex -0.2 4.10718 2.85359
    endloop
  endfacet
  facet normal -0.348956 -0.792268 -0.50054
    outer loop
      vertex 0.1958 4.19809 2.43376
      vertex 0.264271 4.07204 2.58554
      vertex -0.2 4.10718 2.85359
    endloop
  endfacet
  facet normal -0.430894 -0.608261 -0.666595
    outer loop
      vertex -0.34641 4.4 2.6
      vertex 0.150961 4.36236 2.31284
      vertex -0.282843 4.23431 2.7101
    endloop
  endfacet
  facet normal -0.430876 -0.608287 -0.666583
    outer loop
      vertex 0.150961 4.36236 2.31284
      vertex 0.1958 4.19809 2.43376
      vertex -0.282843 4.23431 2.7101
    endloop
  endfacet
  facet normal -0.483508 -0.38256 -0.787316
    outer loop
      vertex -0.38637 4.59294 2.53079
      vertex 0.132812 4.55365 2.23104
      vertex -0.34641 4.4 2.6
    endloop
  endfacet
  facet normal -0.483513 -0.38255 -0.787319
    outer loop
      vertex 0.132812 4.55365 2.23104
      vertex 0.150961 4.36236 2.31284
      vertex -0.34641 4.4 2.6
    endloop
  endfacet
  facet normal -0.503109 -0.13053 -0.854309
    outer loop
      vertex -0.4 4.8 2.50718
      vertex 0.142587 4.75894 2.19392
      vertex -0.38637 4.59294 2.53079
    endloop
  endfacet
  facet normal -0.503113 -0.130518 -0.854308
    outer loop
      vertex 0.142587 4.75894 2.19392
      vertex 0.132812 4.55365 2.23104
      vertex -0.38637 4.59294 2.53079
    endloop
  endfacet
  facet normal -0.488299 0.13053 -0.862859
    outer loop
      vertex -0.38637 5.00706 2.53079
      vertex 0.179622 4.96422 2.20401
      vertex -0.4 4.8 2.50718
    endloop
  endfacet
  facet normal -0.488295 0.130506 -0.862865
    outer loop
      vertex 0.179622 4.96422 2.20401
      vertex 0.142587 4.75894 2.19392
      vertex -0.4 4.8 2.50718
    endloop
  endfacet
  facet normal -0.44008 0.38256 -0.81239
    outer loop
      vertex -0.34641 5.2 2.6
      vertex 0.241393 5.15551 2.26063
      vertex -0.38637 5.00706 2.53079
    endloop
  endfacet
  facet normal -0.440081 0.382568 -0.812386
    outer loop
      vertex 0.241393 5.15551 2.26063
      vertex 0.179622 4.96422 2.20401
      vertex -0.38637 5.00706 2.53079
    endloop
  endfacet
  facet normal -0.361836 0.608261 -0.706466
    outer loop
      vertex -0.282843 5.36569 2.7101
      vertex 0.323689 5.31978 2.35992
      vertex -0.34641 5.2 2.6
    endloop
  endfacet
  facet normal -0.361834 0.608275 -0.706454
    outer loop
      vertex 0.323689 5.31978 2.35992
      vertex 0.241393 5.15551 2.26063
      vertex -0.34641 5.2 2.6
    endloop
  endfacet
  facet normal -0.25899 0.792298 -0.552438
    outer loop
      vertex -0.2 5.49282 2.85359
      vertex 0.420903 5.44583 2.49511
      vertex -0.282843 5.36569 2.7101
    endloop
  endfacet
  facet normal -0.258997 0.792275 -0.552468
    outer loop
      vertex 0.420903 5.44583 2.49511
      vertex 0.323689 5.31978 2.35992
      vertex -0.282843 5.36569 2.7101
    endloop
  endfacet
  facet normal -0.138643 0.922187 -0.361039
    outer loop
      vertex -0.103528 5.57274 3.02068
      vertex 0.526409 5.52506 2.65699
      vertex -0.2 5.49282 2.85359
    endloop
  endfacet
  facet normal -0.138634 0.922202 -0.361004
    outer loop
      vertex 0.526409 5.52506 2.65699
      vertex 0.420903 5.44583 2.49511
      vertex -0.2 5.49282 2.85359
    endloop
  endfacet
  facet normal -0.00896533 0.989358 -0.145225
    outer loop
      vertex 0 5.6 3.2
      vertex 0.633018 5.55209 2.83453
      vertex -0.103528 5.57274 3.02068
    endloop
  endfacet
  facet normal -0.00896942 0.989356 -0.145241
    outer loop
      vertex 0.633018 5.55209 2.83453
      vertex 0.526409 5.52506 2.65699
      vertex -0.103528 5.57274 3.02068
    endloop
  endfacet
  facet normal 0.232648 0.972428 0.0161022
    outer loop
      vertex 0.733465 5.52506 3.01562
      vertex 1.35262 5.38285 2.65815
      vertex 0.633018 5.55209 2.83453
    endloop
  endfacet
  facet normal 0.232645 0.972429 0.016091
    outer loop
      vertex 1.35262 5.38285 2.65815
      vertex 1.25521 5.40918 2.47531
      vertex 0.633018 5.55209 2.83453
    endloop
  endfacet
  facet normal 0.34712 0.906422 0.240638
    outer loop
      vertex 0.820903 5.44583 3.18793
      vertex 1.43118 5.30566 2.83559
      vertex 0.733465 5.52506 3.01562
    endloop
  endfacet
  facet normal 0.347119 0.906425 0.240629
    outer loop
      vertex 1.43118 5.30566 2.83559
      vertex 1.35262 5.38285 2.65815
      vertex 0.733465 5.52506 3.01562
    endloop
  endfacet
  facet normal 0.438118 0.778726 0.449042
    outer loop
      vertex 0.889374 5.31978 3.33972
      vertex 1.48553 5.18285 2.99553
      vertex 0.820903 5.44583 3.18793
    endloop
  endfacet
  facet normal 0.438119 0.778716 0.449058
    outer loop
      vertex 1.48553 5.18285 2.99553
      vertex 1.43118 5.30566 2.83559
      vertex 0.820903 5.44583 3.18793
    endloop
  endfacet
  facet normal 0.499354 0.597854 0.627069
    outer loop
      vertex 0.934213 5.15551 3.46063
      vertex 1.51196 5.02281 3.12707
      vertex 0.889374 5.31978 3.33972
    endloop
  endfacet
  facet normal 0.499355 0.597861 0.627062
    outer loop
      vertex 1.51196 5.02281 3.12707
      vertex 1.48553 5.18285 2.99553
      vertex 0.889374 5.31978 3.33972
    endloop
  endfacet
  facet normal 0.526576 0.376039 0.762439
    outer loop
      vertex 0.952363 4.96422 3.54244
      vertex 1.50867 4.83644 3.22125
      vertex 0.934213 5.15551 3.46063
    endloop
  endfacet
  facet normal 0.526567 0.376006 0.762461
    outer loop
      vertex 1.50867 4.83644 3.22125
      vertex 1.51196 5.02281 3.12707
      vertex 0.934213 5.15551 3.46063
    endloop
  endfacet
  facet normal 0.517814 0.128287 0.84582
    outer loop
      vertex 0.942587 4.75894 3.57956
      vertex 1.47589 4.63644 3.27165
      vertex 0.952363 4.96422 3.54244
    endloop
  endfacet
  facet normal 0.51781 0.128278 0.845823
    outer loop
      vertex 1.47589 4.63644 3.27165
      vertex 1.50867 4.83644 3.22125
      vertex 0.952363 4.96422 3.54244
    endloop
  endfacet
  facet normal 0.473599 -0.128308 0.871344
    outer loop
      vertex 0.905552 4.55365 3.56946
      vertex 1.41585 4.43644 3.27484
      vertex 0.942587 4.75894 3.57956
    endloop
  endfacet
  facet normal 0.473614 -0.128281 0.87134
    outer loop
      vertex 1.41585 4.43644 3.27484
      vertex 1.47589 4.63644 3.27165
      vertex 0.942587 4.75894 3.57956
    endloop
  endfacet
  facet normal 0.397013 -0.376019 0.837252
    outer loop
      vertex 0.843782 4.36236 3.51284
      vertex 1.33264 4.25007 3.2306
      vertex 0.905552 4.55365 3.56946
    endloop
  endfacet
  facet normal 0.397022 -0.376006 0.837253
    outer loop
      vertex 1.33264 4.25007 3.2306
      vertex 1.41585 4.43644 3.27484
      vertex 0.905552 4.55365 3.56946
    endloop
  endfacet
  facet normal 0.293359 -0.597867 0.745987
    outer loop
      vertex 0.761485 4.19809 3.41355
      vertex 1.23194 4.09003 3.14194
      vertex 0.843782 4.36236 3.51284
    endloop
  endfacet
  facet normal 0.293366 -0.597859 0.74599
    outer loop
      vertex 1.23194 4.09003 3.14194
      vertex 1.33264 4.25007 3.2306
      vertex 0.843782 4.36236 3.51284
    endloop
  endfacet
  facet normal 0.16983 -0.77872 0.603948
    outer loop
      vertex 0.664271 4.07204 3.27836
      vertex 1.1206 3.96723 3.0149
      vertex 0.761485 4.19809 3.41355
    endloop
  endfacet
  facet normal 0.1698 -0.778739 0.603932
    outer loop
      vertex 1.1206 3.96723 3.0149
      vertex 1.23194 4.09003 3.14194
      vertex 0.761485 4.19809 3.41355
    endloop
  endfacet
  facet normal 0.0348197 -0.906419 0.420941
    outer loop
      vertex 0.558765 3.99281 3.11648
      vertex 1.00621 3.89003 2.85815
      vertex 0.664271 4.07204 3.27836
    endloop
  endfacet
  facet normal 0.0348607 -0.906405 0.420968
    outer loop
      vertex 1.00621 3.89003 2.85815
      vertex 1.1206 3.96723 3.0149
      vertex 0.664271 4.07204 3.27836
    endloop
  endfacet
  facet normal -0.10238 -0.972426 0.209538
    outer loop
      vertex 0.452156 3.96578 2.93895
      vertex 0.896575 3.8637 2.68236
      vertex 0.558765 3.99281 3.11648
    endloop
  endfacet
  facet normal -0.102406 -0.972427 0.209519
    outer loop
      vertex 0.896575 3.8637 2.68236
      vertex 1.00621 3.89003 2.85815
      vertex 0.558765 3.99281 3.11648
    endloop
  endfacet
  facet normal -0.232661 -0.972425 -0.0160949
    outer loop
      vertex 0.35171 3.99281 2.75785
      vertex 0.799158 3.89003 2.49952
      vertex 0.452156 3.96578 2.93895
    endloop
  endfacet
  facet normal -0.232645 -0.972429 -0.016082
    outer loop
      vertex 0.799158 3.89003 2.49952
      vertex 0.896575 3.8637 2.68236
      vertex 0.452156 3.96578 2.93895
    endloop
  endfacet
  facet normal -0.347119 -0.906423 -0.240637
    outer loop
      vertex 0.264271 4.07204 2.58554
      vertex 0.720599 3.96723 2.32208
      vertex 0.35171 3.99281 2.75785
    endloop
  endfacet
  facet normal -0.347147 -0.906405 -0.240661
    outer loop
      vertex 0.720599 3.96723 2.32208
      vertex 0.799158 3.89003 2.49952
      vertex 0.35171 3.99281 2.75785
    endloop
  endfacet
  facet normal -0.43813 -0.778712 -0.449054
    outer loop
      vertex 0.1958 4.19809 2.43376
      vertex 0.666253 4.09003 2.16214
      vertex 0.264271 4.07204 2.58554
    endloop
  endfacet
  facet normal -0.438111 -0.778733 -0.449036
    outer loop
      vertex 0.666253 4.09003 2.16214
      vertex 0.720599 3.96723 2.32208
      vertex 0.264271 4.07204 2.58554
    endloop
  endfacet
  facet normal -0.499352 -0.597877 -0.627049
    outer loop
      vertex 0.150961 4.36236 2.31284
      vertex 0.639823 4.25007 2.0306
      vertex 0.1958 4.19809 2.43376
    endloop
  endfacet
  facet normal -0.499362 -0.597859 -0.627058
    outer loop
      vertex 0.639823 4.25007 2.0306
      vertex 0.666253 4.09003 2.16214
      vertex 0.1958 4.19809 2.43376
    endloop
  endfacet
  facet normal -0.52657 -0.376005 -0.76246
    outer loop
      vertex 0.132812 4.55365 2.23104
      vertex 0.64311 4.43644 1.93642
      vertex 0.150961 4.36236 2.31284
    endloop
  endfacet
  facet normal -0.526567 -0.376013 -0.762458
    outer loop
      vertex 0.64311 4.43644 1.93642
      vertex 0.639823 4.25007 2.0306
      vertex 0.150961 4.36236 2.31284
    endloop
  endfacet
  facet normal -0.517813 -0.128283 -0.845821
    outer loop
      vertex 0.142587 4.75894 2.19392
      vertex 0.675891 4.63644 1.88601
      vertex 0.132812 4.55365 2.23104
    endloop
  endfacet
  facet normal -0.517806 -0.128318 -0.84582
    outer loop
      vertex 0.675891 4.63644 1.88601
      vertex 0.64311 4.43644 1.93642
      vertex 0.132812 4.55365 2.23104
    endloop
  endfacet
  facet normal -0.473602 0.128272 -0.871348
    outer loop
      vertex 0.179622 4.96422 2.20401
      vertex 0.73593 4.83644 1.88283
      vertex 0.142587 4.75894 2.19392
    endloop
  endfacet
  facet normal -0.473604 0.128319 -0.87134
    outer loop
      vertex 0.73593 4.83644 1.88283
      vertex 0.675891 4.63644 1.88601
      vertex 0.142587 4.75894 2.19392
    endloop
  endfacet
  facet normal -0.397017 0.376022 -0.837249
    outer loop
      vertex 0.241393 5.15551 2.26063
      vertex 0.819138 5.02281 1.92707
      vertex 0.179622 4.96422 2.20401
    endloop
  endfacet
  facet normal -0.397019 0.376001 -0.837257
    outer loop
      vertex 0.819138 5.02281 1.92707
      vertex 0.73593 4.83644 1.88283
      vertex 0.179622 4.96422 2.20401
    endloop
  endfacet
  facet normal -0.29337 0.597867 -0.745982
    outer loop
      vertex 0.323689 5.31978 2.35992
      vertex 0.919843 5.18285 2.01573
      vertex 0.241393 5.15551 2.26063
    endloop
  endfacet
  facet normal -0.29337 0.597867 -0.745982
    outer loop
      vertex 0.919843 5.18285 2.01573
      vertex 0.819138 5.02281 1.92707
      vertex 0.241393 5.15551 2.26063
    endloop
  endfacet
  facet normal -0.169828 0.778719 -0.603949
    outer loop
      vertex 0.420903 5.44583 2.49511
      vertex 1.03118 5.30566 2.14277
      vertex 0.323689 5.31978 2.35992
    endloop
  endfacet
  facet normal -0.169829 0.778717 -0.603952
    outer loop
      vertex 1.03118 5.30566 2.14277
      vertex 0.919843 5.18285 2.01573
      vertex 0.323689 5.31978 2.35992
    endloop
  endfacet
  facet normal -0.0348349 0.906423 -0.420933
    outer loop
      vertex 0.526409 5.52506 2.65699
      vertex 1.14557 5.38285 2.29952
      vertex 0.420903 5.44583 2.49511
    endloop
  endfacet
  facet normal -0.034836 0.906421 -0.420936
    outer loop
      vertex 1.14557 5.38285 2.29952
      vertex 1.03118 5.30566 2.14277
      vertex 0.420903 5.44583 2.49511
    endloop
  endfacet
  facet normal 0.102384 0.972427 -0.209529
    outer loop
      vertex 0.633018 5.55209 2.83453
      vertex 1.25521 5.40918 2.47531
      vertex 0.526409 5.52506 2.65699
    endloop
  endfacet
  facet normal 0.102389 0.972431 -0.209512
    outer loop
      vertex 1.25521 5.40918 2.47531
      vertex 1.14557 5.38285 2.29952
      vertex 0.526409 5.52506 2.65699
    endloop
  endfacet
  facet normal 0.341129 0.938864 -0.0465384
    outer loop
      vertex 1.35262 5.38285 2.65815
      vertex 1.95041 5.14854 2.31302
      vertex 1.25521 5.40918 2.47531
    endloop
  endfacet
  facet normal 0.341134 0.938863 -0.0465168
    outer loop
      vertex 1.95041 5.14854 2.31302
      vertex 1.85592 5.17373 2.12849
      vertex 1.25521 5.40918 2.47531
    endloop
  endfacet
  facet normal 0.44825 0.875134 0.182242
    outer loop
      vertex 1.43118 5.30566 2.83559
      vertex 2.0204 5.0747 2.4954
      vertex 1.35262 5.38285 2.65815
    endloop
  endfacet
  facet normal 0.448256 0.875122 0.182287
    outer loop
      vertex 2.0204 5.0747 2.4954
      vertex 1.95041 5.14854 2.31302
      vertex 1.35262 5.38285 2.65815
    endloop
  endfacet
  facet normal 0.524996 0.751838 0.398897
    outer loop
      vertex 1.48553 5.18285 2.99553
      vertex 2.0611 4.95725 2.66322
      vertex 1.43118 5.30566 2.83559
    endloop
  endfacet
  facet normal 0.524997 0.751854 0.398867
    outer loop
      vertex 2.0611 4.95725 2.66322
      vertex 2.0204 5.0747 2.4954
      vertex 1.43118 5.30566 2.83559
    endloop
  endfacet
  facet normal 0.566058 0.577224 0.588551
    outer loop
      vertex 1.51196 5.02281 3.12707
      vertex 2.06976 4.80417 2.80502
      vertex 1.48553 5.18285 2.99553
    endloop
  endfacet
  facet normal 0.566055 0.577215 0.588561
    outer loop
      vertex 2.06976 4.80417 2.80502
      vertex 2.0611 4.95725 2.66322
      vertex 1.48553 5.18285 2.99553
    endloop
  endfacet
  facet normal 0.568513 0.363027 0.738244
    outer loop
      vertex 1.50867 4.83644 3.22125
      vertex 2.04578 4.62592 2.91115
      vertex 1.51196 5.02281 3.12707
    endloop
  endfacet
  facet normal 0.568524 0.363054 0.738222
    outer loop
      vertex 2.04578 4.62592 2.91115
      vertex 2.06976 4.80417 2.80502
      vertex 1.51196 5.02281 3.12707
    endloop
  endfacet
  facet normal 0.532105 0.123856 0.83757
    outer loop
      vertex 1.47589 4.63644 3.27165
      vertex 1.99079 4.43462 2.97438
      vertex 1.50867 4.83644 3.22125
    endloop
  endfacet
  facet normal 0.532118 0.123877 0.837559
    outer loop
      vertex 1.99079 4.43462 2.97438
      vertex 2.04578 4.62592 2.91115
      vertex 1.50867 4.83644 3.22125
    endloop
  endfacet
  facet normal 0.459298 -0.123852 0.879606
    outer loop
      vertex 1.41585 4.43644 3.27484
      vertex 1.90853 4.24333 2.99039
      vertex 1.47589 4.63644 3.27165
    endloop
  endfacet
  facet normal 0.459275 -0.123882 0.879613
    outer loop
      vertex 1.90853 4.24333 2.99039
      vertex 1.99079 4.43462 2.97438
      vertex 1.47589 4.63644 3.27165
    endloop
  endfacet
  facet normal 0.355074 -0.363026 0.861472
    outer loop
      vertex 1.33264 4.25007 3.2306
      vertex 1.80463 4.06507 2.9581
      vertex 1.41585 4.43644 3.27484
    endloop
  endfacet
  facet normal 0.355088 -0.363012 0.861473
    outer loop
      vertex 1.80463 4.06507 2.9581
      vertex 1.90853 4.24333 2.99039
      vertex 1.41585 4.43644 3.27484
    endloop
  endfacet
  facet normal 0.226681 -0.577228 0.784489
    outer loop
      vertex 1.23194 4.09003 3.14194
      vertex 1.68615 3.912 2.8797
      vertex 1.33264 4.25007 3.2306
    endloop
  endfacet
  facet normal 0.226662 -0.577242 0.784484
    outer loop
      vertex 1.68615 3.912 2.8797
      vertex 1.80463 4.06507 2.9581
      vertex 1.33264 4.25007 3.2306
    endloop
  endfacet
  facet normal 0.0829255 -0.751859 0.654088
    outer loop
      vertex 1.1206 3.96723 3.0149
      vertex 1.56118 3.79454 2.76054
      vertex 1.23194 4.09003 3.14194
    endloop
  endfacet
  facet normal 0.082963 -0.75184 0.654106
    outer loop
      vertex 1.56118 3.79454 2.76054
      vertex 1.68615 3.912 2.8797
      vertex 1.23194 4.09003 3.14194
    endloop
  endfacet
  facet normal -0.0662576 -0.875118 0.479351
    outer loop
      vertex 1.00621 3.89003 2.85815
      vertex 1.43822 3.7207 2.60873
      vertex 1.1206 3.96723 3.0149
    endloop
  endfacet
  facet normal -0.0662769 -0.875123 0.479339
    outer loop
      vertex 1.43822 3.7207 2.60873
      vertex 1.56118 3.79454 2.76054
      vertex 1.1206 3.96723 3.0149
    endloop
  endfacet
  facet normal -0.210875 -0.938867 0.272141
    outer loop
      vertex 0.896575 3.8637 2.68236
      vertex 1.32565 3.69552 2.43463
      vertex 1.00621 3.89003 2.85815
    endloop
  endfacet
  facet normal -0.210879 -0.938867 0.272138
    outer loop
      vertex 1.32565 3.69552 2.43463
      vertex 1.43822 3.7207 2.60873
      vertex 1.00621 3.89003 2.85815
    endloop
  endfacet
  facet normal -0.341126 -0.938864 0.0465501
    outer loop
      vertex 0.799158 3.89003 2.49952
      vertex 1.23116 3.7207 2.2501
      vertex 0.896575 3.8637 2.68236
    endloop
  endfacet
  facet normal -0.341117 -0.938867 0.0465586
    outer loop
      vertex 1.23116 3.7207 2.2501
      vertex 1.32565 3.69552 2.43463
      vertex 0.896575 3.8637 2.68236
    endloop
  endfacet
  facet normal -0.448256 -0.875122 -0.182286
    outer loop
      vertex 0.720599 3.96723 2.32208
      vertex 1.16118 3.79454 2.06771
      vertex 0.799158 3.89003 2.49952
    endloop
  endfacet
  facet normal -0.448265 -0.875115 -0.182296
    outer loop
      vertex 1.16118 3.79454 2.06771
      vertex 1.23116 3.7207 2.2501
      vertex 0.799158 3.89003 2.49952
    endloop
  endfacet
  facet normal -0.524982 -0.751856 -0.398882
    outer loop
      vertex 0.666253 4.09003 2.16214
      vertex 1.12047 3.912 1.8999
      vertex 0.720599 3.96723 2.32208
    endloop
  endfacet
  facet normal -0.524994 -0.75184 -0.398896
    outer loop
      vertex 1.12047 3.912 1.8999
      vertex 1.16118 3.79454 2.06771
      vertex 0.720599 3.96723 2.32208
    endloop
  endfacet
  facet normal -0.56605 -0.577226 -0.588555
    outer loop
      vertex 0.639823 4.25007 2.0306
      vertex 1.11181 4.06507 1.7581
      vertex 0.666253 4.09003 2.16214
    endloop
  endfacet
  facet normal -0.566044 -0.57724 -0.588548
    outer loop
      vertex 1.11181 4.06507 1.7581
      vertex 1.12047 3.912 1.8999
      vertex 0.666253 4.09003 2.16214
    endloop
  endfacet
  facet normal -0.568517 -0.363033 -0.738238
    outer loop
      vertex 0.64311 4.43644 1.93642
      vertex 1.13579 4.24333 1.65197
      vertex 0.639823 4.25007 2.0306
    endloop
  endfacet
  facet normal -0.568515 -0.363042 -0.738235
    outer loop
      vertex 1.13579 4.24333 1.65197
      vertex 1.11181 4.06507 1.7581
      vertex 0.639823 4.25007 2.0306
    endloop
  endfacet
  facet normal -0.532114 -0.123891 -0.837559
    outer loop
      vertex 0.675891 4.63644 1.88601
      vertex 1.19079 4.43462 1.58874
      vertex 0.64311 4.43644 1.93642
    endloop
  endfacet
  facet normal -0.532116 -0.123858 -0.837563
    outer loop
      vertex 1.19079 4.43462 1.58874
      vertex 1.13579 4.24333 1.65197
      vertex 0.64311 4.43644 1.93642
    endloop
  endfacet
  facet normal -0.459283 0.123889 -0.879608
    outer loop
      vertex 0.73593 4.83644 1.88283
      vertex 1.27304 4.62592 1.57273
      vertex 0.675891 4.63644 1.88601
    endloop
  endfacet
  facet normal -0.459285 0.123856 -0.879612
    outer loop
      vertex 1.27304 4.62592 1.57273
      vertex 1.19079 4.43462 1.58874
      vertex 0.675891 4.63644 1.88601
    endloop
  endfacet
  facet normal -0.355081 0.363025 -0.86147
    outer loop
      vertex 0.819138 5.02281 1.92707
      vertex 1.37694 4.80417 1.60502
      vertex 0.73593 4.83644 1.88283
    endloop
  endfacet
  facet normal -0.35508 0.363028 -0.861469
    outer loop
      vertex 1.37694 4.80417 1.60502
      vertex 1.27304 4.62592 1.57273
      vertex 0.73593 4.83644 1.88283
    endloop
  endfacet
  facet normal -0.226676 0.577232 -0.784488
    outer loop
      vertex 0.919843 5.18285 2.01573
      vertex 1.49542 4.95725 1.68342
      vertex 0.819138 5.02281 1.92707
    endloop
  endfacet
  facet normal -0.226679 0.577223 -0.784494
    outer loop
      vertex 1.49542 4.95725 1.68342
      vertex 1.37694 4.80417 1.60502
      vertex 0.819138 5.02281 1.92707
    endloop
  endfacet
  facet normal -0.0829507 0.751839 -0.654108
    outer loop
      vertex 1.03118 5.30566 2.14277
      vertex 1.6204 5.0747 1.80258
      vertex 0.919843 5.18285 2.01573
    endloop
  endfacet
  facet normal -0.0829394 0.751862 -0.654083
    outer loop
      vertex 1.6204 5.0747 1.80258
      vertex 1.49542 4.95725 1.68342
      vertex 0.919843 5.18285 2.01573
    endloop
  endfacet
  facet normal 0.0662848 0.875132 -0.479322
    outer loop
      vertex 1.14557 5.38285 2.29952
      vertex 1.74335 5.14854 1.95439
      vertex 1.03118 5.30566 2.14277
    endloop
  endfacet
  facet normal 0.0662791 0.875124 -0.479337
    outer loop
      vertex 1.74335 5.14854 1.95439
      vertex 1.6204 5.0747 1.80258
      vertex 1.03118 5.30566 2.14277
    endloop
  endfacet
  facet normal 0.21087 0.938867 -0.272144
    outer loop
      vertex 1.25521 5.40918 2.47531
      vertex 1.85592 5.17373 2.12849
      vertex 1.14557 5.38285 2.29952
    endloop
  endfacet
  facet normal 0.210859 0.93886 -0.272178
    outer loop
      vertex 1.85592 5.17373 2.12849
      vertex 1.74335 5.14854 1.95439
      vertex 1.14557 5.38285 2.29952
    endloop
  endfacet
  facet normal 0.444902 0.889233 -0.106427
    outer loop
      vertex 1.95041 5.14854 2.31302
      vertex 2.5166 4.82614 1.98613
      vertex 1.85592 5.17373 2.12849
    endloop
  endfacet
  facet normal 0.444885 0.889233 -0.106503
    outer loop
      vertex 2.5166 4.82614 1.98613
      vertex 2.42487 4.84974 1.8
      vertex 1.85592 5.17373 2.12849
    endloop
  endfacet
  facet normal 0.544981 0.82886 0.126438
    outer loop
      vertex 2.0204 5.0747 2.4954
      vertex 2.57846 4.75692 2.17321
      vertex 1.95041 5.14854 2.31302
    endloop
  endfacet
  facet normal 0.544984 0.828853 0.126472
    outer loop
      vertex 2.57846 4.75692 2.17321
      vertex 2.5166 4.82614 1.98613
      vertex 1.95041 5.14854 2.31302
    endloop
  endfacet
  facet normal 0.608091 0.712107 0.350898
    outer loop
      vertex 2.0611 4.95725 2.66322
      vertex 2.60625 4.64682 2.34848
      vertex 2.0204 5.0747 2.4954
    endloop
  endfacet
  facet normal 0.60809 0.712102 0.350908
    outer loop
      vertex 2.60625 4.64682 2.34848
      vertex 2.57846 4.75692 2.17321
      vertex 2.0204 5.0747 2.4954
    endloop
  endfacet
  facet normal 0.629846 0.546707 0.55173
    outer loop
      vertex 2.06976 4.80417 2.80502
      vertex 2.59808 4.50333 2.5
      vertex 2.0611 4.95725 2.66322
    endloop
  endfacet
  facet normal 0.629852 0.546721 0.551709
    outer loop
      vertex 2.59808 4.50333 2.5
      vertex 2.60625 4.64682 2.34848
      vertex 2.0611 4.95725 2.66322
    endloop
  endfacet
  facet normal 0.608644 0.343865 0.715059
    outer loop
      vertex 2.04578 4.62592 2.91115
      vertex 2.55449 4.33624 2.61745
      vertex 2.06976 4.80417 2.80502
    endloop
  endfacet
  facet normal 0.608638 0.343853 0.71507
    outer loop
      vertex 2.55449 4.33624 2.61745
      vertex 2.59808 4.50333 2.5
      vertex 2.06976 4.80417 2.80502
    endloop
  endfacet
  facet normal 0.545815 0.117326 0.829651
    outer loop
      vertex 1.99079 4.43462 2.97438
      vertex 2.47846 4.15692 2.69282
      vertex 2.04578 4.62592 2.91115
    endloop
  endfacet
  facet normal 0.545798 0.117303 0.829665
    outer loop
      vertex 2.47846 4.15692 2.69282
      vertex 2.55449 4.33624 2.61745
      vertex 2.04578 4.62592 2.91115
    endloop
  endfacet
  facet normal 0.445586 -0.117334 0.887517
    outer loop
      vertex 1.90853 4.24333 2.99039
      vertex 2.37517 3.97761 2.72098
      vertex 1.99079 4.43462 2.97438
    endloop
  endfacet
  facet normal 0.445609 -0.117309 0.887508
    outer loop
      vertex 2.37517 3.97761 2.72098
      vertex 2.47846 4.15692 2.69282
      vertex 1.99079 4.43462 2.97438
    endloop
  endfacet
  facet normal 0.314964 -0.343822 0.884638
    outer loop
      vertex 1.80463 4.06507 2.9581
      vertex 2.25167 3.81051 2.7
      vertex 1.90853 4.24333 2.99039
    endloop
  endfacet
  facet normal 0.314945 -0.343838 0.884638
    outer loop
      vertex 2.25167 3.81051 2.7
      vertex 2.37517 3.97761 2.72098
      vertex 1.90853 4.24333 2.99039
    endloop
  endfacet
  facet normal 0.162861 -0.546726 0.821321
    outer loop
      vertex 1.68615 3.912 2.8797
      vertex 2.11635 3.66702 2.63132
      vertex 1.80463 4.06507 2.9581
    endloop
  endfacet
  facet normal 0.162874 -0.546718 0.821323
    outer loop
      vertex 2.11635 3.66702 2.63132
      vertex 2.25167 3.81051 2.7
      vertex 1.80463 4.06507 2.9581
    endloop
  endfacet
  facet normal -0.000145717 -0.712092 0.702086
    outer loop
      vertex 1.56118 3.79454 2.76054
      vertex 1.97846 3.55692 2.51962
      vertex 1.68615 3.912 2.8797
    endloop
  endfacet
  facet normal -0.00015252 -0.712095 0.702083
    outer loop
      vertex 1.97846 3.55692 2.51962
      vertex 2.11635 3.66702 2.63132
      vertex 1.68615 3.912 2.8797
    endloop
  endfacet
  facet normal -0.162997 -0.828864 0.535179
    outer loop
      vertex 1.43822 3.7207 2.60873
      vertex 1.84738 3.48771 2.3725
      vertex 1.56118 3.79454 2.76054
    endloop
  endfacet
  facet normal -0.163015 -0.828868 0.535168
    outer loop
      vertex 1.84738 3.48771 2.3725
      vertex 1.97846 3.55692 2.51962
      vertex 1.56118 3.79454 2.76054
    endloop
  endfacet
  facet normal -0.314653 -0.889231 0.332058
    outer loop
      vertex 1.32565 3.69552 2.43463
      vertex 1.73205 3.4641 2.2
      vertex 1.43822 3.7207 2.60873
    endloop
  endfacet
  facet normal -0.314638 -0.889232 0.332069
    outer loop
      vertex 1.73205 3.4641 2.2
      vertex 1.84738 3.48771 2.3725
      vertex 1.43822 3.7207 2.60873
    endloop
  endfacet
  facet normal -0.444884 -0.889238 0.106465
    outer loop
      vertex 1.23116 3.7207 2.2501
      vertex 1.64033 3.48771 2.01387
      vertex 1.32565 3.69552 2.43463
    endloop
  endfacet
  facet normal -0.444908 -0.889228 0.106443
    outer loop
      vertex 1.64033 3.48771 2.01387
      vertex 1.73205 3.4641 2.2
      vertex 1.32565 3.69552 2.43463
    endloop
  endfacet
  facet normal -0.544995 -0.828849 -0.126451
    outer loop
      vertex 1.16118 3.79454 2.06771
      vertex 1.57846 3.55692 1.82679
      vertex 1.23116 3.7207 2.2501
    endloop
  endfacet
  facet normal -0.544963 -0.828875 -0.126414
    outer loop
      vertex 1.57846 3.55692 1.82679
      vertex 1.64033 3.48771 2.01387
      vertex 1.23116 3.7207 2.2501
    endloop
  endfacet
  facet normal -0.608105 -0.71209 -0.350909
    outer loop
      vertex 1.12047 3.912 1.8999
      vertex 1.55067 3.66702 1.65152
      vertex 1.16118 3.79454 2.06771
    endloop
  endfacet
  facet normal -0.6081 -0.712097 -0.350903
    outer loop
      vertex 1.55067 3.66702 1.65152
      vertex 1.57846 3.55692 1.82679
      vertex 1.16118 3.79454 2.06771
    endloop
  endfacet
  facet normal -0.629852 -0.546722 -0.551708
    outer loop
      vertex 1.11181 4.06507 1.7581
      vertex 1.55885 3.81051 1.5
      vertex 1.12047 3.912 1.8999
    endloop
  endfacet
  facet normal -0.629862 -0.546694 -0.551725
    outer loop
      vertex 1.55885 3.81051 1.5
      vertex 1.55067 3.66702 1.65152
      vertex 1.12047 3.912 1.8999
    endloop
  endfacet
  facet normal -0.608648 -0.343848 -0.715064
    outer loop
      vertex 1.13579 4.24333 1.65197
      vertex 1.60243 3.97761 1.38255
      vertex 1.11181 4.06507 1.7581
    endloop
  endfacet
  facet normal -0.608647 -0.343859 -0.715059
    outer loop
      vertex 1.60243 3.97761 1.38255
      vertex 1.55885 3.81051 1.5
      vertex 1.11181 4.06507 1.7581
    endloop
  endfacet
  facet normal -0.545809 -0.117307 -0.829657
    outer loop
      vertex 1.19079 4.43462 1.58874
      vertex 1.67846 4.15692 1.30718
      vertex 1.13579 4.24333 1.65197
    endloop
  endfacet
  facet normal -0.545809 -0.117303 -0.829658
    outer loop
      vertex 1.67846 4.15692 1.30718
      vertex 1.60243 3.97761 1.38255
      vertex 1.13579 4.24333 1.65197
    endloop
  endfacet
  facet normal -0.445609 0.117315 -0.887507
    outer loop
      vertex 1.27304 4.62592 1.57273
      vertex 1.78175 4.33624 1.27902
      vertex 1.19079 4.43462 1.58874
    endloop
  endfacet
  facet normal -0.445611 0.117304 -0.887508
    outer loop
      vertex 1.78175 4.33624 1.27902
      vertex 1.67846 4.15692 1.30718
      vertex 1.19079 4.43462 1.58874
    endloop
  endfacet
  facet normal -0.314949 0.343833 -0.884639
    outer loop
      vertex 1.37694 4.80417 1.60502
      vertex 1.90526 4.50333 1.3
      vertex 1.27304 4.62592 1.57273
    endloop
  endfacet
  facet normal -0.314937 0.343871 -0.884628
    outer loop
      vertex 1.90526 4.50333 1.3
      vertex 1.78175 4.33624 1.27902
      vertex 1.27304 4.62592 1.57273
    endloop
  endfacet
  facet normal -0.162875 0.546706 -0.821331
    outer loop
      vertex 1.49542 4.95725 1.68342
      vertex 2.04057 4.64682 1.36868
      vertex 1.37694 4.80417 1.60502
    endloop
  endfacet
  facet normal -0.162874 0.546709 -0.821329
    outer loop
      vertex 2.04057 4.64682 1.36868
      vertex 1.90526 4.50333 1.3
      vertex 1.37694 4.80417 1.60502
    endloop
  endfacet
  facet normal 0.000161908 0.712114 -0.702064
    outer loop
      vertex 1.6204 5.0747 1.80258
      vertex 2.17846 4.75692 1.48038
      vertex 1.49542 4.95725 1.68342
    endloop
  endfacet
  facet normal 0.000151285 0.712096 -0.702082
    outer loop
      vertex 2.17846 4.75692 1.48038
      vertex 2.04057 4.64682 1.36868
      vertex 1.49542 4.95725 1.68342
    endloop
  endfacet
  facet normal 0.162995 0.82887 -0.535169
    outer loop
      vertex 1.74335 5.14854 1.95439
      vertex 2.30954 4.82614 1.6275
      vertex 1.6204 5.0747 1.80258
    endloop
  endfacet
  facet normal 0.162985 0.828857 -0.535193
    outer loop
      vertex 2.30954 4.82614 1.6275
      vertex 2.17846 4.75692 1.48038
      vertex 1.6204 5.0747 1.80258
    endloop
  endfacet
  facet normal 0.314632 0.889224 -0.332095
    outer loop
      vertex 1.85592 5.17373 2.12849
      vertex 2.42487 4.84974 1.8
      vertex 1.74335 5.14854 1.95439
    endloop
  endfacet
  facet normal 0.314654 0.889241 -0.33203
    outer loop
      vertex 2.42487 4.84974 1.8
      vertex 2.30954 4.82614 1.6275
      vertex 1.74335 5.14854 1.95439
    endloop
  endfacet
  facet normal 0.542156 0.824383 -0.162663
    outer loop
      vertex 2.5166 4.82614 1.98613
      vertex 3.04149 4.42115 1.68308
      vertex 2.42487 4.84974 1.8
    endloop
  endfacet
  facet normal 0.542172 0.824387 -0.162588
    outer loop
      vertex 3.04149 4.42115 1.68308
      vertex 2.95234 4.44278 1.49547
      vertex 2.42487 4.84974 1.8
    endloop
  endfacet
  facet normal 0.635653 0.768408 0.074127
    outer loop
      vertex 2.57846 4.75692 2.17321
      vertex 3.09583 4.35775 1.8745
      vertex 2.5166 4.82614 1.98613
    endloop
  endfacet
  facet normal 0.635648 0.768418 0.07406
    outer loop
      vertex 3.09583 4.35775 1.8745
      vertex 3.04149 4.42115 1.68308
      vertex 2.5166 4.82614 1.98613
    endloop
  endfacet
  facet normal 0.685985 0.660172 0.305936
    outer loop
      vertex 2.60625 4.64682 2.34848
      vertex 3.11165 4.25688 2.05669
      vertex 2.57846 4.75692 2.17321
    endloop
  endfacet
  facet normal 0.685985 0.660171 0.30594
    outer loop
      vertex 3.11165 4.25688 2.05669
      vertex 3.09583 4.35775 1.8745
      vertex 2.57846 4.75692 2.17321
    endloop
  endfacet
  facet normal 0.689652 0.506857 0.517181
    outer loop
      vertex 2.59808 4.50333 2.5
      vertex 3.08787 4.12544 2.21722
      vertex 2.60625 4.64682 2.34848
    endloop
  endfacet
  facet normal 0.689655 0.506861 0.517173
    outer loop
      vertex 3.08787 4.12544 2.21722
      vertex 3.11165 4.25688 2.05669
      vertex 2.60625 4.64682 2.34848
    endloop
  endfacet
  facet normal 0.646264 0.318768 0.693347
    outer loop
      vertex 2.55449 4.33624 2.61745
      vertex 3.0261 3.97236 2.34516
      vertex 2.59808 4.50333 2.5
    endloop
  endfacet
  facet normal 0.646242 0.31874 0.69338
    outer loop
      vertex 3.0261 3.97236 2.34516
      vertex 3.08787 4.12544 2.21722
      vertex 2.59808 4.50333 2.5
    endloop
  endfacet
  facet normal 0.558636 0.108745 0.822253
    outer loop
      vertex 2.47846 4.15692 2.69282
      vertex 2.93057 3.8081 2.43179
      vertex 2.55449 4.33624 2.61745
    endloop
  endfacet
  facet normal 0.558645 0.108753 0.822246
    outer loop
      vertex 2.93057 3.8081 2.43179
      vertex 3.0261 3.97236 2.34516
      vertex 2.55449 4.33624 2.61745
    endloop
  endfacet
  facet normal 0.432777 -0.108754 0.894917
    outer loop
      vertex 2.37517 3.97761 2.72098
      vertex 2.80778 3.64383 2.47121
      vertex 2.47846 4.15692 2.69282
    endloop
  endfacet
  facet normal 0.432784 -0.108748 0.894914
    outer loop
      vertex 2.80778 3.64383 2.47121
      vertex 2.93057 3.8081 2.43179
      vertex 2.47846 4.15692 2.69282
    endloop
  endfacet
  facet normal 0.277344 -0.318774 0.906346
    outer loop
      vertex 2.25167 3.81051 2.7
      vertex 2.6661 3.49075 2.46072
      vertex 2.37517 3.97761 2.72098
    endloop
  endfacet
  facet normal 0.277328 -0.318784 0.906348
    outer loop
      vertex 2.6661 3.49075 2.46072
      vertex 2.80778 3.64383 2.47121
      vertex 2.37517 3.97761 2.72098
    endloop
  endfacet
  facet normal 0.10308 -0.506853 0.855847
    outer loop
      vertex 2.11635 3.66702 2.63132
      vertex 2.51519 3.35931 2.40105
      vertex 2.25167 3.81051 2.7
    endloop
  endfacet
  facet normal 0.103064 -0.50686 0.855845
    outer loop
      vertex 2.51519 3.35931 2.40105
      vertex 2.6661 3.49075 2.46072
      vertex 2.25167 3.81051 2.7
    endloop
  endfacet
  facet normal -0.0780338 -0.660174 0.747048
    outer loop
      vertex 1.97846 3.55692 2.51962
      vertex 2.36532 3.25844 2.29626
      vertex 2.11635 3.66702 2.63132
    endloop
  endfacet
  facet normal -0.0780177 -0.660169 0.747054
    outer loop
      vertex 2.36532 3.25844 2.29626
      vertex 2.51519 3.35931 2.40105
      vertex 2.11635 3.66702 2.63132
    endloop
  endfacet
  facet normal -0.253681 -0.768423 0.587514
    outer loop
      vertex 1.84738 3.48771 2.3725
      vertex 2.22671 3.19504 2.1535
      vertex 1.97846 3.55692 2.51962
    endloop
  endfacet
  facet normal -0.253649 -0.768419 0.587532
    outer loop
      vertex 2.22671 3.19504 2.1535
      vertex 2.36532 3.25844 2.29626
      vertex 1.97846 3.55692 2.51962
    endloop
  endfacet
  facet normal -0.411912 -0.824382 0.388229
    outer loop
      vertex 1.73205 3.4641 2.2
      vertex 2.10881 3.17341 1.98248
      vertex 1.84738 3.48771 2.3725
    endloop
  endfacet
  facet normal -0.411909 -0.824383 0.388232
    outer loop
      vertex 2.10881 3.17341 1.98248
      vertex 2.22671 3.19504 2.1535
      vertex 1.84738 3.48771 2.3725
    endloop
  endfacet
  facet normal -0.54218 -0.82438 0.162602
    outer loop
      vertex 1.64033 3.48771 2.01387
      vertex 2.01965 3.19504 1.79486
      vertex 1.73205 3.4641 2.2
    endloop
  endfacet
  facet normal -0.542173 -0.824383 0.162609
    outer loop
      vertex 2.01965 3.19504 1.79486
      vertex 2.10881 3.17341 1.98248
      vertex 1.73205 3.4641 2.2
    endloop
  endfacet
  facet normal -0.635637 -0.768427 -0.0740645
    outer loop
      vertex 1.57846 3.55692 1.82679
      vertex 1.96532 3.25844 1.60344
      vertex 1.64033 3.48771 2.01387
    endloop
  endfacet
  facet normal -0.635655 -0.76841 -0.0740886
    outer loop
      vertex 1.96532 3.25844 1.60344
      vertex 2.01965 3.19504 1.79486
      vertex 1.64033 3.48771 2.01387
    endloop
  endfacet
  facet normal -0.685979 -0.660177 -0.30594
    outer loop
      vertex 1.55067 3.66702 1.65152
      vertex 1.9495 3.35931 1.42126
      vertex 1.57846 3.55692 1.82679
    endloop
  endfacet
  facet normal -0.685986 -0.660164 -0.305953
    outer loop
      vertex 1.9495 3.35931 1.42126
      vertex 1.96532 3.25844 1.60344
      vertex 1.57846 3.55692 1.82679
    endloop
  endfacet
  facet normal -0.689663 -0.506825 -0.517197
    outer loop
      vertex 1.55885 3.81051 1.5
      vertex 1.97328 3.49075 1.26072
      vertex 1.55067 3.66702 1.65152
    endloop
  endfacet
  facet normal -0.689651 -0.506882 -0.517158
    outer loop
      vertex 1.97328 3.49075 1.26072
      vertex 1.9495 3.35931 1.42126
      vertex 1.55067 3.66702 1.65152
    endloop
  endfacet
  facet normal -0.646262 -0.318784 -0.693341
    outer loop
      vertex 1.60243 3.97761 1.38255
      vertex 2.03504 3.64383 1.13278
      vertex 1.55885 3.81051 1.5
    endloop
  endfacet
  facet normal -0.646262 -0.318753 -0.693355
    outer loop
      vertex 2.03504 3.64383 1.13278
      vertex 1.97328 3.49075 1.26072
      vertex 1.55885 3.81051 1.5
    endloop
  endfacet
  facet normal -0.558638 -0.108749 -0.822251
    outer loop
      vertex 1.67846 4.15692 1.30718
      vertex 2.13057 3.8081 1.04615
      vertex 1.60243 3.97761 1.38255
    endloop
  endfacet
  facet normal -0.558639 -0.108752 -0.82225
    outer loop
      vertex 2.13057 3.8081 1.04615
      vertex 2.03504 3.64383 1.13278
      vertex 1.60243 3.97761 1.38255
    endloop
  endfacet
  facet normal -0.432771 0.108744 -0.894921
    outer loop
      vertex 1.78175 4.33624 1.27902
      vertex 2.25336 3.97236 1.00674
      vertex 1.67846 4.15692 1.30718
    endloop
  endfacet
  facet normal -0.432758 0.108788 -0.894922
    outer loop
      vertex 2.25336 3.97236 1.00674
      vertex 2.13057 3.8081 1.04615
      vertex 1.67846 4.15692 1.30718
    endloop
  endfacet
  facet normal -0.277323 0.318794 -0.906346
    outer loop
      vertex 1.90526 4.50333 1.3
      vertex 2.39504 4.12544 1.01722
      vertex 1.78175 4.33624 1.27902
    endloop
  endfacet
  facet normal -0.277346 0.318742 -0.906357
    outer loop
      vertex 2.39504 4.12544 1.01722
      vertex 2.25336 3.97236 1.00674
      vertex 1.78175 4.33624 1.27902
    endloop
  endfacet
  facet normal -0.103072 0.506842 -0.855855
    outer loop
      vertex 2.04057 4.64682 1.36868
      vertex 2.54596 4.25688 1.07689
      vertex 1.90526 4.50333 1.3
    endloop
  endfacet
  facet normal -0.103061 0.506863 -0.855844
    outer loop
      vertex 2.54596 4.25688 1.07689
      vertex 2.39504 4.12544 1.01722
      vertex 1.90526 4.50333 1.3
    endloop
  endfacet
  facet normal 0.0780402 0.66017 -0.747051
    outer loop
      vertex 2.17846 4.75692 1.48038
      vertex 2.69583 4.35775 1.18168
      vertex 2.04057 4.64682 1.36868
    endloop
  endfacet
  facet normal 0.0780317 0.660158 -0.747063
    outer loop
      vertex 2.69583 4.35775 1.18168
      vertex 2.54596 4.25688 1.07689
      vertex 2.04057 4.64682 1.36868
    endloop
  endfacet
  facet normal 0.253658 0.768411 -0.58754
    outer loop
      vertex 2.30954 4.82614 1.6275
      vertex 2.83444 4.42115 1.32445
      vertex 2.17846 4.75692 1.48038
    endloop
  endfacet
  facet normal 0.253671 0.768425 -0.587515
    outer loop
      vertex 2.83444 4.42115 1.32445
      vertex 2.69583 4.35775 1.18168
      vertex 2.17846 4.75692 1.48038
    endloop
  endfacet
  facet normal 0.411926 0.824393 -0.388192
    outer loop
      vertex 2.42487 4.84974 1.8
      vertex 2.95234 4.44278 1.49547
      vertex 2.30954 4.82614 1.6275
    endloop
  endfacet
  facet normal 0.411911 0.824381 -0.388233
    outer loop
      vertex 2.95234 4.44278 1.49547
      vertex 2.83444 4.42115 1.32445
      vertex 2.30954 4.82614 1.6275
    endloop
  endfacet
  facet normal 0.631283 0.745434 -0.214035
    outer loop
      vertex 3.04149 4.42115 1.68308
      vertex 3.51612 3.94052 1.40905
      vertex 2.95234 4.44278 1.49547
    endloop
  endfacet
  facet normal 0.631282 0.745433 -0.214037
    outer loop
      vertex 3.51612 3.94052 1.40905
      vertex 3.42929 3.9598 1.2201
      vertex 2.95234 4.44278 1.49547
    endloop
  endfacet
  facet normal 0.718699 0.694831 0.026111
    outer loop
      vertex 3.09583 4.35775 1.8745
      vertex 3.56365 3.88401 1.6044
      vertex 3.04149 4.42115 1.68308
    endloop
  endfacet
  facet normal 0.7187 0.694829 0.0261324
    outer loop
      vertex 3.56365 3.88401 1.6044
      vertex 3.51612 3.94052 1.40905
      vertex 3.04149 4.42115 1.68308
    endloop
  endfacet
  facet normal 0.757345 0.596944 0.264738
    outer loop
      vertex 3.11165 4.25688 2.05669
      vertex 3.56864 3.79411 1.79284
      vertex 3.09583 4.35775 1.8745
    endloop
  endfacet
  facet normal 0.757346 0.596946 0.264733
    outer loop
      vertex 3.56864 3.79411 1.79284
      vertex 3.56365 3.88401 1.6044
      vertex 3.09583 4.35775 1.8745
    endloop
  endfacet
  facet normal 0.744443 0.458317 0.485542
    outer loop
      vertex 3.08787 4.12544 2.21722
      vertex 3.53075 3.67696 1.96152
      vertex 3.11165 4.25688 2.05669
    endloop
  endfacet
  facet normal 0.744447 0.458321 0.485531
    outer loop
      vertex 3.53075 3.67696 1.96152
      vertex 3.56864 3.79411 1.79284
      vertex 3.11165 4.25688 2.05669
    endloop
  endfacet
  facet normal 0.680694 0.288214 0.67349
    outer loop
      vertex 3.0261 3.97236 2.34516
      vertex 3.45255 3.54052 2.09895
      vertex 3.08787 4.12544 2.21722
    endloop
  endfacet
  facet normal 0.680703 0.288222 0.673477
    outer loop
      vertex 3.45255 3.54052 2.09895
      vertex 3.53075 3.67696 1.96152
      vertex 3.08787 4.12544 2.21722
    endloop
  endfacet
  facet normal 0.570392 0.0983446 0.815464
    outer loop
      vertex 2.93057 3.8081 2.43179
      vertex 3.33939 3.39411 2.19576
      vertex 3.0261 3.97236 2.34516
    endloop
  endfacet
  facet normal 0.570395 0.0983468 0.815462
    outer loop
      vertex 3.33939 3.39411 2.19576
      vertex 3.45255 3.54052 2.09895
      vertex 3.0261 3.97236 2.34516
    endloop
  endfacet
  facet normal 0.421027 -0.0983312 0.901702
    outer loop
      vertex 2.80778 3.64383 2.47121
      vertex 3.19896 3.2477 2.24536
      vertex 2.93057 3.8081 2.43179
    endloop
  endfacet
  facet normal 0.421012 -0.0983404 0.901708
    outer loop
      vertex 3.19896 3.2477 2.24536
      vertex 3.33939 3.39411 2.19576
      vertex 2.93057 3.8081 2.43179
    endloop
  endfacet
  facet normal 0.242869 -0.288254 0.926242
    outer loop
      vertex 2.6661 3.49075 2.46072
      vertex 3.04085 3.11127 2.24436
      vertex 2.80778 3.64383 2.47121
    endloop
  endfacet
  facet normal 0.24287 -0.288253 0.926242
    outer loop
      vertex 3.04085 3.11127 2.24436
      vertex 3.19896 3.2477 2.24536
      vertex 2.80778 3.64383 2.47121
    endloop
  endfacet
  facet normal 0.0482694 -0.45831 0.887481
    outer loop
      vertex 2.51519 3.35931 2.40105
      vertex 2.87582 2.99411 2.19284
      vertex 2.6661 3.49075 2.46072
    endloop
  endfacet
  facet normal 0.048301 -0.458299 0.887485
    outer loop
      vertex 2.87582 2.99411 2.19284
      vertex 3.04085 3.11127 2.24436
      vertex 2.6661 3.49075 2.46072
    endloop
  endfacet
  facet normal -0.149388 -0.596935 0.788258
    outer loop
      vertex 2.36532 3.25844 2.29626
      vertex 2.71512 2.90421 2.0943
      vertex 2.51519 3.35931 2.40105
    endloop
  endfacet
  facet normal -0.149406 -0.596939 0.788252
    outer loop
      vertex 2.71512 2.90421 2.0943
      vertex 2.87582 2.99411 2.19284
      vertex 2.51519 3.35931 2.40105
    endloop
  endfacet
  facet normal -0.336703 -0.694827 0.635489
    outer loop
      vertex 2.22671 3.19504 2.1535
      vertex 2.56971 2.8477 1.95546
      vertex 2.36532 3.25844 2.29626
    endloop
  endfacet
  facet normal -0.336732 -0.694828 0.635472
    outer loop
      vertex 2.56971 2.8477 1.95546
      vertex 2.71512 2.90421 2.0943
      vertex 2.36532 3.25844 2.29626
    endloop
  endfacet
  facet normal -0.501007 -0.74544 0.439671
    outer loop
      vertex 2.10881 3.17341 1.98248
      vertex 2.44949 2.82843 1.78579
      vertex 2.22671 3.19504 2.1535
    endloop
  endfacet
  facet normal -0.50102 -0.745438 0.439661
    outer loop
      vertex 2.44949 2.82843 1.78579
      vertex 2.56971 2.8477 1.95546
      vertex 2.22671 3.19504 2.1535
    endloop
  endfacet
  facet normal -0.631279 -0.745431 0.214056
    outer loop
      vertex 2.01965 3.19504 1.79486
      vertex 2.36265 2.8477 1.59683
      vertex 2.10881 3.17341 1.98248
    endloop
  endfacet
  facet normal -0.631253 -0.745445 0.214084
    outer loop
      vertex 2.36265 2.8477 1.59683
      vertex 2.44949 2.82843 1.78579
      vertex 2.10881 3.17341 1.98248
    endloop
  endfacet
  facet normal -0.71871 -0.694818 -0.0261411
    outer loop
      vertex 1.96532 3.25844 1.60344
      vertex 2.31512 2.90421 1.40148
      vertex 2.01965 3.19504 1.79486
    endloop
  endfacet
  facet normal -0.718704 -0.694825 -0.0261306
    outer loop
      vertex 2.31512 2.90421 1.40148
      vertex 2.36265 2.8477 1.59683
      vertex 2.01965 3.19504 1.79486
    endloop
  endfacet
  facet normal -0.75735 -0.596934 -0.264746
    outer loop
      vertex 1.9495 3.35931 1.42126
      vertex 2.31013 2.99411 1.21305
      vertex 1.96532 3.25844 1.60344
    endloop
  endfacet
  facet normal -0.757349 -0.596937 -0.264743
    outer loop
      vertex 2.31013 2.99411 1.21305
      vertex 2.31512 2.90421 1.40148
      vertex 1.96532 3.25844 1.60344
    endloop
  endfacet
  facet normal -0.744434 -0.458343 -0.485531
    outer loop
      vertex 1.97328 3.49075 1.26072
      vertex 2.34803 3.11127 1.04437
      vertex 1.9495 3.35931 1.42126
    endloop
  endfacet
  facet normal -0.74444 -0.458285 -0.485576
    outer loop
      vertex 2.34803 3.11127 1.04437
      vertex 2.31013 2.99411 1.21305
      vertex 1.9495 3.35931 1.42126
    endloop
  endfacet
  facet normal -0.680705 -0.288237 -0.673469
    outer loop
      vertex 2.03504 3.64383 1.13278
      vertex 2.42622 3.2477 0.906936
      vertex 1.97328 3.49075 1.26072
    endloop
  endfacet
  facet normal -0.68071 -0.288278 -0.673447
    outer loop
      vertex 2.42622 3.2477 0.906936
      vertex 2.34803 3.11127 1.04437
      vertex 1.97328 3.49075 1.26072
    endloop
  endfacet
  facet normal -0.570387 -0.0983435 -0.815468
    outer loop
      vertex 2.13057 3.8081 1.04615
      vertex 2.53939 3.39411 0.810123
      vertex 2.03504 3.64383 1.13278
    endloop
  endfacet
  facet normal -0.570385 -0.0983373 -0.81547
    outer loop
      vertex 2.53939 3.39411 0.810123
      vertex 2.42622 3.2477 0.906936
      vertex 2.03504 3.64383 1.13278
    endloop
  endfacet
  facet normal -0.420998 0.0983681 -0.901712
    outer loop
      vertex 2.25336 3.97236 1.00674
      vertex 2.67981 3.54052 0.760526
      vertex 2.13057 3.8081 1.04615
    endloop
  endfacet
  facet normal -0.421014 0.098332 -0.901708
    outer loop
      vertex 2.67981 3.54052 0.760526
      vertex 2.53939 3.39411 0.810123
      vertex 2.13057 3.8081 1.04615
    endloop
  endfacet
  facet normal -0.242899 0.288221 -0.926244
    outer loop
      vertex 2.39504 4.12544 1.01722
      vertex 2.83793 3.67696 0.761522
      vertex 2.25336 3.97236 1.00674
    endloop
  endfacet
  facet normal -0.242887 0.288242 -0.926241
    outer loop
      vertex 2.83793 3.67696 0.761522
      vertex 2.67981 3.54052 0.760526
      vertex 2.25336 3.97236 1.00674
    endloop
  endfacet
  facet normal -0.0482726 0.458316 -0.887477
    outer loop
      vertex 2.54596 4.25688 1.07689
      vertex 3.00296 3.79411 0.813046
      vertex 2.39504 4.12544 1.01722
    endloop
  endfacet
  facet normal -0.0482697 0.45832 -0.887475
    outer loop
      vertex 3.00296 3.79411 0.813046
      vertex 2.83793 3.67696 0.761522
      vertex 2.39504 4.12544 1.01722
    endloop
  endfacet
  facet normal 0.149389 0.596935 -0.788259
    outer loop
      vertex 2.69583 4.35775 1.18168
      vertex 3.16365 3.88401 0.911585
      vertex 2.54596 4.25688 1.07689
    endloop
  endfacet
  facet normal 0.149401 0.596949 -0.788246
    outer loop
      vertex 3.16365 3.88401 0.911585
      vertex 3.00296 3.79411 0.813046
      vertex 2.54596 4.25688 1.07689
    endloop
  endfacet
  facet normal 0.336726 0.694834 -0.63547
    outer loop
      vertex 2.83444 4.42115 1.32445
      vertex 3.30907 3.94052 1.05042
      vertex 2.69583 4.35775 1.18168
    endloop
  endfacet
  facet normal 0.336711 0.694819 -0.635493
    outer loop
      vertex 3.30907 3.94052 1.05042
      vertex 3.16365 3.88401 0.911585
      vertex 2.69583 4.35775 1.18168
    endloop
  endfacet
  facet normal 0.501012 0.745436 -0.439674
    outer loop
      vertex 2.95234 4.44278 1.49547
      vertex 3.42929 3.9598 1.2201
      vertex 2.83444 4.42115 1.32445
    endloop
  endfacet
  facet normal 0.501012 0.745436 -0.439673
    outer loop
      vertex 3.42929 3.9598 1.2201
      vertex 3.30907 3.94052 1.05042
      vertex 2.83444 4.42115 1.32445
    endloop
  endfacet
  facet normal 0.710701 0.653729 -0.25989
    outer loop
      vertex 3.51612 3.94052 1.40905
      vertex 3.93236 3.39247 1.16874
      vertex 3.42929 3.9598 1.2201
    endloop
  endfacet
  facet normal 0.71069 0.653723 -0.259935
    outer loop
      vertex 3.93236 3.39247 1.16874
      vertex 3.84756 3.40906 0.978611
      vertex 3.42929 3.9598 1.2201
    endloop
  endfacet
  facet normal 0.792727 0.609351 -0.0166055
    outer loop
      vertex 3.56365 3.88401 1.6044
      vertex 3.97392 3.34382 1.36754
      vertex 3.51612 3.94052 1.40905
    endloop
  endfacet
  facet normal 0.792727 0.609351 -0.0166037
    outer loop
      vertex 3.97392 3.34382 1.36754
      vertex 3.93236 3.39247 1.16874
      vertex 3.51612 3.94052 1.40905
    endloop
  endfacet
  facet normal 0.820942 0.52351 0.228015
    outer loop
      vertex 3.56864 3.79411 1.79284
      vertex 3.96941 3.26642 1.56146
      vertex 3.56365 3.88401 1.6044
    endloop
  endfacet
  facet normal 0.820938 0.523505 0.228041
    outer loop
      vertex 3.96941 3.26642 1.56146
      vertex 3.97392 3.34382 1.36754
      vertex 3.56365 3.88401 1.6044
    endloop
  endfacet
  facet normal 0.793279 0.401933 0.457338
    outer loop
      vertex 3.53075 3.67696 1.96152
      vertex 3.91914 3.16556 1.73728
      vertex 3.56864 3.79411 1.79284
    endloop
  endfacet
  facet normal 0.793265 0.401922 0.457373
    outer loop
      vertex 3.91914 3.16556 1.73728
      vertex 3.96941 3.26642 1.56146
      vertex 3.56864 3.79411 1.79284
    endloop
  endfacet
  facet normal 0.711406 0.25277 0.655751
    outer loop
      vertex 3.45255 3.54052 2.09895
      vertex 3.82654 3.0481 1.88303
      vertex 3.53075 3.67696 1.96152
    endloop
  endfacet
  facet normal 0.711431 0.252786 0.655717
    outer loop
      vertex 3.82654 3.0481 1.88303
      vertex 3.91914 3.16556 1.73728
      vertex 3.53075 3.67696 1.96152
    endloop
  endfacet
  facet normal 0.580873 0.0862482 0.809412
    outer loop
      vertex 3.33939 3.39411 2.19576
      vertex 3.69791 2.92205 1.98877
      vertex 3.45255 3.54052 2.09895
    endloop
  endfacet
  facet normal 0.580866 0.0862443 0.809418
    outer loop
      vertex 3.69791 2.92205 1.98877
      vertex 3.82654 3.0481 1.88303
      vertex 3.45255 3.54052 2.09895
    endloop
  endfacet
  facet normal 0.410533 -0.0862391 0.907759
    outer loop
      vertex 3.19896 3.2477 2.24536
      vertex 3.54202 2.79601 2.0473
      vertex 3.33939 3.39411 2.19576
    endloop
  endfacet
  facet normal 0.410544 -0.086234 0.907754
    outer loop
      vertex 3.54202 2.79601 2.0473
      vertex 3.69791 2.92205 1.98877
      vertex 3.33939 3.39411 2.19576
    endloop
  endfacet
  facet normal 0.212156 -0.252789 0.943974
    outer loop
      vertex 3.04085 3.11127 2.24436
      vertex 3.36949 2.67855 2.05462
      vertex 3.19896 3.2477 2.24536
    endloop
  endfacet
  facet normal 0.212152 -0.25279 0.943975
    outer loop
      vertex 3.36949 2.67855 2.05462
      vertex 3.54202 2.79601 2.0473
      vertex 3.19896 3.2477 2.24536
    endloop
  endfacet
  facet normal -0.000524099 -0.401921 0.915674
    outer loop
      vertex 2.87582 2.99411 2.19284
      vertex 3.19209 2.57769 2.01024
      vertex 3.04085 3.11127 2.24436
    endloop
  endfacet
  facet normal -0.000557654 -0.401929 0.915671
    outer loop
      vertex 3.19209 2.57769 2.01024
      vertex 3.36949 2.67855 2.05462
      vertex 3.04085 3.11127 2.24436
    endloop
  endfacet
  facet normal -0.213001 -0.523506 0.824968
    outer loop
      vertex 2.71512 2.90421 2.0943
      vertex 3.0219 2.50029 1.91719
      vertex 2.87582 2.99411 2.19284
    endloop
  endfacet
  facet normal -0.212969 -0.523502 0.824979
    outer loop
      vertex 3.0219 2.50029 1.91719
      vertex 3.19209 2.57769 2.01024
      vertex 2.87582 2.99411 2.19284
    endloop
  endfacet
  facet normal -0.410764 -0.609343 0.678214
    outer loop
      vertex 2.56971 2.8477 1.95546
      vertex 2.87051 2.45164 1.7818
      vertex 2.71512 2.90421 2.0943
    endloop
  endfacet
  facet normal -0.410734 -0.609345 0.678231
    outer loop
      vertex 2.87051 2.45164 1.7818
      vertex 3.0219 2.50029 1.91719
      vertex 2.71512 2.90421 2.0943
    endloop
  endfacet
  facet normal -0.580433 -0.653738 0.485514
    outer loop
      vertex 2.44949 2.82843 1.78579
      vertex 2.74826 2.43505 1.61329
      vertex 2.56971 2.8477 1.95546
    endloop
  endfacet
  facet normal -0.580474 -0.653727 0.48548
    outer loop
      vertex 2.74826 2.43505 1.61329
      vertex 2.87051 2.45164 1.7818
      vertex 2.56971 2.8477 1.95546
    endloop
  endfacet
  facet normal -0.710676 -0.653737 0.259937
    outer loop
      vertex 2.36265 2.8477 1.59683
      vertex 2.66346 2.45164 1.42317
      vertex 2.44949 2.82843 1.78579
    endloop
  endfacet
  facet normal -0.710674 -0.653738 0.259939
    outer loop
      vertex 2.66346 2.45164 1.42317
      vertex 2.74826 2.43505 1.61329
      vertex 2.44949 2.82843 1.78579
    endloop
  endfacet
  facet normal -0.792722 -0.609357 0.0166024
    outer loop
      vertex 2.31512 2.90421 1.40148
      vertex 2.6219 2.50029 1.22437
      vertex 2.36265 2.8477 1.59683
    endloop
  endfacet
  facet normal -0.792722 -0.609357 0.0166013
    outer loop
      vertex 2.6219 2.50029 1.22437
      vertex 2.66346 2.45164 1.42317
      vertex 2.36265 2.8477 1.59683
    endloop
  endfacet
  facet normal -0.820938 -0.523511 -0.228027
    outer loop
      vertex 2.31013 2.99411 1.21305
      vertex 2.6264 2.57769 1.03045
      vertex 2.31512 2.90421 1.40148
    endloop
  endfacet
  facet normal -0.820933 -0.523528 -0.228008
    outer loop
      vertex 2.6264 2.57769 1.03045
      vertex 2.6219 2.50029 1.22437
      vertex 2.31512 2.90421 1.40148
    endloop
  endfacet
  facet normal -0.793267 -0.401903 -0.457386
    outer loop
      vertex 2.34803 3.11127 1.04437
      vertex 2.67667 2.67855 0.854623
      vertex 2.31013 2.99411 1.21305
    endloop
  endfacet
  facet normal -0.793267 -0.401932 -0.457361
    outer loop
      vertex 2.67667 2.67855 0.854623
      vertex 2.6264 2.57769 1.03045
      vertex 2.31013 2.99411 1.21305
    endloop
  endfacet
  facet normal -0.711429 -0.252807 -0.655712
    outer loop
      vertex 2.42622 3.2477 0.906936
      vertex 2.76928 2.79601 0.708873
      vertex 2.34803 3.11127 1.04437
    endloop
  endfacet
  facet normal -0.711418 -0.252764 -0.65574
    outer loop
      vertex 2.76928 2.79601 0.708873
      vertex 2.67667 2.67855 0.854623
      vertex 2.34803 3.11127 1.04437
    endloop
  endfacet
  facet normal -0.580864 -0.0862367 -0.809419
    outer loop
      vertex 2.53939 3.39411 0.810123
      vertex 2.89791 2.92205 0.603132
      vertex 2.42622 3.2477 0.906936
    endloop
  endfacet
  facet normal -0.58087 -0.08625 -0.809414
    outer loop
      vertex 2.89791 2.92205 0.603132
      vertex 2.76928 2.79601 0.708873
      vertex 2.42622 3.2477 0.906936
    endloop
  endfacet
  facet normal -0.41054 0.0862382 -0.907755
    outer loop
      vertex 2.67981 3.54052 0.760526
      vertex 3.0538 3.0481 0.544605
      vertex 2.53939 3.39411 0.810123
    endloop
  endfacet
  facet normal -0.410539 0.0862409 -0.907756
    outer loop
      vertex 3.0538 3.0481 0.544605
      vertex 2.89791 2.92205 0.603132
      vertex 2.53939 3.39411 0.810123
    endloop
  endfacet
  facet normal -0.212174 0.252779 -0.943973
    outer loop
      vertex 2.83793 3.67696 0.761522
      vertex 3.22632 3.16556 0.537281
      vertex 2.67981 3.54052 0.760526
    endloop
  endfacet
  facet normal -0.212176 0.252776 -0.943973
    outer loop
      vertex 3.22632 3.16556 0.537281
      vertex 3.0538 3.0481 0.544605
      vertex 2.67981 3.54052 0.760526
    endloop
  endfacet
  facet normal 0.000559025 0.401935 -0.915668
    outer loop
      vertex 3.00296 3.79411 0.813046
      vertex 3.40373 3.26642 0.58166
      vertex 2.83793 3.67696 0.761522
    endloop
  endfacet
  facet normal 0.00055316 0.401928 -0.915671
    outer loop
      vertex 3.40373 3.26642 0.58166
      vertex 3.22632 3.16556 0.537281
      vertex 2.83793 3.67696 0.761522
    endloop
  endfacet
  facet normal 0.213002 0.523513 -0.824963
    outer loop
      vertex 3.16365 3.88401 0.911585
      vertex 3.57392 3.34382 0.674716
      vertex 3.00296 3.79411 0.813046
    endloop
  endfacet
  facet normal 0.212993 0.523504 -0.824971
    outer loop
      vertex 3.57392 3.34382 0.674716
      vertex 3.40373 3.26642 0.58166
      vertex 3.00296 3.79411 0.813046
    endloop
  endfacet
  facet normal 0.410735 0.609338 -0.678236
    outer loop
      vertex 3.30907 3.94052 1.05042
      vertex 3.7253 3.39247 0.810109
      vertex 3.16365 3.88401 0.911585
    endloop
  endfacet
  facet normal 0.410754 0.609354 -0.67821
    outer loop
      vertex 3.7253 3.39247 0.810109
      vertex 3.57392 3.34382 0.674716
      vertex 3.16365 3.88401 0.911585
    endloop
  endfacet
  facet normal 0.580441 0.653721 -0.485528
    outer loop
      vertex 3.42929 3.9598 1.2201
      vertex 3.84756 3.40906 0.978611
      vertex 3.30907 3.94052 1.05042
    endloop
  endfacet
  facet normal 0.580446 0.653725 -0.485517
    outer loop
      vertex 3.84756 3.40906 0.978611
      vertex 3.7253 3.39247 0.810109
      vertex 3.30907 3.94052 1.05042
    endloop
  endfacet
  facet normal 0.779062 0.550834 -0.299408
    outer loop
      vertex 3.93236 3.39247 1.16874
      vertex 4.28308 2.78637 0.966248
      vertex 3.84756 3.40906 0.978611
    endloop
  endfacet
  facet normal 0.779069 0.550838 -0.29938
    outer loop
      vertex 4.28308 2.78637 0.966248
      vertex 4.2 2.8 0.775129
      vertex 3.84756 3.40906 0.978611
    endloop
  endfacet
  facet normal 0.856461 0.513443 -0.0533978
    outer loop
      vertex 3.97392 3.34382 1.36754
      vertex 4.31962 2.74641 1.16795
      vertex 3.93236 3.39247 1.16874
    endloop
  endfacet
  facet normal 0.856459 0.513442 -0.0534346
    outer loop
      vertex 4.31962 2.74641 1.16795
      vertex 4.28308 2.78637 0.966248
      vertex 3.93236 3.39247 1.16874
    endloop
  endfacet
  facet normal 0.875692 0.441111 0.196428
    outer loop
      vertex 3.96941 3.26642 1.56146
      vertex 4.30711 2.68284 1.36649
      vertex 3.97392 3.34382 1.36754
    endloop
  endfacet
  facet normal 0.875694 0.441112 0.196416
    outer loop
      vertex 4.30711 2.68284 1.36649
      vertex 4.31962 2.74641 1.16795
      vertex 3.97392 3.34382 1.36754
    endloop
  endfacet
  facet normal 0.835302 0.338663 0.433103
    outer loop
      vertex 3.91914 3.16556 1.73728
      vertex 4.24641 2.6 1.54833
      vertex 3.96941 3.26642 1.56146
    endloop
  endfacet
  facet normal 0.835297 0.338661 0.433113
    outer loop
      vertex 4.24641 2.6 1.54833
      vertex 4.30711 2.68284 1.36649
      vertex 3.96941 3.26642 1.56146
    endloop
  endfacet
  facet normal 0.73787 0.213001 0.640452
    outer loop
      vertex 3.82654 3.0481 1.88303
      vertex 4.14166 2.50353 1.70109
      vertex 3.91914 3.16556 1.73728
    endloop
  endfacet
  facet normal 0.737856 0.212995 0.640469
    outer loop
      vertex 4.14166 2.50353 1.70109
      vertex 4.24641 2.6 1.54833
      vertex 3.91914 3.16556 1.73728
    endloop
  endfacet
  facet normal 0.589887 0.072669 0.804209
    outer loop
      vertex 3.69791 2.92205 1.98877
      vertex 4 2.4 1.81436
      vertex 3.82654 3.0481 1.88303
    endloop
  endfacet
  facet normal 0.58991 0.0726768 0.804192
    outer loop
      vertex 4 2.4 1.81436
      vertex 4.14166 2.50353 1.70109
      vertex 3.82654 3.0481 1.88303
    endloop
  endfacet
  facet normal 0.401527 -0.0726637 0.91296
    outer loop
      vertex 3.54202 2.79601 2.0473
      vertex 3.83108 2.29647 1.88041
      vertex 3.69791 2.92205 1.98877
    endloop
  endfacet
  facet normal 0.401518 -0.0726664 0.912964
    outer loop
      vertex 3.83108 2.29647 1.88041
      vertex 4 2.4 1.81436
      vertex 3.69791 2.92205 1.98877
    endloop
  endfacet
  facet normal 0.185715 -0.213007 0.959238
    outer loop
      vertex 3.36949 2.67855 2.05462
      vertex 3.64641 2.2 1.89474
      vertex 3.54202 2.79601 2.0473
    endloop
  endfacet
  facet normal 0.185709 -0.213009 0.959239
    outer loop
      vertex 3.64641 2.2 1.89474
      vertex 3.83108 2.29647 1.88041
      vertex 3.54202 2.79601 2.0473
    endloop
  endfacet
  facet normal -0.0426012 -0.33866 0.939944
    outer loop
      vertex 3.19209 2.57769 2.01024
      vertex 3.45858 2.11716 1.85639
      vertex 3.36949 2.67855 2.05462
    endloop
  endfacet
  facet normal -0.0425539 -0.338654 0.939948
    outer loop
      vertex 3.45858 2.11716 1.85639
      vertex 3.64641 2.2 1.89474
      vertex 3.36949 2.67855 2.05462
    endloop
  endfacet
  facet normal -0.267728 -0.441102 0.856593
    outer loop
      vertex 3.0219 2.50029 1.91719
      vertex 3.28038 2.05359 1.76795
      vertex 3.19209 2.57769 2.01024
    endloop
  endfacet
  facet normal -0.267762 -0.441103 0.856582
    outer loop
      vertex 3.28038 2.05359 1.76795
      vertex 3.45858 2.11716 1.85639
      vertex 3.19209 2.57769 2.01024
    endloop
  endfacet
  facet normal -0.47446 -0.513444 0.715027
    outer loop
      vertex 2.87051 2.45164 1.7818
      vertex 3.12397 2.01363 1.63546
      vertex 3.0219 2.50029 1.91719
    endloop
  endfacet
  facet normal -0.474488 -0.51344 0.715011
    outer loop
      vertex 3.12397 2.01363 1.63546
      vertex 3.28038 2.05359 1.76795
      vertex 3.0219 2.50029 1.91719
    endloop
  endfacet
  facet normal -0.648851 -0.55083 0.524956
    outer loop
      vertex 2.74826 2.43505 1.61329
      vertex 3 2 1.46795
      vertex 2.87051 2.45164 1.7818
    endloop
  endfacet
  facet normal -0.648812 -0.550843 0.524991
    outer loop
      vertex 3 2 1.46795
      vertex 3.12397 2.01363 1.63546
      vertex 2.87051 2.45164 1.7818
    endloop
  endfacet
  facet normal -0.779051 -0.550844 0.299417
    outer loop
      vertex 2.66346 2.45164 1.42317
      vertex 2.91692 2.01363 1.27683
      vertex 2.74826 2.43505 1.61329
    endloop
  endfacet
  facet normal -0.779077 -0.550826 0.299382
    outer loop
      vertex 2.91692 2.01363 1.27683
      vertex 3 2 1.46795
      vertex 2.74826 2.43505 1.61329
    endloop
  endfacet
  facet normal -0.856468 -0.513431 0.0534024
    outer loop
      vertex 2.6219 2.50029 1.22437
      vertex 2.88038 2.05359 1.07513
      vertex 2.66346 2.45164 1.42317
    endloop
  endfacet
  facet normal -0.856454 -0.51345 0.0534327
    outer loop
      vertex 2.88038 2.05359 1.07513
      vertex 2.91692 2.01363 1.27683
      vertex 2.66346 2.45164 1.42317
    endloop
  endfacet
  facet normal -0.875698 -0.441119 -0.196386
    outer loop
      vertex 2.6264 2.57769 1.03045
      vertex 2.89289 2.11716 0.87659
      vertex 2.6219 2.50029 1.22437
    endloop
  endfacet
  facet normal -0.875702 -0.441099 -0.196412
    outer loop
      vertex 2.89289 2.11716 0.87659
      vertex 2.88038 2.05359 1.07513
      vertex 2.6219 2.50029 1.22437
    endloop
  endfacet
  facet normal -0.835305 -0.33867 -0.433091
    outer loop
      vertex 2.67667 2.67855 0.854623
      vertex 2.95359 2.2 0.694744
      vertex 2.6264 2.57769 1.03045
    endloop
  endfacet
  facet normal -0.835304 -0.338661 -0.433101
    outer loop
      vertex 2.95359 2.2 0.694744
      vertex 2.89289 2.11716 0.87659
      vertex 2.6264 2.57769 1.03045
    endloop
  endfacet
  facet normal -0.737852 -0.212985 -0.640478
    outer loop
      vertex 2.76928 2.79601 0.708873
      vertex 3.05834 2.29647 0.541984
      vertex 2.67667 2.67855 0.854623
    endloop
  endfacet
  facet normal -0.737856 -0.212996 -0.64047
    outer loop
      vertex 3.05834 2.29647 0.541984
      vertex 2.95359 2.2 0.694744
      vertex 2.67667 2.67855 0.854623
    endloop
  endfacet
  facet normal -0.589894 -0.0726699 -0.804204
    outer loop
      vertex 2.89791 2.92205 0.603132
      vertex 3.2 2.4 0.428719
      vertex 2.76928 2.79601 0.708873
    endloop
  endfacet
  facet normal -0.589895 -0.0726712 -0.804204
    outer loop
      vertex 3.2 2.4 0.428719
      vertex 3.05834 2.29647 0.541984
      vertex 2.76928 2.79601 0.708873
    endloop
  endfacet
  facet normal -0.401521 0.0726708 -0.912962
    outer loop
      vertex 3.0538 3.0481 0.544605
      vertex 3.36892 2.50353 0.362668
      vertex 2.89791 2.92205 0.603132
    endloop
  endfacet
  facet normal -0.401523 0.0726677 -0.912961
    outer loop
      vertex 3.36892 2.50353 0.362668
      vertex 3.2 2.4 0.428719
      vertex 2.89791 2.92205 0.603132
    endloop
  endfacet
  facet normal -0.185737 0.212991 -0.959238
    outer loop
      vertex 3.22632 3.16556 0.537281
      vertex 3.55359 2.6 0.348334
      vertex 3.0538 3.0481 0.544605
    endloop
  endfacet
  facet normal -0.185726 0.213002 -0.959237
    outer loop
      vertex 3.55359 2.6 0.348334
      vertex 3.36892 2.50353 0.362668
      vertex 3.0538 3.0481 0.544605
    endloop
  endfacet
  facet normal 0.0425882 0.338668 -0.939941
    outer loop
      vertex 3.40373 3.26642 0.58166
      vertex 3.74142 2.68284 0.386692
      vertex 3.22632 3.16556 0.537281
    endloop
  endfacet
  facet normal 0.0425869 0.338667 -0.939942
    outer loop
      vertex 3.74142 2.68284 0.386692
      vertex 3.55359 2.6 0.348334
      vertex 3.22632 3.16556 0.537281
    endloop
  endfacet
  facet normal 0.267749 0.44111 -0.856582
    outer loop
      vertex 3.57392 3.34382 0.674716
      vertex 3.91962 2.74641 0.475129
      vertex 3.40373 3.26642 0.58166
    endloop
  endfacet
  facet normal 0.267747 0.441108 -0.856584
    outer loop
      vertex 3.91962 2.74641 0.475129
      vertex 3.74142 2.68284 0.386692
      vertex 3.40373 3.26642 0.58166
    endloop
  endfacet
  facet normal 0.474487 0.513446 -0.715007
    outer loop
      vertex 3.7253 3.39247 0.810109
      vertex 4.07603 2.78637 0.607617
      vertex 3.57392 3.34382 0.674716
    endloop
  endfacet
  facet normal 0.474481 0.513442 -0.715014
    outer loop
      vertex 4.07603 2.78637 0.607617
      vertex 3.91962 2.74641 0.475129
      vertex 3.57392 3.34382 0.674716
    endloop
  endfacet
  facet normal 0.648813 0.550839 -0.524993
    outer loop
      vertex 3.84756 3.40906 0.978611
      vertex 4.2 2.8 0.775129
      vertex 3.7253 3.39247 0.810109
    endloop
  endfacet
  facet normal 0.648816 0.550841 -0.524987
    outer loop
      vertex 4.2 2.8 0.775129
      vertex 4.07603 2.78637 0.607617
      vertex 3.7253 3.39247 0.810109
    endloop
  endfacet
  facet normal 0.835229 0.438521 -0.331802
    outer loop
      vertex 4.28308 2.78637 0.966248
      vertex 4.56229 2.1326 0.805045
      vertex 4.2 2.8 0.775129
    endloop
  endfacet
  facet normal 0.835232 0.438523 -0.331789
    outer loop
      vertex 4.56229 2.1326 0.805045
      vertex 4.48058 2.14303 0.613137
      vertex 4.2 2.8 0.775129
    endloop
  endfacet
  facet normal 0.908806 0.408746 -0.0836594
    outer loop
      vertex 4.31962 2.74641 1.16795
      vertex 4.59482 2.10201 1.00906
      vertex 4.28308 2.78637 0.966248
    endloop
  endfacet
  facet normal 0.908808 0.408749 -0.0836207
    outer loop
      vertex 4.59482 2.10201 1.00906
      vertex 4.56229 2.1326 0.805045
      vertex 4.28308 2.78637 0.966248
    endloop
  endfacet
  facet normal 0.920671 0.351158 0.170448
    outer loop
      vertex 4.30711 2.68284 1.36649
      vertex 4.57594 2.05336 1.21127
      vertex 4.31962 2.74641 1.16795
    endloop
  endfacet
  facet normal 0.920671 0.351158 0.170447
    outer loop
      vertex 4.57594 2.05336 1.21127
      vertex 4.59482 2.10201 1.00906
      vertex 4.31962 2.74641 1.16795
    endloop
  endfacet
  facet normal 0.869825 0.269607 0.41318
    outer loop
      vertex 4.24641 2.6 1.54833
      vertex 4.50695 1.98995 1.39791
      vertex 4.30711 2.68284 1.36649
    endloop
  endfacet
  facet normal 0.869846 0.269611 0.413131
    outer loop
      vertex 4.50695 1.98995 1.39791
      vertex 4.57594 2.05336 1.21127
      vertex 4.30711 2.68284 1.36649
    endloop
  endfacet
  facet normal 0.759567 0.169573 0.627935
    outer loop
      vertex 4.14166 2.50353 1.70109
      vertex 4.39253 1.91612 1.55626
      vertex 4.24641 2.6 1.54833
    endloop
  endfacet
  facet normal 0.75958 0.169575 0.627919
    outer loop
      vertex 4.39253 1.91612 1.55626
      vertex 4.50695 1.98995 1.39791
      vertex 4.24641 2.6 1.54833
    endloop
  endfacet
  facet normal 0.597315 0.0578665 0.799917
    outer loop
      vertex 4 2.4 1.81436
      vertex 4.2405 1.83688 1.67551
      vertex 4.14166 2.50353 1.70109
    endloop
  endfacet
  facet normal 0.597295 0.057863 0.799932
    outer loop
      vertex 4.2405 1.83688 1.67551
      vertex 4.39253 1.91612 1.55626
      vertex 4.14166 2.50353 1.70109
    endloop
  endfacet
  facet normal 0.39411 -0.0578512 0.917241
    outer loop
      vertex 3.83108 2.29647 1.88041
      vertex 4.0612 1.75764 1.74755
      vertex 4 2.4 1.81436
    endloop
  endfacet
  facet normal 0.394102 -0.0578524 0.917244
    outer loop
      vertex 4.0612 1.75764 1.74755
      vertex 4.2405 1.83688 1.67551
      vertex 4 2.4 1.81436
    endloop
  endfacet
  facet normal 0.163994 -0.169579 0.971776
    outer loop
      vertex 3.64641 2.2 1.89474
      vertex 3.86686 1.68381 1.76746
      vertex 3.83108 2.29647 1.88041
    endloop
  endfacet
  facet normal 0.163982 -0.16958 0.971778
    outer loop
      vertex 3.86686 1.68381 1.76746
      vertex 4.0612 1.75764 1.74755
      vertex 3.83108 2.29647 1.88041
    endloop
  endfacet
  facet normal -0.077078 -0.269603 0.959882
    outer loop
      vertex 3.45858 2.11716 1.85639
      vertex 3.67073 1.6204 1.7339
      vertex 3.64641 2.2 1.89474
    endloop
  endfacet
  facet normal -0.077082 -0.269603 0.959882
    outer loop
      vertex 3.67073 1.6204 1.7339
      vertex 3.86686 1.68381 1.76746
      vertex 3.64641 2.2 1.89474
    endloop
  endfacet
  facet normal -0.312725 -0.351176 0.882541
    outer loop
      vertex 3.28038 2.05359 1.76795
      vertex 3.48617 1.57175 1.64914
      vertex 3.45858 2.11716 1.85639
    endloop
  endfacet
  facet normal -0.312739 -0.351175 0.882536
    outer loop
      vertex 3.48617 1.57175 1.64914
      vertex 3.67073 1.6204 1.7339
      vertex 3.45858 2.11716 1.85639
    endloop
  endfacet
  facet normal -0.526829 -0.40876 0.745229
    outer loop
      vertex 3.12397 2.01363 1.63546
      vertex 3.32575 1.54117 1.51896
      vertex 3.28038 2.05359 1.76795
    endloop
  endfacet
  facet normal -0.52683 -0.40876 0.745229
    outer loop
      vertex 3.32575 1.54117 1.51896
      vertex 3.48617 1.57175 1.64914
      vertex 3.28038 2.05359 1.76795
    endloop
  endfacet
  facet normal -0.704975 -0.438517 0.557416
    outer loop
      vertex 3 2 1.46795
      vertex 3.20041 1.53073 1.35224
      vertex 3.12397 2.01363 1.63546
    endloop
  endfacet
  facet normal -0.704949 -0.438527 0.557441
    outer loop
      vertex 3.20041 1.53073 1.35224
      vertex 3.32575 1.54117 1.51896
      vertex 3.12397 2.01363 1.63546
    endloop
  endfacet
  facet normal -0.835226 -0.438527 0.331799
    outer loop
      vertex 2.91692 2.01363 1.27683
      vertex 3.1187 1.54117 1.16033
      vertex 3 2 1.46795
    endloop
  endfacet
  facet normal -0.835246 -0.438512 0.331769
    outer loop
      vertex 3.1187 1.54117 1.16033
      vertex 3.20041 1.53073 1.35224
      vertex 3 2 1.46795
    endloop
  endfacet
  facet normal -0.908797 -0.408767 0.0836545
    outer loop
      vertex 2.88038 2.05359 1.07513
      vertex 3.08617 1.57175 0.95632
      vertex 2.91692 2.01363 1.27683
    endloop
  endfacet
  facet normal -0.908802 -0.408759 0.0836404
    outer loop
      vertex 3.08617 1.57175 0.95632
      vertex 3.1187 1.54117 1.16033
      vertex 2.91692 2.01363 1.27683
    endloop
  endfacet
  facet normal -0.920664 -0.351175 -0.170453
    outer loop
      vertex 2.89289 2.11716 0.87659
      vertex 3.10505 1.6204 0.754104
      vertex 2.88038 2.05359 1.07513
    endloop
  endfacet
  facet normal -0.920663 -0.35118 -0.170447
    outer loop
      vertex 3.10505 1.6204 0.754104
      vertex 3.08617 1.57175 0.95632
      vertex 2.88038 2.05359 1.07513
    endloop
  endfacet
  facet normal -0.869831 -0.269604 -0.413167
    outer loop
      vertex 2.95359 2.2 0.694744
      vertex 3.17404 1.68381 0.567465
      vertex 2.89289 2.11716 0.87659
    endloop
  endfacet
  facet normal -0.869838 -0.26963 -0.413136
    outer loop
      vertex 3.17404 1.68381 0.567465
      vertex 3.10505 1.6204 0.754104
      vertex 2.89289 2.11716 0.87659
    endloop
  endfacet
  facet normal -0.759572 -0.169562 -0.627932
    outer loop
      vertex 3.05834 2.29647 0.541984
      vertex 3.28846 1.75764 0.409123
      vertex 2.95359 2.2 0.694744
    endloop
  endfacet
  facet normal -0.75957 -0.169558 -0.627935
    outer loop
      vertex 3.28846 1.75764 0.409123
      vertex 3.17404 1.68381 0.567465
      vertex 2.95359 2.2 0.694744
    endloop
  endfacet
  facet normal -0.597301 -0.0578581 -0.799927
    outer loop
      vertex 3.2 2.4 0.428719
      vertex 3.4405 1.83688 0.289869
      vertex 3.05834 2.29647 0.541984
    endloop
  endfacet
  facet normal -0.59729 -0.0578441 -0.799936
    outer loop
      vertex 3.4405 1.83688 0.289869
      vertex 3.28846 1.75764 0.409123
      vertex 3.05834 2.29647 0.541984
    endloop
  endfacet
  facet normal -0.394113 0.0578485 -0.917239
    outer loop
      vertex 3.36892 2.50353 0.362668
      vertex 3.61979 1.91612 0.217829
      vertex 3.2 2.4 0.428719
    endloop
  endfacet
  facet normal -0.394118 0.0578441 -0.917238
    outer loop
      vertex 3.61979 1.91612 0.217829
      vertex 3.4405 1.83688 0.289869
      vertex 3.2 2.4 0.428719
    endloop
  endfacet
  facet normal -0.164009 0.169567 -0.971776
    outer loop
      vertex 3.55359 2.6 0.348334
      vertex 3.81413 1.98995 0.197913
      vertex 3.36892 2.50353 0.362668
    endloop
  endfacet
  facet normal -0.164007 0.169569 -0.971776
    outer loop
      vertex 3.81413 1.98995 0.197913
      vertex 3.61979 1.91612 0.217829
      vertex 3.36892 2.50353 0.362668
    endloop
  endfacet
  facet normal 0.077113 0.269614 -0.959876
    outer loop
      vertex 3.74142 2.68284 0.386692
      vertex 4.01026 2.05336 0.231479
      vertex 3.55359 2.6 0.348334
    endloop
  endfacet
  facet normal 0.0771084 0.26961 -0.959877
    outer loop
      vertex 4.01026 2.05336 0.231479
      vertex 3.81413 1.98995 0.197913
      vertex 3.55359 2.6 0.348334
    endloop
  endfacet
  facet normal 0.312719 0.351163 -0.882548
    outer loop
      vertex 3.91962 2.74641 0.475129
      vertex 4.19482 2.10201 0.316238
      vertex 3.74142 2.68284 0.386692
    endloop
  endfacet
  facet normal 0.312735 0.351174 -0.882538
    outer loop
      vertex 4.19482 2.10201 0.316238
      vertex 4.01026 2.05336 0.231479
      vertex 3.74142 2.68284 0.386692
    endloop
  endfacet
  facet normal 0.526827 0.408752 -0.745235
    outer loop
      vertex 4.07603 2.78637 0.607617
      vertex 4.35524 2.1326 0.446414
      vertex 3.91962 2.74641 0.475129
    endloop
  endfacet
  facet normal 0.52681 0.40874 -0.745254
    outer loop
      vertex 4.35524 2.1326 0.446414
      vertex 4.19482 2.10201 0.316238
      vertex 3.91962 2.74641 0.475129
    endloop
  endfacet
  facet normal 0.704975 0.438525 -0.55741
    outer loop
      vertex 4.2 2.8 0.775129
      vertex 4.48058 2.14303 0.613137
      vertex 4.07603 2.78637 0.607617
    endloop
  endfacet
  facet normal 0.70497 0.438522 -0.55742
    outer loop
      vertex 4.48058 2.14303 0.613137
      vertex 4.35524 2.1326 0.446414
      vertex 4.07603 2.78637 0.607617
    endloop
  endfacet
  facet normal 0.878214 0.318708 -0.356602
    outer loop
      vertex 4.56229 2.1326 0.805045
      vertex 4.76522 1.44233 0.687888
      vertex 4.48058 2.14303 0.613137
    endloop
  endfacet
  facet normal 0.8782 0.318698 -0.356645
    outer loop
      vertex 4.76522 1.44233 0.687888
      vertex 4.68449 1.44939 0.495408
      vertex 4.48058 2.14303 0.613137
    endloop
  endfacet
  facet normal 0.948871 0.297065 -0.106755
    outer loop
      vertex 4.59482 2.10201 1.00906
      vertex 4.79483 1.42165 0.893582
      vertex 4.56229 2.1326 0.805045
    endloop
  endfacet
  facet normal 0.948873 0.29707 -0.106725
    outer loop
      vertex 4.79483 1.42165 0.893582
      vertex 4.76522 1.44233 0.687888
      vertex 4.56229 2.1326 0.805045
    endloop
  endfacet
  facet normal 0.955084 0.255226 0.15058
    outer loop
      vertex 4.57594 2.05336 1.21127
      vertex 4.77133 1.38874 1.09847
      vertex 4.59482 2.10201 1.00906
    endloop
  endfacet
  facet normal 0.955091 0.255223 0.150541
    outer loop
      vertex 4.77133 1.38874 1.09847
      vertex 4.79483 1.42165 0.893582
      vertex 4.59482 2.10201 1.00906
    endloop
  endfacet
  facet normal 0.896273 0.195943 0.397871
    outer loop
      vertex 4.50695 1.98995 1.39791
      vertex 4.69629 1.34586 1.28859
      vertex 4.57594 2.05336 1.21127
    endloop
  endfacet
  facet normal 0.896242 0.195945 0.397939
    outer loop
      vertex 4.69629 1.34586 1.28859
      vertex 4.77133 1.38874 1.09847
      vertex 4.57594 2.05336 1.21127
    endloop
  endfacet
  facet normal 0.776204 0.123229 0.618322
    outer loop
      vertex 4.39253 1.91612 1.55626
      vertex 4.57485 1.29592 1.45099
      vertex 4.50695 1.98995 1.39791
    endloop
  endfacet
  facet normal 0.776202 0.123229 0.618325
    outer loop
      vertex 4.57485 1.29592 1.45099
      vertex 4.69629 1.34586 1.28859
      vertex 4.50695 1.98995 1.39791
    endloop
  endfacet
  facet normal 0.60297 0.0420431 0.796655
    outer loop
      vertex 4.2405 1.83688 1.67551
      vertex 4.41528 1.24233 1.5746
      vertex 4.39253 1.91612 1.55626
    endloop
  endfacet
  facet normal 0.602992 0.0420434 0.796639
    outer loop
      vertex 4.41528 1.24233 1.5746
      vertex 4.57485 1.29592 1.45099
      vertex 4.39253 1.91612 1.55626
    endloop
  endfacet
  facet normal 0.388434 -0.042052 0.920517
    outer loop
      vertex 4.0612 1.75764 1.74755
      vertex 4.22844 1.18874 1.65099
      vertex 4.2405 1.83688 1.67551
    endloop
  endfacet
  facet normal 0.388419 -0.042052 0.920523
    outer loop
      vertex 4.22844 1.18874 1.65099
      vertex 4.41528 1.24233 1.5746
      vertex 4.2405 1.83688 1.67551
    endloop
  endfacet
  facet normal 0.14736 -0.12324 0.981375
    outer loop
      vertex 3.86686 1.68381 1.76746
      vertex 4.02708 1.1388 1.67496
      vertex 4.0612 1.75764 1.74755
    endloop
  endfacet
  facet normal 0.147388 -0.123241 0.981371
    outer loop
      vertex 4.02708 1.1388 1.67496
      vertex 4.22844 1.18874 1.65099
      vertex 4.0612 1.75764 1.74755
    endloop
  endfacet
  facet normal -0.103508 -0.19594 0.975138
    outer loop
      vertex 3.67073 1.6204 1.7339
      vertex 3.82492 1.09592 1.64488
      vertex 3.86686 1.68381 1.76746
    endloop
  endfacet
  facet normal -0.103533 -0.195938 0.975135
    outer loop
      vertex 3.82492 1.09592 1.64488
      vertex 4.02708 1.1388 1.67496
      vertex 3.86686 1.68381 1.76746
    endloop
  endfacet
  facet normal -0.347158 -0.255225 0.902409
    outer loop
      vertex 3.48617 1.57175 1.64914
      vertex 3.63572 1.06302 1.56279
      vertex 3.67073 1.6204 1.7339
    endloop
  endfacet
  facet normal -0.347156 -0.255225 0.90241
    outer loop
      vertex 3.63572 1.06302 1.56279
      vertex 3.82492 1.09592 1.64488
      vertex 3.67073 1.6204 1.7339
    endloop
  endfacet
  facet normal -0.566897 -0.297059 0.768364
    outer loop
      vertex 3.32575 1.54117 1.51896
      vertex 3.4724 1.04233 1.4343
      vertex 3.48617 1.57175 1.64914
    endloop
  endfacet
  facet normal -0.566877 -0.297065 0.768376
    outer loop
      vertex 3.4724 1.04233 1.4343
      vertex 3.63572 1.06302 1.56279
      vertex 3.48617 1.57175 1.64914
    endloop
  endfacet
  facet normal -0.747933 -0.318712 0.582253
    outer loop
      vertex 3.20041 1.53073 1.35224
      vertex 3.34607 1.03528 1.26815
      vertex 3.32575 1.54117 1.51896
    endloop
  endfacet
  facet normal -0.747961 -0.318699 0.582225
    outer loop
      vertex 3.34607 1.03528 1.26815
      vertex 3.4724 1.04233 1.4343
      vertex 3.32575 1.54117 1.51896
    endloop
  endfacet
  facet normal -0.878228 -0.318684 0.356589
    outer loop
      vertex 3.1187 1.54117 1.16033
      vertex 3.26534 1.04233 1.07567
      vertex 3.20041 1.53073 1.35224
    endloop
  endfacet
  facet normal -0.878189 -0.318717 0.356656
    outer loop
      vertex 3.26534 1.04233 1.07567
      vertex 3.34607 1.03528 1.26815
      vertex 3.20041 1.53073 1.35224
    endloop
  endfacet
  facet normal -0.948871 -0.297059 0.106773
    outer loop
      vertex 3.08617 1.57175 0.95632
      vertex 3.23572 1.06302 0.869974
      vertex 3.1187 1.54117 1.16033
    endloop
  endfacet
  facet normal -0.948875 -0.297051 0.106758
    outer loop
      vertex 3.23572 1.06302 0.869974
      vertex 3.26534 1.04233 1.07567
      vertex 3.1187 1.54117 1.16033
    endloop
  endfacet
  facet normal -0.95509 -0.255209 -0.150572
    outer loop
      vertex 3.10505 1.6204 0.754104
      vertex 3.25923 1.09592 0.665085
      vertex 3.08617 1.57175 0.95632
    endloop
  endfacet
  facet normal -0.95509 -0.255209 -0.150572
    outer loop
      vertex 3.25923 1.09592 0.665085
      vertex 3.23572 1.06302 0.869974
      vertex 3.08617 1.57175 0.95632
    endloop
  endfacet
  facet normal -0.896269 -0.195952 -0.397875
    outer loop
      vertex 3.17404 1.68381 0.567465
      vertex 3.33426 1.1388 0.474963
      vertex 3.10505 1.6204 0.754104
    endloop
  endfacet
  facet normal -0.896263 -0.195938 -0.397894
    outer loop
      vertex 3.33426 1.1388 0.474963
      vertex 3.25923 1.09592 0.665085
      vertex 3.10505 1.6204 0.754104
    endloop
  endfacet
  facet normal -0.776189 -0.123227 -0.618341
    outer loop
      vertex 3.28846 1.75764 0.409123
      vertex 3.4557 1.18874 0.312565
      vertex 3.17404 1.68381 0.567465
    endloop
  endfacet
  facet normal -0.776196 -0.123237 -0.618331
    outer loop
      vertex 3.4557 1.18874 0.312565
      vertex 3.33426 1.1388 0.474963
      vertex 3.17404 1.68381 0.567465
    endloop
  endfacet
  facet normal -0.602961 -0.0420376 -0.796663
    outer loop
      vertex 3.4405 1.83688 0.289869
      vertex 3.61528 1.24233 0.188958
      vertex 3.28846 1.75764 0.409123
    endloop
  endfacet
  facet normal -0.60296 -0.042037 -0.796663
    outer loop
      vertex 3.61528 1.24233 0.188958
      vertex 3.4557 1.18874 0.312565
      vertex 3.28846 1.75764 0.409123
    endloop
  endfacet
  facet normal -0.388449 0.0420423 -0.920511
    outer loop
      vertex 3.61979 1.91612 0.217829
      vertex 3.80211 1.29592 0.112565
      vertex 3.4405 1.83688 0.289869
    endloop
  endfacet
  facet normal -0.388448 0.0420432 -0.920511
    outer loop
      vertex 3.80211 1.29592 0.112565
      vertex 3.61528 1.24233 0.188958
      vertex 3.4405 1.83688 0.289869
    endloop
  endfacet
  facet normal -0.14739 0.123239 -0.981371
    outer loop
      vertex 3.81413 1.98995 0.197913
      vertex 4.00347 1.34586 0.0885928
      vertex 3.61979 1.91612 0.217829
    endloop
  endfacet
  facet normal -0.147397 0.123234 -0.98137
    outer loop
      vertex 4.00347 1.34586 0.0885928
      vertex 3.80211 1.29592 0.112565
      vertex 3.61979 1.91612 0.217829
    endloop
  endfacet
  facet normal 0.103536 0.195943 -0.975134
    outer loop
      vertex 4.01026 2.05336 0.231479
      vertex 4.20564 1.38874 0.118675
      vertex 3.81413 1.98995 0.197913
    endloop
  endfacet
  facet normal 0.103537 0.195944 -0.975134
    outer loop
      vertex 4.20564 1.38874 0.118675
      vertex 4.00347 1.34586 0.0885928
      vertex 3.81413 1.98995 0.197913
    endloop
  endfacet
  facet normal 0.347155 0.255221 -0.902411
    outer loop
      vertex 4.19482 2.10201 0.316238
      vertex 4.39483 1.42165 0.200761
      vertex 4.01026 2.05336 0.231479
    endloop
  endfacet
  facet normal 0.347146 0.255216 -0.902416
    outer loop
      vertex 4.39483 1.42165 0.200761
      vertex 4.20564 1.38874 0.118675
      vertex 4.01026 2.05336 0.231479
    endloop
  endfacet
  facet normal 0.566874 0.297058 -0.768382
    outer loop
      vertex 4.35524 2.1326 0.446414
      vertex 4.55816 1.44233 0.329258
      vertex 4.19482 2.10201 0.316238
    endloop
  endfacet
  facet normal 0.566887 0.297066 -0.768369
    outer loop
      vertex 4.55816 1.44233 0.329258
      vertex 4.39483 1.42165 0.200761
      vertex 4.19482 2.10201 0.316238
    endloop
  endfacet
  facet normal 0.747952 0.318697 -0.582237
    outer loop
      vertex 4.48058 2.14303 0.613137
      vertex 4.68449 1.44939 0.495408
      vertex 4.35524 2.1326 0.446414
    endloop
  endfacet
  facet normal 0.747952 0.318697 -0.582237
    outer loop
      vertex 4.68449 1.44939 0.495408
      vertex 4.55816 1.44233 0.329258
      vertex 4.35524 2.1326 0.446414
    endloop
  endfacet
  facet normal 0.907269 0.193419 -0.373433
    outer loop
      vertex 4.76522 1.44233 0.687888
      vertex 4.88837 0.727389 0.616783
      vertex 4.68449 1.44939 0.495408
    endloop
  endfacet
  facet normal 0.907279 0.193427 -0.373403
    outer loop
      vertex 4.88837 0.727389 0.616783
      vertex 4.80825 0.730947 0.423954
      vertex 4.68449 1.44939 0.495408
    endloop
  endfacet
  facet normal 0.97597 0.180304 -0.122365
    outer loop
      vertex 4.79483 1.42165 0.893582
      vertex 4.91623 0.716957 0.823496
      vertex 4.76522 1.44233 0.687888
    endloop
  endfacet
  facet normal 0.975964 0.180289 -0.122438
    outer loop
      vertex 4.91623 0.716957 0.823496
      vertex 4.88837 0.727389 0.616783
      vertex 4.76522 1.44233 0.687888
    endloop
  endfacet
  facet normal 0.978371 0.1549 0.137097
    outer loop
      vertex 4.77133 1.38874 1.09847
      vertex 4.88991 0.700363 1.03001
      vertex 4.79483 1.42165 0.893582
    endloop
  endfacet
  facet normal 0.978364 0.154907 0.137139
    outer loop
      vertex 4.88991 0.700363 1.03001
      vertex 4.91623 0.716957 0.823496
      vertex 4.79483 1.42165 0.893582
    endloop
  endfacet
  facet normal 0.914114 0.118929 0.387623
    outer loop
      vertex 4.69629 1.34586 1.28859
      vertex 4.81122 0.678736 1.22224
      vertex 4.77133 1.38874 1.09847
    endloop
  endfacet
  facet normal 0.914132 0.118923 0.387583
    outer loop
      vertex 4.81122 0.678736 1.22224
      vertex 4.88991 0.700363 1.03001
      vertex 4.77133 1.38874 1.09847
    endloop
  endfacet
  facet normal 0.78744 0.0747981 0.611836
    outer loop
      vertex 4.57485 1.29592 1.45099
      vertex 4.68551 0.653552 1.3871
      vertex 4.69629 1.34586 1.28859
    endloop
  endfacet
  facet normal 0.787423 0.0748014 0.611857
    outer loop
      vertex 4.68551 0.653552 1.3871
      vertex 4.81122 0.678736 1.22224
      vertex 4.69629 1.34586 1.28859
    endloop
  endfacet
  facet normal 0.606827 0.0255173 0.794424
    outer loop
      vertex 4.41528 1.24233 1.5746
      vertex 4.52136 0.626526 1.51335
      vertex 4.57485 1.29592 1.45099
    endloop
  endfacet
  facet normal 0.60681 0.0255198 0.794437
    outer loop
      vertex 4.52136 0.626526 1.51335
      vertex 4.68551 0.653552 1.3871
      vertex 4.57485 1.29592 1.45099
    endloop
  endfacet
  facet normal 0.384582 -0.0255135 0.922738
    outer loop
      vertex 4.22844 1.18874 1.65099
      vertex 4.32995 0.5995 1.59239
      vertex 4.41528 1.24233 1.5746
    endloop
  endfacet
  facet normal 0.384627 -0.02552 0.922719
    outer loop
      vertex 4.32995 0.5995 1.59239
      vertex 4.52136 0.626526 1.51335
      vertex 4.41528 1.24233 1.5746
    endloop
  endfacet
  facet normal 0.136145 -0.0747934 0.987862
    outer loop
      vertex 4.02708 1.1388 1.67496
      vertex 4.12432 0.574315 1.61882
      vertex 4.22844 1.18874 1.65099
    endloop
  endfacet
  facet normal 0.136132 -0.0747913 0.987864
    outer loop
      vertex 4.12432 0.574315 1.61882
      vertex 4.32995 0.5995 1.59239
      vertex 4.22844 1.18874 1.65099
    endloop
  endfacet
  facet normal -0.121403 -0.118925 0.985453
    outer loop
      vertex 3.82492 1.09592 1.64488
      vertex 3.91849 0.552689 1.59085
      vertex 4.02708 1.1388 1.67496
    endloop
  endfacet
  facet normal -0.121417 -0.118922 0.985452
    outer loop
      vertex 3.91849 0.552689 1.59085
      vertex 4.12432 0.574315 1.61882
      vertex 4.02708 1.1388 1.67496
    endloop
  endfacet
  facet normal -0.370436 -0.15489 0.915853
    outer loop
      vertex 3.63572 1.06302 1.56279
      vertex 3.72649 0.536095 1.51039
      vertex 3.82492 1.09592 1.64488
    endloop
  endfacet
  facet normal -0.370416 -0.154895 0.91586
    outer loop
      vertex 3.72649 0.536095 1.51039
      vertex 3.91849 0.552689 1.59085
      vertex 3.82492 1.09592 1.64488
    endloop
  endfacet
  facet normal -0.593976 -0.180299 0.784018
    outer loop
      vertex 3.4724 1.04233 1.4343
      vertex 3.5614 0.525663 1.38291
      vertex 3.63572 1.06302 1.56279
    endloop
  endfacet
  facet normal -0.594001 -0.18029 0.784001
    outer loop
      vertex 3.5614 0.525663 1.38291
      vertex 3.72649 0.536095 1.51039
      vertex 3.63572 1.06302 1.56279
    endloop
  endfacet
  facet normal -0.777028 -0.193429 0.59901
    outer loop
      vertex 3.34607 1.03528 1.26815
      vertex 3.43447 0.522105 1.21711
      vertex 3.4724 1.04233 1.4343
    endloop
  endfacet
  facet normal -0.777026 -0.193429 0.599012
    outer loop
      vertex 3.43447 0.522105 1.21711
      vertex 3.5614 0.525663 1.38291
      vertex 3.4724 1.04233 1.4343
    endloop
  endfacet
  facet normal -0.907264 -0.193427 0.37344
    outer loop
      vertex 3.26534 1.04233 1.07567
      vertex 3.35434 0.525663 1.02428
      vertex 3.34607 1.03528 1.26815
    endloop
  endfacet
  facet normal -0.907263 -0.193428 0.373442
    outer loop
      vertex 3.35434 0.525663 1.02428
      vertex 3.43447 0.522105 1.21711
      vertex 3.34607 1.03528 1.26815
    endloop
  endfacet
  facet normal -0.975966 -0.180297 0.122403
    outer loop
      vertex 3.23572 1.06302 0.869974
      vertex 3.32649 0.536095 0.817569
      vertex 3.26534 1.04233 1.07567
    endloop
  endfacet
  facet normal -0.975969 -0.180292 0.122393
    outer loop
      vertex 3.32649 0.536095 0.817569
      vertex 3.35434 0.525663 1.02428
      vertex 3.26534 1.04233 1.07567
    endloop
  endfacet
  facet normal -0.978366 -0.1549 -0.137136
    outer loop
      vertex 3.25923 1.09592 0.665085
      vertex 3.35281 0.552689 0.611057
      vertex 3.23572 1.06302 0.869974
    endloop
  endfacet
  facet normal -0.978366 -0.154898 -0.13714
    outer loop
      vertex 3.35281 0.552689 0.611057
      vertex 3.32649 0.536095 0.817569
      vertex 3.23572 1.06302 0.869974
    endloop
  endfacet
  facet normal -0.914134 -0.118924 -0.387577
    outer loop
      vertex 3.33426 1.1388 0.474963
      vertex 3.4315 0.574315 0.418821
      vertex 3.25923 1.09592 0.665085
    endloop
  endfacet
  facet normal -0.914136 -0.118927 -0.387572
    outer loop
      vertex 3.4315 0.574315 0.418821
      vertex 3.35281 0.552689 0.611057
      vertex 3.25923 1.09592 0.665085
    endloop
  endfacet
  facet normal -0.787436 -0.0748019 -0.611841
    outer loop
      vertex 3.4557 1.18874 0.312565
      vertex 3.55721 0.5995 0.253961
      vertex 3.33426 1.1388 0.474963
    endloop
  endfacet
  facet normal -0.787425 -0.0747908 -0.611857
    outer loop
      vertex 3.55721 0.5995 0.253961
      vertex 3.4315 0.574315 0.418821
      vertex 3.33426 1.1388 0.474963
    endloop
  endfacet
  facet normal -0.606794 -0.0255144 -0.794449
    outer loop
      vertex 3.61528 1.24233 0.188958
      vertex 3.72136 0.626526 0.127712
      vertex 3.4557 1.18874 0.312565
    endloop
  endfacet
  facet normal -0.606807 -0.0255238 -0.794439
    outer loop
      vertex 3.72136 0.626526 0.127712
      vertex 3.55721 0.5995 0.253961
      vertex 3.4557 1.18874 0.312565
    endloop
  endfacet
  facet normal -0.384612 0.0255143 -0.922726
    outer loop
      vertex 3.80211 1.29592 0.112565
      vertex 3.91277 0.653552 0.0486774
      vertex 3.61528 1.24233 0.188958
    endloop
  endfacet
  facet normal -0.384605 0.0255188 -0.922729
    outer loop
      vertex 3.91277 0.653552 0.0486774
      vertex 3.72136 0.626526 0.127712
      vertex 3.61528 1.24233 0.188958
    endloop
  endfacet
  facet normal -0.136156 0.074792 -0.98786
    outer loop
      vertex 4.00347 1.34586 0.0885928
      vertex 4.1184 0.678736 0.0222434
      vertex 3.80211 1.29592 0.112565
    endloop
  endfacet
  facet normal -0.136151 0.0747945 -0.987861
    outer loop
      vertex 4.1184 0.678736 0.0222434
      vertex 3.91277 0.653552 0.0486774
      vertex 3.80211 1.29592 0.112565
    endloop
  endfacet
  facet normal 0.121408 0.118924 -0.985453
    outer loop
      vertex 4.20564 1.38874 0.118675
      vertex 4.32422 0.700363 0.0502114
      vertex 4.00347 1.34586 0.0885928
    endloop
  endfacet
  facet normal 0.121412 0.118926 -0.985452
    outer loop
      vertex 4.32422 0.700363 0.0502114
      vertex 4.1184 0.678736 0.0222434
      vertex 4.00347 1.34586 0.0885928
    endloop
  endfacet
  facet normal 0.370427 0.154901 -0.915855
    outer loop
      vertex 4.39483 1.42165 0.200761
      vertex 4.51623 0.716957 0.130676
      vertex 4.20564 1.38874 0.118675
    endloop
  endfacet
  facet normal 0.370418 0.154896 -0.915859
    outer loop
      vertex 4.51623 0.716957 0.130676
      vertex 4.32422 0.700363 0.0502114
      vertex 4.20564 1.38874 0.118675
    endloop
  endfacet
  facet normal 0.593981 0.180299 -0.784015
    outer loop
      vertex 4.55816 1.44233 0.329258
      vertex 4.68132 0.727389 0.258152
      vertex 4.39483 1.42165 0.200761
    endloop
  endfacet
  facet normal 0.593988 0.180302 -0.784009
    outer loop
      vertex 4.68132 0.727389 0.258152
      vertex 4.51623 0.716957 0.130676
      vertex 4.39483 1.42165 0.200761
    endloop
  endfacet
  facet normal 0.777022 0.193427 -0.599018
    outer loop
      vertex 4.68449 1.44939 0.495408
      vertex 4.80825 0.730947 0.423954
      vertex 4.55816 1.44233 0.329258
    endloop
  endfacet
  facet normal 0.777029 0.193431 -0.599007
    outer loop
      vertex 4.80825 0.730947 0.423954
      vertex 4.68132 0.727389 0.258152
      vertex 4.55816 1.44233 0.329258
    endloop
  endfacet
  facet normal 0.921939 0.0648481 -0.381867
    outer loop
      vertex 4.88837 0.727389 0.616783
      vertex 4.92966 0 0.592945
      vertex 4.80825 0.730947 0.423954
    endloop
  endfacet
  facet normal 0.921936 0.0648454 -0.381876
    outer loop
      vertex 4.92966 0 0.592945
      vertex 4.84974 0 0.4
      vertex 4.80825 0.730947 0.423954
    endloop
  endfacet
  facet normal 0.989627 0.0604362 -0.130328
    outer loop
      vertex 4.91623 0.716957 0.823496
      vertex 4.95692 0 0.8
      vertex 4.88837 0.727389 0.616783
    endloop
  endfacet
  facet normal 0.989632 0.060446 -0.130291
    outer loop
      vertex 4.95692 0 0.8
      vertex 4.92966 0 0.592945
      vertex 4.88837 0.727389 0.616783
    endloop
  endfacet
  facet normal 0.990106 0.051923 0.13036
    outer loop
      vertex 4.88991 0.700363 1.03001
      vertex 4.92966 0 1.00706
      vertex 4.91623 0.716957 0.823496
    endloop
  endfacet
  facet normal 0.990108 0.0519205 0.13035
    outer loop
      vertex 4.92966 0 1.00706
      vertex 4.95692 0 0.8
      vertex 4.91623 0.716957 0.823496
    endloop
  endfacet
  facet normal 0.923146 0.0398616 0.382378
    outer loop
      vertex 4.81122 0.678736 1.22224
      vertex 4.84974 0 1.2
      vertex 4.88991 0.700363 1.03001
    endloop
  endfacet
  facet normal 0.923142 0.0398638 0.382386
    outer loop
      vertex 4.84974 0 1.2
      vertex 4.92966 0 1.00706
      vertex 4.88991 0.700363 1.03001
    endloop
  endfacet
  facet normal 0.793092 0.0250843 0.608585
    outer loop
      vertex 4.68551 0.653552 1.3871
      vertex 4.72261 0 1.36569
      vertex 4.81122 0.678736 1.22224
    endloop
  endfacet
  facet normal 0.793123 0.0250717 0.608545
    outer loop
      vertex 4.72261 0 1.36569
      vertex 4.84974 0 1.2
      vertex 4.81122 0.678736 1.22224
    endloop
  endfacet
  facet normal 0.608745 0.00855527 0.79332
    outer loop
      vertex 4.52136 0.626526 1.51335
      vertex 4.55692 0 1.49282
      vertex 4.68551 0.653552 1.3871
    endloop
  endfacet
  facet normal 0.608714 0.00856518 0.793344
    outer loop
      vertex 4.55692 0 1.49282
      vertex 4.72261 0 1.36569
      vertex 4.68551 0.653552 1.3871
    endloop
  endfacet
  facet normal 0.382693 -0.00855769 0.923836
    outer loop
      vertex 4.32995 0.5995 1.59239
      vertex 4.36398 0 1.57274
      vertex 4.52136 0.626526 1.51335
    endloop
  endfacet
  facet normal 0.382676 -0.00855277 0.923843
    outer loop
      vertex 4.36398 0 1.57274
      vertex 4.55692 0 1.49282
      vertex 4.52136 0.626526 1.51335
    endloop
  endfacet
  facet normal 0.130463 -0.0250735 0.991136
    outer loop
      vertex 4.12432 0.574315 1.61882
      vertex 4.15692 0 1.6
      vertex 4.32995 0.5995 1.59239
    endloop
  endfacet
  facet normal 0.130485 -0.0250798 0.991133
    outer loop
      vertex 4.15692 0 1.6
      vertex 4.36398 0 1.57274
      vertex 4.32995 0.5995 1.59239
    endloop
  endfacet
  facet normal -0.13043 -0.0398663 0.990656
    outer loop
      vertex 3.91849 0.552689 1.59085
      vertex 3.94987 0 1.57274
      vertex 4.12432 0.574315 1.61882
    endloop
  endfacet
  facet normal -0.130429 -0.0398668 0.990656
    outer loop
      vertex 3.94987 0 1.57274
      vertex 4.15692 0 1.6
      vertex 4.12432 0.574315 1.61882
    endloop
  endfacet
  facet normal -0.382155 -0.0519306 0.922638
    outer loop
      vertex 3.72649 0.536095 1.51039
      vertex 3.75692 0 1.49282
      vertex 3.91849 0.552689 1.59085
    endloop
  endfacet
  facet normal -0.382157 -0.0519298 0.922637
    outer loop
      vertex 3.75692 0 1.49282
      vertex 3.94987 0 1.57274
      vertex 3.91849 0.552689 1.59085
    endloop
  endfacet
  facet normal -0.607666 -0.0604362 0.79189
    outer loop
      vertex 3.5614 0.525663 1.38291
      vertex 3.59124 0 1.36569
      vertex 3.72649 0.536095 1.51039
    endloop
  endfacet
  facet normal -0.607646 -0.0604453 0.791904
    outer loop
      vertex 3.59124 0 1.36569
      vertex 3.75692 0 1.49282
      vertex 3.72649 0.536095 1.51039
    endloop
  endfacet
  facet normal -0.791687 -0.0648368 0.607476
    outer loop
      vertex 3.43447 0.522105 1.21711
      vertex 3.4641 0 1.2
      vertex 3.5614 0.525663 1.38291
    endloop
  endfacet
  facet normal -0.79168 -0.0648412 0.607485
    outer loop
      vertex 3.4641 0 1.2
      vertex 3.59124 0 1.36569
      vertex 3.5614 0.525663 1.38291
    endloop
  endfacet
  facet normal -0.921923 -0.064845 0.381906
    outer loop
      vertex 3.35434 0.525663 1.02428
      vertex 3.38418 0 1.00706
      vertex 3.43447 0.522105 1.21711
    endloop
  endfacet
  facet normal -0.921933 -0.0648355 0.381885
    outer loop
      vertex 3.38418 0 1.00706
      vertex 3.4641 0 1.2
      vertex 3.43447 0.522105 1.21711
    endloop
  endfacet
  facet normal -0.989633 -0.0604435 0.130282
    outer loop
      vertex 3.32649 0.536095 0.817569
      vertex 3.35692 0 0.8
      vertex 3.35434 0.525663 1.02428
    endloop
  endfacet
  facet normal -0.989632 -0.0604459 0.130288
    outer loop
      vertex 3.35692 0 0.8
      vertex 3.38418 0 1.00706
      vertex 3.35434 0.525663 1.02428
    endloop
  endfacet
  facet normal -0.990106 -0.0519252 -0.130362
    outer loop
      vertex 3.35281 0.552689 0.611057
      vertex 3.38418 0 0.592945
      vertex 3.32649 0.536095 0.817569
    endloop
  endfacet
  facet normal -0.990107 -0.0519288 -0.130353
    outer loop
      vertex 3.38418 0 0.592945
      vertex 3.35692 0 0.8
      vertex 3.32649 0.536095 0.817569
    endloop
  endfacet
  facet normal -0.92315 -0.0398703 -0.382368
    outer loop
      vertex 3.4315 0.574315 0.418821
      vertex 3.4641 0 0.4
      vertex 3.35281 0.552689 0.611057
    endloop
  endfacet
  facet normal -0.923146 -0.0398659 -0.382377
    outer loop
      vertex 3.4641 0 0.4
      vertex 3.38418 0 0.592945
      vertex 3.35281 0.552689 0.611057
    endloop
  endfacet
  facet normal -0.793093 -0.0250754 -0.608584
    outer loop
      vertex 3.55721 0.5995 0.253961
      vertex 3.59124 0 0.234315
      vertex 3.4315 0.574315 0.418821
    endloop
  endfacet
  facet normal -0.793091 -0.0250743 -0.608586
    outer loop
      vertex 3.59124 0 0.234315
      vertex 3.4641 0 0.4
      vertex 3.4315 0.574315 0.418821
    endloop
  endfacet
  facet normal -0.608742 -0.00855251 -0.793322
    outer loop
      vertex 3.72136 0.626526 0.127712
      vertex 3.75692 0 0.10718
      vertex 3.55721 0.5995 0.253961
    endloop
  endfacet
  facet normal -0.608752 -0.00855776 -0.793314
    outer loop
      vertex 3.75692 0 0.10718
      vertex 3.59124 0 0.234315
      vertex 3.55721 0.5995 0.253961
    endloop
  endfacet
  facet normal -0.38267 0.00855318 -0.923845
    outer loop
      vertex 3.91277 0.653552 0.0486774
      vertex 3.94987 0 0.0272593
      vertex 3.72136 0.626526 0.127712
    endloop
  endfacet
  facet normal -0.382662 0.00855671 -0.923849
    outer loop
      vertex 3.94987 0 0.0272593
      vertex 3.75692 0 0.10718
      vertex 3.72136 0.626526 0.127712
    endloop
  endfacet
  facet normal -0.130483 0.025076 -0.991133
    outer loop
      vertex 4.1184 0.678736 0.0222434
      vertex 4.15692 0 0
      vertex 3.91277 0.653552 0.0486774
    endloop
  endfacet
  facet normal -0.130488 0.0250739 -0.991133
    outer loop
      vertex 4.15692 0 0
      vertex 3.94987 0 0.0272593
      vertex 3.91277 0.653552 0.0486774
    endloop
  endfacet
  facet normal 0.130427 0.0398699 -0.990656
    outer loop
      vertex 4.32422 0.700363 0.0502114
      vertex 4.36398 0 0.0272593
      vertex 4.1184 0.678736 0.0222434
    endloop
  endfacet
  facet normal 0.130419 0.0398672 -0.990657
    outer loop
      vertex 4.36398 0 0.0272593
      vertex 4.15692 0 0
      vertex 4.1184 0.678736 0.0222434
    endloop
  endfacet
  facet normal 0.382157 0.0519254 -0.922637
    outer loop
      vertex 4.51623 0.716957 0.130676
      vertex 4.55692 0 0.10718
      vertex 4.32422 0.700363 0.0502114
    endloop
  endfacet
  facet normal 0.382177 0.0519325 -0.922629
    outer loop
      vertex 4.55692 0 0.10718
      vertex 4.36398 0 0.0272593
      vertex 4.32422 0.700363 0.0502114
    endloop
  endfacet
  facet normal 0.607654 0.0604443 -0.791899
    outer loop
      vertex 4.68132 0.727389 0.258152
      vertex 4.72261 0 0.234315
      vertex 4.51623 0.716957 0.130676
    endloop
  endfacet
  facet normal 0.607638 0.0604381 -0.791911
    outer loop
      vertex 4.72261 0 0.234315
      vertex 4.55692 0 0.10718
      vertex 4.51623 0.716957 0.130676
    endloop
  endfacet
  facet normal 0.79169 0.0648455 -0.607471
    outer loop
      vertex 4.80825 0.730947 0.423954
      vertex 4.84974 0 0.4
      vertex 4.68132 0.727389 0.258152
    endloop
  endfacet
  facet normal 0.791694 0.0648473 -0.607466
    outer loop
      vertex 4.84974 0 0.4
      vertex 4.72261 0 0.234315
      vertex 4.68132 0.727389 0.258152
    endloop
  endfacet
  facet normal 0.921936 -0.0648482 -0.381876
    outer loop
      vertex 4.92966 0 0.592945
      vertex 4.88837 -0.727389 0.616783
      vertex 4.84974 0 0.4
    endloop
  endfacet
  facet normal 0.92194 -0.0648454 -0.381867
    outer loop
      vertex 4.88837 -0.727389 0.616783
      vertex 4.80825 -0.730947 0.423954
      vertex 4.84974 0 0.4
    endloop
  endfacet
  facet normal 0.989632 -0.0604352 -0.130291
    outer loop
      vertex 4.95692 0 0.8
      vertex 4.91623 -0.716957 0.823496
      vertex 4.92966 0 0.592945
    endloop
  endfacet
  facet normal 0.989627 -0.0604469 -0.130328
    outer loop
      vertex 4.91623 -0.716957 0.823496
      vertex 4.88837 -0.727389 0.616783
      vertex 4.92966 0 0.592945
    endloop
  endfacet
  facet normal 0.990107 -0.0519234 0.13035
    outer loop
      vertex 4.92966 0 1.00706
      vertex 4.88991 -0.700363 1.03001
      vertex 4.95692 0 0.8
    endloop
  endfacet
  facet normal 0.990106 -0.0519201 0.13036
    outer loop
      vertex 4.88991 -0.700363 1.03001
      vertex 4.91623 -0.716957 0.823496
      vertex 4.95692 0 0.8
    endloop
  endfacet
  facet normal 0.923142 -0.0398611 0.382386
    outer loop
      vertex 4.84974 0 1.2
      vertex 4.81122 -0.678736 1.22224
      vertex 4.92966 0 1.00706
    endloop
  endfacet
  facet normal 0.923146 -0.0398643 0.382378
    outer loop
      vertex 4.81122 -0.678736 1.22224
      vertex 4.88991 -0.700363 1.03001
      vertex 4.92966 0 1.00706
    endloop
  endfacet
  facet normal 0.793123 -0.0250874 0.608544
    outer loop
      vertex 4.72261 0 1.36569
      vertex 4.68551 -0.653552 1.3871
      vertex 4.84974 0 1.2
    endloop
  endfacet
  facet normal 0.793094 -0.0250687 0.608584
    outer loop
      vertex 4.68551 -0.653552 1.3871
      vertex 4.81122 -0.678736 1.22224
      vertex 4.84974 0 1.2
    endloop
  endfacet
  facet normal 0.608714 -0.00855274 0.793344
    outer loop
      vertex 4.55692 0 1.49282
      vertex 4.52136 -0.626526 1.51335
      vertex 4.72261 0 1.36569
    endloop
  endfacet
  facet normal 0.608743 -0.00856761 0.793321
    outer loop
      vertex 4.52136 -0.626526 1.51335
      vertex 4.68551 -0.653552 1.3871
      vertex 4.72261 0 1.36569
    endloop
  endfacet
  facet normal 0.382676 0.00855888 0.923843
    outer loop
      vertex 4.36398 0 1.57274
      vertex 4.32995 -0.5995 1.59239
      vertex 4.55692 0 1.49282
    endloop
  endfacet
  facet normal 0.382692 0.00855163 0.923836
    outer loop
      vertex 4.32995 -0.5995 1.59239
      vertex 4.52136 -0.626526 1.51335
      vertex 4.55692 0 1.49282
    endloop
  endfacet
  facet normal 0.130485 0.0250721 0.991133
    outer loop
      vertex 4.15692 0 1.6
      vertex 4.12432 -0.574315 1.61882
      vertex 4.36398 0 1.57274
    endloop
  endfacet
  facet normal 0.130464 0.0250811 0.991136
    outer loop
      vertex 4.12432 -0.574315 1.61882
      vertex 4.32995 -0.5995 1.59239
      vertex 4.36398 0 1.57274
    endloop
  endfacet
  facet normal -0.130429 0.0398662 0.990656
    outer loop
      vertex 3.94987 0 1.57274
      vertex 3.91849 -0.552689 1.59085
      vertex 4.15692 0 1.6
    endloop
  endfacet
  facet normal -0.13043 0.0398669 0.990656
    outer loop
      vertex 3.91849 -0.552689 1.59085
      vertex 4.12432 -0.574315 1.61882
      vertex 4.15692 0 1.6
    endloop
  endfacet
  facet normal -0.382157 0.0519307 0.922637
    outer loop
      vertex 3.75692 0 1.49282
      vertex 3.72649 -0.536095 1.51039
      vertex 3.94987 0 1.57274
    endloop
  endfacet
  facet normal -0.382155 0.0519297 0.922638
    outer loop
      vertex 3.72649 -0.536095 1.51039
      vertex 3.91849 -0.552689 1.59085
      vertex 3.94987 0 1.57274
    endloop
  endfacet
  facet normal -0.607646 0.0604356 0.791905
    outer loop
      vertex 3.59124 0 1.36569
      vertex 3.5614 -0.525663 1.38291
      vertex 3.75692 0 1.49282
    endloop
  endfacet
  facet normal -0.607666 0.0604459 0.791889
    outer loop
      vertex 3.5614 -0.525663 1.38291
      vertex 3.72649 -0.536095 1.51039
      vertex 3.75692 0 1.49282
    endloop
  endfacet
  facet normal -0.79168 0.0648367 0.607485
    outer loop
      vertex 3.4641 0 1.2
      vertex 3.43447 -0.522105 1.21711
      vertex 3.59124 0 1.36569
    endloop
  endfacet
  facet normal -0.791687 0.0648413 0.607476
    outer loop
      vertex 3.43447 -0.522105 1.21711
      vertex 3.5614 -0.525663 1.38291
      vertex 3.59124 0 1.36569
    endloop
  endfacet
  facet normal -0.921932 0.0648448 0.381885
    outer loop
      vertex 3.38418 0 1.00706
      vertex 3.35434 -0.525663 1.02428
      vertex 3.4641 0 1.2
    endloop
  endfacet
  facet normal -0.921924 0.0648357 0.381907
    outer loop
      vertex 3.35434 -0.525663 1.02428
      vertex 3.43447 -0.522105 1.21711
      vertex 3.4641 0 1.2
    endloop
  endfacet
  facet normal -0.989632 0.0604436 0.130288
    outer loop
      vertex 3.35692 0 0.8
      vertex 3.32649 -0.536095 0.817569
      vertex 3.38418 0 1.00706
    endloop
  endfacet
  facet normal -0.989633 0.0604458 0.130282
    outer loop
      vertex 3.32649 -0.536095 0.817569
      vertex 3.35434 -0.525663 1.02428
      vertex 3.38418 0 1.00706
    endloop
  endfacet
  facet normal -0.990107 0.0519256 -0.130353
    outer loop
      vertex 3.38418 0 0.592945
      vertex 3.35281 -0.552689 0.611057
      vertex 3.35692 0 0.8
    endloop
  endfacet
  facet normal -0.990106 0.0519285 -0.130362
    outer loop
      vertex 3.35281 -0.552689 0.611057
      vertex 3.32649 -0.536095 0.817569
      vertex 3.35692 0 0.8
    endloop
  endfacet
  facet normal -0.923146 0.0398698 -0.382377
    outer loop
      vertex 3.4641 0 0.4
      vertex 3.4315 -0.574315 0.418821
      vertex 3.38418 0 0.592945
    endloop
  endfacet
  facet normal -0.92315 0.0398665 -0.382368
    outer loop
      vertex 3.4315 -0.574315 0.418821
      vertex 3.35281 -0.552689 0.611057
      vertex 3.38418 0 0.592945
    endloop
  endfacet
  facet normal -0.793091 0.0250752 -0.608586
    outer loop
      vertex 3.59124 0 0.234315
      vertex 3.55721 -0.5995 0.253961
      vertex 3.4641 0 0.4
    endloop
  endfacet
  facet normal -0.793093 0.0250745 -0.608584
    outer loop
      vertex 3.55721 -0.5995 0.253961
      vertex 3.4315 -0.574315 0.418821
      vertex 3.4641 0 0.4
    endloop
  endfacet
  facet normal -0.608752 0.00855334 -0.793314
    outer loop
      vertex 3.75692 0 0.10718
      vertex 3.72136 -0.626526 0.127712
      vertex 3.59124 0 0.234315
    endloop
  endfacet
  facet normal -0.608741 0.0085569 -0.793323
    outer loop
      vertex 3.72136 -0.626526 0.127712
      vertex 3.55721 -0.5995 0.253961
      vertex 3.59124 0 0.234315
    endloop
  endfacet
  facet normal -0.382662 -0.00855376 -0.923849
    outer loop
      vertex 3.94987 0 0.0272593
      vertex 3.91277 -0.653552 0.0486774
      vertex 3.75692 0 0.10718
    endloop
  endfacet
  facet normal -0.382671 -0.00855611 -0.923845
    outer loop
      vertex 3.91277 -0.653552 0.0486774
      vertex 3.72136 -0.626526 0.127712
      vertex 3.75692 0 0.10718
    endloop
  endfacet
  facet normal -0.130488 -0.0250757 -0.991133
    outer loop
      vertex 4.15692 0 0
      vertex 4.1184 -0.678736 0.0222434
      vertex 3.94987 0 0.0272593
    endloop
  endfacet
  facet normal -0.130482 -0.0250742 -0.991134
    outer loop
      vertex 4.1184 -0.678736 0.0222434
      vertex 3.91277 -0.653552 0.0486774
      vertex 3.94987 0 0.0272593
    endloop
  endfacet
  facet normal 0.130419 -0.0398695 -0.990657
    outer loop
      vertex 4.36398 0 0.0272593
      vertex 4.32422 -0.700363 0.0502114
      vertex 4.15692 0 0
    endloop
  endfacet
  facet normal 0.130427 -0.0398676 -0.990656
    outer loop
      vertex 4.32422 -0.700363 0.0502114
      vertex 4.1184 -0.678736 0.0222434
      vertex 4.15692 0 0
    endloop
  endfacet
  facet normal 0.382177 -0.0519262 -0.922629
    outer loop
      vertex 4.55692 0 0.10718
      vertex 4.51623 -0.716957 0.130676
      vertex 4.36398 0 0.0272593
    endloop
  endfacet
  facet normal 0.382157 -0.0519317 -0.922637
    outer loop
      vertex 4.51623 -0.716957 0.130676
      vertex 4.32422 -0.700363 0.0502114
      vertex 4.36398 0 0.0272593
    endloop
  endfacet
  facet normal 0.607638 -0.0604438 -0.791911
    outer loop
      vertex 4.72261 0 0.234315
      vertex 4.68132 -0.727389 0.258152
      vertex 4.55692 0 0.10718
    endloop
  endfacet
  facet normal 0.607654 -0.0604386 -0.791899
    outer loop
      vertex 4.68132 -0.727389 0.258152
      vertex 4.51623 -0.716957 0.130676
      vertex 4.55692 0 0.10718
    endloop
  endfacet
  facet normal 0.791694 -0.0648455 -0.607466
    outer loop
      vertex 4.84974 0 0.4
      vertex 4.80825 -0.730947 0.423954
      vertex 4.72261 0 0.234315
    endloop
  endfacet
  facet normal 0.79169 -0.0648473 -0.607471
    outer loop
      vertex 4.80825 -0.730947 0.423954
      vertex 4.68132 -0.727389 0.258152
      vertex 4.72261 0 0.234315
    endloop
  endfacet
  facet normal 0.907281 -0.193418 -0.373404
    outer loop
      vertex 4.88837 -0.727389 0.616783
      vertex 4.76522 -1.44233 0.687888
      vertex 4.80825 -0.730947 0.423954
    endloop
  endfacet
  facet normal 0.907268 -0.193427 -0.373432
    outer loop
      vertex 4.76522 -1.44233 0.687888
      vertex 4.68449 -1.44939 0.495408
      vertex 4.80825 -0.730947 0.423954
    endloop
  endfacet
  facet normal 0.97596 -0.180309 -0.122437
    outer loop
      vertex 4.91623 -0.716957 0.823496
      vertex 4.79483 -1.42165 0.893582
      vertex 4.88837 -0.727389 0.616783
    endloop
  endfacet
  facet normal 0.975973 -0.180284 -0.122368
    outer loop
      vertex 4.79483 -1.42165 0.893582
      vertex 4.76522 -1.44233 0.687888
      vertex 4.88837 -0.727389 0.616783
    endloop
  endfacet
  facet normal 0.978366 -0.154895 0.137138
    outer loop
      vertex 4.88991 -0.700363 1.03001
      vertex 4.77133 -1.38874 1.09847
      vertex 4.91623 -0.716957 0.823496
    endloop
  endfacet
  facet normal 0.978369 -0.154912 0.137098
    outer loop
      vertex 4.77133 -1.38874 1.09847
      vertex 4.79483 -1.42165 0.893582
      vertex 4.91623 -0.716957 0.823496
    endloop
  endfacet
  facet normal 0.91413 -0.118936 0.387583
    outer loop
      vertex 4.81122 -0.678736 1.22224
      vertex 4.69629 -1.34586 1.28859
      vertex 4.88991 -0.700363 1.03001
    endloop
  endfacet
  facet normal 0.914117 -0.118917 0.387621
    outer loop
      vertex 4.69629 -1.34586 1.28859
      vertex 4.77133 -1.38874 1.09847
      vertex 4.88991 -0.700363 1.03001
    endloop
  endfacet
  facet normal 0.787424 -0.0747933 0.611857
    outer loop
      vertex 4.68551 -0.653552 1.3871
      vertex 4.57485 -1.29592 1.45099
      vertex 4.81122 -0.678736 1.22224
    endloop
  endfacet
  facet normal 0.787439 -0.0748061 0.611837
    outer loop
      vertex 4.57485 -1.29592 1.45099
      vertex 4.69629 -1.34586 1.28859
      vertex 4.81122 -0.678736 1.22224
    endloop
  endfacet
  facet normal 0.606811 -0.0255135 0.794436
    outer loop
      vertex 4.52136 -0.626526 1.51335
      vertex 4.41528 -1.24233 1.5746
      vertex 4.68551 -0.653552 1.3871
    endloop
  endfacet
  facet normal 0.606825 -0.0255235 0.794425
    outer loop
      vertex 4.41528 -1.24233 1.5746
      vertex 4.57485 -1.29592 1.45099
      vertex 4.68551 -0.653552 1.3871
    endloop
  endfacet
  facet normal 0.384625 0.0255042 0.92272
    outer loop
      vertex 4.32995 -0.5995 1.59239
      vertex 4.22844 -1.18874 1.65099
      vertex 4.52136 -0.626526 1.51335
    endloop
  endfacet
  facet normal 0.384585 0.0255289 0.922736
    outer loop
      vertex 4.22844 -1.18874 1.65099
      vertex 4.41528 -1.24233 1.5746
      vertex 4.52136 -0.626526 1.51335
    endloop
  endfacet
  facet normal 0.136133 0.0747958 0.987863
    outer loop
      vertex 4.12432 -0.574315 1.61882
      vertex 4.02708 -1.1388 1.67496
      vertex 4.32995 -0.5995 1.59239
    endloop
  endfacet
  facet normal 0.136144 0.0747891 0.987862
    outer loop
      vertex 4.02708 -1.1388 1.67496
      vertex 4.22844 -1.18874 1.65099
      vertex 4.32995 -0.5995 1.59239
    endloop
  endfacet
  facet normal -0.121416 0.118927 0.985451
    outer loop
      vertex 3.91849 -0.552689 1.59085
      vertex 3.82492 -1.09592 1.64488
      vertex 4.12432 -0.574315 1.61882
    endloop
  endfacet
  facet normal -0.121405 0.11892 0.985454
    outer loop
      vertex 3.82492 -1.09592 1.64488
      vertex 4.02708 -1.1388 1.67496
      vertex 4.12432 -0.574315 1.61882
    endloop
  endfacet
  facet normal -0.370417 0.154887 0.915861
    outer loop
      vertex 3.72649 -0.536095 1.51039
      vertex 3.63572 -1.06302 1.56279
      vertex 3.91849 -0.552689 1.59085
    endloop
  endfacet
  facet normal -0.370434 0.154897 0.915852
    outer loop
      vertex 3.63572 -1.06302 1.56279
      vertex 3.82492 -1.09592 1.64488
      vertex 3.91849 -0.552689 1.59085
    endloop
  endfacet
  facet normal -0.594 0.180301 0.784
    outer loop
      vertex 3.5614 -0.525663 1.38291
      vertex 3.4724 -1.04233 1.4343
      vertex 3.72649 -0.536095 1.51039
    endloop
  endfacet
  facet normal -0.593978 0.180288 0.784019
    outer loop
      vertex 3.4724 -1.04233 1.4343
      vertex 3.63572 -1.06302 1.56279
      vertex 3.72649 -0.536095 1.51039
    endloop
  endfacet
  facet normal -0.777026 0.193429 0.599012
    outer loop
      vertex 3.43447 -0.522105 1.21711
      vertex 3.34607 -1.03528 1.26815
      vertex 3.5614 -0.525663 1.38291
    endloop
  endfacet
  facet normal -0.777027 0.193429 0.59901
    outer loop
      vertex 3.34607 -1.03528 1.26815
      vertex 3.4724 -1.04233 1.4343
      vertex 3.5614 -0.525663 1.38291
    endloop
  endfacet
  facet normal -0.907263 0.193428 0.373442
    outer loop
      vertex 3.35434 -0.525663 1.02428
      vertex 3.26534 -1.04233 1.07567
      vertex 3.43447 -0.522105 1.21711
    endloop
  endfacet
  facet normal -0.907264 0.193428 0.37344
    outer loop
      vertex 3.26534 -1.04233 1.07567
      vertex 3.34607 -1.03528 1.26815
      vertex 3.43447 -0.522105 1.21711
    endloop
  endfacet
  facet normal -0.975968 0.180296 0.122392
    outer loop
      vertex 3.32649 -0.536095 0.817569
      vertex 3.23572 -1.06302 0.869974
      vertex 3.35434 -0.525663 1.02428
    endloop
  endfacet
  facet normal -0.975967 0.180293 0.122403
    outer loop
      vertex 3.23572 -1.06302 0.869974
      vertex 3.26534 -1.04233 1.07567
      vertex 3.35434 -0.525663 1.02428
    endloop
  endfacet
  facet normal -0.978365 0.154899 -0.13714
    outer loop
      vertex 3.35281 -0.552689 0.611057
      vertex 3.25923 -1.09592 0.665085
      vertex 3.32649 -0.536095 0.817569
    endloop
  endfacet
  facet normal -0.978366 0.154898 -0.137135
    outer loop
      vertex 3.25923 -1.09592 0.665085
      vertex 3.23572 -1.06302 0.869974
      vertex 3.32649 -0.536095 0.817569
    endloop
  endfacet
  facet normal -0.914136 0.118925 -0.387572
    outer loop
      vertex 3.4315 -0.574315 0.418821
      vertex 3.33426 -1.1388 0.474963
      vertex 3.35281 -0.552689 0.611057
    endloop
  endfacet
  facet normal -0.914134 0.118927 -0.387578
    outer loop
      vertex 3.33426 -1.1388 0.474963
      vertex 3.25923 -1.09592 0.665085
      vertex 3.35281 -0.552689 0.611057
    endloop
  endfacet
  facet normal -0.787424 0.0747982 -0.611857
    outer loop
      vertex 3.55721 -0.5995 0.253961
      vertex 3.4557 -1.18874 0.312565
      vertex 3.4315 -0.574315 0.418821
    endloop
  endfacet
  facet normal -0.787437 0.0747947 -0.61184
    outer loop
      vertex 3.4557 -1.18874 0.312565
      vertex 3.33426 -1.1388 0.474963
      vertex 3.4315 -0.574315 0.418821
    endloop
  endfacet
  facet normal -0.606808 0.0255178 -0.794439
    outer loop
      vertex 3.72136 -0.626526 0.127712
      vertex 3.61528 -1.24233 0.188958
      vertex 3.55721 -0.5995 0.253961
    endloop
  endfacet
  facet normal -0.606793 0.0255203 -0.79445
    outer loop
      vertex 3.61528 -1.24233 0.188958
      vertex 3.4557 -1.18874 0.312565
      vertex 3.55721 -0.5995 0.253961
    endloop
  endfacet
  facet normal -0.384604 -0.0255159 -0.922729
    outer loop
      vertex 3.91277 -0.653552 0.0486774
      vertex 3.80211 -1.29592 0.112565
      vertex 3.72136 -0.626526 0.127712
    endloop
  endfacet
  facet normal -0.384613 -0.0255171 -0.922725
    outer loop
      vertex 3.80211 -1.29592 0.112565
      vertex 3.61528 -1.24233 0.188958
      vertex 3.72136 -0.626526 0.127712
    endloop
  endfacet
  facet normal -0.136151 -0.0747929 -0.987861
    outer loop
      vertex 4.1184 -0.678736 0.0222434
      vertex 4.00347 -1.34586 0.0885928
      vertex 3.91277 -0.653552 0.0486774
    endloop
  endfacet
  facet normal -0.136156 -0.0747936 -0.98786
    outer loop
      vertex 4.00347 -1.34586 0.0885928
      vertex 3.80211 -1.29592 0.112565
      vertex 3.91277 -0.653552 0.0486774
    endloop
  endfacet
  facet normal 0.121413 -0.118924 -0.985452
    outer loop
      vertex 4.32422 -0.700363 0.0502114
      vertex 4.20564 -1.38874 0.118675
      vertex 4.1184 -0.678736 0.0222434
    endloop
  endfacet
  facet normal 0.121408 -0.118925 -0.985453
    outer loop
      vertex 4.20564 -1.38874 0.118675
      vertex 4.00347 -1.34586 0.0885928
      vertex 4.1184 -0.678736 0.0222434
    endloop
  endfacet
  facet normal 0.370417 -0.1549 -0.915859
    outer loop
      vertex 4.51623 -0.716957 0.130676
      vertex 4.39483 -1.42165 0.200761
      vertex 4.32422 -0.700363 0.0502114
    endloop
  endfacet
  facet normal 0.370428 -0.154898 -0.915855
    outer loop
      vertex 4.39483 -1.42165 0.200761
      vertex 4.20564 -1.38874 0.118675
      vertex 4.32422 -0.700363 0.0502114
    endloop
  endfacet
  facet normal 0.593988 -0.180299 -0.784009
    outer loop
      vertex 4.68132 -0.727389 0.258152
      vertex 4.55816 -1.44233 0.329258
      vertex 4.51623 -0.716957 0.130676
    endloop
  endfacet
  facet normal 0.593981 -0.180301 -0.784014
    outer loop
      vertex 4.55816 -1.44233 0.329258
      vertex 4.39483 -1.42165 0.200761
      vertex 4.51623 -0.716957 0.130676
    endloop
  endfacet
  facet normal 0.77703 -0.193428 -0.599008
    outer loop
      vertex 4.80825 -0.730947 0.423954
      vertex 4.68449 -1.44939 0.495408
      vertex 4.68132 -0.727389 0.258152
    endloop
  endfacet
  facet normal 0.777022 -0.193431 -0.599017
    outer loop
      vertex 4.68449 -1.44939 0.495408
      vertex 4.55816 -1.44233 0.329258
      vertex 4.68132 -0.727389 0.258152
    endloop
  endfacet
  facet normal 0.878197 -0.31871 -0.356643
    outer loop
      vertex 4.76522 -1.44233 0.687888
      vertex 4.56229 -2.1326 0.805045
      vertex 4.68449 -1.44939 0.495408
    endloop
  endfacet
  facet normal 0.878218 -0.318696 -0.356604
    outer loop
      vertex 4.56229 -2.1326 0.805045
      vertex 4.48058 -2.14303 0.613137
      vertex 4.68449 -1.44939 0.495408
    endloop
  endfacet
  facet normal 0.948875 -0.297062 -0.106726
    outer loop
      vertex 4.79483 -1.42165 0.893582
      vertex 4.59482 -2.10201 1.00906
      vertex 4.76522 -1.44233 0.687888
    endloop
  endfacet
  facet normal 0.948868 -0.297073 -0.106753
    outer loop
      vertex 4.59482 -2.10201 1.00906
      vertex 4.56229 -2.1326 0.805045
      vertex 4.76522 -1.44233 0.687888
    endloop
  endfacet
  facet normal 0.955088 -0.255234 0.150542
    outer loop
      vertex 4.77133 -1.38874 1.09847
      vertex 4.57594 -2.05336 1.21127
      vertex 4.79483 -1.42165 0.893582
    endloop
  endfacet
  facet normal 0.955087 -0.255216 0.150578
    outer loop
      vertex 4.57594 -2.05336 1.21127
      vertex 4.59482 -2.10201 1.00906
      vertex 4.79483 -1.42165 0.893582
    endloop
  endfacet
  facet normal 0.896248 -0.195925 0.397936
    outer loop
      vertex 4.69629 -1.34586 1.28859
      vertex 4.50695 -1.98995 1.39791
      vertex 4.77133 -1.38874 1.09847
    endloop
  endfacet
  facet normal 0.896266 -0.195963 0.397875
    outer loop
      vertex 4.50695 -1.98995 1.39791
      vertex 4.57594 -2.05336 1.21127
      vertex 4.77133 -1.38874 1.09847
    endloop
  endfacet
  facet normal 0.776202 -0.123228 0.618325
    outer loop
      vertex 4.57485 -1.29592 1.45099
      vertex 4.39253 -1.91612 1.55626
      vertex 4.69629 -1.34586 1.28859
    endloop
  endfacet
  facet normal 0.776204 -0.12323 0.618322
    outer loop
      vertex 4.39253 -1.91612 1.55626
      vertex 4.50695 -1.98995 1.39791
      vertex 4.69629 -1.34586 1.28859
    endloop
  endfacet
  facet normal 0.60299 -0.0420514 0.79664
    outer loop
      vertex 4.41528 -1.24233 1.5746
      vertex 4.2405 -1.83688 1.67551
      vertex 4.57485 -1.29592 1.45099
    endloop
  endfacet
  facet normal 0.602973 -0.0420354 0.796653
    outer loop
      vertex 4.2405 -1.83688 1.67551
      vertex 4.39253 -1.91612 1.55626
      vertex 4.57485 -1.29592 1.45099
    endloop
  endfacet
  facet normal 0.388421 0.0420569 0.920522
    outer loop
      vertex 4.22844 -1.18874 1.65099
      vertex 4.0612 -1.75764 1.74755
      vertex 4.41528 -1.24233 1.5746
    endloop
  endfacet
  facet normal 0.388432 0.0420473 0.920517
    outer loop
      vertex 4.0612 -1.75764 1.74755
      vertex 4.2405 -1.83688 1.67551
      vertex 4.41528 -1.24233 1.5746
    endloop
  endfacet
  facet normal 0.147386 0.123232 0.981372
    outer loop
      vertex 4.02708 -1.1388 1.67496
      vertex 3.86686 -1.68381 1.76746
      vertex 4.22844 -1.18874 1.65099
    endloop
  endfacet
  facet normal 0.147363 0.123249 0.981373
    outer loop
      vertex 3.86686 -1.68381 1.76746
      vertex 4.0612 -1.75764 1.74755
      vertex 4.22844 -1.18874 1.65099
    endloop
  endfacet
  facet normal -0.103531 0.195946 0.975134
    outer loop
      vertex 3.82492 -1.09592 1.64488
      vertex 3.67073 -1.6204 1.7339
      vertex 4.02708 -1.1388 1.67496
    endloop
  endfacet
  facet normal -0.103511 0.195932 0.975139
    outer loop
      vertex 3.67073 -1.6204 1.7339
      vertex 3.86686 -1.68381 1.76746
      vertex 4.02708 -1.1388 1.67496
    endloop
  endfacet
  facet normal -0.347156 0.255224 0.90241
    outer loop
      vertex 3.63572 -1.06302 1.56279
      vertex 3.48617 -1.57175 1.64914
      vertex 3.82492 -1.09592 1.64488
    endloop
  endfacet
  facet normal -0.347158 0.255226 0.902409
    outer loop
      vertex 3.48617 -1.57175 1.64914
      vertex 3.67073 -1.6204 1.7339
      vertex 3.82492 -1.09592 1.64488
    endloop
  endfacet
  facet normal -0.56688 0.297057 0.768378
    outer loop
      vertex 3.4724 -1.04233 1.4343
      vertex 3.32575 -1.54117 1.51896
      vertex 3.63572 -1.06302 1.56279
    endloop
  endfacet
  facet normal -0.566894 0.297068 0.768363
    outer loop
      vertex 3.32575 -1.54117 1.51896
      vertex 3.48617 -1.57175 1.64914
      vertex 3.63572 -1.06302 1.56279
    endloop
  endfacet
  facet normal -0.747956 0.318713 0.582223
    outer loop
      vertex 3.34607 -1.03528 1.26815
      vertex 3.20041 -1.53073 1.35224
      vertex 3.4724 -1.04233 1.4343
    endloop
  endfacet
  facet normal -0.747937 0.318697 0.582256
    outer loop
      vertex 3.20041 -1.53073 1.35224
      vertex 3.32575 -1.54117 1.51896
      vertex 3.4724 -1.04233 1.4343
    endloop
  endfacet
  facet normal -0.878198 0.318687 0.356661
    outer loop
      vertex 3.26534 -1.04233 1.07567
      vertex 3.1187 -1.54117 1.16033
      vertex 3.34607 -1.03528 1.26815
    endloop
  endfacet
  facet normal -0.87822 0.318713 0.356584
    outer loop
      vertex 3.1187 -1.54117 1.16033
      vertex 3.20041 -1.53073 1.35224
      vertex 3.34607 -1.03528 1.26815
    endloop
  endfacet
  facet normal -0.948873 0.297057 0.106757
    outer loop
      vertex 3.23572 -1.06302 0.869974
      vertex 3.08617 -1.57175 0.95632
      vertex 3.26534 -1.04233 1.07567
    endloop
  endfacet
  facet normal -0.948872 0.297053 0.106774
    outer loop
      vertex 3.08617 -1.57175 0.95632
      vertex 3.1187 -1.54117 1.16033
      vertex 3.26534 -1.04233 1.07567
    endloop
  endfacet
  facet normal -0.95509 0.255209 -0.150572
    outer loop
      vertex 3.25923 -1.09592 0.665085
      vertex 3.10505 -1.6204 0.754104
      vertex 3.23572 -1.06302 0.869974
    endloop
  endfacet
  facet normal -0.95509 0.255209 -0.150572
    outer loop
      vertex 3.10505 -1.6204 0.754104
      vertex 3.08617 -1.57175 0.95632
      vertex 3.23572 -1.06302 0.869974
    endloop
  endfacet
  facet normal -0.896261 0.195947 -0.397895
    outer loop
      vertex 3.33426 -1.1388 0.474963
      vertex 3.17404 -1.68381 0.567465
      vertex 3.25923 -1.09592 0.665085
    endloop
  endfacet
  facet normal -0.896272 0.195944 -0.397873
    outer loop
      vertex 3.17404 -1.68381 0.567465
      vertex 3.10505 -1.6204 0.754104
      vertex 3.25923 -1.09592 0.665085
    endloop
  endfacet
  facet normal -0.776197 0.123232 -0.61833
    outer loop
      vertex 3.4557 -1.18874 0.312565
      vertex 3.28846 -1.75764 0.409123
      vertex 3.33426 -1.1388 0.474963
    endloop
  endfacet
  facet normal -0.776187 0.123232 -0.618342
    outer loop
      vertex 3.28846 -1.75764 0.409123
      vertex 3.17404 -1.68381 0.567465
      vertex 3.33426 -1.1388 0.474963
    endloop
  endfacet
  facet normal -0.60296 0.0420373 -0.796663
    outer loop
      vertex 3.61528 -1.24233 0.188958
      vertex 3.4405 -1.83688 0.289869
      vertex 3.4557 -1.18874 0.312565
    endloop
  endfacet
  facet normal -0.602961 0.0420373 -0.796663
    outer loop
      vertex 3.4405 -1.83688 0.289869
      vertex 3.28846 -1.75764 0.409123
      vertex 3.4557 -1.18874 0.312565
    endloop
  endfacet
  facet normal -0.388448 -0.0420427 -0.920511
    outer loop
      vertex 3.80211 -1.29592 0.112565
      vertex 3.61979 -1.91612 0.217829
      vertex 3.61528 -1.24233 0.188958
    endloop
  endfacet
  facet normal -0.388449 -0.0420427 -0.920511
    outer loop
      vertex 3.61979 -1.91612 0.217829
      vertex 3.4405 -1.83688 0.289869
      vertex 3.61528 -1.24233 0.188958
    endloop
  endfacet
  facet normal -0.147398 -0.123236 -0.98137
    outer loop
      vertex 4.00347 -1.34586 0.0885928
      vertex 3.81413 -1.98995 0.197913
      vertex 3.80211 -1.29592 0.112565
    endloop
  endfacet
  facet normal -0.147389 -0.123236 -0.981371
    outer loop
      vertex 3.81413 -1.98995 0.197913
      vertex 3.61979 -1.91612 0.217829
      vertex 3.80211 -1.29592 0.112565
    endloop
  endfacet
  facet normal 0.103537 -0.195944 -0.975134
    outer loop
      vertex 4.20564 -1.38874 0.118675
      vertex 4.01026 -2.05336 0.231479
      vertex 4.00347 -1.34586 0.0885928
    endloop
  endfacet
  facet normal 0.103536 -0.195944 -0.975134
    outer loop
      vertex 4.01026 -2.05336 0.231479
      vertex 3.81413 -1.98995 0.197913
      vertex 4.00347 -1.34586 0.0885928
    endloop
  endfacet
  facet normal 0.347145 -0.255219 -0.902415
    outer loop
      vertex 4.39483 -1.42165 0.200761
      vertex 4.19482 -2.10201 0.316238
      vertex 4.20564 -1.38874 0.118675
    endloop
  endfacet
  facet normal 0.347156 -0.255218 -0.902411
    outer loop
      vertex 4.19482 -2.10201 0.316238
      vertex 4.01026 -2.05336 0.231479
      vertex 4.20564 -1.38874 0.118675
    endloop
  endfacet
  facet normal 0.566889 -0.297061 -0.76837
    outer loop
      vertex 4.55816 -1.44233 0.329258
      vertex 4.35524 -2.1326 0.446414
      vertex 4.39483 -1.42165 0.200761
    endloop
  endfacet
  facet normal 0.566872 -0.297064 -0.768381
    outer loop
      vertex 4.35524 -2.1326 0.446414
      vertex 4.19482 -2.10201 0.316238
      vertex 4.39483 -1.42165 0.200761
    endloop
  endfacet
  facet normal 0.747952 -0.318697 -0.582237
    outer loop
      vertex 4.68449 -1.44939 0.495408
      vertex 4.48058 -2.14303 0.613137
      vertex 4.55816 -1.44233 0.329258
    endloop
  endfacet
  facet normal 0.747952 -0.318697 -0.582237
    outer loop
      vertex 4.48058 -2.14303 0.613137
      vertex 4.35524 -2.1326 0.446414
      vertex 4.55816 -1.44233 0.329258
    endloop
  endfacet
  facet normal 0.835234 -0.43852 -0.33179
    outer loop
      vertex 4.56229 -2.1326 0.805045
      vertex 4.28308 -2.78637 0.966248
      vertex 4.48058 -2.14303 0.613137
    endloop
  endfacet
  facet normal 0.835227 -0.438524 -0.331802
    outer loop
      vertex 4.28308 -2.78637 0.966248
      vertex 4.2 -2.8 0.775129
      vertex 4.48058 -2.14303 0.613137
    endloop
  endfacet
  facet normal 0.908812 -0.40874 -0.0836228
    outer loop
      vertex 4.59482 -2.10201 1.00906
      vertex 4.31962 -2.74641 1.16795
      vertex 4.56229 -2.1326 0.805045
    endloop
  endfacet
  facet normal 0.908802 -0.408756 -0.0836567
    outer loop
      vertex 4.31962 -2.74641 1.16795
      vertex 4.28308 -2.78637 0.966248
      vertex 4.56229 -2.1326 0.805045
    endloop
  endfacet
  facet normal 0.920671 -0.351158 0.170447
    outer loop
      vertex 4.57594 -2.05336 1.21127
      vertex 4.30711 -2.68284 1.36649
      vertex 4.59482 -2.10201 1.00906
    endloop
  endfacet
  facet normal 0.920671 -0.351158 0.170448
    outer loop
      vertex 4.30711 -2.68284 1.36649
      vertex 4.31962 -2.74641 1.16795
      vertex 4.59482 -2.10201 1.00906
    endloop
  endfacet
  facet normal 0.869841 -0.269625 0.413134
    outer loop
      vertex 4.50695 -1.98995 1.39791
      vertex 4.24641 -2.6 1.54833
      vertex 4.57594 -2.05336 1.21127
    endloop
  endfacet
  facet normal 0.869831 -0.269593 0.413175
    outer loop
      vertex 4.24641 -2.6 1.54833
      vertex 4.30711 -2.68284 1.36649
      vertex 4.57594 -2.05336 1.21127
    endloop
  endfacet
  facet normal 0.759578 -0.169581 0.62792
    outer loop
      vertex 4.39253 -1.91612 1.55626
      vertex 4.14166 -2.50353 1.70109
      vertex 4.50695 -1.98995 1.39791
    endloop
  endfacet
  facet normal 0.75957 -0.169567 0.627933
    outer loop
      vertex 4.14166 -2.50353 1.70109
      vertex 4.24641 -2.6 1.54833
      vertex 4.50695 -1.98995 1.39791
    endloop
  endfacet
  facet normal 0.597298 -0.0578559 0.79993
    outer loop
      vertex 4.2405 -1.83688 1.67551
      vertex 4 -2.4 1.81436
      vertex 4.39253 -1.91612 1.55626
    endloop
  endfacet
  facet normal 0.597312 -0.0578733 0.799919
    outer loop
      vertex 4 -2.4 1.81436
      vertex 4.14166 -2.50353 1.70109
      vertex 4.39253 -1.91612 1.55626
    endloop
  endfacet
  facet normal 0.394103 0.057855 0.917244
    outer loop
      vertex 4.0612 -1.75764 1.74755
      vertex 3.83108 -2.29647 1.88041
      vertex 4.2405 -1.83688 1.67551
    endloop
  endfacet
  facet normal 0.394109 0.0578487 0.917241
    outer loop
      vertex 3.83108 -2.29647 1.88041
      vertex 4 -2.4 1.81436
      vertex 4.2405 -1.83688 1.67551
    endloop
  endfacet
  facet normal 0.163983 0.169584 0.971777
    outer loop
      vertex 3.86686 -1.68381 1.76746
      vertex 3.64641 -2.2 1.89474
      vertex 4.0612 -1.75764 1.74755
    endloop
  endfacet
  facet normal 0.163993 0.169575 0.971777
    outer loop
      vertex 3.64641 -2.2 1.89474
      vertex 3.83108 -2.29647 1.88041
      vertex 4.0612 -1.75764 1.74755
    endloop
  endfacet
  facet normal -0.0770815 0.269604 0.959881
    outer loop
      vertex 3.67073 -1.6204 1.7339
      vertex 3.45858 -2.11716 1.85639
      vertex 3.86686 -1.68381 1.76746
    endloop
  endfacet
  facet normal -0.0770786 0.269602 0.959882
    outer loop
      vertex 3.45858 -2.11716 1.85639
      vertex 3.64641 -2.2 1.89474
      vertex 3.86686 -1.68381 1.76746
    endloop
  endfacet
  facet normal -0.312737 0.351179 0.882535
    outer loop
      vertex 3.48617 -1.57175 1.64914
      vertex 3.28038 -2.05359 1.76795
      vertex 3.67073 -1.6204 1.7339
    endloop
  endfacet
  facet normal -0.312728 0.351171 0.882542
    outer loop
      vertex 3.28038 -2.05359 1.76795
      vertex 3.45858 -2.11716 1.85639
      vertex 3.67073 -1.6204 1.7339
    endloop
  endfacet
  facet normal -0.52683 0.40876 0.745229
    outer loop
      vertex 3.32575 -1.54117 1.51896
      vertex 3.12397 -2.01363 1.63546
      vertex 3.48617 -1.57175 1.64914
    endloop
  endfacet
  facet normal -0.526829 0.40876 0.745229
    outer loop
      vertex 3.12397 -2.01363 1.63546
      vertex 3.28038 -2.05359 1.76795
      vertex 3.48617 -1.57175 1.64914
    endloop
  endfacet
  facet normal -0.704955 0.438515 0.557444
    outer loop
      vertex 3.20041 -1.53073 1.35224
      vertex 3 -2 1.46795
      vertex 3.32575 -1.54117 1.51896
    endloop
  endfacet
  facet normal -0.70497 0.438529 0.557413
    outer loop
      vertex 3 -2 1.46795
      vertex 3.12397 -2.01363 1.63546
      vertex 3.32575 -1.54117 1.51896
    endloop
  endfacet
  facet normal -0.83524 0.438525 0.331766
    outer loop
      vertex 3.1187 -1.54117 1.16033
      vertex 2.91692 -2.01363 1.27683
      vertex 3.20041 -1.53073 1.35224
    endloop
  endfacet
  facet normal -0.835232 0.438514 0.331803
    outer loop
      vertex 2.91692 -2.01363 1.27683
      vertex 3 -2 1.46795
      vertex 3.20041 -1.53073 1.35224
    endloop
  endfacet
  facet normal -0.908799 0.408764 0.0836392
    outer loop
      vertex 3.08617 -1.57175 0.95632
      vertex 2.88038 -2.05359 1.07513
      vertex 3.1187 -1.54117 1.16033
    endloop
  endfacet
  facet normal -0.908799 0.408761 0.083656
    outer loop
      vertex 2.88038 -2.05359 1.07513
      vertex 2.91692 -2.01363 1.27683
      vertex 3.1187 -1.54117 1.16033
    endloop
  endfacet
  facet normal -0.920664 0.351177 -0.170446
    outer loop
      vertex 3.10505 -1.6204 0.754104
      vertex 2.89289 -2.11716 0.87659
      vertex 3.08617 -1.57175 0.95632
    endloop
  endfacet
  facet normal -0.920663 0.351178 -0.170454
    outer loop
      vertex 2.89289 -2.11716 0.87659
      vertex 2.88038 -2.05359 1.07513
      vertex 3.08617 -1.57175 0.95632
    endloop
  endfacet
  facet normal -0.869843 0.269617 -0.413134
    outer loop
      vertex 3.17404 -1.68381 0.567465
      vertex 2.95359 -2.2 0.694744
      vertex 3.10505 -1.6204 0.754104
    endloop
  endfacet
  facet normal -0.869826 0.269616 -0.413171
    outer loop
      vertex 2.95359 -2.2 0.694744
      vertex 2.89289 -2.11716 0.87659
      vertex 3.10505 -1.6204 0.754104
    endloop
  endfacet
  facet normal -0.75957 0.16956 -0.627936
    outer loop
      vertex 3.28846 -1.75764 0.409123
      vertex 3.05834 -2.29647 0.541984
      vertex 3.17404 -1.68381 0.567465
    endloop
  endfacet
  facet normal -0.759573 0.169561 -0.627931
    outer loop
      vertex 3.05834 -2.29647 0.541984
      vertex 2.95359 -2.2 0.694744
      vertex 3.17404 -1.68381 0.567465
    endloop
  endfacet
  facet normal -0.597288 0.05785 -0.799938
    outer loop
      vertex 3.4405 -1.83688 0.289869
      vertex 3.2 -2.4 0.428719
      vertex 3.28846 -1.75764 0.409123
    endloop
  endfacet
  facet normal -0.597304 0.0578526 -0.799926
    outer loop
      vertex 3.2 -2.4 0.428719
      vertex 3.05834 -2.29647 0.541984
      vertex 3.28846 -1.75764 0.409123
    endloop
  endfacet
  facet normal -0.394118 -0.0578459 -0.917237
    outer loop
      vertex 3.61979 -1.91612 0.217829
      vertex 3.36892 -2.50353 0.362668
      vertex 3.4405 -1.83688 0.289869
    endloop
  endfacet
  facet normal -0.394113 -0.0578468 -0.91724
    outer loop
      vertex 3.36892 -2.50353 0.362668
      vertex 3.2 -2.4 0.428719
      vertex 3.4405 -1.83688 0.289869
    endloop
  endfacet
  facet normal -0.164007 -0.169568 -0.971776
    outer loop
      vertex 3.81413 -1.98995 0.197913
      vertex 3.55359 -2.6 0.348334
      vertex 3.61979 -1.91612 0.217829
    endloop
  endfacet
  facet normal -0.16401 -0.169568 -0.971775
    outer loop
      vertex 3.55359 -2.6 0.348334
      vertex 3.36892 -2.50353 0.362668
      vertex 3.61979 -1.91612 0.217829
    endloop
  endfacet
  facet normal 0.0771079 -0.269612 -0.959877
    outer loop
      vertex 4.01026 -2.05336 0.231479
      vertex 3.74142 -2.68284 0.386692
      vertex 3.81413 -1.98995 0.197913
    endloop
  endfacet
  facet normal 0.0771138 -0.269612 -0.959876
    outer loop
      vertex 3.74142 -2.68284 0.386692
      vertex 3.55359 -2.6 0.348334
      vertex 3.81413 -1.98995 0.197913
    endloop
  endfacet
  facet normal 0.312737 -0.351168 -0.88254
    outer loop
      vertex 4.19482 -2.10201 0.316238
      vertex 3.91962 -2.74641 0.475129
      vertex 4.01026 -2.05336 0.231479
    endloop
  endfacet
  facet normal 0.312716 -0.351168 -0.882547
    outer loop
      vertex 3.91962 -2.74641 0.475129
      vertex 3.74142 -2.68284 0.386692
      vertex 4.01026 -2.05336 0.231479
    endloop
  endfacet
  facet normal 0.526807 -0.408747 -0.745252
    outer loop
      vertex 4.35524 -2.1326 0.446414
      vertex 4.07603 -2.78637 0.607617
      vertex 4.19482 -2.10201 0.316238
    endloop
  endfacet
  facet normal 0.52683 -0.408745 -0.745237
    outer loop
      vertex 4.07603 -2.78637 0.607617
      vertex 3.91962 -2.74641 0.475129
      vertex 4.19482 -2.10201 0.316238
    endloop
  endfacet
  facet normal 0.704968 -0.438524 -0.557419
    outer loop
      vertex 4.48058 -2.14303 0.613137
      vertex 4.2 -2.8 0.775129
      vertex 4.35524 -2.1326 0.446414
    endloop
  endfacet
  facet normal 0.704976 -0.438522 -0.557411
    outer loop
      vertex 4.2 -2.8 0.775129
      vertex 4.07603 -2.78637 0.607617
      vertex 4.35524 -2.1326 0.446414
    endloop
  endfacet
  facet normal 0.779073 -0.550832 -0.299382
    outer loop
      vertex 4.28308 -2.78637 0.966248
      vertex 3.93236 -3.39247 1.16874
      vertex 4.2 -2.8 0.775129
    endloop
  endfacet
  facet normal 0.779058 -0.55084 -0.299406
    outer loop
      vertex 3.93236 -3.39247 1.16874
      vertex 3.84756 -3.40906 0.978611
      vertex 4.2 -2.8 0.775129
    endloop
  endfacet
  facet normal 0.856454 -0.513451 -0.053432
    outer loop
      vertex 4.31962 -2.74641 1.16795
      vertex 3.97392 -3.34382 1.36754
      vertex 4.28308 -2.78637 0.966248
    endloop
  endfacet
  facet normal 0.856465 -0.513435 -0.0534009
    outer loop
      vertex 3.97392 -3.34382 1.36754
      vertex 3.93236 -3.39247 1.16874
      vertex 4.28308 -2.78637 0.966248
    endloop
  endfacet
  facet normal 0.875693 -0.441115 0.196417
    outer loop
      vertex 4.30711 -2.68284 1.36649
      vertex 3.96941 -3.26642 1.56146
      vertex 4.31962 -2.74641 1.16795
    endloop
  endfacet
  facet normal 0.875694 -0.441108 0.196427
    outer loop
      vertex 3.96941 -3.26642 1.56146
      vertex 3.97392 -3.34382 1.36754
      vertex 4.31962 -2.74641 1.16795
    endloop
  endfacet
  facet normal 0.835299 -0.338659 0.433112
    outer loop
      vertex 4.24641 -2.6 1.54833
      vertex 3.91914 -3.16556 1.73728
      vertex 4.30711 -2.68284 1.36649
    endloop
  endfacet
  facet normal 0.8353 -0.338666 0.433104
    outer loop
      vertex 3.91914 -3.16556 1.73728
      vertex 3.96941 -3.26642 1.56146
      vertex 4.30711 -2.68284 1.36649
    endloop
  endfacet
  facet normal 0.737859 -0.212989 0.640468
    outer loop
      vertex 4.14166 -2.50353 1.70109
      vertex 3.82654 -3.0481 1.88303
      vertex 4.24641 -2.6 1.54833
    endloop
  endfacet
  facet normal 0.737867 -0.213006 0.640454
    outer loop
      vertex 3.82654 -3.0481 1.88303
      vertex 3.91914 -3.16556 1.73728
      vertex 4.24641 -2.6 1.54833
    endloop
  endfacet
  facet normal 0.589906 -0.0726847 0.804194
    outer loop
      vertex 4 -2.4 1.81436
      vertex 3.69791 -2.92205 1.98877
      vertex 4.14166 -2.50353 1.70109
    endloop
  endfacet
  facet normal 0.589892 -0.0726617 0.804206
    outer loop
      vertex 3.69791 -2.92205 1.98877
      vertex 3.82654 -3.0481 1.88303
      vertex 4.14166 -2.50353 1.70109
    endloop
  endfacet
  facet normal 0.401519 0.0726693 0.912963
    outer loop
      vertex 3.83108 -2.29647 1.88041
      vertex 3.54202 -2.79601 2.0473
      vertex 4 -2.4 1.81436
    endloop
  endfacet
  facet normal 0.401525 0.072661 0.912961
    outer loop
      vertex 3.54202 -2.79601 2.0473
      vertex 3.69791 -2.92205 1.98877
      vertex 4 -2.4 1.81436
    endloop
  endfacet
  facet normal 0.18571 0.213011 0.959238
    outer loop
      vertex 3.64641 -2.2 1.89474
      vertex 3.36949 -2.67855 2.05462
      vertex 3.83108 -2.29647 1.88041
    endloop
  endfacet
  facet normal 0.185714 0.213006 0.959239
    outer loop
      vertex 3.36949 -2.67855 2.05462
      vertex 3.54202 -2.79601 2.0473
      vertex 3.83108 -2.29647 1.88041
    endloop
  endfacet
  facet normal -0.0425611 0.33864 0.939953
    outer loop
      vertex 3.45858 -2.11716 1.85639
      vertex 3.19209 -2.57769 2.01024
      vertex 3.64641 -2.2 1.89474
    endloop
  endfacet
  facet normal -0.0425924 0.338674 0.939939
    outer loop
      vertex 3.19209 -2.57769 2.01024
      vertex 3.36949 -2.67855 2.05462
      vertex 3.64641 -2.2 1.89474
    endloop
  endfacet
  facet normal -0.267756 0.441113 0.856578
    outer loop
      vertex 3.28038 -2.05359 1.76795
      vertex 3.0219 -2.50029 1.91719
      vertex 3.45858 -2.11716 1.85639
    endloop
  endfacet
  facet normal -0.267735 0.441092 0.856596
    outer loop
      vertex 3.0219 -2.50029 1.91719
      vertex 3.19209 -2.57769 2.01024
      vertex 3.45858 -2.11716 1.85639
    endloop
  endfacet
  facet normal -0.474482 0.51345 0.715007
    outer loop
      vertex 3.12397 -2.01363 1.63546
      vertex 2.87051 -2.45164 1.7818
      vertex 3.28038 -2.05359 1.76795
    endloop
  endfacet
  facet normal -0.474466 0.513434 0.71503
    outer loop
      vertex 2.87051 -2.45164 1.7818
      vertex 3.0219 -2.50029 1.91719
      vertex 3.28038 -2.05359 1.76795
    endloop
  endfacet
  facet normal -0.648821 0.550827 0.524996
    outer loop
      vertex 3 -2 1.46795
      vertex 2.74826 -2.43505 1.61329
      vertex 3.12397 -2.01363 1.63546
    endloop
  endfacet
  facet normal -0.648841 0.550847 0.52495
    outer loop
      vertex 2.74826 -2.43505 1.61329
      vertex 2.87051 -2.45164 1.7818
      vertex 3.12397 -2.01363 1.63546
    endloop
  endfacet
  facet normal -0.779069 0.55084 0.299378
    outer loop
      vertex 2.91692 -2.01363 1.27683
      vertex 2.66346 -2.45164 1.42317
      vertex 3 -2 1.46795
    endloop
  endfacet
  facet normal -0.77906 0.550829 0.299421
    outer loop
      vertex 2.66346 -2.45164 1.42317
      vertex 2.74826 -2.43505 1.61329
      vertex 3 -2 1.46795
    endloop
  endfacet
  facet normal -0.856461 0.513438 0.0534363
    outer loop
      vertex 2.88038 -2.05359 1.07513
      vertex 2.6219 -2.50029 1.22437
      vertex 2.91692 -2.01363 1.27683
    endloop
  endfacet
  facet normal -0.856461 0.513442 0.0533981
    outer loop
      vertex 2.6219 -2.50029 1.22437
      vertex 2.66346 -2.45164 1.42317
      vertex 2.91692 -2.01363 1.27683
    endloop
  endfacet
  facet normal -0.875696 0.441109 -0.196415
    outer loop
      vertex 2.89289 -2.11716 0.87659
      vertex 2.6264 -2.57769 1.03045
      vertex 2.88038 -2.05359 1.07513
    endloop
  endfacet
  facet normal -0.875703 0.44111 -0.196383
    outer loop
      vertex 2.6264 -2.57769 1.03045
      vertex 2.6219 -2.50029 1.22437
      vertex 2.88038 -2.05359 1.07513
    endloop
  endfacet
  facet normal -0.835302 0.338665 -0.433102
    outer loop
      vertex 2.95359 -2.2 0.694744
      vertex 2.67667 -2.67855 0.854623
      vertex 2.89289 -2.11716 0.87659
    endloop
  endfacet
  facet normal -0.835308 0.338666 -0.433089
    outer loop
      vertex 2.67667 -2.67855 0.854623
      vertex 2.6264 -2.57769 1.03045
      vertex 2.89289 -2.11716 0.87659
    endloop
  endfacet
  facet normal -0.737858 0.212992 -0.640469
    outer loop
      vertex 3.05834 -2.29647 0.541984
      vertex 2.76928 -2.79601 0.708873
      vertex 2.95359 -2.2 0.694744
    endloop
  endfacet
  facet normal -0.737849 0.212989 -0.64048
    outer loop
      vertex 2.76928 -2.79601 0.708873
      vertex 2.67667 -2.67855 0.854623
      vertex 2.95359 -2.2 0.694744
    endloop
  endfacet
  facet normal -0.589895 0.0726708 -0.804203
    outer loop
      vertex 3.2 -2.4 0.428719
      vertex 2.89791 -2.92205 0.603132
      vertex 3.05834 -2.29647 0.541984
    endloop
  endfacet
  facet normal -0.589894 0.0726704 -0.804204
    outer loop
      vertex 2.89791 -2.92205 0.603132
      vertex 2.76928 -2.79601 0.708873
      vertex 3.05834 -2.29647 0.541984
    endloop
  endfacet
  facet normal -0.401524 -0.0726688 -0.912961
    outer loop
      vertex 3.36892 -2.50353 0.362668
      vertex 3.0538 -3.0481 0.544605
      vertex 3.2 -2.4 0.428719
    endloop
  endfacet
  facet normal -0.40152 -0.0726698 -0.912963
    outer loop
      vertex 3.0538 -3.0481 0.544605
      vertex 2.89791 -2.92205 0.603132
      vertex 3.2 -2.4 0.428719
    endloop
  endfacet
  facet normal -0.185724 -0.212998 -0.959238
    outer loop
      vertex 3.55359 -2.6 0.348334
      vertex 3.22632 -3.16556 0.537281
      vertex 3.36892 -2.50353 0.362668
    endloop
  endfacet
  facet normal -0.185739 -0.212994 -0.959236
    outer loop
      vertex 3.22632 -3.16556 0.537281
      vertex 3.0538 -3.0481 0.544605
      vertex 3.36892 -2.50353 0.362668
    endloop
  endfacet
  facet normal 0.0425867 -0.338668 -0.939942
    outer loop
      vertex 3.74142 -2.68284 0.386692
      vertex 3.40373 -3.26642 0.58166
      vertex 3.55359 -2.6 0.348334
    endloop
  endfacet
  facet normal 0.0425884 -0.338668 -0.939942
    outer loop
      vertex 3.40373 -3.26642 0.58166
      vertex 3.22632 -3.16556 0.537281
      vertex 3.55359 -2.6 0.348334
    endloop
  endfacet
  facet normal 0.267746 -0.441109 -0.856583
    outer loop
      vertex 3.91962 -2.74641 0.475129
      vertex 3.57392 -3.34382 0.674716
      vertex 3.74142 -2.68284 0.386692
    endloop
  endfacet
  facet normal 0.267749 -0.441109 -0.856582
    outer loop
      vertex 3.57392 -3.34382 0.674716
      vertex 3.40373 -3.26642 0.58166
      vertex 3.74142 -2.68284 0.386692
    endloop
  endfacet
  facet normal 0.47448 -0.513445 -0.715013
    outer loop
      vertex 4.07603 -2.78637 0.607617
      vertex 3.7253 -3.39247 0.810109
      vertex 3.91962 -2.74641 0.475129
    endloop
  endfacet
  facet normal 0.474488 -0.513444 -0.715008
    outer loop
      vertex 3.7253 -3.39247 0.810109
      vertex 3.57392 -3.34382 0.674716
      vertex 3.91962 -2.74641 0.475129
    endloop
  endfacet
  facet normal 0.648817 -0.55084 -0.524988
    outer loop
      vertex 4.2 -2.8 0.775129
      vertex 3.84756 -3.40906 0.978611
      vertex 4.07603 -2.78637 0.607617
    endloop
  endfacet
  facet normal 0.648812 -0.550841 -0.524992
    outer loop
      vertex 3.84756 -3.40906 0.978611
      vertex 3.7253 -3.39247 0.810109
      vertex 4.07603 -2.78637 0.607617
    endloop
  endfacet
  facet normal 0.710682 -0.653733 -0.259931
    outer loop
      vertex 3.93236 -3.39247 1.16874
      vertex 3.51612 -3.94052 1.40905
      vertex 3.84756 -3.40906 0.978611
    endloop
  endfacet
  facet normal 0.710708 -0.653719 -0.259894
    outer loop
      vertex 3.51612 -3.94052 1.40905
      vertex 3.42929 -3.9598 1.2201
      vertex 3.84756 -3.40906 0.978611
    endloop
  endfacet
  facet normal 0.792727 -0.60935 -0.0166039
    outer loop
      vertex 3.97392 -3.34382 1.36754
      vertex 3.56365 -3.88401 1.6044
      vertex 3.93236 -3.39247 1.16874
    endloop
  endfacet
  facet normal 0.792727 -0.609351 -0.0166054
    outer loop
      vertex 3.56365 -3.88401 1.6044
      vertex 3.51612 -3.94052 1.40905
      vertex 3.93236 -3.39247 1.16874
    endloop
  endfacet
  facet normal 0.820942 -0.5235 0.228039
    outer loop
      vertex 3.96941 -3.26642 1.56146
      vertex 3.56864 -3.79411 1.79284
      vertex 3.97392 -3.34382 1.36754
    endloop
  endfacet
  facet normal 0.820938 -0.523516 0.228017
    outer loop
      vertex 3.56864 -3.79411 1.79284
      vertex 3.56365 -3.88401 1.6044
      vertex 3.97392 -3.34382 1.36754
    endloop
  endfacet
  facet normal 0.793271 -0.401913 0.457369
    outer loop
      vertex 3.91914 -3.16556 1.73728
      vertex 3.53075 -3.67696 1.96152
      vertex 3.96941 -3.26642 1.56146
    endloop
  endfacet
  facet normal 0.793273 -0.401941 0.457342
    outer loop
      vertex 3.53075 -3.67696 1.96152
      vertex 3.56864 -3.79411 1.79284
      vertex 3.96941 -3.26642 1.56146
    endloop
  endfacet
  facet normal 0.711424 -0.252797 0.655721
    outer loop
      vertex 3.82654 -3.0481 1.88303
      vertex 3.45255 -3.54052 2.09895
      vertex 3.91914 -3.16556 1.73728
    endloop
  endfacet
  facet normal 0.711414 -0.25276 0.655746
    outer loop
      vertex 3.45255 -3.54052 2.09895
      vertex 3.53075 -3.67696 1.96152
      vertex 3.91914 -3.16556 1.73728
    endloop
  endfacet
  facet normal 0.580867 -0.0862418 0.809417
    outer loop
      vertex 3.69791 -2.92205 1.98877
      vertex 3.33939 -3.39411 2.19576
      vertex 3.82654 -3.0481 1.88303
    endloop
  endfacet
  facet normal 0.580871 -0.0862505 0.809413
    outer loop
      vertex 3.33939 -3.39411 2.19576
      vertex 3.45255 -3.54052 2.09895
      vertex 3.82654 -3.0481 1.88303
    endloop
  endfacet
  facet normal 0.410542 0.0862305 0.907755
    outer loop
      vertex 3.54202 -2.79601 2.0473
      vertex 3.19896 -3.2477 2.24536
      vertex 3.69791 -2.92205 1.98877
    endloop
  endfacet
  facet normal 0.410535 0.0862422 0.907757
    outer loop
      vertex 3.19896 -3.2477 2.24536
      vertex 3.33939 -3.39411 2.19576
      vertex 3.69791 -2.92205 1.98877
    endloop
  endfacet
  facet normal 0.212153 0.252791 0.943974
    outer loop
      vertex 3.36949 -2.67855 2.05462
      vertex 3.04085 -3.11127 2.24436
      vertex 3.54202 -2.79601 2.0473
    endloop
  endfacet
  facet normal 0.212155 0.252788 0.943975
    outer loop
      vertex 3.04085 -3.11127 2.24436
      vertex 3.19896 -3.2477 2.24536
      vertex 3.54202 -2.79601 2.0473
    endloop
  endfacet
  facet normal -0.000551309 0.401938 0.915667
    outer loop
      vertex 3.19209 -2.57769 2.01024
      vertex 2.87582 -2.99411 2.19284
      vertex 3.36949 -2.67855 2.05462
    endloop
  endfacet
  facet normal -0.000531469 0.401912 0.915678
    outer loop
      vertex 2.87582 -2.99411 2.19284
      vertex 3.04085 -3.11127 2.24436
      vertex 3.36949 -2.67855 2.05462
    endloop
  endfacet
  facet normal -0.212975 0.523493 0.824983
    outer loop
      vertex 3.0219 -2.50029 1.91719
      vertex 2.71512 -2.90421 2.0943
      vertex 3.19209 -2.57769 2.01024
    endloop
  endfacet
  facet normal -0.212993 0.523515 0.824964
    outer loop
      vertex 2.71512 -2.90421 2.0943
      vertex 2.87582 -2.99411 2.19284
      vertex 3.19209 -2.57769 2.01024
    endloop
  endfacet
  facet normal -0.410741 0.609335 0.678235
    outer loop
      vertex 2.87051 -2.45164 1.7818
      vertex 2.56971 -2.8477 1.95546
      vertex 3.0219 -2.50029 1.91719
    endloop
  endfacet
  facet normal -0.410757 0.609353 0.67821
    outer loop
      vertex 2.56971 -2.8477 1.95546
      vertex 2.71512 -2.90421 2.0943
      vertex 3.0219 -2.50029 1.91719
    endloop
  endfacet
  facet normal -0.580463 0.653742 0.485474
    outer loop
      vertex 2.74826 -2.43505 1.61329
      vertex 2.44949 -2.82843 1.78579
      vertex 2.87051 -2.45164 1.7818
    endloop
  endfacet
  facet normal -0.580445 0.653723 0.485521
    outer loop
      vertex 2.44949 -2.82843 1.78579
      vertex 2.56971 -2.8477 1.95546
      vertex 2.87051 -2.45164 1.7818
    endloop
  endfacet
  facet normal -0.710675 0.653737 0.25994
    outer loop
      vertex 2.66346 -2.45164 1.42317
      vertex 2.36265 -2.8477 1.59683
      vertex 2.74826 -2.43505 1.61329
    endloop
  endfacet
  facet normal -0.710676 0.653738 0.259936
    outer loop
      vertex 2.36265 -2.8477 1.59683
      vertex 2.44949 -2.82843 1.78579
      vertex 2.74826 -2.43505 1.61329
    endloop
  endfacet
  facet normal -0.792722 0.609357 0.0166011
    outer loop
      vertex 2.6219 -2.50029 1.22437
      vertex 2.31512 -2.90421 1.40148
      vertex 2.66346 -2.45164 1.42317
    endloop
  endfacet
  facet normal -0.792722 0.609357 0.0166026
    outer loop
      vertex 2.31512 -2.90421 1.40148
      vertex 2.36265 -2.8477 1.59683
      vertex 2.66346 -2.45164 1.42317
    endloop
  endfacet
  facet normal -0.820938 0.523521 -0.228005
    outer loop
      vertex 2.6264 -2.57769 1.03045
      vertex 2.31013 -2.99411 1.21305
      vertex 2.6219 -2.50029 1.22437
    endloop
  endfacet
  facet normal -0.820933 0.523518 -0.228031
    outer loop
      vertex 2.31013 -2.99411 1.21305
      vertex 2.31512 -2.90421 1.40148
      vertex 2.6219 -2.50029 1.22437
    endloop
  endfacet
  facet normal -0.793274 0.401922 -0.457357
    outer loop
      vertex 2.67667 -2.67855 0.854623
      vertex 2.34803 -3.11127 1.04437
      vertex 2.6264 -2.57769 1.03045
    endloop
  endfacet
  facet normal -0.793259 0.401913 -0.45739
    outer loop
      vertex 2.34803 -3.11127 1.04437
      vertex 2.31013 -2.99411 1.21305
      vertex 2.6264 -2.57769 1.03045
    endloop
  endfacet
  facet normal -0.711409 0.252778 -0.655745
    outer loop
      vertex 2.76928 -2.79601 0.708873
      vertex 2.42622 -3.2477 0.906936
      vertex 2.67667 -2.67855 0.854623
    endloop
  endfacet
  facet normal -0.711439 0.252795 -0.655705
    outer loop
      vertex 2.42622 -3.2477 0.906936
      vertex 2.34803 -3.11127 1.04437
      vertex 2.67667 -2.67855 0.854623
    endloop
  endfacet
  facet normal -0.580873 0.0862461 -0.809413
    outer loop
      vertex 2.89791 -2.92205 0.603132
      vertex 2.53939 -3.39411 0.810123
      vertex 2.76928 -2.79601 0.708873
    endloop
  endfacet
  facet normal -0.580861 0.0862402 -0.809421
    outer loop
      vertex 2.53939 -3.39411 0.810123
      vertex 2.42622 -3.2477 0.906936
      vertex 2.76928 -2.79601 0.708873
    endloop
  endfacet
  facet normal -0.410538 -0.0862402 -0.907756
    outer loop
      vertex 3.0538 -3.0481 0.544605
      vertex 2.67981 -3.54052 0.760526
      vertex 2.89791 -2.92205 0.603132
    endloop
  endfacet
  facet normal -0.410541 -0.0862389 -0.907755
    outer loop
      vertex 2.67981 -3.54052 0.760526
      vertex 2.53939 -3.39411 0.810123
      vertex 2.89791 -2.92205 0.603132
    endloop
  endfacet
  facet normal -0.212177 -0.252777 -0.943973
    outer loop
      vertex 3.22632 -3.16556 0.537281
      vertex 2.83793 -3.67696 0.761522
      vertex 3.0538 -3.0481 0.544605
    endloop
  endfacet
  facet normal -0.212173 -0.252778 -0.943973
    outer loop
      vertex 2.83793 -3.67696 0.761522
      vertex 2.67981 -3.54052 0.760526
      vertex 3.0538 -3.0481 0.544605
    endloop
  endfacet
  facet normal 0.000551718 -0.40193 -0.91567
    outer loop
      vertex 3.40373 -3.26642 0.58166
      vertex 3.00296 -3.79411 0.813046
      vertex 3.22632 -3.16556 0.537281
    endloop
  endfacet
  facet normal 0.000560699 -0.401933 -0.915669
    outer loop
      vertex 3.00296 -3.79411 0.813046
      vertex 2.83793 -3.67696 0.761522
      vertex 3.22632 -3.16556 0.537281
    endloop
  endfacet
  facet normal 0.212991 -0.523507 -0.82497
    outer loop
      vertex 3.57392 -3.34382 0.674716
      vertex 3.16365 -3.88401 0.911585
      vertex 3.40373 -3.26642 0.58166
    endloop
  endfacet
  facet normal 0.213004 -0.52351 -0.824965
    outer loop
      vertex 3.16365 -3.88401 0.911585
      vertex 3.00296 -3.79411 0.813046
      vertex 3.40373 -3.26642 0.58166
    endloop
  endfacet
  facet normal 0.410759 -0.609347 -0.678214
    outer loop
      vertex 3.7253 -3.39247 0.810109
      vertex 3.30907 -3.94052 1.05042
      vertex 3.57392 -3.34382 0.674716
    endloop
  endfacet
  facet normal 0.41073 -0.609345 -0.678233
    outer loop
      vertex 3.30907 -3.94052 1.05042
      vertex 3.16365 -3.88401 0.911585
      vertex 3.57392 -3.34382 0.674716
    endloop
  endfacet
  facet normal 0.580447 -0.653722 -0.485518
    outer loop
      vertex 3.84756 -3.40906 0.978611
      vertex 3.42929 -3.9598 1.2201
      vertex 3.7253 -3.39247 0.810109
    endloop
  endfacet
  facet normal 0.580439 -0.653724 -0.485527
    outer loop
      vertex 3.42929 -3.9598 1.2201
      vertex 3.30907 -3.94052 1.05042
      vertex 3.7253 -3.39247 0.810109
    endloop
  endfacet
  facet normal 0.631282 -0.745434 -0.214037
    outer loop
      vertex 3.51612 -3.94052 1.40905
      vertex 3.04149 -4.42115 1.68308
      vertex 3.42929 -3.9598 1.2201
    endloop
  endfacet
  facet normal 0.631283 -0.745433 -0.214035
    outer loop
      vertex 3.04149 -4.42115 1.68308
      vertex 2.95234 -4.44278 1.49547
      vertex 3.42929 -3.9598 1.2201
    endloop
  endfacet
  facet normal 0.718704 -0.694825 0.0261303
    outer loop
      vertex 3.56365 -3.88401 1.6044
      vertex 3.09583 -4.35775 1.8745
      vertex 3.51612 -3.94052 1.40905
    endloop
  endfacet
  facet normal 0.718695 -0.694835 0.0261134
    outer loop
      vertex 3.09583 -4.35775 1.8745
      vertex 3.04149 -4.42115 1.68308
      vertex 3.51612 -3.94052 1.40905
    endloop
  endfacet
  facet normal 0.757345 -0.596947 0.264733
    outer loop
      vertex 3.56864 -3.79411 1.79284
      vertex 3.11165 -4.25688 2.05669
      vertex 3.56365 -3.88401 1.6044
    endloop
  endfacet
  facet normal 0.757346 -0.596943 0.264737
    outer loop
      vertex 3.11165 -4.25688 2.05669
      vertex 3.09583 -4.35775 1.8745
      vertex 3.56365 -3.88401 1.6044
    endloop
  endfacet
  facet normal 0.744445 -0.458324 0.485532
    outer loop
      vertex 3.53075 -3.67696 1.96152
      vertex 3.08787 -4.12544 2.21722
      vertex 3.56864 -3.79411 1.79284
    endloop
  endfacet
  facet normal 0.744445 -0.458315 0.48554
    outer loop
      vertex 3.08787 -4.12544 2.21722
      vertex 3.11165 -4.25688 2.05669
      vertex 3.56864 -3.79411 1.79284
    endloop
  endfacet
  facet normal 0.6807 -0.288225 0.673479
    outer loop
      vertex 3.45255 -3.54052 2.09895
      vertex 3.0261 -3.97236 2.34516
      vertex 3.53075 -3.67696 1.96152
    endloop
  endfacet
  facet normal 0.680698 -0.288211 0.673487
    outer loop
      vertex 3.0261 -3.97236 2.34516
      vertex 3.08787 -4.12544 2.21722
      vertex 3.53075 -3.67696 1.96152
    endloop
  endfacet
  facet normal 0.570394 -0.0983477 0.815462
    outer loop
      vertex 3.33939 -3.39411 2.19576
      vertex 2.93057 -3.8081 2.43179
      vertex 3.45255 -3.54052 2.09895
    endloop
  endfacet
  facet normal 0.570393 -0.0983438 0.815463
    outer loop
      vertex 2.93057 -3.8081 2.43179
      vertex 3.0261 -3.97236 2.34516
      vertex 3.45255 -3.54052 2.09895
    endloop
  endfacet
  facet normal 0.421016 0.0983447 0.901706
    outer loop
      vertex 3.19896 -3.2477 2.24536
      vertex 2.80778 -3.64383 2.47121
      vertex 3.33939 -3.39411 2.19576
    endloop
  endfacet
  facet normal 0.421023 0.0983275 0.901705
    outer loop
      vertex 2.80778 -3.64383 2.47121
      vertex 2.93057 -3.8081 2.43179
      vertex 3.33939 -3.39411 2.19576
    endloop
  endfacet
  facet normal 0.24287 0.288253 0.926242
    outer loop
      vertex 3.04085 -3.11127 2.24436
      vertex 2.6661 -3.49075 2.46072
      vertex 3.19896 -3.2477 2.24536
    endloop
  endfacet
  facet normal 0.242869 0.288254 0.926242
    outer loop
      vertex 2.6661 -3.49075 2.46072
      vertex 2.80778 -3.64383 2.47121
      vertex 3.19896 -3.2477 2.24536
    endloop
  endfacet
  facet normal 0.0482939 0.458291 0.887489
    outer loop
      vertex 2.87582 -2.99411 2.19284
      vertex 2.51519 -3.35931 2.40105
      vertex 3.04085 -3.11127 2.24436
    endloop
  endfacet
  facet normal 0.0482775 0.458318 0.887476
    outer loop
      vertex 2.51519 -3.35931 2.40105
      vertex 2.6661 -3.49075 2.46072
      vertex 3.04085 -3.11127 2.24436
    endloop
  endfacet
  facet normal -0.149402 0.596944 0.788249
    outer loop
      vertex 2.71512 -2.90421 2.0943
      vertex 2.36532 -3.25844 2.29626
      vertex 2.87582 -2.99411 2.19284
    endloop
  endfacet
  facet normal -0.149392 0.596931 0.788261
    outer loop
      vertex 2.36532 -3.25844 2.29626
      vertex 2.51519 -3.35931 2.40105
      vertex 2.87582 -2.99411 2.19284
    endloop
  endfacet
  facet normal -0.336724 0.694836 0.635468
    outer loop
      vertex 2.56971 -2.8477 1.95546
      vertex 2.22671 -3.19504 2.1535
      vertex 2.71512 -2.90421 2.0943
    endloop
  endfacet
  facet normal -0.336711 0.694819 0.635494
    outer loop
      vertex 2.22671 -3.19504 2.1535
      vertex 2.36532 -3.25844 2.29626
      vertex 2.71512 -2.90421 2.0943
    endloop
  endfacet
  facet normal -0.501016 0.745442 0.439658
    outer loop
      vertex 2.44949 -2.82843 1.78579
      vertex 2.10881 -3.17341 1.98248
      vertex 2.56971 -2.8477 1.95546
    endloop
  endfacet
  facet normal -0.501011 0.745436 0.439674
    outer loop
      vertex 2.10881 -3.17341 1.98248
      vertex 2.22671 -3.19504 2.1535
      vertex 2.56971 -2.8477 1.95546
    endloop
  endfacet
  facet normal -0.631263 0.745435 0.214089
    outer loop
      vertex 2.36265 -2.8477 1.59683
      vertex 2.01965 -3.19504 1.79486
      vertex 2.44949 -2.82843 1.78579
    endloop
  endfacet
  facet normal -0.631269 0.745441 0.21405
    outer loop
      vertex 2.01965 -3.19504 1.79486
      vertex 2.10881 -3.17341 1.98248
      vertex 2.44949 -2.82843 1.78579
    endloop
  endfacet
  facet normal -0.718707 0.694822 -0.0261287
    outer loop
      vertex 2.31512 -2.90421 1.40148
      vertex 1.96532 -3.25844 1.60344
      vertex 2.36265 -2.8477 1.59683
    endloop
  endfacet
  facet normal -0.718707 0.694822 -0.0261432
    outer loop
      vertex 1.96532 -3.25844 1.60344
      vertex 2.01965 -3.19504 1.79486
      vertex 2.36265 -2.8477 1.59683
    endloop
  endfacet
  facet normal -0.75735 0.596936 -0.264742
    outer loop
      vertex 2.31013 -2.99411 1.21305
      vertex 1.9495 -3.35931 1.42126
      vertex 2.31512 -2.90421 1.40148
    endloop
  endfacet
  facet normal -0.757349 0.596935 -0.264747
    outer loop
      vertex 1.9495 -3.35931 1.42126
      vertex 1.96532 -3.25844 1.60344
      vertex 2.31512 -2.90421 1.40148
    endloop
  endfacet
  facet normal -0.744424 0.458302 -0.485584
    outer loop
      vertex 2.34803 -3.11127 1.04437
      vertex 1.97328 -3.49075 1.26072
      vertex 2.31013 -2.99411 1.21305
    endloop
  endfacet
  facet normal -0.74445 0.458327 -0.485521
    outer loop
      vertex 1.97328 -3.49075 1.26072
      vertex 1.9495 -3.35931 1.42126
      vertex 2.31013 -2.99411 1.21305
    endloop
  endfacet
  facet normal -0.68072 0.288267 -0.673441
    outer loop
      vertex 2.42622 -3.2477 0.906936
      vertex 2.03504 -3.64383 1.13278
      vertex 2.34803 -3.11127 1.04437
    endloop
  endfacet
  facet normal -0.680694 0.288246 -0.673475
    outer loop
      vertex 2.03504 -3.64383 1.13278
      vertex 1.97328 -3.49075 1.26072
      vertex 2.34803 -3.11127 1.04437
    endloop
  endfacet
  facet normal -0.570384 0.0983388 -0.81547
    outer loop
      vertex 2.53939 -3.39411 0.810123
      vertex 2.13057 -3.8081 1.04615
      vertex 2.42622 -3.2477 0.906936
    endloop
  endfacet
  facet normal -0.570388 0.0983422 -0.815467
    outer loop
      vertex 2.13057 -3.8081 1.04615
      vertex 2.03504 -3.64383 1.13278
      vertex 2.42622 -3.2477 0.906936
    endloop
  endfacet
  facet normal -0.421022 -0.0983407 -0.901704
    outer loop
      vertex 2.67981 -3.54052 0.760526
      vertex 2.25336 -3.97236 1.00674
      vertex 2.53939 -3.39411 0.810123
    endloop
  endfacet
  facet normal -0.42099 -0.0983606 -0.901716
    outer loop
      vertex 2.25336 -3.97236 1.00674
      vertex 2.13057 -3.8081 1.04615
      vertex 2.53939 -3.39411 0.810123
    endloop
  endfacet
  facet normal -0.242882 -0.288237 -0.926244
    outer loop
      vertex 2.83793 -3.67696 0.761522
      vertex 2.39504 -4.12544 1.01722
      vertex 2.67981 -3.54052 0.760526
    endloop
  endfacet
  facet normal -0.242904 -0.288226 -0.926242
    outer loop
      vertex 2.39504 -4.12544 1.01722
      vertex 2.25336 -3.97236 1.00674
      vertex 2.67981 -3.54052 0.760526
    endloop
  endfacet
  facet normal -0.0482687 -0.458319 -0.887476
    outer loop
      vertex 3.00296 -3.79411 0.813046
      vertex 2.54596 -4.25688 1.07689
      vertex 2.83793 -3.67696 0.761522
    endloop
  endfacet
  facet normal -0.0482737 -0.458317 -0.887477
    outer loop
      vertex 2.54596 -4.25688 1.07689
      vertex 2.39504 -4.12544 1.01722
      vertex 2.83793 -3.67696 0.761522
    endloop
  endfacet
  facet normal 0.149405 -0.596945 -0.788248
    outer loop
      vertex 3.16365 -3.88401 0.911585
      vertex 2.69583 -4.35775 1.18168
      vertex 3.00296 -3.79411 0.813046
    endloop
  endfacet
  facet normal 0.149384 -0.596939 -0.788257
    outer loop
      vertex 2.69583 -4.35775 1.18168
      vertex 2.54596 -4.25688 1.07689
      vertex 3.00296 -3.79411 0.813046
    endloop
  endfacet
  facet normal 0.336705 -0.694825 -0.63549
    outer loop
      vertex 3.30907 -3.94052 1.05042
      vertex 2.83444 -4.42115 1.32445
      vertex 3.16365 -3.88401 0.911585
    endloop
  endfacet
  facet normal 0.336732 -0.694828 -0.635473
    outer loop
      vertex 2.83444 -4.42115 1.32445
      vertex 2.69583 -4.35775 1.18168
      vertex 3.16365 -3.88401 0.911585
    endloop
  endfacet
  facet normal 0.501012 -0.745436 -0.439673
    outer loop
      vertex 3.42929 -3.9598 1.2201
      vertex 2.95234 -4.44278 1.49547
      vertex 3.30907 -3.94052 1.05042
    endloop
  endfacet
  facet normal 0.501011 -0.745436 -0.439674
    outer loop
      vertex 2.95234 -4.44278 1.49547
      vertex 2.83444 -4.42115 1.32445
      vertex 3.30907 -3.94052 1.05042
    endloop
  endfacet
  facet normal 0.542188 -0.824375 -0.162597
    outer loop
      vertex 3.04149 -4.42115 1.68308
      vertex 2.5166 -4.82614 1.98613
      vertex 2.95234 -4.44278 1.49547
    endloop
  endfacet
  facet normal 0.54214 -0.824395 -0.162654
    outer loop
      vertex 2.5166 -4.82614 1.98613
      vertex 2.42487 -4.84974 1.8
      vertex 2.95234 -4.44278 1.49547
    endloop
  endfacet
  facet normal 0.635635 -0.768429 0.0740674
    outer loop
      vertex 3.09583 -4.35775 1.8745
      vertex 2.57846 -4.75692 2.17321
      vertex 3.04149 -4.42115 1.68308
    endloop
  endfacet
  facet normal 0.635666 -0.768397 0.0741188
    outer loop
      vertex 2.57846 -4.75692 2.17321
      vertex 2.5166 -4.82614 1.98613
      vertex 3.04149 -4.42115 1.68308
    endloop
  endfacet
  facet normal 0.685985 -0.660171 0.305939
    outer loop
      vertex 3.11165 -4.25688 2.05669
      vertex 2.60625 -4.64682 2.34848
      vertex 3.09583 -4.35775 1.8745
    endloop
  endfacet
  facet normal 0.685984 -0.660173 0.305937
    outer loop
      vertex 2.60625 -4.64682 2.34848
      vertex 2.57846 -4.75692 2.17321
      vertex 3.09583 -4.35775 1.8745
    endloop
  endfacet
  facet normal 0.689653 -0.506863 0.517174
    outer loop
      vertex 3.08787 -4.12544 2.21722
      vertex 2.59808 -4.50333 2.5
      vertex 3.11165 -4.25688 2.05669
    endloop
  endfacet
  facet normal 0.689654 -0.506855 0.51718
    outer loop
      vertex 2.59808 -4.50333 2.5
      vertex 2.60625 -4.64682 2.34848
      vertex 3.11165 -4.25688 2.05669
    endloop
  endfacet
  facet normal 0.646252 -0.318731 0.693375
    outer loop
      vertex 3.0261 -3.97236 2.34516
      vertex 2.55449 -4.33624 2.61745
      vertex 3.08787 -4.12544 2.21722
    endloop
  endfacet
  facet normal 0.646253 -0.318775 0.693353
    outer loop
      vertex 2.55449 -4.33624 2.61745
      vertex 2.59808 -4.50333 2.5
      vertex 3.08787 -4.12544 2.21722
    endloop
  endfacet
  facet normal 0.558642 -0.108756 0.822248
    outer loop
      vertex 2.93057 -3.8081 2.43179
      vertex 2.47846 -4.15692 2.69282
      vertex 3.0261 -3.97236 2.34516
    endloop
  endfacet
  facet normal 0.55864 -0.108743 0.822251
    outer loop
      vertex 2.47846 -4.15692 2.69282
      vertex 2.55449 -4.33624 2.61745
      vertex 3.0261 -3.97236 2.34516
    endloop
  endfacet
  facet normal 0.432782 0.108746 0.894916
    outer loop
      vertex 2.80778 -3.64383 2.47121
      vertex 2.37517 -3.97761 2.72098
      vertex 2.93057 -3.8081 2.43179
    endloop
  endfacet
  facet normal 0.432779 0.108755 0.894916
    outer loop
      vertex 2.37517 -3.97761 2.72098
      vertex 2.47846 -4.15692 2.69282
      vertex 2.93057 -3.8081 2.43179
    endloop
  endfacet
  facet normal 0.277332 0.318787 0.906345
    outer loop
      vertex 2.6661 -3.49075 2.46072
      vertex 2.25167 -3.81051 2.7
      vertex 2.80778 -3.64383 2.47121
    endloop
  endfacet
  facet normal 0.277339 0.318771 0.906349
    outer loop
      vertex 2.25167 -3.81051 2.7
      vertex 2.37517 -3.97761 2.72098
      vertex 2.80778 -3.64383 2.47121
    endloop
  endfacet
  facet normal 0.103068 0.506864 0.855842
    outer loop
      vertex 2.51519 -3.35931 2.40105
      vertex 2.11635 -3.66702 2.63132
      vertex 2.6661 -3.49075 2.46072
    endloop
  endfacet
  facet normal 0.103075 0.50685 0.85585
    outer loop
      vertex 2.11635 -3.66702 2.63132
      vertex 2.25167 -3.81051 2.7
      vertex 2.6661 -3.49075 2.46072
    endloop
  endfacet
  facet normal -0.0780221 0.660166 0.747057
    outer loop
      vertex 2.36532 -3.25844 2.29626
      vertex 1.97846 -3.55692 2.51962
      vertex 2.51519 -3.35931 2.40105
    endloop
  endfacet
  facet normal -0.078029 0.660178 0.747045
    outer loop
      vertex 1.97846 -3.55692 2.51962
      vertex 2.11635 -3.66702 2.63132
      vertex 2.51519 -3.35931 2.40105
    endloop
  endfacet
  facet normal -0.253658 0.768412 0.587538
    outer loop
      vertex 2.22671 -3.19504 2.1535
      vertex 1.84738 -3.48771 2.3725
      vertex 2.36532 -3.25844 2.29626
    endloop
  endfacet
  facet normal -0.253671 0.76843 0.587508
    outer loop
      vertex 1.84738 -3.48771 2.3725
      vertex 1.97846 -3.55692 2.51962
      vertex 2.36532 -3.25844 2.29626
    endloop
  endfacet
  facet normal -0.41191 0.824382 0.388233
    outer loop
      vertex 2.10881 -3.17341 1.98248
      vertex 1.73205 -3.4641 2.2
      vertex 2.22671 -3.19504 2.1535
    endloop
  endfacet
  facet normal -0.411911 0.824383 0.388228
    outer loop
      vertex 1.73205 -3.4641 2.2
      vertex 1.84738 -3.48771 2.3725
      vertex 2.22671 -3.19504 2.1535
    endloop
  endfacet
  facet normal -0.542176 0.824381 0.162611
    outer loop
      vertex 2.01965 -3.19504 1.79486
      vertex 1.64033 -3.48771 2.01387
      vertex 2.10881 -3.17341 1.98248
    endloop
  endfacet
  facet normal -0.542177 0.824382 0.162601
    outer loop
      vertex 1.64033 -3.48771 2.01387
      vertex 1.73205 -3.4641 2.2
      vertex 2.10881 -3.17341 1.98248
    endloop
  endfacet
  facet normal -0.635646 0.768417 -0.0740936
    outer loop
      vertex 1.96532 -3.25844 1.60344
      vertex 1.57846 -3.55692 1.82679
      vertex 2.01965 -3.19504 1.79486
    endloop
  endfacet
  facet normal -0.635646 0.76842 -0.074059
    outer loop
      vertex 1.57846 -3.55692 1.82679
      vertex 1.64033 -3.48771 2.01387
      vertex 2.01965 -3.19504 1.79486
    endloop
  endfacet
  facet normal -0.685981 0.660168 -0.305955
    outer loop
      vertex 1.9495 -3.35931 1.42126
      vertex 1.55067 -3.66702 1.65152
      vertex 1.96532 -3.25844 1.60344
    endloop
  endfacet
  facet normal -0.685984 0.660173 -0.305937
    outer loop
      vertex 1.55067 -3.66702 1.65152
      vertex 1.57846 -3.55692 1.82679
      vertex 1.96532 -3.25844 1.60344
    endloop
  endfacet
  facet normal -0.689668 0.506868 -0.517148
    outer loop
      vertex 1.97328 -3.49075 1.26072
      vertex 1.55885 -3.81051 1.5
      vertex 1.9495 -3.35931 1.42126
    endloop
  endfacet
  facet normal -0.689646 0.506838 -0.517208
    outer loop
      vertex 1.55885 -3.81051 1.5
      vertex 1.55067 -3.66702 1.65152
      vertex 1.9495 -3.35931 1.42126
    endloop
  endfacet
  facet normal -0.646254 0.31876 -0.69336
    outer loop
      vertex 2.03504 -3.64383 1.13278
      vertex 1.60243 -3.97761 1.38255
      vertex 1.97328 -3.49075 1.26072
    endloop
  endfacet
  facet normal -0.646271 0.318778 -0.693336
    outer loop
      vertex 1.60243 -3.97761 1.38255
      vertex 1.55885 -3.81051 1.5
      vertex 1.97328 -3.49075 1.26072
    endloop
  endfacet
  facet normal -0.55864 0.108752 -0.82225
    outer loop
      vertex 2.13057 -3.8081 1.04615
      vertex 1.67846 -4.15692 1.30718
      vertex 2.03504 -3.64383 1.13278
    endloop
  endfacet
  facet normal -0.558638 0.10875 -0.822252
    outer loop
      vertex 1.67846 -4.15692 1.30718
      vertex 1.60243 -3.97761 1.38255
      vertex 2.03504 -3.64383 1.13278
    endloop
  endfacet
  facet normal -0.432748 -0.108779 -0.894928
    outer loop
      vertex 2.25336 -3.97236 1.00674
      vertex 1.78175 -4.33624 1.27902
      vertex 2.13057 -3.8081 1.04615
    endloop
  endfacet
  facet normal -0.432782 -0.108751 -0.894915
    outer loop
      vertex 1.78175 -4.33624 1.27902
      vertex 1.67846 -4.15692 1.30718
      vertex 2.13057 -3.8081 1.04615
    endloop
  endfacet
  facet normal -0.277358 -0.318752 -0.90635
    outer loop
      vertex 2.39504 -4.12544 1.01722
      vertex 1.90526 -4.50333 1.3
      vertex 2.25336 -3.97236 1.00674
    endloop
  endfacet
  facet normal -0.27731 -0.318785 -0.906353
    outer loop
      vertex 1.90526 -4.50333 1.3
      vertex 1.78175 -4.33624 1.27902
      vertex 2.25336 -3.97236 1.00674
    endloop
  endfacet
  facet normal -0.103055 -0.506859 -0.855847
    outer loop
      vertex 2.54596 -4.25688 1.07689
      vertex 2.04057 -4.64682 1.36868
      vertex 2.39504 -4.12544 1.01722
    endloop
  endfacet
  facet normal -0.103078 -0.506846 -0.855852
    outer loop
      vertex 2.04057 -4.64682 1.36868
      vertex 1.90526 -4.50333 1.3
      vertex 2.39504 -4.12544 1.01722
    endloop
  endfacet
  facet normal 0.078028 -0.660161 -0.747061
    outer loop
      vertex 2.69583 -4.35775 1.18168
      vertex 2.17846 -4.75692 1.48038
      vertex 2.54596 -4.25688 1.07689
    endloop
  endfacet
  facet normal 0.0780441 -0.660167 -0.747053
    outer loop
      vertex 2.17846 -4.75692 1.48038
      vertex 2.04057 -4.64682 1.36868
      vertex 2.54596 -4.25688 1.07689
    endloop
  endfacet
  facet normal 0.253677 -0.76842 -0.587519
    outer loop
      vertex 2.83444 -4.42115 1.32445
      vertex 2.30954 -4.82614 1.6275
      vertex 2.69583 -4.35775 1.18168
    endloop
  endfacet
  facet normal 0.253651 -0.768416 -0.587536
    outer loop
      vertex 2.30954 -4.82614 1.6275
      vertex 2.17846 -4.75692 1.48038
      vertex 2.69583 -4.35775 1.18168
    endloop
  endfacet
  facet normal 0.411902 -0.824388 -0.388228
    outer loop
      vertex 2.95234 -4.44278 1.49547
      vertex 2.42487 -4.84974 1.8
      vertex 2.83444 -4.42115 1.32445
    endloop
  endfacet
  facet normal 0.411935 -0.824386 -0.388197
    outer loop
      vertex 2.42487 -4.84974 1.8
      vertex 2.30954 -4.82614 1.6275
      vertex 2.83444 -4.42115 1.32445
    endloop
  endfacet
  facet normal 0.444868 -0.889242 -0.106494
    outer loop
      vertex 2.5166 -4.82614 1.98613
      vertex 1.95041 -5.14854 2.31302
      vertex 2.42487 -4.84974 1.8
    endloop
  endfacet
  facet normal 0.444918 -0.889224 -0.106437
    outer loop
      vertex 1.95041 -5.14854 2.31302
      vertex 1.85592 -5.17373 2.12849
      vertex 2.42487 -4.84974 1.8
    endloop
  endfacet
  facet normal 0.544992 -0.828848 0.126468
    outer loop
      vertex 2.57846 -4.75692 2.17321
      vertex 2.0204 -5.0747 2.4954
      vertex 2.5166 -4.82614 1.98613
    endloop
  endfacet
  facet normal 0.544974 -0.828864 0.126443
    outer loop
      vertex 2.0204 -5.0747 2.4954
      vertex 1.95041 -5.14854 2.31302
      vertex 2.5166 -4.82614 1.98613
    endloop
  endfacet
  facet normal 0.608093 -0.712101 0.350907
    outer loop
      vertex 2.60625 -4.64682 2.34848
      vertex 2.0611 -4.95725 2.66322
      vertex 2.57846 -4.75692 2.17321
    endloop
  endfacet
  facet normal 0.608089 -0.712108 0.350899
    outer loop
      vertex 2.0611 -4.95725 2.66322
      vertex 2.0204 -5.0747 2.4954
      vertex 2.57846 -4.75692 2.17321
    endloop
  endfacet
  facet normal 0.629846 -0.546725 0.551712
    outer loop
      vertex 2.59808 -4.50333 2.5
      vertex 2.06976 -4.80417 2.80502
      vertex 2.60625 -4.64682 2.34848
    endloop
  endfacet
  facet normal 0.629852 -0.546703 0.551727
    outer loop
      vertex 2.06976 -4.80417 2.80502
      vertex 2.0611 -4.95725 2.66322
      vertex 2.60625 -4.64682 2.34848
    endloop
  endfacet
  facet normal 0.608642 -0.343851 0.715068
    outer loop
      vertex 2.55449 -4.33624 2.61745
      vertex 2.04578 -4.62592 2.91115
      vertex 2.59808 -4.50333 2.5
    endloop
  endfacet
  facet normal 0.60864 -0.343867 0.715061
    outer loop
      vertex 2.04578 -4.62592 2.91115
      vertex 2.06976 -4.80417 2.80502
      vertex 2.59808 -4.50333 2.5
    endloop
  endfacet
  facet normal 0.545806 -0.117298 0.829661
    outer loop
      vertex 2.47846 -4.15692 2.69282
      vertex 1.99079 -4.43462 2.97438
      vertex 2.55449 -4.33624 2.61745
    endloop
  endfacet
  facet normal 0.545808 -0.11733 0.829655
    outer loop
      vertex 1.99079 -4.43462 2.97438
      vertex 2.04578 -4.62592 2.91115
      vertex 2.55449 -4.33624 2.61745
    endloop
  endfacet
  facet normal 0.445601 0.117304 0.887513
    outer loop
      vertex 2.37517 -3.97761 2.72098
      vertex 1.90853 -4.24333 2.99039
      vertex 2.47846 -4.15692 2.69282
    endloop
  endfacet
  facet normal 0.445595 0.117338 0.887512
    outer loop
      vertex 1.90853 -4.24333 2.99039
      vertex 1.99079 -4.43462 2.97438
      vertex 2.47846 -4.15692 2.69282
    endloop
  endfacet
  facet normal 0.314951 0.343842 0.884635
    outer loop
      vertex 2.25167 -3.81051 2.7
      vertex 1.80463 -4.06507 2.9581
      vertex 2.37517 -3.97761 2.72098
    endloop
  endfacet
  facet normal 0.314957 0.343819 0.884641
    outer loop
      vertex 1.80463 -4.06507 2.9581
      vertex 1.90853 -4.24333 2.99039
      vertex 2.37517 -3.97761 2.72098
    endloop
  endfacet
  facet normal 0.16287 0.546715 0.821326
    outer loop
      vertex 2.11635 -3.66702 2.63132
      vertex 1.68615 -3.912 2.8797
      vertex 2.25167 -3.81051 2.7
    endloop
  endfacet
  facet normal 0.162865 0.546728 0.821318
    outer loop
      vertex 1.68615 -3.912 2.8797
      vertex 1.80463 -4.06507 2.9581
      vertex 2.25167 -3.81051 2.7
    endloop
  endfacet
  facet normal -0.000150411 0.712096 0.702082
    outer loop
      vertex 1.97846 -3.55692 2.51962
      vertex 1.56118 -3.79454 2.76054
      vertex 2.11635 -3.66702 2.63132
    endloop
  endfacet
  facet normal -0.000147968 0.712091 0.702087
    outer loop
      vertex 1.56118 -3.79454 2.76054
      vertex 1.68615 -3.912 2.8797
      vertex 2.11635 -3.66702 2.63132
    endloop
  endfacet
  facet normal -0.163009 0.828871 0.535164
    outer loop
      vertex 1.84738 -3.48771 2.3725
      vertex 1.43822 -3.7207 2.60873
      vertex 1.97846 -3.55692 2.51962
    endloop
  endfacet
  facet normal -0.163003 0.828861 0.535182
    outer loop
      vertex 1.43822 -3.7207 2.60873
      vertex 1.56118 -3.79454 2.76054
      vertex 1.97846 -3.55692 2.51962
    endloop
  endfacet
  facet normal -0.314643 0.889229 0.332073
    outer loop
      vertex 1.73205 -3.4641 2.2
      vertex 1.32565 -3.69552 2.43463
      vertex 1.84738 -3.48771 2.3725
    endloop
  endfacet
  facet normal -0.314648 0.889234 0.332055
    outer loop
      vertex 1.32565 -3.69552 2.43463
      vertex 1.43822 -3.7207 2.60873
      vertex 1.84738 -3.48771 2.3725
    endloop
  endfacet
  facet normal -0.444898 0.889234 0.106438
    outer loop
      vertex 1.64033 -3.48771 2.01387
      vertex 1.23116 -3.7207 2.2501
      vertex 1.73205 -3.4641 2.2
    endloop
  endfacet
  facet normal -0.444894 0.889232 0.106471
    outer loop
      vertex 1.23116 -3.7207 2.2501
      vertex 1.32565 -3.69552 2.43463
      vertex 1.73205 -3.4641 2.2
    endloop
  endfacet
  facet normal -0.544979 0.828866 -0.126406
    outer loop
      vertex 1.57846 -3.55692 1.82679
      vertex 1.16118 -3.79454 2.06771
      vertex 1.64033 -3.48771 2.01387
    endloop
  endfacet
  facet normal -0.54498 0.828858 -0.126461
    outer loop
      vertex 1.16118 -3.79454 2.06771
      vertex 1.23116 -3.7207 2.2501
      vertex 1.64033 -3.48771 2.01387
    endloop
  endfacet
  facet normal -0.608103 0.712095 -0.350901
    outer loop
      vertex 1.55067 -3.66702 1.65152
      vertex 1.12047 -3.912 1.8999
      vertex 1.57846 -3.55692 1.82679
    endloop
  endfacet
  facet normal -0.608102 0.712091 -0.350911
    outer loop
      vertex 1.12047 -3.912 1.8999
      vertex 1.16118 -3.79454 2.06771
      vertex 1.57846 -3.55692 1.82679
    endloop
  endfacet
  facet normal -0.629852 0.546699 -0.55173
    outer loop
      vertex 1.55885 -3.81051 1.5
      vertex 1.11181 -4.06507 1.7581
      vertex 1.55067 -3.66702 1.65152
    endloop
  endfacet
  facet normal -0.629862 0.546717 -0.551702
    outer loop
      vertex 1.11181 -4.06507 1.7581
      vertex 1.12047 -3.912 1.8999
      vertex 1.55067 -3.66702 1.65152
    endloop
  endfacet
  facet normal -0.60865 0.343857 -0.715058
    outer loop
      vertex 1.60243 -3.97761 1.38255
      vertex 1.13579 -4.24333 1.65197
      vertex 1.55885 -3.81051 1.5
    endloop
  endfacet
  facet normal -0.608645 0.343849 -0.715066
    outer loop
      vertex 1.13579 -4.24333 1.65197
      vertex 1.11181 -4.06507 1.7581
      vertex 1.55885 -3.81051 1.5
    endloop
  endfacet
  facet normal -0.545807 0.117303 -0.829659
    outer loop
      vertex 1.67846 -4.15692 1.30718
      vertex 1.19079 -4.43462 1.58874
      vertex 1.60243 -3.97761 1.38255
    endloop
  endfacet
  facet normal -0.54581 0.117307 -0.829657
    outer loop
      vertex 1.19079 -4.43462 1.58874
      vertex 1.13579 -4.24333 1.65197
      vertex 1.60243 -3.97761 1.38255
    endloop
  endfacet
  facet normal -0.445614 -0.117306 -0.887506
    outer loop
      vertex 1.78175 -4.33624 1.27902
      vertex 1.27304 -4.62592 1.57273
      vertex 1.67846 -4.15692 1.30718
    endloop
  endfacet
  facet normal -0.445607 -0.117314 -0.887509
    outer loop
      vertex 1.27304 -4.62592 1.57273
      vertex 1.19079 -4.43462 1.58874
      vertex 1.67846 -4.15692 1.30718
    endloop
  endfacet
  facet normal -0.314928 -0.343865 -0.884634
    outer loop
      vertex 1.90526 -4.50333 1.3
      vertex 1.37694 -4.80417 1.60502
      vertex 1.78175 -4.33624 1.27902
    endloop
  endfacet
  facet normal -0.314959 -0.343838 -0.884634
    outer loop
      vertex 1.37694 -4.80417 1.60502
      vertex 1.27304 -4.62592 1.57273
      vertex 1.78175 -4.33624 1.27902
    endloop
  endfacet
  facet normal -0.162873 -0.546709 -0.821329
    outer loop
      vertex 2.04057 -4.64682 1.36868
      vertex 1.49542 -4.95725 1.68342
      vertex 1.90526 -4.50333 1.3
    endloop
  endfacet
  facet normal -0.162876 -0.546707 -0.82133
    outer loop
      vertex 1.49542 -4.95725 1.68342
      vertex 1.37694 -4.80417 1.60502
      vertex 1.90526 -4.50333 1.3
    endloop
  endfacet
  facet normal 0.000145443 -0.712099 -0.702079
    outer loop
      vertex 2.17846 -4.75692 1.48038
      vertex 1.6204 -5.0747 1.80258
      vertex 2.04057 -4.64682 1.36868
    endloop
  endfacet
  facet normal 0.000168139 -0.71211 -0.702068
    outer loop
      vertex 1.6204 -5.0747 1.80258
      vertex 1.49542 -4.95725 1.68342
      vertex 2.04057 -4.64682 1.36868
    endloop
  endfacet
  facet normal 0.162979 -0.828861 -0.535189
    outer loop
      vertex 2.30954 -4.82614 1.6275
      vertex 1.74335 -5.14854 1.95439
      vertex 2.17846 -4.75692 1.48038
    endloop
  endfacet
  facet normal 0.163002 -0.828867 -0.535173
    outer loop
      vertex 1.74335 -5.14854 1.95439
      vertex 1.6204 -5.0747 1.80258
      vertex 2.17846 -4.75692 1.48038
    endloop
  endfacet
  facet normal 0.314669 -0.889232 -0.332039
    outer loop
      vertex 2.42487 -4.84974 1.8
      vertex 1.85592 -5.17373 2.12849
      vertex 2.30954 -4.82614 1.6275
    endloop
  endfacet
  facet normal 0.314617 -0.889233 -0.332086
    outer loop
      vertex 1.85592 -5.17373 2.12849
      vertex 1.74335 -5.14854 1.95439
      vertex 2.30954 -4.82614 1.6275
    endloop
  endfacet
  facet normal 0.341139 -0.938861 -0.0465197
    outer loop
      vertex 1.95041 -5.14854 2.31302
      vertex 1.35262 -5.38285 2.65815
      vertex 1.85592 -5.17373 2.12849
    endloop
  endfacet
  facet normal 0.341124 -0.938866 -0.0465354
    outer loop
      vertex 1.35262 -5.38285 2.65815
      vertex 1.25521 -5.40918 2.47531
      vertex 1.85592 -5.17373 2.12849
    endloop
  endfacet
  facet normal 0.448266 -0.875118 0.182282
    outer loop
      vertex 2.0204 -5.0747 2.4954
      vertex 1.43118 -5.30566 2.83559
      vertex 1.95041 -5.14854 2.31302
    endloop
  endfacet
  facet normal 0.44824 -0.875138 0.182249
    outer loop
      vertex 1.43118 -5.30566 2.83559
      vertex 1.35262 -5.38285 2.65815
      vertex 1.95041 -5.14854 2.31302
    endloop
  endfacet
  facet normal 0.524989 -0.751857 0.398871
    outer loop
      vertex 2.0611 -4.95725 2.66322
      vertex 1.48553 -5.18285 2.99553
      vertex 2.0204 -5.0747 2.4954
    endloop
  endfacet
  facet normal 0.525004 -0.751835 0.398892
    outer loop
      vertex 1.48553 -5.18285 2.99553
      vertex 1.43118 -5.30566 2.83559
      vertex 2.0204 -5.0747 2.4954
    endloop
  endfacet
  facet normal 0.566059 -0.577213 0.58856
    outer loop
      vertex 2.06976 -4.80417 2.80502
      vertex 1.51196 -5.02281 3.12707
      vertex 2.0611 -4.95725 2.66322
    endloop
  endfacet
  facet normal 0.566054 -0.577225 0.588553
    outer loop
      vertex 1.51196 -5.02281 3.12707
      vertex 1.48553 -5.18285 2.99553
      vertex 2.0611 -4.95725 2.66322
    endloop
  endfacet
  facet normal 0.568515 -0.363058 0.738227
    outer loop
      vertex 2.04578 -4.62592 2.91115
      vertex 1.50867 -4.83644 3.22125
      vertex 2.06976 -4.80417 2.80502
    endloop
  endfacet
  facet normal 0.568522 -0.363025 0.738239
    outer loop
      vertex 1.50867 -4.83644 3.22125
      vertex 1.51196 -5.02281 3.12707
      vertex 2.06976 -4.80417 2.80502
    endloop
  endfacet
  facet normal 0.532111 -0.12388 0.837563
    outer loop
      vertex 1.99079 -4.43462 2.97438
      vertex 1.47589 -4.63644 3.27165
      vertex 2.04578 -4.62592 2.91115
    endloop
  endfacet
  facet normal 0.532112 -0.123853 0.837566
    outer loop
      vertex 1.47589 -4.63644 3.27165
      vertex 1.50867 -4.83644 3.22125
      vertex 2.04578 -4.62592 2.91115
    endloop
  endfacet
  facet normal 0.459285 0.123887 0.879607
    outer loop
      vertex 1.90853 -4.24333 2.99039
      vertex 1.41585 -4.43644 3.27484
      vertex 1.99079 -4.43462 2.97438
    endloop
  endfacet
  facet normal 0.459287 0.123848 0.879612
    outer loop
      vertex 1.41585 -4.43644 3.27484
      vertex 1.47589 -4.63644 3.27165
      vertex 1.99079 -4.43462 2.97438
    endloop
  endfacet
  facet normal 0.355082 0.36301 0.861476
    outer loop
      vertex 1.80463 -4.06507 2.9581
      vertex 1.33264 -4.25007 3.2306
      vertex 1.90853 -4.24333 2.99039
    endloop
  endfacet
  facet normal 0.355079 0.363028 0.861469
    outer loop
      vertex 1.33264 -4.25007 3.2306
      vertex 1.41585 -4.43644 3.27484
      vertex 1.90853 -4.24333 2.99039
    endloop
  endfacet
  facet normal 0.226669 0.577245 0.78448
    outer loop
      vertex 1.68615 -3.912 2.8797
      vertex 1.23194 -4.09003 3.14194
      vertex 1.80463 -4.06507 2.9581
    endloop
  endfacet
  facet normal 0.226674 0.577226 0.784493
    outer loop
      vertex 1.23194 -4.09003 3.14194
      vertex 1.33264 -4.25007 3.2306
      vertex 1.80463 -4.06507 2.9581
    endloop
  endfacet
  facet normal 0.08295 0.751834 0.654114
    outer loop
      vertex 1.56118 -3.79454 2.76054
      vertex 1.1206 -3.96723 3.0149
      vertex 1.68615 -3.912 2.8797
    endloop
  endfacet
  facet normal 0.0829392 0.751864 0.654081
    outer loop
      vertex 1.1206 -3.96723 3.0149
      vertex 1.23194 -4.09003 3.14194
      vertex 1.68615 -3.912 2.8797
    endloop
  endfacet
  facet normal -0.0662701 0.875126 0.479335
    outer loop
      vertex 1.43822 -3.7207 2.60873
      vertex 1.00621 -3.89003 2.85815
      vertex 1.56118 -3.79454 2.76054
    endloop
  endfacet
  facet normal -0.0662647 0.875116 0.479355
    outer loop
      vertex 1.00621 -3.89003 2.85815
      vertex 1.1206 -3.96723 3.0149
      vertex 1.56118 -3.79454 2.76054
    endloop
  endfacet
  facet normal -0.210877 0.938867 0.272137
    outer loop
      vertex 1.32565 -3.69552 2.43463
      vertex 0.896575 -3.8637 2.68236
      vertex 1.43822 -3.7207 2.60873
    endloop
  endfacet
  facet normal -0.210876 0.938866 0.272142
    outer loop
      vertex 0.896575 -3.8637 2.68236
      vertex 1.00621 -3.89003 2.85815
      vertex 1.43822 -3.7207 2.60873
    endloop
  endfacet
  facet normal -0.341121 0.938866 0.0465609
    outer loop
      vertex 1.23116 -3.7207 2.2501
      vertex 0.799158 -3.89003 2.49952
      vertex 1.32565 -3.69552 2.43463
    endloop
  endfacet
  facet normal -0.341123 0.938866 0.0465478
    outer loop
      vertex 0.799158 -3.89003 2.49952
      vertex 0.896575 -3.8637 2.68236
      vertex 1.32565 -3.69552 2.43463
    endloop
  endfacet
  facet normal -0.448261 0.875117 -0.182298
    outer loop
      vertex 1.16118 -3.79454 2.06771
      vertex 0.720599 -3.96723 2.32208
      vertex 1.23116 -3.7207 2.2501
    endloop
  endfacet
  facet normal -0.44826 0.87512 -0.182284
    outer loop
      vertex 0.720599 -3.96723 2.32208
      vertex 0.799158 -3.89003 2.49952
      vertex 1.23116 -3.7207 2.2501
    endloop
  endfacet
  facet normal -0.524987 0.751843 -0.398899
    outer loop
      vertex 1.12047 -3.912 1.8999
      vertex 0.666253 -4.09003 2.16214
      vertex 1.16118 -3.79454 2.06771
    endloop
  endfacet
  facet normal -0.524989 0.751853 -0.398878
    outer loop
      vertex 0.666253 -4.09003 2.16214
      vertex 0.720599 -3.96723 2.32208
      vertex 1.16118 -3.79454 2.06771
    endloop
  endfacet
  facet normal -0.566049 0.577237 -0.588546
    outer loop
      vertex 1.11181 -4.06507 1.7581
      vertex 0.639823 -4.25007 2.0306
      vertex 1.12047 -3.912 1.8999
    endloop
  endfacet
  facet normal -0.566045 0.577228 -0.588558
    outer loop
      vertex 0.639823 -4.25007 2.0306
      vertex 0.666253 -4.09003 2.16214
      vertex 1.12047 -3.912 1.8999
    endloop
  endfacet
  facet normal -0.568518 0.363041 -0.738234
    outer loop
      vertex 1.13579 -4.24333 1.65197
      vertex 0.64311 -4.43644 1.93642
      vertex 1.11181 -4.06507 1.7581
    endloop
  endfacet
  facet normal -0.568515 0.363034 -0.738239
    outer loop
      vertex 0.64311 -4.43644 1.93642
      vertex 0.639823 -4.25007 2.0306
      vertex 1.11181 -4.06507 1.7581
    endloop
  endfacet
  facet normal -0.532107 0.123862 -0.837568
    outer loop
      vertex 1.19079 -4.43462 1.58874
      vertex 0.675891 -4.63644 1.88601
      vertex 1.13579 -4.24333 1.65197
    endloop
  endfacet
  facet normal -0.532123 0.123888 -0.837554
    outer loop
      vertex 0.675891 -4.63644 1.88601
      vertex 0.64311 -4.43644 1.93642
      vertex 1.13579 -4.24333 1.65197
    endloop
  endfacet
  facet normal -0.459293 -0.12386 -0.879607
    outer loop
      vertex 1.27304 -4.62592 1.57273
      vertex 0.73593 -4.83644 1.88283
      vertex 1.19079 -4.43462 1.58874
    endloop
  endfacet
  facet normal -0.459274 -0.123886 -0.879613
    outer loop
      vertex 0.73593 -4.83644 1.88283
      vertex 0.675891 -4.63644 1.88601
      vertex 1.19079 -4.43462 1.58874
    endloop
  endfacet
  facet normal -0.355079 -0.363027 -0.86147
    outer loop
      vertex 1.37694 -4.80417 1.60502
      vertex 0.819138 -5.02281 1.92707
      vertex 1.27304 -4.62592 1.57273
    endloop
  endfacet
  facet normal -0.355081 -0.363025 -0.86147
    outer loop
      vertex 0.819138 -5.02281 1.92707
      vertex 0.73593 -4.83644 1.88283
      vertex 1.27304 -4.62592 1.57273
    endloop
  endfacet
  facet normal -0.226682 -0.577224 -0.784492
    outer loop
      vertex 1.49542 -4.95725 1.68342
      vertex 0.919843 -5.18285 2.01573
      vertex 1.37694 -4.80417 1.60502
    endloop
  endfacet
  facet normal -0.226674 -0.577231 -0.784489
    outer loop
      vertex 0.919843 -5.18285 2.01573
      vertex 0.819138 -5.02281 1.92707
      vertex 1.37694 -4.80417 1.60502
    endloop
  endfacet
  facet normal -0.0829312 -0.751859 -0.654088
    outer loop
      vertex 1.6204 -5.0747 1.80258
      vertex 1.03118 -5.30566 2.14277
      vertex 1.49542 -4.95725 1.68342
    endloop
  endfacet
  facet normal -0.0829593 -0.751842 -0.654103
    outer loop
      vertex 1.03118 -5.30566 2.14277
      vertex 0.919843 -5.18285 2.01573
      vertex 1.49542 -4.95725 1.68342
    endloop
  endfacet
  facet normal 0.0662751 -0.875126 -0.479335
    outer loop
      vertex 1.74335 -5.14854 1.95439
      vertex 1.14557 -5.38285 2.29952
      vertex 1.6204 -5.0747 1.80258
    endloop
  endfacet
  facet normal 0.0662889 -0.875131 -0.479325
    outer loop
      vertex 1.14557 -5.38285 2.29952
      vertex 1.03118 -5.30566 2.14277
      vertex 1.6204 -5.0747 1.80258
    endloop
  endfacet
  facet normal 0.210851 -0.938863 -0.272174
    outer loop
      vertex 1.85592 -5.17373 2.12849
      vertex 1.25521 -5.40918 2.47531
      vertex 1.74335 -5.14854 1.95439
    endloop
  endfacet
  facet normal 0.210878 -0.938864 -0.272148
    outer loop
      vertex 1.25521 -5.40918 2.47531
      vertex 1.14557 -5.38285 2.29952
      vertex 1.74335 -5.14854 1.95439
    endloop
  endfacet
  facet normal 0.232642 -0.972429 0.0160925
    outer loop
      vertex 1.35262 -5.38285 2.65815
      vertex 0.733465 -5.52506 3.01562
      vertex 1.25521 -5.40918 2.47531
    endloop
  endfacet
  facet normal 0.23265 -0.972427 0.0161007
    outer loop
      vertex 0.733465 -5.52506 3.01562
      vertex 0.633018 -5.55209 2.83453
      vertex 1.25521 -5.40918 2.47531
    endloop
  endfacet
  facet normal 0.347117 -0.906425 0.240631
    outer loop
      vertex 1.43118 -5.30566 2.83559
      vertex 0.820903 -5.44583 3.18793
      vertex 1.35262 -5.38285 2.65815
    endloop
  endfacet
  facet normal 0.347122 -0.906422 0.240637
    outer loop
      vertex 0.820903 -5.44583 3.18793
      vertex 0.733465 -5.52506 3.01562
      vertex 1.35262 -5.38285 2.65815
    endloop
  endfacet
  facet normal 0.438123 -0.778715 0.449056
    outer loop
      vertex 1.48553 -5.18285 2.99553
      vertex 0.889374 -5.31978 3.33972
      vertex 1.43118 -5.30566 2.83559
    endloop
  endfacet
  facet normal 0.438113 -0.778727 0.449045
    outer loop
      vertex 0.889374 -5.31978 3.33972
      vertex 0.820903 -5.44583 3.18793
      vertex 1.43118 -5.30566 2.83559
    endloop
  endfacet
  facet normal 0.499353 -0.597862 0.627063
    outer loop
      vertex 1.51196 -5.02281 3.12707
      vertex 0.934213 -5.15551 3.46063
      vertex 1.48553 -5.18285 2.99553
    endloop
  endfacet
  facet normal 0.499357 -0.597854 0.627068
    outer loop
      vertex 0.934213 -5.15551 3.46063
      vertex 0.889374 -5.31978 3.33972
      vertex 1.48553 -5.18285 2.99553
    endloop
  endfacet
  facet normal 0.526577 -0.376003 0.762455
    outer loop
      vertex 1.50867 -4.83644 3.22125
      vertex 0.952363 -4.96422 3.54244
      vertex 1.51196 -5.02281 3.12707
    endloop
  endfacet
  facet normal 0.526566 -0.37604 0.762445
    outer loop
      vertex 0.952363 -4.96422 3.54244
      vertex 0.934213 -5.15551 3.46063
      vertex 1.51196 -5.02281 3.12707
    endloop
  endfacet
  facet normal 0.517813 -0.128278 0.845822
    outer loop
      vertex 1.47589 -4.63644 3.27165
      vertex 0.942587 -4.75894 3.57956
      vertex 1.50867 -4.83644 3.22125
    endloop
  endfacet
  facet normal 0.517811 -0.128287 0.845822
    outer loop
      vertex 0.942587 -4.75894 3.57956
      vertex 0.952363 -4.96422 3.54244
      vertex 1.50867 -4.83644 3.22125
    endloop
  endfacet
  facet normal 0.473606 0.128279 0.871345
    outer loop
      vertex 1.41585 -4.43644 3.27484
      vertex 0.905552 -4.55365 3.56946
      vertex 1.47589 -4.63644 3.27165
    endloop
  endfacet
  facet normal 0.473608 0.128309 0.87134
    outer loop
      vertex 0.905552 -4.55365 3.56946
      vertex 0.942587 -4.75894 3.57956
      vertex 1.47589 -4.63644 3.27165
    endloop
  endfacet
  facet normal 0.397018 0.376005 0.837256
    outer loop
      vertex 1.33264 -4.25007 3.2306
      vertex 0.843782 -4.36236 3.51284
      vertex 1.41585 -4.43644 3.27484
    endloop
  endfacet
  facet normal 0.397017 0.37602 0.837249
    outer loop
      vertex 0.843782 -4.36236 3.51284
      vertex 0.905552 -4.55365 3.56946
      vertex 1.41585 -4.43644 3.27484
    endloop
  endfacet
  facet normal 0.293363 0.597858 0.745991
    outer loop
      vertex 1.23194 -4.09003 3.14194
      vertex 0.761485 -4.19809 3.41355
      vertex 1.33264 -4.25007 3.2306
    endloop
  endfacet
  facet normal 0.293362 0.597867 0.745985
    outer loop
      vertex 0.761485 -4.19809 3.41355
      vertex 0.843782 -4.36236 3.51284
      vertex 1.33264 -4.25007 3.2306
    endloop
  endfacet
  facet normal 0.169812 0.778742 0.603925
    outer loop
      vertex 1.1206 -3.96723 3.0149
      vertex 0.664271 -4.07204 3.27836
      vertex 1.23194 -4.09003 3.14194
    endloop
  endfacet
  facet normal 0.169818 0.778717 0.603954
    outer loop
      vertex 0.664271 -4.07204 3.27836
      vertex 0.761485 -4.19809 3.41355
      vertex 1.23194 -4.09003 3.14194
    endloop
  endfacet
  facet normal 0.0348451 0.906401 0.420978
    outer loop
      vertex 1.00621 -3.89003 2.85815
      vertex 0.558765 -3.99281 3.11648
      vertex 1.1206 -3.96723 3.0149
    endloop
  endfacet
  facet normal 0.0348358 0.906423 0.420932
    outer loop
      vertex 0.558765 -3.99281 3.11648
      vertex 0.664271 -4.07204 3.27836
      vertex 1.1206 -3.96723 3.0149
    endloop
  endfacet
  facet normal -0.102396 0.97243 0.209513
    outer loop
      vertex 0.896575 -3.8637 2.68236
      vertex 0.452156 -3.96578 2.93895
      vertex 1.00621 -3.89003 2.85815
    endloop
  endfacet
  facet normal -0.102391 0.972423 0.209544
    outer loop
      vertex 0.452156 -3.96578 2.93895
      vertex 0.558765 -3.99281 3.11648
      vertex 1.00621 -3.89003 2.85815
    endloop
  endfacet
  facet normal -0.232652 0.972427 -0.0160784
    outer loop
      vertex 0.799158 -3.89003 2.49952
      vertex 0.35171 -3.99281 2.75785
      vertex 0.896575 -3.8637 2.68236
    endloop
  endfacet
  facet normal -0.232654 0.972426 -0.0160987
    outer loop
      vertex 0.35171 -3.99281 2.75785
      vertex 0.452156 -3.96578 2.93895
      vertex 0.896575 -3.8637 2.68236
    endloop
  endfacet
  facet normal -0.347134 0.906409 -0.240668
    outer loop
      vertex 0.720599 -3.96723 2.32208
      vertex 0.264271 -4.07204 2.58554
      vertex 0.799158 -3.89003 2.49952
    endloop
  endfacet
  facet normal -0.347132 0.90642 -0.240629
    outer loop
      vertex 0.264271 -4.07204 2.58554
      vertex 0.35171 -3.99281 2.75785
      vertex 0.799158 -3.89003 2.49952
    endloop
  endfacet
  facet normal -0.438121 0.778731 -0.449031
    outer loop
      vertex 0.666253 -4.09003 2.16214
      vertex 0.1958 -4.19809 2.43376
      vertex 0.720599 -3.96723 2.32208
    endloop
  endfacet
  facet normal -0.43812 0.778714 -0.44906
    outer loop
      vertex 0.1958 -4.19809 2.43376
      vertex 0.264271 -4.07204 2.58554
      vertex 0.720599 -3.96723 2.32208
    endloop
  endfacet
  facet normal -0.499355 0.597861 -0.627062
    outer loop
      vertex 0.639823 -4.25007 2.0306
      vertex 0.150961 -4.36236 2.31284
      vertex 0.666253 -4.09003 2.16214
    endloop
  endfacet
  facet normal -0.499358 0.597876 -0.627045
    outer loop
      vertex 0.150961 -4.36236 2.31284
      vertex 0.1958 -4.19809 2.43376
      vertex 0.666253 -4.09003 2.16214
    endloop
  endfacet
  facet normal -0.526569 0.376012 -0.762456
    outer loop
      vertex 0.64311 -4.43644 1.93642
      vertex 0.132812 -4.55365 2.23104
      vertex 0.639823 -4.25007 2.0306
    endloop
  endfacet
  facet normal -0.526567 0.376005 -0.762461
    outer loop
      vertex 0.132812 -4.55365 2.23104
      vertex 0.150961 -4.36236 2.31284
      vertex 0.639823 -4.25007 2.0306
    endloop
  endfacet
  facet normal -0.517816 0.128315 -0.845814
    outer loop
      vertex 0.675891 -4.63644 1.88601
      vertex 0.142587 -4.75894 2.19392
      vertex 0.64311 -4.43644 1.93642
    endloop
  endfacet
  facet normal -0.517803 0.128285 -0.845827
    outer loop
      vertex 0.142587 -4.75894 2.19392
      vertex 0.132812 -4.55365 2.23104
      vertex 0.64311 -4.43644 1.93642
    endloop
  endfacet
  facet normal -0.473592 -0.128316 -0.871347
    outer loop
      vertex 0.73593 -4.83644 1.88283
      vertex 0.179622 -4.96422 2.20401
      vertex 0.675891 -4.63644 1.88601
    endloop
  endfacet
  facet normal -0.473615 -0.128274 -0.871341
    outer loop
      vertex 0.179622 -4.96422 2.20401
      vertex 0.142587 -4.75894 2.19392
      vertex 0.675891 -4.63644 1.88601
    endloop
  endfacet
  facet normal -0.397024 -0.376003 -0.837254
    outer loop
      vertex 0.819138 -5.02281 1.92707
      vertex 0.241393 -5.15551 2.26063
      vertex 0.73593 -4.83644 1.88283
    endloop
  endfacet
  facet normal -0.397011 -0.376021 -0.837252
    outer loop
      vertex 0.241393 -5.15551 2.26063
      vertex 0.179622 -4.96422 2.20401
      vertex 0.73593 -4.83644 1.88283
    endloop
  endfacet
  facet normal -0.29337 -0.597867 -0.745982
    outer loop
      vertex 0.919843 -5.18285 2.01573
      vertex 0.323689 -5.31978 2.35992
      vertex 0.819138 -5.02281 1.92707
    endloop
  endfacet
  facet normal -0.293369 -0.597867 -0.745982
    outer loop
      vertex 0.323689 -5.31978 2.35992
      vertex 0.241393 -5.15551 2.26063
      vertex 0.819138 -5.02281 1.92707
    endloop
  endfacet
  facet normal -0.16983 -0.778717 -0.603951
    outer loop
      vertex 1.03118 -5.30566 2.14277
      vertex 0.420903 -5.44583 2.49511
      vertex 0.919843 -5.18285 2.01573
    endloop
  endfacet
  facet normal -0.169828 -0.778719 -0.60395
    outer loop
      vertex 0.420903 -5.44583 2.49511
      vertex 0.323689 -5.31978 2.35992
      vertex 0.919843 -5.18285 2.01573
    endloop
  endfacet
  facet normal -0.034837 -0.906421 -0.420936
    outer loop
      vertex 1.14557 -5.38285 2.29952
      vertex 0.526409 -5.52506 2.65699
      vertex 1.03118 -5.30566 2.14277
    endloop
  endfacet
  facet normal -0.0348339 -0.906423 -0.420933
    outer loop
      vertex 0.526409 -5.52506 2.65699
      vertex 0.420903 -5.44583 2.49511
      vertex 1.03118 -5.30566 2.14277
    endloop
  endfacet
  facet normal 0.102393 -0.97243 -0.209514
    outer loop
      vertex 1.25521 -5.40918 2.47531
      vertex 0.633018 -5.55209 2.83453
      vertex 1.14557 -5.38285 2.29952
    endloop
  endfacet
  facet normal 0.10238 -0.972428 -0.209527
    outer loop
      vertex 0.633018 -5.55209 2.83453
      vertex 0.526409 -5.52506 2.65699
      vertex 1.14557 -5.38285 2.29952
    endloop
  endfacet
  facet normal 0.121299 -0.989355 0.0803916
    outer loop
      vertex 0.733465 -5.52506 3.01562
      vertex 0.103528 -5.57274 3.37932
      vertex 0.633018 -5.55209 2.83453
    endloop
  endfacet
  facet normal 0.121286 -0.989358 0.0803783
    outer loop
      vertex 0.103528 -5.57274 3.37932
      vertex 0 -5.6 3.2
      vertex 0.633018 -5.55209 2.83453
    endloop
  endfacet
  facet normal 0.243324 -0.922201 0.300564
    outer loop
      vertex 0.820903 -5.44583 3.18793
      vertex 0.2 -5.49282 3.54641
      vertex 0.733465 -5.52506 3.01562
    endloop
  endfacet
  facet normal 0.243347 -0.922188 0.300587
    outer loop
      vertex 0.2 -5.49282 3.54641
      vertex 0.103528 -5.57274 3.37932
      vertex 0.733465 -5.52506 3.01562
    endloop
  endfacet
  facet normal 0.348947 -0.792283 0.500524
    outer loop
      vertex 0.889374 -5.31978 3.33972
      vertex 0.282843 -5.36569 3.6899
      vertex 0.820903 -5.44583 3.18793
    endloop
  endfacet
  facet normal 0.348932 -0.792298 0.50051
    outer loop
      vertex 0.282843 -5.36569 3.6899
      vertex 0.2 -5.49282 3.54641
      vertex 0.820903 -5.44583 3.18793
    endloop
  endfacet
  facet normal 0.430898 -0.60826 0.666593
    outer loop
      vertex 0.934213 -5.15551 3.46063
      vertex 0.34641 -5.2 3.8
      vertex 0.889374 -5.31978 3.33972
    endloop
  endfacet
  facet normal 0.430898 -0.608261 0.666593
    outer loop
      vertex 0.34641 -5.2 3.8
      vertex 0.282843 -5.36569 3.6899
      vertex 0.889374 -5.31978 3.33972
    endloop
  endfacet
  facet normal 0.483502 -0.382588 0.787307
    outer loop
      vertex 0.952363 -4.96422 3.54244
      vertex 0.38637 -5.00706 3.86921
      vertex 0.934213 -5.15551 3.46063
    endloop
  endfacet
  facet normal 0.483513 -0.38256 0.787313
    outer loop
      vertex 0.38637 -5.00706 3.86921
      vertex 0.34641 -5.2 3.8
      vertex 0.934213 -5.15551 3.46063
    endloop
  endfacet
  facet normal 0.503109 -0.130522 0.85431
    outer loop
      vertex 0.942587 -4.75894 3.57956
      vertex 0.4 -4.8 3.89282
      vertex 0.952363 -4.96422 3.54244
    endloop
  endfacet
  facet normal 0.503107 -0.13053 0.85431
    outer loop
      vertex 0.4 -4.8 3.89282
      vertex 0.38637 -5.00706 3.86921
      vertex 0.952363 -4.96422 3.54244
    endloop
  endfacet
  facet normal 0.488294 0.130541 0.86286
    outer loop
      vertex 0.905552 -4.55365 3.56946
      vertex 0.38637 -4.59294 3.86921
      vertex 0.942587 -4.75894 3.57956
    endloop
  endfacet
  facet normal 0.488292 0.13053 0.862863
    outer loop
      vertex 0.38637 -4.59294 3.86921
      vertex 0.4 -4.8 3.89282
      vertex 0.942587 -4.75894 3.57956
    endloop
  endfacet
  facet normal 0.440083 0.382567 0.812385
    outer loop
      vertex 0.843782 -4.36236 3.51284
      vertex 0.34641 -4.4 3.8
      vertex 0.905552 -4.55365 3.56946
    endloop
  endfacet
  facet normal 0.440082 0.38256 0.812389
    outer loop
      vertex 0.34641 -4.4 3.8
      vertex 0.38637 -4.59294 3.86921
      vertex 0.905552 -4.55365 3.56946
    endloop
  endfacet
  facet normal 0.361846 0.608278 0.706446
    outer loop
      vertex 0.761485 -4.19809 3.41355
      vertex 0.282843 -4.23431 3.6899
      vertex 0.843782 -4.36236 3.51284
    endloop
  endfacet
  facet normal 0.361846 0.608261 0.70646
    outer loop
      vertex 0.282843 -4.23431 3.6899
      vertex 0.34641 -4.4 3.8
      vertex 0.843782 -4.36236 3.51284
    endloop
  endfacet
  facet normal 0.259003 0.792276 0.552464
    outer loop
      vertex 0.664271 -4.07204 3.27836
      vertex 0.2 -4.10718 3.54641
      vertex 0.761485 -4.19809 3.41355
    endloop
  endfacet
  facet normal 0.258999 0.792299 0.552433
    outer loop
      vertex 0.2 -4.10718 3.54641
      vertex 0.282843 -4.23431 3.6899
      vertex 0.761485 -4.19809 3.41355
    endloop
  endfacet
  facet normal 0.138642 0.922203 0.360999
    outer loop
      vertex 0.558765 -3.99281 3.11648
      vertex 0.103528 -4.02726 3.37932
      vertex 0.664271 -4.07204 3.27836
    endloop
  endfacet
  facet normal 0.138648 0.922187 0.361036
    outer loop
      vertex 0.103528 -4.02726 3.37932
      vertex 0.2 -4.10718 3.54641
      vertex 0.664271 -4.07204 3.27836
    endloop
  endfacet
  facet normal 0.00897916 0.989355 0.145243
    outer loop
      vertex 0.452156 -3.96578 2.93895
      vertex 0 -4 3.2
      vertex 0.558765 -3.99281 3.11648
    endloop
  endfacet
  facet normal 0.00897554 0.989359 0.145219
    outer loop
      vertex 0 -4 3.2
      vertex 0.103528 -4.02726 3.37932
      vertex 0.558765 -3.99281 3.11648
    endloop
  endfacet
  facet normal -0.121285 0.989357 -0.0803957
    outer loop
      vertex 0.35171 -3.99281 2.75785
      vertex -0.103528 -4.02726 3.02068
      vertex 0.452156 -3.96578 2.93895
    endloop
  endfacet
  facet normal -0.121283 0.989358 -0.0803797
    outer loop
      vertex -0.103528 -4.02726 3.02068
      vertex 0 -4 3.2
      vertex 0.452156 -3.96578 2.93895
    endloop
  endfacet
  facet normal -0.24333 0.922201 -0.30056
    outer loop
      vertex 0.264271 -4.07204 2.58554
      vertex -0.2 -4.10718 2.85359
      vertex 0.35171 -3.99281 2.75785
    endloop
  endfacet
  facet normal -0.243334 0.922188 -0.300595
    outer loop
      vertex -0.2 -4.10718 2.85359
      vertex -0.103528 -4.02726 3.02068
      vertex 0.35171 -3.99281 2.75785
    endloop
  endfacet
  facet normal -0.34894 0.79227 -0.500549
    outer loop
      vertex 0.1958 -4.19809 2.43376
      vertex -0.282843 -4.23431 2.7101
      vertex 0.264271 -4.07204 2.58554
    endloop
  endfacet
  facet normal -0.348939 0.792297 -0.500506
    outer loop
      vertex -0.282843 -4.23431 2.7101
      vertex -0.2 -4.10718 2.85359
      vertex 0.264271 -4.07204 2.58554
    endloop
  endfacet
  facet normal -0.430886 0.608286 -0.666578
    outer loop
      vertex 0.150961 -4.36236 2.31284
      vertex -0.34641 -4.4 2.6
      vertex 0.1958 -4.19809 2.43376
    endloop
  endfacet
  facet normal -0.430884 0.608261 -0.666601
    outer loop
      vertex -0.34641 -4.4 2.6
      vertex -0.282843 -4.23431 2.7101
      vertex 0.1958 -4.19809 2.43376
    endloop
  endfacet
  facet normal -0.48351 0.38255 -0.78732
    outer loop
      vertex 0.132812 -4.55365 2.23104
      vertex -0.38637 -4.59294 2.53079
      vertex 0.150961 -4.36236 2.31284
    endloop
  endfacet
  facet normal -0.483512 0.38256 -0.787314
    outer loop
      vertex -0.38637 -4.59294 2.53079
      vertex -0.34641 -4.4 2.6
      vertex 0.150961 -4.36236 2.31284
    endloop
  endfacet
  facet normal -0.503109 0.130518 -0.85431
    outer loop
      vertex 0.142587 -4.75894 2.19392
      vertex -0.4 -4.8 2.50718
      vertex 0.132812 -4.55365 2.23104
    endloop
  endfacet
  facet normal -0.503112 0.13053 -0.854307
    outer loop
      vertex -0.4 -4.8 2.50718
      vertex -0.38637 -4.59294 2.53079
      vertex 0.132812 -4.55365 2.23104
    endloop
  endfacet
  facet normal -0.488302 -0.130507 -0.862861
    outer loop
      vertex 0.179622 -4.96422 2.20401
      vertex -0.38637 -5.00706 2.53079
      vertex 0.142587 -4.75894 2.19392
    endloop
  endfacet
  facet normal -0.488292 -0.13053 -0.862863
    outer loop
      vertex -0.38637 -5.00706 2.53079
      vertex -0.4 -4.8 2.50718
      vertex 0.142587 -4.75894 2.19392
    endloop
  endfacet
  facet normal -0.440078 -0.382568 -0.812387
    outer loop
      vertex 0.241393 -5.15551 2.26063
      vertex -0.34641 -5.2 2.6
      vertex 0.179622 -4.96422 2.20401
    endloop
  endfacet
  facet normal -0.440083 -0.38256 -0.812388
    outer loop
      vertex -0.34641 -5.2 2.6
      vertex -0.38637 -5.00706 2.53079
      vertex 0.179622 -4.96422 2.20401
    endloop
  endfacet
  facet normal -0.36183 -0.608274 -0.706457
    outer loop
      vertex 0.323689 -5.31978 2.35992
      vertex -0.282843 -5.36569 2.7101
      vertex 0.241393 -5.15551 2.26063
    endloop
  endfacet
  facet normal -0.36184 -0.608261 -0.706463
    outer loop
      vertex -0.282843 -5.36569 2.7101
      vertex -0.34641 -5.2 2.6
      vertex 0.241393 -5.15551 2.26063
    endloop
  endfacet
  facet normal -0.259006 -0.792276 -0.552462
    outer loop
      vertex 0.420903 -5.44583 2.49511
      vertex -0.2 -5.49282 2.85359
      vertex 0.323689 -5.31978 2.35992
    endloop
  endfacet
  facet normal -0.258981 -0.792298 -0.552443
    outer loop
      vertex -0.2 -5.49282 2.85359
      vertex -0.282843 -5.36569 2.7101
      vertex 0.323689 -5.31978 2.35992
    endloop
  endfacet
  facet normal -0.138625 -0.922201 -0.36101
    outer loop
      vertex 0.526409 -5.52506 2.65699
      vertex -0.103528 -5.57274 3.02068
      vertex 0.420903 -5.44583 2.49511
    endloop
  endfacet
  facet normal -0.138653 -0.922188 -0.361034
    outer loop
      vertex -0.103528 -5.57274 3.02068
      vertex -0.2 -5.49282 2.85359
      vertex 0.420903 -5.44583 2.49511
    endloop
  endfacet
  facet normal -0.00897335 -0.989356 -0.145239
    outer loop
      vertex 0.633018 -5.55209 2.83453
      vertex 0 -5.6 3.2
      vertex 0.526409 -5.52506 2.65699
    endloop
  endfacet
  facet normal -0.00896137 -0.989358 -0.145227
    outer loop
      vertex 0 -5.6 3.2
      vertex -0.103528 -5.57274 3.02068
      vertex 0.526409 -5.52506 2.65699
    endloop
  endfacet
  facet normal 0.00896137 -0.989358 0.145227
    outer loop
      vertex 0.103528 -5.57274 3.37932
      vertex -0.526409 -5.52506 3.74301
      vertex 0 -5.6 3.2
    endloop
  endfacet
  facet normal 0.00897335 -0.989356 0.145239
    outer loop
      vertex -0.526409 -5.52506 3.74301
      vertex -0.633018 -5.55209 3.56547
      vertex 0 -5.6 3.2
    endloop
  endfacet
  facet normal 0.138653 -0.922188 0.361034
    outer loop
      vertex 0.2 -5.49282 3.54641
      vertex -0.420903 -5.44583 3.90489
      vertex 0.103528 -5.57274 3.37932
    endloop
  endfacet
  facet normal 0.138625 -0.922201 0.36101
    outer loop
      vertex -0.420903 -5.44583 3.90489
      vertex -0.526409 -5.52506 3.74301
      vertex 0.103528 -5.57274 3.37932
    endloop
  endfacet
  facet normal 0.258981 -0.792298 0.552443
    outer loop
      vertex 0.282843 -5.36569 3.6899
      vertex -0.323689 -5.31978 4.04008
      vertex 0.2 -5.49282 3.54641
    endloop
  endfacet
  facet normal 0.259006 -0.792276 0.552462
    outer loop
      vertex -0.323689 -5.31978 4.04008
      vertex -0.420903 -5.44583 3.90489
      vertex 0.2 -5.49282 3.54641
    endloop
  endfacet
  facet normal 0.36184 -0.608261 0.706463
    outer loop
      vertex 0.34641 -5.2 3.8
      vertex -0.241393 -5.15551 4.13937
      vertex 0.282843 -5.36569 3.6899
    endloop
  endfacet
  facet normal 0.36183 -0.608274 0.706457
    outer loop
      vertex -0.241393 -5.15551 4.13937
      vertex -0.323689 -5.31978 4.04008
      vertex 0.282843 -5.36569 3.6899
    endloop
  endfacet
  facet normal 0.440083 -0.38256 0.812388
    outer loop
      vertex 0.38637 -5.00706 3.86921
      vertex -0.179622 -4.96422 4.19599
      vertex 0.34641 -5.2 3.8
    endloop
  endfacet
  facet normal 0.440078 -0.382568 0.812387
    outer loop
      vertex -0.179622 -4.96422 4.19599
      vertex -0.241393 -5.15551 4.13937
      vertex 0.34641 -5.2 3.8
    endloop
  endfacet
  facet normal 0.488292 -0.13053 0.862863
    outer loop
      vertex 0.4 -4.8 3.89282
      vertex -0.142587 -4.75894 4.20608
      vertex 0.38637 -5.00706 3.86921
    endloop
  endfacet
  facet normal 0.488302 -0.130507 0.862861
    outer loop
      vertex -0.142587 -4.75894 4.20608
      vertex -0.179622 -4.96422 4.19599
      vertex 0.38637 -5.00706 3.86921
    endloop
  endfacet
  facet normal 0.503112 0.13053 0.854307
    outer loop
      vertex 0.38637 -4.59294 3.86921
      vertex -0.132812 -4.55365 4.16896
      vertex 0.4 -4.8 3.89282
    endloop
  endfacet
  facet normal 0.503109 0.130518 0.85431
    outer loop
      vertex -0.132812 -4.55365 4.16896
      vertex -0.142587 -4.75894 4.20608
      vertex 0.4 -4.8 3.89282
    endloop
  endfacet
  facet normal 0.483512 0.38256 0.787314
    outer loop
      vertex 0.34641 -4.4 3.8
      vertex -0.150961 -4.36236 4.08716
      vertex 0.38637 -4.59294 3.86921
    endloop
  endfacet
  facet normal 0.48351 0.38255 0.78732
    outer loop
      vertex -0.150961 -4.36236 4.08716
      vertex -0.132812 -4.55365 4.16896
      vertex 0.38637 -4.59294 3.86921
    endloop
  endfacet
  facet normal 0.430884 0.608261 0.666601
    outer loop
      vertex 0.282843 -4.23431 3.6899
      vertex -0.1958 -4.19809 3.96624
      vertex 0.34641 -4.4 3.8
    endloop
  endfacet
  facet normal 0.430886 0.608286 0.666578
    outer loop
      vertex -0.1958 -4.19809 3.96624
      vertex -0.150961 -4.36236 4.08716
      vertex 0.34641 -4.4 3.8
    endloop
  endfacet
  facet normal 0.348939 0.792297 0.500506
    outer loop
      vertex 0.2 -4.10718 3.54641
      vertex -0.264271 -4.07204 3.81446
      vertex 0.282843 -4.23431 3.6899
    endloop
  endfacet
  facet normal 0.34894 0.79227 0.500549
    outer loop
      vertex -0.264271 -4.07204 3.81446
      vertex -0.1958 -4.19809 3.96624
      vertex 0.282843 -4.23431 3.6899
    endloop
  endfacet
  facet normal 0.243334 0.922188 0.300595
    outer loop
      vertex 0.103528 -4.02726 3.37932
      vertex -0.35171 -3.99281 3.64215
      vertex 0.2 -4.10718 3.54641
    endloop
  endfacet
  facet normal 0.24333 0.922201 0.30056
    outer loop
      vertex -0.35171 -3.99281 3.64215
      vertex -0.264271 -4.07204 3.81446
      vertex 0.2 -4.10718 3.54641
    endloop
  endfacet
  facet normal 0.121283 0.989358 0.0803797
    outer loop
      vertex 0 -4 3.2
      vertex -0.452156 -3.96578 3.46105
      vertex 0.103528 -4.02726 3.37932
    endloop
  endfacet
  facet normal 0.121285 0.989357 0.0803957
    outer loop
      vertex -0.452156 -3.96578 3.46105
      vertex -0.35171 -3.99281 3.64215
      vertex 0.103528 -4.02726 3.37932
    endloop
  endfacet
  facet normal -0.00897554 0.989359 -0.145219
    outer loop
      vertex -0.103528 -4.02726 3.02068
      vertex -0.558765 -3.99281 3.28352
      vertex 0 -4 3.2
    endloop
  endfacet
  facet normal -0.00897916 0.989355 -0.145243
    outer loop
      vertex -0.558765 -3.99281 3.28352
      vertex -0.452156 -3.96578 3.46105
      vertex 0 -4 3.2
    endloop
  endfacet
  facet normal -0.138648 0.922187 -0.361036
    outer loop
      vertex -0.2 -4.10718 2.85359
      vertex -0.664271 -4.07204 3.12164
      vertex -0.103528 -4.02726 3.02068
    endloop
  endfacet
  facet normal -0.138642 0.922203 -0.360999
    outer loop
      vertex -0.664271 -4.07204 3.12164
      vertex -0.558765 -3.99281 3.28352
      vertex -0.103528 -4.02726 3.02068
    endloop
  endfacet
  facet normal -0.258999 0.792299 -0.552433
    outer loop
      vertex -0.282843 -4.23431 2.7101
      vertex -0.761485 -4.19809 2.98645
      vertex -0.2 -4.10718 2.85359
    endloop
  endfacet
  facet normal -0.259003 0.792276 -0.552464
    outer loop
      vertex -0.761485 -4.19809 2.98645
      vertex -0.664271 -4.07204 3.12164
      vertex -0.2 -4.10718 2.85359
    endloop
  endfacet
  facet normal -0.361846 0.608261 -0.70646
    outer loop
      vertex -0.34641 -4.4 2.6
      vertex -0.843782 -4.36236 2.88716
      vertex -0.282843 -4.23431 2.7101
    endloop
  endfacet
  facet normal -0.361846 0.608278 -0.706446
    outer loop
      vertex -0.843782 -4.36236 2.88716
      vertex -0.761485 -4.19809 2.98645
      vertex -0.282843 -4.23431 2.7101
    endloop
  endfacet
  facet normal -0.440082 0.38256 -0.812389
    outer loop
      vertex -0.38637 -4.59294 2.53079
      vertex -0.905552 -4.55365 2.83054
      vertex -0.34641 -4.4 2.6
    endloop
  endfacet
  facet normal -0.440083 0.382567 -0.812385
    outer loop
      vertex -0.905552 -4.55365 2.83054
      vertex -0.843782 -4.36236 2.88716
      vertex -0.34641 -4.4 2.6
    endloop
  endfacet
  facet normal -0.488292 0.13053 -0.862863
    outer loop
      vertex -0.4 -4.8 2.50718
      vertex -0.942587 -4.75894 2.82044
      vertex -0.38637 -4.59294 2.53079
    endloop
  endfacet
  facet normal -0.488294 0.130541 -0.86286
    outer loop
      vertex -0.942587 -4.75894 2.82044
      vertex -0.905552 -4.55365 2.83054
      vertex -0.38637 -4.59294 2.53079
    endloop
  endfacet
  facet normal -0.503107 -0.13053 -0.85431
    outer loop
      vertex -0.38637 -5.00706 2.53079
      vertex -0.952363 -4.96422 2.85756
      vertex -0.4 -4.8 2.50718
    endloop
  endfacet
  facet normal -0.503109 -0.130522 -0.85431
    outer loop
      vertex -0.952363 -4.96422 2.85756
      vertex -0.942587 -4.75894 2.82044
      vertex -0.4 -4.8 2.50718
    endloop
  endfacet
  facet normal -0.483513 -0.38256 -0.787313
    outer loop
      vertex -0.34641 -5.2 2.6
      vertex -0.934213 -5.15551 2.93937
      vertex -0.38637 -5.00706 2.53079
    endloop
  endfacet
  facet normal -0.483502 -0.382588 -0.787307
    outer loop
      vertex -0.934213 -5.15551 2.93937
      vertex -0.952363 -4.96422 2.85756
      vertex -0.38637 -5.00706 2.53079
    endloop
  endfacet
  facet normal -0.430898 -0.608261 -0.666593
    outer loop
      vertex -0.282843 -5.36569 2.7101
      vertex -0.889374 -5.31978 3.06028
      vertex -0.34641 -5.2 2.6
    endloop
  endfacet
  facet normal -0.430898 -0.60826 -0.666593
    outer loop
      vertex -0.889374 -5.31978 3.06028
      vertex -0.934213 -5.15551 2.93937
      vertex -0.34641 -5.2 2.6
    endloop
  endfacet
  facet normal -0.348932 -0.792298 -0.50051
    outer loop
      vertex -0.2 -5.49282 2.85359
      vertex -0.820903 -5.44583 3.21207
      vertex -0.282843 -5.36569 2.7101
    endloop
  endfacet
  facet normal -0.348947 -0.792283 -0.500524
    outer loop
      vertex -0.820903 -5.44583 3.21207
      vertex -0.889374 -5.31978 3.06028
      vertex -0.282843 -5.36569 2.7101
    endloop
  endfacet
  facet normal -0.243347 -0.922188 -0.300587
    outer loop
      vertex -0.103528 -5.57274 3.02068
      vertex -0.733465 -5.52506 3.38438
      vertex -0.2 -5.49282 2.85359
    endloop
  endfacet
  facet normal -0.243324 -0.922201 -0.300564
    outer loop
      vertex -0.733465 -5.52506 3.38438
      vertex -0.820903 -5.44583 3.21207
      vertex -0.2 -5.49282 2.85359
    endloop
  endfacet
  facet normal -0.121286 -0.989358 -0.0803783
    outer loop
      vertex 0 -5.6 3.2
      vertex -0.633018 -5.55209 3.56547
      vertex -0.103528 -5.57274 3.02068
    endloop
  endfacet
  facet normal -0.121299 -0.989355 -0.0803916
    outer loop
      vertex -0.633018 -5.55209 3.56547
      vertex -0.733465 -5.52506 3.38438
      vertex -0.103528 -5.57274 3.02068
    endloop
  endfacet
  facet normal -0.10238 -0.972428 0.209527
    outer loop
      vertex -0.526409 -5.52506 3.74301
      vertex -1.14557 -5.38285 4.10048
      vertex -0.633018 -5.55209 3.56547
    endloop
  endfacet
  facet normal -0.102393 -0.97243 0.209514
    outer loop
      vertex -1.14557 -5.38285 4.10048
      vertex -1.25521 -5.40918 3.92469
      vertex -0.633018 -5.55209 3.56547
    endloop
  endfacet
  facet normal 0.0348339 -0.906423 0.420933
    outer loop
      vertex -0.420903 -5.44583 3.90489
      vertex -1.03118 -5.30566 4.25723
      vertex -0.526409 -5.52506 3.74301
    endloop
  endfacet
  facet normal 0.034837 -0.906421 0.420936
    outer loop
      vertex -1.03118 -5.30566 4.25723
      vertex -1.14557 -5.38285 4.10048
      vertex -0.526409 -5.52506 3.74301
    endloop
  endfacet
  facet normal 0.169828 -0.778719 0.60395
    outer loop
      vertex -0.323689 -5.31978 4.04008
      vertex -0.919843 -5.18285 4.38427
      vertex -0.420903 -5.44583 3.90489
    endloop
  endfacet
  facet normal 0.16983 -0.778717 0.603951
    outer loop
      vertex -0.919843 -5.18285 4.38427
      vertex -1.03118 -5.30566 4.25723
      vertex -0.420903 -5.44583 3.90489
    endloop
  endfacet
  facet normal 0.293369 -0.597867 0.745982
    outer loop
      vertex -0.241393 -5.15551 4.13937
      vertex -0.819138 -5.02281 4.47293
      vertex -0.323689 -5.31978 4.04008
    endloop
  endfacet
  facet normal 0.29337 -0.597867 0.745982
    outer loop
      vertex -0.819138 -5.02281 4.47293
      vertex -0.919843 -5.18285 4.38427
      vertex -0.323689 -5.31978 4.04008
    endloop
  endfacet
  facet normal 0.397011 -0.376021 0.837252
    outer loop
      vertex -0.179622 -4.96422 4.19599
      vertex -0.73593 -4.83644 4.51717
      vertex -0.241393 -5.15551 4.13937
    endloop
  endfacet
  facet normal 0.397024 -0.376003 0.837254
    outer loop
      vertex -0.73593 -4.83644 4.51717
      vertex -0.819138 -5.02281 4.47293
      vertex -0.241393 -5.15551 4.13937
    endloop
  endfacet
  facet normal 0.473615 -0.128274 0.871341
    outer loop
      vertex -0.142587 -4.75894 4.20608
      vertex -0.675891 -4.63644 4.51399
      vertex -0.179622 -4.96422 4.19599
    endloop
  endfacet
  facet normal 0.473592 -0.128316 0.871347
    outer loop
      vertex -0.675891 -4.63644 4.51399
      vertex -0.73593 -4.83644 4.51717
      vertex -0.179622 -4.96422 4.19599
    endloop
  endfacet
  facet normal 0.517803 0.128285 0.845827
    outer loop
      vertex -0.132812 -4.55365 4.16896
      vertex -0.64311 -4.43644 4.46358
      vertex -0.142587 -4.75894 4.20608
    endloop
  endfacet
  facet normal 0.517816 0.128315 0.845814
    outer loop
      vertex -0.64311 -4.43644 4.46358
      vertex -0.675891 -4.63644 4.51399
      vertex -0.142587 -4.75894 4.20608
    endloop
  endfacet
  facet normal 0.526567 0.376005 0.762461
    outer loop
      vertex -0.150961 -4.36236 4.08716
      vertex -0.639823 -4.25007 4.3694
      vertex -0.132812 -4.55365 4.16896
    endloop
  endfacet
  facet normal 0.526569 0.376012 0.762456
    outer loop
      vertex -0.639823 -4.25007 4.3694
      vertex -0.64311 -4.43644 4.46358
      vertex -0.132812 -4.55365 4.16896
    endloop
  endfacet
  facet normal 0.499358 0.597876 0.627045
    outer loop
      vertex -0.1958 -4.19809 3.96624
      vertex -0.666253 -4.09003 4.23786
      vertex -0.150961 -4.36236 4.08716
    endloop
  endfacet
  facet normal 0.499355 0.597861 0.627062
    outer loop
      vertex -0.666253 -4.09003 4.23786
      vertex -0.639823 -4.25007 4.3694
      vertex -0.150961 -4.36236 4.08716
    endloop
  endfacet
  facet normal 0.43812 0.778714 0.44906
    outer loop
      vertex -0.264271 -4.07204 3.81446
      vertex -0.720599 -3.96723 4.07792
      vertex -0.1958 -4.19809 3.96624
    endloop
  endfacet
  facet normal 0.438121 0.778731 0.449031
    outer loop
      vertex -0.720599 -3.96723 4.07792
      vertex -0.666253 -4.09003 4.23786
      vertex -0.1958 -4.19809 3.96624
    endloop
  endfacet
  facet normal 0.347132 0.90642 0.240629
    outer loop
      vertex -0.35171 -3.99281 3.64215
      vertex -0.799158 -3.89003 3.90048
      vertex -0.264271 -4.07204 3.81446
    endloop
  endfacet
  facet normal 0.347134 0.906409 0.240668
    outer loop
      vertex -0.799158 -3.89003 3.90048
      vertex -0.720599 -3.96723 4.07792
      vertex -0.264271 -4.07204 3.81446
    endloop
  endfacet
  facet normal 0.232654 0.972426 0.0160987
    outer loop
      vertex -0.452156 -3.96578 3.46105
      vertex -0.896575 -3.8637 3.71764
      vertex -0.35171 -3.99281 3.64215
    endloop
  endfacet
  facet normal 0.232652 0.972427 0.0160784
    outer loop
      vertex -0.896575 -3.8637 3.71764
      vertex -0.799158 -3.89003 3.90048
      vertex -0.35171 -3.99281 3.64215
    endloop
  endfacet
  facet normal 0.102391 0.972423 -0.209544
    outer loop
      vertex -0.558765 -3.99281 3.28352
      vertex -1.00621 -3.89003 3.54185
      vertex -0.452156 -3.96578 3.46105
    endloop
  endfacet
  facet normal 0.102396 0.97243 -0.209513
    outer loop
      vertex -1.00621 -3.89003 3.54185
      vertex -0.896575 -3.8637 3.71764
      vertex -0.452156 -3.96578 3.46105
    endloop
  endfacet
  facet normal -0.0348358 0.906423 -0.420932
    outer loop
      vertex -0.664271 -4.07204 3.12164
      vertex -1.1206 -3.96723 3.3851
      vertex -0.558765 -3.99281 3.28352
    endloop
  endfacet
  facet normal -0.0348451 0.906401 -0.420978
    outer loop
      vertex -1.1206 -3.96723 3.3851
      vertex -1.00621 -3.89003 3.54185
      vertex -0.558765 -3.99281 3.28352
    endloop
  endfacet
  facet normal -0.169818 0.778717 -0.603954
    outer loop
      vertex -0.761485 -4.19809 2.98645
      vertex -1.23194 -4.09003 3.25806
      vertex -0.664271 -4.07204 3.12164
    endloop
  endfacet
  facet normal -0.169812 0.778742 -0.603925
    outer loop
      vertex -1.23194 -4.09003 3.25806
      vertex -1.1206 -3.96723 3.3851
      vertex -0.664271 -4.07204 3.12164
    endloop
  endfacet
  facet normal -0.293362 0.597867 -0.745985
    outer loop
      vertex -0.843782 -4.36236 2.88716
      vertex -1.33264 -4.25007 3.1694
      vertex -0.761485 -4.19809 2.98645
    endloop
  endfacet
  facet normal -0.293363 0.597858 -0.745991
    outer loop
      vertex -1.33264 -4.25007 3.1694
      vertex -1.23194 -4.09003 3.25806
      vertex -0.761485 -4.19809 2.98645
    endloop
  endfacet
  facet normal -0.397017 0.37602 -0.837249
    outer loop
      vertex -0.905552 -4.55365 2.83054
      vertex -1.41585 -4.43644 3.12516
      vertex -0.843782 -4.36236 2.88716
    endloop
  endfacet
  facet normal -0.397018 0.376005 -0.837256
    outer loop
      vertex -1.41585 -4.43644 3.12516
      vertex -1.33264 -4.25007 3.1694
      vertex -0.843782 -4.36236 2.88716
    endloop
  endfacet
  facet normal -0.473608 0.128309 -0.87134
    outer loop
      vertex -0.942587 -4.75894 2.82044
      vertex -1.47589 -4.63644 3.12835
      vertex -0.905552 -4.55365 2.83054
    endloop
  endfacet
  facet normal -0.473606 0.128279 -0.871345
    outer loop
      vertex -1.47589 -4.63644 3.12835
      vertex -1.41585 -4.43644 3.12516
      vertex -0.905552 -4.55365 2.83054
    endloop
  endfacet
  facet normal -0.517811 -0.128287 -0.845822
    outer loop
      vertex -0.952363 -4.96422 2.85756
      vertex -1.50867 -4.83644 3.17875
      vertex -0.942587 -4.75894 2.82044
    endloop
  endfacet
  facet normal -0.517813 -0.128278 -0.845822
    outer loop
      vertex -1.50867 -4.83644 3.17875
      vertex -1.47589 -4.63644 3.12835
      vertex -0.942587 -4.75894 2.82044
    endloop
  endfacet
  facet normal -0.526566 -0.37604 -0.762445
    outer loop
      vertex -0.934213 -5.15551 2.93937
      vertex -1.51196 -5.02281 3.27293
      vertex -0.952363 -4.96422 2.85756
    endloop
  endfacet
  facet normal -0.526577 -0.376003 -0.762455
    outer loop
      vertex -1.51196 -5.02281 3.27293
      vertex -1.50867 -4.83644 3.17875
      vertex -0.952363 -4.96422 2.85756
    endloop
  endfacet
  facet normal -0.499357 -0.597854 -0.627068
    outer loop
      vertex -0.889374 -5.31978 3.06028
      vertex -1.48553 -5.18285 3.40447
      vertex -0.934213 -5.15551 2.93937
    endloop
  endfacet
  facet normal -0.499353 -0.597862 -0.627063
    outer loop
      vertex -1.48553 -5.18285 3.40447
      vertex -1.51196 -5.02281 3.27293
      vertex -0.934213 -5.15551 2.93937
    endloop
  endfacet
  facet normal -0.438113 -0.778727 -0.449045
    outer loop
      vertex -0.820903 -5.44583 3.21207
      vertex -1.43118 -5.30566 3.56441
      vertex -0.889374 -5.31978 3.06028
    endloop
  endfacet
  facet normal -0.438123 -0.778715 -0.449056
    outer loop
      vertex -1.43118 -5.30566 3.56441
      vertex -1.48553 -5.18285 3.40447
      vertex -0.889374 -5.31978 3.06028
    endloop
  endfacet
  facet normal -0.347122 -0.906422 -0.240637
    outer loop
      vertex -0.733465 -5.52506 3.38438
      vertex -1.35262 -5.38285 3.74185
      vertex -0.820903 -5.44583 3.21207
    endloop
  endfacet
  facet normal -0.347117 -0.906425 -0.240631
    outer loop
      vertex -1.35262 -5.38285 3.74185
      vertex -1.43118 -5.30566 3.56441
      vertex -0.820903 -5.44583 3.21207
    endloop
  endfacet
  facet normal -0.23265 -0.972427 -0.0161007
    outer loop
      vertex -0.633018 -5.55209 3.56547
      vertex -1.25521 -5.40918 3.92469
      vertex -0.733465 -5.52506 3.38438
    endloop
  endfacet
  facet normal -0.232642 -0.972429 -0.0160925
    outer loop
      vertex -1.25521 -5.40918 3.92469
      vertex -1.35262 -5.38285 3.74185
      vertex -0.733465 -5.52506 3.38438
    endloop
  endfacet
  facet normal -0.210878 -0.938864 0.272148
    outer loop
      vertex -1.14557 -5.38285 4.10048
      vertex -1.74335 -5.14854 4.44561
      vertex -1.25521 -5.40918 3.92469
    endloop
  endfacet
  facet normal -0.210851 -0.938863 0.272174
    outer loop
      vertex -1.74335 -5.14854 4.44561
      vertex -1.85592 -5.17373 4.27151
      vertex -1.25521 -5.40918 3.92469
    endloop
  endfacet
  facet normal -0.0662889 -0.875131 0.479325
    outer loop
      vertex -1.03118 -5.30566 4.25723
      vertex -1.6204 -5.0747 4.59742
      vertex -1.14557 -5.38285 4.10048
    endloop
  endfacet
  facet normal -0.0662751 -0.875126 0.479335
    outer loop
      vertex -1.6204 -5.0747 4.59742
      vertex -1.74335 -5.14854 4.44561
      vertex -1.14557 -5.38285 4.10048
    endloop
  endfacet
  facet normal 0.0829593 -0.751842 0.654103
    outer loop
      vertex -0.919843 -5.18285 4.38427
      vertex -1.49542 -4.95725 4.71658
      vertex -1.03118 -5.30566 4.25723
    endloop
  endfacet
  facet normal 0.0829312 -0.751859 0.654088
    outer loop
      vertex -1.49542 -4.95725 4.71658
      vertex -1.6204 -5.0747 4.59742
      vertex -1.03118 -5.30566 4.25723
    endloop
  endfacet
  facet normal 0.226674 -0.577231 0.784489
    outer loop
      vertex -0.819138 -5.02281 4.47293
      vertex -1.37694 -4.80417 4.79498
      vertex -0.919843 -5.18285 4.38427
    endloop
  endfacet
  facet normal 0.226682 -0.577224 0.784492
    outer loop
      vertex -1.37694 -4.80417 4.79498
      vertex -1.49542 -4.95725 4.71658
      vertex -0.919843 -5.18285 4.38427
    endloop
  endfacet
  facet normal 0.355081 -0.363025 0.86147
    outer loop
      vertex -0.73593 -4.83644 4.51717
      vertex -1.27304 -4.62592 4.82727
      vertex -0.819138 -5.02281 4.47293
    endloop
  endfacet
  facet normal 0.355079 -0.363027 0.86147
    outer loop
      vertex -1.27304 -4.62592 4.82727
      vertex -1.37694 -4.80417 4.79498
      vertex -0.819138 -5.02281 4.47293
    endloop
  endfacet
  facet normal 0.459274 -0.123886 0.879613
    outer loop
      vertex -0.675891 -4.63644 4.51399
      vertex -1.19079 -4.43462 4.81126
      vertex -0.73593 -4.83644 4.51717
    endloop
  endfacet
  facet normal 0.459293 -0.12386 0.879607
    outer loop
      vertex -1.19079 -4.43462 4.81126
      vertex -1.27304 -4.62592 4.82727
      vertex -0.73593 -4.83644 4.51717
    endloop
  endfacet
  facet normal 0.532123 0.123888 0.837554
    outer loop
      vertex -0.64311 -4.43644 4.46358
      vertex -1.13579 -4.24333 4.74803
      vertex -0.675891 -4.63644 4.51399
    endloop
  endfacet
  facet normal 0.532107 0.123862 0.837568
    outer loop
      vertex -1.13579 -4.24333 4.74803
      vertex -1.19079 -4.43462 4.81126
      vertex -0.675891 -4.63644 4.51399
    endloop
  endfacet
  facet normal 0.568515 0.363034 0.738239
    outer loop
      vertex -0.639823 -4.25007 4.3694
      vertex -1.11181 -4.06507 4.6419
      vertex -0.64311 -4.43644 4.46358
    endloop
  endfacet
  facet normal 0.568518 0.363041 0.738234
    outer loop
      vertex -1.11181 -4.06507 4.6419
      vertex -1.13579 -4.24333 4.74803
      vertex -0.64311 -4.43644 4.46358
    endloop
  endfacet
  facet normal 0.566045 0.577228 0.588558
    outer loop
      vertex -0.666253 -4.09003 4.23786
      vertex -1.12047 -3.912 4.5001
      vertex -0.639823 -4.25007 4.3694
    endloop
  endfacet
  facet normal 0.566049 0.577237 0.588546
    outer loop
      vertex -1.12047 -3.912 4.5001
      vertex -1.11181 -4.06507 4.6419
      vertex -0.639823 -4.25007 4.3694
    endloop
  endfacet
  facet normal 0.524983 0.751855 0.398882
    outer loop
      vertex -0.720599 -3.96723 4.07792
      vertex -1.16118 -3.79454 4.33228
      vertex -0.666253 -4.09003 4.23786
    endloop
  endfacet
  facet normal 0.524983 0.751854 0.398884
    outer loop
      vertex -1.16118 -3.79454 4.33228
      vertex -1.12047 -3.912 4.5001
      vertex -0.666253 -4.09003 4.23786
    endloop
  endfacet
  facet normal 0.44826 0.87512 0.182284
    outer loop
      vertex -0.799158 -3.89003 3.90048
      vertex -1.23116 -3.7207 4.1499
      vertex -0.720599 -3.96723 4.07792
    endloop
  endfacet
  facet normal 0.448261 0.875115 0.182307
    outer loop
      vertex -1.23116 -3.7207 4.1499
      vertex -1.16118 -3.79454 4.33228
      vertex -0.720599 -3.96723 4.07792
    endloop
  endfacet
  facet normal 0.341123 0.938866 -0.0465478
    outer loop
      vertex -0.896575 -3.8637 3.71764
      vertex -1.32565 -3.69552 3.96537
      vertex -0.799158 -3.89003 3.90048
    endloop
  endfacet
  facet normal 0.341121 0.938866 -0.0465609
    outer loop
      vertex -1.32565 -3.69552 3.96537
      vertex -1.23116 -3.7207 4.1499
      vertex -0.799158 -3.89003 3.90048
    endloop
  endfacet
  facet normal 0.210876 0.938866 -0.272142
    outer loop
      vertex -1.00621 -3.89003 3.54185
      vertex -1.43822 -3.7207 3.79127
      vertex -0.896575 -3.8637 3.71764
    endloop
  endfacet
  facet normal 0.210877 0.938867 -0.272137
    outer loop
      vertex -1.43822 -3.7207 3.79127
      vertex -1.32565 -3.69552 3.96537
      vertex -0.896575 -3.8637 3.71764
    endloop
  endfacet
  facet normal 0.0662647 0.875116 -0.479355
    outer loop
      vertex -1.1206 -3.96723 3.3851
      vertex -1.56118 -3.79454 3.63946
      vertex -1.00621 -3.89003 3.54185
    endloop
  endfacet
  facet normal 0.0662701 0.875126 -0.479335
    outer loop
      vertex -1.56118 -3.79454 3.63946
      vertex -1.43822 -3.7207 3.79127
      vertex -1.00621 -3.89003 3.54185
    endloop
  endfacet
  facet normal -0.0829392 0.751864 -0.654081
    outer loop
      vertex -1.23194 -4.09003 3.25806
      vertex -1.68615 -3.912 3.5203
      vertex -1.1206 -3.96723 3.3851
    endloop
  endfacet
  facet normal -0.08295 0.751834 -0.654114
    outer loop
      vertex -1.68615 -3.912 3.5203
      vertex -1.56118 -3.79454 3.63946
      vertex -1.1206 -3.96723 3.3851
    endloop
  endfacet
  facet normal -0.226674 0.577226 -0.784493
    outer loop
      vertex -1.33264 -4.25007 3.1694
      vertex -1.80463 -4.06507 3.4419
      vertex -1.23194 -4.09003 3.25806
    endloop
  endfacet
  facet normal -0.226669 0.577245 -0.78448
    outer loop
      vertex -1.80463 -4.06507 3.4419
      vertex -1.68615 -3.912 3.5203
      vertex -1.23194 -4.09003 3.25806
    endloop
  endfacet
  facet normal -0.355079 0.363028 -0.861469
    outer loop
      vertex -1.41585 -4.43644 3.12516
      vertex -1.90853 -4.24333 3.40961
      vertex -1.33264 -4.25007 3.1694
    endloop
  endfacet
  facet normal -0.355082 0.36301 -0.861476
    outer loop
      vertex -1.90853 -4.24333 3.40961
      vertex -1.80463 -4.06507 3.4419
      vertex -1.33264 -4.25007 3.1694
    endloop
  endfacet
  facet normal -0.459287 0.123848 -0.879612
    outer loop
      vertex -1.47589 -4.63644 3.12835
      vertex -1.99079 -4.43462 3.42562
      vertex -1.41585 -4.43644 3.12516
    endloop
  endfacet
  facet normal -0.459285 0.123887 -0.879607
    outer loop
      vertex -1.99079 -4.43462 3.42562
      vertex -1.90853 -4.24333 3.40961
      vertex -1.41585 -4.43644 3.12516
    endloop
  endfacet
  facet normal -0.532112 -0.123853 -0.837566
    outer loop
      vertex -1.50867 -4.83644 3.17875
      vertex -2.04578 -4.62592 3.48885
      vertex -1.47589 -4.63644 3.12835
    endloop
  endfacet
  facet normal -0.532111 -0.12388 -0.837563
    outer loop
      vertex -2.04578 -4.62592 3.48885
      vertex -1.99079 -4.43462 3.42562
      vertex -1.47589 -4.63644 3.12835
    endloop
  endfacet
  facet normal -0.568522 -0.363025 -0.738239
    outer loop
      vertex -1.51196 -5.02281 3.27293
      vertex -2.06976 -4.80417 3.59498
      vertex -1.50867 -4.83644 3.17875
    endloop
  endfacet
  facet normal -0.568515 -0.363058 -0.738227
    outer loop
      vertex -2.06976 -4.80417 3.59498
      vertex -2.04578 -4.62592 3.48885
      vertex -1.50867 -4.83644 3.17875
    endloop
  endfacet
  facet normal -0.566054 -0.577225 -0.588553
    outer loop
      vertex -1.48553 -5.18285 3.40447
      vertex -2.0611 -4.95725 3.73678
      vertex -1.51196 -5.02281 3.27293
    endloop
  endfacet
  facet normal -0.566059 -0.577213 -0.58856
    outer loop
      vertex -2.0611 -4.95725 3.73678
      vertex -2.06976 -4.80417 3.59498
      vertex -1.51196 -5.02281 3.27293
    endloop
  endfacet
  facet normal -0.525004 -0.751835 -0.398892
    outer loop
      vertex -1.43118 -5.30566 3.56441
      vertex -2.0204 -5.0747 3.9046
      vertex -1.48553 -5.18285 3.40447
    endloop
  endfacet
  facet normal -0.524989 -0.751857 -0.398871
    outer loop
      vertex -2.0204 -5.0747 3.9046
      vertex -2.0611 -4.95725 3.73678
      vertex -1.48553 -5.18285 3.40447
    endloop
  endfacet
  facet normal -0.44824 -0.875138 -0.182249
    outer loop
      vertex -1.35262 -5.38285 3.74185
      vertex -1.95041 -5.14854 4.08698
      vertex -1.43118 -5.30566 3.56441
    endloop
  endfacet
  facet normal -0.448266 -0.875118 -0.182282
    outer loop
      vertex -1.95041 -5.14854 4.08698
      vertex -2.0204 -5.0747 3.9046
      vertex -1.43118 -5.30566 3.56441
    endloop
  endfacet
  facet normal -0.341124 -0.938866 0.0465354
    outer loop
      vertex -1.25521 -5.40918 3.92469
      vertex -1.85592 -5.17373 4.27151
      vertex -1.35262 -5.38285 3.74185
    endloop
  endfacet
  facet normal -0.341139 -0.938861 0.0465197
    outer loop
      vertex -1.85592 -5.17373 4.27151
      vertex -1.95041 -5.14854 4.08698
      vertex -1.35262 -5.38285 3.74185
    endloop
  endfacet
  facet normal -0.314617 -0.889233 0.332086
    outer loop
      vertex -1.74335 -5.14854 4.44561
      vertex -2.30954 -4.82614 4.7725
      vertex -1.85592 -5.17373 4.27151
    endloop
  endfacet
  facet normal -0.314669 -0.889232 0.332039
    outer loop
      vertex -2.30954 -4.82614 4.7725
      vertex -2.42487 -4.84974 4.6
      vertex -1.85592 -5.17373 4.27151
    endloop
  endfacet
  facet normal -0.163002 -0.828867 0.535173
    outer loop
      vertex -1.6204 -5.0747 4.59742
      vertex -2.17846 -4.75692 4.91962
      vertex -1.74335 -5.14854 4.44561
    endloop
  endfacet
  facet normal -0.162979 -0.828861 0.535189
    outer loop
      vertex -2.17846 -4.75692 4.91962
      vertex -2.30954 -4.82614 4.7725
      vertex -1.74335 -5.14854 4.44561
    endloop
  endfacet
  facet normal -0.000168139 -0.71211 0.702068
    outer loop
      vertex -1.49542 -4.95725 4.71658
      vertex -2.04057 -4.64682 5.03132
      vertex -1.6204 -5.0747 4.59742
    endloop
  endfacet
  facet normal -0.000145443 -0.712099 0.702079
    outer loop
      vertex -2.04057 -4.64682 5.03132
      vertex -2.17846 -4.75692 4.91962
      vertex -1.6204 -5.0747 4.59742
    endloop
  endfacet
  facet normal 0.162876 -0.546707 0.82133
    outer loop
      vertex -1.37694 -4.80417 4.79498
      vertex -1.90526 -4.50333 5.1
      vertex -1.49542 -4.95725 4.71658
    endloop
  endfacet
  facet normal 0.162873 -0.546709 0.821329
    outer loop
      vertex -1.90526 -4.50333 5.1
      vertex -2.04057 -4.64682 5.03132
      vertex -1.49542 -4.95725 4.71658
    endloop
  endfacet
  facet normal 0.314959 -0.343838 0.884634
    outer loop
      vertex -1.27304 -4.62592 4.82727
      vertex -1.78175 -4.33624 5.12098
      vertex -1.37694 -4.80417 4.79498
    endloop
  endfacet
  facet normal 0.314928 -0.343865 0.884634
    outer loop
      vertex -1.78175 -4.33624 5.12098
      vertex -1.90526 -4.50333 5.1
      vertex -1.37694 -4.80417 4.79498
    endloop
  endfacet
  facet normal 0.445607 -0.117314 0.887509
    outer loop
      vertex -1.19079 -4.43462 4.81126
      vertex -1.67846 -4.15692 5.09282
      vertex -1.27304 -4.62592 4.82727
    endloop
  endfacet
  facet normal 0.445614 -0.117306 0.887506
    outer loop
      vertex -1.67846 -4.15692 5.09282
      vertex -1.78175 -4.33624 5.12098
      vertex -1.27304 -4.62592 4.82727
    endloop
  endfacet
  facet normal 0.54581 0.117307 0.829657
    outer loop
      vertex -1.13579 -4.24333 4.74803
      vertex -1.60243 -3.97761 5.01745
      vertex -1.19079 -4.43462 4.81126
    endloop
  endfacet
  facet normal 0.545807 0.117303 0.829659
    outer loop
      vertex -1.60243 -3.97761 5.01745
      vertex -1.67846 -4.15692 5.09282
      vertex -1.19079 -4.43462 4.81126
    endloop
  endfacet
  facet normal 0.608645 0.343849 0.715066
    outer loop
      vertex -1.11181 -4.06507 4.6419
      vertex -1.55885 -3.81051 4.9
      vertex -1.13579 -4.24333 4.74803
    endloop
  endfacet
  facet normal 0.60865 0.343857 0.715058
    outer loop
      vertex -1.55885 -3.81051 4.9
      vertex -1.60243 -3.97761 5.01745
      vertex -1.13579 -4.24333 4.74803
    endloop
  endfacet
  facet normal 0.629862 0.546717 0.551702
    outer loop
      vertex -1.12047 -3.912 4.5001
      vertex -1.55067 -3.66702 4.74848
      vertex -1.11181 -4.06507 4.6419
    endloop
  endfacet
  facet normal 0.629852 0.546699 0.55173
    outer loop
      vertex -1.55067 -3.66702 4.74848
      vertex -1.55885 -3.81051 4.9
      vertex -1.11181 -4.06507 4.6419
    endloop
  endfacet
  facet normal 0.608099 0.7121 0.350897
    outer loop
      vertex -1.16118 -3.79454 4.33228
      vertex -1.57846 -3.55692 4.5732
      vertex -1.12047 -3.912 4.5001
    endloop
  endfacet
  facet normal 0.6081 0.712104 0.350887
    outer loop
      vertex -1.57846 -3.55692 4.5732
      vertex -1.55067 -3.66702 4.74848
      vertex -1.12047 -3.912 4.5001
    endloop
  endfacet
  facet normal 0.544982 0.828855 0.126466
    outer loop
      vertex -1.23116 -3.7207 4.1499
      vertex -1.64033 -3.48771 4.38613
      vertex -1.16118 -3.79454 4.33228
    endloop
  endfacet
  facet normal 0.544981 0.828864 0.126411
    outer loop
      vertex -1.64033 -3.48771 4.38613
      vertex -1.57846 -3.55692 4.5732
      vertex -1.16118 -3.79454 4.33228
    endloop
  endfacet
  facet normal 0.444894 0.889232 -0.106471
    outer loop
      vertex -1.32565 -3.69552 3.96537
      vertex -1.73205 -3.4641 4.2
      vertex -1.23116 -3.7207 4.1499
    endloop
  endfacet
  facet normal 0.444898 0.889234 -0.106438
    outer loop
      vertex -1.73205 -3.4641 4.2
      vertex -1.64033 -3.48771 4.38613
      vertex -1.23116 -3.7207 4.1499
    endloop
  endfacet
  facet normal 0.314648 0.889234 -0.332055
    outer loop
      vertex -1.43822 -3.7207 3.79127
      vertex -1.84738 -3.48771 4.0275
      vertex -1.32565 -3.69552 3.96537
    endloop
  endfacet
  facet normal 0.314643 0.889229 -0.332073
    outer loop
      vertex -1.84738 -3.48771 4.0275
      vertex -1.73205 -3.4641 4.2
      vertex -1.32565 -3.69552 3.96537
    endloop
  endfacet
  facet normal 0.163003 0.828861 -0.535182
    outer loop
      vertex -1.56118 -3.79454 3.63946
      vertex -1.97846 -3.55692 3.88038
      vertex -1.43822 -3.7207 3.79127
    endloop
  endfacet
  facet normal 0.163009 0.828871 -0.535164
    outer loop
      vertex -1.97846 -3.55692 3.88038
      vertex -1.84738 -3.48771 4.0275
      vertex -1.43822 -3.7207 3.79127
    endloop
  endfacet
  facet normal 0.000147968 0.712091 -0.702087
    outer loop
      vertex -1.68615 -3.912 3.5203
      vertex -2.11635 -3.66702 3.76868
      vertex -1.56118 -3.79454 3.63946
    endloop
  endfacet
  facet normal 0.000150411 0.712096 -0.702082
    outer loop
      vertex -2.11635 -3.66702 3.76868
      vertex -1.97846 -3.55692 3.88038
      vertex -1.56118 -3.79454 3.63946
    endloop
  endfacet
  facet normal -0.162865 0.546728 -0.821318
    outer loop
      vertex -1.80463 -4.06507 3.4419
      vertex -2.25167 -3.81051 3.7
      vertex -1.68615 -3.912 3.5203
    endloop
  endfacet
  facet normal -0.16287 0.546715 -0.821326
    outer loop
      vertex -2.25167 -3.81051 3.7
      vertex -2.11635 -3.66702 3.76868
      vertex -1.68615 -3.912 3.5203
    endloop
  endfacet
  facet normal -0.314957 0.343819 -0.884641
    outer loop
      vertex -1.90853 -4.24333 3.40961
      vertex -2.37517 -3.97761 3.67902
      vertex -1.80463 -4.06507 3.4419
    endloop
  endfacet
  facet normal -0.314951 0.343842 -0.884635
    outer loop
      vertex -2.37517 -3.97761 3.67902
      vertex -2.25167 -3.81051 3.7
      vertex -1.80463 -4.06507 3.4419
    endloop
  endfacet
  facet normal -0.445595 0.117338 -0.887512
    outer loop
      vertex -1.99079 -4.43462 3.42562
      vertex -2.47846 -4.15692 3.70718
      vertex -1.90853 -4.24333 3.40961
    endloop
  endfacet
  facet normal -0.445601 0.117304 -0.887513
    outer loop
      vertex -2.47846 -4.15692 3.70718
      vertex -2.37517 -3.97761 3.67902
      vertex -1.90853 -4.24333 3.40961
    endloop
  endfacet
  facet normal -0.545808 -0.11733 -0.829655
    outer loop
      vertex -2.04578 -4.62592 3.48885
      vertex -2.55449 -4.33624 3.78255
      vertex -1.99079 -4.43462 3.42562
    endloop
  endfacet
  facet normal -0.545806 -0.117298 -0.829661
    outer loop
      vertex -2.55449 -4.33624 3.78255
      vertex -2.47846 -4.15692 3.70718
      vertex -1.99079 -4.43462 3.42562
    endloop
  endfacet
  facet normal -0.60864 -0.343867 -0.715061
    outer loop
      vertex -2.06976 -4.80417 3.59498
      vertex -2.59808 -4.50333 3.9
      vertex -2.04578 -4.62592 3.48885
    endloop
  endfacet
  facet normal -0.608642 -0.343851 -0.715068
    outer loop
      vertex -2.59808 -4.50333 3.9
      vertex -2.55449 -4.33624 3.78255
      vertex -2.04578 -4.62592 3.48885
    endloop
  endfacet
  facet normal -0.629852 -0.546703 -0.551727
    outer loop
      vertex -2.0611 -4.95725 3.73678
      vertex -2.60625 -4.64682 4.05152
      vertex -2.06976 -4.80417 3.59498
    endloop
  endfacet
  facet normal -0.629846 -0.546725 -0.551712
    outer loop
      vertex -2.60625 -4.64682 4.05152
      vertex -2.59808 -4.50333 3.9
      vertex -2.06976 -4.80417 3.59498
    endloop
  endfacet
  facet normal -0.608089 -0.712108 -0.350899
    outer loop
      vertex -2.0204 -5.0747 3.9046
      vertex -2.57846 -4.75692 4.22679
      vertex -2.0611 -4.95725 3.73678
    endloop
  endfacet
  facet normal -0.608093 -0.712101 -0.350907
    outer loop
      vertex -2.57846 -4.75692 4.22679
      vertex -2.60625 -4.64682 4.05152
      vertex -2.0611 -4.95725 3.73678
    endloop
  endfacet
  facet normal -0.544974 -0.828864 -0.126443
    outer loop
      vertex -1.95041 -5.14854 4.08698
      vertex -2.5166 -4.82614 4.41387
      vertex -2.0204 -5.0747 3.9046
    endloop
  endfacet
  facet normal -0.544992 -0.828848 -0.126468
    outer loop
      vertex -2.5166 -4.82614 4.41387
      vertex -2.57846 -4.75692 4.22679
      vertex -2.0204 -5.0747 3.9046
    endloop
  endfacet
  facet normal -0.444918 -0.889224 0.106437
    outer loop
      vertex -1.85592 -5.17373 4.27151
      vertex -2.42487 -4.84974 4.6
      vertex -1.95041 -5.14854 4.08698
    endloop
  endfacet
  facet normal -0.444868 -0.889242 0.106494
    outer loop
      vertex -2.42487 -4.84974 4.6
      vertex -2.5166 -4.82614 4.41387
      vertex -1.95041 -5.14854 4.08698
    endloop
  endfacet
  facet normal -0.411935 -0.824386 0.388197
    outer loop
      vertex -2.30954 -4.82614 4.7725
      vertex -2.83444 -4.42115 5.07555
      vertex -2.42487 -4.84974 4.6
    endloop
  endfacet
  facet normal -0.411902 -0.824388 0.388228
    outer loop
      vertex -2.83444 -4.42115 5.07555
      vertex -2.95234 -4.44278 4.90453
      vertex -2.42487 -4.84974 4.6
    endloop
  endfacet
  facet normal -0.253651 -0.768416 0.587536
    outer loop
      vertex -2.17846 -4.75692 4.91962
      vertex -2.69583 -4.35775 5.21832
      vertex -2.30954 -4.82614 4.7725
    endloop
  endfacet
  facet normal -0.253677 -0.76842 0.587519
    outer loop
      vertex -2.69583 -4.35775 5.21832
      vertex -2.83444 -4.42115 5.07555
      vertex -2.30954 -4.82614 4.7725
    endloop
  endfacet
  facet normal -0.0780441 -0.660167 0.747053
    outer loop
      vertex -2.04057 -4.64682 5.03132
      vertex -2.54596 -4.25688 5.32311
      vertex -2.17846 -4.75692 4.91962
    endloop
  endfacet
  facet normal -0.078028 -0.660161 0.747061
    outer loop
      vertex -2.54596 -4.25688 5.32311
      vertex -2.69583 -4.35775 5.21832
      vertex -2.17846 -4.75692 4.91962
    endloop
  endfacet
  facet normal 0.103078 -0.506846 0.855852
    outer loop
      vertex -1.90526 -4.50333 5.1
      vertex -2.39504 -4.12544 5.38278
      vertex -2.04057 -4.64682 5.03132
    endloop
  endfacet
  facet normal 0.103055 -0.506859 0.855847
    outer loop
      vertex -2.39504 -4.12544 5.38278
      vertex -2.54596 -4.25688 5.32311
      vertex -2.04057 -4.64682 5.03132
    endloop
  endfacet
  facet normal 0.27731 -0.318785 0.906353
    outer loop
      vertex -1.78175 -4.33624 5.12098
      vertex -2.25336 -3.97236 5.39326
      vertex -1.90526 -4.50333 5.1
    endloop
  endfacet
  facet normal 0.277358 -0.318752 0.90635
    outer loop
      vertex -2.25336 -3.97236 5.39326
      vertex -2.39504 -4.12544 5.38278
      vertex -1.90526 -4.50333 5.1
    endloop
  endfacet
  facet normal 0.432782 -0.108751 0.894915
    outer loop
      vertex -1.67846 -4.15692 5.09282
      vertex -2.13057 -3.8081 5.35385
      vertex -1.78175 -4.33624 5.12098
    endloop
  endfacet
  facet normal 0.432748 -0.108779 0.894928
    outer loop
      vertex -2.13057 -3.8081 5.35385
      vertex -2.25336 -3.97236 5.39326
      vertex -1.78175 -4.33624 5.12098
    endloop
  endfacet
  facet normal 0.558638 0.10875 0.822252
    outer loop
      vertex -1.60243 -3.97761 5.01745
      vertex -2.03504 -3.64383 5.26722
      vertex -1.67846 -4.15692 5.09282
    endloop
  endfacet
  facet normal 0.55864 0.108752 0.82225
    outer loop
      vertex -2.03504 -3.64383 5.26722
      vertex -2.13057 -3.8081 5.35385
      vertex -1.67846 -4.15692 5.09282
    endloop
  endfacet
  facet normal 0.646271 0.318778 0.693336
    outer loop
      vertex -1.55885 -3.81051 4.9
      vertex -1.97328 -3.49075 5.13928
      vertex -1.60243 -3.97761 5.01745
    endloop
  endfacet
  facet normal 0.646254 0.31876 0.69336
    outer loop
      vertex -1.97328 -3.49075 5.13928
      vertex -2.03504 -3.64383 5.26722
      vertex -1.60243 -3.97761 5.01745
    endloop
  endfacet
  facet normal 0.689646 0.506838 0.517208
    outer loop
      vertex -1.55067 -3.66702 4.74848
      vertex -1.9495 -3.35931 4.97874
      vertex -1.55885 -3.81051 4.9
    endloop
  endfacet
  facet normal 0.689668 0.506868 0.517148
    outer loop
      vertex -1.9495 -3.35931 4.97874
      vertex -1.97328 -3.49075 5.13928
      vertex -1.55885 -3.81051 4.9
    endloop
  endfacet
  facet normal 0.685986 0.660178 0.305922
    outer loop
      vertex -1.57846 -3.55692 4.5732
      vertex -1.96532 -3.25844 4.79656
      vertex -1.55067 -3.66702 4.74848
    endloop
  endfacet
  facet normal 0.685981 0.660168 0.305955
    outer loop
      vertex -1.96532 -3.25844 4.79656
      vertex -1.9495 -3.35931 4.97874
      vertex -1.55067 -3.66702 4.74848
    endloop
  endfacet
  facet normal 0.635646 0.76842 0.0740628
    outer loop
      vertex -1.64033 -3.48771 4.38613
      vertex -2.01965 -3.19504 4.60513
      vertex -1.57846 -3.55692 4.5732
    endloop
  endfacet
  facet normal 0.635646 0.768417 0.0740899
    outer loop
      vertex -2.01965 -3.19504 4.60513
      vertex -1.96532 -3.25844 4.79656
      vertex -1.57846 -3.55692 4.5732
    endloop
  endfacet
  facet normal 0.542177 0.824382 -0.162601
    outer loop
      vertex -1.73205 -3.4641 4.2
      vertex -2.10881 -3.17341 4.41752
      vertex -1.64033 -3.48771 4.38613
    endloop
  endfacet
  facet normal 0.542175 0.82438 -0.162619
    outer loop
      vertex -2.10881 -3.17341 4.41752
      vertex -2.01965 -3.19504 4.60513
      vertex -1.64033 -3.48771 4.38613
    endloop
  endfacet
  facet normal 0.411911 0.824383 -0.388228
    outer loop
      vertex -1.84738 -3.48771 4.0275
      vertex -2.22671 -3.19504 4.2465
      vertex -1.73205 -3.4641 4.2
    endloop
  endfacet
  facet normal 0.41191 0.824382 -0.388233
    outer loop
      vertex -2.22671 -3.19504 4.2465
      vertex -2.10881 -3.17341 4.41752
      vertex -1.73205 -3.4641 4.2
    endloop
  endfacet
  facet normal 0.253671 0.76843 -0.587508
    outer loop
      vertex -1.97846 -3.55692 3.88038
      vertex -2.36532 -3.25844 4.10374
      vertex -1.84738 -3.48771 4.0275
    endloop
  endfacet
  facet normal 0.253658 0.768412 -0.587538
    outer loop
      vertex -2.36532 -3.25844 4.10374
      vertex -2.22671 -3.19504 4.2465
      vertex -1.84738 -3.48771 4.0275
    endloop
  endfacet
  facet normal 0.078029 0.660178 -0.747045
    outer loop
      vertex -2.11635 -3.66702 3.76868
      vertex -2.51519 -3.35931 3.99895
      vertex -1.97846 -3.55692 3.88038
    endloop
  endfacet
  facet normal 0.0780221 0.660166 -0.747057
    outer loop
      vertex -2.51519 -3.35931 3.99895
      vertex -2.36532 -3.25844 4.10374
      vertex -1.97846 -3.55692 3.88038
    endloop
  endfacet
  facet normal -0.103075 0.50685 -0.85585
    outer loop
      vertex -2.25167 -3.81051 3.7
      vertex -2.6661 -3.49075 3.93928
      vertex -2.11635 -3.66702 3.76868
    endloop
  endfacet
  facet normal -0.103068 0.506864 -0.855842
    outer loop
      vertex -2.6661 -3.49075 3.93928
      vertex -2.51519 -3.35931 3.99895
      vertex -2.11635 -3.66702 3.76868
    endloop
  endfacet
  facet normal -0.277339 0.318771 -0.906349
    outer loop
      vertex -2.37517 -3.97761 3.67902
      vertex -2.80778 -3.64383 3.92879
      vertex -2.25167 -3.81051 3.7
    endloop
  endfacet
  facet normal -0.277332 0.318787 -0.906345
    outer loop
      vertex -2.80778 -3.64383 3.92879
      vertex -2.6661 -3.49075 3.93928
      vertex -2.25167 -3.81051 3.7
    endloop
  endfacet
  facet normal -0.432779 0.108755 -0.894916
    outer loop
      vertex -2.47846 -4.15692 3.70718
      vertex -2.93057 -3.8081 3.96821
      vertex -2.37517 -3.97761 3.67902
    endloop
  endfacet
  facet normal -0.432782 0.108746 -0.894916
    outer loop
      vertex -2.93057 -3.8081 3.96821
      vertex -2.80778 -3.64383 3.92879
      vertex -2.37517 -3.97761 3.67902
    endloop
  endfacet
  facet normal -0.55864 -0.108743 -0.822251
    outer loop
      vertex -2.55449 -4.33624 3.78255
      vertex -3.0261 -3.97236 4.05484
      vertex -2.47846 -4.15692 3.70718
    endloop
  endfacet
  facet normal -0.558642 -0.108756 -0.822248
    outer loop
      vertex -3.0261 -3.97236 4.05484
      vertex -2.93057 -3.8081 3.96821
      vertex -2.47846 -4.15692 3.70718
    endloop
  endfacet
  facet normal -0.646253 -0.318775 -0.693353
    outer loop
      vertex -2.59808 -4.50333 3.9
      vertex -3.08787 -4.12544 4.18278
      vertex -2.55449 -4.33624 3.78255
    endloop
  endfacet
  facet normal -0.646252 -0.318731 -0.693375
    outer loop
      vertex -3.08787 -4.12544 4.18278
      vertex -3.0261 -3.97236 4.05484
      vertex -2.55449 -4.33624 3.78255
    endloop
  endfacet
  facet normal -0.689654 -0.506855 -0.51718
    outer loop
      vertex -2.60625 -4.64682 4.05152
      vertex -3.11165 -4.25688 4.34331
      vertex -2.59808 -4.50333 3.9
    endloop
  endfacet
  facet normal -0.689653 -0.506863 -0.517174
    outer loop
      vertex -3.11165 -4.25688 4.34331
      vertex -3.08787 -4.12544 4.18278
      vertex -2.59808 -4.50333 3.9
    endloop
  endfacet
  facet normal -0.685984 -0.660173 -0.305937
    outer loop
      vertex -2.57846 -4.75692 4.22679
      vertex -3.09583 -4.35775 4.5255
      vertex -2.60625 -4.64682 4.05152
    endloop
  endfacet
  facet normal -0.685985 -0.660171 -0.305939
    outer loop
      vertex -3.09583 -4.35775 4.5255
      vertex -3.11165 -4.25688 4.34331
      vertex -2.60625 -4.64682 4.05152
    endloop
  endfacet
  facet normal -0.635666 -0.768397 -0.0741188
    outer loop
      vertex -2.5166 -4.82614 4.41387
      vertex -3.04149 -4.42115 4.71692
      vertex -2.57846 -4.75692 4.22679
    endloop
  endfacet
  facet normal -0.635635 -0.768429 -0.0740674
    outer loop
      vertex -3.04149 -4.42115 4.71692
      vertex -3.09583 -4.35775 4.5255
      vertex -2.57846 -4.75692 4.22679
    endloop
  endfacet
  facet normal -0.54214 -0.824395 0.162654
    outer loop
      vertex -2.42487 -4.84974 4.6
      vertex -2.95234 -4.44278 4.90453
      vertex -2.5166 -4.82614 4.41387
    endloop
  endfacet
  facet normal -0.542188 -0.824375 0.162597
    outer loop
      vertex -2.95234 -4.44278 4.90453
      vertex -3.04149 -4.42115 4.71692
      vertex -2.5166 -4.82614 4.41387
    endloop
  endfacet
  facet normal -0.501011 -0.745436 0.439674
    outer loop
      vertex -2.83444 -4.42115 5.07555
      vertex -3.30907 -3.94052 5.34958
      vertex -2.95234 -4.44278 4.90453
    endloop
  endfacet
  facet normal -0.501012 -0.745436 0.439673
    outer loop
      vertex -3.30907 -3.94052 5.34958
      vertex -3.42929 -3.9598 5.1799
      vertex -2.95234 -4.44278 4.90453
    endloop
  endfacet
  facet normal -0.336729 -0.694831 0.635471
    outer loop
      vertex -2.69583 -4.35775 5.21832
      vertex -3.16365 -3.88401 5.48842
      vertex -2.83444 -4.42115 5.07555
    endloop
  endfacet
  facet normal -0.336716 -0.694829 0.63548
    outer loop
      vertex -3.16365 -3.88401 5.48842
      vertex -3.30907 -3.94052 5.34958
      vertex -2.83444 -4.42115 5.07555
    endloop
  endfacet
  facet normal -0.149387 -0.596936 0.788258
    outer loop
      vertex -2.54596 -4.25688 5.32311
      vertex -3.00296 -3.79411 5.58695
      vertex -2.69583 -4.35775 5.21832
    endloop
  endfacet
  facet normal -0.149376 -0.596933 0.788263
    outer loop
      vertex -3.00296 -3.79411 5.58695
      vertex -3.16365 -3.88401 5.48842
      vertex -2.69583 -4.35775 5.21832
    endloop
  endfacet
  facet normal 0.0482755 -0.458319 0.887476
    outer loop
      vertex -2.39504 -4.12544 5.38278
      vertex -2.83793 -3.67696 5.63848
      vertex -2.54596 -4.25688 5.32311
    endloop
  endfacet
  facet normal 0.0482463 -0.458331 0.887471
    outer loop
      vertex -2.83793 -3.67696 5.63848
      vertex -3.00296 -3.79411 5.58695
      vertex -2.54596 -4.25688 5.32311
    endloop
  endfacet
  facet normal 0.2429 -0.288222 0.926244
    outer loop
      vertex -2.25336 -3.97236 5.39326
      vertex -2.67981 -3.54052 5.63947
      vertex -2.39504 -4.12544 5.38278
    endloop
  endfacet
  facet normal 0.242903 -0.288221 0.926244
    outer loop
      vertex -2.67981 -3.54052 5.63947
      vertex -2.83793 -3.67696 5.63848
      vertex -2.39504 -4.12544 5.38278
    endloop
  endfacet
  facet normal 0.420993 -0.0983632 0.901715
    outer loop
      vertex -2.13057 -3.8081 5.35385
      vertex -2.53939 -3.39411 5.58988
      vertex -2.25336 -3.97236 5.39326
    endloop
  endfacet
  facet normal 0.420999 -0.0983593 0.901712
    outer loop
      vertex -2.53939 -3.39411 5.58988
      vertex -2.67981 -3.54052 5.63947
      vertex -2.25336 -3.97236 5.39326
    endloop
  endfacet
  facet normal 0.570385 0.0983455 0.815469
    outer loop
      vertex -2.03504 -3.64383 5.26722
      vertex -2.42622 -3.2477 5.49306
      vertex -2.13057 -3.8081 5.35385
    endloop
  endfacet
  facet normal 0.5704 0.0983565 0.815457
    outer loop
      vertex -2.42622 -3.2477 5.49306
      vertex -2.53939 -3.39411 5.58988
      vertex -2.13057 -3.8081 5.35385
    endloop
  endfacet
  facet normal 0.680694 0.288246 0.673475
    outer loop
      vertex -1.97328 -3.49075 5.13928
      vertex -2.34803 -3.11127 5.35563
      vertex -2.03504 -3.64383 5.26722
    endloop
  endfacet
  facet normal 0.680712 0.288261 0.673451
    outer loop
      vertex -2.34803 -3.11127 5.35563
      vertex -2.42622 -3.2477 5.49306
      vertex -2.03504 -3.64383 5.26722
    endloop
  endfacet
  facet normal 0.74445 0.458327 0.485521
    outer loop
      vertex -1.9495 -3.35931 4.97874
      vertex -2.31013 -2.99411 5.18695
      vertex -1.97328 -3.49075 5.13928
    endloop
  endfacet
  facet normal 0.744424 0.458302 0.485584
    outer loop
      vertex -2.31013 -2.99411 5.18695
      vertex -2.34803 -3.11127 5.35563
      vertex -1.97328 -3.49075 5.13928
    endloop
  endfacet
  facet normal 0.757349 0.596935 0.264747
    outer loop
      vertex -1.96532 -3.25844 4.79656
      vertex -2.31512 -2.90421 4.99852
      vertex -1.9495 -3.35931 4.97874
    endloop
  endfacet
  facet normal 0.75735 0.596936 0.264742
    outer loop
      vertex -2.31512 -2.90421 4.99852
      vertex -2.31013 -2.99411 5.18695
      vertex -1.9495 -3.35931 4.97874
    endloop
  endfacet
  facet normal 0.718707 0.694822 0.0261419
    outer loop
      vertex -2.01965 -3.19504 4.60513
      vertex -2.36265 -2.8477 4.80317
      vertex -1.96532 -3.25844 4.79656
    endloop
  endfacet
  facet normal 0.718707 0.694822 0.0261287
    outer loop
      vertex -2.36265 -2.8477 4.80317
      vertex -2.31512 -2.90421 4.99852
      vertex -1.96532 -3.25844 4.79656
    endloop
  endfacet
  facet normal 0.631265 0.745442 -0.214059
    outer loop
      vertex -2.10881 -3.17341 4.41752
      vertex -2.44949 -2.82843 4.61421
      vertex -2.01965 -3.19504 4.60513
    endloop
  endfacet
  facet normal 0.63126 0.745437 -0.214088
    outer loop
      vertex -2.44949 -2.82843 4.61421
      vertex -2.36265 -2.8477 4.80317
      vertex -2.01965 -3.19504 4.60513
    endloop
  endfacet
  facet normal 0.501011 0.745436 -0.439674
    outer loop
      vertex -2.22671 -3.19504 4.2465
      vertex -2.56971 -2.8477 4.44454
      vertex -2.10881 -3.17341 4.41752
    endloop
  endfacet
  facet normal 0.501016 0.745442 -0.439658
    outer loop
      vertex -2.56971 -2.8477 4.44454
      vertex -2.44949 -2.82843 4.61421
      vertex -2.10881 -3.17341 4.41752
    endloop
  endfacet
  facet normal 0.336711 0.694819 -0.635494
    outer loop
      vertex -2.36532 -3.25844 4.10374
      vertex -2.71512 -2.90421 4.3057
      vertex -2.22671 -3.19504 4.2465
    endloop
  endfacet
  facet normal 0.336724 0.694836 -0.635468
    outer loop
      vertex -2.71512 -2.90421 4.3057
      vertex -2.56971 -2.8477 4.44454
      vertex -2.22671 -3.19504 4.2465
    endloop
  endfacet
  facet normal 0.149392 0.596931 -0.788261
    outer loop
      vertex -2.51519 -3.35931 3.99895
      vertex -2.87582 -2.99411 4.20716
      vertex -2.36532 -3.25844 4.10374
    endloop
  endfacet
  facet normal 0.149402 0.596944 -0.788249
    outer loop
      vertex -2.87582 -2.99411 4.20716
      vertex -2.71512 -2.90421 4.3057
      vertex -2.36532 -3.25844 4.10374
    endloop
  endfacet
  facet normal -0.0482669 0.458308 -0.887482
    outer loop
      vertex -2.6661 -3.49075 3.93928
      vertex -3.04085 -3.11127 4.15563
      vertex -2.51519 -3.35931 3.99895
    endloop
  endfacet
  facet normal -0.0482616 0.458316 -0.887478
    outer loop
      vertex -3.04085 -3.11127 4.15563
      vertex -2.87582 -2.99411 4.20716
      vertex -2.51519 -3.35931 3.99895
    endloop
  endfacet
  facet normal -0.242869 0.288254 -0.926242
    outer loop
      vertex -2.80778 -3.64383 3.92879
      vertex -3.19896 -3.2477 4.15464
      vertex -2.6661 -3.49075 3.93928
    endloop
  endfacet
  facet normal -0.242892 0.288211 -0.926249
    outer loop
      vertex -3.19896 -3.2477 4.15464
      vertex -3.04085 -3.11127 4.15563
      vertex -2.6661 -3.49075 3.93928
    endloop
  endfacet
  facet normal -0.421023 0.0983275 -0.901705
    outer loop
      vertex -2.93057 -3.8081 3.96821
      vertex -3.33939 -3.39411 4.20424
      vertex -2.80778 -3.64383 3.92879
    endloop
  endfacet
  facet normal -0.421016 0.0983447 -0.901706
    outer loop
      vertex -3.33939 -3.39411 4.20424
      vertex -3.19896 -3.2477 4.15464
      vertex -2.80778 -3.64383 3.92879
    endloop
  endfacet
  facet normal -0.570393 -0.0983438 -0.815463
    outer loop
      vertex -3.0261 -3.97236 4.05484
      vertex -3.45255 -3.54052 4.30105
      vertex -2.93057 -3.8081 3.96821
    endloop
  endfacet
  facet normal -0.570394 -0.0983477 -0.815462
    outer loop
      vertex -3.45255 -3.54052 4.30105
      vertex -3.33939 -3.39411 4.20424
      vertex -2.93057 -3.8081 3.96821
    endloop
  endfacet
  facet normal -0.680698 -0.288211 -0.673487
    outer loop
      vertex -3.08787 -4.12544 4.18278
      vertex -3.53075 -3.67696 4.43848
      vertex -3.0261 -3.97236 4.05484
    endloop
  endfacet
  facet normal -0.6807 -0.288225 -0.673479
    outer loop
      vertex -3.53075 -3.67696 4.43848
      vertex -3.45255 -3.54052 4.30105
      vertex -3.0261 -3.97236 4.05484
    endloop
  endfacet
  facet normal -0.744445 -0.458315 -0.48554
    outer loop
      vertex -3.11165 -4.25688 4.34331
      vertex -3.56864 -3.79411 4.60716
      vertex -3.08787 -4.12544 4.18278
    endloop
  endfacet
  facet normal -0.744445 -0.458324 -0.485532
    outer loop
      vertex -3.56864 -3.79411 4.60716
      vertex -3.53075 -3.67696 4.43848
      vertex -3.08787 -4.12544 4.18278
    endloop
  endfacet
  facet normal -0.757346 -0.596943 -0.264737
    outer loop
      vertex -3.09583 -4.35775 4.5255
      vertex -3.56365 -3.88401 4.7956
      vertex -3.11165 -4.25688 4.34331
    endloop
  endfacet
  facet normal -0.757345 -0.596947 -0.264733
    outer loop
      vertex -3.56365 -3.88401 4.7956
      vertex -3.56864 -3.79411 4.60716
      vertex -3.11165 -4.25688 4.34331
    endloop
  endfacet
  facet normal -0.718695 -0.694835 -0.0261134
    outer loop
      vertex -3.04149 -4.42115 4.71692
      vertex -3.51612 -3.94052 4.99095
      vertex -3.09583 -4.35775 4.5255
    endloop
  endfacet
  facet normal -0.718704 -0.694825 -0.0261303
    outer loop
      vertex -3.51612 -3.94052 4.99095
      vertex -3.56365 -3.88401 4.7956
      vertex -3.09583 -4.35775 4.5255
    endloop
  endfacet
  facet normal -0.631283 -0.745433 0.214035
    outer loop
      vertex -2.95234 -4.44278 4.90453
      vertex -3.42929 -3.9598 5.1799
      vertex -3.04149 -4.42115 4.71692
    endloop
  endfacet
  facet normal -0.631282 -0.745434 0.214037
    outer loop
      vertex -3.42929 -3.9598 5.1799
      vertex -3.51612 -3.94052 4.99095
      vertex -3.04149 -4.42115 4.71692
    endloop
  endfacet
  facet normal -0.580439 -0.653723 0.485527
    outer loop
      vertex -3.30907 -3.94052 5.34958
      vertex -3.7253 -3.39247 5.58989
      vertex -3.42929 -3.9598 5.1799
    endloop
  endfacet
  facet normal -0.580444 -0.653722 0.485522
    outer loop
      vertex -3.7253 -3.39247 5.58989
      vertex -3.84756 -3.40906 5.42139
      vertex -3.42929 -3.9598 5.1799
    endloop
  endfacet
  facet normal -0.410746 -0.609343 0.678225
    outer loop
      vertex -3.16365 -3.88401 5.48842
      vertex -3.57392 -3.34382 5.72528
      vertex -3.30907 -3.94052 5.34958
    endloop
  endfacet
  facet normal -0.410752 -0.609343 0.67822
    outer loop
      vertex -3.57392 -3.34382 5.72528
      vertex -3.7253 -3.39247 5.58989
      vertex -3.30907 -3.94052 5.34958
    endloop
  endfacet
  facet normal -0.212973 -0.523499 0.824979
    outer loop
      vertex -3.00296 -3.79411 5.58695
      vertex -3.40373 -3.26642 5.81834
      vertex -3.16365 -3.88401 5.48842
    endloop
  endfacet
  facet normal -0.213009 -0.523506 0.824966
    outer loop
      vertex -3.40373 -3.26642 5.81834
      vertex -3.57392 -3.34382 5.72528
      vertex -3.16365 -3.88401 5.48842
    endloop
  endfacet
  facet normal -0.000583151 -0.401945 0.915663
    outer loop
      vertex -2.83793 -3.67696 5.63848
      vertex -3.22632 -3.16556 5.86272
      vertex -3.00296 -3.79411 5.58695
    endloop
  endfacet
  facet normal -0.000552566 -0.401936 0.915667
    outer loop
      vertex -3.22632 -3.16556 5.86272
      vertex -3.40373 -3.26642 5.81834
      vertex -3.00296 -3.79411 5.58695
    endloop
  endfacet
  facet normal 0.212194 -0.252761 0.943973
    outer loop
      vertex -2.67981 -3.54052 5.63947
      vertex -3.0538 -3.0481 5.85539
      vertex -2.83793 -3.67696 5.63848
    endloop
  endfacet
  facet normal 0.212198 -0.252759 0.943973
    outer loop
      vertex -3.0538 -3.0481 5.85539
      vertex -3.22632 -3.16556 5.86272
      vertex -2.83793 -3.67696 5.63848
    endloop
  endfacet
  facet normal 0.410518 -0.0862578 0.907763
    outer loop
      vertex -2.53939 -3.39411 5.58988
      vertex -2.89791 -2.92205 5.79687
      vertex -2.67981 -3.54052 5.63947
    endloop
  endfacet
  facet normal 0.410516 -0.086259 0.907764
    outer loop
      vertex -2.89791 -2.92205 5.79687
      vertex -3.0538 -3.0481 5.85539
      vertex -2.67981 -3.54052 5.63947
    endloop
  endfacet
  facet normal 0.580883 0.0862513 0.809405
    outer loop
      vertex -2.42622 -3.2477 5.49306
      vertex -2.76928 -2.79601 5.69113
      vertex -2.53939 -3.39411 5.58988
    endloop
  endfacet
  facet normal 0.58087 0.0862446 0.809415
    outer loop
      vertex -2.76928 -2.79601 5.69113
      vertex -2.89791 -2.92205 5.79687
      vertex -2.53939 -3.39411 5.58988
    endloop
  endfacet
  facet normal 0.711436 0.252784 0.655712
    outer loop
      vertex -2.34803 -3.11127 5.35563
      vertex -2.67667 -2.67855 5.54538
      vertex -2.42622 -3.2477 5.49306
    endloop
  endfacet
  facet normal 0.711413 0.252771 0.655743
    outer loop
      vertex -2.67667 -2.67855 5.54538
      vertex -2.76928 -2.79601 5.69113
      vertex -2.42622 -3.2477 5.49306
    endloop
  endfacet
  facet normal 0.793259 0.401913 0.45739
    outer loop
      vertex -2.31013 -2.99411 5.18695
      vertex -2.6264 -2.57769 5.36955
      vertex -2.34803 -3.11127 5.35563
    endloop
  endfacet
  facet normal 0.793277 0.401923 0.457351
    outer loop
      vertex -2.6264 -2.57769 5.36955
      vertex -2.67667 -2.67855 5.54538
      vertex -2.34803 -3.11127 5.35563
    endloop
  endfacet
  facet normal 0.820933 0.523518 0.228031
    outer loop
      vertex -2.31512 -2.90421 4.99852
      vertex -2.6219 -2.50029 5.17563
      vertex -2.31013 -2.99411 5.18695
    endloop
  endfacet
  facet normal 0.820938 0.523521 0.228005
    outer loop
      vertex -2.6219 -2.50029 5.17563
      vertex -2.6264 -2.57769 5.36955
      vertex -2.31013 -2.99411 5.18695
    endloop
  endfacet
  facet normal 0.792722 0.609357 -0.0166026
    outer loop
      vertex -2.36265 -2.8477 4.80317
      vertex -2.66346 -2.45164 4.97683
      vertex -2.31512 -2.90421 4.99852
    endloop
  endfacet
  facet normal 0.792722 0.609357 -0.0166011
    outer loop
      vertex -2.66346 -2.45164 4.97683
      vertex -2.6219 -2.50029 5.17563
      vertex -2.31512 -2.90421 4.99852
    endloop
  endfacet
  facet normal 0.710676 0.653738 -0.259936
    outer loop
      vertex -2.44949 -2.82843 4.61421
      vertex -2.74826 -2.43505 4.78671
      vertex -2.36265 -2.8477 4.80317
    endloop
  endfacet
  facet normal 0.710675 0.653737 -0.25994
    outer loop
      vertex -2.74826 -2.43505 4.78671
      vertex -2.66346 -2.45164 4.97683
      vertex -2.36265 -2.8477 4.80317
    endloop
  endfacet
  facet normal 0.580445 0.653723 -0.485521
    outer loop
      vertex -2.56971 -2.8477 4.44454
      vertex -2.87051 -2.45164 4.6182
      vertex -2.44949 -2.82843 4.61421
    endloop
  endfacet
  facet normal 0.580463 0.653742 -0.485474
    outer loop
      vertex -2.87051 -2.45164 4.6182
      vertex -2.74826 -2.43505 4.78671
      vertex -2.44949 -2.82843 4.61421
    endloop
  endfacet
  facet normal 0.410757 0.609353 -0.67821
    outer loop
      vertex -2.71512 -2.90421 4.3057
      vertex -3.0219 -2.50029 4.48281
      vertex -2.56971 -2.8477 4.44454
    endloop
  endfacet
  facet normal 0.410741 0.609335 -0.678235
    outer loop
      vertex -3.0219 -2.50029 4.48281
      vertex -2.87051 -2.45164 4.6182
      vertex -2.56971 -2.8477 4.44454
    endloop
  endfacet
  facet normal 0.212993 0.523515 -0.824964
    outer loop
      vertex -2.87582 -2.99411 4.20716
      vertex -3.19209 -2.57769 4.38976
      vertex -2.71512 -2.90421 4.3057
    endloop
  endfacet
  facet normal 0.212975 0.523493 -0.824983
    outer loop
      vertex -3.19209 -2.57769 4.38976
      vertex -3.0219 -2.50029 4.48281
      vertex -2.71512 -2.90421 4.3057
    endloop
  endfacet
  facet normal 0.000557749 0.401947 -0.915663
    outer loop
      vertex -3.04085 -3.11127 4.15563
      vertex -3.36949 -2.67855 4.34538
      vertex -2.87582 -2.99411 4.20716
    endloop
  endfacet
  facet normal 0.000551309 0.401938 -0.915667
    outer loop
      vertex -3.36949 -2.67855 4.34538
      vertex -3.19209 -2.57769 4.38976
      vertex -2.87582 -2.99411 4.20716
    endloop
  endfacet
  facet normal -0.212191 0.25276 -0.943974
    outer loop
      vertex -3.19896 -3.2477 4.15464
      vertex -3.54202 -2.79601 4.3527
      vertex -3.04085 -3.11127 4.15563
    endloop
  endfacet
  facet normal -0.212161 0.252804 -0.943969
    outer loop
      vertex -3.54202 -2.79601 4.3527
      vertex -3.36949 -2.67855 4.34538
      vertex -3.04085 -3.11127 4.15563
    endloop
  endfacet
  facet normal -0.410535 0.0862422 -0.907757
    outer loop
      vertex -3.33939 -3.39411 4.20424
      vertex -3.69791 -2.92205 4.41123
      vertex -3.19896 -3.2477 4.15464
    endloop
  endfacet
  facet normal -0.410542 0.0862305 -0.907755
    outer loop
      vertex -3.69791 -2.92205 4.41123
      vertex -3.54202 -2.79601 4.3527
      vertex -3.19896 -3.2477 4.15464
    endloop
  endfacet
  facet normal -0.580871 -0.0862505 -0.809413
    outer loop
      vertex -3.45255 -3.54052 4.30105
      vertex -3.82654 -3.0481 4.51697
      vertex -3.33939 -3.39411 4.20424
    endloop
  endfacet
  facet normal -0.580867 -0.0862418 -0.809417
    outer loop
      vertex -3.82654 -3.0481 4.51697
      vertex -3.69791 -2.92205 4.41123
      vertex -3.33939 -3.39411 4.20424
    endloop
  endfacet
  facet normal -0.711414 -0.25276 -0.655746
    outer loop
      vertex -3.53075 -3.67696 4.43848
      vertex -3.91914 -3.16556 4.66272
      vertex -3.45255 -3.54052 4.30105
    endloop
  endfacet
  facet normal -0.711424 -0.252797 -0.655721
    outer loop
      vertex -3.91914 -3.16556 4.66272
      vertex -3.82654 -3.0481 4.51697
      vertex -3.45255 -3.54052 4.30105
    endloop
  endfacet
  facet normal -0.793273 -0.401941 -0.457342
    outer loop
      vertex -3.56864 -3.79411 4.60716
      vertex -3.96941 -3.26642 4.83854
      vertex -3.53075 -3.67696 4.43848
    endloop
  endfacet
  facet normal -0.793271 -0.401913 -0.457369
    outer loop
      vertex -3.96941 -3.26642 4.83854
      vertex -3.91914 -3.16556 4.66272
      vertex -3.53075 -3.67696 4.43848
    endloop
  endfacet
  facet normal -0.820938 -0.523516 -0.228017
    outer loop
      vertex -3.56365 -3.88401 4.7956
      vertex -3.97392 -3.34382 5.03246
      vertex -3.56864 -3.79411 4.60716
    endloop
  endfacet
  facet normal -0.820942 -0.5235 -0.228039
    outer loop
      vertex -3.97392 -3.34382 5.03246
      vertex -3.96941 -3.26642 4.83854
      vertex -3.56864 -3.79411 4.60716
    endloop
  endfacet
  facet normal -0.792727 -0.609351 0.0166054
    outer loop
      vertex -3.51612 -3.94052 4.99095
      vertex -3.93236 -3.39247 5.23126
      vertex -3.56365 -3.88401 4.7956
    endloop
  endfacet
  facet normal -0.792727 -0.60935 0.0166039
    outer loop
      vertex -3.93236 -3.39247 5.23126
      vertex -3.97392 -3.34382 5.03246
      vertex -3.56365 -3.88401 4.7956
    endloop
  endfacet
  facet normal -0.710708 -0.65372 0.259894
    outer loop
      vertex -3.42929 -3.9598 5.1799
      vertex -3.84756 -3.40906 5.42139
      vertex -3.51612 -3.94052 4.99095
    endloop
  endfacet
  facet normal -0.710683 -0.653733 0.25993
    outer loop
      vertex -3.84756 -3.40906 5.42139
      vertex -3.93236 -3.39247 5.23126
      vertex -3.51612 -3.94052 4.99095
    endloop
  endfacet
  facet normal -0.64881 -0.550839 0.524997
    outer loop
      vertex -3.7253 -3.39247 5.58989
      vertex -4.07603 -2.78637 5.79238
      vertex -3.84756 -3.40906 5.42139
    endloop
  endfacet
  facet normal -0.648814 -0.550838 0.524992
    outer loop
      vertex -4.07603 -2.78637 5.79238
      vertex -4.2 -2.8 5.62487
      vertex -3.84756 -3.40906 5.42139
    endloop
  endfacet
  facet normal -0.474479 -0.513445 0.715014
    outer loop
      vertex -3.57392 -3.34382 5.72528
      vertex -3.91962 -2.74641 5.92487
      vertex -3.7253 -3.39247 5.58989
    endloop
  endfacet
  facet normal -0.474486 -0.513444 0.715009
    outer loop
      vertex -3.91962 -2.74641 5.92487
      vertex -4.07603 -2.78637 5.79238
      vertex -3.7253 -3.39247 5.58989
    endloop
  endfacet
  facet normal -0.267762 -0.441117 0.856574
    outer loop
      vertex -3.40373 -3.26642 5.81834
      vertex -3.74142 -2.68284 6.01331
      vertex -3.57392 -3.34382 5.72528
    endloop
  endfacet
  facet normal -0.267755 -0.441116 0.856577
    outer loop
      vertex -3.74142 -2.68284 6.01331
      vertex -3.91962 -2.74641 5.92487
      vertex -3.57392 -3.34382 5.72528
    endloop
  endfacet
  facet normal -0.0425902 -0.338673 0.93994
    outer loop
      vertex -3.22632 -3.16556 5.86272
      vertex -3.55359 -2.6 6.05167
      vertex -3.40373 -3.26642 5.81834
    endloop
  endfacet
  facet normal -0.0425934 -0.338674 0.939939
    outer loop
      vertex -3.55359 -2.6 6.05167
      vertex -3.74142 -2.68284 6.01331
      vertex -3.40373 -3.26642 5.81834
    endloop
  endfacet
  facet normal 0.185765 -0.212984 0.959234
    outer loop
      vertex -3.0538 -3.0481 5.85539
      vertex -3.36892 -2.50353 6.03733
      vertex -3.22632 -3.16556 5.86272
    endloop
  endfacet
  facet normal 0.18575 -0.212988 0.959236
    outer loop
      vertex -3.36892 -2.50353 6.03733
      vertex -3.55359 -2.6 6.05167
      vertex -3.22632 -3.16556 5.86272
    endloop
  endfacet
  facet normal 0.401494 -0.0726832 0.912973
    outer loop
      vertex -2.89791 -2.92205 5.79687
      vertex -3.2 -2.4 5.97128
      vertex -3.0538 -3.0481 5.85539
    endloop
  endfacet
  facet normal 0.401522 -0.0726748 0.912961
    outer loop
      vertex -3.2 -2.4 5.97128
      vertex -3.36892 -2.50353 6.03733
      vertex -3.0538 -3.0481 5.85539
    endloop
  endfacet
  facet normal 0.589892 0.0726672 0.804206
    outer loop
      vertex -2.76928 -2.79601 5.69113
      vertex -3.05834 -2.29647 5.85802
      vertex -2.89791 -2.92205 5.79687
    endloop
  endfacet
  facet normal 0.589881 0.0726635 0.804214
    outer loop
      vertex -3.05834 -2.29647 5.85802
      vertex -3.2 -2.4 5.97128
      vertex -2.89791 -2.92205 5.79687
    endloop
  endfacet
  facet normal 0.73785 0.212988 0.640479
    outer loop
      vertex -2.67667 -2.67855 5.54538
      vertex -2.95359 -2.2 5.70526
      vertex -2.76928 -2.79601 5.69113
    endloop
  endfacet
  facet normal 0.737858 0.212991 0.640468
    outer loop
      vertex -2.95359 -2.2 5.70526
      vertex -3.05834 -2.29647 5.85802
      vertex -2.76928 -2.79601 5.69113
    endloop
  endfacet
  facet normal 0.835309 0.338669 0.433084
    outer loop
      vertex -2.6264 -2.57769 5.36955
      vertex -2.89289 -2.11716 5.52341
      vertex -2.67667 -2.67855 5.54538
    endloop
  endfacet
  facet normal 0.835304 0.338668 0.433094
    outer loop
      vertex -2.89289 -2.11716 5.52341
      vertex -2.95359 -2.2 5.70526
      vertex -2.67667 -2.67855 5.54538
    endloop
  endfacet
  facet normal 0.875703 0.44111 0.196383
    outer loop
      vertex -2.6219 -2.50029 5.17563
      vertex -2.88038 -2.05359 5.32487
      vertex -2.6264 -2.57769 5.36955
    endloop
  endfacet
  facet normal 0.875696 0.441109 0.196415
    outer loop
      vertex -2.88038 -2.05359 5.32487
      vertex -2.89289 -2.11716 5.52341
      vertex -2.6264 -2.57769 5.36955
    endloop
  endfacet
  facet normal 0.856461 0.513442 -0.0533981
    outer loop
      vertex -2.66346 -2.45164 4.97683
      vertex -2.91692 -2.01363 5.12317
      vertex -2.6219 -2.50029 5.17563
    endloop
  endfacet
  facet normal 0.856461 0.513438 -0.0534363
    outer loop
      vertex -2.91692 -2.01363 5.12317
      vertex -2.88038 -2.05359 5.32487
      vertex -2.6219 -2.50029 5.17563
    endloop
  endfacet
  facet normal 0.77906 0.550829 -0.299421
    outer loop
      vertex -2.74826 -2.43505 4.78671
      vertex -3 -2 4.93205
      vertex -2.66346 -2.45164 4.97683
    endloop
  endfacet
  facet normal 0.779069 0.55084 -0.299378
    outer loop
      vertex -3 -2 4.93205
      vertex -2.91692 -2.01363 5.12317
      vertex -2.66346 -2.45164 4.97683
    endloop
  endfacet
  facet normal 0.648841 0.550847 -0.52495
    outer loop
      vertex -2.87051 -2.45164 4.6182
      vertex -3.12397 -2.01363 4.76454
      vertex -2.74826 -2.43505 4.78671
    endloop
  endfacet
  facet normal 0.648821 0.550827 -0.524996
    outer loop
      vertex -3.12397 -2.01363 4.76454
      vertex -3 -2 4.93205
      vertex -2.74826 -2.43505 4.78671
    endloop
  endfacet
  facet normal 0.474466 0.513434 -0.71503
    outer loop
      vertex -3.0219 -2.50029 4.48281
      vertex -3.28038 -2.05359 4.63205
      vertex -2.87051 -2.45164 4.6182
    endloop
  endfacet
  facet normal 0.474482 0.51345 -0.715007
    outer loop
      vertex -3.28038 -2.05359 4.63205
      vertex -3.12397 -2.01363 4.76454
      vertex -2.87051 -2.45164 4.6182
    endloop
  endfacet
  facet normal 0.267735 0.441092 -0.856596
    outer loop
      vertex -3.19209 -2.57769 4.38976
      vertex -3.45858 -2.11716 4.54361
      vertex -3.0219 -2.50029 4.48281
    endloop
  endfacet
  facet normal 0.267756 0.441113 -0.856578
    outer loop
      vertex -3.45858 -2.11716 4.54361
      vertex -3.28038 -2.05359 4.63205
      vertex -3.0219 -2.50029 4.48281
    endloop
  endfacet
  facet normal 0.0425924 0.338674 -0.939939
    outer loop
      vertex -3.36949 -2.67855 4.34538
      vertex -3.64641 -2.2 4.50526
      vertex -3.19209 -2.57769 4.38976
    endloop
  endfacet
  facet normal 0.0425611 0.33864 -0.939953
    outer loop
      vertex -3.64641 -2.2 4.50526
      vertex -3.45858 -2.11716 4.54361
      vertex -3.19209 -2.57769 4.38976
    endloop
  endfacet
  facet normal -0.185714 0.213006 -0.959239
    outer loop
      vertex -3.54202 -2.79601 4.3527
      vertex -3.83108 -2.29647 4.51959
      vertex -3.36949 -2.67855 4.34538
    endloop
  endfacet
  facet normal -0.18571 0.213011 -0.959238
    outer loop
      vertex -3.83108 -2.29647 4.51959
      vertex -3.64641 -2.2 4.50526
      vertex -3.36949 -2.67855 4.34538
    endloop
  endfacet
  facet normal -0.401525 0.072661 -0.912961
    outer loop
      vertex -3.69791 -2.92205 4.41123
      vertex -4 -2.4 4.58564
      vertex -3.54202 -2.79601 4.3527
    endloop
  endfacet
  facet normal -0.401519 0.0726693 -0.912963
    outer loop
      vertex -4 -2.4 4.58564
      vertex -3.83108 -2.29647 4.51959
      vertex -3.54202 -2.79601 4.3527
    endloop
  endfacet
  facet normal -0.589892 -0.0726617 -0.804206
    outer loop
      vertex -3.82654 -3.0481 4.51697
      vertex -4.14166 -2.50353 4.69891
      vertex -3.69791 -2.92205 4.41123
    endloop
  endfacet
  facet normal -0.589906 -0.0726847 -0.804194
    outer loop
      vertex -4.14166 -2.50353 4.69891
      vertex -4 -2.4 4.58564
      vertex -3.69791 -2.92205 4.41123
    endloop
  endfacet
  facet normal -0.737867 -0.213006 -0.640454
    outer loop
      vertex -3.91914 -3.16556 4.66272
      vertex -4.24641 -2.6 4.85167
      vertex -3.82654 -3.0481 4.51697
    endloop
  endfacet
  facet normal -0.737859 -0.212989 -0.640468
    outer loop
      vertex -4.24641 -2.6 4.85167
      vertex -4.14166 -2.50353 4.69891
      vertex -3.82654 -3.0481 4.51697
    endloop
  endfacet
  facet normal -0.8353 -0.338666 -0.433104
    outer loop
      vertex -3.96941 -3.26642 4.83854
      vertex -4.30711 -2.68284 5.03351
      vertex -3.91914 -3.16556 4.66272
    endloop
  endfacet
  facet normal -0.835299 -0.338659 -0.433112
    outer loop
      vertex -4.30711 -2.68284 5.03351
      vertex -4.24641 -2.6 4.85167
      vertex -3.91914 -3.16556 4.66272
    endloop
  endfacet
  facet normal -0.875694 -0.441108 -0.196427
    outer loop
      vertex -3.97392 -3.34382 5.03246
      vertex -4.31962 -2.74641 5.23205
      vertex -3.96941 -3.26642 4.83854
    endloop
  endfacet
  facet normal -0.875693 -0.441115 -0.196417
    outer loop
      vertex -4.31962 -2.74641 5.23205
      vertex -4.30711 -2.68284 5.03351
      vertex -3.96941 -3.26642 4.83854
    endloop
  endfacet
  facet normal -0.856466 -0.513435 0.053401
    outer loop
      vertex -3.93236 -3.39247 5.23126
      vertex -4.28308 -2.78637 5.43375
      vertex -3.97392 -3.34382 5.03246
    endloop
  endfacet
  facet normal -0.856454 -0.513451 0.0534325
    outer loop
      vertex -4.28308 -2.78637 5.43375
      vertex -4.31962 -2.74641 5.23205
      vertex -3.97392 -3.34382 5.03246
    endloop
  endfacet
  facet normal -0.779059 -0.55084 0.299404
    outer loop
      vertex -3.84756 -3.40906 5.42139
      vertex -4.2 -2.8 5.62487
      vertex -3.93236 -3.39247 5.23126
    endloop
  endfacet
  facet normal -0.779074 -0.550831 0.299381
    outer loop
      vertex -4.2 -2.8 5.62487
      vertex -4.28308 -2.78637 5.43375
      vertex -3.93236 -3.39247 5.23126
    endloop
  endfacet
  facet normal -0.704971 -0.438527 0.557414
    outer loop
      vertex -4.07603 -2.78637 5.79238
      vertex -4.35524 -2.1326 5.95359
      vertex -4.2 -2.8 5.62487
    endloop
  endfacet
  facet normal -0.70498 -0.438524 0.557404
    outer loop
      vertex -4.35524 -2.1326 5.95359
      vertex -4.48058 -2.14303 5.78686
      vertex -4.2 -2.8 5.62487
    endloop
  endfacet
  facet normal -0.526836 -0.408745 0.745233
    outer loop
      vertex -3.91962 -2.74641 5.92487
      vertex -4.19482 -2.10201 6.08376
      vertex -4.07603 -2.78637 5.79238
    endloop
  endfacet
  facet normal -0.526788 -0.40875 0.745264
    outer loop
      vertex -4.19482 -2.10201 6.08376
      vertex -4.35524 -2.1326 5.95359
      vertex -4.07603 -2.78637 5.79238
    endloop
  endfacet
  facet normal -0.312729 -0.351168 0.882543
    outer loop
      vertex -3.74142 -2.68284 6.01331
      vertex -4.01026 -2.05336 6.16852
      vertex -3.91962 -2.74641 5.92487
    endloop
  endfacet
  facet normal -0.312742 -0.351168 0.882538
    outer loop
      vertex -4.01026 -2.05336 6.16852
      vertex -4.19482 -2.10201 6.08376
      vertex -3.91962 -2.74641 5.92487
    endloop
  endfacet
  facet normal -0.0771229 -0.269614 0.959875
    outer loop
      vertex -3.55359 -2.6 6.05167
      vertex -3.81413 -1.98995 6.20209
      vertex -3.74142 -2.68284 6.01331
    endloop
  endfacet
  facet normal -0.0771262 -0.269614 0.959875
    outer loop
      vertex -3.81413 -1.98995 6.20209
      vertex -4.01026 -2.05336 6.16852
      vertex -3.74142 -2.68284 6.01331
    endloop
  endfacet
  facet normal 0.164036 -0.169558 0.971773
    outer loop
      vertex -3.36892 -2.50353 6.03733
      vertex -3.61979 -1.91612 6.18217
      vertex -3.55359 -2.6 6.05167
    endloop
  endfacet
  facet normal 0.164023 -0.169559 0.971775
    outer loop
      vertex -3.61979 -1.91612 6.18217
      vertex -3.81413 -1.98995 6.20209
      vertex -3.55359 -2.6 6.05167
    endloop
  endfacet
  facet normal 0.394109 -0.0578487 0.917241
    outer loop
      vertex -3.2 -2.4 5.97128
      vertex -3.4405 -1.83688 6.11013
      vertex -3.36892 -2.50353 6.03733
    endloop
  endfacet
  facet normal 0.394119 -0.0578472 0.917237
    outer loop
      vertex -3.4405 -1.83688 6.11013
      vertex -3.61979 -1.91612 6.18217
      vertex -3.36892 -2.50353 6.03733
    endloop
  endfacet
  facet normal 0.59729 0.0578453 0.799937
    outer loop
      vertex -3.05834 -2.29647 5.85802
      vertex -3.28846 -1.75764 5.99088
      vertex -3.2 -2.4 5.97128
    endloop
  endfacet
  facet normal 0.597277 0.0578433 0.799946
    outer loop
      vertex -3.28846 -1.75764 5.99088
      vertex -3.4405 -1.83688 6.11013
      vertex -3.2 -2.4 5.97128
    endloop
  endfacet
  facet normal 0.759569 0.169569 0.627934
    outer loop
      vertex -2.95359 -2.2 5.70526
      vertex -3.17404 -1.68381 5.83253
      vertex -3.05834 -2.29647 5.85802
    endloop
  endfacet
  facet normal 0.759582 0.169571 0.627918
    outer loop
      vertex -3.17404 -1.68381 5.83253
      vertex -3.28846 -1.75764 5.99088
      vertex -3.05834 -2.29647 5.85802
    endloop
  endfacet
  facet normal 0.869829 0.269617 0.413163
    outer loop
      vertex -2.89289 -2.11716 5.52341
      vertex -3.10505 -1.6204 5.6459
      vertex -2.95359 -2.2 5.70526
    endloop
  endfacet
  facet normal 0.869835 0.269617 0.413151
    outer loop
      vertex -3.10505 -1.6204 5.6459
      vertex -3.17404 -1.68381 5.83253
      vertex -2.95359 -2.2 5.70526
    endloop
  endfacet
  facet normal 0.920663 0.351178 0.170454
    outer loop
      vertex -2.88038 -2.05359 5.32487
      vertex -3.08617 -1.57175 5.44368
      vertex -2.89289 -2.11716 5.52341
    endloop
  endfacet
  facet normal 0.920665 0.351177 0.170443
    outer loop
      vertex -3.08617 -1.57175 5.44368
      vertex -3.10505 -1.6204 5.6459
      vertex -2.89289 -2.11716 5.52341
    endloop
  endfacet
  facet normal 0.908799 0.408761 -0.083656
    outer loop
      vertex -2.91692 -2.01363 5.12317
      vertex -3.1187 -1.54117 5.23967
      vertex -2.88038 -2.05359 5.32487
    endloop
  endfacet
  facet normal 0.908799 0.408764 -0.0836392
    outer loop
      vertex -3.1187 -1.54117 5.23967
      vertex -3.08617 -1.57175 5.44368
      vertex -2.88038 -2.05359 5.32487
    endloop
  endfacet
  facet normal 0.835232 0.438514 -0.331803
    outer loop
      vertex -3 -2 4.93205
      vertex -3.20041 -1.53073 5.04776
      vertex -2.91692 -2.01363 5.12317
    endloop
  endfacet
  facet normal 0.83524 0.438525 -0.331766
    outer loop
      vertex -3.20041 -1.53073 5.04776
      vertex -3.1187 -1.54117 5.23967
      vertex -2.91692 -2.01363 5.12317
    endloop
  endfacet
  facet normal 0.70497 0.438529 -0.557413
    outer loop
      vertex -3.12397 -2.01363 4.76454
      vertex -3.32575 -1.54117 4.88104
      vertex -3 -2 4.93205
    endloop
  endfacet
  facet normal 0.704955 0.438515 -0.557444
    outer loop
      vertex -3.32575 -1.54117 4.88104
      vertex -3.20041 -1.53073 5.04776
      vertex -3 -2 4.93205
    endloop
  endfacet
  facet normal 0.526829 0.40876 -0.745229
    outer loop
      vertex -3.28038 -2.05359 4.63205
      vertex -3.48617 -1.57175 4.75086
      vertex -3.12397 -2.01363 4.76454
    endloop
  endfacet
  facet normal 0.52683 0.40876 -0.745229
    outer loop
      vertex -3.48617 -1.57175 4.75086
      vertex -3.32575 -1.54117 4.88104
      vertex -3.12397 -2.01363 4.76454
    endloop
  endfacet
  facet normal 0.312728 0.351171 -0.882542
    outer loop
      vertex -3.45858 -2.11716 4.54361
      vertex -3.67073 -1.6204 4.6661
      vertex -3.28038 -2.05359 4.63205
    endloop
  endfacet
  facet normal 0.312737 0.351179 -0.882535
    outer loop
      vertex -3.67073 -1.6204 4.6661
      vertex -3.48617 -1.57175 4.75086
      vertex -3.28038 -2.05359 4.63205
    endloop
  endfacet
  facet normal 0.0770857 0.269587 -0.959886
    outer loop
      vertex -3.64641 -2.2 4.50526
      vertex -3.86686 -1.68381 4.63253
      vertex -3.45858 -2.11716 4.54361
    endloop
  endfacet
  facet normal 0.0771239 0.269621 -0.959873
    outer loop
      vertex -3.86686 -1.68381 4.63253
      vertex -3.67073 -1.6204 4.6661
      vertex -3.45858 -2.11716 4.54361
    endloop
  endfacet
  facet normal -0.163993 0.169575 -0.971777
    outer loop
      vertex -3.83108 -2.29647 4.51959
      vertex -4.0612 -1.75764 4.65245
      vertex -3.64641 -2.2 4.50526
    endloop
  endfacet
  facet normal -0.16402 0.16955 -0.971777
    outer loop
      vertex -4.0612 -1.75764 4.65245
      vertex -3.86686 -1.68381 4.63253
      vertex -3.64641 -2.2 4.50526
    endloop
  endfacet
  facet normal -0.394109 0.0578487 -0.917241
    outer loop
      vertex -4 -2.4 4.58564
      vertex -4.2405 -1.83688 4.72449
      vertex -3.83108 -2.29647 4.51959
    endloop
  endfacet
  facet normal -0.394103 0.057855 -0.917244
    outer loop
      vertex -4.2405 -1.83688 4.72449
      vertex -4.0612 -1.75764 4.65245
      vertex -3.83108 -2.29647 4.51959
    endloop
  endfacet
  facet normal -0.597312 -0.0578733 -0.799919
    outer loop
      vertex -4.14166 -2.50353 4.69891
      vertex -4.39253 -1.91612 4.84374
      vertex -4 -2.4 4.58564
    endloop
  endfacet
  facet normal -0.597298 -0.0578559 -0.79993
    outer loop
      vertex -4.39253 -1.91612 4.84374
      vertex -4.2405 -1.83688 4.72449
      vertex -4 -2.4 4.58564
    endloop
  endfacet
  facet normal -0.75957 -0.169567 -0.627933
    outer loop
      vertex -4.24641 -2.6 4.85167
      vertex -4.50695 -1.98995 5.00209
      vertex -4.14166 -2.50353 4.69891
    endloop
  endfacet
  facet normal -0.759578 -0.169581 -0.62792
    outer loop
      vertex -4.50695 -1.98995 5.00209
      vertex -4.39253 -1.91612 4.84374
      vertex -4.14166 -2.50353 4.69891
    endloop
  endfacet
  facet normal -0.869831 -0.269593 -0.413175
    outer loop
      vertex -4.30711 -2.68284 5.03351
      vertex -4.57594 -2.05336 5.18873
      vertex -4.24641 -2.6 4.85167
    endloop
  endfacet
  facet normal -0.869841 -0.269625 -0.413134
    outer loop
      vertex -4.57594 -2.05336 5.18873
      vertex -4.50695 -1.98995 5.00209
      vertex -4.24641 -2.6 4.85167
    endloop
  endfacet
  facet normal -0.920671 -0.351158 -0.170448
    outer loop
      vertex -4.31962 -2.74641 5.23205
      vertex -4.59482 -2.10201 5.39094
      vertex -4.30711 -2.68284 5.03351
    endloop
  endfacet
  facet normal -0.920671 -0.351158 -0.170447
    outer loop
      vertex -4.59482 -2.10201 5.39094
      vertex -4.57594 -2.05336 5.18873
      vertex -4.30711 -2.68284 5.03351
    endloop
  endfacet
  facet normal -0.908801 -0.408757 0.0836573
    outer loop
      vertex -4.28308 -2.78637 5.43375
      vertex -4.56229 -2.1326 5.59496
      vertex -4.31962 -2.74641 5.23205
    endloop
  endfacet
  facet normal -0.908812 -0.408739 0.0836208
    outer loop
      vertex -4.56229 -2.1326 5.59496
      vertex -4.59482 -2.10201 5.39094
      vertex -4.31962 -2.74641 5.23205
    endloop
  endfacet
  facet normal -0.835228 -0.438523 0.3318
    outer loop
      vertex -4.2 -2.8 5.62487
      vertex -4.48058 -2.14303 5.78686
      vertex -4.28308 -2.78637 5.43375
    endloop
  endfacet
  facet normal -0.835228 -0.438524 0.331801
    outer loop
      vertex -4.48058 -2.14303 5.78686
      vertex -4.56229 -2.1326 5.59496
      vertex -4.28308 -2.78637 5.43375
    endloop
  endfacet
  facet normal -0.747965 -0.318693 0.582222
    outer loop
      vertex -4.35524 -2.1326 5.95359
      vertex -4.55816 -1.44233 6.07074
      vertex -4.48058 -2.14303 5.78686
    endloop
  endfacet
  facet normal -0.747952 -0.318698 0.582237
    outer loop
      vertex -4.55816 -1.44233 6.07074
      vertex -4.68449 -1.44939 5.90459
      vertex -4.48058 -2.14303 5.78686
    endloop
  endfacet
  facet normal -0.566854 -0.297064 0.768394
    outer loop
      vertex -4.19482 -2.10201 6.08376
      vertex -4.39483 -1.42165 6.19924
      vertex -4.35524 -2.1326 5.95359
    endloop
  endfacet
  facet normal -0.566899 -0.297056 0.768364
    outer loop
      vertex -4.39483 -1.42165 6.19924
      vertex -4.55816 -1.44233 6.07074
      vertex -4.35524 -2.1326 5.95359
    endloop
  endfacet
  facet normal -0.347162 -0.255214 0.90241
    outer loop
      vertex -4.01026 -2.05336 6.16852
      vertex -4.20564 -1.38874 6.28132
      vertex -4.19482 -2.10201 6.08376
    endloop
  endfacet
  facet normal -0.347121 -0.255217 0.902425
    outer loop
      vertex -4.20564 -1.38874 6.28132
      vertex -4.39483 -1.42165 6.19924
      vertex -4.19482 -2.10201 6.08376
    endloop
  endfacet
  facet normal -0.103554 -0.195948 0.975131
    outer loop
      vertex -3.81413 -1.98995 6.20209
      vertex -4.00347 -1.34586 6.31141
      vertex -4.01026 -2.05336 6.16852
    endloop
  endfacet
  facet normal -0.103573 -0.195948 0.975129
    outer loop
      vertex -4.00347 -1.34586 6.31141
      vertex -4.20564 -1.38874 6.28132
      vertex -4.01026 -2.05336 6.16852
    endloop
  endfacet
  facet normal 0.14741 -0.123239 0.981368
    outer loop
      vertex -3.61979 -1.91612 6.18217
      vertex -3.80211 -1.29592 6.28744
      vertex -3.81413 -1.98995 6.20209
    endloop
  endfacet
  facet normal 0.147388 -0.123239 0.981371
    outer loop
      vertex -3.80211 -1.29592 6.28744
      vertex -4.00347 -1.34586 6.31141
      vertex -3.81413 -1.98995 6.20209
    endloop
  endfacet
  facet normal 0.388449 -0.0420414 0.920511
    outer loop
      vertex -3.4405 -1.83688 6.11013
      vertex -3.61528 -1.24233 6.21104
      vertex -3.61979 -1.91612 6.18217
    endloop
  endfacet
  facet normal 0.388477 -0.042041 0.920499
    outer loop
      vertex -3.61528 -1.24233 6.21104
      vertex -3.80211 -1.29592 6.28744
      vertex -3.61979 -1.91612 6.18217
    endloop
  endfacet
  facet normal 0.60295 0.04203 0.796671
    outer loop
      vertex -3.28846 -1.75764 5.99088
      vertex -3.4557 -1.18874 6.08744
      vertex -3.4405 -1.83688 6.11013
    endloop
  endfacet
  facet normal 0.60294 0.04203 0.796679
    outer loop
      vertex -3.4557 -1.18874 6.08744
      vertex -3.61528 -1.24233 6.21104
      vertex -3.4405 -1.83688 6.11013
    endloop
  endfacet
  facet normal 0.776203 0.123231 0.618322
    outer loop
      vertex -3.17404 -1.68381 5.83253
      vertex -3.33426 -1.1388 5.92504
      vertex -3.28846 -1.75764 5.99088
    endloop
  endfacet
  facet normal 0.776201 0.123231 0.618325
    outer loop
      vertex -3.33426 -1.1388 5.92504
      vertex -3.4557 -1.18874 6.08744
      vertex -3.28846 -1.75764 5.99088
    endloop
  endfacet
  facet normal 0.896264 0.195946 0.39789
    outer loop
      vertex -3.10505 -1.6204 5.6459
      vertex -3.25923 -1.09592 5.73491
      vertex -3.17404 -1.68381 5.83253
    endloop
  endfacet
  facet normal 0.896268 0.195945 0.397881
    outer loop
      vertex -3.25923 -1.09592 5.73491
      vertex -3.33426 -1.1388 5.92504
      vertex -3.17404 -1.68381 5.83253
    endloop
  endfacet
  facet normal 0.95509 0.255208 0.150569
    outer loop
      vertex -3.08617 -1.57175 5.44368
      vertex -3.23572 -1.06302 5.53003
      vertex -3.10505 -1.6204 5.6459
    endloop
  endfacet
  facet normal 0.955088 0.25521 0.150579
    outer loop
      vertex -3.23572 -1.06302 5.53003
      vertex -3.25923 -1.09592 5.73491
      vertex -3.10505 -1.6204 5.6459
    endloop
  endfacet
  facet normal 0.948872 0.297053 -0.106774
    outer loop
      vertex -3.1187 -1.54117 5.23967
      vertex -3.26534 -1.04233 5.32433
      vertex -3.08617 -1.57175 5.44368
    endloop
  endfacet
  facet normal 0.948873 0.297058 -0.106755
    outer loop
      vertex -3.26534 -1.04233 5.32433
      vertex -3.23572 -1.06302 5.53003
      vertex -3.08617 -1.57175 5.44368
    endloop
  endfacet
  facet normal 0.87822 0.318713 -0.356584
    outer loop
      vertex -3.20041 -1.53073 5.04776
      vertex -3.34607 -1.03528 5.13185
      vertex -3.1187 -1.54117 5.23967
    endloop
  endfacet
  facet normal 0.878198 0.318687 -0.356661
    outer loop
      vertex -3.34607 -1.03528 5.13185
      vertex -3.26534 -1.04233 5.32433
      vertex -3.1187 -1.54117 5.23967
    endloop
  endfacet
  facet normal 0.747937 0.318697 -0.582256
    outer loop
      vertex -3.32575 -1.54117 4.88104
      vertex -3.4724 -1.04233 4.9657
      vertex -3.20041 -1.53073 5.04776
    endloop
  endfacet
  facet normal 0.747956 0.318713 -0.582223
    outer loop
      vertex -3.4724 -1.04233 4.9657
      vertex -3.34607 -1.03528 5.13185
      vertex -3.20041 -1.53073 5.04776
    endloop
  endfacet
  facet normal 0.566894 0.297068 -0.768363
    outer loop
      vertex -3.48617 -1.57175 4.75086
      vertex -3.63572 -1.06302 4.83721
      vertex -3.32575 -1.54117 4.88104
    endloop
  endfacet
  facet normal 0.56688 0.297057 -0.768378
    outer loop
      vertex -3.63572 -1.06302 4.83721
      vertex -3.4724 -1.04233 4.9657
      vertex -3.32575 -1.54117 4.88104
    endloop
  endfacet
  facet normal 0.347158 0.255226 -0.902409
    outer loop
      vertex -3.67073 -1.6204 4.6661
      vertex -3.82492 -1.09592 4.75512
      vertex -3.48617 -1.57175 4.75086
    endloop
  endfacet
  facet normal 0.347156 0.255224 -0.90241
    outer loop
      vertex -3.82492 -1.09592 4.75512
      vertex -3.63572 -1.06302 4.83721
      vertex -3.48617 -1.57175 4.75086
    endloop
  endfacet
  facet normal 0.10355 0.19596 -0.975129
    outer loop
      vertex -3.86686 -1.68381 4.63253
      vertex -4.02708 -1.1388 4.72504
      vertex -3.67073 -1.6204 4.6661
    endloop
  endfacet
  facet normal 0.103531 0.195946 -0.975134
    outer loop
      vertex -4.02708 -1.1388 4.72504
      vertex -3.82492 -1.09592 4.75512
      vertex -3.67073 -1.6204 4.6661
    endloop
  endfacet
  facet normal -0.147408 0.123235 -0.981368
    outer loop
      vertex -4.0612 -1.75764 4.65245
      vertex -4.22844 -1.18874 4.74901
      vertex -3.86686 -1.68381 4.63253
    endloop
  endfacet
  facet normal -0.14739 0.123248 -0.981369
    outer loop
      vertex -4.22844 -1.18874 4.74901
      vertex -4.02708 -1.1388 4.72504
      vertex -3.86686 -1.68381 4.63253
    endloop
  endfacet
  facet normal -0.388432 0.0420473 -0.920517
    outer loop
      vertex -4.2405 -1.83688 4.72449
      vertex -4.41528 -1.24233 4.8254
      vertex -4.0612 -1.75764 4.65245
    endloop
  endfacet
  facet normal -0.388421 0.0420569 -0.920522
    outer loop
      vertex -4.41528 -1.24233 4.8254
      vertex -4.22844 -1.18874 4.74901
      vertex -4.0612 -1.75764 4.65245
    endloop
  endfacet
  facet normal -0.602973 -0.0420354 -0.796653
    outer loop
      vertex -4.39253 -1.91612 4.84374
      vertex -4.57485 -1.29592 4.94901
      vertex -4.2405 -1.83688 4.72449
    endloop
  endfacet
  facet normal -0.60299 -0.0420514 -0.79664
    outer loop
      vertex -4.57485 -1.29592 4.94901
      vertex -4.41528 -1.24233 4.8254
      vertex -4.2405 -1.83688 4.72449
    endloop
  endfacet
  facet normal -0.776204 -0.12323 -0.618322
    outer loop
      vertex -4.50695 -1.98995 5.00209
      vertex -4.69629 -1.34586 5.11141
      vertex -4.39253 -1.91612 4.84374
    endloop
  endfacet
  facet normal -0.776202 -0.123228 -0.618325
    outer loop
      vertex -4.69629 -1.34586 5.11141
      vertex -4.57485 -1.29592 4.94901
      vertex -4.39253 -1.91612 4.84374
    endloop
  endfacet
  facet normal -0.896266 -0.195963 -0.397875
    outer loop
      vertex -4.57594 -2.05336 5.18873
      vertex -4.77133 -1.38874 5.30153
      vertex -4.50695 -1.98995 5.00209
    endloop
  endfacet
  facet normal -0.896248 -0.195925 -0.397936
    outer loop
      vertex -4.77133 -1.38874 5.30153
      vertex -4.69629 -1.34586 5.11141
      vertex -4.50695 -1.98995 5.00209
    endloop
  endfacet
  facet normal -0.955087 -0.255215 -0.150577
    outer loop
      vertex -4.59482 -2.10201 5.39094
      vertex -4.79483 -1.42165 5.50642
      vertex -4.57594 -2.05336 5.18873
    endloop
  endfacet
  facet normal -0.955088 -0.255234 -0.150541
    outer loop
      vertex -4.79483 -1.42165 5.50642
      vertex -4.77133 -1.38874 5.30153
      vertex -4.57594 -2.05336 5.18873
    endloop
  endfacet
  facet normal -0.948869 -0.297072 0.106751
    outer loop
      vertex -4.56229 -2.1326 5.59496
      vertex -4.76522 -1.44233 5.71211
      vertex -4.59482 -2.10201 5.39094
    endloop
  endfacet
  facet normal -0.948875 -0.297062 0.106728
    outer loop
      vertex -4.76522 -1.44233 5.71211
      vertex -4.79483 -1.42165 5.50642
      vertex -4.59482 -2.10201 5.39094
    endloop
  endfacet
  facet normal -0.878212 -0.318697 0.356617
    outer loop
      vertex -4.48058 -2.14303 5.78686
      vertex -4.68449 -1.44939 5.90459
      vertex -4.56229 -2.1326 5.59496
    endloop
  endfacet
  facet normal -0.878198 -0.318706 0.356644
    outer loop
      vertex -4.68449 -1.44939 5.90459
      vertex -4.76522 -1.44233 5.71211
      vertex -4.56229 -2.1326 5.59496
    endloop
  endfacet
  facet normal -0.777021 -0.193434 0.599017
    outer loop
      vertex -4.55816 -1.44233 6.07074
      vertex -4.68132 -0.727389 6.14185
      vertex -4.68449 -1.44939 5.90459
    endloop
  endfacet
  facet normal -0.777026 -0.193432 0.599012
    outer loop
      vertex -4.68132 -0.727389 6.14185
      vertex -4.80825 -0.730947 5.97605
      vertex -4.68449 -1.44939 5.90459
    endloop
  endfacet
  facet normal -0.593991 -0.180297 0.784008
    outer loop
      vertex -4.39483 -1.42165 6.19924
      vertex -4.51623 -0.716957 6.26932
      vertex -4.55816 -1.44233 6.07074
    endloop
  endfacet
  facet normal -0.59397 -0.180302 0.784023
    outer loop
      vertex -4.51623 -0.716957 6.26932
      vertex -4.68132 -0.727389 6.14185
      vertex -4.55816 -1.44233 6.07074
    endloop
  endfacet
  facet normal -0.370402 -0.154903 0.915864
    outer loop
      vertex -4.20564 -1.38874 6.28132
      vertex -4.32422 -0.700363 6.34979
      vertex -4.39483 -1.42165 6.19924
    endloop
  endfacet
  facet normal -0.37044 -0.154896 0.91585
    outer loop
      vertex -4.32422 -0.700363 6.34979
      vertex -4.51623 -0.716957 6.26932
      vertex -4.39483 -1.42165 6.19924
    endloop
  endfacet
  facet normal -0.121444 -0.118931 0.985447
    outer loop
      vertex -4.00347 -1.34586 6.31141
      vertex -4.1184 -0.678736 6.37776
      vertex -4.20564 -1.38874 6.28132
    endloop
  endfacet
  facet normal -0.121421 -0.118935 0.98545
    outer loop
      vertex -4.1184 -0.678736 6.37776
      vertex -4.32422 -0.700363 6.34979
      vertex -4.20564 -1.38874 6.28132
    endloop
  endfacet
  facet normal 0.136143 -0.0747843 0.987863
    outer loop
      vertex -3.80211 -1.29592 6.28744
      vertex -3.91277 -0.653552 6.35132
      vertex -4.00347 -1.34586 6.31141
    endloop
  endfacet
  facet normal 0.136179 -0.0747887 0.987857
    outer loop
      vertex -3.91277 -0.653552 6.35132
      vertex -4.1184 -0.678736 6.37776
      vertex -4.00347 -1.34586 6.31141
    endloop
  endfacet
  facet normal 0.384642 -0.0255168 0.922713
    outer loop
      vertex -3.61528 -1.24233 6.21104
      vertex -3.72136 -0.626526 6.27229
      vertex -3.80211 -1.29592 6.28744
    endloop
  endfacet
  facet normal 0.384585 -0.0255092 0.922737
    outer loop
      vertex -3.72136 -0.626526 6.27229
      vertex -3.91277 -0.653552 6.35132
      vertex -3.80211 -1.29592 6.28744
    endloop
  endfacet
  facet normal 0.606771 0.0255202 0.794467
    outer loop
      vertex -3.4557 -1.18874 6.08744
      vertex -3.55721 -0.5995 6.14604
      vertex -3.61528 -1.24233 6.21104
    endloop
  endfacet
  facet normal 0.606811 0.0255135 0.794436
    outer loop
      vertex -3.55721 -0.5995 6.14604
      vertex -3.72136 -0.626526 6.27229
      vertex -3.61528 -1.24233 6.21104
    endloop
  endfacet
  facet normal 0.78744 0.0747978 0.611836
    outer loop
      vertex -3.33426 -1.1388 5.92504
      vertex -3.4315 -0.574315 5.98118
      vertex -3.4557 -1.18874 6.08744
    endloop
  endfacet
  facet normal 0.787423 0.0748022 0.611858
    outer loop
      vertex -3.4315 -0.574315 5.98118
      vertex -3.55721 -0.5995 6.14604
      vertex -3.4557 -1.18874 6.08744
    endloop
  endfacet
  facet normal 0.914139 0.118927 0.387564
    outer loop
      vertex -3.25923 -1.09592 5.73491
      vertex -3.35281 -0.552689 5.78894
      vertex -3.33426 -1.1388 5.92504
    endloop
  endfacet
  facet normal 0.914139 0.118928 0.387565
    outer loop
      vertex -3.35281 -0.552689 5.78894
      vertex -3.4315 -0.574315 5.98118
      vertex -3.33426 -1.1388 5.92504
    endloop
  endfacet
  facet normal 0.978365 0.154899 0.137141
    outer loop
      vertex -3.23572 -1.06302 5.53003
      vertex -3.32649 -0.536095 5.58243
      vertex -3.25923 -1.09592 5.73491
    endloop
  endfacet
  facet normal 0.978365 0.154899 0.137141
    outer loop
      vertex -3.32649 -0.536095 5.58243
      vertex -3.35281 -0.552689 5.78894
      vertex -3.25923 -1.09592 5.73491
    endloop
  endfacet
  facet normal 0.975967 0.180293 -0.122401
    outer loop
      vertex -3.26534 -1.04233 5.32433
      vertex -3.35434 -0.525663 5.37572
      vertex -3.23572 -1.06302 5.53003
    endloop
  endfacet
  facet normal 0.975968 0.180295 -0.122393
    outer loop
      vertex -3.35434 -0.525663 5.37572
      vertex -3.32649 -0.536095 5.58243
      vertex -3.23572 -1.06302 5.53003
    endloop
  endfacet
  facet normal 0.907264 0.193428 -0.37344
    outer loop
      vertex -3.34607 -1.03528 5.13185
      vertex -3.43447 -0.522105 5.18289
      vertex -3.26534 -1.04233 5.32433
    endloop
  endfacet
  facet normal 0.907263 0.193428 -0.373442
    outer loop
      vertex -3.43447 -0.522105 5.18289
      vertex -3.35434 -0.525663 5.37572
      vertex -3.26534 -1.04233 5.32433
    endloop
  endfacet
  facet normal 0.777027 0.193429 -0.59901
    outer loop
      vertex -3.4724 -1.04233 4.9657
      vertex -3.5614 -0.525663 5.01709
      vertex -3.34607 -1.03528 5.13185
    endloop
  endfacet
  facet normal 0.777026 0.193429 -0.599012
    outer loop
      vertex -3.5614 -0.525663 5.01709
      vertex -3.43447 -0.522105 5.18289
      vertex -3.34607 -1.03528 5.13185
    endloop
  endfacet
  facet normal 0.593978 0.180288 -0.784019
    outer loop
      vertex -3.63572 -1.06302 4.83721
      vertex -3.72649 -0.536095 4.88961
      vertex -3.4724 -1.04233 4.9657
    endloop
  endfacet
  facet normal 0.594 0.180301 -0.784
    outer loop
      vertex -3.72649 -0.536095 4.88961
      vertex -3.5614 -0.525663 5.01709
      vertex -3.4724 -1.04233 4.9657
    endloop
  endfacet
  facet normal 0.370434 0.154897 -0.915852
    outer loop
      vertex -3.82492 -1.09592 4.75512
      vertex -3.91849 -0.552689 4.80915
      vertex -3.63572 -1.06302 4.83721
    endloop
  endfacet
  facet normal 0.370417 0.154887 -0.915861
    outer loop
      vertex -3.91849 -0.552689 4.80915
      vertex -3.72649 -0.536095 4.88961
      vertex -3.63572 -1.06302 4.83721
    endloop
  endfacet
  facet normal 0.121405 0.11892 -0.985454
    outer loop
      vertex -4.02708 -1.1388 4.72504
      vertex -4.12432 -0.574315 4.78118
      vertex -3.82492 -1.09592 4.75512
    endloop
  endfacet
  facet normal 0.121416 0.118927 -0.985451
    outer loop
      vertex -4.12432 -0.574315 4.78118
      vertex -3.91849 -0.552689 4.80915
      vertex -3.82492 -1.09592 4.75512
    endloop
  endfacet
  facet normal -0.136144 0.0747891 -0.987862
    outer loop
      vertex -4.22844 -1.18874 4.74901
      vertex -4.32995 -0.5995 4.80761
      vertex -4.02708 -1.1388 4.72504
    endloop
  endfacet
  facet normal -0.136133 0.0747958 -0.987863
    outer loop
      vertex -4.32995 -0.5995 4.80761
      vertex -4.12432 -0.574315 4.78118
      vertex -4.02708 -1.1388 4.72504
    endloop
  endfacet
  facet normal -0.384585 0.0255289 -0.922736
    outer loop
      vertex -4.41528 -1.24233 4.8254
      vertex -4.52136 -0.626526 4.88665
      vertex -4.22844 -1.18874 4.74901
    endloop
  endfacet
  facet normal -0.384625 0.0255042 -0.92272
    outer loop
      vertex -4.52136 -0.626526 4.88665
      vertex -4.32995 -0.5995 4.80761
      vertex -4.22844 -1.18874 4.74901
    endloop
  endfacet
  facet normal -0.606825 -0.0255235 -0.794425
    outer loop
      vertex -4.57485 -1.29592 4.94901
      vertex -4.68551 -0.653552 5.0129
      vertex -4.41528 -1.24233 4.8254
    endloop
  endfacet
  facet normal -0.606811 -0.0255135 -0.794436
    outer loop
      vertex -4.68551 -0.653552 5.0129
      vertex -4.52136 -0.626526 4.88665
      vertex -4.41528 -1.24233 4.8254
    endloop
  endfacet
  facet normal -0.787439 -0.0748061 -0.611837
    outer loop
      vertex -4.69629 -1.34586 5.11141
      vertex -4.81122 -0.678736 5.17776
      vertex -4.57485 -1.29592 4.94901
    endloop
  endfacet
  facet normal -0.787424 -0.0747933 -0.611857
    outer loop
      vertex -4.81122 -0.678736 5.17776
      vertex -4.68551 -0.653552 5.0129
      vertex -4.57485 -1.29592 4.94901
    endloop
  endfacet
  facet normal -0.914117 -0.118917 -0.387621
    outer loop
      vertex -4.77133 -1.38874 5.30153
      vertex -4.88991 -0.700363 5.36999
      vertex -4.69629 -1.34586 5.11141
    endloop
  endfacet
  facet normal -0.91413 -0.118936 -0.387583
    outer loop
      vertex -4.88991 -0.700363 5.36999
      vertex -4.81122 -0.678736 5.17776
      vertex -4.69629 -1.34586 5.11141
    endloop
  endfacet
  facet normal -0.978369 -0.154913 -0.137097
    outer loop
      vertex -4.79483 -1.42165 5.50642
      vertex -4.91623 -0.716957 5.5765
      vertex -4.77133 -1.38874 5.30153
    endloop
  endfacet
  facet normal -0.978366 -0.154895 -0.137141
    outer loop
      vertex -4.91623 -0.716957 5.5765
      vertex -4.88991 -0.700363 5.36999
      vertex -4.77133 -1.38874 5.30153
    endloop
  endfacet
  facet normal -0.975973 -0.180285 0.12237
    outer loop
      vertex -4.76522 -1.44233 5.71211
      vertex -4.88837 -0.727389 5.78322
      vertex -4.79483 -1.42165 5.50642
    endloop
  endfacet
  facet normal -0.975961 -0.180308 0.122433
    outer loop
      vertex -4.88837 -0.727389 5.78322
      vertex -4.91623 -0.716957 5.5765
      vertex -4.79483 -1.42165 5.50642
    endloop
  endfacet
  facet normal -0.907267 -0.19343 0.373431
    outer loop
      vertex -4.68449 -1.44939 5.90459
      vertex -4.80825 -0.730947 5.97605
      vertex -4.76522 -1.44233 5.71211
    endloop
  endfacet
  facet normal -0.907281 -0.193421 0.373402
    outer loop
      vertex -4.80825 -0.730947 5.97605
      vertex -4.88837 -0.727389 5.78322
      vertex -4.76522 -1.44233 5.71211
    endloop
  endfacet
  facet normal -0.791687 -0.0648497 0.607476
    outer loop
      vertex -4.68132 -0.727389 6.14185
      vertex -4.72261 0 6.16569
      vertex -4.80825 -0.730947 5.97605
    endloop
  endfacet
  facet normal -0.791703 -0.0648423 0.607455
    outer loop
      vertex -4.72261 0 6.16569
      vertex -4.84974 0 6
      vertex -4.80825 -0.730947 5.97605
    endloop
  endfacet
  facet normal -0.607636 -0.0604425 0.791913
    outer loop
      vertex -4.51623 -0.716957 6.26932
      vertex -4.55692 0 6.29282
      vertex -4.68132 -0.727389 6.14185
    endloop
  endfacet
  facet normal -0.607623 -0.0604466 0.791922
    outer loop
      vertex -4.55692 0 6.29282
      vertex -4.72261 0 6.16569
      vertex -4.68132 -0.727389 6.14185
    endloop
  endfacet
  facet normal -0.382179 -0.0519299 0.922628
    outer loop
      vertex -4.32422 -0.700363 6.34979
      vertex -4.36398 0 6.37274
      vertex -4.51623 -0.716957 6.26932
    endloop
  endfacet
  facet normal -0.382174 -0.0519312 0.92263
    outer loop
      vertex -4.36398 0 6.37274
      vertex -4.55692 0 6.29282
      vertex -4.51623 -0.716957 6.26932
    endloop
  endfacet
  facet normal -0.130437 -0.0398632 0.990655
    outer loop
      vertex -4.1184 -0.678736 6.37776
      vertex -4.15692 0 6.4
      vertex -4.32422 -0.700363 6.34979
    endloop
  endfacet
  facet normal -0.130423 -0.0398667 0.990657
    outer loop
      vertex -4.15692 0 6.4
      vertex -4.36398 0 6.37274
      vertex -4.32422 -0.700363 6.34979
    endloop
  endfacet
  facet normal 0.130511 -0.0250753 0.99113
    outer loop
      vertex -3.91277 -0.653552 6.35132
      vertex -3.94987 0 6.37274
      vertex -4.1184 -0.678736 6.37776
    endloop
  endfacet
  facet normal 0.130492 -0.0250705 0.991132
    outer loop
      vertex -3.94987 0 6.37274
      vertex -4.15692 0 6.4
      vertex -4.1184 -0.678736 6.37776
    endloop
  endfacet
  facet normal 0.382651 -0.00855451 0.923853
    outer loop
      vertex -3.72136 -0.626526 6.27229
      vertex -3.75692 0 6.29282
      vertex -3.91277 -0.653552 6.35132
    endloop
  endfacet
  facet normal 0.382659 -0.00855664 0.92385
    outer loop
      vertex -3.75692 0 6.29282
      vertex -3.94987 0 6.37274
      vertex -3.91277 -0.653552 6.35132
    endloop
  endfacet
  facet normal 0.608745 0.00855189 0.79332
    outer loop
      vertex -3.55721 -0.5995 6.14604
      vertex -3.59124 0 6.16569
      vertex -3.72136 -0.626526 6.27229
    endloop
  endfacet
  facet normal 0.608737 0.00855464 0.793326
    outer loop
      vertex -3.59124 0 6.16569
      vertex -3.75692 0 6.29282
      vertex -3.72136 -0.626526 6.27229
    endloop
  endfacet
  facet normal 0.793093 0.0250756 0.608584
    outer loop
      vertex -3.4315 -0.574315 5.98118
      vertex -3.4641 0 6
      vertex -3.55721 -0.5995 6.14604
    endloop
  endfacet
  facet normal 0.7931 0.0250721 0.608575
    outer loop
      vertex -3.4641 0 6
      vertex -3.59124 0 6.16569
      vertex -3.55721 -0.5995 6.14604
    endloop
  endfacet
  facet normal 0.923153 0.0398614 0.38236
    outer loop
      vertex -3.35281 -0.552689 5.78894
      vertex -3.38418 0 5.80706
      vertex -3.4315 -0.574315 5.98118
    endloop
  endfacet
  facet normal 0.923142 0.03987 0.382386
    outer loop
      vertex -3.38418 0 5.80706
      vertex -3.4641 0 6
      vertex -3.4315 -0.574315 5.98118
    endloop
  endfacet
  facet normal 0.990106 0.0519282 0.130363
    outer loop
      vertex -3.32649 -0.536095 5.58243
      vertex -3.35692 0 5.6
      vertex -3.35281 -0.552689 5.78894
    endloop
  endfacet
  facet normal 0.990107 0.0519238 0.13035
    outer loop
      vertex -3.35692 0 5.6
      vertex -3.38418 0 5.80706
      vertex -3.35281 -0.552689 5.78894
    endloop
  endfacet
  facet normal 0.989633 0.0604458 -0.130283
    outer loop
      vertex -3.35434 -0.525663 5.37572
      vertex -3.38418 0 5.39294
      vertex -3.32649 -0.536095 5.58243
    endloop
  endfacet
  facet normal 0.989632 0.0604439 -0.130288
    outer loop
      vertex -3.38418 0 5.39294
      vertex -3.35692 0 5.6
      vertex -3.32649 -0.536095 5.58243
    endloop
  endfacet
  facet normal 0.921924 0.0648357 -0.381907
    outer loop
      vertex -3.43447 -0.522105 5.18289
      vertex -3.4641 0 5.2
      vertex -3.35434 -0.525663 5.37572
    endloop
  endfacet
  facet normal 0.921932 0.0648448 -0.381885
    outer loop
      vertex -3.4641 0 5.2
      vertex -3.38418 0 5.39294
      vertex -3.35434 -0.525663 5.37572
    endloop
  endfacet
  facet normal 0.791687 0.0648413 -0.607476
    outer loop
      vertex -3.5614 -0.525663 5.01709
      vertex -3.59124 0 5.03431
      vertex -3.43447 -0.522105 5.18289
    endloop
  endfacet
  facet normal 0.79168 0.0648367 -0.607485
    outer loop
      vertex -3.59124 0 5.03431
      vertex -3.4641 0 5.2
      vertex -3.43447 -0.522105 5.18289
    endloop
  endfacet
  facet normal 0.607666 0.0604459 -0.791889
    outer loop
      vertex -3.72649 -0.536095 4.88961
      vertex -3.75692 0 4.90718
      vertex -3.5614 -0.525663 5.01709
    endloop
  endfacet
  facet normal 0.607646 0.0604356 -0.791905
    outer loop
      vertex -3.75692 0 4.90718
      vertex -3.59124 0 5.03431
      vertex -3.5614 -0.525663 5.01709
    endloop
  endfacet
  facet normal 0.382155 0.0519297 -0.922638
    outer loop
      vertex -3.91849 -0.552689 4.80915
      vertex -3.94987 0 4.82726
      vertex -3.72649 -0.536095 4.88961
    endloop
  endfacet
  facet normal 0.382157 0.0519307 -0.922637
    outer loop
      vertex -3.94987 0 4.82726
      vertex -3.75692 0 4.90718
      vertex -3.72649 -0.536095 4.88961
    endloop
  endfacet
  facet normal 0.13043 0.0398669 -0.990656
    outer loop
      vertex -4.12432 -0.574315 4.78118
      vertex -4.15692 0 4.8
      vertex -3.91849 -0.552689 4.80915
    endloop
  endfacet
  facet normal 0.130429 0.0398662 -0.990656
    outer loop
      vertex -4.15692 0 4.8
      vertex -3.94987 0 4.82726
      vertex -3.91849 -0.552689 4.80915
    endloop
  endfacet
  facet normal -0.130464 0.0250811 -0.991136
    outer loop
      vertex -4.32995 -0.5995 4.80761
      vertex -4.36398 0 4.82726
      vertex -4.12432 -0.574315 4.78118
    endloop
  endfacet
  facet normal -0.130485 0.0250721 -0.991133
    outer loop
      vertex -4.36398 0 4.82726
      vertex -4.15692 0 4.8
      vertex -4.12432 -0.574315 4.78118
    endloop
  endfacet
  facet normal -0.382692 0.00855163 -0.923836
    outer loop
      vertex -4.52136 -0.626526 4.88665
      vertex -4.55692 0 4.90718
      vertex -4.32995 -0.5995 4.80761
    endloop
  endfacet
  facet normal -0.382676 0.00855888 -0.923843
    outer loop
      vertex -4.55692 0 4.90718
      vertex -4.36398 0 4.82726
      vertex -4.32995 -0.5995 4.80761
    endloop
  endfacet
  facet normal -0.608743 -0.00856761 -0.793321
    outer loop
      vertex -4.68551 -0.653552 5.0129
      vertex -4.72261 0 5.03431
      vertex -4.52136 -0.626526 4.88665
    endloop
  endfacet
  facet normal -0.608714 -0.00855274 -0.793344
    outer loop
      vertex -4.72261 0 5.03431
      vertex -4.55692 0 4.90718
      vertex -4.52136 -0.626526 4.88665
    endloop
  endfacet
  facet normal -0.793094 -0.0250687 -0.608584
    outer loop
      vertex -4.81122 -0.678736 5.17776
      vertex -4.84974 0 5.2
      vertex -4.68551 -0.653552 5.0129
    endloop
  endfacet
  facet normal -0.793123 -0.0250874 -0.608544
    outer loop
      vertex -4.84974 0 5.2
      vertex -4.72261 0 5.03431
      vertex -4.68551 -0.653552 5.0129
    endloop
  endfacet
  facet normal -0.923146 -0.0398643 -0.382378
    outer loop
      vertex -4.88991 -0.700363 5.36999
      vertex -4.92966 0 5.39294
      vertex -4.81122 -0.678736 5.17776
    endloop
  endfacet
  facet normal -0.923142 -0.0398611 -0.382386
    outer loop
      vertex -4.92966 0 5.39294
      vertex -4.84974 0 5.2
      vertex -4.81122 -0.678736 5.17776
    endloop
  endfacet
  facet normal -0.990106 -0.0519193 -0.130362
    outer loop
      vertex -4.91623 -0.716957 5.5765
      vertex -4.95692 0 5.6
      vertex -4.88991 -0.700363 5.36999
    endloop
  endfacet
  facet normal -0.990107 -0.0519234 -0.13035
    outer loop
      vertex -4.95692 0 5.6
      vertex -4.92966 0 5.39294
      vertex -4.88991 -0.700363 5.36999
    endloop
  endfacet
  facet normal -0.989627 -0.0604472 0.130323
    outer loop
      vertex -4.88837 -0.727389 5.78322
      vertex -4.92966 0 5.80706
      vertex -4.91623 -0.716957 5.5765
    endloop
  endfacet
  facet normal -0.989633 -0.0604359 0.130288
    outer loop
      vertex -4.92966 0 5.80706
      vertex -4.95692 0 5.6
      vertex -4.91623 -0.716957 5.5765
    endloop
  endfacet
  facet normal -0.92194 -0.0648433 0.381866
    outer loop
      vertex -4.80825 -0.730947 5.97605
      vertex -4.84974 0 6
      vertex -4.88837 -0.727389 5.78322
    endloop
  endfacet
  facet normal -0.921932 -0.0648493 0.381885
    outer loop
      vertex -4.84974 0 6
      vertex -4.92966 0 5.80706
      vertex -4.88837 -0.727389 5.78322
    endloop
  endfacet
endsolid OpenSCAD_Model
