solid OpenSCAD_Model
  facet normal -0.921936 0.0648481 -0.381876
    outer loop
      vertex -1.52966 3 0.592945
      vertex -1.48837 3.72739 0.616783
      vertex -1.44974 3 0.4
    endloop
  endfacet
  facet normal -0.92194 0.0648451 -0.381867
    outer loop
      vertex -1.48837 3.72739 0.616783
      vertex -1.40825 3.73095 0.423954
      vertex -1.44974 3 0.4
    endloop
  endfacet
  facet normal -0.989632 0.060435 -0.130291
    outer loop
      vertex -1.55692 3 0.8
      vertex -1.51623 3.71696 0.823496
      vertex -1.52966 3 0.592945
    endloop
  endfacet
  facet normal -0.989627 0.0604469 -0.130328
    outer loop
      vertex -1.51623 3.71696 0.823496
      vertex -1.48837 3.72739 0.616783
      vertex -1.52966 3 0.592945
    endloop
  endfacet
  facet normal -0.990107 0.0519236 0.13035
    outer loop
      vertex -1.52966 3 1.00706
      vertex -1.48991 3.70036 1.03001
      vertex -1.55692 3 0.8
    endloop
  endfacet
  facet normal -0.990106 0.0519198 0.130361
    outer loop
      vertex -1.48991 3.70036 1.03001
      vertex -1.51623 3.71696 0.823496
      vertex -1.55692 3 0.8
    endloop
  endfacet
  facet normal -0.923143 0.0398609 0.382386
    outer loop
      vertex -1.44974 3 1.2
      vertex -1.41122 3.67874 1.22224
      vertex -1.52966 3 1.00706
    endloop
  endfacet
  facet normal -0.923146 0.0398645 0.382377
    outer loop
      vertex -1.41122 3.67874 1.22224
      vertex -1.48991 3.70036 1.03001
      vertex -1.52966 3 1.00706
    endloop
  endfacet
  facet normal -0.793123 0.0250875 0.608544
    outer loop
      vertex -1.32261 3 1.36569
      vertex -1.28551 3.65355 1.3871
      vertex -1.44974 3 1.2
    endloop
  endfacet
  facet normal -0.793093 0.0250686 0.608584
    outer loop
      vertex -1.28551 3.65355 1.3871
      vertex -1.41122 3.67874 1.22224
      vertex -1.44974 3 1.2
    endloop
  endfacet
  facet normal -0.608714 0.00855269 0.793344
    outer loop
      vertex -1.15692 3 1.49282
      vertex -1.12136 3.62653 1.51335
      vertex -1.32261 3 1.36569
    endloop
  endfacet
  facet normal -0.608744 0.00856765 0.793321
    outer loop
      vertex -1.12136 3.62653 1.51335
      vertex -1.28551 3.65355 1.3871
      vertex -1.32261 3 1.36569
    endloop
  endfacet
  facet normal -0.382671 -0.00855987 0.923845
    outer loop
      vertex -0.963977 3 1.57274
      vertex -0.929948 3.5995 1.59239
      vertex -1.15692 3 1.49282
    endloop
  endfacet
  facet normal -0.382689 -0.00855181 0.923838
    outer loop
      vertex -0.929948 3.5995 1.59239
      vertex -1.12136 3.62653 1.51335
      vertex -1.15692 3 1.49282
    endloop
  endfacet
  facet normal -0.130488 -0.0250717 0.991133
    outer loop
      vertex -0.756922 3 1.6
      vertex -0.724322 3.57432 1.61882
      vertex -0.963977 3 1.57274
    endloop
  endfacet
  facet normal -0.130466 -0.0250812 0.991135
    outer loop
      vertex -0.724322 3.57432 1.61882
      vertex -0.929948 3.5995 1.59239
      vertex -0.963977 3 1.57274
    endloop
  endfacet
  facet normal 0.130426 -0.0398641 0.990656
    outer loop
      vertex -0.549867 3 1.57274
      vertex -0.518495 3.55269 1.59085
      vertex -0.756922 3 1.6
    endloop
  endfacet
  facet normal 0.130431 -0.0398666 0.990655
    outer loop
      vertex -0.518495 3.55269 1.59085
      vertex -0.724322 3.57432 1.61882
      vertex -0.756922 3 1.6
    endloop
  endfacet
  facet normal 0.382165 -0.0519315 0.922634
    outer loop
      vertex -0.356922 3 1.49282
      vertex -0.326492 3.53609 1.51039
      vertex -0.549867 3 1.57274
    endloop
  endfacet
  facet normal 0.382149 -0.0519239 0.922641
    outer loop
      vertex -0.326492 3.53609 1.51039
      vertex -0.518495 3.55269 1.59085
      vertex -0.549867 3 1.57274
    endloop
  endfacet
  facet normal 0.607635 -0.0604333 0.791914
    outer loop
      vertex -0.191237 3 1.36569
      vertex -0.161399 3.52566 1.38291
      vertex -0.356922 3 1.49282
    endloop
  endfacet
  facet normal 0.607659 -0.0604463 0.791894
    outer loop
      vertex -0.161399 3.52566 1.38291
      vertex -0.326492 3.53609 1.51039
      vertex -0.356922 3 1.49282
    endloop
  endfacet
  facet normal 0.79169 -0.0648464 0.607471
    outer loop
      vertex -0.0641016 3 1.2
      vertex -0.0344657 3.5221 1.21711
      vertex -0.191237 3 1.36569
    endloop
  endfacet
  facet normal 0.791679 -0.0648386 0.607487
    outer loop
      vertex -0.0344657 3.5221 1.21711
      vertex -0.161399 3.52566 1.38291
      vertex -0.191237 3 1.36569
    endloop
  endfacet
  facet normal 0.921932 -0.0648415 0.381886
    outer loop
      vertex 0.0158187 3 1.00706
      vertex 0.0456566 3.52566 1.02428
      vertex -0.0641016 3 1.2
    endloop
  endfacet
  facet normal 0.921937 -0.0648464 0.381874
    outer loop
      vertex 0.0456566 3.52566 1.02428
      vertex -0.0344657 3.5221 1.21711
      vertex -0.0641016 3 1.2
    endloop
  endfacet
  facet normal 0.989632 -0.0604439 0.130285
    outer loop
      vertex 0.0430781 3 0.8
      vertex 0.073508 3.53609 0.817569
      vertex 0.0158187 3 1.00706
    endloop
  endfacet
  facet normal 0.989632 -0.0604423 0.130289
    outer loop
      vertex 0.073508 3.53609 0.817569
      vertex 0.0456566 3.52566 1.02428
      vertex 0.0158187 3 1.00706
    endloop
  endfacet
  facet normal 0.990107 -0.051929 -0.130351
    outer loop
      vertex 0.0158187 3 0.592945
      vertex 0.0471906 3.55269 0.611057
      vertex 0.0430781 3 0.8
    endloop
  endfacet
  facet normal 0.990107 -0.0519292 -0.130351
    outer loop
      vertex 0.0471906 3.55269 0.611057
      vertex 0.073508 3.53609 0.817569
      vertex 0.0430781 3 0.8
    endloop
  endfacet
  facet normal 0.923145 -0.0398684 -0.382379
    outer loop
      vertex -0.0641016 3 0.4
      vertex -0.0315022 3.57432 0.418821
      vertex 0.0158187 3 0.592945
    endloop
  endfacet
  facet normal 0.923145 -0.0398689 -0.38238
    outer loop
      vertex -0.0315022 3.57432 0.418821
      vertex 0.0471906 3.55269 0.611057
      vertex 0.0158187 3 0.592945
    endloop
  endfacet
  facet normal 0.793102 -0.025075 -0.608573
    outer loop
      vertex -0.191237 3 0.234315
      vertex -0.157208 3.5995 0.253961
      vertex -0.0641016 3 0.4
    endloop
  endfacet
  facet normal 0.793103 -0.0250745 -0.608571
    outer loop
      vertex -0.157208 3.5995 0.253961
      vertex -0.0315022 3.57432 0.418821
      vertex -0.0641016 3 0.4
    endloop
  endfacet
  facet normal 0.60874 -0.00855525 -0.793323
    outer loop
      vertex -0.356922 3 0.10718
      vertex -0.321359 3.62653 0.127712
      vertex -0.191237 3 0.234315
    endloop
  endfacet
  facet normal 0.608739 -0.00855569 -0.793324
    outer loop
      vertex -0.321359 3.62653 0.127712
      vertex -0.157208 3.5995 0.253961
      vertex -0.191237 3 0.234315
    endloop
  endfacet
  facet normal 0.382671 0.00855494 -0.923845
    outer loop
      vertex -0.549867 3 0.0272593
      vertex -0.51277 3.65355 0.0486774
      vertex -0.356922 3 0.10718
    endloop
  endfacet
  facet normal 0.382668 0.00855437 -0.923846
    outer loop
      vertex -0.51277 3.65355 0.0486774
      vertex -0.321359 3.62653 0.127712
      vertex -0.356922 3 0.10718
    endloop
  endfacet
  facet normal 0.130485 0.0250744 -0.991133
    outer loop
      vertex -0.756922 3 0
      vertex -0.718395 3.67874 0.0222434
      vertex -0.549867 3 0.0272593
    endloop
  endfacet
  facet normal 0.130486 0.0250746 -0.991133
    outer loop
      vertex -0.718395 3.67874 0.0222434
      vertex -0.51277 3.65355 0.0486774
      vertex -0.549867 3 0.0272593
    endloop
  endfacet
  facet normal -0.130422 0.0398687 -0.990657
    outer loop
      vertex -0.963977 3 0.0272593
      vertex -0.924223 3.70036 0.0502114
      vertex -0.756922 3 0
    endloop
  endfacet
  facet normal -0.130423 0.0398685 -0.990657
    outer loop
      vertex -0.924223 3.70036 0.0502114
      vertex -0.718395 3.67874 0.0222434
      vertex -0.756922 3 0
    endloop
  endfacet
  facet normal -0.382172 0.0519258 -0.922631
    outer loop
      vertex -1.15692 3 0.10718
      vertex -1.11623 3.71696 0.130676
      vertex -0.963977 3 0.0272593
    endloop
  endfacet
  facet normal -0.382161 0.0519288 -0.922636
    outer loop
      vertex -1.11623 3.71696 0.130676
      vertex -0.924223 3.70036 0.0502114
      vertex -0.963977 3 0.0272593
    endloop
  endfacet
  facet normal -0.607638 0.0604437 -0.791911
    outer loop
      vertex -1.32261 3 0.234315
      vertex -1.28132 3.72739 0.258152
      vertex -1.15692 3 0.10718
    endloop
  endfacet
  facet normal -0.607654 0.0604384 -0.791898
    outer loop
      vertex -1.28132 3.72739 0.258152
      vertex -1.11623 3.71696 0.130676
      vertex -1.15692 3 0.10718
    endloop
  endfacet
  facet normal -0.791694 0.0648453 -0.607466
    outer loop
      vertex -1.44974 3 0.4
      vertex -1.40825 3.73095 0.423954
      vertex -1.32261 3 0.234315
    endloop
  endfacet
  facet normal -0.79169 0.0648472 -0.607472
    outer loop
      vertex -1.40825 3.73095 0.423954
      vertex -1.28132 3.72739 0.258152
      vertex -1.32261 3 0.234315
    endloop
  endfacet
  facet normal -0.907282 0.193418 -0.373403
    outer loop
      vertex -1.48837 3.72739 0.616783
      vertex -1.36522 4.44233 0.687888
      vertex -1.40825 3.73095 0.423954
    endloop
  endfacet
  facet normal -0.907268 0.193428 -0.373432
    outer loop
      vertex -1.36522 4.44233 0.687888
      vertex -1.28449 4.44939 0.495408
      vertex -1.40825 3.73095 0.423954
    endloop
  endfacet
  facet normal -0.97596 0.18031 -0.122438
    outer loop
      vertex -1.51623 3.71696 0.823496
      vertex -1.39483 4.42165 0.893582
      vertex -1.48837 3.72739 0.616783
    endloop
  endfacet
  facet normal -0.975973 0.180284 -0.122368
    outer loop
      vertex -1.39483 4.42165 0.893582
      vertex -1.36522 4.44233 0.687888
      vertex -1.48837 3.72739 0.616783
    endloop
  endfacet
  facet normal -0.978366 0.154894 0.137142
    outer loop
      vertex -1.48991 3.70036 1.03001
      vertex -1.37133 4.38874 1.09847
      vertex -1.51623 3.71696 0.823496
    endloop
  endfacet
  facet normal -0.978369 0.154913 0.137099
    outer loop
      vertex -1.37133 4.38874 1.09847
      vertex -1.39483 4.42165 0.893582
      vertex -1.51623 3.71696 0.823496
    endloop
  endfacet
  facet normal -0.914131 0.118937 0.38758
    outer loop
      vertex -1.41122 3.67874 1.22224
      vertex -1.29629 4.34586 1.28859
      vertex -1.48991 3.70036 1.03001
    endloop
  endfacet
  facet normal -0.914117 0.118916 0.387621
    outer loop
      vertex -1.29629 4.34586 1.28859
      vertex -1.37133 4.38874 1.09847
      vertex -1.48991 3.70036 1.03001
    endloop
  endfacet
  facet normal -0.787423 0.0747927 0.611859
    outer loop
      vertex -1.28551 3.65355 1.3871
      vertex -1.17485 4.29592 1.45099
      vertex -1.41122 3.67874 1.22224
    endloop
  endfacet
  facet normal -0.787438 0.0748065 0.611837
    outer loop
      vertex -1.17485 4.29592 1.45099
      vertex -1.29629 4.34586 1.28859
      vertex -1.41122 3.67874 1.22224
    endloop
  endfacet
  facet normal -0.606812 0.0255138 0.794436
    outer loop
      vertex -1.12136 3.62653 1.51335
      vertex -1.01528 4.24233 1.5746
      vertex -1.28551 3.65355 1.3871
    endloop
  endfacet
  facet normal -0.606825 0.0255234 0.794425
    outer loop
      vertex -1.01528 4.24233 1.5746
      vertex -1.17485 4.29592 1.45099
      vertex -1.28551 3.65355 1.3871
    endloop
  endfacet
  facet normal -0.384623 -0.0255087 0.922721
    outer loop
      vertex -0.929948 3.5995 1.59239
      vertex -0.828444 4.18874 1.65099
      vertex -1.12136 3.62653 1.51335
    endloop
  endfacet
  facet normal -0.384592 -0.0255276 0.922734
    outer loop
      vertex -0.828444 4.18874 1.65099
      vertex -1.01528 4.24233 1.5746
      vertex -1.12136 3.62653 1.51335
    endloop
  endfacet
  facet normal -0.136134 -0.0747963 0.987863
    outer loop
      vertex -0.724322 3.57432 1.61882
      vertex -0.627082 4.1388 1.67496
      vertex -0.929948 3.5995 1.59239
    endloop
  endfacet
  facet normal -0.136143 -0.0747906 0.987862
    outer loop
      vertex -0.627082 4.1388 1.67496
      vertex -0.828444 4.18874 1.65099
      vertex -0.929948 3.5995 1.59239
    endloop
  endfacet
  facet normal 0.121416 -0.118929 0.985451
    outer loop
      vertex -0.518495 3.55269 1.59085
      vertex -0.424916 4.09592 1.64488
      vertex -0.724322 3.57432 1.61882
    endloop
  endfacet
  facet normal 0.121401 -0.118921 0.985454
    outer loop
      vertex -0.424916 4.09592 1.64488
      vertex -0.627082 4.1388 1.67496
      vertex -0.724322 3.57432 1.61882
    endloop
  endfacet
  facet normal 0.370408 -0.154884 0.915865
    outer loop
      vertex -0.326492 3.53609 1.51039
      vertex -0.235723 4.06302 1.56279
      vertex -0.518495 3.55269 1.59085
    endloop
  endfacet
  facet normal 0.370444 -0.154905 0.915847
    outer loop
      vertex -0.235723 4.06302 1.56279
      vertex -0.424916 4.09592 1.64488
      vertex -0.518495 3.55269 1.59085
    endloop
  endfacet
  facet normal 0.593994 -0.180303 0.784004
    outer loop
      vertex -0.161399 3.52566 1.38291
      vertex -0.0723957 4.04233 1.4343
      vertex -0.326492 3.53609 1.51039
    endloop
  endfacet
  facet normal 0.593962 -0.180283 0.784032
    outer loop
      vertex -0.0723957 4.04233 1.4343
      vertex -0.235723 4.06302 1.56279
      vertex -0.326492 3.53609 1.51039
    endloop
  endfacet
  facet normal 0.777018 -0.193427 0.599023
    outer loop
      vertex -0.0344657 3.5221 1.21711
      vertex 0.0539348 4.03528 1.26815
      vertex -0.161399 3.52566 1.38291
    endloop
  endfacet
  facet normal 0.777026 -0.193433 0.599011
    outer loop
      vertex 0.0539348 4.03528 1.26815
      vertex -0.0723957 4.04233 1.4343
      vertex -0.161399 3.52566 1.38291
    endloop
  endfacet
  facet normal 0.907276 -0.193431 0.373409
    outer loop
      vertex 0.0456566 3.52566 1.02428
      vertex 0.13466 4.04233 1.07567
      vertex -0.0344657 3.5221 1.21711
    endloop
  endfacet
  facet normal 0.907272 -0.193427 0.373421
    outer loop
      vertex 0.13466 4.04233 1.07567
      vertex 0.0539348 4.03528 1.26815
      vertex -0.0344657 3.5221 1.21711
    endloop
  endfacet
  facet normal 0.975967 -0.180293 0.122401
    outer loop
      vertex 0.073508 3.53609 0.817569
      vertex 0.164277 4.06302 0.869974
      vertex 0.0456566 3.52566 1.02428
    endloop
  endfacet
  facet normal 0.975968 -0.180297 0.122389
    outer loop
      vertex 0.164277 4.06302 0.869974
      vertex 0.13466 4.04233 1.07567
      vertex 0.0456566 3.52566 1.02428
    endloop
  endfacet
  facet normal 0.978367 -0.154899 -0.137132
    outer loop
      vertex 0.0471906 3.55269 0.611057
      vertex 0.14077 4.09592 0.665085
      vertex 0.073508 3.53609 0.817569
    endloop
  endfacet
  facet normal 0.978368 -0.154897 -0.137121
    outer loop
      vertex 0.14077 4.09592 0.665085
      vertex 0.164277 4.06302 0.869974
      vertex 0.073508 3.53609 0.817569
    endloop
  endfacet
  facet normal 0.91413 -0.118925 -0.387585
    outer loop
      vertex -0.0315022 3.57432 0.418821
      vertex 0.0657384 4.1388 0.474963
      vertex 0.0471906 3.55269 0.611057
    endloop
  endfacet
  facet normal 0.914131 -0.118925 -0.387584
    outer loop
      vertex 0.0657384 4.1388 0.474963
      vertex 0.14077 4.09592 0.665085
      vertex 0.0471906 3.55269 0.611057
    endloop
  endfacet
  facet normal 0.787435 -0.0747951 -0.611843
    outer loop
      vertex -0.157208 3.5995 0.253961
      vertex -0.0557028 4.18874 0.312565
      vertex -0.0315022 3.57432 0.418821
    endloop
  endfacet
  facet normal 0.787434 -0.0747953 -0.611844
    outer loop
      vertex -0.0557028 4.18874 0.312565
      vertex 0.0657384 4.1388 0.474963
      vertex -0.0315022 3.57432 0.418821
    endloop
  endfacet
  facet normal 0.606805 -0.0255182 -0.794441
    outer loop
      vertex -0.321359 3.62653 0.127712
      vertex -0.215278 4.24233 0.188958
      vertex -0.157208 3.5995 0.253961
    endloop
  endfacet
  facet normal 0.606805 -0.0255183 -0.794441
    outer loop
      vertex -0.215278 4.24233 0.188958
      vertex -0.0557028 4.18874 0.312565
      vertex -0.157208 3.5995 0.253961
    endloop
  endfacet
  facet normal 0.384602 0.0255181 -0.92273
    outer loop
      vertex -0.51277 3.65355 0.0486774
      vertex -0.402113 4.29592 0.112565
      vertex -0.321359 3.62653 0.127712
    endloop
  endfacet
  facet normal 0.384604 0.0255184 -0.922729
    outer loop
      vertex -0.402113 4.29592 0.112565
      vertex -0.215278 4.24233 0.188958
      vertex -0.321359 3.62653 0.127712
    endloop
  endfacet
  facet normal 0.136156 0.0747944 -0.98786
    outer loop
      vertex -0.718395 3.67874 0.0222434
      vertex -0.603475 4.34586 0.0885928
      vertex -0.51277 3.65355 0.0486774
    endloop
  endfacet
  facet normal 0.136155 0.0747942 -0.98786
    outer loop
      vertex -0.603475 4.34586 0.0885928
      vertex -0.402113 4.29592 0.112565
      vertex -0.51277 3.65355 0.0486774
    endloop
  endfacet
  facet normal -0.121412 0.118924 -0.985452
    outer loop
      vertex -0.924223 3.70036 0.0502114
      vertex -0.805641 4.38874 0.118675
      vertex -0.718395 3.67874 0.0222434
    endloop
  endfacet
  facet normal -0.121411 0.118924 -0.985452
    outer loop
      vertex -0.805641 4.38874 0.118675
      vertex -0.603475 4.34586 0.0885928
      vertex -0.718395 3.67874 0.0222434
    endloop
  endfacet
  facet normal -0.370418 0.154898 -0.915859
    outer loop
      vertex -1.11623 3.71696 0.130676
      vertex -0.994834 4.42165 0.200761
      vertex -0.924223 3.70036 0.0502114
    endloop
  endfacet
  facet normal -0.370423 0.154897 -0.915857
    outer loop
      vertex -0.994834 4.42165 0.200761
      vertex -0.805641 4.38874 0.118675
      vertex -0.924223 3.70036 0.0502114
    endloop
  endfacet
  facet normal -0.593989 0.1803 -0.784008
    outer loop
      vertex -1.28132 3.72739 0.258152
      vertex -1.15816 4.44233 0.329258
      vertex -1.11623 3.71696 0.130676
    endloop
  endfacet
  facet normal -0.59399 0.180299 -0.784008
    outer loop
      vertex -1.15816 4.44233 0.329258
      vertex -0.994834 4.42165 0.200761
      vertex -1.11623 3.71696 0.130676
    endloop
  endfacet
  facet normal -0.777029 0.193428 -0.599009
    outer loop
      vertex -1.40825 3.73095 0.423954
      vertex -1.28449 4.44939 0.495408
      vertex -1.28132 3.72739 0.258152
    endloop
  endfacet
  facet normal -0.777022 0.193431 -0.599017
    outer loop
      vertex -1.28449 4.44939 0.495408
      vertex -1.15816 4.44233 0.329258
      vertex -1.28132 3.72739 0.258152
    endloop
  endfacet
  facet normal -0.878197 0.31871 -0.356643
    outer loop
      vertex -1.36522 4.44233 0.687888
      vertex -1.16229 5.1326 0.805045
      vertex -1.28449 4.44939 0.495408
    endloop
  endfacet
  facet normal -0.878218 0.318696 -0.356604
    outer loop
      vertex -1.16229 5.1326 0.805045
      vertex -1.08058 5.14303 0.613137
      vertex -1.28449 4.44939 0.495408
    endloop
  endfacet
  facet normal -0.948875 0.297062 -0.106726
    outer loop
      vertex -1.39483 4.42165 0.893582
      vertex -1.19482 5.10201 1.00906
      vertex -1.36522 4.44233 0.687888
    endloop
  endfacet
  facet normal -0.948868 0.297073 -0.106753
    outer loop
      vertex -1.19482 5.10201 1.00906
      vertex -1.16229 5.1326 0.805045
      vertex -1.36522 4.44233 0.687888
    endloop
  endfacet
  facet normal -0.955088 0.255234 0.150542
    outer loop
      vertex -1.37133 4.38874 1.09847
      vertex -1.17594 5.05336 1.21127
      vertex -1.39483 4.42165 0.893582
    endloop
  endfacet
  facet normal -0.955087 0.255216 0.150578
    outer loop
      vertex -1.17594 5.05336 1.21127
      vertex -1.19482 5.10201 1.00906
      vertex -1.39483 4.42165 0.893582
    endloop
  endfacet
  facet normal -0.896248 0.195925 0.397936
    outer loop
      vertex -1.29629 4.34586 1.28859
      vertex -1.10695 4.98995 1.39791
      vertex -1.37133 4.38874 1.09847
    endloop
  endfacet
  facet normal -0.896266 0.195963 0.397875
    outer loop
      vertex -1.10695 4.98995 1.39791
      vertex -1.17594 5.05336 1.21127
      vertex -1.37133 4.38874 1.09847
    endloop
  endfacet
  facet normal -0.776202 0.123227 0.618325
    outer loop
      vertex -1.17485 4.29592 1.45099
      vertex -0.992531 4.91612 1.55626
      vertex -1.29629 4.34586 1.28859
    endloop
  endfacet
  facet normal -0.776206 0.123231 0.618319
    outer loop
      vertex -0.992531 4.91612 1.55626
      vertex -1.10695 4.98995 1.39791
      vertex -1.29629 4.34586 1.28859
    endloop
  endfacet
  facet normal -0.602989 0.0420561 0.79664
    outer loop
      vertex -1.01528 4.24233 1.5746
      vertex -0.840495 4.83688 1.67551
      vertex -1.17485 4.29592 1.45099
    endloop
  endfacet
  facet normal -0.60296 0.0420291 0.796663
    outer loop
      vertex -0.840495 4.83688 1.67551
      vertex -0.992531 4.91612 1.55626
      vertex -1.17485 4.29592 1.45099
    endloop
  endfacet
  facet normal -0.388427 -0.042052 0.92052
    outer loop
      vertex -0.828444 4.18874 1.65099
      vertex -0.6612 4.75764 1.74755
      vertex -1.01528 4.24233 1.5746
    endloop
  endfacet
  facet normal -0.388439 -0.0420415 0.920515
    outer loop
      vertex -0.6612 4.75764 1.74755
      vertex -0.840495 4.83688 1.67551
      vertex -1.01528 4.24233 1.5746
    endloop
  endfacet
  facet normal -0.147385 -0.123233 0.981372
    outer loop
      vertex -0.627082 4.1388 1.67496
      vertex -0.466864 4.68381 1.76746
      vertex -0.828444 4.18874 1.65099
    endloop
  endfacet
  facet normal -0.147366 -0.123247 0.981373
    outer loop
      vertex -0.466864 4.68381 1.76746
      vertex -0.6612 4.75764 1.74755
      vertex -0.828444 4.18874 1.65099
    endloop
  endfacet
  facet normal 0.103529 -0.195945 0.975135
    outer loop
      vertex -0.424916 4.09592 1.64488
      vertex -0.270731 4.6204 1.7339
      vertex -0.627082 4.1388 1.67496
    endloop
  endfacet
  facet normal 0.10351 -0.195931 0.975139
    outer loop
      vertex -0.270731 4.6204 1.7339
      vertex -0.466864 4.68381 1.76746
      vertex -0.627082 4.1388 1.67496
    endloop
  endfacet
  facet normal 0.347166 -0.25523 0.902404
    outer loop
      vertex -0.235723 4.06302 1.56279
      vertex -0.0861674 4.57175 1.64914
      vertex -0.424916 4.09592 1.64488
    endloop
  endfacet
  facet normal 0.347153 -0.255221 0.902412
    outer loop
      vertex -0.0861674 4.57175 1.64914
      vertex -0.270731 4.6204 1.7339
      vertex -0.424916 4.09592 1.64488
    endloop
  endfacet
  facet normal 0.566866 -0.297049 0.768391
    outer loop
      vertex -0.0723957 4.04233 1.4343
      vertex 0.0742495 4.54117 1.51896
      vertex -0.235723 4.06302 1.56279
    endloop
  endfacet
  facet normal 0.566899 -0.297074 0.768357
    outer loop
      vertex 0.0742495 4.54117 1.51896
      vertex -0.0861674 4.57175 1.64914
      vertex -0.235723 4.06302 1.56279
    endloop
  endfacet
  facet normal 0.747958 -0.318703 0.582226
    outer loop
      vertex 0.0539348 4.03528 1.26815
      vertex 0.199587 4.53073 1.35224
      vertex -0.0723957 4.04233 1.4343
    endloop
  endfacet
  facet normal 0.747945 -0.318691 0.58225
    outer loop
      vertex 0.199587 4.53073 1.35224
      vertex 0.0742495 4.54117 1.51896
      vertex -0.0723957 4.04233 1.4343
    endloop
  endfacet
  facet normal 0.878203 -0.318694 0.356641
    outer loop
      vertex 0.13466 4.04233 1.07567
      vertex 0.281305 4.54117 1.16033
      vertex 0.0539348 4.03528 1.26815
    endloop
  endfacet
  facet normal 0.87821 -0.318703 0.356617
    outer loop
      vertex 0.281305 4.54117 1.16033
      vertex 0.199587 4.53073 1.35224
      vertex 0.0539348 4.03528 1.26815
    endloop
  endfacet
  facet normal 0.948872 -0.297066 0.106742
    outer loop
      vertex 0.164277 4.06302 0.869974
      vertex 0.313833 4.57175 0.95632
      vertex 0.13466 4.04233 1.07567
    endloop
  endfacet
  facet normal 0.948871 -0.297061 0.106763
    outer loop
      vertex 0.313833 4.57175 0.95632
      vertex 0.281305 4.54117 1.16033
      vertex 0.13466 4.04233 1.07567
    endloop
  endfacet
  facet normal 0.955089 -0.255218 -0.150559
    outer loop
      vertex 0.14077 4.09592 0.665085
      vertex 0.294954 4.6204 0.754104
      vertex 0.164277 4.06302 0.869974
    endloop
  endfacet
  facet normal 0.955087 -0.25522 -0.150569
    outer loop
      vertex 0.294954 4.6204 0.754104
      vertex 0.313833 4.57175 0.95632
      vertex 0.164277 4.06302 0.869974
    endloop
  endfacet
  facet normal 0.89626 -0.195941 -0.397901
    outer loop
      vertex 0.0657384 4.1388 0.474963
      vertex 0.225956 4.68381 0.567465
      vertex 0.14077 4.09592 0.665085
    endloop
  endfacet
  facet normal 0.896258 -0.195942 -0.397905
    outer loop
      vertex 0.225956 4.68381 0.567465
      vertex 0.294954 4.6204 0.754104
      vertex 0.14077 4.09592 0.665085
    endloop
  endfacet
  facet normal 0.776193 -0.123235 -0.618334
    outer loop
      vertex -0.0557028 4.18874 0.312565
      vertex 0.111541 4.75764 0.409123
      vertex 0.0657384 4.1388 0.474963
    endloop
  endfacet
  facet normal 0.776199 -0.123235 -0.618327
    outer loop
      vertex 0.111541 4.75764 0.409123
      vertex 0.225956 4.68381 0.567465
      vertex 0.0657384 4.1388 0.474963
    endloop
  endfacet
  facet normal 0.60297 -0.0420444 -0.796655
    outer loop
      vertex -0.215278 4.24233 0.188958
      vertex -0.0404951 4.83688 0.289869
      vertex -0.0557028 4.18874 0.312565
    endloop
  endfacet
  facet normal 0.602968 -0.0420444 -0.796657
    outer loop
      vertex -0.0404951 4.83688 0.289869
      vertex 0.111541 4.75764 0.409123
      vertex -0.0557028 4.18874 0.312565
    endloop
  endfacet
  facet normal 0.388439 0.042044 -0.920515
    outer loop
      vertex -0.402113 4.29592 0.112565
      vertex -0.21979 4.91612 0.217829
      vertex -0.215278 4.24233 0.188958
    endloop
  endfacet
  facet normal 0.388441 0.042044 -0.920514
    outer loop
      vertex -0.21979 4.91612 0.217829
      vertex -0.0404951 4.83688 0.289869
      vertex -0.215278 4.24233 0.188958
    endloop
  endfacet
  facet normal 0.147396 0.123235 -0.98137
    outer loop
      vertex -0.603475 4.34586 0.0885928
      vertex -0.414126 4.98995 0.197913
      vertex -0.402113 4.29592 0.112565
    endloop
  endfacet
  facet normal 0.147391 0.123235 -0.981371
    outer loop
      vertex -0.414126 4.98995 0.197913
      vertex -0.21979 4.91612 0.217829
      vertex -0.402113 4.29592 0.112565
    endloop
  endfacet
  facet normal -0.103539 0.195944 -0.975134
    outer loop
      vertex -0.805641 4.38874 0.118675
      vertex -0.610259 5.05336 0.231479
      vertex -0.603475 4.34586 0.0885928
    endloop
  endfacet
  facet normal -0.103534 0.195945 -0.975134
    outer loop
      vertex -0.610259 5.05336 0.231479
      vertex -0.414126 4.98995 0.197913
      vertex -0.603475 4.34586 0.0885928
    endloop
  endfacet
  facet normal -0.347141 0.255218 -0.902417
    outer loop
      vertex -0.994834 4.42165 0.200761
      vertex -0.794823 5.10201 0.316238
      vertex -0.805641 4.38874 0.118675
    endloop
  endfacet
  facet normal -0.34715 0.255218 -0.902414
    outer loop
      vertex -0.794823 5.10201 0.316238
      vertex -0.610259 5.05336 0.231479
      vertex -0.805641 4.38874 0.118675
    endloop
  endfacet
  facet normal -0.566897 0.297062 -0.768363
    outer loop
      vertex -1.15816 4.44233 0.329258
      vertex -0.95524 5.1326 0.446414
      vertex -0.994834 4.42165 0.200761
    endloop
  endfacet
  facet normal -0.566878 0.297066 -0.768376
    outer loop
      vertex -0.95524 5.1326 0.446414
      vertex -0.794823 5.10201 0.316238
      vertex -0.994834 4.42165 0.200761
    endloop
  endfacet
  facet normal -0.747952 0.318697 -0.582237
    outer loop
      vertex -1.28449 4.44939 0.495408
      vertex -1.08058 5.14303 0.613137
      vertex -1.15816 4.44233 0.329258
    endloop
  endfacet
  facet normal -0.747952 0.318697 -0.582237
    outer loop
      vertex -1.08058 5.14303 0.613137
      vertex -0.95524 5.1326 0.446414
      vertex -1.15816 4.44233 0.329258
    endloop
  endfacet
  facet normal -0.835235 0.438517 -0.331791
    outer loop
      vertex -1.16229 5.1326 0.805045
      vertex -0.883083 5.78637 0.966248
      vertex -1.08058 5.14303 0.613137
    endloop
  endfacet
  facet normal -0.835222 0.438525 -0.331813
    outer loop
      vertex -0.883083 5.78637 0.966248
      vertex -0.8 5.8 0.775129
      vertex -1.08058 5.14303 0.613137
    endloop
  endfacet
  facet normal -0.908809 0.408745 -0.0836215
    outer loop
      vertex -1.19482 5.10201 1.00906
      vertex -0.919615 5.74641 1.16795
      vertex -1.16229 5.1326 0.805045
    endloop
  endfacet
  facet normal -0.908809 0.408746 -0.0836238
    outer loop
      vertex -0.919615 5.74641 1.16795
      vertex -0.883083 5.78637 0.966248
      vertex -1.16229 5.1326 0.805045
    endloop
  endfacet
  facet normal -0.92067 0.351162 0.170448
    outer loop
      vertex -1.17594 5.05336 1.21127
      vertex -0.907107 5.68284 1.36649
      vertex -1.19482 5.10201 1.00906
    endloop
  endfacet
  facet normal -0.920669 0.351166 0.170441
    outer loop
      vertex -0.907107 5.68284 1.36649
      vertex -0.919615 5.74641 1.16795
      vertex -1.19482 5.10201 1.00906
    endloop
  endfacet
  facet normal -0.869841 0.269625 0.413134
    outer loop
      vertex -1.10695 4.98995 1.39791
      vertex -0.84641 5.6 1.54833
      vertex -1.17594 5.05336 1.21127
    endloop
  endfacet
  facet normal -0.869833 0.269601 0.413165
    outer loop
      vertex -0.84641 5.6 1.54833
      vertex -0.907107 5.68284 1.36649
      vertex -1.17594 5.05336 1.21127
    endloop
  endfacet
  facet normal -0.75958 0.169582 0.627917
    outer loop
      vertex -0.992531 4.91612 1.55626
      vertex -0.741662 5.50353 1.70109
      vertex -1.10695 4.98995 1.39791
    endloop
  endfacet
  facet normal -0.759574 0.16957 0.627928
    outer loop
      vertex -0.741662 5.50353 1.70109
      vertex -0.84641 5.6 1.54833
      vertex -1.10695 4.98995 1.39791
    endloop
  endfacet
  facet normal -0.597287 0.0578439 0.799939
    outer loop
      vertex -0.840495 4.83688 1.67551
      vertex -0.6 5.4 1.81436
      vertex -0.992531 4.91612 1.55626
    endloop
  endfacet
  facet normal -0.597308 0.05787 0.799921
    outer loop
      vertex -0.6 5.4 1.81436
      vertex -0.741662 5.50353 1.70109
      vertex -0.992531 4.91612 1.55626
    endloop
  endfacet
  facet normal -0.394111 -0.0578502 0.917241
    outer loop
      vertex -0.6612 4.75764 1.74755
      vertex -0.431079 5.29647 1.88041
      vertex -0.840495 4.83688 1.67551
    endloop
  endfacet
  facet normal -0.394109 -0.0578523 0.917241
    outer loop
      vertex -0.431079 5.29647 1.88041
      vertex -0.6 5.4 1.81436
      vertex -0.840495 4.83688 1.67551
    endloop
  endfacet
  facet normal -0.163986 -0.169582 0.971777
    outer loop
      vertex -0.466864 4.68381 1.76746
      vertex -0.24641 5.2 1.89474
      vertex -0.6612 4.75764 1.74755
    endloop
  endfacet
  facet normal -0.163993 -0.169575 0.971777
    outer loop
      vertex -0.24641 5.2 1.89474
      vertex -0.431079 5.29647 1.88041
      vertex -0.6612 4.75764 1.74755
    endloop
  endfacet
  facet normal 0.0770804 -0.269604 0.959881
    outer loop
      vertex -0.270731 4.6204 1.7339
      vertex -0.0585786 5.11716 1.85639
      vertex -0.466864 4.68381 1.76746
    endloop
  endfacet
  facet normal 0.0770778 -0.269602 0.959882
    outer loop
      vertex -0.0585786 5.11716 1.85639
      vertex -0.24641 5.2 1.89474
      vertex -0.466864 4.68381 1.76746
    endloop
  endfacet
  facet normal 0.312734 -0.351174 0.882539
    outer loop
      vertex -0.0861674 4.57175 1.64914
      vertex 0.119615 5.05359 1.76795
      vertex -0.270731 4.6204 1.7339
    endloop
  endfacet
  facet normal 0.312735 -0.351175 0.882538
    outer loop
      vertex 0.119615 5.05359 1.76795
      vertex -0.0585786 5.11716 1.85639
      vertex -0.270731 4.6204 1.7339
    endloop
  endfacet
  facet normal 0.526836 -0.40876 0.745224
    outer loop
      vertex 0.0742495 4.54117 1.51896
      vertex 0.276028 5.01363 1.63546
      vertex -0.0861674 4.57175 1.64914
    endloop
  endfacet
  facet normal 0.526826 -0.408752 0.745235
    outer loop
      vertex 0.276028 5.01363 1.63546
      vertex 0.119615 5.05359 1.76795
      vertex -0.0861674 4.57175 1.64914
    endloop
  endfacet
  facet normal 0.704958 -0.438519 0.557436
    outer loop
      vertex 0.199587 4.53073 1.35224
      vertex 0.4 5 1.46795
      vertex 0.0742495 4.54117 1.51896
    endloop
  endfacet
  facet normal 0.704967 -0.438527 0.557419
    outer loop
      vertex 0.4 5 1.46795
      vertex 0.276028 5.01363 1.63546
      vertex 0.0742495 4.54117 1.51896
    endloop
  endfacet
  facet normal 0.835229 -0.438524 0.331796
    outer loop
      vertex 0.281305 4.54117 1.16033
      vertex 0.483083 5.01363 1.27683
      vertex 0.199587 4.53073 1.35224
    endloop
  endfacet
  facet normal 0.835225 -0.438519 0.331812
    outer loop
      vertex 0.483083 5.01363 1.27683
      vertex 0.4 5 1.46795
      vertex 0.199587 4.53073 1.35224
    endloop
  endfacet
  facet normal 0.908806 -0.408751 0.0836334
    outer loop
      vertex 0.313833 4.57175 0.95632
      vertex 0.519615 5.05359 1.07513
      vertex 0.281305 4.54117 1.16033
    endloop
  endfacet
  facet normal 0.908806 -0.408752 0.083623
    outer loop
      vertex 0.519615 5.05359 1.07513
      vertex 0.483083 5.01363 1.27683
      vertex 0.281305 4.54117 1.16033
    endloop
  endfacet
  facet normal 0.920669 -0.351168 -0.17044
    outer loop
      vertex 0.294954 4.6204 0.754104
      vertex 0.507107 5.11716 0.87659
      vertex 0.313833 4.57175 0.95632
    endloop
  endfacet
  facet normal 0.920669 -0.351168 -0.170442
    outer loop
      vertex 0.507107 5.11716 0.87659
      vertex 0.519615 5.05359 1.07513
      vertex 0.313833 4.57175 0.95632
    endloop
  endfacet
  facet normal 0.869831 -0.269611 -0.413164
    outer loop
      vertex 0.225956 4.68381 0.567465
      vertex 0.44641 5.2 0.694744
      vertex 0.294954 4.6204 0.754104
    endloop
  endfacet
  facet normal 0.869834 -0.269611 -0.413157
    outer loop
      vertex 0.44641 5.2 0.694744
      vertex 0.507107 5.11716 0.87659
      vertex 0.294954 4.6204 0.754104
    endloop
  endfacet
  facet normal 0.759579 -0.169569 -0.627922
    outer loop
      vertex 0.111541 4.75764 0.409123
      vertex 0.341662 5.29647 0.541984
      vertex 0.225956 4.68381 0.567465
    endloop
  endfacet
  facet normal 0.759575 -0.169568 -0.627927
    outer loop
      vertex 0.341662 5.29647 0.541984
      vertex 0.44641 5.2 0.694744
      vertex 0.225956 4.68381 0.567465
    endloop
  endfacet
  facet normal 0.597298 -0.0578506 -0.79993
    outer loop
      vertex -0.0404951 4.83688 0.289869
      vertex 0.2 5.4 0.428719
      vertex 0.111541 4.75764 0.409123
    endloop
  endfacet
  facet normal 0.5973 -0.0578509 -0.799929
    outer loop
      vertex 0.2 5.4 0.428719
      vertex 0.341662 5.29647 0.541984
      vertex 0.111541 4.75764 0.409123
    endloop
  endfacet
  facet normal 0.394111 0.0578506 -0.91724
    outer loop
      vertex -0.21979 4.91612 0.217829
      vertex 0.0310789 5.50353 0.362668
      vertex -0.0404951 4.83688 0.289869
    endloop
  endfacet
  facet normal 0.394112 0.0578504 -0.91724
    outer loop
      vertex 0.0310789 5.50353 0.362668
      vertex 0.2 5.4 0.428719
      vertex -0.0404951 4.83688 0.289869
    endloop
  endfacet
  facet normal 0.16401 0.169568 -0.971775
    outer loop
      vertex -0.414126 4.98995 0.197913
      vertex -0.15359 5.6 0.348334
      vertex -0.21979 4.91612 0.217829
    endloop
  endfacet
  facet normal 0.16401 0.169568 -0.971775
    outer loop
      vertex -0.15359 5.6 0.348334
      vertex 0.0310789 5.50353 0.362668
      vertex -0.21979 4.91612 0.217829
    endloop
  endfacet
  facet normal -0.0771069 0.269611 -0.959877
    outer loop
      vertex -0.610259 5.05336 0.231479
      vertex -0.341421 5.68284 0.386692
      vertex -0.414126 4.98995 0.197913
    endloop
  endfacet
  facet normal -0.0771136 0.269611 -0.959877
    outer loop
      vertex -0.341421 5.68284 0.386692
      vertex -0.15359 5.6 0.348334
      vertex -0.414126 4.98995 0.197913
    endloop
  endfacet
  facet normal -0.312731 0.35117 -0.882541
    outer loop
      vertex -0.794823 5.10201 0.316238
      vertex -0.519615 5.74641 0.475129
      vertex -0.610259 5.05336 0.231479
    endloop
  endfacet
  facet normal -0.312724 0.35117 -0.882544
    outer loop
      vertex -0.519615 5.74641 0.475129
      vertex -0.341421 5.68284 0.386692
      vertex -0.610259 5.05336 0.231479
    endloop
  endfacet
  facet normal -0.526812 0.40875 -0.745247
    outer loop
      vertex -0.95524 5.1326 0.446414
      vertex -0.676028 5.78637 0.607617
      vertex -0.794823 5.10201 0.316238
    endloop
  endfacet
  facet normal -0.526822 0.408749 -0.74524
    outer loop
      vertex -0.676028 5.78637 0.607617
      vertex -0.519615 5.74641 0.475129
      vertex -0.794823 5.10201 0.316238
    endloop
  endfacet
  facet normal -0.704968 0.438524 -0.557419
    outer loop
      vertex -1.08058 5.14303 0.613137
      vertex -0.8 5.8 0.775129
      vertex -0.95524 5.1326 0.446414
    endloop
  endfacet
  facet normal -0.704972 0.438524 -0.557416
    outer loop
      vertex -0.8 5.8 0.775129
      vertex -0.676028 5.78637 0.607617
      vertex -0.95524 5.1326 0.446414
    endloop
  endfacet
  facet normal -0.779066 0.550837 -0.299391
    outer loop
      vertex -0.883083 5.78637 0.966248
      vertex -0.532358 6.39247 1.16874
      vertex -0.8 5.8 0.775129
    endloop
  endfacet
  facet normal -0.779059 0.550841 -0.299402
    outer loop
      vertex -0.532358 6.39247 1.16874
      vertex -0.447559 6.40906 0.978611
      vertex -0.8 5.8 0.775129
    endloop
  endfacet
  facet normal -0.856463 0.513439 -0.053402
    outer loop
      vertex -0.919615 5.74641 1.16795
      vertex -0.57392 6.34382 1.36754
      vertex -0.883083 5.78637 0.966248
    endloop
  endfacet
  facet normal -0.856461 0.513441 -0.053407
    outer loop
      vertex -0.57392 6.34382 1.36754
      vertex -0.532358 6.39247 1.16874
      vertex -0.883083 5.78637 0.966248
    endloop
  endfacet
  facet normal -0.875697 0.441112 0.196407
    outer loop
      vertex -0.907107 5.68284 1.36649
      vertex -0.569413 6.26642 1.56146
      vertex -0.919615 5.74641 1.16795
    endloop
  endfacet
  facet normal -0.875697 0.441108 0.196413
    outer loop
      vertex -0.569413 6.26642 1.56146
      vertex -0.57392 6.34382 1.36754
      vertex -0.919615 5.74641 1.16795
    endloop
  endfacet
  facet normal -0.835304 0.33866 0.433101
    outer loop
      vertex -0.84641 5.6 1.54833
      vertex -0.519144 6.16556 1.73728
      vertex -0.907107 5.68284 1.36649
    endloop
  endfacet
  facet normal -0.835305 0.338662 0.433098
    outer loop
      vertex -0.519144 6.16556 1.73728
      vertex -0.569413 6.26642 1.56146
      vertex -0.907107 5.68284 1.36649
    endloop
  endfacet
  facet normal -0.737861 0.212997 0.640464
    outer loop
      vertex -0.741662 5.50353 1.70109
      vertex -0.426538 6.0481 1.88303
      vertex -0.84641 5.6 1.54833
    endloop
  endfacet
  facet normal -0.737859 0.212992 0.640468
    outer loop
      vertex -0.426538 6.0481 1.88303
      vertex -0.519144 6.16556 1.73728
      vertex -0.84641 5.6 1.54833
    endloop
  endfacet
  facet normal -0.589901 0.0726833 0.804198
    outer loop
      vertex -0.6 5.4 1.81436
      vertex -0.297908 5.92205 1.98877
      vertex -0.741662 5.50353 1.70109
    endloop
  endfacet
  facet normal -0.58989 0.0726646 0.804208
    outer loop
      vertex -0.297908 5.92205 1.98877
      vertex -0.426538 6.0481 1.88303
      vertex -0.741662 5.50353 1.70109
    endloop
  endfacet
  facet normal -0.401518 -0.0726697 0.912964
    outer loop
      vertex -0.431079 5.29647 1.88041
      vertex -0.142018 5.79601 2.0473
      vertex -0.6 5.4 1.81436
    endloop
  endfacet
  facet normal -0.401525 -0.07266 0.912961
    outer loop
      vertex -0.142018 5.79601 2.0473
      vertex -0.297908 5.92205 1.98877
      vertex -0.6 5.4 1.81436
    endloop
  endfacet
  facet normal -0.185711 -0.213011 0.959238
    outer loop
      vertex -0.24641 5.2 1.89474
      vertex 0.0305076 5.67855 2.05462
      vertex -0.431079 5.29647 1.88041
    endloop
  endfacet
  facet normal -0.185717 -0.213003 0.959239
    outer loop
      vertex 0.0305076 5.67855 2.05462
      vertex -0.142018 5.79601 2.0473
      vertex -0.431079 5.29647 1.88041
    endloop
  endfacet
  facet normal 0.0425609 -0.33864 0.939953
    outer loop
      vertex -0.0585786 5.11716 1.85639
      vertex 0.207912 5.57769 2.01024
      vertex -0.24641 5.2 1.89474
    endloop
  endfacet
  facet normal 0.0425918 -0.338673 0.93994
    outer loop
      vertex 0.207912 5.57769 2.01024
      vertex 0.0305076 5.67855 2.05462
      vertex -0.24641 5.2 1.89474
    endloop
  endfacet
  facet normal 0.267761 -0.44112 0.856573
    outer loop
      vertex 0.119615 5.05359 1.76795
      vertex 0.378104 5.50029 1.91719
      vertex -0.0585786 5.11716 1.85639
    endloop
  endfacet
  facet normal 0.267732 -0.441091 0.856597
    outer loop
      vertex 0.378104 5.50029 1.91719
      vertex 0.207912 5.57769 2.01024
      vertex -0.0585786 5.11716 1.85639
    endloop
  endfacet
  facet normal 0.474478 -0.513448 0.715012
    outer loop
      vertex 0.276028 5.01363 1.63546
      vertex 0.529487 5.45164 1.7818
      vertex 0.119615 5.05359 1.76795
    endloop
  endfacet
  facet normal 0.474473 -0.513444 0.715018
    outer loop
      vertex 0.529487 5.45164 1.7818
      vertex 0.378104 5.50029 1.91719
      vertex 0.119615 5.05359 1.76795
    endloop
  endfacet
  facet normal 0.648816 -0.550829 0.525
    outer loop
      vertex 0.4 5 1.46795
      vertex 0.651743 5.43505 1.61329
      vertex 0.276028 5.01363 1.63546
    endloop
  endfacet
  facet normal 0.648831 -0.550845 0.524966
    outer loop
      vertex 0.651743 5.43505 1.61329
      vertex 0.529487 5.45164 1.7818
      vertex 0.276028 5.01363 1.63546
    endloop
  endfacet
  facet normal 0.779065 -0.55084 0.299388
    outer loop
      vertex 0.483083 5.01363 1.27683
      vertex 0.736542 5.45164 1.42317
      vertex 0.4 5 1.46795
    endloop
  endfacet
  facet normal 0.779059 -0.550833 0.299417
    outer loop
      vertex 0.736542 5.45164 1.42317
      vertex 0.651743 5.43505 1.61329
      vertex 0.4 5 1.46795
    endloop
  endfacet
  facet normal 0.85646 -0.513443 0.0534011
    outer loop
      vertex 0.519615 5.05359 1.07513
      vertex 0.778104 5.50029 1.22437
      vertex 0.483083 5.01363 1.27683
    endloop
  endfacet
  facet normal 0.85646 -0.513443 0.0534065
    outer loop
      vertex 0.778104 5.50029 1.22437
      vertex 0.736542 5.45164 1.42317
      vertex 0.483083 5.01363 1.27683
    endloop
  endfacet
  facet normal 0.875697 -0.441112 -0.196407
    outer loop
      vertex 0.507107 5.11716 0.87659
      vertex 0.773597 5.57769 1.03045
      vertex 0.519615 5.05359 1.07513
    endloop
  endfacet
  facet normal 0.875695 -0.441112 -0.196415
    outer loop
      vertex 0.773597 5.57769 1.03045
      vertex 0.778104 5.50029 1.22437
      vertex 0.519615 5.05359 1.07513
    endloop
  endfacet
  facet normal 0.835306 -0.338667 -0.433091
    outer loop
      vertex 0.44641 5.2 0.694744
      vertex 0.723328 5.67855 0.854623
      vertex 0.507107 5.11716 0.87659
    endloop
  endfacet
  facet normal 0.835309 -0.338668 -0.433086
    outer loop
      vertex 0.723328 5.67855 0.854623
      vertex 0.773597 5.57769 1.03045
      vertex 0.507107 5.11716 0.87659
    endloop
  endfacet
  facet normal 0.737861 -0.212997 -0.640464
    outer loop
      vertex 0.341662 5.29647 0.541984
      vertex 0.630723 5.79601 0.708873
      vertex 0.44641 5.2 0.694744
    endloop
  endfacet
  facet normal 0.737859 -0.212996 -0.640466
    outer loop
      vertex 0.630723 5.79601 0.708873
      vertex 0.723328 5.67855 0.854623
      vertex 0.44641 5.2 0.694744
    endloop
  endfacet
  facet normal 0.58989 -0.0726693 -0.804207
    outer loop
      vertex 0.2 5.4 0.428719
      vertex 0.502092 5.92205 0.603132
      vertex 0.341662 5.29647 0.541984
    endloop
  endfacet
  facet normal 0.589891 -0.0726696 -0.804206
    outer loop
      vertex 0.502092 5.92205 0.603132
      vertex 0.630723 5.79601 0.708873
      vertex 0.341662 5.29647 0.541984
    endloop
  endfacet
  facet normal 0.401521 0.0726683 -0.912962
    outer loop
      vertex 0.0310789 5.50353 0.362668
      vertex 0.346202 6.0481 0.544605
      vertex 0.2 5.4 0.428719
    endloop
  endfacet
  facet normal 0.40152 0.0726688 -0.912963
    outer loop
      vertex 0.346202 6.0481 0.544605
      vertex 0.502092 5.92205 0.603132
      vertex 0.2 5.4 0.428719
    endloop
  endfacet
  facet normal 0.185725 0.212998 -0.959238
    outer loop
      vertex -0.15359 5.6 0.348334
      vertex 0.173677 6.16556 0.537281
      vertex 0.0310789 5.50353 0.362668
    endloop
  endfacet
  facet normal 0.185735 0.212996 -0.959237
    outer loop
      vertex 0.173677 6.16556 0.537281
      vertex 0.346202 6.0481 0.544605
      vertex 0.0310789 5.50353 0.362668
    endloop
  endfacet
  facet normal -0.0425864 0.338668 -0.939942
    outer loop
      vertex -0.341421 5.68284 0.386692
      vertex -0.00372737 6.26642 0.58166
      vertex -0.15359 5.6 0.348334
    endloop
  endfacet
  facet normal -0.0425895 0.338668 -0.939941
    outer loop
      vertex -0.00372737 6.26642 0.58166
      vertex 0.173677 6.16556 0.537281
      vertex -0.15359 5.6 0.348334
    endloop
  endfacet
  facet normal -0.267753 0.44111 -0.856581
    outer loop
      vertex -0.519615 5.74641 0.475129
      vertex -0.17392 6.34382 0.674716
      vertex -0.341421 5.68284 0.386692
    endloop
  endfacet
  facet normal -0.267746 0.441109 -0.856583
    outer loop
      vertex -0.17392 6.34382 0.674716
      vertex -0.00372737 6.26642 0.58166
      vertex -0.341421 5.68284 0.386692
    endloop
  endfacet
  facet normal -0.474476 0.51344 -0.715018
    outer loop
      vertex -0.676028 5.78637 0.607617
      vertex -0.325303 6.39247 0.810109
      vertex -0.519615 5.74641 0.475129
    endloop
  endfacet
  facet normal -0.474485 0.51344 -0.715013
    outer loop
      vertex -0.325303 6.39247 0.810109
      vertex -0.17392 6.34382 0.674716
      vertex -0.519615 5.74641 0.475129
    endloop
  endfacet
  facet normal -0.648813 0.55084 -0.524993
    outer loop
      vertex -0.8 5.8 0.775129
      vertex -0.447559 6.40906 0.978611
      vertex -0.676028 5.78637 0.607617
    endloop
  endfacet
  facet normal -0.648822 0.550838 -0.524983
    outer loop
      vertex -0.447559 6.40906 0.978611
      vertex -0.325303 6.39247 0.810109
      vertex -0.676028 5.78637 0.607617
    endloop
  endfacet
  facet normal -0.710685 0.653731 -0.259929
    outer loop
      vertex -0.532358 6.39247 1.16874
      vertex -0.11612 6.94052 1.40905
      vertex -0.447559 6.40906 0.978611
    endloop
  endfacet
  facet normal -0.7107 0.653723 -0.259907
    outer loop
      vertex -0.11612 6.94052 1.40905
      vertex -0.0292856 6.9598 1.2201
      vertex -0.447559 6.40906 0.978611
    endloop
  endfacet
  facet normal -0.792727 0.609351 -0.0166117
    outer loop
      vertex -0.57392 6.34382 1.36754
      vertex -0.163652 6.88401 1.6044
      vertex -0.532358 6.39247 1.16874
    endloop
  endfacet
  facet normal -0.792726 0.609351 -0.0166133
    outer loop
      vertex -0.163652 6.88401 1.6044
      vertex -0.11612 6.94052 1.40905
      vertex -0.532358 6.39247 1.16874
    endloop
  endfacet
  facet normal -0.820941 0.523506 0.228029
    outer loop
      vertex -0.569413 6.26642 1.56146
      vertex -0.168641 6.79411 1.79284
      vertex -0.57392 6.34382 1.36754
    endloop
  endfacet
  facet normal -0.820939 0.523513 0.22802
    outer loop
      vertex -0.168641 6.79411 1.79284
      vertex -0.163652 6.88401 1.6044
      vertex -0.57392 6.34382 1.36754
    endloop
  endfacet
  facet normal -0.793268 0.401921 0.457369
    outer loop
      vertex -0.519144 6.16556 1.73728
      vertex -0.130747 6.67696 1.96152
      vertex -0.569413 6.26642 1.56146
    endloop
  endfacet
  facet normal -0.793268 0.401934 0.457356
    outer loop
      vertex -0.130747 6.67696 1.96152
      vertex -0.168641 6.79411 1.79284
      vertex -0.569413 6.26642 1.56146
    endloop
  endfacet
  facet normal -0.711418 0.25278 0.655733
    outer loop
      vertex -0.426538 6.0481 1.88303
      vertex -0.0525529 6.54052 2.09895
      vertex -0.519144 6.16556 1.73728
    endloop
  endfacet
  facet normal -0.711418 0.252778 0.655735
    outer loop
      vertex -0.0525529 6.54052 2.09895
      vertex -0.130747 6.67696 1.96152
      vertex -0.519144 6.16556 1.73728
    endloop
  endfacet
  facet normal -0.580867 0.0862421 0.809417
    outer loop
      vertex -0.297908 5.92205 1.98877
      vertex 0.0606123 6.39411 2.19576
      vertex -0.426538 6.0481 1.88303
    endloop
  endfacet
  facet normal -0.580865 0.0862379 0.809419
    outer loop
      vertex 0.0606123 6.39411 2.19576
      vertex -0.0525529 6.54052 2.09895
      vertex -0.426538 6.0481 1.88303
    endloop
  endfacet
  facet normal -0.410544 -0.0862332 0.907754
    outer loop
      vertex -0.142018 5.79601 2.0473
      vertex 0.201037 6.2477 2.24536
      vertex -0.297908 5.92205 1.98877
    endloop
  endfacet
  facet normal -0.410543 -0.0862353 0.907754
    outer loop
      vertex 0.201037 6.2477 2.24536
      vertex 0.0606123 6.39411 2.19576
      vertex -0.297908 5.92205 1.98877
    endloop
  endfacet
  facet normal -0.212156 -0.252787 0.943975
    outer loop
      vertex 0.0305076 5.67855 2.05462
      vertex 0.359151 6.11127 2.24436
      vertex -0.142018 5.79601 2.0473
    endloop
  endfacet
  facet normal -0.212153 -0.252791 0.943974
    outer loop
      vertex 0.359151 6.11127 2.24436
      vertex 0.201037 6.2477 2.24536
      vertex -0.142018 5.79601 2.0473
    endloop
  endfacet
  facet normal 0.0005513 -0.401938 0.915667
    outer loop
      vertex 0.207912 5.57769 2.01024
      vertex 0.52418 5.99411 2.19284
      vertex 0.0305076 5.67855 2.05462
    endloop
  endfacet
  facet normal 0.00053147 -0.401912 0.915678
    outer loop
      vertex 0.52418 5.99411 2.19284
      vertex 0.359151 6.11127 2.24436
      vertex 0.0305076 5.67855 2.05462
    endloop
  endfacet
  facet normal 0.212976 -0.52349 0.824985
    outer loop
      vertex 0.378104 5.50029 1.91719
      vertex 0.684876 5.90421 2.0943
      vertex 0.207912 5.57769 2.01024
    endloop
  endfacet
  facet normal 0.212997 -0.523516 0.824963
    outer loop
      vertex 0.684876 5.90421 2.0943
      vertex 0.52418 5.99411 2.19284
      vertex 0.207912 5.57769 2.01024
    endloop
  endfacet
  facet normal 0.41075 -0.60934 0.678225
    outer loop
      vertex 0.529487 5.45164 1.7818
      vertex 0.83029 5.8477 1.95546
      vertex 0.378104 5.50029 1.91719
    endloop
  endfacet
  facet normal 0.410755 -0.609346 0.678217
    outer loop
      vertex 0.83029 5.8477 1.95546
      vertex 0.684876 5.90421 2.0943
      vertex 0.378104 5.50029 1.91719
    endloop
  endfacet
  facet normal 0.580455 -0.653738 0.485488
    outer loop
      vertex 0.651743 5.43505 1.61329
      vertex 0.95051 5.82843 1.78579
      vertex 0.529487 5.45164 1.7818
    endloop
  endfacet
  facet normal 0.580443 -0.653725 0.48552
    outer loop
      vertex 0.95051 5.82843 1.78579
      vertex 0.83029 5.8477 1.95546
      vertex 0.529487 5.45164 1.7818
    endloop
  endfacet
  facet normal 0.710678 -0.653735 0.259937
    outer loop
      vertex 0.736542 5.45164 1.42317
      vertex 1.03735 5.8477 1.59683
      vertex 0.651743 5.43505 1.61329
    endloop
  endfacet
  facet normal 0.710678 -0.653735 0.259937
    outer loop
      vertex 1.03735 5.8477 1.59683
      vertex 0.95051 5.82843 1.78579
      vertex 0.651743 5.43505 1.61329
    endloop
  endfacet
  facet normal 0.792724 -0.609355 0.0166101
    outer loop
      vertex 0.778104 5.50029 1.22437
      vertex 1.08488 5.90421 1.40148
      vertex 0.736542 5.45164 1.42317
    endloop
  endfacet
  facet normal 0.792724 -0.609355 0.0166037
    outer loop
      vertex 1.08488 5.90421 1.40148
      vertex 1.03735 5.8477 1.59683
      vertex 0.736542 5.45164 1.42317
    endloop
  endfacet
  facet normal 0.820936 -0.523513 -0.228031
    outer loop
      vertex 0.773597 5.57769 1.03045
      vertex 1.08987 5.99411 1.21305
      vertex 0.778104 5.50029 1.22437
    endloop
  endfacet
  facet normal 0.820937 -0.523513 -0.228028
    outer loop
      vertex 1.08987 5.99411 1.21305
      vertex 1.08488 5.90421 1.40148
      vertex 0.778104 5.50029 1.22437
    endloop
  endfacet
  facet normal 0.793273 -0.401926 -0.457355
    outer loop
      vertex 0.723328 5.67855 0.854623
      vertex 1.05197 6.11127 1.04437
      vertex 0.773597 5.57769 1.03045
    endloop
  endfacet
  facet normal 0.793257 -0.401916 -0.457392
    outer loop
      vertex 1.05197 6.11127 1.04437
      vertex 1.08987 5.99411 1.21305
      vertex 0.773597 5.57769 1.03045
    endloop
  endfacet
  facet normal 0.711419 -0.252783 -0.655731
    outer loop
      vertex 0.630723 5.79601 0.708873
      vertex 0.973778 6.2477 0.906936
      vertex 0.723328 5.67855 0.854623
    endloop
  endfacet
  facet normal 0.711435 -0.252792 -0.655711
    outer loop
      vertex 0.973778 6.2477 0.906936
      vertex 1.05197 6.11127 1.04437
      vertex 0.723328 5.67855 0.854623
    endloop
  endfacet
  facet normal 0.580871 -0.0862442 -0.809414
    outer loop
      vertex 0.502092 5.92205 0.603132
      vertex 0.860612 6.39411 0.810123
      vertex 0.630723 5.79601 0.708873
    endloop
  endfacet
  facet normal 0.580871 -0.0862441 -0.809414
    outer loop
      vertex 0.860612 6.39411 0.810123
      vertex 0.973778 6.2477 0.906936
      vertex 0.630723 5.79601 0.708873
    endloop
  endfacet
  facet normal 0.41054 0.0862422 -0.907755
    outer loop
      vertex 0.346202 6.0481 0.544605
      vertex 0.720188 6.54052 0.760526
      vertex 0.502092 5.92205 0.603132
    endloop
  endfacet
  facet normal 0.410535 0.0862441 -0.907757
    outer loop
      vertex 0.720188 6.54052 0.760526
      vertex 0.860612 6.39411 0.810123
      vertex 0.502092 5.92205 0.603132
    endloop
  endfacet
  facet normal 0.212172 0.252778 -0.943974
    outer loop
      vertex 0.173677 6.16556 0.537281
      vertex 0.562073 6.67696 0.761522
      vertex 0.346202 6.0481 0.544605
    endloop
  endfacet
  facet normal 0.212178 0.252776 -0.943973
    outer loop
      vertex 0.562073 6.67696 0.761522
      vertex 0.720188 6.54052 0.760526
      vertex 0.346202 6.0481 0.544605
    endloop
  endfacet
  facet normal -0.00055173 0.40193 -0.91567
    outer loop
      vertex -0.00372737 6.26642 0.58166
      vertex 0.397045 6.79411 0.813046
      vertex 0.173677 6.16556 0.537281
    endloop
  endfacet
  facet normal -0.000560701 0.401933 -0.915669
    outer loop
      vertex 0.397045 6.79411 0.813046
      vertex 0.562073 6.67696 0.761522
      vertex 0.173677 6.16556 0.537281
    endloop
  endfacet
  facet normal -0.212989 0.523506 -0.824971
    outer loop
      vertex -0.17392 6.34382 0.674716
      vertex 0.236348 6.88401 0.911585
      vertex -0.00372737 6.26642 0.58166
    endloop
  endfacet
  facet normal -0.212998 0.523508 -0.824968
    outer loop
      vertex 0.236348 6.88401 0.911585
      vertex 0.397045 6.79411 0.813046
      vertex -0.00372737 6.26642 0.58166
    endloop
  endfacet
  facet normal -0.410752 0.609348 -0.678216
    outer loop
      vertex -0.325303 6.39247 0.810109
      vertex 0.0909348 6.94052 1.05042
      vertex -0.17392 6.34382 0.674716
    endloop
  endfacet
  facet normal -0.41074 0.609348 -0.678224
    outer loop
      vertex 0.0909348 6.94052 1.05042
      vertex 0.236348 6.88401 0.911585
      vertex -0.17392 6.34382 0.674716
    endloop
  endfacet
  facet normal -0.580452 0.653725 -0.485508
    outer loop
      vertex -0.447559 6.40906 0.978611
      vertex -0.0292856 6.9598 1.2201
      vertex -0.325303 6.39247 0.810109
    endloop
  endfacet
  facet normal -0.580434 0.653728 -0.485525
    outer loop
      vertex -0.0292856 6.9598 1.2201
      vertex 0.0909348 6.94052 1.05042
      vertex -0.325303 6.39247 0.810109
    endloop
  endfacet
  facet normal -0.631277 0.745434 -0.214049
    outer loop
      vertex -0.11612 6.94052 1.40905
      vertex 0.358508 7.42115 1.68308
      vertex -0.0292856 6.9598 1.2201
    endloop
  endfacet
  facet normal -0.631276 0.745435 -0.214052
    outer loop
      vertex 0.358508 7.42115 1.68308
      vertex 0.447664 7.44278 1.49547
      vertex -0.0292856 6.9598 1.2201
    endloop
  endfacet
  facet normal -0.718702 0.694828 0.0261243
    outer loop
      vertex -0.163652 6.88401 1.6044
      vertex 0.304169 7.35775 1.8745
      vertex -0.11612 6.94052 1.40905
    endloop
  endfacet
  facet normal -0.718697 0.694832 0.0261158
    outer loop
      vertex 0.304169 7.35775 1.8745
      vertex 0.358508 7.42115 1.68308
      vertex -0.11612 6.94052 1.40905
    endloop
  endfacet
  facet normal -0.757342 0.596948 0.264738
    outer loop
      vertex -0.168641 6.79411 1.79284
      vertex 0.288353 7.25688 2.05669
      vertex -0.163652 6.88401 1.6044
    endloop
  endfacet
  facet normal -0.757346 0.596938 0.264751
    outer loop
      vertex 0.288353 7.25688 2.05669
      vertex 0.304169 7.35775 1.8745
      vertex -0.163652 6.88401 1.6044
    endloop
  endfacet
  facet normal -0.744441 0.458317 0.485544
    outer loop
      vertex -0.130747 6.67696 1.96152
      vertex 0.312135 7.12544 2.21722
      vertex -0.168641 6.79411 1.79284
    endloop
  endfacet
  facet normal -0.744441 0.458313 0.485548
    outer loop
      vertex 0.312135 7.12544 2.21722
      vertex 0.288353 7.25688 2.05669
      vertex -0.168641 6.79411 1.79284
    endloop
  endfacet
  facet normal -0.680707 0.288238 0.673466
    outer loop
      vertex -0.0525529 6.54052 2.09895
      vertex 0.373896 6.97236 2.34516
      vertex -0.130747 6.67696 1.96152
    endloop
  endfacet
  facet normal -0.680706 0.288232 0.67347
    outer loop
      vertex 0.373896 6.97236 2.34516
      vertex 0.312135 7.12544 2.21722
      vertex -0.130747 6.67696 1.96152
    endloop
  endfacet
  facet normal -0.57039 0.0983331 0.815466
    outer loop
      vertex 0.0606123 6.39411 2.19576
      vertex 0.469426 6.8081 2.43179
      vertex -0.0525529 6.54052 2.09895
    endloop
  endfacet
  facet normal -0.570394 0.0983433 0.815463
    outer loop
      vertex 0.469426 6.8081 2.43179
      vertex 0.373896 6.97236 2.34516
      vertex -0.0525529 6.54052 2.09895
    endloop
  endfacet
  facet normal -0.421023 -0.0983372 0.901704
    outer loop
      vertex 0.201037 6.2477 2.24536
      vertex 0.592216 6.64383 2.47121
      vertex 0.0606123 6.39411 2.19576
    endloop
  endfacet
  facet normal -0.421026 -0.0983301 0.901703
    outer loop
      vertex 0.592216 6.64383 2.47121
      vertex 0.469426 6.8081 2.43179
      vertex 0.0606123 6.39411 2.19576
    endloop
  endfacet
  facet normal -0.242867 -0.288258 0.926241
    outer loop
      vertex 0.359151 6.11127 2.24436
      vertex 0.733897 6.49075 2.46072
      vertex 0.201037 6.2477 2.24536
    endloop
  endfacet
  facet normal -0.242869 -0.288255 0.926242
    outer loop
      vertex 0.733897 6.49075 2.46072
      vertex 0.592216 6.64383 2.47121
      vertex 0.201037 6.2477 2.24536
    endloop
  endfacet
  facet normal -0.0482938 -0.458291 0.887489
    outer loop
      vertex 0.52418 5.99411 2.19284
      vertex 0.884815 6.35931 2.40105
      vertex 0.359151 6.11127 2.24436
    endloop
  endfacet
  facet normal -0.0482763 -0.458319 0.887476
    outer loop
      vertex 0.884815 6.35931 2.40105
      vertex 0.733897 6.49075 2.46072
      vertex 0.359151 6.11127 2.24436
    endloop
  endfacet
  facet normal 0.149403 -0.596946 0.788248
    outer loop
      vertex 0.684876 5.90421 2.0943
      vertex 1.03468 6.25844 2.29626
      vertex 0.52418 5.99411 2.19284
    endloop
  endfacet
  facet normal 0.149394 -0.596933 0.788259
    outer loop
      vertex 1.03468 6.25844 2.29626
      vertex 0.884815 6.35931 2.40105
      vertex 0.52418 5.99411 2.19284
    endloop
  endfacet
  facet normal 0.33672 -0.694835 0.635472
    outer loop
      vertex 0.83029 5.8477 1.95546
      vertex 1.17329 6.19504 2.1535
      vertex 0.684876 5.90421 2.0943
    endloop
  endfacet
  facet normal 0.336709 -0.694821 0.635493
    outer loop
      vertex 1.17329 6.19504 2.1535
      vertex 1.03468 6.25844 2.29626
      vertex 0.684876 5.90421 2.0943
    endloop
  endfacet
  facet normal 0.501016 -0.745442 0.439658
    outer loop
      vertex 0.95051 5.82843 1.78579
      vertex 1.29119 6.17341 1.98248
      vertex 0.83029 5.8477 1.95546
    endloop
  endfacet
  facet normal 0.501011 -0.745436 0.439674
    outer loop
      vertex 1.29119 6.17341 1.98248
      vertex 1.17329 6.19504 2.1535
      vertex 0.83029 5.8477 1.95546
    endloop
  endfacet
  facet normal 0.631271 -0.745427 0.214094
    outer loop
      vertex 1.03735 5.8477 1.59683
      vertex 1.38034 6.19504 1.79486
      vertex 0.95051 5.82843 1.78579
    endloop
  endfacet
  facet normal 0.631282 -0.745438 0.214023
    outer loop
      vertex 1.38034 6.19504 1.79486
      vertex 1.29119 6.17341 1.98248
      vertex 0.95051 5.82843 1.78579
    endloop
  endfacet
  facet normal 0.718707 -0.694822 -0.0261287
    outer loop
      vertex 1.08488 5.90421 1.40148
      vertex 1.43468 6.25844 1.60344
      vertex 1.03735 5.8477 1.59683
    endloop
  endfacet
  facet normal 0.718707 -0.694823 -0.0261059
    outer loop
      vertex 1.43468 6.25844 1.60344
      vertex 1.38034 6.19504 1.79486
      vertex 1.03735 5.8477 1.59683
    endloop
  endfacet
  facet normal 0.75735 -0.596936 -0.264742
    outer loop
      vertex 1.08987 5.99411 1.21305
      vertex 1.4505 6.35931 1.42126
      vertex 1.08488 5.90421 1.40148
    endloop
  endfacet
  facet normal 0.757349 -0.596935 -0.264747
    outer loop
      vertex 1.4505 6.35931 1.42126
      vertex 1.43468 6.25844 1.60344
      vertex 1.08488 5.90421 1.40148
    endloop
  endfacet
  facet normal 0.744424 -0.458302 -0.485584
    outer loop
      vertex 1.05197 6.11127 1.04437
      vertex 1.42672 6.49075 1.26072
      vertex 1.08987 5.99411 1.21305
    endloop
  endfacet
  facet normal 0.74445 -0.458327 -0.485521
    outer loop
      vertex 1.42672 6.49075 1.26072
      vertex 1.4505 6.35931 1.42126
      vertex 1.08987 5.99411 1.21305
    endloop
  endfacet
  facet normal 0.680716 -0.288264 -0.673446
    outer loop
      vertex 0.973778 6.2477 0.906936
      vertex 1.36496 6.64383 1.13278
      vertex 1.05197 6.11127 1.04437
    endloop
  endfacet
  facet normal 0.680694 -0.288246 -0.673475
    outer loop
      vertex 1.36496 6.64383 1.13278
      vertex 1.42672 6.49075 1.26072
      vertex 1.05197 6.11127 1.04437
    endloop
  endfacet
  facet normal 0.57039 -0.0983457 -0.815465
    outer loop
      vertex 0.860612 6.39411 0.810123
      vertex 1.26943 6.8081 1.04615
      vertex 0.973778 6.2477 0.906936
    endloop
  endfacet
  facet normal 0.570387 -0.0983433 -0.815467
    outer loop
      vertex 1.26943 6.8081 1.04615
      vertex 1.36496 6.64383 1.13278
      vertex 0.973778 6.2477 0.906936
    endloop
  endfacet
  facet normal 0.421016 0.0983458 -0.901706
    outer loop
      vertex 0.720188 6.54052 0.760526
      vertex 1.14664 6.97236 1.00674
      vertex 0.860612 6.39411 0.810123
    endloop
  endfacet
  facet normal 0.420991 0.0983614 -0.901716
    outer loop
      vertex 1.14664 6.97236 1.00674
      vertex 1.26943 6.8081 1.04615
      vertex 0.860612 6.39411 0.810123
    endloop
  endfacet
  facet normal 0.242887 0.288234 -0.926244
    outer loop
      vertex 0.562073 6.67696 0.761522
      vertex 1.00496 7.12544 1.01722
      vertex 0.720188 6.54052 0.760526
    endloop
  endfacet
  facet normal 0.242903 0.288225 -0.926242
    outer loop
      vertex 1.00496 7.12544 1.01722
      vertex 1.14664 6.97236 1.00674
      vertex 0.720188 6.54052 0.760526
    endloop
  endfacet
  facet normal 0.0482694 0.458319 -0.887476
    outer loop
      vertex 0.397045 6.79411 0.813046
      vertex 0.854038 7.25688 1.07689
      vertex 0.562073 6.67696 0.761522
    endloop
  endfacet
  facet normal 0.0482735 0.458318 -0.887477
    outer loop
      vertex 0.854038 7.25688 1.07689
      vertex 1.00496 7.12544 1.01722
      vertex 0.562073 6.67696 0.761522
    endloop
  endfacet
  facet normal -0.149401 0.596942 -0.788251
    outer loop
      vertex 0.236348 6.88401 0.911585
      vertex 0.704169 7.35775 1.18168
      vertex 0.397045 6.79411 0.813046
    endloop
  endfacet
  facet normal -0.149386 0.596938 -0.788257
    outer loop
      vertex 0.704169 7.35775 1.18168
      vertex 0.854038 7.25688 1.07689
      vertex 0.397045 6.79411 0.813046
    endloop
  endfacet
  facet normal -0.336713 0.694828 -0.635483
    outer loop
      vertex 0.0909348 6.94052 1.05042
      vertex 0.565563 7.42115 1.32445
      vertex 0.236348 6.88401 0.911585
    endloop
  endfacet
  facet normal -0.336736 0.69483 -0.635468
    outer loop
      vertex 0.565563 7.42115 1.32445
      vertex 0.704169 7.35775 1.18168
      vertex 0.236348 6.88401 0.911585
    endloop
  endfacet
  facet normal -0.501012 0.745435 -0.439674
    outer loop
      vertex -0.0292856 6.9598 1.2201
      vertex 0.447664 7.44278 1.49547
      vertex 0.0909348 6.94052 1.05042
    endloop
  endfacet
  facet normal -0.501014 0.745435 -0.439672
    outer loop
      vertex 0.447664 7.44278 1.49547
      vertex 0.565563 7.42115 1.32445
      vertex 0.0909348 6.94052 1.05042
    endloop
  endfacet
  facet normal -0.542177 0.82438 -0.162609
    outer loop
      vertex 0.358508 7.42115 1.68308
      vertex 0.883405 7.82614 1.98613
      vertex 0.447664 7.44278 1.49547
    endloop
  endfacet
  facet normal -0.54215 0.824391 -0.162642
    outer loop
      vertex 0.883405 7.82614 1.98613
      vertex 0.975129 7.84974 1.8
      vertex 0.447664 7.44278 1.49547
    endloop
  endfacet
  facet normal -0.635636 0.768428 0.0740702
    outer loop
      vertex 0.304169 7.35775 1.8745
      vertex 0.821539 7.75692 2.17321
      vertex 0.358508 7.42115 1.68308
    endloop
  endfacet
  facet normal -0.635657 0.768407 0.0741049
    outer loop
      vertex 0.821539 7.75692 2.17321
      vertex 0.883405 7.82614 1.98613
      vertex 0.358508 7.42115 1.68308
    endloop
  endfacet
  facet normal -0.685991 0.660161 0.305949
    outer loop
      vertex 0.288353 7.25688 2.05669
      vertex 0.793747 7.64682 2.34848
      vertex 0.304169 7.35775 1.8745
    endloop
  endfacet
  facet normal -0.685983 0.660176 0.305931
    outer loop
      vertex 0.793747 7.64682 2.34848
      vertex 0.821539 7.75692 2.17321
      vertex 0.304169 7.35775 1.8745
    endloop
  endfacet
  facet normal -0.689653 0.506858 0.517179
    outer loop
      vertex 0.312135 7.12544 2.21722
      vertex 0.801924 7.50333 2.5
      vertex 0.288353 7.25688 2.05669
    endloop
  endfacet
  facet normal -0.689656 0.506837 0.517195
    outer loop
      vertex 0.801924 7.50333 2.5
      vertex 0.793747 7.64682 2.34848
      vertex 0.288353 7.25688 2.05669
    endloop
  endfacet
  facet normal -0.646256 0.318756 0.69336
    outer loop
      vertex 0.373896 6.97236 2.34516
      vertex 0.845511 7.33624 2.61745
      vertex 0.312135 7.12544 2.21722
    endloop
  endfacet
  facet normal -0.646256 0.318782 0.693347
    outer loop
      vertex 0.845511 7.33624 2.61745
      vertex 0.801924 7.50333 2.5
      vertex 0.312135 7.12544 2.21722
    endloop
  endfacet
  facet normal -0.55864 0.108758 0.822249
    outer loop
      vertex 0.469426 6.8081 2.43179
      vertex 0.921539 7.15692 2.69282
      vertex 0.373896 6.97236 2.34516
    endloop
  endfacet
  facet normal -0.558639 0.108749 0.822251
    outer loop
      vertex 0.921539 7.15692 2.69282
      vertex 0.845511 7.33624 2.61745
      vertex 0.373896 6.97236 2.34516
    endloop
  endfacet
  facet normal -0.43278 -0.108744 0.894917
    outer loop
      vertex 0.592216 6.64383 2.47121
      vertex 1.02483 6.97761 2.72098
      vertex 0.469426 6.8081 2.43179
    endloop
  endfacet
  facet normal -0.432777 -0.108756 0.894917
    outer loop
      vertex 1.02483 6.97761 2.72098
      vertex 0.921539 7.15692 2.69282
      vertex 0.469426 6.8081 2.43179
    endloop
  endfacet
  facet normal -0.27733 -0.318788 0.906346
    outer loop
      vertex 0.733897 6.49075 2.46072
      vertex 1.14833 6.81051 2.7
      vertex 0.592216 6.64383 2.47121
    endloop
  endfacet
  facet normal -0.277337 -0.31877 0.90635
    outer loop
      vertex 1.14833 6.81051 2.7
      vertex 1.02483 6.97761 2.72098
      vertex 0.592216 6.64383 2.47121
    endloop
  endfacet
  facet normal -0.103066 -0.506867 0.855841
    outer loop
      vertex 0.884815 6.35931 2.40105
      vertex 1.28365 6.66702 2.63132
      vertex 0.733897 6.49075 2.46072
    endloop
  endfacet
  facet normal -0.103075 -0.50685 0.85585
    outer loop
      vertex 1.28365 6.66702 2.63132
      vertex 1.14833 6.81051 2.7
      vertex 0.733897 6.49075 2.46072
    endloop
  endfacet
  facet normal 0.0780234 -0.660167 0.747056
    outer loop
      vertex 1.03468 6.25844 2.29626
      vertex 1.42154 6.55692 2.51962
      vertex 0.884815 6.35931 2.40105
    endloop
  endfacet
  facet normal 0.0780296 -0.660177 0.747046
    outer loop
      vertex 1.42154 6.55692 2.51962
      vertex 1.28365 6.66702 2.63132
      vertex 0.884815 6.35931 2.40105
    endloop
  endfacet
  facet normal 0.253658 -0.768412 0.587538
    outer loop
      vertex 1.17329 6.19504 2.1535
      vertex 1.55262 6.48771 2.3725
      vertex 1.03468 6.25844 2.29626
    endloop
  endfacet
  facet normal 0.253671 -0.76843 0.587508
    outer loop
      vertex 1.55262 6.48771 2.3725
      vertex 1.42154 6.55692 2.51962
      vertex 1.03468 6.25844 2.29626
    endloop
  endfacet
  facet normal 0.41191 -0.824382 0.388233
    outer loop
      vertex 1.29119 6.17341 1.98248
      vertex 1.66795 6.4641 2.2
      vertex 1.17329 6.19504 2.1535
    endloop
  endfacet
  facet normal 0.411911 -0.824383 0.388228
    outer loop
      vertex 1.66795 6.4641 2.2
      vertex 1.55262 6.48771 2.3725
      vertex 1.17329 6.19504 2.1535
    endloop
  endfacet
  facet normal 0.542179 -0.824383 0.162583
    outer loop
      vertex 1.38034 6.19504 1.79486
      vertex 1.75967 6.48771 2.01387
      vertex 1.29119 6.17341 1.98248
    endloop
  endfacet
  facet normal 0.542177 -0.824382 0.162601
    outer loop
      vertex 1.75967 6.48771 2.01387
      vertex 1.66795 6.4641 2.2
      vertex 1.29119 6.17341 1.98248
    endloop
  endfacet
  facet normal 0.635637 -0.768427 -0.074066
    outer loop
      vertex 1.43468 6.25844 1.60344
      vertex 1.82154 6.55692 1.82679
      vertex 1.38034 6.19504 1.79486
    endloop
  endfacet
  facet normal 0.635637 -0.768427 -0.0740643
    outer loop
      vertex 1.82154 6.55692 1.82679
      vertex 1.75967 6.48771 2.01387
      vertex 1.38034 6.19504 1.79486
    endloop
  endfacet
  facet normal 0.685981 -0.660168 -0.305955
    outer loop
      vertex 1.4505 6.35931 1.42126
      vertex 1.84933 6.66702 1.65152
      vertex 1.43468 6.25844 1.60344
    endloop
  endfacet
  facet normal 0.685984 -0.660173 -0.305937
    outer loop
      vertex 1.84933 6.66702 1.65152
      vertex 1.82154 6.55692 1.82679
      vertex 1.43468 6.25844 1.60344
    endloop
  endfacet
  facet normal 0.689668 -0.506868 -0.517148
    outer loop
      vertex 1.42672 6.49075 1.26072
      vertex 1.84115 6.81051 1.5
      vertex 1.4505 6.35931 1.42126
    endloop
  endfacet
  facet normal 0.689646 -0.506838 -0.517208
    outer loop
      vertex 1.84115 6.81051 1.5
      vertex 1.84933 6.66702 1.65152
      vertex 1.4505 6.35931 1.42126
    endloop
  endfacet
  facet normal 0.646254 -0.31876 -0.69336
    outer loop
      vertex 1.36496 6.64383 1.13278
      vertex 1.79757 6.97761 1.38255
      vertex 1.42672 6.49075 1.26072
    endloop
  endfacet
  facet normal 0.646271 -0.318778 -0.693336
    outer loop
      vertex 1.79757 6.97761 1.38255
      vertex 1.84115 6.81051 1.5
      vertex 1.42672 6.49075 1.26072
    endloop
  endfacet
  facet normal 0.55864 -0.108752 -0.82225
    outer loop
      vertex 1.26943 6.8081 1.04615
      vertex 1.72154 7.15692 1.30718
      vertex 1.36496 6.64383 1.13278
    endloop
  endfacet
  facet normal 0.558638 -0.10875 -0.822252
    outer loop
      vertex 1.72154 7.15692 1.30718
      vertex 1.79757 6.97761 1.38255
      vertex 1.36496 6.64383 1.13278
    endloop
  endfacet
  facet normal 0.432748 0.108779 -0.894928
    outer loop
      vertex 1.14664 6.97236 1.00674
      vertex 1.61825 7.33624 1.27902
      vertex 1.26943 6.8081 1.04615
    endloop
  endfacet
  facet normal 0.432782 0.108751 -0.894915
    outer loop
      vertex 1.61825 7.33624 1.27902
      vertex 1.72154 7.15692 1.30718
      vertex 1.26943 6.8081 1.04615
    endloop
  endfacet
  facet normal 0.277358 0.318752 -0.90635
    outer loop
      vertex 1.00496 7.12544 1.01722
      vertex 1.49474 7.50333 1.3
      vertex 1.14664 6.97236 1.00674
    endloop
  endfacet
  facet normal 0.27731 0.318785 -0.906353
    outer loop
      vertex 1.49474 7.50333 1.3
      vertex 1.61825 7.33624 1.27902
      vertex 1.14664 6.97236 1.00674
    endloop
  endfacet
  facet normal 0.103054 0.506859 -0.855847
    outer loop
      vertex 0.854038 7.25688 1.07689
      vertex 1.35943 7.64682 1.36868
      vertex 1.00496 7.12544 1.01722
    endloop
  endfacet
  facet normal 0.103078 0.506846 -0.855852
    outer loop
      vertex 1.35943 7.64682 1.36868
      vertex 1.49474 7.50333 1.3
      vertex 1.00496 7.12544 1.01722
    endloop
  endfacet
  facet normal -0.0780282 0.660161 -0.74706
    outer loop
      vertex 0.704169 7.35775 1.18168
      vertex 1.22154 7.75692 1.48038
      vertex 0.854038 7.25688 1.07689
    endloop
  endfacet
  facet normal -0.078044 0.660167 -0.747053
    outer loop
      vertex 1.22154 7.75692 1.48038
      vertex 1.35943 7.64682 1.36868
      vertex 0.854038 7.25688 1.07689
    endloop
  endfacet
  facet normal -0.253681 0.768421 -0.587516
    outer loop
      vertex 0.565563 7.42115 1.32445
      vertex 1.09046 7.82614 1.6275
      vertex 0.704169 7.35775 1.18168
    endloop
  endfacet
  facet normal -0.253651 0.768416 -0.587536
    outer loop
      vertex 1.09046 7.82614 1.6275
      vertex 1.22154 7.75692 1.48038
      vertex 0.704169 7.35775 1.18168
    endloop
  endfacet
  facet normal -0.411905 0.824387 -0.388228
    outer loop
      vertex 0.447664 7.44278 1.49547
      vertex 0.975129 7.84974 1.8
      vertex 0.565563 7.42115 1.32445
    endloop
  endfacet
  facet normal -0.411936 0.824385 -0.3882
    outer loop
      vertex 0.975129 7.84974 1.8
      vertex 1.09046 7.82614 1.6275
      vertex 0.565563 7.42115 1.32445
    endloop
  endfacet
  facet normal -0.444876 0.889239 -0.106484
    outer loop
      vertex 0.883405 7.82614 1.98613
      vertex 1.44959 8.14854 2.31302
      vertex 0.975129 7.84974 1.8
    endloop
  endfacet
  facet normal -0.444918 0.889224 -0.106436
    outer loop
      vertex 1.44959 8.14854 2.31302
      vertex 1.54408 8.17373 2.12849
      vertex 0.975129 7.84974 1.8
    endloop
  endfacet
  facet normal -0.544986 0.828854 0.126455
    outer loop
      vertex 0.821539 7.75692 2.17321
      vertex 1.3796 8.0747 2.4954
      vertex 0.883405 7.82614 1.98613
    endloop
  endfacet
  facet normal -0.544977 0.828863 0.126441
    outer loop
      vertex 1.3796 8.0747 2.4954
      vertex 1.44959 8.14854 2.31302
      vertex 0.883405 7.82614 1.98613
    endloop
  endfacet
  facet normal -0.60809 0.712105 0.350903
    outer loop
      vertex 0.793747 7.64682 2.34848
      vertex 1.3389 7.95725 2.66322
      vertex 0.821539 7.75692 2.17321
    endloop
  endfacet
  facet normal -0.608088 0.712109 0.3509
    outer loop
      vertex 1.3389 7.95725 2.66322
      vertex 1.3796 8.0747 2.4954
      vertex 0.821539 7.75692 2.17321
    endloop
  endfacet
  facet normal -0.629848 0.546708 0.551725
    outer loop
      vertex 0.801924 7.50333 2.5
      vertex 1.33024 7.80417 2.80502
      vertex 0.793747 7.64682 2.34848
    endloop
  endfacet
  facet normal -0.62985 0.546705 0.551728
    outer loop
      vertex 1.33024 7.80417 2.80502
      vertex 1.3389 7.95725 2.66322
      vertex 0.793747 7.64682 2.34848
    endloop
  endfacet
  facet normal -0.608644 0.343858 0.715063
    outer loop
      vertex 0.845511 7.33624 2.61745
      vertex 1.35422 7.62592 2.91115
      vertex 0.801924 7.50333 2.5
    endloop
  endfacet
  facet normal -0.608643 0.343865 0.71506
    outer loop
      vertex 1.35422 7.62592 2.91115
      vertex 1.33024 7.80417 2.80502
      vertex 0.801924 7.50333 2.5
    endloop
  endfacet
  facet normal -0.545807 0.117303 0.82966
    outer loop
      vertex 0.921539 7.15692 2.69282
      vertex 1.40921 7.43462 2.97438
      vertex 0.845511 7.33624 2.61745
    endloop
  endfacet
  facet normal -0.545808 0.117329 0.829655
    outer loop
      vertex 1.40921 7.43462 2.97438
      vertex 1.35422 7.62592 2.91115
      vertex 0.845511 7.33624 2.61745
    endloop
  endfacet
  facet normal -0.4456 -0.117306 0.887514
    outer loop
      vertex 1.02483 6.97761 2.72098
      vertex 1.49147 7.24333 2.99039
      vertex 0.921539 7.15692 2.69282
    endloop
  endfacet
  facet normal -0.445594 -0.117338 0.887512
    outer loop
      vertex 1.49147 7.24333 2.99039
      vertex 1.40921 7.43462 2.97438
      vertex 0.921539 7.15692 2.69282
    endloop
  endfacet
  facet normal -0.314951 -0.343842 0.884635
    outer loop
      vertex 1.14833 6.81051 2.7
      vertex 1.59537 7.06507 2.9581
      vertex 1.02483 6.97761 2.72098
    endloop
  endfacet
  facet normal -0.314957 -0.343819 0.884641
    outer loop
      vertex 1.59537 7.06507 2.9581
      vertex 1.49147 7.24333 2.99039
      vertex 1.02483 6.97761 2.72098
    endloop
  endfacet
  facet normal -0.16287 -0.546715 0.821326
    outer loop
      vertex 1.28365 6.66702 2.63132
      vertex 1.71385 6.912 2.8797
      vertex 1.14833 6.81051 2.7
    endloop
  endfacet
  facet normal -0.162865 -0.546728 0.821318
    outer loop
      vertex 1.71385 6.912 2.8797
      vertex 1.59537 7.06507 2.9581
      vertex 1.14833 6.81051 2.7
    endloop
  endfacet
  facet normal 0.000150411 -0.712096 0.702082
    outer loop
      vertex 1.42154 6.55692 2.51962
      vertex 1.83882 6.79454 2.76054
      vertex 1.28365 6.66702 2.63132
    endloop
  endfacet
  facet normal 0.000147968 -0.712091 0.702087
    outer loop
      vertex 1.83882 6.79454 2.76054
      vertex 1.71385 6.912 2.8797
      vertex 1.28365 6.66702 2.63132
    endloop
  endfacet
  facet normal 0.163009 -0.828871 0.535164
    outer loop
      vertex 1.55262 6.48771 2.3725
      vertex 1.96178 6.7207 2.60873
      vertex 1.42154 6.55692 2.51962
    endloop
  endfacet
  facet normal 0.163003 -0.828861 0.535182
    outer loop
      vertex 1.96178 6.7207 2.60873
      vertex 1.83882 6.79454 2.76054
      vertex 1.42154 6.55692 2.51962
    endloop
  endfacet
  facet normal 0.314643 -0.889229 0.332073
    outer loop
      vertex 1.66795 6.4641 2.2
      vertex 2.07435 6.69552 2.43463
      vertex 1.55262 6.48771 2.3725
    endloop
  endfacet
  facet normal 0.314648 -0.889234 0.332055
    outer loop
      vertex 2.07435 6.69552 2.43463
      vertex 1.96178 6.7207 2.60873
      vertex 1.55262 6.48771 2.3725
    endloop
  endfacet
  facet normal 0.444898 -0.889234 0.106438
    outer loop
      vertex 1.75967 6.48771 2.01387
      vertex 2.16884 6.7207 2.2501
      vertex 1.66795 6.4641 2.2
    endloop
  endfacet
  facet normal 0.444894 -0.889232 0.106471
    outer loop
      vertex 2.16884 6.7207 2.2501
      vertex 2.07435 6.69552 2.43463
      vertex 1.66795 6.4641 2.2
    endloop
  endfacet
  facet normal 0.544979 -0.828866 -0.126406
    outer loop
      vertex 1.82154 6.55692 1.82679
      vertex 2.23882 6.79454 2.06771
      vertex 1.75967 6.48771 2.01387
    endloop
  endfacet
  facet normal 0.54498 -0.828858 -0.126461
    outer loop
      vertex 2.23882 6.79454 2.06771
      vertex 2.16884 6.7207 2.2501
      vertex 1.75967 6.48771 2.01387
    endloop
  endfacet
  facet normal 0.608103 -0.712095 -0.350901
    outer loop
      vertex 1.84933 6.66702 1.65152
      vertex 2.27953 6.912 1.8999
      vertex 1.82154 6.55692 1.82679
    endloop
  endfacet
  facet normal 0.608102 -0.712091 -0.350911
    outer loop
      vertex 2.27953 6.912 1.8999
      vertex 2.23882 6.79454 2.06771
      vertex 1.82154 6.55692 1.82679
    endloop
  endfacet
  facet normal 0.629852 -0.546699 -0.55173
    outer loop
      vertex 1.84115 6.81051 1.5
      vertex 2.28819 7.06507 1.7581
      vertex 1.84933 6.66702 1.65152
    endloop
  endfacet
  facet normal 0.629862 -0.546717 -0.551702
    outer loop
      vertex 2.28819 7.06507 1.7581
      vertex 2.27953 6.912 1.8999
      vertex 1.84933 6.66702 1.65152
    endloop
  endfacet
  facet normal 0.60865 -0.343857 -0.715058
    outer loop
      vertex 1.79757 6.97761 1.38255
      vertex 2.26421 7.24333 1.65197
      vertex 1.84115 6.81051 1.5
    endloop
  endfacet
  facet normal 0.608645 -0.343849 -0.715066
    outer loop
      vertex 2.26421 7.24333 1.65197
      vertex 2.28819 7.06507 1.7581
      vertex 1.84115 6.81051 1.5
    endloop
  endfacet
  facet normal 0.545807 -0.117303 -0.829659
    outer loop
      vertex 1.72154 7.15692 1.30718
      vertex 2.20921 7.43462 1.58874
      vertex 1.79757 6.97761 1.38255
    endloop
  endfacet
  facet normal 0.54581 -0.117307 -0.829657
    outer loop
      vertex 2.20921 7.43462 1.58874
      vertex 2.26421 7.24333 1.65197
      vertex 1.79757 6.97761 1.38255
    endloop
  endfacet
  facet normal 0.445614 0.117306 -0.887506
    outer loop
      vertex 1.61825 7.33624 1.27902
      vertex 2.12696 7.62592 1.57273
      vertex 1.72154 7.15692 1.30718
    endloop
  endfacet
  facet normal 0.445607 0.117314 -0.887509
    outer loop
      vertex 2.12696 7.62592 1.57273
      vertex 2.20921 7.43462 1.58874
      vertex 1.72154 7.15692 1.30718
    endloop
  endfacet
  facet normal 0.314928 0.343865 -0.884634
    outer loop
      vertex 1.49474 7.50333 1.3
      vertex 2.02306 7.80417 1.60502
      vertex 1.61825 7.33624 1.27902
    endloop
  endfacet
  facet normal 0.314959 0.343838 -0.884634
    outer loop
      vertex 2.02306 7.80417 1.60502
      vertex 2.12696 7.62592 1.57273
      vertex 1.61825 7.33624 1.27902
    endloop
  endfacet
  facet normal 0.162873 0.546709 -0.821329
    outer loop
      vertex 1.35943 7.64682 1.36868
      vertex 1.90458 7.95725 1.68342
      vertex 1.49474 7.50333 1.3
    endloop
  endfacet
  facet normal 0.162876 0.546707 -0.82133
    outer loop
      vertex 1.90458 7.95725 1.68342
      vertex 2.02306 7.80417 1.60502
      vertex 1.49474 7.50333 1.3
    endloop
  endfacet
  facet normal -0.000145443 0.712099 -0.702079
    outer loop
      vertex 1.22154 7.75692 1.48038
      vertex 1.7796 8.0747 1.80258
      vertex 1.35943 7.64682 1.36868
    endloop
  endfacet
  facet normal -0.000168139 0.71211 -0.702068
    outer loop
      vertex 1.7796 8.0747 1.80258
      vertex 1.90458 7.95725 1.68342
      vertex 1.35943 7.64682 1.36868
    endloop
  endfacet
  facet normal -0.162979 0.828861 -0.535189
    outer loop
      vertex 1.09046 7.82614 1.6275
      vertex 1.65665 8.14854 1.95439
      vertex 1.22154 7.75692 1.48038
    endloop
  endfacet
  facet normal -0.163002 0.828867 -0.535173
    outer loop
      vertex 1.65665 8.14854 1.95439
      vertex 1.7796 8.0747 1.80258
      vertex 1.22154 7.75692 1.48038
    endloop
  endfacet
  facet normal -0.314668 0.889232 -0.33204
    outer loop
      vertex 0.975129 7.84974 1.8
      vertex 1.54408 8.17373 2.12849
      vertex 1.09046 7.82614 1.6275
    endloop
  endfacet
  facet normal -0.314617 0.889233 -0.332086
    outer loop
      vertex 1.54408 8.17373 2.12849
      vertex 1.65665 8.14854 1.95439
      vertex 1.09046 7.82614 1.6275
    endloop
  endfacet
  facet normal -0.341139 0.938861 -0.0465197
    outer loop
      vertex 1.44959 8.14854 2.31302
      vertex 2.04738 8.38285 2.65815
      vertex 1.54408 8.17373 2.12849
    endloop
  endfacet
  facet normal -0.341124 0.938866 -0.0465354
    outer loop
      vertex 2.04738 8.38285 2.65815
      vertex 2.14479 8.40918 2.47531
      vertex 1.54408 8.17373 2.12849
    endloop
  endfacet
  facet normal -0.448266 0.875118 0.182282
    outer loop
      vertex 1.3796 8.0747 2.4954
      vertex 1.96882 8.30566 2.83559
      vertex 1.44959 8.14854 2.31302
    endloop
  endfacet
  facet normal -0.44824 0.875138 0.182249
    outer loop
      vertex 1.96882 8.30566 2.83559
      vertex 2.04738 8.38285 2.65815
      vertex 1.44959 8.14854 2.31302
    endloop
  endfacet
  facet normal -0.524989 0.751857 0.398871
    outer loop
      vertex 1.3389 7.95725 2.66322
      vertex 1.91447 8.18285 2.99553
      vertex 1.3796 8.0747 2.4954
    endloop
  endfacet
  facet normal -0.525004 0.751835 0.398892
    outer loop
      vertex 1.91447 8.18285 2.99553
      vertex 1.96882 8.30566 2.83559
      vertex 1.3796 8.0747 2.4954
    endloop
  endfacet
  facet normal -0.566059 0.577213 0.58856
    outer loop
      vertex 1.33024 7.80417 2.80502
      vertex 1.88804 8.02281 3.12707
      vertex 1.3389 7.95725 2.66322
    endloop
  endfacet
  facet normal -0.566054 0.577225 0.588553
    outer loop
      vertex 1.88804 8.02281 3.12707
      vertex 1.91447 8.18285 2.99553
      vertex 1.3389 7.95725 2.66322
    endloop
  endfacet
  facet normal -0.568515 0.363058 0.738227
    outer loop
      vertex 1.35422 7.62592 2.91115
      vertex 1.89133 7.83644 3.22125
      vertex 1.33024 7.80417 2.80502
    endloop
  endfacet
  facet normal -0.568522 0.363025 0.738239
    outer loop
      vertex 1.89133 7.83644 3.22125
      vertex 1.88804 8.02281 3.12707
      vertex 1.33024 7.80417 2.80502
    endloop
  endfacet
  facet normal -0.532111 0.12388 0.837563
    outer loop
      vertex 1.40921 7.43462 2.97438
      vertex 1.92411 7.63644 3.27165
      vertex 1.35422 7.62592 2.91115
    endloop
  endfacet
  facet normal -0.532112 0.123853 0.837566
    outer loop
      vertex 1.92411 7.63644 3.27165
      vertex 1.89133 7.83644 3.22125
      vertex 1.35422 7.62592 2.91115
    endloop
  endfacet
  facet normal -0.459285 -0.123887 0.879607
    outer loop
      vertex 1.49147 7.24333 2.99039
      vertex 1.98415 7.43644 3.27484
      vertex 1.40921 7.43462 2.97438
    endloop
  endfacet
  facet normal -0.459287 -0.123848 0.879612
    outer loop
      vertex 1.98415 7.43644 3.27484
      vertex 1.92411 7.63644 3.27165
      vertex 1.40921 7.43462 2.97438
    endloop
  endfacet
  facet normal -0.355082 -0.36301 0.861476
    outer loop
      vertex 1.59537 7.06507 2.9581
      vertex 2.06736 7.25007 3.2306
      vertex 1.49147 7.24333 2.99039
    endloop
  endfacet
  facet normal -0.355079 -0.363028 0.861469
    outer loop
      vertex 2.06736 7.25007 3.2306
      vertex 1.98415 7.43644 3.27484
      vertex 1.49147 7.24333 2.99039
    endloop
  endfacet
  facet normal -0.226669 -0.577245 0.78448
    outer loop
      vertex 1.71385 6.912 2.8797
      vertex 2.16806 7.09003 3.14194
      vertex 1.59537 7.06507 2.9581
    endloop
  endfacet
  facet normal -0.226674 -0.577226 0.784493
    outer loop
      vertex 2.16806 7.09003 3.14194
      vertex 2.06736 7.25007 3.2306
      vertex 1.59537 7.06507 2.9581
    endloop
  endfacet
  facet normal -0.08295 -0.751834 0.654114
    outer loop
      vertex 1.83882 6.79454 2.76054
      vertex 2.2794 6.96723 3.0149
      vertex 1.71385 6.912 2.8797
    endloop
  endfacet
  facet normal -0.0829392 -0.751864 0.654081
    outer loop
      vertex 2.2794 6.96723 3.0149
      vertex 2.16806 7.09003 3.14194
      vertex 1.71385 6.912 2.8797
    endloop
  endfacet
  facet normal 0.0662701 -0.875126 0.479335
    outer loop
      vertex 1.96178 6.7207 2.60873
      vertex 2.39379 6.89003 2.85815
      vertex 1.83882 6.79454 2.76054
    endloop
  endfacet
  facet normal 0.0662647 -0.875116 0.479355
    outer loop
      vertex 2.39379 6.89003 2.85815
      vertex 2.2794 6.96723 3.0149
      vertex 1.83882 6.79454 2.76054
    endloop
  endfacet
  facet normal 0.210879 -0.938867 0.272138
    outer loop
      vertex 2.07435 6.69552 2.43463
      vertex 2.50342 6.8637 2.68236
      vertex 1.96178 6.7207 2.60873
    endloop
  endfacet
  facet normal 0.210879 -0.938867 0.272137
    outer loop
      vertex 2.50342 6.8637 2.68236
      vertex 2.39379 6.89003 2.85815
      vertex 1.96178 6.7207 2.60873
    endloop
  endfacet
  facet normal 0.341122 -0.938865 0.0465615
    outer loop
      vertex 2.16884 6.7207 2.2501
      vertex 2.60084 6.89003 2.49952
      vertex 2.07435 6.69552 2.43463
    endloop
  endfacet
  facet normal 0.341123 -0.938865 0.0465537
    outer loop
      vertex 2.60084 6.89003 2.49952
      vertex 2.50342 6.8637 2.68236
      vertex 2.07435 6.69552 2.43463
    endloop
  endfacet
  facet normal 0.448261 -0.875117 -0.182298
    outer loop
      vertex 2.23882 6.79454 2.06771
      vertex 2.6794 6.96723 2.32208
      vertex 2.16884 6.7207 2.2501
    endloop
  endfacet
  facet normal 0.448261 -0.875121 -0.182281
    outer loop
      vertex 2.6794 6.96723 2.32208
      vertex 2.60084 6.89003 2.49952
      vertex 2.16884 6.7207 2.2501
    endloop
  endfacet
  facet normal 0.524985 -0.751844 -0.3989
    outer loop
      vertex 2.27953 6.912 1.8999
      vertex 2.73375 7.09003 2.16214
      vertex 2.23882 6.79454 2.06771
    endloop
  endfacet
  facet normal 0.524987 -0.751859 -0.398869
    outer loop
      vertex 2.73375 7.09003 2.16214
      vertex 2.6794 6.96723 2.32208
      vertex 2.23882 6.79454 2.06771
    endloop
  endfacet
  facet normal 0.566046 -0.577239 -0.588547
    outer loop
      vertex 2.28819 7.06507 1.7581
      vertex 2.76018 7.25007 2.0306
      vertex 2.27953 6.912 1.8999
    endloop
  endfacet
  facet normal 0.566043 -0.577229 -0.58856
    outer loop
      vertex 2.76018 7.25007 2.0306
      vertex 2.73375 7.09003 2.16214
      vertex 2.27953 6.912 1.8999
    endloop
  endfacet
  facet normal 0.568518 -0.363041 -0.738234
    outer loop
      vertex 2.26421 7.24333 1.65197
      vertex 2.75689 7.43644 1.93642
      vertex 2.28819 7.06507 1.7581
    endloop
  endfacet
  facet normal 0.568512 -0.363028 -0.738245
    outer loop
      vertex 2.75689 7.43644 1.93642
      vertex 2.76018 7.25007 2.0306
      vertex 2.28819 7.06507 1.7581
    endloop
  endfacet
  facet normal 0.532107 -0.123862 -0.837568
    outer loop
      vertex 2.20921 7.43462 1.58874
      vertex 2.72411 7.63644 1.88601
      vertex 2.26421 7.24333 1.65197
    endloop
  endfacet
  facet normal 0.532123 -0.12389 -0.837554
    outer loop
      vertex 2.72411 7.63644 1.88601
      vertex 2.75689 7.43644 1.93642
      vertex 2.26421 7.24333 1.65197
    endloop
  endfacet
  facet normal 0.459293 0.12386 -0.879607
    outer loop
      vertex 2.12696 7.62592 1.57273
      vertex 2.66407 7.83644 1.88283
      vertex 2.20921 7.43462 1.58874
    endloop
  endfacet
  facet normal 0.459273 0.123888 -0.879614
    outer loop
      vertex 2.66407 7.83644 1.88283
      vertex 2.72411 7.63644 1.88601
      vertex 2.20921 7.43462 1.58874
    endloop
  endfacet
  facet normal 0.35508 0.363028 -0.861469
    outer loop
      vertex 2.02306 7.80417 1.60502
      vertex 2.58086 8.02281 1.92707
      vertex 2.12696 7.62592 1.57273
    endloop
  endfacet
  facet normal 0.35508 0.363028 -0.861469
    outer loop
      vertex 2.58086 8.02281 1.92707
      vertex 2.66407 7.83644 1.88283
      vertex 2.12696 7.62592 1.57273
    endloop
  endfacet
  facet normal 0.226681 0.577224 -0.784493
    outer loop
      vertex 1.90458 7.95725 1.68342
      vertex 2.48016 8.18285 2.01573
      vertex 2.02306 7.80417 1.60502
    endloop
  endfacet
  facet normal 0.226677 0.577227 -0.784491
    outer loop
      vertex 2.48016 8.18285 2.01573
      vertex 2.58086 8.02281 1.92707
      vertex 2.02306 7.80417 1.60502
    endloop
  endfacet
  facet normal 0.0829312 0.751859 -0.654088
    outer loop
      vertex 1.7796 8.0747 1.80258
      vertex 2.36882 8.30566 2.14277
      vertex 1.90458 7.95725 1.68342
    endloop
  endfacet
  facet normal 0.0829584 0.751843 -0.654103
    outer loop
      vertex 2.36882 8.30566 2.14277
      vertex 2.48016 8.18285 2.01573
      vertex 1.90458 7.95725 1.68342
    endloop
  endfacet
  facet normal -0.0662751 0.875126 -0.479335
    outer loop
      vertex 1.65665 8.14854 1.95439
      vertex 2.25443 8.38285 2.29952
      vertex 1.7796 8.0747 1.80258
    endloop
  endfacet
  facet normal -0.0662889 0.875131 -0.479325
    outer loop
      vertex 2.25443 8.38285 2.29952
      vertex 2.36882 8.30566 2.14277
      vertex 1.7796 8.0747 1.80258
    endloop
  endfacet
  facet normal -0.210851 0.938863 -0.272174
    outer loop
      vertex 1.54408 8.17373 2.12849
      vertex 2.14479 8.40918 2.47531
      vertex 1.65665 8.14854 1.95439
    endloop
  endfacet
  facet normal -0.210878 0.938864 -0.272148
    outer loop
      vertex 2.14479 8.40918 2.47531
      vertex 2.25443 8.38285 2.29952
      vertex 1.65665 8.14854 1.95439
    endloop
  endfacet
  facet normal -0.232652 0.972427 0.0160869
    outer loop
      vertex 2.04738 8.38285 2.65815
      vertex 2.66654 8.52507 3.01562
      vertex 2.14479 8.40918 2.47531
    endloop
  endfacet
  facet normal -0.232633 0.972432 0.0160666
    outer loop
      vertex 2.66654 8.52507 3.01562
      vertex 2.76698 8.55209 2.83453
      vertex 2.14479 8.40918 2.47531
    endloop
  endfacet
  facet normal -0.347116 0.906426 0.240631
    outer loop
      vertex 1.96882 8.30566 2.83559
      vertex 2.5791 8.44583 3.18793
      vertex 2.04738 8.38285 2.65815
    endloop
  endfacet
  facet normal -0.347147 0.906405 0.240665
    outer loop
      vertex 2.5791 8.44583 3.18793
      vertex 2.66654 8.52507 3.01562
      vertex 2.04738 8.38285 2.65815
    endloop
  endfacet
  facet normal -0.438121 0.778715 0.449057
    outer loop
      vertex 1.91447 8.18285 2.99553
      vertex 2.51063 8.31978 3.33972
      vertex 1.96882 8.30566 2.83559
    endloop
  endfacet
  facet normal -0.438112 0.778726 0.449047
    outer loop
      vertex 2.51063 8.31978 3.33972
      vertex 2.5791 8.44583 3.18793
      vertex 1.96882 8.30566 2.83559
    endloop
  endfacet
  facet normal -0.499351 0.597862 0.627064
    outer loop
      vertex 1.88804 8.02281 3.12707
      vertex 2.46579 8.15551 3.46063
      vertex 1.91447 8.18285 2.99553
    endloop
  endfacet
  facet normal -0.499354 0.597856 0.627068
    outer loop
      vertex 2.46579 8.15551 3.46063
      vertex 2.51063 8.31978 3.33972
      vertex 1.91447 8.18285 2.99553
    endloop
  endfacet
  facet normal -0.526575 0.376003 0.762457
    outer loop
      vertex 1.89133 7.83644 3.22125
      vertex 2.44764 7.96422 3.54244
      vertex 1.88804 8.02281 3.12707
    endloop
  endfacet
  facet normal -0.526564 0.376041 0.762446
    outer loop
      vertex 2.44764 7.96422 3.54244
      vertex 2.46579 8.15551 3.46063
      vertex 1.88804 8.02281 3.12707
    endloop
  endfacet
  facet normal -0.517815 0.128277 0.845821
    outer loop
      vertex 1.92411 7.63644 3.27165
      vertex 2.45741 7.75894 3.57956
      vertex 1.89133 7.83644 3.22125
    endloop
  endfacet
  facet normal -0.517811 0.128302 0.84582
    outer loop
      vertex 2.45741 7.75894 3.57956
      vertex 2.44764 7.96422 3.54244
      vertex 1.89133 7.83644 3.22125
    endloop
  endfacet
  facet normal -0.473605 -0.128278 0.871346
    outer loop
      vertex 1.98415 7.43644 3.27484
      vertex 2.49445 7.55365 3.56946
      vertex 1.92411 7.63644 3.27165
    endloop
  endfacet
  facet normal -0.473607 -0.12832 0.871338
    outer loop
      vertex 2.49445 7.55365 3.56946
      vertex 2.45741 7.75894 3.57956
      vertex 1.92411 7.63644 3.27165
    endloop
  endfacet
  facet normal -0.397017 -0.376005 0.837256
    outer loop
      vertex 2.06736 7.25007 3.2306
      vertex 2.55622 7.36236 3.51284
      vertex 1.98415 7.43644 3.27484
    endloop
  endfacet
  facet normal -0.397016 -0.37602 0.83725
    outer loop
      vertex 2.55622 7.36236 3.51284
      vertex 2.49445 7.55365 3.56946
      vertex 1.98415 7.43644 3.27484
    endloop
  endfacet
  facet normal -0.293365 -0.597859 0.74599
    outer loop
      vertex 2.16806 7.09003 3.14194
      vertex 2.63851 7.19809 3.41355
      vertex 2.06736 7.25007 3.2306
    endloop
  endfacet
  facet normal -0.293365 -0.597859 0.74599
    outer loop
      vertex 2.63851 7.19809 3.41355
      vertex 2.55622 7.36236 3.51284
      vertex 2.06736 7.25007 3.2306
    endloop
  endfacet
  facet normal -0.169812 -0.778742 0.603925
    outer loop
      vertex 2.2794 6.96723 3.0149
      vertex 2.73573 7.07204 3.27836
      vertex 2.16806 7.09003 3.14194
    endloop
  endfacet
  facet normal -0.169817 -0.778721 0.603951
    outer loop
      vertex 2.73573 7.07204 3.27836
      vertex 2.63851 7.19809 3.41355
      vertex 2.16806 7.09003 3.14194
    endloop
  endfacet
  facet normal -0.0348453 -0.906401 0.420978
    outer loop
      vertex 2.39379 6.89003 2.85815
      vertex 2.84123 6.99281 3.11648
      vertex 2.2794 6.96723 3.0149
    endloop
  endfacet
  facet normal -0.0348363 -0.906423 0.420933
    outer loop
      vertex 2.84123 6.99281 3.11648
      vertex 2.73573 7.07204 3.27836
      vertex 2.2794 6.96723 3.0149
    endloop
  endfacet
  facet normal 0.102397 -0.97243 0.209511
    outer loop
      vertex 2.50342 6.8637 2.68236
      vertex 2.94784 6.96578 2.93895
      vertex 2.39379 6.89003 2.85815
    endloop
  endfacet
  facet normal 0.102391 -0.972423 0.209545
    outer loop
      vertex 2.94784 6.96578 2.93895
      vertex 2.84123 6.99281 3.11648
      vertex 2.39379 6.89003 2.85815
    endloop
  endfacet
  facet normal 0.232649 -0.972428 -0.0160759
    outer loop
      vertex 2.60084 6.89003 2.49952
      vertex 3.04829 6.99281 2.75785
      vertex 2.50342 6.8637 2.68236
    endloop
  endfacet
  facet normal 0.232652 -0.972427 -0.016095
    outer loop
      vertex 3.04829 6.99281 2.75785
      vertex 2.94784 6.96578 2.93895
      vertex 2.50342 6.8637 2.68236
    endloop
  endfacet
  facet normal 0.347133 -0.906409 -0.240668
    outer loop
      vertex 2.6794 6.96723 2.32208
      vertex 3.13573 7.07204 2.58554
      vertex 2.60084 6.89003 2.49952
    endloop
  endfacet
  facet normal 0.34713 -0.906421 -0.240628
    outer loop
      vertex 3.13573 7.07204 2.58554
      vertex 3.04829 6.99281 2.75785
      vertex 2.60084 6.89003 2.49952
    endloop
  endfacet
  facet normal 0.438121 -0.778735 -0.449023
    outer loop
      vertex 2.73375 7.09003 2.16214
      vertex 3.2042 7.19809 2.43376
      vertex 2.6794 6.96723 2.32208
    endloop
  endfacet
  facet normal 0.438119 -0.778713 -0.449063
    outer loop
      vertex 3.2042 7.19809 2.43376
      vertex 3.13573 7.07204 2.58554
      vertex 2.6794 6.96723 2.32208
    endloop
  endfacet
  facet normal 0.499357 -0.597861 -0.627061
    outer loop
      vertex 2.76018 7.25007 2.0306
      vertex 3.24904 7.36236 2.31284
      vertex 2.73375 7.09003 2.16214
    endloop
  endfacet
  facet normal 0.49936 -0.597877 -0.627043
    outer loop
      vertex 3.24904 7.36236 2.31284
      vertex 3.2042 7.19809 2.43376
      vertex 2.73375 7.09003 2.16214
    endloop
  endfacet
  facet normal 0.526568 -0.376005 -0.76246
    outer loop
      vertex 2.75689 7.43644 1.93642
      vertex 3.26719 7.55365 2.23104
      vertex 2.76018 7.25007 2.0306
    endloop
  endfacet
  facet normal 0.526569 -0.376007 -0.762459
    outer loop
      vertex 3.26719 7.55365 2.23104
      vertex 3.24904 7.36236 2.31284
      vertex 2.76018 7.25007 2.0306
    endloop
  endfacet
  facet normal 0.517819 -0.128316 -0.845812
    outer loop
      vertex 2.72411 7.63644 1.88601
      vertex 3.25741 7.75894 2.19392
      vertex 2.75689 7.43644 1.93642
    endloop
  endfacet
  facet normal 0.5178 -0.128273 -0.84583
    outer loop
      vertex 3.25741 7.75894 2.19392
      vertex 3.26719 7.55365 2.23104
      vertex 2.75689 7.43644 1.93642
    endloop
  endfacet
  facet normal 0.47359 0.128317 -0.871348
    outer loop
      vertex 2.66407 7.83644 1.88283
      vertex 3.22038 7.96422 2.20401
      vertex 2.72411 7.63644 1.88601
    endloop
  endfacet
  facet normal 0.47362 0.128264 -0.871339
    outer loop
      vertex 3.22038 7.96422 2.20401
      vertex 3.25741 7.75894 2.19392
      vertex 2.72411 7.63644 1.88601
    endloop
  endfacet
  facet normal 0.39702 0.376006 -0.837254
    outer loop
      vertex 2.58086 8.02281 1.92707
      vertex 3.15861 8.15551 2.26063
      vertex 2.66407 7.83644 1.88283
    endloop
  endfacet
  facet normal 0.397011 0.376019 -0.837253
    outer loop
      vertex 3.15861 8.15551 2.26063
      vertex 3.22038 7.96422 2.20401
      vertex 2.66407 7.83644 1.88283
    endloop
  endfacet
  facet normal 0.293374 0.597862 -0.745984
    outer loop
      vertex 2.48016 8.18285 2.01573
      vertex 3.07631 8.31978 2.35992
      vertex 2.58086 8.02281 1.92707
    endloop
  endfacet
  facet normal 0.293365 0.597871 -0.74598
    outer loop
      vertex 3.07631 8.31978 2.35992
      vertex 3.15861 8.15551 2.26063
      vertex 2.58086 8.02281 1.92707
    endloop
  endfacet
  facet normal 0.169828 0.778719 -0.60395
    outer loop
      vertex 2.36882 8.30566 2.14277
      vertex 2.9791 8.44583 2.49511
      vertex 2.48016 8.18285 2.01573
    endloop
  endfacet
  facet normal 0.16983 0.778717 -0.603951
    outer loop
      vertex 2.9791 8.44583 2.49511
      vertex 3.07631 8.31978 2.35992
      vertex 2.48016 8.18285 2.01573
    endloop
  endfacet
  facet normal 0.0348266 0.906419 -0.420942
    outer loop
      vertex 2.25443 8.38285 2.29952
      vertex 2.87359 8.52507 2.65699
      vertex 2.36882 8.30566 2.14277
    endloop
  endfacet
  facet normal 0.0348563 0.906407 -0.420966
    outer loop
      vertex 2.87359 8.52507 2.65699
      vertex 2.9791 8.44583 2.49511
      vertex 2.36882 8.30566 2.14277
    endloop
  endfacet
  facet normal -0.102394 0.97243 -0.209514
    outer loop
      vertex 2.14479 8.40918 2.47531
      vertex 2.76698 8.55209 2.83453
      vertex 2.25443 8.38285 2.29952
    endloop
  endfacet
  facet normal -0.102415 0.972432 -0.209494
    outer loop
      vertex 2.76698 8.55209 2.83453
      vertex 2.87359 8.52507 2.65699
      vertex 2.25443 8.38285 2.29952
    endloop
  endfacet
  facet normal -0.121267 0.989362 0.0803604
    outer loop
      vertex 2.66654 8.52507 3.01562
      vertex 3.29647 8.57274 3.37932
      vertex 2.76698 8.55209 2.83453
    endloop
  endfacet
  facet normal -0.121285 0.989358 0.0803775
    outer loop
      vertex 3.29647 8.57274 3.37932
      vertex 3.4 8.6 3.2
      vertex 2.76698 8.55209 2.83453
    endloop
  endfacet
  facet normal -0.243343 0.922185 0.300598
    outer loop
      vertex 2.5791 8.44583 3.18793
      vertex 3.2 8.49282 3.54641
      vertex 2.66654 8.52507 3.01562
    endloop
  endfacet
  facet normal -0.243339 0.922187 0.300594
    outer loop
      vertex 3.2 8.49282 3.54641
      vertex 3.29647 8.57274 3.37932
      vertex 2.66654 8.52507 3.01562
    endloop
  endfacet
  facet normal -0.348948 0.792282 0.500525
    outer loop
      vertex 2.51063 8.31978 3.33972
      vertex 3.11716 8.36569 3.6899
      vertex 2.5791 8.44583 3.18793
    endloop
  endfacet
  facet normal -0.348935 0.792295 0.500513
    outer loop
      vertex 3.11716 8.36569 3.6899
      vertex 3.2 8.49282 3.54641
      vertex 2.5791 8.44583 3.18793
    endloop
  endfacet
  facet normal -0.430899 0.608261 0.666591
    outer loop
      vertex 2.46579 8.15551 3.46063
      vertex 3.05359 8.2 3.8
      vertex 2.51063 8.31978 3.33972
    endloop
  endfacet
  facet normal -0.430896 0.608266 0.666589
    outer loop
      vertex 3.05359 8.2 3.8
      vertex 3.11716 8.36569 3.6899
      vertex 2.51063 8.31978 3.33972
    endloop
  endfacet
  facet normal -0.483503 0.382587 0.787306
    outer loop
      vertex 2.44764 7.96422 3.54244
      vertex 3.01363 8.00706 3.86921
      vertex 2.46579 8.15551 3.46063
    endloop
  endfacet
  facet normal -0.483515 0.38256 0.787312
    outer loop
      vertex 3.01363 8.00706 3.86921
      vertex 3.05359 8.2 3.8
      vertex 2.46579 8.15551 3.46063
    endloop
  endfacet
  facet normal -0.503107 0.130537 0.854309
    outer loop
      vertex 2.45741 7.75894 3.57956
      vertex 3 7.8 3.89282
      vertex 2.44764 7.96422 3.54244
    endloop
  endfacet
  facet normal -0.503109 0.13053 0.854309
    outer loop
      vertex 3 7.8 3.89282
      vertex 3.01363 8.00706 3.86921
      vertex 2.44764 7.96422 3.54244
    endloop
  endfacet
  facet normal -0.488294 -0.130553 0.862859
    outer loop
      vertex 2.49445 7.55365 3.56946
      vertex 3.01363 7.59294 3.86921
      vertex 2.45741 7.75894 3.57956
    endloop
  endfacet
  facet normal -0.48829 -0.13053 0.862864
    outer loop
      vertex 3.01363 7.59294 3.86921
      vertex 3 7.8 3.89282
      vertex 2.45741 7.75894 3.57956
    endloop
  endfacet
  facet normal -0.440084 -0.382567 0.812385
    outer loop
      vertex 2.55622 7.36236 3.51284
      vertex 3.05359 7.4 3.8
      vertex 2.49445 7.55365 3.56946
    endloop
  endfacet
  facet normal -0.440083 -0.38256 0.812388
    outer loop
      vertex 3.05359 7.4 3.8
      vertex 3.01363 7.59294 3.86921
      vertex 2.49445 7.55365 3.56946
    endloop
  endfacet
  facet normal -0.361845 -0.608268 0.706455
    outer loop
      vertex 2.63851 7.19809 3.41355
      vertex 3.11716 7.23431 3.6899
      vertex 2.55622 7.36236 3.51284
    endloop
  endfacet
  facet normal -0.361845 -0.608265 0.706457
    outer loop
      vertex 3.11716 7.23431 3.6899
      vertex 3.05359 7.4 3.8
      vertex 2.55622 7.36236 3.51284
    endloop
  endfacet
  facet normal -0.259 -0.79228 0.552459
    outer loop
      vertex 2.73573 7.07204 3.27836
      vertex 3.2 7.10718 3.54641
      vertex 2.63851 7.19809 3.41355
    endloop
  endfacet
  facet normal -0.258997 -0.792296 0.552437
    outer loop
      vertex 3.2 7.10718 3.54641
      vertex 3.11716 7.23431 3.6899
      vertex 2.63851 7.19809 3.41355
    endloop
  endfacet
  facet normal -0.138644 -0.922201 0.361003
    outer loop
      vertex 2.84123 6.99281 3.11648
      vertex 3.29647 7.02726 3.37932
      vertex 2.73573 7.07204 3.27836
    endloop
  endfacet
  facet normal -0.138649 -0.922187 0.361037
    outer loop
      vertex 3.29647 7.02726 3.37932
      vertex 3.2 7.10718 3.54641
      vertex 2.73573 7.07204 3.27836
    endloop
  endfacet
  facet normal -0.00897908 -0.989355 0.145243
    outer loop
      vertex 2.94784 6.96578 2.93895
      vertex 3.4 7 3.2
      vertex 2.84123 6.99281 3.11648
    endloop
  endfacet
  facet normal -0.00897545 -0.989359 0.145219
    outer loop
      vertex 3.4 7 3.2
      vertex 3.29647 7.02726 3.37932
      vertex 2.84123 6.99281 3.11648
    endloop
  endfacet
  facet normal 0.121284 -0.989357 -0.080394
    outer loop
      vertex 3.04829 6.99281 2.75785
      vertex 3.50353 7.02726 3.02068
      vertex 2.94784 6.96578 2.93895
    endloop
  endfacet
  facet normal 0.121282 -0.989358 -0.0803792
    outer loop
      vertex 3.50353 7.02726 3.02068
      vertex 3.4 7 3.2
      vertex 2.94784 6.96578 2.93895
    endloop
  endfacet
  facet normal 0.24333 -0.922201 -0.300558
    outer loop
      vertex 3.13573 7.07204 2.58554
      vertex 3.6 7.10718 2.85359
      vertex 3.04829 6.99281 2.75785
    endloop
  endfacet
  facet normal 0.243334 -0.922188 -0.300597
    outer loop
      vertex 3.6 7.10718 2.85359
      vertex 3.50353 7.02726 3.02068
      vertex 3.04829 6.99281 2.75785
    endloop
  endfacet
  facet normal 0.348942 -0.792269 -0.500549
    outer loop
      vertex 3.2042 7.19809 2.43376
      vertex 3.68284 7.23431 2.7101
      vertex 3.13573 7.07204 2.58554
    endloop
  endfacet
  facet normal 0.348941 -0.792294 -0.50051
    outer loop
      vertex 3.68284 7.23431 2.7101
      vertex 3.6 7.10718 2.85359
      vertex 3.13573 7.07204 2.58554
    endloop
  endfacet
  facet normal 0.430886 -0.608287 -0.666576
    outer loop
      vertex 3.24904 7.36236 2.31284
      vertex 3.74641 7.4 2.6
      vertex 3.2042 7.19809 2.43376
    endloop
  endfacet
  facet normal 0.430885 -0.608266 -0.666596
    outer loop
      vertex 3.74641 7.4 2.6
      vertex 3.68284 7.23431 2.7101
      vertex 3.2042 7.19809 2.43376
    endloop
  endfacet
  facet normal 0.483511 -0.382552 -0.787319
    outer loop
      vertex 3.26719 7.55365 2.23104
      vertex 3.78637 7.59294 2.53079
      vertex 3.24904 7.36236 2.31284
    endloop
  endfacet
  facet normal 0.483513 -0.38256 -0.787314
    outer loop
      vertex 3.78637 7.59294 2.53079
      vertex 3.74641 7.4 2.6
      vertex 3.24904 7.36236 2.31284
    endloop
  endfacet
  facet normal 0.503107 -0.130507 -0.854313
    outer loop
      vertex 3.25741 7.75894 2.19392
      vertex 3.8 7.8 2.50718
      vertex 3.26719 7.55365 2.23104
    endloop
  endfacet
  facet normal 0.503114 -0.13053 -0.854306
    outer loop
      vertex 3.8 7.8 2.50718
      vertex 3.78637 7.59294 2.53079
      vertex 3.26719 7.55365 2.23104
    endloop
  endfacet
  facet normal 0.488304 0.130496 -0.862861
    outer loop
      vertex 3.22038 7.96422 2.20401
      vertex 3.78637 8.00706 2.53079
      vertex 3.25741 7.75894 2.19392
    endloop
  endfacet
  facet normal 0.48829 0.13053 -0.862864
    outer loop
      vertex 3.78637 8.00706 2.53079
      vertex 3.8 7.8 2.50718
      vertex 3.25741 7.75894 2.19392
    endloop
  endfacet
  facet normal 0.44008 0.382566 -0.812387
    outer loop
      vertex 3.15861 8.15551 2.26063
      vertex 3.74641 8.2 2.6
      vertex 3.22038 7.96422 2.20401
    endloop
  endfacet
  facet normal 0.440084 0.38256 -0.812388
    outer loop
      vertex 3.74641 8.2 2.6
      vertex 3.78637 8.00706 2.53079
      vertex 3.22038 7.96422 2.20401
    endloop
  endfacet
  facet normal 0.361828 0.60828 -0.706453
    outer loop
      vertex 3.07631 8.31978 2.35992
      vertex 3.68284 8.36569 2.7101
      vertex 3.15861 8.15551 2.26063
    endloop
  endfacet
  facet normal 0.36184 0.608265 -0.70646
    outer loop
      vertex 3.68284 8.36569 2.7101
      vertex 3.74641 8.2 2.6
      vertex 3.15861 8.15551 2.26063
    endloop
  endfacet
  facet normal 0.259009 0.792273 -0.552465
    outer loop
      vertex 2.9791 8.44583 2.49511
      vertex 3.6 8.49282 2.85359
      vertex 3.07631 8.31978 2.35992
    endloop
  endfacet
  facet normal 0.258983 0.792295 -0.552445
    outer loop
      vertex 3.6 8.49282 2.85359
      vertex 3.68284 8.36569 2.7101
      vertex 3.07631 8.31978 2.35992
    endloop
  endfacet
  facet normal 0.138655 0.922186 -0.361036
    outer loop
      vertex 2.87359 8.52507 2.65699
      vertex 3.50353 8.57274 3.02068
      vertex 2.9791 8.44583 2.49511
    endloop
  endfacet
  facet normal 0.138654 0.922187 -0.361035
    outer loop
      vertex 3.50353 8.57274 3.02068
      vertex 3.6 8.49282 2.85359
      vertex 2.9791 8.44583 2.49511
    endloop
  endfacet
  facet normal 0.00894947 0.989362 -0.145198
    outer loop
      vertex 2.76698 8.55209 2.83453
      vertex 3.4 8.6 3.2
      vertex 2.87359 8.52507 2.65699
    endloop
  endfacet
  facet normal 0.00897308 0.989359 -0.14522
    outer loop
      vertex 3.4 8.6 3.2
      vertex 3.50353 8.57274 3.02068
      vertex 2.87359 8.52507 2.65699
    endloop
  endfacet
  facet normal -0.00897308 0.989359 0.14522
    outer loop
      vertex 3.29647 8.57274 3.37932
      vertex 3.92641 8.52507 3.74301
      vertex 3.4 8.6 3.2
    endloop
  endfacet
  facet normal -0.00894947 0.989362 0.145198
    outer loop
      vertex 3.92641 8.52507 3.74301
      vertex 4.03302 8.55209 3.56547
      vertex 3.4 8.6 3.2
    endloop
  endfacet
  facet normal -0.138654 0.922187 0.361035
    outer loop
      vertex 3.2 8.49282 3.54641
      vertex 3.8209 8.44583 3.90489
      vertex 3.29647 8.57274 3.37932
    endloop
  endfacet
  facet normal -0.138655 0.922186 0.361036
    outer loop
      vertex 3.8209 8.44583 3.90489
      vertex 3.92641 8.52507 3.74301
      vertex 3.29647 8.57274 3.37932
    endloop
  endfacet
  facet normal -0.258983 0.792295 0.552445
    outer loop
      vertex 3.11716 8.36569 3.6899
      vertex 3.72369 8.31978 4.04008
      vertex 3.2 8.49282 3.54641
    endloop
  endfacet
  facet normal -0.259009 0.792273 0.552465
    outer loop
      vertex 3.72369 8.31978 4.04008
      vertex 3.8209 8.44583 3.90489
      vertex 3.2 8.49282 3.54641
    endloop
  endfacet
  facet normal -0.36184 0.608265 0.70646
    outer loop
      vertex 3.05359 8.2 3.8
      vertex 3.64139 8.15551 4.13937
      vertex 3.11716 8.36569 3.6899
    endloop
  endfacet
  facet normal -0.361828 0.60828 0.706453
    outer loop
      vertex 3.64139 8.15551 4.13937
      vertex 3.72369 8.31978 4.04008
      vertex 3.11716 8.36569 3.6899
    endloop
  endfacet
  facet normal -0.440084 0.38256 0.812388
    outer loop
      vertex 3.01363 8.00706 3.86921
      vertex 3.57962 7.96422 4.19599
      vertex 3.05359 8.2 3.8
    endloop
  endfacet
  facet normal -0.44008 0.382566 0.812387
    outer loop
      vertex 3.57962 7.96422 4.19599
      vertex 3.64139 8.15551 4.13937
      vertex 3.05359 8.2 3.8
    endloop
  endfacet
  facet normal -0.48829 0.13053 0.862864
    outer loop
      vertex 3 7.8 3.89282
      vertex 3.54259 7.75894 4.20608
      vertex 3.01363 8.00706 3.86921
    endloop
  endfacet
  facet normal -0.488304 0.130496 0.862861
    outer loop
      vertex 3.54259 7.75894 4.20608
      vertex 3.57962 7.96422 4.19599
      vertex 3.01363 8.00706 3.86921
    endloop
  endfacet
  facet normal -0.503114 -0.13053 0.854306
    outer loop
      vertex 3.01363 7.59294 3.86921
      vertex 3.53281 7.55365 4.16896
      vertex 3 7.8 3.89282
    endloop
  endfacet
  facet normal -0.503107 -0.130507 0.854313
    outer loop
      vertex 3.53281 7.55365 4.16896
      vertex 3.54259 7.75894 4.20608
      vertex 3 7.8 3.89282
    endloop
  endfacet
  facet normal -0.483513 -0.38256 0.787314
    outer loop
      vertex 3.05359 7.4 3.8
      vertex 3.55096 7.36236 4.08716
      vertex 3.01363 7.59294 3.86921
    endloop
  endfacet
  facet normal -0.483511 -0.382552 0.787319
    outer loop
      vertex 3.55096 7.36236 4.08716
      vertex 3.53281 7.55365 4.16896
      vertex 3.01363 7.59294 3.86921
    endloop
  endfacet
  facet normal -0.430885 -0.608266 0.666596
    outer loop
      vertex 3.11716 7.23431 3.6899
      vertex 3.5958 7.19809 3.96624
      vertex 3.05359 7.4 3.8
    endloop
  endfacet
  facet normal -0.430886 -0.608287 0.666576
    outer loop
      vertex 3.5958 7.19809 3.96624
      vertex 3.55096 7.36236 4.08716
      vertex 3.05359 7.4 3.8
    endloop
  endfacet
  facet normal -0.348941 -0.792294 0.50051
    outer loop
      vertex 3.2 7.10718 3.54641
      vertex 3.66427 7.07204 3.81446
      vertex 3.11716 7.23431 3.6899
    endloop
  endfacet
  facet normal -0.348942 -0.792269 0.500549
    outer loop
      vertex 3.66427 7.07204 3.81446
      vertex 3.5958 7.19809 3.96624
      vertex 3.11716 7.23431 3.6899
    endloop
  endfacet
  facet normal -0.243334 -0.922188 0.300597
    outer loop
      vertex 3.29647 7.02726 3.37932
      vertex 3.75171 6.99281 3.64215
      vertex 3.2 7.10718 3.54641
    endloop
  endfacet
  facet normal -0.24333 -0.922201 0.300558
    outer loop
      vertex 3.75171 6.99281 3.64215
      vertex 3.66427 7.07204 3.81446
      vertex 3.2 7.10718 3.54641
    endloop
  endfacet
  facet normal -0.121282 -0.989358 0.0803792
    outer loop
      vertex 3.4 7 3.2
      vertex 3.85216 6.96578 3.46105
      vertex 3.29647 7.02726 3.37932
    endloop
  endfacet
  facet normal -0.121284 -0.989357 0.080394
    outer loop
      vertex 3.85216 6.96578 3.46105
      vertex 3.75171 6.99281 3.64215
      vertex 3.29647 7.02726 3.37932
    endloop
  endfacet
  facet normal 0.00897545 -0.989359 -0.145219
    outer loop
      vertex 3.50353 7.02726 3.02068
      vertex 3.95877 6.99281 3.28352
      vertex 3.4 7 3.2
    endloop
  endfacet
  facet normal 0.00897908 -0.989355 -0.145243
    outer loop
      vertex 3.95877 6.99281 3.28352
      vertex 3.85216 6.96578 3.46105
      vertex 3.4 7 3.2
    endloop
  endfacet
  facet normal 0.138649 -0.922187 -0.361037
    outer loop
      vertex 3.6 7.10718 2.85359
      vertex 4.06427 7.07204 3.12164
      vertex 3.50353 7.02726 3.02068
    endloop
  endfacet
  facet normal 0.138644 -0.922201 -0.361003
    outer loop
      vertex 4.06427 7.07204 3.12164
      vertex 3.95877 6.99281 3.28352
      vertex 3.50353 7.02726 3.02068
    endloop
  endfacet
  facet normal 0.258997 -0.792296 -0.552437
    outer loop
      vertex 3.68284 7.23431 2.7101
      vertex 4.16149 7.19809 2.98645
      vertex 3.6 7.10718 2.85359
    endloop
  endfacet
  facet normal 0.259 -0.79228 -0.552459
    outer loop
      vertex 4.16149 7.19809 2.98645
      vertex 4.06427 7.07204 3.12164
      vertex 3.6 7.10718 2.85359
    endloop
  endfacet
  facet normal 0.361845 -0.608265 -0.706457
    outer loop
      vertex 3.74641 7.4 2.6
      vertex 4.24378 7.36236 2.88716
      vertex 3.68284 7.23431 2.7101
    endloop
  endfacet
  facet normal 0.361845 -0.608268 -0.706455
    outer loop
      vertex 4.24378 7.36236 2.88716
      vertex 4.16149 7.19809 2.98645
      vertex 3.68284 7.23431 2.7101
    endloop
  endfacet
  facet normal 0.440083 -0.38256 -0.812388
    outer loop
      vertex 3.78637 7.59294 2.53079
      vertex 4.30555 7.55365 2.83054
      vertex 3.74641 7.4 2.6
    endloop
  endfacet
  facet normal 0.440084 -0.382567 -0.812385
    outer loop
      vertex 4.30555 7.55365 2.83054
      vertex 4.24378 7.36236 2.88716
      vertex 3.74641 7.4 2.6
    endloop
  endfacet
  facet normal 0.48829 -0.13053 -0.862864
    outer loop
      vertex 3.8 7.8 2.50718
      vertex 4.34259 7.75894 2.82044
      vertex 3.78637 7.59294 2.53079
    endloop
  endfacet
  facet normal 0.488294 -0.130553 -0.862859
    outer loop
      vertex 4.34259 7.75894 2.82044
      vertex 4.30555 7.55365 2.83054
      vertex 3.78637 7.59294 2.53079
    endloop
  endfacet
  facet normal 0.503109 0.13053 -0.854309
    outer loop
      vertex 3.78637 8.00706 2.53079
      vertex 4.35236 7.96422 2.85756
      vertex 3.8 7.8 2.50718
    endloop
  endfacet
  facet normal 0.503107 0.130537 -0.854309
    outer loop
      vertex 4.35236 7.96422 2.85756
      vertex 4.34259 7.75894 2.82044
      vertex 3.8 7.8 2.50718
    endloop
  endfacet
  facet normal 0.483515 0.38256 -0.787312
    outer loop
      vertex 3.74641 8.2 2.6
      vertex 4.33421 8.15551 2.93937
      vertex 3.78637 8.00706 2.53079
    endloop
  endfacet
  facet normal 0.483503 0.382587 -0.787306
    outer loop
      vertex 4.33421 8.15551 2.93937
      vertex 4.35236 7.96422 2.85756
      vertex 3.78637 8.00706 2.53079
    endloop
  endfacet
  facet normal 0.430896 0.608266 -0.666589
    outer loop
      vertex 3.68284 8.36569 2.7101
      vertex 4.28937 8.31978 3.06028
      vertex 3.74641 8.2 2.6
    endloop
  endfacet
  facet normal 0.430899 0.608261 -0.666591
    outer loop
      vertex 4.28937 8.31978 3.06028
      vertex 4.33421 8.15551 2.93937
      vertex 3.74641 8.2 2.6
    endloop
  endfacet
  facet normal 0.348935 0.792295 -0.500513
    outer loop
      vertex 3.6 8.49282 2.85359
      vertex 4.2209 8.44583 3.21207
      vertex 3.68284 8.36569 2.7101
    endloop
  endfacet
  facet normal 0.348948 0.792282 -0.500525
    outer loop
      vertex 4.2209 8.44583 3.21207
      vertex 4.28937 8.31978 3.06028
      vertex 3.68284 8.36569 2.7101
    endloop
  endfacet
  facet normal 0.243339 0.922187 -0.300594
    outer loop
      vertex 3.50353 8.57274 3.02068
      vertex 4.13346 8.52507 3.38438
      vertex 3.6 8.49282 2.85359
    endloop
  endfacet
  facet normal 0.243343 0.922185 -0.300598
    outer loop
      vertex 4.13346 8.52507 3.38438
      vertex 4.2209 8.44583 3.21207
      vertex 3.6 8.49282 2.85359
    endloop
  endfacet
  facet normal 0.121285 0.989358 -0.0803775
    outer loop
      vertex 3.4 8.6 3.2
      vertex 4.03302 8.55209 3.56547
      vertex 3.50353 8.57274 3.02068
    endloop
  endfacet
  facet normal 0.121267 0.989362 -0.0803604
    outer loop
      vertex 4.03302 8.55209 3.56547
      vertex 4.13346 8.52507 3.38438
      vertex 3.50353 8.57274 3.02068
    endloop
  endfacet
  facet normal 0.102415 0.972432 0.209494
    outer loop
      vertex 3.92641 8.52507 3.74301
      vertex 4.54557 8.38285 4.10048
      vertex 4.03302 8.55209 3.56547
    endloop
  endfacet
  facet normal 0.102394 0.97243 0.209514
    outer loop
      vertex 4.54557 8.38285 4.10048
      vertex 4.65521 8.40918 3.92469
      vertex 4.03302 8.55209 3.56547
    endloop
  endfacet
  facet normal -0.0348563 0.906407 0.420966
    outer loop
      vertex 3.8209 8.44583 3.90489
      vertex 4.43118 8.30566 4.25723
      vertex 3.92641 8.52507 3.74301
    endloop
  endfacet
  facet normal -0.0348266 0.906419 0.420942
    outer loop
      vertex 4.43118 8.30566 4.25723
      vertex 4.54557 8.38285 4.10048
      vertex 3.92641 8.52507 3.74301
    endloop
  endfacet
  facet normal -0.16983 0.778717 0.603951
    outer loop
      vertex 3.72369 8.31978 4.04008
      vertex 4.31984 8.18285 4.38427
      vertex 3.8209 8.44583 3.90489
    endloop
  endfacet
  facet normal -0.169828 0.778719 0.60395
    outer loop
      vertex 4.31984 8.18285 4.38427
      vertex 4.43118 8.30566 4.25723
      vertex 3.8209 8.44583 3.90489
    endloop
  endfacet
  facet normal -0.293365 0.597871 0.74598
    outer loop
      vertex 3.64139 8.15551 4.13937
      vertex 4.21914 8.02281 4.47293
      vertex 3.72369 8.31978 4.04008
    endloop
  endfacet
  facet normal -0.293374 0.597862 0.745984
    outer loop
      vertex 4.21914 8.02281 4.47293
      vertex 4.31984 8.18285 4.38427
      vertex 3.72369 8.31978 4.04008
    endloop
  endfacet
  facet normal -0.397011 0.376019 0.837253
    outer loop
      vertex 3.57962 7.96422 4.19599
      vertex 4.13593 7.83644 4.51717
      vertex 3.64139 8.15551 4.13937
    endloop
  endfacet
  facet normal -0.39702 0.376006 0.837254
    outer loop
      vertex 4.13593 7.83644 4.51717
      vertex 4.21914 8.02281 4.47293
      vertex 3.64139 8.15551 4.13937
    endloop
  endfacet
  facet normal -0.47362 0.128264 0.871339
    outer loop
      vertex 3.54259 7.75894 4.20608
      vertex 4.07589 7.63644 4.51399
      vertex 3.57962 7.96422 4.19599
    endloop
  endfacet
  facet normal -0.47359 0.128317 0.871348
    outer loop
      vertex 4.07589 7.63644 4.51399
      vertex 4.13593 7.83644 4.51717
      vertex 3.57962 7.96422 4.19599
    endloop
  endfacet
  facet normal -0.5178 -0.128273 0.84583
    outer loop
      vertex 3.53281 7.55365 4.16896
      vertex 4.04311 7.43644 4.46358
      vertex 3.54259 7.75894 4.20608
    endloop
  endfacet
  facet normal -0.517819 -0.128316 0.845812
    outer loop
      vertex 4.04311 7.43644 4.46358
      vertex 4.07589 7.63644 4.51399
      vertex 3.54259 7.75894 4.20608
    endloop
  endfacet
  facet normal -0.526569 -0.376007 0.762459
    outer loop
      vertex 3.55096 7.36236 4.08716
      vertex 4.03982 7.25007 4.3694
      vertex 3.53281 7.55365 4.16896
    endloop
  endfacet
  facet normal -0.526568 -0.376005 0.76246
    outer loop
      vertex 4.03982 7.25007 4.3694
      vertex 4.04311 7.43644 4.46358
      vertex 3.53281 7.55365 4.16896
    endloop
  endfacet
  facet normal -0.49936 -0.597877 0.627043
    outer loop
      vertex 3.5958 7.19809 3.96624
      vertex 4.06625 7.09003 4.23786
      vertex 3.55096 7.36236 4.08716
    endloop
  endfacet
  facet normal -0.499357 -0.597861 0.627061
    outer loop
      vertex 4.06625 7.09003 4.23786
      vertex 4.03982 7.25007 4.3694
      vertex 3.55096 7.36236 4.08716
    endloop
  endfacet
  facet normal -0.438119 -0.778713 0.449063
    outer loop
      vertex 3.66427 7.07204 3.81446
      vertex 4.1206 6.96723 4.07792
      vertex 3.5958 7.19809 3.96624
    endloop
  endfacet
  facet normal -0.438121 -0.778735 0.449023
    outer loop
      vertex 4.1206 6.96723 4.07792
      vertex 4.06625 7.09003 4.23786
      vertex 3.5958 7.19809 3.96624
    endloop
  endfacet
  facet normal -0.34713 -0.906421 0.240628
    outer loop
      vertex 3.75171 6.99281 3.64215
      vertex 4.19916 6.89003 3.90048
      vertex 3.66427 7.07204 3.81446
    endloop
  endfacet
  facet normal -0.347133 -0.906409 0.240668
    outer loop
      vertex 4.19916 6.89003 3.90048
      vertex 4.1206 6.96723 4.07792
      vertex 3.66427 7.07204 3.81446
    endloop
  endfacet
  facet normal -0.232652 -0.972427 0.016095
    outer loop
      vertex 3.85216 6.96578 3.46105
      vertex 4.29658 6.8637 3.71764
      vertex 3.75171 6.99281 3.64215
    endloop
  endfacet
  facet normal -0.232649 -0.972428 0.0160759
    outer loop
      vertex 4.29658 6.8637 3.71764
      vertex 4.19916 6.89003 3.90048
      vertex 3.75171 6.99281 3.64215
    endloop
  endfacet
  facet normal -0.102391 -0.972423 -0.209545
    outer loop
      vertex 3.95877 6.99281 3.28352
      vertex 4.40621 6.89003 3.54185
      vertex 3.85216 6.96578 3.46105
    endloop
  endfacet
  facet normal -0.102397 -0.97243 -0.209511
    outer loop
      vertex 4.40621 6.89003 3.54185
      vertex 4.29658 6.8637 3.71764
      vertex 3.85216 6.96578 3.46105
    endloop
  endfacet
  facet normal 0.0348363 -0.906423 -0.420933
    outer loop
      vertex 4.06427 7.07204 3.12164
      vertex 4.5206 6.96723 3.3851
      vertex 3.95877 6.99281 3.28352
    endloop
  endfacet
  facet normal 0.0348453 -0.906401 -0.420978
    outer loop
      vertex 4.5206 6.96723 3.3851
      vertex 4.40621 6.89003 3.54185
      vertex 3.95877 6.99281 3.28352
    endloop
  endfacet
  facet normal 0.169817 -0.778721 -0.603951
    outer loop
      vertex 4.16149 7.19809 2.98645
      vertex 4.63194 7.09003 3.25806
      vertex 4.06427 7.07204 3.12164
    endloop
  endfacet
  facet normal 0.169812 -0.778742 -0.603925
    outer loop
      vertex 4.63194 7.09003 3.25806
      vertex 4.5206 6.96723 3.3851
      vertex 4.06427 7.07204 3.12164
    endloop
  endfacet
  facet normal 0.293365 -0.597859 -0.74599
    outer loop
      vertex 4.24378 7.36236 2.88716
      vertex 4.73264 7.25007 3.1694
      vertex 4.16149 7.19809 2.98645
    endloop
  endfacet
  facet normal 0.293365 -0.597859 -0.74599
    outer loop
      vertex 4.73264 7.25007 3.1694
      vertex 4.63194 7.09003 3.25806
      vertex 4.16149 7.19809 2.98645
    endloop
  endfacet
  facet normal 0.397016 -0.37602 -0.83725
    outer loop
      vertex 4.30555 7.55365 2.83054
      vertex 4.81585 7.43644 3.12516
      vertex 4.24378 7.36236 2.88716
    endloop
  endfacet
  facet normal 0.397017 -0.376005 -0.837256
    outer loop
      vertex 4.81585 7.43644 3.12516
      vertex 4.73264 7.25007 3.1694
      vertex 4.24378 7.36236 2.88716
    endloop
  endfacet
  facet normal 0.473607 -0.12832 -0.871338
    outer loop
      vertex 4.34259 7.75894 2.82044
      vertex 4.87589 7.63644 3.12835
      vertex 4.30555 7.55365 2.83054
    endloop
  endfacet
  facet normal 0.473605 -0.128278 -0.871346
    outer loop
      vertex 4.87589 7.63644 3.12835
      vertex 4.81585 7.43644 3.12516
      vertex 4.30555 7.55365 2.83054
    endloop
  endfacet
  facet normal 0.517811 0.128302 -0.84582
    outer loop
      vertex 4.35236 7.96422 2.85756
      vertex 4.90867 7.83644 3.17875
      vertex 4.34259 7.75894 2.82044
    endloop
  endfacet
  facet normal 0.517815 0.128277 -0.845821
    outer loop
      vertex 4.90867 7.83644 3.17875
      vertex 4.87589 7.63644 3.12835
      vertex 4.34259 7.75894 2.82044
    endloop
  endfacet
  facet normal 0.526564 0.376041 -0.762446
    outer loop
      vertex 4.33421 8.15551 2.93937
      vertex 4.91196 8.02281 3.27293
      vertex 4.35236 7.96422 2.85756
    endloop
  endfacet
  facet normal 0.526575 0.376003 -0.762457
    outer loop
      vertex 4.91196 8.02281 3.27293
      vertex 4.90867 7.83644 3.17875
      vertex 4.35236 7.96422 2.85756
    endloop
  endfacet
  facet normal 0.499354 0.597856 -0.627068
    outer loop
      vertex 4.28937 8.31978 3.06028
      vertex 4.88553 8.18285 3.40447
      vertex 4.33421 8.15551 2.93937
    endloop
  endfacet
  facet normal 0.499351 0.597862 -0.627064
    outer loop
      vertex 4.88553 8.18285 3.40447
      vertex 4.91196 8.02281 3.27293
      vertex 4.33421 8.15551 2.93937
    endloop
  endfacet
  facet normal 0.438112 0.778726 -0.449047
    outer loop
      vertex 4.2209 8.44583 3.21207
      vertex 4.83118 8.30566 3.56441
      vertex 4.28937 8.31978 3.06028
    endloop
  endfacet
  facet normal 0.438121 0.778715 -0.449057
    outer loop
      vertex 4.83118 8.30566 3.56441
      vertex 4.88553 8.18285 3.40447
      vertex 4.28937 8.31978 3.06028
    endloop
  endfacet
  facet normal 0.347147 0.906405 -0.240665
    outer loop
      vertex 4.13346 8.52507 3.38438
      vertex 4.75262 8.38285 3.74185
      vertex 4.2209 8.44583 3.21207
    endloop
  endfacet
  facet normal 0.347116 0.906426 -0.240631
    outer loop
      vertex 4.75262 8.38285 3.74185
      vertex 4.83118 8.30566 3.56441
      vertex 4.2209 8.44583 3.21207
    endloop
  endfacet
  facet normal 0.232633 0.972432 -0.0160666
    outer loop
      vertex 4.03302 8.55209 3.56547
      vertex 4.65521 8.40918 3.92469
      vertex 4.13346 8.52507 3.38438
    endloop
  endfacet
  facet normal 0.232652 0.972427 -0.0160869
    outer loop
      vertex 4.65521 8.40918 3.92469
      vertex 4.75262 8.38285 3.74185
      vertex 4.13346 8.52507 3.38438
    endloop
  endfacet
  facet normal 0.210878 0.938864 0.272148
    outer loop
      vertex 4.54557 8.38285 4.10048
      vertex 5.14335 8.14854 4.44561
      vertex 4.65521 8.40918 3.92469
    endloop
  endfacet
  facet normal 0.210851 0.938863 0.272174
    outer loop
      vertex 5.14335 8.14854 4.44561
      vertex 5.25592 8.17373 4.27151
      vertex 4.65521 8.40918 3.92469
    endloop
  endfacet
  facet normal 0.0662889 0.875131 0.479325
    outer loop
      vertex 4.43118 8.30566 4.25723
      vertex 5.0204 8.0747 4.59742
      vertex 4.54557 8.38285 4.10048
    endloop
  endfacet
  facet normal 0.0662751 0.875126 0.479335
    outer loop
      vertex 5.0204 8.0747 4.59742
      vertex 5.14335 8.14854 4.44561
      vertex 4.54557 8.38285 4.10048
    endloop
  endfacet
  facet normal -0.0829584 0.751843 0.654103
    outer loop
      vertex 4.31984 8.18285 4.38427
      vertex 4.89542 7.95725 4.71658
      vertex 4.43118 8.30566 4.25723
    endloop
  endfacet
  facet normal -0.0829312 0.751859 0.654088
    outer loop
      vertex 4.89542 7.95725 4.71658
      vertex 5.0204 8.0747 4.59742
      vertex 4.43118 8.30566 4.25723
    endloop
  endfacet
  facet normal -0.226677 0.577227 0.784491
    outer loop
      vertex 4.21914 8.02281 4.47293
      vertex 4.77694 7.80417 4.79498
      vertex 4.31984 8.18285 4.38427
    endloop
  endfacet
  facet normal -0.226681 0.577224 0.784493
    outer loop
      vertex 4.77694 7.80417 4.79498
      vertex 4.89542 7.95725 4.71658
      vertex 4.31984 8.18285 4.38427
    endloop
  endfacet
  facet normal -0.35508 0.363028 0.861469
    outer loop
      vertex 4.13593 7.83644 4.51717
      vertex 4.67304 7.62592 4.82727
      vertex 4.21914 8.02281 4.47293
    endloop
  endfacet
  facet normal -0.35508 0.363028 0.861469
    outer loop
      vertex 4.67304 7.62592 4.82727
      vertex 4.77694 7.80417 4.79498
      vertex 4.21914 8.02281 4.47293
    endloop
  endfacet
  facet normal -0.459273 0.123888 0.879614
    outer loop
      vertex 4.07589 7.63644 4.51399
      vertex 4.59079 7.43462 4.81126
      vertex 4.13593 7.83644 4.51717
    endloop
  endfacet
  facet normal -0.459293 0.12386 0.879607
    outer loop
      vertex 4.59079 7.43462 4.81126
      vertex 4.67304 7.62592 4.82727
      vertex 4.13593 7.83644 4.51717
    endloop
  endfacet
  facet normal -0.532123 -0.12389 0.837554
    outer loop
      vertex 4.04311 7.43644 4.46358
      vertex 4.53579 7.24333 4.74803
      vertex 4.07589 7.63644 4.51399
    endloop
  endfacet
  facet normal -0.532107 -0.123862 0.837568
    outer loop
      vertex 4.53579 7.24333 4.74803
      vertex 4.59079 7.43462 4.81126
      vertex 4.07589 7.63644 4.51399
    endloop
  endfacet
  facet normal -0.568512 -0.363028 0.738245
    outer loop
      vertex 4.03982 7.25007 4.3694
      vertex 4.51181 7.06507 4.6419
      vertex 4.04311 7.43644 4.46358
    endloop
  endfacet
  facet normal -0.568518 -0.363041 0.738234
    outer loop
      vertex 4.51181 7.06507 4.6419
      vertex 4.53579 7.24333 4.74803
      vertex 4.04311 7.43644 4.46358
    endloop
  endfacet
  facet normal -0.566043 -0.577229 0.58856
    outer loop
      vertex 4.06625 7.09003 4.23786
      vertex 4.52047 6.912 4.5001
      vertex 4.03982 7.25007 4.3694
    endloop
  endfacet
  facet normal -0.566046 -0.577239 0.588547
    outer loop
      vertex 4.52047 6.912 4.5001
      vertex 4.51181 7.06507 4.6419
      vertex 4.03982 7.25007 4.3694
    endloop
  endfacet
  facet normal -0.524989 -0.751858 0.398868
    outer loop
      vertex 4.1206 6.96723 4.07792
      vertex 4.56117 6.79454 4.33228
      vertex 4.06625 7.09003 4.23786
    endloop
  endfacet
  facet normal -0.524986 -0.751841 0.398905
    outer loop
      vertex 4.56117 6.79454 4.33228
      vertex 4.52047 6.912 4.5001
      vertex 4.06625 7.09003 4.23786
    endloop
  endfacet
  facet normal -0.448261 -0.875121 0.182281
    outer loop
      vertex 4.19916 6.89003 3.90048
      vertex 4.63116 6.7207 4.1499
      vertex 4.1206 6.96723 4.07792
    endloop
  endfacet
  facet normal -0.448261 -0.87512 0.182285
    outer loop
      vertex 4.63116 6.7207 4.1499
      vertex 4.56117 6.79454 4.33228
      vertex 4.1206 6.96723 4.07792
    endloop
  endfacet
  facet normal -0.341123 -0.938865 -0.0465537
    outer loop
      vertex 4.29658 6.8637 3.71764
      vertex 4.72565 6.69552 3.96537
      vertex 4.19916 6.89003 3.90048
    endloop
  endfacet
  facet normal -0.341122 -0.938865 -0.0465615
    outer loop
      vertex 4.72565 6.69552 3.96537
      vertex 4.63116 6.7207 4.1499
      vertex 4.19916 6.89003 3.90048
    endloop
  endfacet
  facet normal -0.210879 -0.938867 -0.272137
    outer loop
      vertex 4.40621 6.89003 3.54185
      vertex 4.83822 6.7207 3.79127
      vertex 4.29658 6.8637 3.71764
    endloop
  endfacet
  facet normal -0.210879 -0.938867 -0.272138
    outer loop
      vertex 4.83822 6.7207 3.79127
      vertex 4.72565 6.69552 3.96537
      vertex 4.29658 6.8637 3.71764
    endloop
  endfacet
  facet normal -0.0662657 -0.875115 -0.479356
    outer loop
      vertex 4.5206 6.96723 3.3851
      vertex 4.96117 6.79454 3.63946
      vertex 4.40621 6.89003 3.54185
    endloop
  endfacet
  facet normal -0.0662719 -0.875127 -0.479333
    outer loop
      vertex 4.96117 6.79454 3.63946
      vertex 4.83822 6.7207 3.79127
      vertex 4.40621 6.89003 3.54185
    endloop
  endfacet
  facet normal 0.0829392 -0.751864 -0.654081
    outer loop
      vertex 4.63194 7.09003 3.25806
      vertex 5.08615 6.912 3.5203
      vertex 4.5206 6.96723 3.3851
    endloop
  endfacet
  facet normal 0.082949 -0.751837 -0.654111
    outer loop
      vertex 5.08615 6.912 3.5203
      vertex 4.96117 6.79454 3.63946
      vertex 4.5206 6.96723 3.3851
    endloop
  endfacet
  facet normal 0.226674 -0.577226 -0.784493
    outer loop
      vertex 4.73264 7.25007 3.1694
      vertex 5.20463 7.06507 3.4419
      vertex 4.63194 7.09003 3.25806
    endloop
  endfacet
  facet normal 0.226669 -0.577245 -0.78448
    outer loop
      vertex 5.20463 7.06507 3.4419
      vertex 5.08615 6.912 3.5203
      vertex 4.63194 7.09003 3.25806
    endloop
  endfacet
  facet normal 0.355079 -0.363028 -0.861469
    outer loop
      vertex 4.81585 7.43644 3.12516
      vertex 5.30853 7.24333 3.40961
      vertex 4.73264 7.25007 3.1694
    endloop
  endfacet
  facet normal 0.355082 -0.36301 -0.861476
    outer loop
      vertex 5.30853 7.24333 3.40961
      vertex 5.20463 7.06507 3.4419
      vertex 4.73264 7.25007 3.1694
    endloop
  endfacet
  facet normal 0.459287 -0.123848 -0.879612
    outer loop
      vertex 4.87589 7.63644 3.12835
      vertex 5.39079 7.43462 3.42562
      vertex 4.81585 7.43644 3.12516
    endloop
  endfacet
  facet normal 0.459285 -0.123887 -0.879607
    outer loop
      vertex 5.39079 7.43462 3.42562
      vertex 5.30853 7.24333 3.40961
      vertex 4.81585 7.43644 3.12516
    endloop
  endfacet
  facet normal 0.532112 0.123853 -0.837566
    outer loop
      vertex 4.90867 7.83644 3.17875
      vertex 5.44578 7.62592 3.48885
      vertex 4.87589 7.63644 3.12835
    endloop
  endfacet
  facet normal 0.532111 0.12388 -0.837563
    outer loop
      vertex 5.44578 7.62592 3.48885
      vertex 5.39079 7.43462 3.42562
      vertex 4.87589 7.63644 3.12835
    endloop
  endfacet
  facet normal 0.568522 0.363025 -0.738239
    outer loop
      vertex 4.91196 8.02281 3.27293
      vertex 5.46976 7.80417 3.59498
      vertex 4.90867 7.83644 3.17875
    endloop
  endfacet
  facet normal 0.568515 0.363058 -0.738227
    outer loop
      vertex 5.46976 7.80417 3.59498
      vertex 5.44578 7.62592 3.48885
      vertex 4.90867 7.83644 3.17875
    endloop
  endfacet
  facet normal 0.566054 0.577225 -0.588553
    outer loop
      vertex 4.88553 8.18285 3.40447
      vertex 5.4611 7.95725 3.73678
      vertex 4.91196 8.02281 3.27293
    endloop
  endfacet
  facet normal 0.566059 0.577213 -0.58856
    outer loop
      vertex 5.4611 7.95725 3.73678
      vertex 5.46976 7.80417 3.59498
      vertex 4.91196 8.02281 3.27293
    endloop
  endfacet
  facet normal 0.525004 0.751835 -0.398892
    outer loop
      vertex 4.83118 8.30566 3.56441
      vertex 5.4204 8.0747 3.9046
      vertex 4.88553 8.18285 3.40447
    endloop
  endfacet
  facet normal 0.524989 0.751857 -0.398871
    outer loop
      vertex 5.4204 8.0747 3.9046
      vertex 5.4611 7.95725 3.73678
      vertex 4.88553 8.18285 3.40447
    endloop
  endfacet
  facet normal 0.44824 0.875138 -0.182249
    outer loop
      vertex 4.75262 8.38285 3.74185
      vertex 5.35041 8.14854 4.08698
      vertex 4.83118 8.30566 3.56441
    endloop
  endfacet
  facet normal 0.448266 0.875118 -0.182282
    outer loop
      vertex 5.35041 8.14854 4.08698
      vertex 5.4204 8.0747 3.9046
      vertex 4.83118 8.30566 3.56441
    endloop
  endfacet
  facet normal 0.341124 0.938866 0.0465354
    outer loop
      vertex 4.65521 8.40918 3.92469
      vertex 5.25592 8.17373 4.27151
      vertex 4.75262 8.38285 3.74185
    endloop
  endfacet
  facet normal 0.341139 0.938861 0.0465197
    outer loop
      vertex 5.25592 8.17373 4.27151
      vertex 5.35041 8.14854 4.08698
      vertex 4.75262 8.38285 3.74185
    endloop
  endfacet
  facet normal 0.314617 0.889233 0.332086
    outer loop
      vertex 5.14335 8.14854 4.44561
      vertex 5.70954 7.82614 4.7725
      vertex 5.25592 8.17373 4.27151
    endloop
  endfacet
  facet normal 0.314669 0.889232 0.332039
    outer loop
      vertex 5.70954 7.82614 4.7725
      vertex 5.82487 7.84974 4.6
      vertex 5.25592 8.17373 4.27151
    endloop
  endfacet
  facet normal 0.163002 0.828867 0.535173
    outer loop
      vertex 5.0204 8.0747 4.59742
      vertex 5.57846 7.75692 4.91962
      vertex 5.14335 8.14854 4.44561
    endloop
  endfacet
  facet normal 0.162979 0.828861 0.535189
    outer loop
      vertex 5.57846 7.75692 4.91962
      vertex 5.70954 7.82614 4.7725
      vertex 5.14335 8.14854 4.44561
    endloop
  endfacet
  facet normal 0.000168139 0.71211 0.702068
    outer loop
      vertex 4.89542 7.95725 4.71658
      vertex 5.44057 7.64682 5.03132
      vertex 5.0204 8.0747 4.59742
    endloop
  endfacet
  facet normal 0.000145443 0.712099 0.702079
    outer loop
      vertex 5.44057 7.64682 5.03132
      vertex 5.57846 7.75692 4.91962
      vertex 5.0204 8.0747 4.59742
    endloop
  endfacet
  facet normal -0.162876 0.546707 0.82133
    outer loop
      vertex 4.77694 7.80417 4.79498
      vertex 5.30526 7.50333 5.1
      vertex 4.89542 7.95725 4.71658
    endloop
  endfacet
  facet normal -0.162873 0.546709 0.821329
    outer loop
      vertex 5.30526 7.50333 5.1
      vertex 5.44057 7.64682 5.03132
      vertex 4.89542 7.95725 4.71658
    endloop
  endfacet
  facet normal -0.314959 0.343838 0.884634
    outer loop
      vertex 4.67304 7.62592 4.82727
      vertex 5.18175 7.33624 5.12098
      vertex 4.77694 7.80417 4.79498
    endloop
  endfacet
  facet normal -0.314928 0.343865 0.884634
    outer loop
      vertex 5.18175 7.33624 5.12098
      vertex 5.30526 7.50333 5.1
      vertex 4.77694 7.80417 4.79498
    endloop
  endfacet
  facet normal -0.445607 0.117314 0.887509
    outer loop
      vertex 4.59079 7.43462 4.81126
      vertex 5.07846 7.15692 5.09282
      vertex 4.67304 7.62592 4.82727
    endloop
  endfacet
  facet normal -0.445614 0.117306 0.887506
    outer loop
      vertex 5.07846 7.15692 5.09282
      vertex 5.18175 7.33624 5.12098
      vertex 4.67304 7.62592 4.82727
    endloop
  endfacet
  facet normal -0.54581 -0.117307 0.829657
    outer loop
      vertex 4.53579 7.24333 4.74803
      vertex 5.00243 6.97761 5.01745
      vertex 4.59079 7.43462 4.81126
    endloop
  endfacet
  facet normal -0.545807 -0.117303 0.829659
    outer loop
      vertex 5.00243 6.97761 5.01745
      vertex 5.07846 7.15692 5.09282
      vertex 4.59079 7.43462 4.81126
    endloop
  endfacet
  facet normal -0.608645 -0.343849 0.715066
    outer loop
      vertex 4.51181 7.06507 4.6419
      vertex 4.95885 6.81051 4.9
      vertex 4.53579 7.24333 4.74803
    endloop
  endfacet
  facet normal -0.60865 -0.343857 0.715058
    outer loop
      vertex 4.95885 6.81051 4.9
      vertex 5.00243 6.97761 5.01745
      vertex 4.53579 7.24333 4.74803
    endloop
  endfacet
  facet normal -0.629862 -0.546717 0.551702
    outer loop
      vertex 4.52047 6.912 4.5001
      vertex 4.95067 6.66702 4.74848
      vertex 4.51181 7.06507 4.6419
    endloop
  endfacet
  facet normal -0.629852 -0.546699 0.55173
    outer loop
      vertex 4.95067 6.66702 4.74848
      vertex 4.95885 6.81051 4.9
      vertex 4.51181 7.06507 4.6419
    endloop
  endfacet
  facet normal -0.608095 -0.712089 0.350927
    outer loop
      vertex 4.56117 6.79454 4.33228
      vertex 4.97846 6.55692 4.5732
      vertex 4.52047 6.912 4.5001
    endloop
  endfacet
  facet normal -0.6081 -0.712104 0.350887
    outer loop
      vertex 4.97846 6.55692 4.5732
      vertex 4.95067 6.66702 4.74848
      vertex 4.52047 6.912 4.5001
    endloop
  endfacet
  facet normal -0.544973 -0.828864 0.126443
    outer loop
      vertex 4.63116 6.7207 4.1499
      vertex 5.04033 6.48771 4.38613
      vertex 4.56117 6.79454 4.33228
    endloop
  endfacet
  facet normal -0.544973 -0.828869 0.126415
    outer loop
      vertex 5.04033 6.48771 4.38613
      vertex 4.97846 6.55692 4.5732
      vertex 4.56117 6.79454 4.33228
    endloop
  endfacet
  facet normal -0.444894 -0.889232 -0.106471
    outer loop
      vertex 4.72565 6.69552 3.96537
      vertex 5.13205 6.4641 4.2
      vertex 4.63116 6.7207 4.1499
    endloop
  endfacet
  facet normal -0.444898 -0.889234 -0.106438
    outer loop
      vertex 5.13205 6.4641 4.2
      vertex 5.04033 6.48771 4.38613
      vertex 4.63116 6.7207 4.1499
    endloop
  endfacet
  facet normal -0.314648 -0.889234 -0.332055
    outer loop
      vertex 4.83822 6.7207 3.79127
      vertex 5.24738 6.48771 4.0275
      vertex 4.72565 6.69552 3.96537
    endloop
  endfacet
  facet normal -0.314643 -0.889229 -0.332073
    outer loop
      vertex 5.24738 6.48771 4.0275
      vertex 5.13205 6.4641 4.2
      vertex 4.72565 6.69552 3.96537
    endloop
  endfacet
  facet normal -0.163005 -0.828865 -0.535175
    outer loop
      vertex 4.96117 6.79454 3.63946
      vertex 5.37846 6.55692 3.88038
      vertex 4.83822 6.7207 3.79127
    endloop
  endfacet
  facet normal -0.163009 -0.828871 -0.535164
    outer loop
      vertex 5.37846 6.55692 3.88038
      vertex 5.24738 6.48771 4.0275
      vertex 4.83822 6.7207 3.79127
    endloop
  endfacet
  facet normal -0.000147964 -0.712091 -0.702087
    outer loop
      vertex 5.08615 6.912 3.5203
      vertex 5.51635 6.66702 3.76868
      vertex 4.96117 6.79454 3.63946
    endloop
  endfacet
  facet normal -0.000150408 -0.712096 -0.702082
    outer loop
      vertex 5.51635 6.66702 3.76868
      vertex 5.37846 6.55692 3.88038
      vertex 4.96117 6.79454 3.63946
    endloop
  endfacet
  facet normal 0.162865 -0.546728 -0.821318
    outer loop
      vertex 5.20463 7.06507 3.4419
      vertex 5.65167 6.81051 3.7
      vertex 5.08615 6.912 3.5203
    endloop
  endfacet
  facet normal 0.16287 -0.546715 -0.821326
    outer loop
      vertex 5.65167 6.81051 3.7
      vertex 5.51635 6.66702 3.76868
      vertex 5.08615 6.912 3.5203
    endloop
  endfacet
  facet normal 0.314957 -0.343819 -0.884641
    outer loop
      vertex 5.30853 7.24333 3.40961
      vertex 5.77517 6.97761 3.67902
      vertex 5.20463 7.06507 3.4419
    endloop
  endfacet
  facet normal 0.314951 -0.343842 -0.884635
    outer loop
      vertex 5.77517 6.97761 3.67902
      vertex 5.65167 6.81051 3.7
      vertex 5.20463 7.06507 3.4419
    endloop
  endfacet
  facet normal 0.445595 -0.117338 -0.887512
    outer loop
      vertex 5.39079 7.43462 3.42562
      vertex 5.87846 7.15692 3.70718
      vertex 5.30853 7.24333 3.40961
    endloop
  endfacet
  facet normal 0.445601 -0.117304 -0.887513
    outer loop
      vertex 5.87846 7.15692 3.70718
      vertex 5.77517 6.97761 3.67902
      vertex 5.30853 7.24333 3.40961
    endloop
  endfacet
  facet normal 0.545808 0.11733 -0.829655
    outer loop
      vertex 5.44578 7.62592 3.48885
      vertex 5.95449 7.33624 3.78255
      vertex 5.39079 7.43462 3.42562
    endloop
  endfacet
  facet normal 0.545806 0.117298 -0.829661
    outer loop
      vertex 5.95449 7.33624 3.78255
      vertex 5.87846 7.15692 3.70718
      vertex 5.39079 7.43462 3.42562
    endloop
  endfacet
  facet normal 0.60864 0.343867 -0.715061
    outer loop
      vertex 5.46976 7.80417 3.59498
      vertex 5.99808 7.50333 3.9
      vertex 5.44578 7.62592 3.48885
    endloop
  endfacet
  facet normal 0.608642 0.343851 -0.715068
    outer loop
      vertex 5.99808 7.50333 3.9
      vertex 5.95449 7.33624 3.78255
      vertex 5.44578 7.62592 3.48885
    endloop
  endfacet
  facet normal 0.629852 0.546703 -0.551727
    outer loop
      vertex 5.4611 7.95725 3.73678
      vertex 6.00625 7.64682 4.05152
      vertex 5.46976 7.80417 3.59498
    endloop
  endfacet
  facet normal 0.629846 0.546725 -0.551712
    outer loop
      vertex 6.00625 7.64682 4.05152
      vertex 5.99808 7.50333 3.9
      vertex 5.46976 7.80417 3.59498
    endloop
  endfacet
  facet normal 0.608089 0.712108 -0.350899
    outer loop
      vertex 5.4204 8.0747 3.9046
      vertex 5.97846 7.75692 4.22679
      vertex 5.4611 7.95725 3.73678
    endloop
  endfacet
  facet normal 0.608093 0.712101 -0.350907
    outer loop
      vertex 5.97846 7.75692 4.22679
      vertex 6.00625 7.64682 4.05152
      vertex 5.4611 7.95725 3.73678
    endloop
  endfacet
  facet normal 0.544979 0.828861 -0.126439
    outer loop
      vertex 5.35041 8.14854 4.08698
      vertex 5.91659 7.82614 4.41387
      vertex 5.4204 8.0747 3.9046
    endloop
  endfacet
  facet normal 0.544984 0.828857 -0.126445
    outer loop
      vertex 5.91659 7.82614 4.41387
      vertex 5.97846 7.75692 4.22679
      vertex 5.4204 8.0747 3.9046
    endloop
  endfacet
  facet normal 0.444918 0.889224 0.106437
    outer loop
      vertex 5.25592 8.17373 4.27151
      vertex 5.82487 7.84974 4.6
      vertex 5.35041 8.14854 4.08698
    endloop
  endfacet
  facet normal 0.444882 0.889237 0.106477
    outer loop
      vertex 5.82487 7.84974 4.6
      vertex 5.91659 7.82614 4.41387
      vertex 5.35041 8.14854 4.08698
    endloop
  endfacet
  facet normal 0.411935 0.824386 0.388197
    outer loop
      vertex 5.70954 7.82614 4.7725
      vertex 6.23444 7.42115 5.07555
      vertex 5.82487 7.84974 4.6
    endloop
  endfacet
  facet normal 0.411902 0.824388 0.388228
    outer loop
      vertex 6.23444 7.42115 5.07555
      vertex 6.35234 7.44278 4.90453
      vertex 5.82487 7.84974 4.6
    endloop
  endfacet
  facet normal 0.253651 0.768416 0.587536
    outer loop
      vertex 5.57846 7.75692 4.91962
      vertex 6.09583 7.35775 5.21832
      vertex 5.70954 7.82614 4.7725
    endloop
  endfacet
  facet normal 0.253677 0.76842 0.587519
    outer loop
      vertex 6.09583 7.35775 5.21832
      vertex 6.23444 7.42115 5.07555
      vertex 5.70954 7.82614 4.7725
    endloop
  endfacet
  facet normal 0.0780441 0.660167 0.747053
    outer loop
      vertex 5.44057 7.64682 5.03132
      vertex 5.94596 7.25688 5.32311
      vertex 5.57846 7.75692 4.91962
    endloop
  endfacet
  facet normal 0.078028 0.660161 0.747061
    outer loop
      vertex 5.94596 7.25688 5.32311
      vertex 6.09583 7.35775 5.21832
      vertex 5.57846 7.75692 4.91962
    endloop
  endfacet
  facet normal -0.103078 0.506846 0.855852
    outer loop
      vertex 5.30526 7.50333 5.1
      vertex 5.79504 7.12544 5.38278
      vertex 5.44057 7.64682 5.03132
    endloop
  endfacet
  facet normal -0.103055 0.506859 0.855847
    outer loop
      vertex 5.79504 7.12544 5.38278
      vertex 5.94596 7.25688 5.32311
      vertex 5.44057 7.64682 5.03132
    endloop
  endfacet
  facet normal -0.27731 0.318785 0.906353
    outer loop
      vertex 5.18175 7.33624 5.12098
      vertex 5.65336 6.97236 5.39326
      vertex 5.30526 7.50333 5.1
    endloop
  endfacet
  facet normal -0.277358 0.318752 0.90635
    outer loop
      vertex 5.65336 6.97236 5.39326
      vertex 5.79504 7.12544 5.38278
      vertex 5.30526 7.50333 5.1
    endloop
  endfacet
  facet normal -0.432782 0.108751 0.894915
    outer loop
      vertex 5.07846 7.15692 5.09282
      vertex 5.53057 6.8081 5.35385
      vertex 5.18175 7.33624 5.12098
    endloop
  endfacet
  facet normal -0.432748 0.108779 0.894928
    outer loop
      vertex 5.53057 6.8081 5.35385
      vertex 5.65336 6.97236 5.39326
      vertex 5.18175 7.33624 5.12098
    endloop
  endfacet
  facet normal -0.558638 -0.10875 0.822252
    outer loop
      vertex 5.00243 6.97761 5.01745
      vertex 5.43504 6.64383 5.26722
      vertex 5.07846 7.15692 5.09282
    endloop
  endfacet
  facet normal -0.55864 -0.108752 0.82225
    outer loop
      vertex 5.43504 6.64383 5.26722
      vertex 5.53057 6.8081 5.35385
      vertex 5.07846 7.15692 5.09282
    endloop
  endfacet
  facet normal -0.646271 -0.318778 0.693336
    outer loop
      vertex 4.95885 6.81051 4.9
      vertex 5.37328 6.49075 5.13928
      vertex 5.00243 6.97761 5.01745
    endloop
  endfacet
  facet normal -0.646254 -0.31876 0.69336
    outer loop
      vertex 5.37328 6.49075 5.13928
      vertex 5.43504 6.64383 5.26722
      vertex 5.00243 6.97761 5.01745
    endloop
  endfacet
  facet normal -0.689646 -0.506838 0.517208
    outer loop
      vertex 4.95067 6.66702 4.74848
      vertex 5.3495 6.35931 4.97874
      vertex 4.95885 6.81051 4.9
    endloop
  endfacet
  facet normal -0.689668 -0.506868 0.517148
    outer loop
      vertex 5.3495 6.35931 4.97874
      vertex 5.37328 6.49075 5.13928
      vertex 4.95885 6.81051 4.9
    endloop
  endfacet
  facet normal -0.685986 -0.660178 0.305922
    outer loop
      vertex 4.97846 6.55692 4.5732
      vertex 5.36532 6.25844 4.79656
      vertex 4.95067 6.66702 4.74848
    endloop
  endfacet
  facet normal -0.685981 -0.660168 0.305955
    outer loop
      vertex 5.36532 6.25844 4.79656
      vertex 5.3495 6.35931 4.97874
      vertex 4.95067 6.66702 4.74848
    endloop
  endfacet
  facet normal -0.635646 -0.76842 0.0740628
    outer loop
      vertex 5.04033 6.48771 4.38613
      vertex 5.41965 6.19504 4.60513
      vertex 4.97846 6.55692 4.5732
    endloop
  endfacet
  facet normal -0.635646 -0.768417 0.0740899
    outer loop
      vertex 5.41965 6.19504 4.60513
      vertex 5.36532 6.25844 4.79656
      vertex 4.97846 6.55692 4.5732
    endloop
  endfacet
  facet normal -0.542177 -0.824382 -0.162601
    outer loop
      vertex 5.13205 6.4641 4.2
      vertex 5.50881 6.17341 4.41752
      vertex 5.04033 6.48771 4.38613
    endloop
  endfacet
  facet normal -0.542175 -0.82438 -0.162619
    outer loop
      vertex 5.50881 6.17341 4.41752
      vertex 5.41965 6.19504 4.60513
      vertex 5.04033 6.48771 4.38613
    endloop
  endfacet
  facet normal -0.411911 -0.824383 -0.388228
    outer loop
      vertex 5.24738 6.48771 4.0275
      vertex 5.62671 6.19504 4.2465
      vertex 5.13205 6.4641 4.2
    endloop
  endfacet
  facet normal -0.41191 -0.824382 -0.388233
    outer loop
      vertex 5.62671 6.19504 4.2465
      vertex 5.50881 6.17341 4.41752
      vertex 5.13205 6.4641 4.2
    endloop
  endfacet
  facet normal -0.253671 -0.76843 -0.587508
    outer loop
      vertex 5.37846 6.55692 3.88038
      vertex 5.76532 6.25844 4.10374
      vertex 5.24738 6.48771 4.0275
    endloop
  endfacet
  facet normal -0.253658 -0.768412 -0.587538
    outer loop
      vertex 5.76532 6.25844 4.10374
      vertex 5.62671 6.19504 4.2465
      vertex 5.24738 6.48771 4.0275
    endloop
  endfacet
  facet normal -0.078029 -0.660178 -0.747045
    outer loop
      vertex 5.51635 6.66702 3.76868
      vertex 5.91519 6.35931 3.99895
      vertex 5.37846 6.55692 3.88038
    endloop
  endfacet
  facet normal -0.0780221 -0.660166 -0.747057
    outer loop
      vertex 5.91519 6.35931 3.99895
      vertex 5.76532 6.25844 4.10374
      vertex 5.37846 6.55692 3.88038
    endloop
  endfacet
  facet normal 0.103075 -0.50685 -0.85585
    outer loop
      vertex 5.65167 6.81051 3.7
      vertex 6.0661 6.49075 3.93928
      vertex 5.51635 6.66702 3.76868
    endloop
  endfacet
  facet normal 0.103068 -0.506864 -0.855842
    outer loop
      vertex 6.0661 6.49075 3.93928
      vertex 5.91519 6.35931 3.99895
      vertex 5.51635 6.66702 3.76868
    endloop
  endfacet
  facet normal 0.277339 -0.318771 -0.906349
    outer loop
      vertex 5.77517 6.97761 3.67902
      vertex 6.20778 6.64383 3.92879
      vertex 5.65167 6.81051 3.7
    endloop
  endfacet
  facet normal 0.277332 -0.318787 -0.906345
    outer loop
      vertex 6.20778 6.64383 3.92879
      vertex 6.0661 6.49075 3.93928
      vertex 5.65167 6.81051 3.7
    endloop
  endfacet
  facet normal 0.432779 -0.108755 -0.894916
    outer loop
      vertex 5.87846 7.15692 3.70718
      vertex 6.33057 6.8081 3.96821
      vertex 5.77517 6.97761 3.67902
    endloop
  endfacet
  facet normal 0.432782 -0.108746 -0.894916
    outer loop
      vertex 6.33057 6.8081 3.96821
      vertex 6.20778 6.64383 3.92879
      vertex 5.77517 6.97761 3.67902
    endloop
  endfacet
  facet normal 0.55864 0.108743 -0.822251
    outer loop
      vertex 5.95449 7.33624 3.78255
      vertex 6.4261 6.97236 4.05484
      vertex 5.87846 7.15692 3.70718
    endloop
  endfacet
  facet normal 0.558642 0.108756 -0.822248
    outer loop
      vertex 6.4261 6.97236 4.05484
      vertex 6.33057 6.8081 3.96821
      vertex 5.87846 7.15692 3.70718
    endloop
  endfacet
  facet normal 0.64626 0.31877 -0.693349
    outer loop
      vertex 5.99808 7.50333 3.9
      vertex 6.48786 7.12544 4.18278
      vertex 5.95449 7.33624 3.78255
    endloop
  endfacet
  facet normal 0.64626 0.318755 -0.693357
    outer loop
      vertex 6.48786 7.12544 4.18278
      vertex 6.4261 6.97236 4.05484
      vertex 5.95449 7.33624 3.78255
    endloop
  endfacet
  facet normal 0.689654 0.506855 -0.51718
    outer loop
      vertex 6.00625 7.64682 4.05152
      vertex 6.51165 7.25688 4.34331
      vertex 5.99808 7.50333 3.9
    endloop
  endfacet
  facet normal 0.689657 0.506835 -0.517195
    outer loop
      vertex 6.51165 7.25688 4.34331
      vertex 6.48786 7.12544 4.18278
      vertex 5.99808 7.50333 3.9
    endloop
  endfacet
  facet normal 0.685984 0.660173 -0.305937
    outer loop
      vertex 5.97846 7.75692 4.22679
      vertex 6.49583 7.35775 4.5255
      vertex 6.00625 7.64682 4.05152
    endloop
  endfacet
  facet normal 0.685985 0.660171 -0.305939
    outer loop
      vertex 6.49583 7.35775 4.5255
      vertex 6.51165 7.25688 4.34331
      vertex 6.00625 7.64682 4.05152
    endloop
  endfacet
  facet normal 0.635652 0.768412 -0.074095
    outer loop
      vertex 5.91659 7.82614 4.41387
      vertex 6.44149 7.42115 4.71692
      vertex 5.97846 7.75692 4.22679
    endloop
  endfacet
  facet normal 0.635635 0.768429 -0.0740674
    outer loop
      vertex 6.44149 7.42115 4.71692
      vertex 6.49583 7.35775 4.5255
      vertex 5.97846 7.75692 4.22679
    endloop
  endfacet
  facet normal 0.542152 0.824392 0.162631
    outer loop
      vertex 5.82487 7.84974 4.6
      vertex 6.35234 7.44278 4.90453
      vertex 5.91659 7.82614 4.41387
    endloop
  endfacet
  facet normal 0.542182 0.82438 0.162594
    outer loop
      vertex 6.35234 7.44278 4.90453
      vertex 6.44149 7.42115 4.71692
      vertex 5.91659 7.82614 4.41387
    endloop
  endfacet
  facet normal 0.501016 0.745431 0.439676
    outer loop
      vertex 6.23444 7.42115 5.07555
      vertex 6.70906 6.94052 5.34958
      vertex 6.35234 7.44278 4.90453
    endloop
  endfacet
  facet normal 0.500999 0.745433 0.439692
    outer loop
      vertex 6.70906 6.94052 5.34958
      vertex 6.82929 6.9598 5.1799
      vertex 6.35234 7.44278 4.90453
    endloop
  endfacet
  facet normal 0.336729 0.694831 0.635471
    outer loop
      vertex 6.09583 7.35775 5.21832
      vertex 6.56365 6.88401 5.48842
      vertex 6.23444 7.42115 5.07555
    endloop
  endfacet
  facet normal 0.33673 0.694831 0.635471
    outer loop
      vertex 6.56365 6.88401 5.48842
      vertex 6.70906 6.94052 5.34958
      vertex 6.23444 7.42115 5.07555
    endloop
  endfacet
  facet normal 0.149387 0.596936 0.788258
    outer loop
      vertex 5.94596 7.25688 5.32311
      vertex 6.40296 6.79411 5.58695
      vertex 6.09583 7.35775 5.21832
    endloop
  endfacet
  facet normal 0.149376 0.596933 0.788263
    outer loop
      vertex 6.40296 6.79411 5.58695
      vertex 6.56365 6.88401 5.48842
      vertex 6.09583 7.35775 5.21832
    endloop
  endfacet
  facet normal -0.0482755 0.458319 0.887476
    outer loop
      vertex 5.79504 7.12544 5.38278
      vertex 6.23793 6.67696 5.63848
      vertex 5.94596 7.25688 5.32311
    endloop
  endfacet
  facet normal -0.0482463 0.458331 0.887471
    outer loop
      vertex 6.23793 6.67696 5.63848
      vertex 6.40296 6.79411 5.58695
      vertex 5.94596 7.25688 5.32311
    endloop
  endfacet
  facet normal -0.2429 0.288222 0.926244
    outer loop
      vertex 5.65336 6.97236 5.39326
      vertex 6.07981 6.54052 5.63947
      vertex 5.79504 7.12544 5.38278
    endloop
  endfacet
  facet normal -0.242903 0.288221 0.926244
    outer loop
      vertex 6.07981 6.54052 5.63947
      vertex 6.23793 6.67696 5.63848
      vertex 5.79504 7.12544 5.38278
    endloop
  endfacet
  facet normal -0.420993 0.0983632 0.901715
    outer loop
      vertex 5.53057 6.8081 5.35385
      vertex 5.93939 6.39411 5.58988
      vertex 5.65336 6.97236 5.39326
    endloop
  endfacet
  facet normal -0.420999 0.0983593 0.901712
    outer loop
      vertex 5.93939 6.39411 5.58988
      vertex 6.07981 6.54052 5.63947
      vertex 5.65336 6.97236 5.39326
    endloop
  endfacet
  facet normal -0.570385 -0.0983455 0.815469
    outer loop
      vertex 5.43504 6.64383 5.26722
      vertex 5.82622 6.2477 5.49306
      vertex 5.53057 6.8081 5.35385
    endloop
  endfacet
  facet normal -0.5704 -0.0983565 0.815457
    outer loop
      vertex 5.82622 6.2477 5.49306
      vertex 5.93939 6.39411 5.58988
      vertex 5.53057 6.8081 5.35385
    endloop
  endfacet
  facet normal -0.680694 -0.288246 0.673475
    outer loop
      vertex 5.37328 6.49075 5.13928
      vertex 5.74803 6.11127 5.35563
      vertex 5.43504 6.64383 5.26722
    endloop
  endfacet
  facet normal -0.680712 -0.288261 0.673451
    outer loop
      vertex 5.74803 6.11127 5.35563
      vertex 5.82622 6.2477 5.49306
      vertex 5.43504 6.64383 5.26722
    endloop
  endfacet
  facet normal -0.74445 -0.458327 0.485521
    outer loop
      vertex 5.3495 6.35931 4.97874
      vertex 5.71013 5.99411 5.18695
      vertex 5.37328 6.49075 5.13928
    endloop
  endfacet
  facet normal -0.744424 -0.458302 0.485584
    outer loop
      vertex 5.71013 5.99411 5.18695
      vertex 5.74803 6.11127 5.35563
      vertex 5.37328 6.49075 5.13928
    endloop
  endfacet
  facet normal -0.757349 -0.596935 0.264747
    outer loop
      vertex 5.36532 6.25844 4.79656
      vertex 5.71512 5.90421 4.99852
      vertex 5.3495 6.35931 4.97874
    endloop
  endfacet
  facet normal -0.75735 -0.596936 0.264742
    outer loop
      vertex 5.71512 5.90421 4.99852
      vertex 5.71013 5.99411 5.18695
      vertex 5.3495 6.35931 4.97874
    endloop
  endfacet
  facet normal -0.718707 -0.694822 0.0261419
    outer loop
      vertex 5.41965 6.19504 4.60513
      vertex 5.76265 5.8477 4.80317
      vertex 5.36532 6.25844 4.79656
    endloop
  endfacet
  facet normal -0.718707 -0.694822 0.0261287
    outer loop
      vertex 5.76265 5.8477 4.80317
      vertex 5.71512 5.90421 4.99852
      vertex 5.36532 6.25844 4.79656
    endloop
  endfacet
  facet normal -0.631265 -0.745442 -0.214059
    outer loop
      vertex 5.50881 6.17341 4.41752
      vertex 5.84949 5.82843 4.61421
      vertex 5.41965 6.19504 4.60513
    endloop
  endfacet
  facet normal -0.63126 -0.745437 -0.214088
    outer loop
      vertex 5.84949 5.82843 4.61421
      vertex 5.76265 5.8477 4.80317
      vertex 5.41965 6.19504 4.60513
    endloop
  endfacet
  facet normal -0.501011 -0.745436 -0.439674
    outer loop
      vertex 5.62671 6.19504 4.2465
      vertex 5.96971 5.8477 4.44454
      vertex 5.50881 6.17341 4.41752
    endloop
  endfacet
  facet normal -0.501016 -0.745442 -0.439658
    outer loop
      vertex 5.96971 5.8477 4.44454
      vertex 5.84949 5.82843 4.61421
      vertex 5.50881 6.17341 4.41752
    endloop
  endfacet
  facet normal -0.336711 -0.694819 -0.635494
    outer loop
      vertex 5.76532 6.25844 4.10374
      vertex 6.11512 5.90421 4.3057
      vertex 5.62671 6.19504 4.2465
    endloop
  endfacet
  facet normal -0.336724 -0.694836 -0.635468
    outer loop
      vertex 6.11512 5.90421 4.3057
      vertex 5.96971 5.8477 4.44454
      vertex 5.62671 6.19504 4.2465
    endloop
  endfacet
  facet normal -0.149392 -0.596931 -0.788261
    outer loop
      vertex 5.91519 6.35931 3.99895
      vertex 6.27582 5.99411 4.20716
      vertex 5.76532 6.25844 4.10374
    endloop
  endfacet
  facet normal -0.149402 -0.596944 -0.788249
    outer loop
      vertex 6.27582 5.99411 4.20716
      vertex 6.11512 5.90421 4.3057
      vertex 5.76532 6.25844 4.10374
    endloop
  endfacet
  facet normal 0.0482669 -0.458308 -0.887482
    outer loop
      vertex 6.0661 6.49075 3.93928
      vertex 6.44085 6.11127 4.15563
      vertex 5.91519 6.35931 3.99895
    endloop
  endfacet
  facet normal 0.0482616 -0.458316 -0.887478
    outer loop
      vertex 6.44085 6.11127 4.15563
      vertex 6.27582 5.99411 4.20716
      vertex 5.91519 6.35931 3.99895
    endloop
  endfacet
  facet normal 0.242869 -0.288254 -0.926242
    outer loop
      vertex 6.20778 6.64383 3.92879
      vertex 6.59896 6.2477 4.15464
      vertex 6.0661 6.49075 3.93928
    endloop
  endfacet
  facet normal 0.242892 -0.288211 -0.926249
    outer loop
      vertex 6.59896 6.2477 4.15464
      vertex 6.44085 6.11127 4.15563
      vertex 6.0661 6.49075 3.93928
    endloop
  endfacet
  facet normal 0.421023 -0.0983275 -0.901705
    outer loop
      vertex 6.33057 6.8081 3.96821
      vertex 6.73939 6.39411 4.20424
      vertex 6.20778 6.64383 3.92879
    endloop
  endfacet
  facet normal 0.421016 -0.0983447 -0.901706
    outer loop
      vertex 6.73939 6.39411 4.20424
      vertex 6.59896 6.2477 4.15464
      vertex 6.20778 6.64383 3.92879
    endloop
  endfacet
  facet normal 0.570393 0.0983438 -0.815463
    outer loop
      vertex 6.4261 6.97236 4.05484
      vertex 6.85255 6.54052 4.30105
      vertex 6.33057 6.8081 3.96821
    endloop
  endfacet
  facet normal 0.570394 0.0983477 -0.815462
    outer loop
      vertex 6.85255 6.54052 4.30105
      vertex 6.73939 6.39411 4.20424
      vertex 6.33057 6.8081 3.96821
    endloop
  endfacet
  facet normal 0.680702 0.288239 -0.673471
    outer loop
      vertex 6.48786 7.12544 4.18278
      vertex 6.93075 6.67696 4.43848
      vertex 6.4261 6.97236 4.05484
    endloop
  endfacet
  facet normal 0.6807 0.288225 -0.673479
    outer loop
      vertex 6.93075 6.67696 4.43848
      vertex 6.85255 6.54052 4.30105
      vertex 6.4261 6.97236 4.05484
    endloop
  endfacet
  facet normal 0.74444 0.458293 -0.485568
    outer loop
      vertex 6.51165 7.25688 4.34331
      vertex 6.96864 6.79411 4.60716
      vertex 6.48786 7.12544 4.18278
    endloop
  endfacet
  facet normal 0.744438 0.458331 -0.485536
    outer loop
      vertex 6.96864 6.79411 4.60716
      vertex 6.93075 6.67696 4.43848
      vertex 6.48786 7.12544 4.18278
    endloop
  endfacet
  facet normal 0.757346 0.596943 -0.264737
    outer loop
      vertex 6.49583 7.35775 4.5255
      vertex 6.96365 6.88401 4.7956
      vertex 6.51165 7.25688 4.34331
    endloop
  endfacet
  facet normal 0.757345 0.596947 -0.264733
    outer loop
      vertex 6.96365 6.88401 4.7956
      vertex 6.96864 6.79411 4.60716
      vertex 6.51165 7.25688 4.34331
    endloop
  endfacet
  facet normal 0.718695 0.694835 -0.0261134
    outer loop
      vertex 6.44149 7.42115 4.71692
      vertex 6.91612 6.94052 4.99095
      vertex 6.49583 7.35775 4.5255
    endloop
  endfacet
  facet normal 0.718704 0.694825 -0.0261303
    outer loop
      vertex 6.91612 6.94052 4.99095
      vertex 6.96365 6.88401 4.7956
      vertex 6.49583 7.35775 4.5255
    endloop
  endfacet
  facet normal 0.631283 0.745433 0.214035
    outer loop
      vertex 6.35234 7.44278 4.90453
      vertex 6.82929 6.9598 5.1799
      vertex 6.44149 7.42115 4.71692
    endloop
  endfacet
  facet normal 0.631282 0.745434 0.214037
    outer loop
      vertex 6.82929 6.9598 5.1799
      vertex 6.91612 6.94052 4.99095
      vertex 6.44149 7.42115 4.71692
    endloop
  endfacet
  facet normal 0.580418 0.653727 0.485547
    outer loop
      vertex 6.70906 6.94052 5.34958
      vertex 7.1253 6.39247 5.58989
      vertex 6.82929 6.9598 5.1799
    endloop
  endfacet
  facet normal 0.580444 0.653722 0.485522
    outer loop
      vertex 7.1253 6.39247 5.58989
      vertex 7.24756 6.40906 5.42139
      vertex 6.82929 6.9598 5.1799
    endloop
  endfacet
  facet normal 0.41076 0.609348 0.678212
    outer loop
      vertex 6.56365 6.88401 5.48842
      vertex 6.97392 6.34382 5.72528
      vertex 6.70906 6.94052 5.34958
    endloop
  endfacet
  facet normal 0.410749 0.609348 0.678219
    outer loop
      vertex 6.97392 6.34382 5.72528
      vertex 7.1253 6.39247 5.58989
      vertex 6.70906 6.94052 5.34958
    endloop
  endfacet
  facet normal 0.212973 0.523499 0.824979
    outer loop
      vertex 6.40296 6.79411 5.58695
      vertex 6.80373 6.26642 5.81834
      vertex 6.56365 6.88401 5.48842
    endloop
  endfacet
  facet normal 0.213009 0.523506 0.824966
    outer loop
      vertex 6.80373 6.26642 5.81834
      vertex 6.97392 6.34382 5.72528
      vertex 6.56365 6.88401 5.48842
    endloop
  endfacet
  facet normal 0.000583151 0.401945 0.915663
    outer loop
      vertex 6.23793 6.67696 5.63848
      vertex 6.62632 6.16556 5.86272
      vertex 6.40296 6.79411 5.58695
    endloop
  endfacet
  facet normal 0.000552566 0.401936 0.915667
    outer loop
      vertex 6.62632 6.16556 5.86272
      vertex 6.80373 6.26642 5.81834
      vertex 6.40296 6.79411 5.58695
    endloop
  endfacet
  facet normal -0.212194 0.252761 0.943973
    outer loop
      vertex 6.07981 6.54052 5.63947
      vertex 6.4538 6.0481 5.85539
      vertex 6.23793 6.67696 5.63848
    endloop
  endfacet
  facet normal -0.212198 0.252759 0.943973
    outer loop
      vertex 6.4538 6.0481 5.85539
      vertex 6.62632 6.16556 5.86272
      vertex 6.23793 6.67696 5.63848
    endloop
  endfacet
  facet normal -0.410518 0.0862578 0.907763
    outer loop
      vertex 5.93939 6.39411 5.58988
      vertex 6.29791 5.92205 5.79687
      vertex 6.07981 6.54052 5.63947
    endloop
  endfacet
  facet normal -0.410516 0.086259 0.907764
    outer loop
      vertex 6.29791 5.92205 5.79687
      vertex 6.4538 6.0481 5.85539
      vertex 6.07981 6.54052 5.63947
    endloop
  endfacet
  facet normal -0.580883 -0.0862513 0.809405
    outer loop
      vertex 5.82622 6.2477 5.49306
      vertex 6.16928 5.79601 5.69113
      vertex 5.93939 6.39411 5.58988
    endloop
  endfacet
  facet normal -0.58087 -0.0862446 0.809415
    outer loop
      vertex 6.16928 5.79601 5.69113
      vertex 6.29791 5.92205 5.79687
      vertex 5.93939 6.39411 5.58988
    endloop
  endfacet
  facet normal -0.711436 -0.252784 0.655712
    outer loop
      vertex 5.74803 6.11127 5.35563
      vertex 6.07667 5.67855 5.54538
      vertex 5.82622 6.2477 5.49306
    endloop
  endfacet
  facet normal -0.711413 -0.252771 0.655743
    outer loop
      vertex 6.07667 5.67855 5.54538
      vertex 6.16928 5.79601 5.69113
      vertex 5.82622 6.2477 5.49306
    endloop
  endfacet
  facet normal -0.793259 -0.401913 0.45739
    outer loop
      vertex 5.71013 5.99411 5.18695
      vertex 6.0264 5.57769 5.36955
      vertex 5.74803 6.11127 5.35563
    endloop
  endfacet
  facet normal -0.793277 -0.401923 0.457351
    outer loop
      vertex 6.0264 5.57769 5.36955
      vertex 6.07667 5.67855 5.54538
      vertex 5.74803 6.11127 5.35563
    endloop
  endfacet
  facet normal -0.820933 -0.523518 0.228031
    outer loop
      vertex 5.71512 5.90421 4.99852
      vertex 6.0219 5.50029 5.17563
      vertex 5.71013 5.99411 5.18695
    endloop
  endfacet
  facet normal -0.820938 -0.523521 0.228005
    outer loop
      vertex 6.0219 5.50029 5.17563
      vertex 6.0264 5.57769 5.36955
      vertex 5.71013 5.99411 5.18695
    endloop
  endfacet
  facet normal -0.792722 -0.609357 -0.0166026
    outer loop
      vertex 5.76265 5.8477 4.80317
      vertex 6.06346 5.45164 4.97683
      vertex 5.71512 5.90421 4.99852
    endloop
  endfacet
  facet normal -0.792722 -0.609357 -0.0166011
    outer loop
      vertex 6.06346 5.45164 4.97683
      vertex 6.0219 5.50029 5.17563
      vertex 5.71512 5.90421 4.99852
    endloop
  endfacet
  facet normal -0.710676 -0.653738 -0.259936
    outer loop
      vertex 5.84949 5.82843 4.61421
      vertex 6.14826 5.43505 4.78671
      vertex 5.76265 5.8477 4.80317
    endloop
  endfacet
  facet normal -0.710675 -0.653737 -0.25994
    outer loop
      vertex 6.14826 5.43505 4.78671
      vertex 6.06346 5.45164 4.97683
      vertex 5.76265 5.8477 4.80317
    endloop
  endfacet
  facet normal -0.580445 -0.653723 -0.485521
    outer loop
      vertex 5.96971 5.8477 4.44454
      vertex 6.27051 5.45164 4.6182
      vertex 5.84949 5.82843 4.61421
    endloop
  endfacet
  facet normal -0.580463 -0.653742 -0.485474
    outer loop
      vertex 6.27051 5.45164 4.6182
      vertex 6.14826 5.43505 4.78671
      vertex 5.84949 5.82843 4.61421
    endloop
  endfacet
  facet normal -0.410757 -0.609353 -0.67821
    outer loop
      vertex 6.11512 5.90421 4.3057
      vertex 6.4219 5.50029 4.48281
      vertex 5.96971 5.8477 4.44454
    endloop
  endfacet
  facet normal -0.410741 -0.609335 -0.678235
    outer loop
      vertex 6.4219 5.50029 4.48281
      vertex 6.27051 5.45164 4.6182
      vertex 5.96971 5.8477 4.44454
    endloop
  endfacet
  facet normal -0.212993 -0.523515 -0.824964
    outer loop
      vertex 6.27582 5.99411 4.20716
      vertex 6.59209 5.57769 4.38976
      vertex 6.11512 5.90421 4.3057
    endloop
  endfacet
  facet normal -0.212975 -0.523493 -0.824983
    outer loop
      vertex 6.59209 5.57769 4.38976
      vertex 6.4219 5.50029 4.48281
      vertex 6.11512 5.90421 4.3057
    endloop
  endfacet
  facet normal -0.000557749 -0.401947 -0.915663
    outer loop
      vertex 6.44085 6.11127 4.15563
      vertex 6.76949 5.67855 4.34538
      vertex 6.27582 5.99411 4.20716
    endloop
  endfacet
  facet normal -0.000551309 -0.401938 -0.915667
    outer loop
      vertex 6.76949 5.67855 4.34538
      vertex 6.59209 5.57769 4.38976
      vertex 6.27582 5.99411 4.20716
    endloop
  endfacet
  facet normal 0.212191 -0.25276 -0.943974
    outer loop
      vertex 6.59896 6.2477 4.15464
      vertex 6.94202 5.79601 4.3527
      vertex 6.44085 6.11127 4.15563
    endloop
  endfacet
  facet normal 0.212161 -0.252804 -0.943969
    outer loop
      vertex 6.94202 5.79601 4.3527
      vertex 6.76949 5.67855 4.34538
      vertex 6.44085 6.11127 4.15563
    endloop
  endfacet
  facet normal 0.410535 -0.0862422 -0.907757
    outer loop
      vertex 6.73939 6.39411 4.20424
      vertex 7.09791 5.92205 4.41123
      vertex 6.59896 6.2477 4.15464
    endloop
  endfacet
  facet normal 0.410542 -0.0862305 -0.907755
    outer loop
      vertex 7.09791 5.92205 4.41123
      vertex 6.94202 5.79601 4.3527
      vertex 6.59896 6.2477 4.15464
    endloop
  endfacet
  facet normal 0.580871 0.0862505 -0.809413
    outer loop
      vertex 6.85255 6.54052 4.30105
      vertex 7.22654 6.0481 4.51697
      vertex 6.73939 6.39411 4.20424
    endloop
  endfacet
  facet normal 0.580867 0.0862418 -0.809417
    outer loop
      vertex 7.22654 6.0481 4.51697
      vertex 7.09791 5.92205 4.41123
      vertex 6.73939 6.39411 4.20424
    endloop
  endfacet
  facet normal 0.711414 0.25276 -0.655746
    outer loop
      vertex 6.93075 6.67696 4.43848
      vertex 7.31914 6.16556 4.66272
      vertex 6.85255 6.54052 4.30105
    endloop
  endfacet
  facet normal 0.711424 0.252797 -0.655721
    outer loop
      vertex 7.31914 6.16556 4.66272
      vertex 7.22654 6.0481 4.51697
      vertex 6.85255 6.54052 4.30105
    endloop
  endfacet
  facet normal 0.793273 0.401941 -0.457342
    outer loop
      vertex 6.96864 6.79411 4.60716
      vertex 7.36941 6.26642 4.83854
      vertex 6.93075 6.67696 4.43848
    endloop
  endfacet
  facet normal 0.793271 0.401913 -0.457369
    outer loop
      vertex 7.36941 6.26642 4.83854
      vertex 7.31914 6.16556 4.66272
      vertex 6.93075 6.67696 4.43848
    endloop
  endfacet
  facet normal 0.820938 0.523516 -0.228017
    outer loop
      vertex 6.96365 6.88401 4.7956
      vertex 7.37392 6.34382 5.03246
      vertex 6.96864 6.79411 4.60716
    endloop
  endfacet
  facet normal 0.820942 0.5235 -0.228039
    outer loop
      vertex 7.37392 6.34382 5.03246
      vertex 7.36941 6.26642 4.83854
      vertex 6.96864 6.79411 4.60716
    endloop
  endfacet
  facet normal 0.792727 0.609351 0.0166054
    outer loop
      vertex 6.91612 6.94052 4.99095
      vertex 7.33236 6.39247 5.23126
      vertex 6.96365 6.88401 4.7956
    endloop
  endfacet
  facet normal 0.792727 0.60935 0.0166039
    outer loop
      vertex 7.33236 6.39247 5.23126
      vertex 7.37392 6.34382 5.03246
      vertex 6.96365 6.88401 4.7956
    endloop
  endfacet
  facet normal 0.710708 0.65372 0.259894
    outer loop
      vertex 6.82929 6.9598 5.1799
      vertex 7.24756 6.40906 5.42139
      vertex 6.91612 6.94052 4.99095
    endloop
  endfacet
  facet normal 0.710683 0.653733 0.25993
    outer loop
      vertex 7.24756 6.40906 5.42139
      vertex 7.33236 6.39247 5.23126
      vertex 6.91612 6.94052 4.99095
    endloop
  endfacet
  facet normal 0.64881 0.550839 0.524997
    outer loop
      vertex 7.1253 6.39247 5.58989
      vertex 7.47603 5.78637 5.79238
      vertex 7.24756 6.40906 5.42139
    endloop
  endfacet
  facet normal 0.648814 0.550838 0.524992
    outer loop
      vertex 7.47603 5.78637 5.79238
      vertex 7.6 5.8 5.62487
      vertex 7.24756 6.40906 5.42139
    endloop
  endfacet
  facet normal 0.474479 0.513445 0.715014
    outer loop
      vertex 6.97392 6.34382 5.72528
      vertex 7.31962 5.74641 5.92487
      vertex 7.1253 6.39247 5.58989
    endloop
  endfacet
  facet normal 0.474486 0.513444 0.715009
    outer loop
      vertex 7.31962 5.74641 5.92487
      vertex 7.47603 5.78637 5.79238
      vertex 7.1253 6.39247 5.58989
    endloop
  endfacet
  facet normal 0.267762 0.441117 0.856574
    outer loop
      vertex 6.80373 6.26642 5.81834
      vertex 7.14142 5.68284 6.01331
      vertex 6.97392 6.34382 5.72528
    endloop
  endfacet
  facet normal 0.267755 0.441116 0.856577
    outer loop
      vertex 7.14142 5.68284 6.01331
      vertex 7.31962 5.74641 5.92487
      vertex 6.97392 6.34382 5.72528
    endloop
  endfacet
  facet normal 0.0425902 0.338673 0.93994
    outer loop
      vertex 6.62632 6.16556 5.86272
      vertex 6.95359 5.6 6.05167
      vertex 6.80373 6.26642 5.81834
    endloop
  endfacet
  facet normal 0.0425934 0.338674 0.939939
    outer loop
      vertex 6.95359 5.6 6.05167
      vertex 7.14142 5.68284 6.01331
      vertex 6.80373 6.26642 5.81834
    endloop
  endfacet
  facet normal -0.185765 0.212984 0.959234
    outer loop
      vertex 6.4538 6.0481 5.85539
      vertex 6.76892 5.50353 6.03733
      vertex 6.62632 6.16556 5.86272
    endloop
  endfacet
  facet normal -0.18575 0.212988 0.959236
    outer loop
      vertex 6.76892 5.50353 6.03733
      vertex 6.95359 5.6 6.05167
      vertex 6.62632 6.16556 5.86272
    endloop
  endfacet
  facet normal -0.401494 0.0726832 0.912973
    outer loop
      vertex 6.29791 5.92205 5.79687
      vertex 6.6 5.4 5.97128
      vertex 6.4538 6.0481 5.85539
    endloop
  endfacet
  facet normal -0.401522 0.0726748 0.912961
    outer loop
      vertex 6.6 5.4 5.97128
      vertex 6.76892 5.50353 6.03733
      vertex 6.4538 6.0481 5.85539
    endloop
  endfacet
  facet normal -0.589892 -0.0726672 0.804206
    outer loop
      vertex 6.16928 5.79601 5.69113
      vertex 6.45834 5.29647 5.85802
      vertex 6.29791 5.92205 5.79687
    endloop
  endfacet
  facet normal -0.589881 -0.0726635 0.804214
    outer loop
      vertex 6.45834 5.29647 5.85802
      vertex 6.6 5.4 5.97128
      vertex 6.29791 5.92205 5.79687
    endloop
  endfacet
  facet normal -0.73785 -0.212988 0.640479
    outer loop
      vertex 6.07667 5.67855 5.54538
      vertex 6.35359 5.2 5.70526
      vertex 6.16928 5.79601 5.69113
    endloop
  endfacet
  facet normal -0.737858 -0.212991 0.640468
    outer loop
      vertex 6.35359 5.2 5.70526
      vertex 6.45834 5.29647 5.85802
      vertex 6.16928 5.79601 5.69113
    endloop
  endfacet
  facet normal -0.835309 -0.338669 0.433084
    outer loop
      vertex 6.0264 5.57769 5.36955
      vertex 6.29289 5.11716 5.52341
      vertex 6.07667 5.67855 5.54538
    endloop
  endfacet
  facet normal -0.835304 -0.338668 0.433094
    outer loop
      vertex 6.29289 5.11716 5.52341
      vertex 6.35359 5.2 5.70526
      vertex 6.07667 5.67855 5.54538
    endloop
  endfacet
  facet normal -0.875703 -0.44111 0.196383
    outer loop
      vertex 6.0219 5.50029 5.17563
      vertex 6.28038 5.05359 5.32487
      vertex 6.0264 5.57769 5.36955
    endloop
  endfacet
  facet normal -0.875696 -0.441109 0.196415
    outer loop
      vertex 6.28038 5.05359 5.32487
      vertex 6.29289 5.11716 5.52341
      vertex 6.0264 5.57769 5.36955
    endloop
  endfacet
  facet normal -0.856461 -0.513442 -0.0533981
    outer loop
      vertex 6.06346 5.45164 4.97683
      vertex 6.31692 5.01363 5.12317
      vertex 6.0219 5.50029 5.17563
    endloop
  endfacet
  facet normal -0.856461 -0.513438 -0.0534363
    outer loop
      vertex 6.31692 5.01363 5.12317
      vertex 6.28038 5.05359 5.32487
      vertex 6.0219 5.50029 5.17563
    endloop
  endfacet
  facet normal -0.77906 -0.550829 -0.299421
    outer loop
      vertex 6.14826 5.43505 4.78671
      vertex 6.4 5 4.93205
      vertex 6.06346 5.45164 4.97683
    endloop
  endfacet
  facet normal -0.779069 -0.55084 -0.299378
    outer loop
      vertex 6.4 5 4.93205
      vertex 6.31692 5.01363 5.12317
      vertex 6.06346 5.45164 4.97683
    endloop
  endfacet
  facet normal -0.648841 -0.550847 -0.52495
    outer loop
      vertex 6.27051 5.45164 4.6182
      vertex 6.52397 5.01363 4.76454
      vertex 6.14826 5.43505 4.78671
    endloop
  endfacet
  facet normal -0.648821 -0.550827 -0.524996
    outer loop
      vertex 6.52397 5.01363 4.76454
      vertex 6.4 5 4.93205
      vertex 6.14826 5.43505 4.78671
    endloop
  endfacet
  facet normal -0.474466 -0.513434 -0.71503
    outer loop
      vertex 6.4219 5.50029 4.48281
      vertex 6.68038 5.05359 4.63205
      vertex 6.27051 5.45164 4.6182
    endloop
  endfacet
  facet normal -0.474482 -0.51345 -0.715007
    outer loop
      vertex 6.68038 5.05359 4.63205
      vertex 6.52397 5.01363 4.76454
      vertex 6.27051 5.45164 4.6182
    endloop
  endfacet
  facet normal -0.267735 -0.441092 -0.856596
    outer loop
      vertex 6.59209 5.57769 4.38976
      vertex 6.85858 5.11716 4.54361
      vertex 6.4219 5.50029 4.48281
    endloop
  endfacet
  facet normal -0.267756 -0.441113 -0.856578
    outer loop
      vertex 6.85858 5.11716 4.54361
      vertex 6.68038 5.05359 4.63205
      vertex 6.4219 5.50029 4.48281
    endloop
  endfacet
  facet normal -0.0425924 -0.338674 -0.939939
    outer loop
      vertex 6.76949 5.67855 4.34538
      vertex 7.04641 5.2 4.50526
      vertex 6.59209 5.57769 4.38976
    endloop
  endfacet
  facet normal -0.0425611 -0.33864 -0.939953
    outer loop
      vertex 7.04641 5.2 4.50526
      vertex 6.85858 5.11716 4.54361
      vertex 6.59209 5.57769 4.38976
    endloop
  endfacet
  facet normal 0.185714 -0.213006 -0.959239
    outer loop
      vertex 6.94202 5.79601 4.3527
      vertex 7.23108 5.29647 4.51959
      vertex 6.76949 5.67855 4.34538
    endloop
  endfacet
  facet normal 0.18571 -0.213011 -0.959238
    outer loop
      vertex 7.23108 5.29647 4.51959
      vertex 7.04641 5.2 4.50526
      vertex 6.76949 5.67855 4.34538
    endloop
  endfacet
  facet normal 0.401525 -0.072661 -0.912961
    outer loop
      vertex 7.09791 5.92205 4.41123
      vertex 7.4 5.4 4.58564
      vertex 6.94202 5.79601 4.3527
    endloop
  endfacet
  facet normal 0.401519 -0.0726693 -0.912963
    outer loop
      vertex 7.4 5.4 4.58564
      vertex 7.23108 5.29647 4.51959
      vertex 6.94202 5.79601 4.3527
    endloop
  endfacet
  facet normal 0.589892 0.0726617 -0.804206
    outer loop
      vertex 7.22654 6.0481 4.51697
      vertex 7.54166 5.50353 4.69891
      vertex 7.09791 5.92205 4.41123
    endloop
  endfacet
  facet normal 0.589906 0.0726847 -0.804194
    outer loop
      vertex 7.54166 5.50353 4.69891
      vertex 7.4 5.4 4.58564
      vertex 7.09791 5.92205 4.41123
    endloop
  endfacet
  facet normal 0.737867 0.213006 -0.640454
    outer loop
      vertex 7.31914 6.16556 4.66272
      vertex 7.64641 5.6 4.85167
      vertex 7.22654 6.0481 4.51697
    endloop
  endfacet
  facet normal 0.737859 0.212989 -0.640468
    outer loop
      vertex 7.64641 5.6 4.85167
      vertex 7.54166 5.50353 4.69891
      vertex 7.22654 6.0481 4.51697
    endloop
  endfacet
  facet normal 0.8353 0.338666 -0.433104
    outer loop
      vertex 7.36941 6.26642 4.83854
      vertex 7.70711 5.68284 5.03351
      vertex 7.31914 6.16556 4.66272
    endloop
  endfacet
  facet normal 0.835299 0.338659 -0.433112
    outer loop
      vertex 7.70711 5.68284 5.03351
      vertex 7.64641 5.6 4.85167
      vertex 7.31914 6.16556 4.66272
    endloop
  endfacet
  facet normal 0.875694 0.441108 -0.196427
    outer loop
      vertex 7.37392 6.34382 5.03246
      vertex 7.71962 5.74641 5.23205
      vertex 7.36941 6.26642 4.83854
    endloop
  endfacet
  facet normal 0.875693 0.441115 -0.196417
    outer loop
      vertex 7.71962 5.74641 5.23205
      vertex 7.70711 5.68284 5.03351
      vertex 7.36941 6.26642 4.83854
    endloop
  endfacet
  facet normal 0.856466 0.513435 0.053401
    outer loop
      vertex 7.33236 6.39247 5.23126
      vertex 7.68308 5.78637 5.43375
      vertex 7.37392 6.34382 5.03246
    endloop
  endfacet
  facet normal 0.856454 0.513451 0.0534325
    outer loop
      vertex 7.68308 5.78637 5.43375
      vertex 7.71962 5.74641 5.23205
      vertex 7.37392 6.34382 5.03246
    endloop
  endfacet
  facet normal 0.779059 0.55084 0.299404
    outer loop
      vertex 7.24756 6.40906 5.42139
      vertex 7.6 5.8 5.62487
      vertex 7.33236 6.39247 5.23126
    endloop
  endfacet
  facet normal 0.779074 0.550831 0.299381
    outer loop
      vertex 7.6 5.8 5.62487
      vertex 7.68308 5.78637 5.43375
      vertex 7.33236 6.39247 5.23126
    endloop
  endfacet
  facet normal 0.704971 0.438527 0.557414
    outer loop
      vertex 7.47603 5.78637 5.79238
      vertex 7.75524 5.1326 5.95359
      vertex 7.6 5.8 5.62487
    endloop
  endfacet
  facet normal 0.70498 0.438524 0.557404
    outer loop
      vertex 7.75524 5.1326 5.95359
      vertex 7.88058 5.14303 5.78686
      vertex 7.6 5.8 5.62487
    endloop
  endfacet
  facet normal 0.526836 0.408745 0.745233
    outer loop
      vertex 7.31962 5.74641 5.92487
      vertex 7.59482 5.10201 6.08376
      vertex 7.47603 5.78637 5.79238
    endloop
  endfacet
  facet normal 0.526788 0.40875 0.745264
    outer loop
      vertex 7.59482 5.10201 6.08376
      vertex 7.75524 5.1326 5.95359
      vertex 7.47603 5.78637 5.79238
    endloop
  endfacet
  facet normal 0.312729 0.351168 0.882543
    outer loop
      vertex 7.14142 5.68284 6.01331
      vertex 7.41026 5.05336 6.16852
      vertex 7.31962 5.74641 5.92487
    endloop
  endfacet
  facet normal 0.312742 0.351168 0.882538
    outer loop
      vertex 7.41026 5.05336 6.16852
      vertex 7.59482 5.10201 6.08376
      vertex 7.31962 5.74641 5.92487
    endloop
  endfacet
  facet normal 0.0771229 0.269614 0.959875
    outer loop
      vertex 6.95359 5.6 6.05167
      vertex 7.21413 4.98995 6.20209
      vertex 7.14142 5.68284 6.01331
    endloop
  endfacet
  facet normal 0.0771262 0.269614 0.959875
    outer loop
      vertex 7.21413 4.98995 6.20209
      vertex 7.41026 5.05336 6.16852
      vertex 7.14142 5.68284 6.01331
    endloop
  endfacet
  facet normal -0.164036 0.169558 0.971773
    outer loop
      vertex 6.76892 5.50353 6.03733
      vertex 7.01979 4.91612 6.18217
      vertex 6.95359 5.6 6.05167
    endloop
  endfacet
  facet normal -0.164023 0.169559 0.971775
    outer loop
      vertex 7.01979 4.91612 6.18217
      vertex 7.21413 4.98995 6.20209
      vertex 6.95359 5.6 6.05167
    endloop
  endfacet
  facet normal -0.394109 0.0578487 0.917241
    outer loop
      vertex 6.6 5.4 5.97128
      vertex 6.8405 4.83688 6.11013
      vertex 6.76892 5.50353 6.03733
    endloop
  endfacet
  facet normal -0.394119 0.0578472 0.917237
    outer loop
      vertex 6.8405 4.83688 6.11013
      vertex 7.01979 4.91612 6.18217
      vertex 6.76892 5.50353 6.03733
    endloop
  endfacet
  facet normal -0.59729 -0.0578453 0.799937
    outer loop
      vertex 6.45834 5.29647 5.85802
      vertex 6.68846 4.75764 5.99088
      vertex 6.6 5.4 5.97128
    endloop
  endfacet
  facet normal -0.597277 -0.0578433 0.799946
    outer loop
      vertex 6.68846 4.75764 5.99088
      vertex 6.8405 4.83688 6.11013
      vertex 6.6 5.4 5.97128
    endloop
  endfacet
  facet normal -0.759569 -0.169569 0.627934
    outer loop
      vertex 6.35359 5.2 5.70526
      vertex 6.57404 4.68381 5.83253
      vertex 6.45834 5.29647 5.85802
    endloop
  endfacet
  facet normal -0.759582 -0.169571 0.627918
    outer loop
      vertex 6.57404 4.68381 5.83253
      vertex 6.68846 4.75764 5.99088
      vertex 6.45834 5.29647 5.85802
    endloop
  endfacet
  facet normal -0.869829 -0.269617 0.413163
    outer loop
      vertex 6.29289 5.11716 5.52341
      vertex 6.50505 4.6204 5.6459
      vertex 6.35359 5.2 5.70526
    endloop
  endfacet
  facet normal -0.869835 -0.269617 0.413151
    outer loop
      vertex 6.50505 4.6204 5.6459
      vertex 6.57404 4.68381 5.83253
      vertex 6.35359 5.2 5.70526
    endloop
  endfacet
  facet normal -0.920663 -0.351178 0.170454
    outer loop
      vertex 6.28038 5.05359 5.32487
      vertex 6.48617 4.57175 5.44368
      vertex 6.29289 5.11716 5.52341
    endloop
  endfacet
  facet normal -0.920665 -0.351177 0.170443
    outer loop
      vertex 6.48617 4.57175 5.44368
      vertex 6.50505 4.6204 5.6459
      vertex 6.29289 5.11716 5.52341
    endloop
  endfacet
  facet normal -0.908799 -0.408761 -0.083656
    outer loop
      vertex 6.31692 5.01363 5.12317
      vertex 6.5187 4.54117 5.23967
      vertex 6.28038 5.05359 5.32487
    endloop
  endfacet
  facet normal -0.908799 -0.408764 -0.0836392
    outer loop
      vertex 6.5187 4.54117 5.23967
      vertex 6.48617 4.57175 5.44368
      vertex 6.28038 5.05359 5.32487
    endloop
  endfacet
  facet normal -0.835232 -0.438514 -0.331803
    outer loop
      vertex 6.4 5 4.93205
      vertex 6.60041 4.53073 5.04776
      vertex 6.31692 5.01363 5.12317
    endloop
  endfacet
  facet normal -0.83524 -0.438525 -0.331766
    outer loop
      vertex 6.60041 4.53073 5.04776
      vertex 6.5187 4.54117 5.23967
      vertex 6.31692 5.01363 5.12317
    endloop
  endfacet
  facet normal -0.70497 -0.438529 -0.557413
    outer loop
      vertex 6.52397 5.01363 4.76454
      vertex 6.72575 4.54117 4.88104
      vertex 6.4 5 4.93205
    endloop
  endfacet
  facet normal -0.704955 -0.438515 -0.557444
    outer loop
      vertex 6.72575 4.54117 4.88104
      vertex 6.60041 4.53073 5.04776
      vertex 6.4 5 4.93205
    endloop
  endfacet
  facet normal -0.526829 -0.40876 -0.745229
    outer loop
      vertex 6.68038 5.05359 4.63205
      vertex 6.88617 4.57175 4.75086
      vertex 6.52397 5.01363 4.76454
    endloop
  endfacet
  facet normal -0.52683 -0.40876 -0.745229
    outer loop
      vertex 6.88617 4.57175 4.75086
      vertex 6.72575 4.54117 4.88104
      vertex 6.52397 5.01363 4.76454
    endloop
  endfacet
  facet normal -0.312728 -0.351171 -0.882542
    outer loop
      vertex 6.85858 5.11716 4.54361
      vertex 7.07073 4.6204 4.6661
      vertex 6.68038 5.05359 4.63205
    endloop
  endfacet
  facet normal -0.312737 -0.351179 -0.882535
    outer loop
      vertex 7.07073 4.6204 4.6661
      vertex 6.88617 4.57175 4.75086
      vertex 6.68038 5.05359 4.63205
    endloop
  endfacet
  facet normal -0.0770857 -0.269587 -0.959886
    outer loop
      vertex 7.04641 5.2 4.50526
      vertex 7.26686 4.68381 4.63253
      vertex 6.85858 5.11716 4.54361
    endloop
  endfacet
  facet normal -0.0771239 -0.269621 -0.959873
    outer loop
      vertex 7.26686 4.68381 4.63253
      vertex 7.07073 4.6204 4.6661
      vertex 6.85858 5.11716 4.54361
    endloop
  endfacet
  facet normal 0.163993 -0.169575 -0.971777
    outer loop
      vertex 7.23108 5.29647 4.51959
      vertex 7.4612 4.75764 4.65245
      vertex 7.04641 5.2 4.50526
    endloop
  endfacet
  facet normal 0.16402 -0.16955 -0.971777
    outer loop
      vertex 7.4612 4.75764 4.65245
      vertex 7.26686 4.68381 4.63253
      vertex 7.04641 5.2 4.50526
    endloop
  endfacet
  facet normal 0.394109 -0.0578487 -0.917241
    outer loop
      vertex 7.4 5.4 4.58564
      vertex 7.6405 4.83688 4.72449
      vertex 7.23108 5.29647 4.51959
    endloop
  endfacet
  facet normal 0.394103 -0.057855 -0.917244
    outer loop
      vertex 7.6405 4.83688 4.72449
      vertex 7.4612 4.75764 4.65245
      vertex 7.23108 5.29647 4.51959
    endloop
  endfacet
  facet normal 0.597312 0.0578733 -0.799919
    outer loop
      vertex 7.54166 5.50353 4.69891
      vertex 7.79253 4.91612 4.84374
      vertex 7.4 5.4 4.58564
    endloop
  endfacet
  facet normal 0.597298 0.0578559 -0.79993
    outer loop
      vertex 7.79253 4.91612 4.84374
      vertex 7.6405 4.83688 4.72449
      vertex 7.4 5.4 4.58564
    endloop
  endfacet
  facet normal 0.75957 0.169567 -0.627933
    outer loop
      vertex 7.64641 5.6 4.85167
      vertex 7.90695 4.98995 5.00209
      vertex 7.54166 5.50353 4.69891
    endloop
  endfacet
  facet normal 0.759578 0.169581 -0.62792
    outer loop
      vertex 7.90695 4.98995 5.00209
      vertex 7.79253 4.91612 4.84374
      vertex 7.54166 5.50353 4.69891
    endloop
  endfacet
  facet normal 0.869831 0.269593 -0.413175
    outer loop
      vertex 7.70711 5.68284 5.03351
      vertex 7.97594 5.05336 5.18873
      vertex 7.64641 5.6 4.85167
    endloop
  endfacet
  facet normal 0.869841 0.269625 -0.413134
    outer loop
      vertex 7.97594 5.05336 5.18873
      vertex 7.90695 4.98995 5.00209
      vertex 7.64641 5.6 4.85167
    endloop
  endfacet
  facet normal 0.920671 0.351158 -0.170448
    outer loop
      vertex 7.71962 5.74641 5.23205
      vertex 7.99482 5.10201 5.39094
      vertex 7.70711 5.68284 5.03351
    endloop
  endfacet
  facet normal 0.920671 0.351158 -0.170447
    outer loop
      vertex 7.99482 5.10201 5.39094
      vertex 7.97594 5.05336 5.18873
      vertex 7.70711 5.68284 5.03351
    endloop
  endfacet
  facet normal 0.908796 0.408768 0.0836543
    outer loop
      vertex 7.68308 5.78637 5.43375
      vertex 7.9623 5.1326 5.59496
      vertex 7.71962 5.74641 5.23205
    endloop
  endfacet
  facet normal 0.908819 0.408732 0.0835786
    outer loop
      vertex 7.9623 5.1326 5.59496
      vertex 7.99482 5.10201 5.39094
      vertex 7.71962 5.74641 5.23205
    endloop
  endfacet
  facet normal 0.835228 0.438523 0.3318
    outer loop
      vertex 7.6 5.8 5.62487
      vertex 7.88058 5.14303 5.78686
      vertex 7.68308 5.78637 5.43375
    endloop
  endfacet
  facet normal 0.835207 0.438536 0.331835
    outer loop
      vertex 7.88058 5.14303 5.78686
      vertex 7.9623 5.1326 5.59496
      vertex 7.68308 5.78637 5.43375
    endloop
  endfacet
  facet normal 0.747965 0.318693 0.582222
    outer loop
      vertex 7.75524 5.1326 5.95359
      vertex 7.95816 4.44233 6.07074
      vertex 7.88058 5.14303 5.78686
    endloop
  endfacet
  facet normal 0.747952 0.318698 0.582237
    outer loop
      vertex 7.95816 4.44233 6.07074
      vertex 8.08449 4.44939 5.90459
      vertex 7.88058 5.14303 5.78686
    endloop
  endfacet
  facet normal 0.566854 0.297064 0.768394
    outer loop
      vertex 7.59482 5.10201 6.08376
      vertex 7.79483 4.42165 6.19924
      vertex 7.75524 5.1326 5.95359
    endloop
  endfacet
  facet normal 0.566899 0.297056 0.768364
    outer loop
      vertex 7.79483 4.42165 6.19924
      vertex 7.95816 4.44233 6.07074
      vertex 7.75524 5.1326 5.95359
    endloop
  endfacet
  facet normal 0.347162 0.255214 0.90241
    outer loop
      vertex 7.41026 5.05336 6.16852
      vertex 7.60564 4.38874 6.28132
      vertex 7.59482 5.10201 6.08376
    endloop
  endfacet
  facet normal 0.347121 0.255217 0.902425
    outer loop
      vertex 7.60564 4.38874 6.28132
      vertex 7.79483 4.42165 6.19924
      vertex 7.59482 5.10201 6.08376
    endloop
  endfacet
  facet normal 0.103554 0.195948 0.975131
    outer loop
      vertex 7.21413 4.98995 6.20209
      vertex 7.40347 4.34586 6.31141
      vertex 7.41026 5.05336 6.16852
    endloop
  endfacet
  facet normal 0.103573 0.195948 0.975129
    outer loop
      vertex 7.40347 4.34586 6.31141
      vertex 7.60564 4.38874 6.28132
      vertex 7.41026 5.05336 6.16852
    endloop
  endfacet
  facet normal -0.14741 0.123239 0.981368
    outer loop
      vertex 7.01979 4.91612 6.18217
      vertex 7.20211 4.29592 6.28744
      vertex 7.21413 4.98995 6.20209
    endloop
  endfacet
  facet normal -0.147388 0.123239 0.981371
    outer loop
      vertex 7.20211 4.29592 6.28744
      vertex 7.40347 4.34586 6.31141
      vertex 7.21413 4.98995 6.20209
    endloop
  endfacet
  facet normal -0.388449 0.0420414 0.920511
    outer loop
      vertex 6.8405 4.83688 6.11013
      vertex 7.01528 4.24233 6.21104
      vertex 7.01979 4.91612 6.18217
    endloop
  endfacet
  facet normal -0.388477 0.042041 0.920499
    outer loop
      vertex 7.01528 4.24233 6.21104
      vertex 7.20211 4.29592 6.28744
      vertex 7.01979 4.91612 6.18217
    endloop
  endfacet
  facet normal -0.60295 -0.04203 0.796671
    outer loop
      vertex 6.68846 4.75764 5.99088
      vertex 6.8557 4.18874 6.08744
      vertex 6.8405 4.83688 6.11013
    endloop
  endfacet
  facet normal -0.60294 -0.04203 0.796679
    outer loop
      vertex 6.8557 4.18874 6.08744
      vertex 7.01528 4.24233 6.21104
      vertex 6.8405 4.83688 6.11013
    endloop
  endfacet
  facet normal -0.776203 -0.123231 0.618322
    outer loop
      vertex 6.57404 4.68381 5.83253
      vertex 6.73426 4.1388 5.92504
      vertex 6.68846 4.75764 5.99088
    endloop
  endfacet
  facet normal -0.776201 -0.123231 0.618325
    outer loop
      vertex 6.73426 4.1388 5.92504
      vertex 6.8557 4.18874 6.08744
      vertex 6.68846 4.75764 5.99088
    endloop
  endfacet
  facet normal -0.896264 -0.195946 0.39789
    outer loop
      vertex 6.50505 4.6204 5.6459
      vertex 6.65923 4.09592 5.73491
      vertex 6.57404 4.68381 5.83253
    endloop
  endfacet
  facet normal -0.896268 -0.195945 0.397881
    outer loop
      vertex 6.65923 4.09592 5.73491
      vertex 6.73426 4.1388 5.92504
      vertex 6.57404 4.68381 5.83253
    endloop
  endfacet
  facet normal -0.95509 -0.255208 0.150569
    outer loop
      vertex 6.48617 4.57175 5.44368
      vertex 6.63572 4.06302 5.53003
      vertex 6.50505 4.6204 5.6459
    endloop
  endfacet
  facet normal -0.955088 -0.25521 0.150579
    outer loop
      vertex 6.63572 4.06302 5.53003
      vertex 6.65923 4.09592 5.73491
      vertex 6.50505 4.6204 5.6459
    endloop
  endfacet
  facet normal -0.948872 -0.297053 -0.106774
    outer loop
      vertex 6.5187 4.54117 5.23967
      vertex 6.66534 4.04233 5.32433
      vertex 6.48617 4.57175 5.44368
    endloop
  endfacet
  facet normal -0.948873 -0.297058 -0.106755
    outer loop
      vertex 6.66534 4.04233 5.32433
      vertex 6.63572 4.06302 5.53003
      vertex 6.48617 4.57175 5.44368
    endloop
  endfacet
  facet normal -0.87822 -0.318713 -0.356584
    outer loop
      vertex 6.60041 4.53073 5.04776
      vertex 6.74607 4.03528 5.13185
      vertex 6.5187 4.54117 5.23967
    endloop
  endfacet
  facet normal -0.878198 -0.318687 -0.356661
    outer loop
      vertex 6.74607 4.03528 5.13185
      vertex 6.66534 4.04233 5.32433
      vertex 6.5187 4.54117 5.23967
    endloop
  endfacet
  facet normal -0.747937 -0.318697 -0.582256
    outer loop
      vertex 6.72575 4.54117 4.88104
      vertex 6.8724 4.04233 4.9657
      vertex 6.60041 4.53073 5.04776
    endloop
  endfacet
  facet normal -0.747956 -0.318713 -0.582223
    outer loop
      vertex 6.8724 4.04233 4.9657
      vertex 6.74607 4.03528 5.13185
      vertex 6.60041 4.53073 5.04776
    endloop
  endfacet
  facet normal -0.566894 -0.297068 -0.768363
    outer loop
      vertex 6.88617 4.57175 4.75086
      vertex 7.03572 4.06302 4.83721
      vertex 6.72575 4.54117 4.88104
    endloop
  endfacet
  facet normal -0.56688 -0.297057 -0.768378
    outer loop
      vertex 7.03572 4.06302 4.83721
      vertex 6.8724 4.04233 4.9657
      vertex 6.72575 4.54117 4.88104
    endloop
  endfacet
  facet normal -0.347158 -0.255226 -0.902409
    outer loop
      vertex 7.07073 4.6204 4.6661
      vertex 7.22492 4.09592 4.75512
      vertex 6.88617 4.57175 4.75086
    endloop
  endfacet
  facet normal -0.347156 -0.255224 -0.90241
    outer loop
      vertex 7.22492 4.09592 4.75512
      vertex 7.03572 4.06302 4.83721
      vertex 6.88617 4.57175 4.75086
    endloop
  endfacet
  facet normal -0.10355 -0.19596 -0.975129
    outer loop
      vertex 7.26686 4.68381 4.63253
      vertex 7.42708 4.1388 4.72504
      vertex 7.07073 4.6204 4.6661
    endloop
  endfacet
  facet normal -0.103531 -0.195946 -0.975134
    outer loop
      vertex 7.42708 4.1388 4.72504
      vertex 7.22492 4.09592 4.75512
      vertex 7.07073 4.6204 4.6661
    endloop
  endfacet
  facet normal 0.147408 -0.123235 -0.981368
    outer loop
      vertex 7.4612 4.75764 4.65245
      vertex 7.62844 4.18874 4.74901
      vertex 7.26686 4.68381 4.63253
    endloop
  endfacet
  facet normal 0.14739 -0.123248 -0.981369
    outer loop
      vertex 7.62844 4.18874 4.74901
      vertex 7.42708 4.1388 4.72504
      vertex 7.26686 4.68381 4.63253
    endloop
  endfacet
  facet normal 0.388432 -0.0420473 -0.920517
    outer loop
      vertex 7.6405 4.83688 4.72449
      vertex 7.81528 4.24233 4.8254
      vertex 7.4612 4.75764 4.65245
    endloop
  endfacet
  facet normal 0.388421 -0.0420569 -0.920522
    outer loop
      vertex 7.81528 4.24233 4.8254
      vertex 7.62844 4.18874 4.74901
      vertex 7.4612 4.75764 4.65245
    endloop
  endfacet
  facet normal 0.602973 0.0420354 -0.796653
    outer loop
      vertex 7.79253 4.91612 4.84374
      vertex 7.97485 4.29592 4.94901
      vertex 7.6405 4.83688 4.72449
    endloop
  endfacet
  facet normal 0.60299 0.0420514 -0.79664
    outer loop
      vertex 7.97485 4.29592 4.94901
      vertex 7.81528 4.24233 4.8254
      vertex 7.6405 4.83688 4.72449
    endloop
  endfacet
  facet normal 0.7762 0.123241 -0.618324
    outer loop
      vertex 7.90695 4.98995 5.00209
      vertex 8.0963 4.34586 5.11141
      vertex 7.79253 4.91612 4.84374
    endloop
  endfacet
  facet normal 0.776181 0.123217 -0.618353
    outer loop
      vertex 8.0963 4.34586 5.11141
      vertex 7.97485 4.29592 4.94901
      vertex 7.79253 4.91612 4.84374
    endloop
  endfacet
  facet normal 0.896266 0.195963 -0.397875
    outer loop
      vertex 7.97594 5.05336 5.18873
      vertex 8.17133 4.38874 5.30153
      vertex 7.90695 4.98995 5.00209
    endloop
  endfacet
  facet normal 0.896259 0.195948 -0.397899
    outer loop
      vertex 8.17133 4.38874 5.30153
      vertex 8.0963 4.34586 5.11141
      vertex 7.90695 4.98995 5.00209
    endloop
  endfacet
  facet normal 0.955087 0.255215 -0.150577
    outer loop
      vertex 7.99482 5.10201 5.39094
      vertex 8.19483 4.42165 5.50642
      vertex 7.97594 5.05336 5.18873
    endloop
  endfacet
  facet normal 0.955088 0.255234 -0.150541
    outer loop
      vertex 8.19483 4.42165 5.50642
      vertex 8.17133 4.38874 5.30153
      vertex 7.97594 5.05336 5.18873
    endloop
  endfacet
  facet normal 0.948879 0.297054 0.106709
    outer loop
      vertex 7.9623 5.1326 5.59496
      vertex 8.16522 4.44233 5.71211
      vertex 7.99482 5.10201 5.39094
    endloop
  endfacet
  facet normal 0.948875 0.297062 0.106728
    outer loop
      vertex 8.16522 4.44233 5.71211
      vertex 8.19483 4.42165 5.50642
      vertex 7.99482 5.10201 5.39094
    endloop
  endfacet
  facet normal 0.878196 0.318698 0.356655
    outer loop
      vertex 7.88058 5.14303 5.78686
      vertex 8.08449 4.44939 5.90459
      vertex 7.9623 5.1326 5.59496
    endloop
  endfacet
  facet normal 0.878201 0.318695 0.356646
    outer loop
      vertex 8.08449 4.44939 5.90459
      vertex 8.16522 4.44233 5.71211
      vertex 7.9623 5.1326 5.59496
    endloop
  endfacet
  facet normal 0.777021 0.193434 0.599017
    outer loop
      vertex 7.95816 4.44233 6.07074
      vertex 8.08132 3.72739 6.14185
      vertex 8.08449 4.44939 5.90459
    endloop
  endfacet
  facet normal 0.777025 0.193433 0.599013
    outer loop
      vertex 8.08132 3.72739 6.14185
      vertex 8.20825 3.73095 5.97605
      vertex 8.08449 4.44939 5.90459
    endloop
  endfacet
  facet normal 0.59399 0.180297 0.784008
    outer loop
      vertex 7.79483 4.42165 6.19924
      vertex 7.91623 3.71696 6.26932
      vertex 7.95816 4.44233 6.07074
    endloop
  endfacet
  facet normal 0.593971 0.180302 0.784021
    outer loop
      vertex 7.91623 3.71696 6.26932
      vertex 8.08132 3.72739 6.14185
      vertex 7.95816 4.44233 6.07074
    endloop
  endfacet
  facet normal 0.370402 0.154902 0.915865
    outer loop
      vertex 7.60564 4.38874 6.28132
      vertex 7.72422 3.70036 6.34979
      vertex 7.79483 4.42165 6.19924
    endloop
  endfacet
  facet normal 0.370436 0.154896 0.915852
    outer loop
      vertex 7.72422 3.70036 6.34979
      vertex 7.91623 3.71696 6.26932
      vertex 7.79483 4.42165 6.19924
    endloop
  endfacet
  facet normal 0.121444 0.118932 0.985447
    outer loop
      vertex 7.40347 4.34586 6.31141
      vertex 7.5184 3.67874 6.37776
      vertex 7.60564 4.38874 6.28132
    endloop
  endfacet
  facet normal 0.121425 0.118935 0.985449
    outer loop
      vertex 7.5184 3.67874 6.37776
      vertex 7.72422 3.70036 6.34979
      vertex 7.60564 4.38874 6.28132
    endloop
  endfacet
  facet normal -0.136143 0.0747841 0.987863
    outer loop
      vertex 7.20211 4.29592 6.28744
      vertex 7.31277 3.65355 6.35132
      vertex 7.40347 4.34586 6.31141
    endloop
  endfacet
  facet normal -0.136181 0.0747887 0.987857
    outer loop
      vertex 7.31277 3.65355 6.35132
      vertex 7.5184 3.67874 6.37776
      vertex 7.40347 4.34586 6.31141
    endloop
  endfacet
  facet normal -0.384642 0.0255169 0.922713
    outer loop
      vertex 7.01528 4.24233 6.21104
      vertex 7.12136 3.62653 6.27229
      vertex 7.20211 4.29592 6.28744
    endloop
  endfacet
  facet normal -0.384584 0.0255093 0.922737
    outer loop
      vertex 7.12136 3.62653 6.27229
      vertex 7.31277 3.65355 6.35132
      vertex 7.20211 4.29592 6.28744
    endloop
  endfacet
  facet normal -0.606771 -0.0255202 0.794467
    outer loop
      vertex 6.8557 4.18874 6.08744
      vertex 6.95721 3.5995 6.14604
      vertex 7.01528 4.24233 6.21104
    endloop
  endfacet
  facet normal -0.606811 -0.0255136 0.794437
    outer loop
      vertex 6.95721 3.5995 6.14604
      vertex 7.12136 3.62653 6.27229
      vertex 7.01528 4.24233 6.21104
    endloop
  endfacet
  facet normal -0.78744 -0.0747984 0.611836
    outer loop
      vertex 6.73426 4.1388 5.92504
      vertex 6.8315 3.57432 5.98118
      vertex 6.8557 4.18874 6.08744
    endloop
  endfacet
  facet normal -0.787424 -0.0748025 0.611856
    outer loop
      vertex 6.8315 3.57432 5.98118
      vertex 6.95721 3.5995 6.14604
      vertex 6.8557 4.18874 6.08744
    endloop
  endfacet
  facet normal -0.914139 -0.118928 0.387564
    outer loop
      vertex 6.65923 4.09592 5.73491
      vertex 6.75281 3.55269 5.78894
      vertex 6.73426 4.1388 5.92504
    endloop
  endfacet
  facet normal -0.914138 -0.118928 0.387567
    outer loop
      vertex 6.75281 3.55269 5.78894
      vertex 6.8315 3.57432 5.98118
      vertex 6.73426 4.1388 5.92504
    endloop
  endfacet
  facet normal -0.978366 -0.154897 0.137141
    outer loop
      vertex 6.63572 4.06302 5.53003
      vertex 6.72649 3.53609 5.58243
      vertex 6.65923 4.09592 5.73491
    endloop
  endfacet
  facet normal -0.978365 -0.154898 0.137145
    outer loop
      vertex 6.72649 3.53609 5.58243
      vertex 6.75281 3.55269 5.78894
      vertex 6.65923 4.09592 5.73491
    endloop
  endfacet
  facet normal -0.975968 -0.180292 -0.122401
    outer loop
      vertex 6.66534 4.04233 5.32433
      vertex 6.75434 3.52566 5.37572
      vertex 6.63572 4.06302 5.53003
    endloop
  endfacet
  facet normal -0.975968 -0.180294 -0.122395
    outer loop
      vertex 6.75434 3.52566 5.37572
      vertex 6.72649 3.53609 5.58243
      vertex 6.63572 4.06302 5.53003
    endloop
  endfacet
  facet normal -0.907264 -0.193426 -0.37344
    outer loop
      vertex 6.74607 4.03528 5.13185
      vertex 6.83447 3.5221 5.18289
      vertex 6.66534 4.04233 5.32433
    endloop
  endfacet
  facet normal -0.907264 -0.193426 -0.37344
    outer loop
      vertex 6.83447 3.5221 5.18289
      vertex 6.75434 3.52566 5.37572
      vertex 6.66534 4.04233 5.32433
    endloop
  endfacet
  facet normal -0.777028 -0.193428 -0.59901
    outer loop
      vertex 6.8724 4.04233 4.9657
      vertex 6.9614 3.52566 5.01709
      vertex 6.74607 4.03528 5.13185
    endloop
  endfacet
  facet normal -0.777026 -0.193427 -0.599014
    outer loop
      vertex 6.9614 3.52566 5.01709
      vertex 6.83447 3.5221 5.18289
      vertex 6.74607 4.03528 5.13185
    endloop
  endfacet
  facet normal -0.593978 -0.180286 -0.78402
    outer loop
      vertex 7.03572 4.06302 4.83721
      vertex 7.12649 3.53609 4.88961
      vertex 6.8724 4.04233 4.9657
    endloop
  endfacet
  facet normal -0.594001 -0.1803 -0.783999
    outer loop
      vertex 7.12649 3.53609 4.88961
      vertex 6.9614 3.52566 5.01709
      vertex 6.8724 4.04233 4.9657
    endloop
  endfacet
  facet normal -0.370434 -0.154898 -0.915852
    outer loop
      vertex 7.22492 4.09592 4.75512
      vertex 7.31849 3.55269 4.80915
      vertex 7.03572 4.06302 4.83721
    endloop
  endfacet
  facet normal -0.370413 -0.154885 -0.915863
    outer loop
      vertex 7.31849 3.55269 4.80915
      vertex 7.12649 3.53609 4.88961
      vertex 7.03572 4.06302 4.83721
    endloop
  endfacet
  facet normal -0.121404 -0.118921 -0.985454
    outer loop
      vertex 7.42708 4.1388 4.72504
      vertex 7.52432 3.57432 4.78118
      vertex 7.22492 4.09592 4.75512
    endloop
  endfacet
  facet normal -0.121414 -0.118927 -0.985452
    outer loop
      vertex 7.52432 3.57432 4.78118
      vertex 7.31849 3.55269 4.80915
      vertex 7.22492 4.09592 4.75512
    endloop
  endfacet
  facet normal 0.136144 -0.0747891 -0.987862
    outer loop
      vertex 7.62844 4.18874 4.74901
      vertex 7.72995 3.5995 4.80761
      vertex 7.42708 4.1388 4.72504
    endloop
  endfacet
  facet normal 0.136131 -0.0747967 -0.987863
    outer loop
      vertex 7.72995 3.5995 4.80761
      vertex 7.52432 3.57432 4.78118
      vertex 7.42708 4.1388 4.72504
    endloop
  endfacet
  facet normal 0.384585 -0.025529 -0.922736
    outer loop
      vertex 7.81528 4.24233 4.8254
      vertex 7.92136 3.62653 4.88665
      vertex 7.62844 4.18874 4.74901
    endloop
  endfacet
  facet normal 0.384626 -0.0255041 -0.92272
    outer loop
      vertex 7.92136 3.62653 4.88665
      vertex 7.72995 3.5995 4.80761
      vertex 7.62844 4.18874 4.74901
    endloop
  endfacet
  facet normal 0.606825 0.0255234 -0.794425
    outer loop
      vertex 7.97485 4.29592 4.94901
      vertex 8.08551 3.65355 5.0129
      vertex 7.81528 4.24233 4.8254
    endloop
  endfacet
  facet normal 0.606812 0.0255138 -0.794436
    outer loop
      vertex 8.08551 3.65355 5.0129
      vertex 7.92136 3.62653 4.88665
      vertex 7.81528 4.24233 4.8254
    endloop
  endfacet
  facet normal 0.787418 0.0747884 -0.611865
    outer loop
      vertex 8.0963 4.34586 5.11141
      vertex 8.21122 3.67874 5.17776
      vertex 7.97485 4.29592 4.94901
    endloop
  endfacet
  facet normal 0.787423 0.0747927 -0.611859
    outer loop
      vertex 8.21122 3.67874 5.17776
      vertex 8.08551 3.65355 5.0129
      vertex 7.97485 4.29592 4.94901
    endloop
  endfacet
  facet normal 0.914133 0.118923 -0.38758
    outer loop
      vertex 8.17133 4.38874 5.30153
      vertex 8.28991 3.70036 5.36999
      vertex 8.0963 4.34586 5.11141
    endloop
  endfacet
  facet normal 0.914133 0.118924 -0.387579
    outer loop
      vertex 8.28991 3.70036 5.36999
      vertex 8.21122 3.67874 5.17776
      vertex 8.0963 4.34586 5.11141
    endloop
  endfacet
  facet normal 0.978369 0.154914 -0.137097
    outer loop
      vertex 8.19483 4.42165 5.50642
      vertex 8.31623 3.71696 5.5765
      vertex 8.17133 4.38874 5.30153
    endloop
  endfacet
  facet normal 0.978366 0.154894 -0.137145
    outer loop
      vertex 8.31623 3.71696 5.5765
      vertex 8.28991 3.70036 5.36999
      vertex 8.17133 4.38874 5.30153
    endloop
  endfacet
  facet normal 0.975973 0.180285 0.12237
    outer loop
      vertex 8.16522 4.44233 5.71211
      vertex 8.28837 3.72739 5.78322
      vertex 8.19483 4.42165 5.50642
    endloop
  endfacet
  facet normal 0.97596 0.180309 0.122434
    outer loop
      vertex 8.28837 3.72739 5.78322
      vertex 8.31623 3.71696 5.5765
      vertex 8.19483 4.42165 5.50642
    endloop
  endfacet
  facet normal 0.907267 0.193431 0.373431
    outer loop
      vertex 8.08449 4.44939 5.90459
      vertex 8.20825 3.73095 5.97605
      vertex 8.16522 4.44233 5.71211
    endloop
  endfacet
  facet normal 0.907282 0.193421 0.373401
    outer loop
      vertex 8.20825 3.73095 5.97605
      vertex 8.28837 3.72739 5.78322
      vertex 8.16522 4.44233 5.71211
    endloop
  endfacet
  facet normal 0.791686 0.0648496 0.607476
    outer loop
      vertex 8.08132 3.72739 6.14185
      vertex 8.12261 3 6.16569
      vertex 8.20825 3.73095 5.97605
    endloop
  endfacet
  facet normal 0.791703 0.0648421 0.607455
    outer loop
      vertex 8.12261 3 6.16569
      vertex 8.24974 3 6
      vertex 8.20825 3.73095 5.97605
    endloop
  endfacet
  facet normal 0.607636 0.0604422 0.791912
    outer loop
      vertex 7.91623 3.71696 6.26932
      vertex 7.95692 3 6.29282
      vertex 8.08132 3.72739 6.14185
    endloop
  endfacet
  facet normal 0.607623 0.0604465 0.791922
    outer loop
      vertex 7.95692 3 6.29282
      vertex 8.12261 3 6.16569
      vertex 8.08132 3.72739 6.14185
    endloop
  endfacet
  facet normal 0.382177 0.05193 0.922629
    outer loop
      vertex 7.72422 3.70036 6.34979
      vertex 7.76398 3 6.37274
      vertex 7.91623 3.71696 6.26932
    endloop
  endfacet
  facet normal 0.382174 0.051931 0.92263
    outer loop
      vertex 7.76398 3 6.37274
      vertex 7.95692 3 6.29282
      vertex 7.91623 3.71696 6.26932
    endloop
  endfacet
  facet normal 0.130438 0.039863 0.990655
    outer loop
      vertex 7.5184 3.67874 6.37776
      vertex 7.55692 3 6.4
      vertex 7.72422 3.70036 6.34979
    endloop
  endfacet
  facet normal 0.130423 0.0398669 0.990657
    outer loop
      vertex 7.55692 3 6.4
      vertex 7.76398 3 6.37274
      vertex 7.72422 3.70036 6.34979
    endloop
  endfacet
  facet normal -0.130512 0.0250754 0.99113
    outer loop
      vertex 7.31277 3.65355 6.35132
      vertex 7.34987 3 6.37274
      vertex 7.5184 3.67874 6.37776
    endloop
  endfacet
  facet normal -0.130492 0.0250704 0.991132
    outer loop
      vertex 7.34987 3 6.37274
      vertex 7.55692 3 6.4
      vertex 7.5184 3.67874 6.37776
    endloop
  endfacet
  facet normal -0.382651 0.00855447 0.923853
    outer loop
      vertex 7.12136 3.62653 6.27229
      vertex 7.15692 3 6.29282
      vertex 7.31277 3.65355 6.35132
    endloop
  endfacet
  facet normal -0.382659 0.00855667 0.92385
    outer loop
      vertex 7.15692 3 6.29282
      vertex 7.34987 3 6.37274
      vertex 7.31277 3.65355 6.35132
    endloop
  endfacet
  facet normal -0.608745 -0.00855188 0.79332
    outer loop
      vertex 6.95721 3.5995 6.14604
      vertex 6.99124 3 6.16569
      vertex 7.12136 3.62653 6.27229
    endloop
  endfacet
  facet normal -0.608737 -0.00855458 0.793326
    outer loop
      vertex 6.99124 3 6.16569
      vertex 7.15692 3 6.29282
      vertex 7.12136 3.62653 6.27229
    endloop
  endfacet
  facet normal -0.793093 -0.0250754 0.608584
    outer loop
      vertex 6.8315 3.57432 5.98118
      vertex 6.8641 3 6
      vertex 6.95721 3.5995 6.14604
    endloop
  endfacet
  facet normal -0.7931 -0.0250721 0.608575
    outer loop
      vertex 6.8641 3 6
      vertex 6.99124 3 6.16569
      vertex 6.95721 3.5995 6.14604
    endloop
  endfacet
  facet normal -0.923153 -0.0398613 0.382361
    outer loop
      vertex 6.75281 3.55269 5.78894
      vertex 6.78418 3 5.80706
      vertex 6.8315 3.57432 5.98118
    endloop
  endfacet
  facet normal -0.923142 -0.0398696 0.382386
    outer loop
      vertex 6.78418 3 5.80706
      vertex 6.8641 3 6
      vertex 6.8315 3.57432 5.98118
    endloop
  endfacet
  facet normal -0.990105 -0.0519286 0.130365
    outer loop
      vertex 6.72649 3.53609 5.58243
      vertex 6.75692 3 5.6
      vertex 6.75281 3.55269 5.78894
    endloop
  endfacet
  facet normal -0.990107 -0.0519237 0.13035
    outer loop
      vertex 6.75692 3 5.6
      vertex 6.78418 3 5.80706
      vertex 6.75281 3.55269 5.78894
    endloop
  endfacet
  facet normal -0.989633 -0.0604461 -0.130283
    outer loop
      vertex 6.75434 3.52566 5.37572
      vertex 6.78418 3 5.39294
      vertex 6.72649 3.53609 5.58243
    endloop
  endfacet
  facet normal -0.989632 -0.0604444 -0.130288
    outer loop
      vertex 6.78418 3 5.39294
      vertex 6.75692 3 5.6
      vertex 6.72649 3.53609 5.58243
    endloop
  endfacet
  facet normal -0.921924 -0.0648363 -0.381906
    outer loop
      vertex 6.83447 3.5221 5.18289
      vertex 6.8641 3 5.2
      vertex 6.75434 3.52566 5.37572
    endloop
  endfacet
  facet normal -0.921932 -0.0648452 -0.381885
    outer loop
      vertex 6.8641 3 5.2
      vertex 6.78418 3 5.39294
      vertex 6.75434 3.52566 5.37572
    endloop
  endfacet
  facet normal -0.791687 -0.0648417 -0.607477
    outer loop
      vertex 6.9614 3.52566 5.01709
      vertex 6.99124 3 5.03431
      vertex 6.83447 3.5221 5.18289
    endloop
  endfacet
  facet normal -0.79168 -0.0648373 -0.607485
    outer loop
      vertex 6.99124 3 5.03431
      vertex 6.8641 3 5.2
      vertex 6.83447 3.5221 5.18289
    endloop
  endfacet
  facet normal -0.607666 -0.0604465 -0.791889
    outer loop
      vertex 7.12649 3.53609 4.88961
      vertex 7.15692 3 4.90718
      vertex 6.9614 3.52566 5.01709
    endloop
  endfacet
  facet normal -0.607646 -0.060436 -0.791905
    outer loop
      vertex 7.15692 3 4.90718
      vertex 6.99124 3 5.03431
      vertex 6.9614 3.52566 5.01709
    endloop
  endfacet
  facet normal -0.382154 -0.0519296 -0.922639
    outer loop
      vertex 7.31849 3.55269 4.80915
      vertex 7.34987 3 4.82726
      vertex 7.12649 3.53609 4.88961
    endloop
  endfacet
  facet normal -0.382157 -0.0519311 -0.922637
    outer loop
      vertex 7.34987 3 4.82726
      vertex 7.15692 3 4.90718
      vertex 7.12649 3.53609 4.88961
    endloop
  endfacet
  facet normal -0.13043 -0.0398665 -0.990656
    outer loop
      vertex 7.52432 3.57432 4.78118
      vertex 7.55692 3 4.8
      vertex 7.31849 3.55269 4.80915
    endloop
  endfacet
  facet normal -0.130429 -0.0398662 -0.990656
    outer loop
      vertex 7.55692 3 4.8
      vertex 7.34987 3 4.82726
      vertex 7.31849 3.55269 4.80915
    endloop
  endfacet
  facet normal 0.130464 -0.0250811 -0.991136
    outer loop
      vertex 7.72995 3.5995 4.80761
      vertex 7.76398 3 4.82726
      vertex 7.52432 3.57432 4.78118
    endloop
  endfacet
  facet normal 0.130485 -0.0250719 -0.991133
    outer loop
      vertex 7.76398 3 4.82726
      vertex 7.55692 3 4.8
      vertex 7.52432 3.57432 4.78118
    endloop
  endfacet
  facet normal 0.382692 -0.00855157 -0.923836
    outer loop
      vertex 7.92136 3.62653 4.88665
      vertex 7.95692 3 4.90718
      vertex 7.72995 3.5995 4.80761
    endloop
  endfacet
  facet normal 0.382676 -0.00855888 -0.923843
    outer loop
      vertex 7.95692 3 4.90718
      vertex 7.76398 3 4.82726
      vertex 7.72995 3.5995 4.80761
    endloop
  endfacet
  facet normal 0.608744 0.00856765 -0.793321
    outer loop
      vertex 8.08551 3.65355 5.0129
      vertex 8.12261 3 5.03431
      vertex 7.92136 3.62653 4.88665
    endloop
  endfacet
  facet normal 0.608714 0.00855269 -0.793344
    outer loop
      vertex 8.12261 3 5.03431
      vertex 7.95692 3 4.90718
      vertex 7.92136 3.62653 4.88665
    endloop
  endfacet
  facet normal 0.793093 0.0250686 -0.608584
    outer loop
      vertex 8.21122 3.67874 5.17776
      vertex 8.24974 3 5.2
      vertex 8.08551 3.65355 5.0129
    endloop
  endfacet
  facet normal 0.793123 0.0250875 -0.608544
    outer loop
      vertex 8.24974 3 5.2
      vertex 8.12261 3 5.03431
      vertex 8.08551 3.65355 5.0129
    endloop
  endfacet
  facet normal 0.923146 0.0398645 -0.382377
    outer loop
      vertex 8.28991 3.70036 5.36999
      vertex 8.32966 3 5.39294
      vertex 8.21122 3.67874 5.17776
    endloop
  endfacet
  facet normal 0.923143 0.0398609 -0.382386
    outer loop
      vertex 8.32966 3 5.39294
      vertex 8.24974 3 5.2
      vertex 8.21122 3.67874 5.17776
    endloop
  endfacet
  facet normal 0.990106 0.051919 -0.130364
    outer loop
      vertex 8.31623 3.71696 5.5765
      vertex 8.35692 3 5.6
      vertex 8.28991 3.70036 5.36999
    endloop
  endfacet
  facet normal 0.990107 0.0519236 -0.13035
    outer loop
      vertex 8.35692 3 5.6
      vertex 8.32966 3 5.39294
      vertex 8.28991 3.70036 5.36999
    endloop
  endfacet
  facet normal 0.989627 0.0604471 0.130324
    outer loop
      vertex 8.28837 3.72739 5.78322
      vertex 8.32966 3 5.80706
      vertex 8.31623 3.71696 5.5765
    endloop
  endfacet
  facet normal 0.989633 0.0604356 0.130288
    outer loop
      vertex 8.32966 3 5.80706
      vertex 8.35692 3 5.6
      vertex 8.31623 3.71696 5.5765
    endloop
  endfacet
  facet normal 0.921941 0.064843 0.381865
    outer loop
      vertex 8.20825 3.73095 5.97605
      vertex 8.24974 3 6
      vertex 8.28837 3.72739 5.78322
    endloop
  endfacet
  facet normal 0.921932 0.0648493 0.381885
    outer loop
      vertex 8.24974 3 6
      vertex 8.32966 3 5.80706
      vertex 8.28837 3.72739 5.78322
    endloop
  endfacet
  facet normal 0.791703 -0.0648498 0.607455
    outer loop
      vertex 8.12261 3 6.16569
      vertex 8.08132 2.27261 6.14185
      vertex 8.24974 3 6
    endloop
  endfacet
  facet normal 0.791687 -0.0648418 0.607477
    outer loop
      vertex 8.08132 2.27261 6.14185
      vertex 8.20825 2.26905 5.97605
      vertex 8.24974 3 6
    endloop
  endfacet
  facet normal 0.607623 -0.0604418 0.791922
    outer loop
      vertex 7.95692 3 6.29282
      vertex 7.91623 2.28304 6.26932
      vertex 8.12261 3 6.16569
    endloop
  endfacet
  facet normal 0.607636 -0.0604469 0.791912
    outer loop
      vertex 7.91623 2.28304 6.26932
      vertex 8.08132 2.27261 6.14185
      vertex 8.12261 3 6.16569
    endloop
  endfacet
  facet normal 0.382174 -0.0519299 0.92263
    outer loop
      vertex 7.76398 3 6.37274
      vertex 7.72422 2.29964 6.34979
      vertex 7.95692 3 6.29282
    endloop
  endfacet
  facet normal 0.382177 -0.0519312 0.922629
    outer loop
      vertex 7.72422 2.29964 6.34979
      vertex 7.91623 2.28304 6.26932
      vertex 7.95692 3 6.29282
    endloop
  endfacet
  facet normal 0.130423 -0.0398622 0.990657
    outer loop
      vertex 7.55692 3 6.4
      vertex 7.5184 2.32126 6.37776
      vertex 7.76398 3 6.37274
    endloop
  endfacet
  facet normal 0.130438 -0.0398677 0.990655
    outer loop
      vertex 7.5184 2.32126 6.37776
      vertex 7.72422 2.29964 6.34979
      vertex 7.76398 3 6.37274
    endloop
  endfacet
  facet normal -0.130491 -0.0250766 0.991132
    outer loop
      vertex 7.34987 3 6.37274
      vertex 7.31277 2.34645 6.35132
      vertex 7.55692 3 6.4
    endloop
  endfacet
  facet normal -0.130511 -0.0250692 0.99113
    outer loop
      vertex 7.31277 2.34645 6.35132
      vertex 7.5184 2.32126 6.37776
      vertex 7.55692 3 6.4
    endloop
  endfacet
  facet normal -0.382659 -0.00855391 0.92385
    outer loop
      vertex 7.15692 3 6.29282
      vertex 7.12136 2.37347 6.27229
      vertex 7.34987 3 6.37274
    endloop
  endfacet
  facet normal -0.382652 -0.00855721 0.923853
    outer loop
      vertex 7.12136 2.37347 6.27229
      vertex 7.31277 2.34645 6.35132
      vertex 7.34987 3 6.37274
    endloop
  endfacet
  facet normal -0.608737 0.00855123 0.793326
    outer loop
      vertex 6.99124 3 6.16569
      vertex 6.95721 2.4005 6.14604
      vertex 7.15692 3 6.29282
    endloop
  endfacet
  facet normal -0.608745 0.00855521 0.79332
    outer loop
      vertex 6.95721 2.4005 6.14604
      vertex 7.12136 2.37347 6.27229
      vertex 7.15692 3 6.29282
    endloop
  endfacet
  facet normal -0.7931 0.0250761 0.608575
    outer loop
      vertex 6.8641 3 6
      vertex 6.8315 2.42568 5.98118
      vertex 6.99124 3 6.16569
    endloop
  endfacet
  facet normal -0.793094 0.0250714 0.608584
    outer loop
      vertex 6.8315 2.42568 5.98118
      vertex 6.95721 2.4005 6.14604
      vertex 6.99124 3 6.16569
    endloop
  endfacet
  facet normal -0.923143 0.0398599 0.382386
    outer loop
      vertex 6.78418 3 5.80706
      vertex 6.75281 2.44731 5.78894
      vertex 6.8641 3 6
    endloop
  endfacet
  facet normal -0.923152 0.039871 0.382362
    outer loop
      vertex 6.75281 2.44731 5.78894
      vertex 6.8315 2.42568 5.98118
      vertex 6.8641 3 6
    endloop
  endfacet
  facet normal -0.990107 0.0519292 0.13035
    outer loop
      vertex 6.75692 3 5.6
      vertex 6.72649 2.46391 5.58243
      vertex 6.78418 3 5.80706
    endloop
  endfacet
  facet normal -0.990106 0.0519232 0.130364
    outer loop
      vertex 6.72649 2.46391 5.58243
      vertex 6.75281 2.44731 5.78894
      vertex 6.78418 3 5.80706
    endloop
  endfacet
  facet normal -0.989632 0.0604462 -0.130288
    outer loop
      vertex 6.78418 3 5.39294
      vertex 6.75434 2.47434 5.37572
      vertex 6.75692 3 5.6
    endloop
  endfacet
  facet normal -0.989633 0.0604443 -0.130283
    outer loop
      vertex 6.75434 2.47434 5.37572
      vertex 6.72649 2.46391 5.58243
      vertex 6.75692 3 5.6
    endloop
  endfacet
  facet normal -0.921933 0.0648361 -0.381885
    outer loop
      vertex 6.8641 3 5.2
      vertex 6.83447 2.4779 5.18289
      vertex 6.78418 3 5.39294
    endloop
  endfacet
  facet normal -0.921924 0.0648454 -0.381906
    outer loop
      vertex 6.83447 2.4779 5.18289
      vertex 6.75434 2.47434 5.37572
      vertex 6.78418 3 5.39294
    endloop
  endfacet
  facet normal -0.79168 0.0648416 -0.607485
    outer loop
      vertex 6.99124 3 5.03431
      vertex 6.9614 2.47434 5.01709
      vertex 6.8641 3 5.2
    endloop
  endfacet
  facet normal -0.791687 0.0648374 -0.607477
    outer loop
      vertex 6.9614 2.47434 5.01709
      vertex 6.83447 2.4779 5.18289
      vertex 6.8641 3 5.2
    endloop
  endfacet
  facet normal -0.607646 0.0604459 -0.791904
    outer loop
      vertex 7.15692 3 4.90718
      vertex 7.12649 2.46391 4.88961
      vertex 6.99124 3 5.03431
    endloop
  endfacet
  facet normal -0.607667 0.0604366 -0.791889
    outer loop
      vertex 7.12649 2.46391 4.88961
      vertex 6.9614 2.47434 5.01709
      vertex 6.99124 3 5.03431
    endloop
  endfacet
  facet normal -0.382157 0.0519297 -0.922637
    outer loop
      vertex 7.34987 3 4.82726
      vertex 7.31849 2.44731 4.80915
      vertex 7.15692 3 4.90718
    endloop
  endfacet
  facet normal -0.382153 0.051931 -0.922639
    outer loop
      vertex 7.31849 2.44731 4.80915
      vertex 7.12649 2.46391 4.88961
      vertex 7.15692 3 4.90718
    endloop
  endfacet
  facet normal -0.130429 0.0398665 -0.990656
    outer loop
      vertex 7.55692 3 4.8
      vertex 7.52432 2.42568 4.78118
      vertex 7.34987 3 4.82726
    endloop
  endfacet
  facet normal -0.13043 0.0398662 -0.990656
    outer loop
      vertex 7.52432 2.42568 4.78118
      vertex 7.31849 2.44731 4.80915
      vertex 7.34987 3 4.82726
    endloop
  endfacet
  facet normal 0.130485 0.0250798 -0.991133
    outer loop
      vertex 7.76398 3 4.82726
      vertex 7.72995 2.4005 4.80761
      vertex 7.55692 3 4.8
    endloop
  endfacet
  facet normal 0.130463 0.0250733 -0.991136
    outer loop
      vertex 7.72995 2.4005 4.80761
      vertex 7.52432 2.42568 4.78118
      vertex 7.55692 3 4.8
    endloop
  endfacet
  facet normal 0.382676 0.00855272 -0.923843
    outer loop
      vertex 7.95692 3 4.90718
      vertex 7.92136 2.37347 4.88665
      vertex 7.76398 3 4.82726
    endloop
  endfacet
  facet normal 0.382693 0.00855767 -0.923836
    outer loop
      vertex 7.92136 2.37347 4.88665
      vertex 7.72995 2.4005 4.80761
      vertex 7.76398 3 4.82726
    endloop
  endfacet
  facet normal 0.608714 -0.00856521 -0.793344
    outer loop
      vertex 8.12261 3 5.03431
      vertex 8.08551 2.34645 5.0129
      vertex 7.95692 3 4.90718
    endloop
  endfacet
  facet normal 0.608745 -0.00855523 -0.79332
    outer loop
      vertex 8.08551 2.34645 5.0129
      vertex 7.92136 2.37347 4.88665
      vertex 7.95692 3 4.90718
    endloop
  endfacet
  facet normal 0.793123 -0.0250716 -0.608545
    outer loop
      vertex 8.24974 3 5.2
      vertex 8.21122 2.32126 5.17776
      vertex 8.12261 3 5.03431
    endloop
  endfacet
  facet normal 0.793092 -0.0250844 -0.608586
    outer loop
      vertex 8.21122 2.32126 5.17776
      vertex 8.08551 2.34645 5.0129
      vertex 8.12261 3 5.03431
    endloop
  endfacet
  facet normal 0.923142 -0.039864 -0.382386
    outer loop
      vertex 8.32966 3 5.39294
      vertex 8.28991 2.29964 5.36999
      vertex 8.24974 3 5.2
    endloop
  endfacet
  facet normal 0.923146 -0.0398614 -0.382376
    outer loop
      vertex 8.28991 2.29964 5.36999
      vertex 8.21122 2.32126 5.17776
      vertex 8.24974 3 5.2
    endloop
  endfacet
  facet normal 0.990108 -0.0519196 -0.13035
    outer loop
      vertex 8.35692 3 5.6
      vertex 8.31623 2.28304 5.5765
      vertex 8.32966 3 5.39294
    endloop
  endfacet
  facet normal 0.990106 -0.0519231 -0.130364
    outer loop
      vertex 8.31623 2.28304 5.5765
      vertex 8.28991 2.29964 5.36999
      vertex 8.32966 3 5.39294
    endloop
  endfacet
  facet normal 0.989632 -0.0604462 0.130288
    outer loop
      vertex 8.32966 3 5.80706
      vertex 8.28837 2.27261 5.78322
      vertex 8.35692 3 5.6
    endloop
  endfacet
  facet normal 0.989628 -0.0604365 0.130324
    outer loop
      vertex 8.28837 2.27261 5.78322
      vertex 8.31623 2.28304 5.5765
      vertex 8.35692 3 5.6
    endloop
  endfacet
  facet normal 0.921932 -0.0648432 0.381885
    outer loop
      vertex 8.24974 3 6
      vertex 8.20825 2.26905 5.97605
      vertex 8.32966 3 5.80706
    endloop
  endfacet
  facet normal 0.92194 -0.0648491 0.381865
    outer loop
      vertex 8.20825 2.26905 5.97605
      vertex 8.28837 2.27261 5.78322
      vertex 8.32966 3 5.80706
    endloop
  endfacet
  facet normal 0.777024 -0.193435 0.599013
    outer loop
      vertex 8.08132 2.27261 6.14185
      vertex 7.95816 1.55767 6.07074
      vertex 8.20825 2.26905 5.97605
    endloop
  endfacet
  facet normal 0.777021 -0.193433 0.599017
    outer loop
      vertex 7.95816 1.55767 6.07074
      vertex 8.08449 1.55061 5.90459
      vertex 8.20825 2.26905 5.97605
    endloop
  endfacet
  facet normal 0.593972 -0.180296 0.784022
    outer loop
      vertex 7.91623 2.28304 6.26932
      vertex 7.79483 1.57835 6.19924
      vertex 8.08132 2.27261 6.14185
    endloop
  endfacet
  facet normal 0.593989 -0.180304 0.784007
    outer loop
      vertex 7.79483 1.57835 6.19924
      vertex 7.95816 1.55767 6.07074
      vertex 8.08132 2.27261 6.14185
    endloop
  endfacet
  facet normal 0.370434 -0.154906 0.915851
    outer loop
      vertex 7.72422 2.29964 6.34979
      vertex 7.60564 1.61126 6.28132
      vertex 7.91623 2.28304 6.26932
    endloop
  endfacet
  facet normal 0.370404 -0.154892 0.915865
    outer loop
      vertex 7.60564 1.61126 6.28132
      vertex 7.79483 1.57835 6.19924
      vertex 7.91623 2.28304 6.26932
    endloop
  endfacet
  facet normal 0.121425 -0.118929 0.98545
    outer loop
      vertex 7.5184 2.32126 6.37776
      vertex 7.40347 1.65414 6.31141
      vertex 7.72422 2.29964 6.34979
    endloop
  endfacet
  facet normal 0.121443 -0.118938 0.985447
    outer loop
      vertex 7.40347 1.65414 6.31141
      vertex 7.60564 1.61126 6.28132
      vertex 7.72422 2.29964 6.34979
    endloop
  endfacet
  facet normal -0.13618 -0.0747774 0.987858
    outer loop
      vertex 7.31277 2.34645 6.35132
      vertex 7.20211 1.70408 6.28744
      vertex 7.5184 2.32126 6.37776
    endloop
  endfacet
  facet normal -0.136146 -0.0747952 0.987861
    outer loop
      vertex 7.20211 1.70408 6.28744
      vertex 7.40347 1.65414 6.31141
      vertex 7.5184 2.32126 6.37776
    endloop
  endfacet
  facet normal -0.384586 -0.0255289 0.922736
    outer loop
      vertex 7.12136 2.37347 6.27229
      vertex 7.01528 1.75767 6.21104
      vertex 7.31277 2.34645 6.35132
    endloop
  endfacet
  facet normal -0.384638 -0.0254978 0.922715
    outer loop
      vertex 7.01528 1.75767 6.21104
      vertex 7.20211 1.70408 6.28744
      vertex 7.31277 2.34645 6.35132
    endloop
  endfacet
  facet normal -0.606809 0.0255297 0.794438
    outer loop
      vertex 6.95721 2.4005 6.14604
      vertex 6.8557 1.81126 6.08744
      vertex 7.12136 2.37347 6.27229
    endloop
  endfacet
  facet normal -0.606774 0.0255045 0.794465
    outer loop
      vertex 6.8557 1.81126 6.08744
      vertex 7.01528 1.75767 6.21104
      vertex 7.12136 2.37347 6.27229
    endloop
  endfacet
  facet normal -0.787425 0.0747939 0.611856
    outer loop
      vertex 6.8315 2.42568 5.98118
      vertex 6.73426 1.8612 5.92504
      vertex 6.95721 2.4005 6.14604
    endloop
  endfacet
  facet normal -0.787438 0.0748069 0.611837
    outer loop
      vertex 6.73426 1.8612 5.92504
      vertex 6.8557 1.81126 6.08744
      vertex 6.95721 2.4005 6.14604
    endloop
  endfacet
  facet normal -0.914138 0.118927 0.387567
    outer loop
      vertex 6.75281 2.44731 5.78894
      vertex 6.65923 1.90408 5.73491
      vertex 6.8315 2.42568 5.98118
    endloop
  endfacet
  facet normal -0.914139 0.118929 0.387564
    outer loop
      vertex 6.65923 1.90408 5.73491
      vertex 6.73426 1.8612 5.92504
      vertex 6.8315 2.42568 5.98118
    endloop
  endfacet
  facet normal -0.978365 0.154897 0.137145
    outer loop
      vertex 6.72649 2.46391 5.58243
      vertex 6.63572 1.93698 5.53003
      vertex 6.75281 2.44731 5.78894
    endloop
  endfacet
  facet normal -0.978365 0.154899 0.137141
    outer loop
      vertex 6.63572 1.93698 5.53003
      vertex 6.65923 1.90408 5.73491
      vertex 6.75281 2.44731 5.78894
    endloop
  endfacet
  facet normal -0.975968 0.180291 -0.122395
    outer loop
      vertex 6.75434 2.47434 5.37572
      vertex 6.66534 1.95767 5.32433
      vertex 6.72649 2.46391 5.58243
    endloop
  endfacet
  facet normal -0.975967 0.180294 -0.122401
    outer loop
      vertex 6.66534 1.95767 5.32433
      vertex 6.63572 1.93698 5.53003
      vertex 6.72649 2.46391 5.58243
    endloop
  endfacet
  facet normal -0.907264 0.193426 -0.37344
    outer loop
      vertex 6.83447 2.4779 5.18289
      vertex 6.74607 1.96472 5.13185
      vertex 6.75434 2.47434 5.37572
    endloop
  endfacet
  facet normal -0.907264 0.193426 -0.37344
    outer loop
      vertex 6.74607 1.96472 5.13185
      vertex 6.66534 1.95767 5.32433
      vertex 6.75434 2.47434 5.37572
    endloop
  endfacet
  facet normal -0.777025 0.193428 -0.599013
    outer loop
      vertex 6.9614 2.47434 5.01709
      vertex 6.8724 1.95767 4.9657
      vertex 6.83447 2.4779 5.18289
    endloop
  endfacet
  facet normal -0.777028 0.193427 -0.599011
    outer loop
      vertex 6.8724 1.95767 4.9657
      vertex 6.74607 1.96472 5.13185
      vertex 6.83447 2.4779 5.18289
    endloop
  endfacet
  facet normal -0.594003 0.180288 -0.784
    outer loop
      vertex 7.12649 2.46391 4.88961
      vertex 7.03572 1.93698 4.83721
      vertex 6.9614 2.47434 5.01709
    endloop
  endfacet
  facet normal -0.593976 0.180298 -0.784019
    outer loop
      vertex 7.03572 1.93698 4.83721
      vertex 6.8724 1.95767 4.9657
      vertex 6.9614 2.47434 5.01709
    endloop
  endfacet
  facet normal -0.370411 0.154895 -0.915862
    outer loop
      vertex 7.31849 2.44731 4.80915
      vertex 7.22492 1.90408 4.75512
      vertex 7.12649 2.46391 4.88961
    endloop
  endfacet
  facet normal -0.370436 0.154888 -0.915853
    outer loop
      vertex 7.22492 1.90408 4.75512
      vertex 7.03572 1.93698 4.83721
      vertex 7.12649 2.46391 4.88961
    endloop
  endfacet
  facet normal -0.121415 0.118923 -0.985452
    outer loop
      vertex 7.52432 2.42568 4.78118
      vertex 7.42708 1.8612 4.72504
      vertex 7.31849 2.44731 4.80915
    endloop
  endfacet
  facet normal -0.121403 0.118925 -0.985453
    outer loop
      vertex 7.42708 1.8612 4.72504
      vertex 7.22492 1.90408 4.75512
      vertex 7.31849 2.44731 4.80915
    endloop
  endfacet
  facet normal 0.13613 0.0747916 -0.987864
    outer loop
      vertex 7.72995 2.4005 4.80761
      vertex 7.62844 1.81126 4.74901
      vertex 7.52432 2.42568 4.78118
    endloop
  endfacet
  facet normal 0.136145 0.0747941 -0.987861
    outer loop
      vertex 7.62844 1.81126 4.74901
      vertex 7.42708 1.8612 4.72504
      vertex 7.52432 2.42568 4.78118
    endloop
  endfacet
  facet normal 0.384627 0.0255201 -0.922719
    outer loop
      vertex 7.92136 2.37347 4.88665
      vertex 7.81528 1.75767 4.8254
      vertex 7.72995 2.4005 4.80761
    endloop
  endfacet
  facet normal 0.384582 0.0255135 -0.922738
    outer loop
      vertex 7.81528 1.75767 4.8254
      vertex 7.62844 1.81126 4.74901
      vertex 7.72995 2.4005 4.80761
    endloop
  endfacet
  facet normal 0.606811 -0.0255198 -0.794436
    outer loop
      vertex 8.08551 2.34645 5.0129
      vertex 7.97485 1.70408 4.94901
      vertex 7.92136 2.37347 4.88665
    endloop
  endfacet
  facet normal 0.606827 -0.0255175 -0.794424
    outer loop
      vertex 7.97485 1.70408 4.94901
      vertex 7.81528 1.75767 4.8254
      vertex 7.92136 2.37347 4.88665
    endloop
  endfacet
  facet normal 0.787424 -0.07479 -0.611858
    outer loop
      vertex 8.21122 2.32126 5.17776
      vertex 8.0963 1.65414 5.11141
      vertex 8.08551 2.34645 5.0129
    endloop
  endfacet
  facet normal 0.787418 -0.0747911 -0.611866
    outer loop
      vertex 8.0963 1.65414 5.11141
      vertex 7.97485 1.70408 4.94901
      vertex 8.08551 2.34645 5.0129
    endloop
  endfacet
  facet normal 0.914133 -0.118923 -0.387579
    outer loop
      vertex 8.28991 2.29964 5.36999
      vertex 8.17133 1.61126 5.30153
      vertex 8.21122 2.32126 5.17776
    endloop
  endfacet
  facet normal 0.914133 -0.118923 -0.387581
    outer loop
      vertex 8.17133 1.61126 5.30153
      vertex 8.0963 1.65414 5.11141
      vertex 8.21122 2.32126 5.17776
    endloop
  endfacet
  facet normal 0.978363 -0.154908 -0.137146
    outer loop
      vertex 8.31623 2.28304 5.5765
      vertex 8.19483 1.57835 5.50642
      vertex 8.28991 2.29964 5.36999
    endloop
  endfacet
  facet normal 0.978372 -0.1549 -0.137095
    outer loop
      vertex 8.19483 1.57835 5.50642
      vertex 8.17133 1.61126 5.30153
      vertex 8.28991 2.29964 5.36999
    endloop
  endfacet
  facet normal 0.975964 -0.18029 0.122436
    outer loop
      vertex 8.28837 2.27261 5.78322
      vertex 8.16522 1.55767 5.71211
      vertex 8.31623 2.28304 5.5765
    endloop
  endfacet
  facet normal 0.97597 -0.180304 0.122368
    outer loop
      vertex 8.16522 1.55767 5.71211
      vertex 8.19483 1.57835 5.50642
      vertex 8.31623 2.28304 5.5765
    endloop
  endfacet
  facet normal 0.90728 -0.19343 0.3734
    outer loop
      vertex 8.20825 2.26905 5.97605
      vertex 8.08449 1.55061 5.90459
      vertex 8.28837 2.27261 5.78322
    endloop
  endfacet
  facet normal 0.907269 -0.193422 0.373432
    outer loop
      vertex 8.08449 1.55061 5.90459
      vertex 8.16522 1.55767 5.71211
      vertex 8.28837 2.27261 5.78322
    endloop
  endfacet
  facet normal 0.747953 -0.318694 0.582238
    outer loop
      vertex 7.95816 1.55767 6.07074
      vertex 7.75524 0.867404 5.95359
      vertex 8.08449 1.55061 5.90459
    endloop
  endfacet
  facet normal 0.747962 -0.3187 0.582222
    outer loop
      vertex 7.75524 0.867404 5.95359
      vertex 7.88058 0.856973 5.78686
      vertex 8.08449 1.55061 5.90459
    endloop
  endfacet
  facet normal 0.566895 -0.29707 0.768361
    outer loop
      vertex 7.79483 1.57835 6.19924
      vertex 7.59482 0.897989 6.08376
      vertex 7.95816 1.55767 6.07074
    endloop
  endfacet
  facet normal 0.566863 -0.297052 0.768392
    outer loop
      vertex 7.59482 0.897989 6.08376
      vertex 7.75524 0.867404 5.95359
      vertex 7.95816 1.55767 6.07074
    endloop
  endfacet
  facet normal 0.347124 -0.255206 0.902427
    outer loop
      vertex 7.60564 1.61126 6.28132
      vertex 7.41026 0.946641 6.16852
      vertex 7.79483 1.57835 6.19924
    endloop
  endfacet
  facet normal 0.347156 -0.255225 0.90241
    outer loop
      vertex 7.41026 0.946641 6.16852
      vertex 7.59482 0.897989 6.08376
      vertex 7.79483 1.57835 6.19924
    endloop
  endfacet
  facet normal 0.103572 -0.195953 0.975128
    outer loop
      vertex 7.40347 1.65414 6.31141
      vertex 7.21413 1.01005 6.20209
      vertex 7.60564 1.61126 6.28132
    endloop
  endfacet
  facet normal 0.103557 -0.195944 0.975132
    outer loop
      vertex 7.21413 1.01005 6.20209
      vertex 7.41026 0.946641 6.16852
      vertex 7.60564 1.61126 6.28132
    endloop
  endfacet
  facet normal -0.147389 -0.123245 0.98137
    outer loop
      vertex 7.20211 1.70408 6.28744
      vertex 7.01979 1.08388 6.18217
      vertex 7.40347 1.65414 6.31141
    endloop
  endfacet
  facet normal -0.147407 -0.123233 0.981369
    outer loop
      vertex 7.01979 1.08388 6.18217
      vertex 7.21413 1.01005 6.20209
      vertex 7.40347 1.65414 6.31141
    endloop
  endfacet
  facet normal -0.388475 -0.0420319 0.9205
    outer loop
      vertex 7.01528 1.75767 6.21104
      vertex 6.8405 1.16312 6.11013
      vertex 7.20211 1.70408 6.28744
    endloop
  endfacet
  facet normal -0.388452 -0.0420501 0.920509
    outer loop
      vertex 6.8405 1.16312 6.11013
      vertex 7.01979 1.08388 6.18217
      vertex 7.20211 1.70408 6.28744
    endloop
  endfacet
  facet normal -0.602941 0.0420259 0.796678
    outer loop
      vertex 6.8557 1.81126 6.08744
      vertex 6.68846 1.24236 5.99088
      vertex 7.01528 1.75767 6.21104
    endloop
  endfacet
  facet normal -0.602949 0.0420339 0.796672
    outer loop
      vertex 6.68846 1.24236 5.99088
      vertex 6.8405 1.16312 6.11013
      vertex 7.01528 1.75767 6.21104
    endloop
  endfacet
  facet normal -0.776201 0.12323 0.618325
    outer loop
      vertex 6.73426 1.8612 5.92504
      vertex 6.57404 1.31619 5.83253
      vertex 6.8557 1.81126 6.08744
    endloop
  endfacet
  facet normal -0.776203 0.123232 0.618323
    outer loop
      vertex 6.57404 1.31619 5.83253
      vertex 6.68846 1.24236 5.99088
      vertex 6.8557 1.81126 6.08744
    endloop
  endfacet
  facet normal -0.896267 0.195948 0.397881
    outer loop
      vertex 6.65923 1.90408 5.73491
      vertex 6.50505 1.3796 5.6459
      vertex 6.73426 1.8612 5.92504
    endloop
  endfacet
  facet normal -0.896265 0.195943 0.397889
    outer loop
      vertex 6.50505 1.3796 5.6459
      vertex 6.57404 1.31619 5.83253
      vertex 6.73426 1.8612 5.92504
    endloop
  endfacet
  facet normal -0.955089 0.255207 0.150578
    outer loop
      vertex 6.63572 1.93698 5.53003
      vertex 6.48617 1.42825 5.44368
      vertex 6.65923 1.90408 5.73491
    endloop
  endfacet
  facet normal -0.955089 0.255212 0.150569
    outer loop
      vertex 6.48617 1.42825 5.44368
      vertex 6.50505 1.3796 5.6459
      vertex 6.65923 1.90408 5.73491
    endloop
  endfacet
  facet normal -0.948875 0.297051 -0.106756
    outer loop
      vertex 6.66534 1.95767 5.32433
      vertex 6.5187 1.45883 5.23967
      vertex 6.63572 1.93698 5.53003
    endloop
  endfacet
  facet normal -0.94887 0.29706 -0.106772
    outer loop
      vertex 6.5187 1.45883 5.23967
      vertex 6.48617 1.42825 5.44368
      vertex 6.63572 1.93698 5.53003
    endloop
  endfacet
  facet normal -0.878189 0.318717 -0.356656
    outer loop
      vertex 6.74607 1.96472 5.13185
      vertex 6.60041 1.46927 5.04776
      vertex 6.66534 1.95767 5.32433
    endloop
  endfacet
  facet normal -0.878228 0.318684 -0.356589
    outer loop
      vertex 6.60041 1.46927 5.04776
      vertex 6.5187 1.45883 5.23967
      vertex 6.66534 1.95767 5.32433
    endloop
  endfacet
  facet normal -0.747961 0.318699 -0.582225
    outer loop
      vertex 6.8724 1.95767 4.9657
      vertex 6.72575 1.45883 4.88104
      vertex 6.74607 1.96472 5.13185
    endloop
  endfacet
  facet normal -0.747933 0.318712 -0.582253
    outer loop
      vertex 6.72575 1.45883 4.88104
      vertex 6.60041 1.46927 5.04776
      vertex 6.74607 1.96472 5.13185
    endloop
  endfacet
  facet normal -0.566877 0.297065 -0.768376
    outer loop
      vertex 7.03572 1.93698 4.83721
      vertex 6.88617 1.42825 4.75086
      vertex 6.8724 1.95767 4.9657
    endloop
  endfacet
  facet normal -0.566897 0.297059 -0.768364
    outer loop
      vertex 6.88617 1.42825 4.75086
      vertex 6.72575 1.45883 4.88104
      vertex 6.8724 1.95767 4.9657
    endloop
  endfacet
  facet normal -0.347156 0.255225 -0.90241
    outer loop
      vertex 7.22492 1.90408 4.75512
      vertex 7.07073 1.3796 4.6661
      vertex 7.03572 1.93698 4.83721
    endloop
  endfacet
  facet normal -0.347158 0.255225 -0.902409
    outer loop
      vertex 7.07073 1.3796 4.6661
      vertex 6.88617 1.42825 4.75086
      vertex 7.03572 1.93698 4.83721
    endloop
  endfacet
  facet normal -0.103529 0.195954 -0.975133
    outer loop
      vertex 7.42708 1.8612 4.72504
      vertex 7.26686 1.31619 4.63253
      vertex 7.22492 1.90408 4.75512
    endloop
  endfacet
  facet normal -0.103553 0.195952 -0.975131
    outer loop
      vertex 7.26686 1.31619 4.63253
      vertex 7.07073 1.3796 4.6661
      vertex 7.22492 1.90408 4.75512
    endloop
  endfacet
  facet normal 0.147388 0.123241 -0.981371
    outer loop
      vertex 7.62844 1.81126 4.74901
      vertex 7.4612 1.24236 4.65245
      vertex 7.42708 1.8612 4.72504
    endloop
  endfacet
  facet normal 0.147411 0.123242 -0.981367
    outer loop
      vertex 7.4612 1.24236 4.65245
      vertex 7.26686 1.31619 4.63253
      vertex 7.42708 1.8612 4.72504
    endloop
  endfacet
  facet normal 0.388419 0.042052 -0.920523
    outer loop
      vertex 7.81528 1.75767 4.8254
      vertex 7.6405 1.16312 4.72449
      vertex 7.62844 1.81126 4.74901
    endloop
  endfacet
  facet normal 0.388434 0.042052 -0.920517
    outer loop
      vertex 7.6405 1.16312 4.72449
      vertex 7.4612 1.24236 4.65245
      vertex 7.62844 1.81126 4.74901
    endloop
  endfacet
  facet normal 0.602992 -0.0420434 -0.796639
    outer loop
      vertex 7.97485 1.70408 4.94901
      vertex 7.79253 1.08388 4.84374
      vertex 7.81528 1.75767 4.8254
    endloop
  endfacet
  facet normal 0.60297 -0.0420431 -0.796655
    outer loop
      vertex 7.79253 1.08388 4.84374
      vertex 7.6405 1.16312 4.72449
      vertex 7.81528 1.75767 4.8254
    endloop
  endfacet
  facet normal 0.776178 -0.123229 -0.618355
    outer loop
      vertex 8.0963 1.65414 5.11141
      vertex 7.90695 1.01005 5.00209
      vertex 7.97485 1.70408 4.94901
    endloop
  endfacet
  facet normal 0.776204 -0.123229 -0.618322
    outer loop
      vertex 7.90695 1.01005 5.00209
      vertex 7.79253 1.08388 4.84374
      vertex 7.97485 1.70408 4.94901
    endloop
  endfacet
  facet normal 0.896257 -0.195957 -0.3979
    outer loop
      vertex 8.17133 1.61126 5.30153
      vertex 7.97594 0.946641 5.18873
      vertex 8.0963 1.65414 5.11141
    endloop
  endfacet
  facet normal 0.896269 -0.195956 -0.397873
    outer loop
      vertex 7.97594 0.946641 5.18873
      vertex 7.90695 1.01005 5.00209
      vertex 8.0963 1.65414 5.11141
    endloop
  endfacet
  facet normal 0.955091 -0.255223 -0.150539
    outer loop
      vertex 8.19483 1.57835 5.50642
      vertex 7.99482 0.897989 5.39094
      vertex 8.17133 1.61126 5.30153
    endloop
  endfacet
  facet normal 0.955084 -0.255226 -0.150582
    outer loop
      vertex 7.99482 0.897989 5.39094
      vertex 7.97594 0.946641 5.18873
      vertex 8.17133 1.61126 5.30153
    endloop
  endfacet
  facet normal 0.948876 -0.297058 0.106729
    outer loop
      vertex 8.16522 1.55767 5.71211
      vertex 7.9623 0.867404 5.59496
      vertex 8.19483 1.57835 5.50642
    endloop
  endfacet
  facet normal 0.948877 -0.29706 0.106714
    outer loop
      vertex 7.9623 0.867404 5.59496
      vertex 7.99482 0.897989 5.39094
      vertex 8.19483 1.57835 5.50642
    endloop
  endfacet
  facet normal 0.8782 -0.318699 0.356645
    outer loop
      vertex 8.08449 1.55061 5.90459
      vertex 7.88058 0.856973 5.78686
      vertex 8.16522 1.55767 5.71211
    endloop
  endfacet
  facet normal 0.878197 -0.318697 0.356654
    outer loop
      vertex 7.88058 0.856973 5.78686
      vertex 7.9623 0.867404 5.59496
      vertex 8.16522 1.55767 5.71211
    endloop
  endfacet
  facet normal 0.704978 -0.438525 0.557406
    outer loop
      vertex 7.75524 0.867404 5.95359
      vertex 7.47603 0.21363 5.79238
      vertex 7.88058 0.856973 5.78686
    endloop
  endfacet
  facet normal 0.704973 -0.438522 0.557415
    outer loop
      vertex 7.47603 0.21363 5.79238
      vertex 7.6 0.2 5.62487
      vertex 7.88058 0.856973 5.78686
    endloop
  endfacet
  facet normal 0.526801 -0.408738 0.745261
    outer loop
      vertex 7.59482 0.897989 6.08376
      vertex 7.31962 0.25359 5.92487
      vertex 7.75524 0.867404 5.95359
    endloop
  endfacet
  facet normal 0.52683 -0.408757 0.74523
    outer loop
      vertex 7.31962 0.25359 5.92487
      vertex 7.47603 0.21363 5.79238
      vertex 7.75524 0.867404 5.95359
    endloop
  endfacet
  facet normal 0.312738 -0.351169 0.882539
    outer loop
      vertex 7.41026 0.946641 6.16852
      vertex 7.14142 0.317157 6.01331
      vertex 7.59482 0.897989 6.08376
    endloop
  endfacet
  facet normal 0.312735 -0.351167 0.882541
    outer loop
      vertex 7.14142 0.317157 6.01331
      vertex 7.31962 0.25359 5.92487
      vertex 7.59482 0.897989 6.08376
    endloop
  endfacet
  facet normal 0.0771271 -0.269616 0.959874
    outer loop
      vertex 7.21413 1.01005 6.20209
      vertex 6.95359 0.4 6.05167
      vertex 7.41026 0.946641 6.16852
    endloop
  endfacet
  facet normal 0.0771204 -0.26961 0.959876
    outer loop
      vertex 6.95359 0.4 6.05167
      vertex 7.14142 0.317157 6.01331
      vertex 7.41026 0.946641 6.16852
    endloop
  endfacet
  facet normal -0.164025 -0.169563 0.971774
    outer loop
      vertex 7.01979 1.08388 6.18217
      vertex 6.76892 0.496472 6.03733
      vertex 7.21413 1.01005 6.20209
    endloop
  endfacet
  facet normal -0.164036 -0.169554 0.971774
    outer loop
      vertex 6.76892 0.496472 6.03733
      vertex 6.95359 0.4 6.05167
      vertex 7.21413 1.01005 6.20209
    endloop
  endfacet
  facet normal -0.394118 -0.0578441 0.917238
    outer loop
      vertex 6.8405 1.16312 6.11013
      vertex 6.6 0.6 5.97128
      vertex 7.01979 1.08388 6.18217
    endloop
  endfacet
  facet normal -0.39411 -0.0578521 0.917241
    outer loop
      vertex 6.6 0.6 5.97128
      vertex 6.76892 0.496472 6.03733
      vertex 7.01979 1.08388 6.18217
    endloop
  endfacet
  facet normal -0.597279 0.0578384 0.799945
    outer loop
      vertex 6.68846 1.24236 5.99088
      vertex 6.45834 0.703528 5.85802
      vertex 6.8405 1.16312 6.11013
    endloop
  endfacet
  facet normal -0.597288 0.05785 0.799938
    outer loop
      vertex 6.45834 0.703528 5.85802
      vertex 6.6 0.6 5.97128
      vertex 6.8405 1.16312 6.11013
    endloop
  endfacet
  facet normal -0.75958 0.169577 0.627919
    outer loop
      vertex 6.57404 1.31619 5.83253
      vertex 6.35359 0.8 5.70526
      vertex 6.68846 1.24236 5.99088
    endloop
  endfacet
  facet normal -0.759571 0.169562 0.627933
    outer loop
      vertex 6.35359 0.8 5.70526
      vertex 6.45834 0.703528 5.85802
      vertex 6.68846 1.24236 5.99088
    endloop
  endfacet
  facet normal -0.869833 0.269622 0.413152
    outer loop
      vertex 6.50505 1.3796 5.6459
      vertex 6.29289 0.882843 5.52341
      vertex 6.57404 1.31619 5.83253
    endloop
  endfacet
  facet normal -0.86983 0.269611 0.413165
    outer loop
      vertex 6.29289 0.882843 5.52341
      vertex 6.35359 0.8 5.70526
      vertex 6.57404 1.31619 5.83253
    endloop
  endfacet
  facet normal -0.920663 0.351181 0.170443
    outer loop
      vertex 6.48617 1.42825 5.44368
      vertex 6.28038 0.94641 5.32487
      vertex 6.50505 1.3796 5.6459
    endloop
  endfacet
  facet normal -0.920664 0.351177 0.170448
    outer loop
      vertex 6.28038 0.94641 5.32487
      vertex 6.29289 0.882843 5.52341
      vertex 6.50505 1.3796 5.6459
    endloop
  endfacet
  facet normal -0.908802 0.408759 -0.0836404
    outer loop
      vertex 6.5187 1.45883 5.23967
      vertex 6.31692 0.98637 5.12317
      vertex 6.48617 1.42825 5.44368
    endloop
  endfacet
  facet normal -0.908797 0.408767 -0.0836545
    outer loop
      vertex 6.31692 0.98637 5.12317
      vertex 6.28038 0.94641 5.32487
      vertex 6.48617 1.42825 5.44368
    endloop
  endfacet
  facet normal -0.835246 0.438512 -0.331769
    outer loop
      vertex 6.60041 1.46927 5.04776
      vertex 6.4 1 4.93205
      vertex 6.5187 1.45883 5.23967
    endloop
  endfacet
  facet normal -0.835226 0.438527 -0.331799
    outer loop
      vertex 6.4 1 4.93205
      vertex 6.31692 0.98637 5.12317
      vertex 6.5187 1.45883 5.23967
    endloop
  endfacet
  facet normal -0.704949 0.438527 -0.557441
    outer loop
      vertex 6.72575 1.45883 4.88104
      vertex 6.52397 0.98637 4.76454
      vertex 6.60041 1.46927 5.04776
    endloop
  endfacet
  facet normal -0.704975 0.438517 -0.557416
    outer loop
      vertex 6.52397 0.98637 4.76454
      vertex 6.4 1 4.93205
      vertex 6.60041 1.46927 5.04776
    endloop
  endfacet
  facet normal -0.52683 0.40876 -0.745229
    outer loop
      vertex 6.88617 1.42825 4.75086
      vertex 6.68038 0.94641 4.63205
      vertex 6.72575 1.45883 4.88104
    endloop
  endfacet
  facet normal -0.526829 0.40876 -0.745229
    outer loop
      vertex 6.68038 0.94641 4.63205
      vertex 6.52397 0.98637 4.76454
      vertex 6.72575 1.45883 4.88104
    endloop
  endfacet
  facet normal -0.312739 0.351176 -0.882536
    outer loop
      vertex 7.07073 1.3796 4.6661
      vertex 6.85858 0.882843 4.54361
      vertex 6.88617 1.42825 4.75086
    endloop
  endfacet
  facet normal -0.31273 0.351177 -0.882539
    outer loop
      vertex 6.85858 0.882843 4.54361
      vertex 6.68038 0.94641 4.63205
      vertex 6.88617 1.42825 4.75086
    endloop
  endfacet
  facet normal -0.0771299 0.269604 -0.959877
    outer loop
      vertex 7.26686 1.31619 4.63253
      vertex 7.04641 0.8 4.50526
      vertex 7.07073 1.3796 4.6661
    endloop
  endfacet
  facet normal -0.0770738 0.269603 -0.959882
    outer loop
      vertex 7.04641 0.8 4.50526
      vertex 6.85858 0.882843 4.54361
      vertex 7.07073 1.3796 4.6661
    endloop
  endfacet
  facet normal 0.164024 0.169561 -0.971774
    outer loop
      vertex 7.4612 1.24236 4.65245
      vertex 7.23108 0.703528 4.51959
      vertex 7.26686 1.31619 4.63253
    endloop
  endfacet
  facet normal 0.163989 0.169564 -0.97178
    outer loop
      vertex 7.23108 0.703528 4.51959
      vertex 7.04641 0.8 4.50526
      vertex 7.26686 1.31619 4.63253
    endloop
  endfacet
  facet normal 0.394102 0.0578524 -0.917244
    outer loop
      vertex 7.6405 1.16312 4.72449
      vertex 7.4 0.6 4.58564
      vertex 7.4612 1.24236 4.65245
    endloop
  endfacet
  facet normal 0.39411 0.0578513 -0.917241
    outer loop
      vertex 7.4 0.6 4.58564
      vertex 7.23108 0.703528 4.51959
      vertex 7.4612 1.24236 4.65245
    endloop
  endfacet
  facet normal 0.597295 -0.0578632 -0.799932
    outer loop
      vertex 7.79253 1.08388 4.84374
      vertex 7.54166 0.496472 4.69891
      vertex 7.6405 1.16312 4.72449
    endloop
  endfacet
  facet normal 0.597315 -0.0578668 -0.799916
    outer loop
      vertex 7.54166 0.496472 4.69891
      vertex 7.4 0.6 4.58564
      vertex 7.6405 1.16312 4.72449
    endloop
  endfacet
  facet normal 0.75958 -0.169575 -0.627919
    outer loop
      vertex 7.90695 1.01005 5.00209
      vertex 7.64641 0.4 4.85167
      vertex 7.79253 1.08388 4.84374
    endloop
  endfacet
  facet normal 0.759566 -0.169573 -0.627936
    outer loop
      vertex 7.64641 0.4 4.85167
      vertex 7.54166 0.496472 4.69891
      vertex 7.79253 1.08388 4.84374
    endloop
  endfacet
  facet normal 0.869847 -0.26961 -0.413129
    outer loop
      vertex 7.97594 0.946641 5.18873
      vertex 7.70711 0.317157 5.03351
      vertex 7.90695 1.01005 5.00209
    endloop
  endfacet
  facet normal 0.869823 -0.269605 -0.413183
    outer loop
      vertex 7.70711 0.317157 5.03351
      vertex 7.64641 0.4 4.85167
      vertex 7.90695 1.01005 5.00209
    endloop
  endfacet
  facet normal 0.920671 -0.351158 -0.17045
    outer loop
      vertex 7.99482 0.897989 5.39094
      vertex 7.71962 0.25359 5.23205
      vertex 7.97594 0.946641 5.18873
    endloop
  endfacet
  facet normal 0.920672 -0.351158 -0.170443
    outer loop
      vertex 7.71962 0.25359 5.23205
      vertex 7.70711 0.317157 5.03351
      vertex 7.97594 0.946641 5.18873
    endloop
  endfacet
  facet normal 0.908809 -0.408753 0.0835838
    outer loop
      vertex 7.9623 0.867404 5.59496
      vertex 7.68308 0.21363 5.43375
      vertex 7.99482 0.897989 5.39094
    endloop
  endfacet
  facet normal 0.908805 -0.408747 0.08366
    outer loop
      vertex 7.68308 0.21363 5.43375
      vertex 7.71962 0.25359 5.23205
      vertex 7.99482 0.897989 5.39094
    endloop
  endfacet
  facet normal 0.835213 -0.438524 0.331836
    outer loop
      vertex 7.88058 0.856973 5.78686
      vertex 7.6 0.2 5.62487
      vertex 7.9623 0.867404 5.59496
    endloop
  endfacet
  facet normal 0.835225 -0.438532 0.331798
    outer loop
      vertex 7.6 0.2 5.62487
      vertex 7.68308 0.21363 5.43375
      vertex 7.9623 0.867404 5.59496
    endloop
  endfacet
  facet normal 0.648814 -0.55084 0.524992
    outer loop
      vertex 7.47603 0.21363 5.79238
      vertex 7.1253 -0.39247 5.58989
      vertex 7.6 0.2 5.62487
    endloop
  endfacet
  facet normal 0.648806 -0.550835 0.525006
    outer loop
      vertex 7.1253 -0.39247 5.58989
      vertex 7.24756 -0.409064 5.42139
      vertex 7.6 0.2 5.62487
    endloop
  endfacet
  facet normal 0.474484 -0.513448 0.715008
    outer loop
      vertex 7.31962 0.25359 5.92487
      vertex 6.97392 -0.343817 5.72528
      vertex 7.47603 0.21363 5.79238
    endloop
  endfacet
  facet normal 0.474475 -0.513441 0.715019
    outer loop
      vertex 6.97392 -0.343817 5.72528
      vertex 7.1253 -0.39247 5.58989
      vertex 7.47603 0.21363 5.79238
    endloop
  endfacet
  facet normal 0.267761 -0.441117 0.856575
    outer loop
      vertex 7.14142 0.317157 6.01331
      vertex 6.80373 -0.266422 5.81834
      vertex 7.31962 0.25359 5.92487
    endloop
  endfacet
  facet normal 0.267769 -0.441123 0.856569
    outer loop
      vertex 6.80373 -0.266422 5.81834
      vertex 6.97392 -0.343817 5.72528
      vertex 7.31962 0.25359 5.92487
    endloop
  endfacet
  facet normal 0.0425885 -0.338673 0.93994
    outer loop
      vertex 6.95359 0.4 6.05167
      vertex 6.62632 -0.165559 5.86272
      vertex 7.14142 0.317157 6.01331
    endloop
  endfacet
  facet normal 0.0425862 -0.338671 0.939941
    outer loop
      vertex 6.62632 -0.165559 5.86272
      vertex 6.80373 -0.266422 5.81834
      vertex 7.14142 0.317157 6.01331
    endloop
  endfacet
  facet normal -0.185753 -0.21299 0.959235
    outer loop
      vertex 6.76892 0.496472 6.03733
      vertex 6.4538 -0.0481021 5.85539
      vertex 6.95359 0.4 6.05167
    endloop
  endfacet
  facet normal -0.18576 -0.212982 0.959235
    outer loop
      vertex 6.4538 -0.0481021 5.85539
      vertex 6.62632 -0.165559 5.86272
      vertex 6.95359 0.4 6.05167
    endloop
  endfacet
  facet normal -0.401517 -0.0726662 0.912964
    outer loop
      vertex 6.6 0.6 5.97128
      vertex 6.29791 0.0779451 5.79687
      vertex 6.76892 0.496472 6.03733
    endloop
  endfacet
  facet normal -0.401498 -0.0726912 0.912971
    outer loop
      vertex 6.29791 0.0779451 5.79687
      vertex 6.4538 -0.0481021 5.85539
      vertex 6.76892 0.496472 6.03733
    endloop
  endfacet
  facet normal -0.589883 0.0726603 0.804213
    outer loop
      vertex 6.45834 0.703528 5.85802
      vertex 6.16928 0.203992 5.69113
      vertex 6.6 0.6 5.97128
    endloop
  endfacet
  facet normal -0.589888 0.0726691 0.804209
    outer loop
      vertex 6.16928 0.203992 5.69113
      vertex 6.29791 0.0779451 5.79687
      vertex 6.6 0.6 5.97128
    endloop
  endfacet
  facet normal -0.737855 0.212994 0.640471
    outer loop
      vertex 6.35359 0.8 5.70526
      vertex 6.07667 0.32145 5.54538
      vertex 6.45834 0.703528 5.85802
    endloop
  endfacet
  facet normal -0.737852 0.212987 0.640477
    outer loop
      vertex 6.07667 0.32145 5.54538
      vertex 6.16928 0.203992 5.69113
      vertex 6.45834 0.703528 5.85802
    endloop
  endfacet
  facet normal -0.835305 0.338662 0.433098
    outer loop
      vertex 6.29289 0.882843 5.52341
      vertex 6.0264 0.422313 5.36955
      vertex 6.35359 0.8 5.70526
    endloop
  endfacet
  facet normal -0.835306 0.33867 0.433089
    outer loop
      vertex 6.0264 0.422313 5.36955
      vertex 6.07667 0.32145 5.54538
      vertex 6.35359 0.8 5.70526
    endloop
  endfacet
  facet normal -0.875703 0.441099 0.196406
    outer loop
      vertex 6.28038 0.94641 5.32487
      vertex 6.0219 0.499707 5.17563
      vertex 6.29289 0.882843 5.52341
    endloop
  endfacet
  facet normal -0.875698 0.441123 0.196375
    outer loop
      vertex 6.0219 0.499707 5.17563
      vertex 6.0264 0.422313 5.36955
      vertex 6.29289 0.882843 5.52341
    endloop
  endfacet
  facet normal -0.856454 0.51345 -0.0534327
    outer loop
      vertex 6.31692 0.98637 5.12317
      vertex 6.06346 0.54836 4.97683
      vertex 6.28038 0.94641 5.32487
    endloop
  endfacet
  facet normal -0.85647 0.513427 -0.0533962
    outer loop
      vertex 6.06346 0.54836 4.97683
      vertex 6.0219 0.499707 5.17563
      vertex 6.28038 0.94641 5.32487
    endloop
  endfacet
  facet normal -0.779075 0.55083 -0.299381
    outer loop
      vertex 6.4 1 4.93205
      vertex 6.14826 0.564954 4.78671
      vertex 6.31692 0.98637 5.12317
    endloop
  endfacet
  facet normal -0.779056 0.550843 -0.299407
    outer loop
      vertex 6.14826 0.564954 4.78671
      vertex 6.06346 0.54836 4.97683
      vertex 6.31692 0.98637 5.12317
    endloop
  endfacet
  facet normal -0.648812 0.550843 -0.524991
    outer loop
      vertex 6.52397 0.98637 4.76454
      vertex 6.27051 0.54836 4.6182
      vertex 6.4 1 4.93205
    endloop
  endfacet
  facet normal -0.648843 0.550833 -0.524963
    outer loop
      vertex 6.27051 0.54836 4.6182
      vertex 6.14826 0.564954 4.78671
      vertex 6.4 1 4.93205
    endloop
  endfacet
  facet normal -0.474489 0.513438 -0.715011
    outer loop
      vertex 6.68038 0.94641 4.63205
      vertex 6.4219 0.499707 4.48281
      vertex 6.52397 0.98637 4.76454
    endloop
  endfacet
  facet normal -0.474454 0.513442 -0.715032
    outer loop
      vertex 6.4219 0.499707 4.48281
      vertex 6.27051 0.54836 4.6182
      vertex 6.52397 0.98637 4.76454
    endloop
  endfacet
  facet normal -0.267767 0.441105 -0.856579
    outer loop
      vertex 6.85858 0.882843 4.54361
      vertex 6.59209 0.422313 4.38976
      vertex 6.68038 0.94641 4.63205
    endloop
  endfacet
  facet normal -0.26774 0.441104 -0.856588
    outer loop
      vertex 6.59209 0.422313 4.38976
      vertex 6.4219 0.499707 4.48281
      vertex 6.68038 0.94641 4.63205
    endloop
  endfacet
  facet normal -0.0425497 0.338652 -0.939949
    outer loop
      vertex 7.04641 0.8 4.50526
      vertex 6.76949 0.32145 4.34538
      vertex 6.85858 0.882843 4.54361
    endloop
  endfacet
  facet normal -0.0425969 0.338658 -0.939945
    outer loop
      vertex 6.76949 0.32145 4.34538
      vertex 6.59209 0.422313 4.38976
      vertex 6.85858 0.882843 4.54361
    endloop
  endfacet
  facet normal 0.185711 0.213009 -0.959239
    outer loop
      vertex 7.23108 0.703528 4.51959
      vertex 6.94202 0.203992 4.3527
      vertex 7.04641 0.8 4.50526
    endloop
  endfacet
  facet normal 0.185714 0.213008 -0.959238
    outer loop
      vertex 6.94202 0.203992 4.3527
      vertex 6.76949 0.32145 4.34538
      vertex 7.04641 0.8 4.50526
    endloop
  endfacet
  facet normal 0.401517 0.0726662 -0.912964
    outer loop
      vertex 7.4 0.6 4.58564
      vertex 7.09791 0.0779451 4.41123
      vertex 7.23108 0.703528 4.51959
    endloop
  endfacet
  facet normal 0.401529 0.0726628 -0.912959
    outer loop
      vertex 7.09791 0.0779451 4.41123
      vertex 6.94202 0.203992 4.3527
      vertex 7.23108 0.703528 4.51959
    endloop
  endfacet
  facet normal 0.58991 -0.0726768 -0.804192
    outer loop
      vertex 7.54166 0.496472 4.69891
      vertex 7.22654 -0.0481021 4.51697
      vertex 7.4 0.6 4.58564
    endloop
  endfacet
  facet normal 0.589888 -0.072669 -0.804209
    outer loop
      vertex 7.22654 -0.0481021 4.51697
      vertex 7.09791 0.0779451 4.41123
      vertex 7.4 0.6 4.58564
    endloop
  endfacet
  facet normal 0.737855 -0.212994 -0.640471
    outer loop
      vertex 7.64641 0.4 4.85167
      vertex 7.31914 -0.165559 4.66272
      vertex 7.54166 0.496472 4.69891
    endloop
  endfacet
  facet normal 0.737872 -0.213001 -0.640449
    outer loop
      vertex 7.31914 -0.165559 4.66272
      vertex 7.22654 -0.0481021 4.51697
      vertex 7.54166 0.496472 4.69891
    endloop
  endfacet
  facet normal 0.835296 -0.338659 -0.433117
    outer loop
      vertex 7.70711 0.317157 5.03351
      vertex 7.36941 -0.266422 4.83854
      vertex 7.64641 0.4 4.85167
    endloop
  endfacet
  facet normal 0.8353 -0.338661 -0.433107
    outer loop
      vertex 7.36941 -0.266422 4.83854
      vertex 7.31914 -0.165559 4.66272
      vertex 7.64641 0.4 4.85167
    endloop
  endfacet
  facet normal 0.875694 -0.441116 -0.196411
    outer loop
      vertex 7.71962 0.25359 5.23205
      vertex 7.37392 -0.343817 5.03246
      vertex 7.70711 0.317157 5.03351
    endloop
  endfacet
  facet normal 0.875692 -0.441115 -0.196419
    outer loop
      vertex 7.37392 -0.343817 5.03246
      vertex 7.36941 -0.266422 4.83854
      vertex 7.70711 0.317157 5.03351
    endloop
  endfacet
  facet normal 0.856459 -0.513442 0.0534351
    outer loop
      vertex 7.68308 0.21363 5.43375
      vertex 7.33236 -0.39247 5.23126
      vertex 7.71962 0.25359 5.23205
    endloop
  endfacet
  facet normal 0.856461 -0.513443 0.0533901
    outer loop
      vertex 7.33236 -0.39247 5.23126
      vertex 7.37392 -0.343817 5.03246
      vertex 7.71962 0.25359 5.23205
    endloop
  endfacet
  facet normal 0.779072 -0.550835 0.299379
    outer loop
      vertex 7.6 0.2 5.62487
      vertex 7.24756 -0.409064 5.42139
      vertex 7.68308 0.21363 5.43375
    endloop
  endfacet
  facet normal 0.779067 -0.550832 0.299397
    outer loop
      vertex 7.24756 -0.409064 5.42139
      vertex 7.33236 -0.39247 5.23126
      vertex 7.68308 0.21363 5.43375
    endloop
  endfacet
  facet normal 0.580433 -0.653727 0.485529
    outer loop
      vertex 7.1253 -0.39247 5.58989
      vertex 6.70906 -0.940523 5.34958
      vertex 7.24756 -0.409064 5.42139
    endloop
  endfacet
  facet normal 0.58043 -0.653725 0.485535
    outer loop
      vertex 6.70906 -0.940523 5.34958
      vertex 6.82929 -0.959798 5.1799
      vertex 7.24756 -0.409064 5.42139
    endloop
  endfacet
  facet normal 0.410747 -0.609341 0.678226
    outer loop
      vertex 6.97392 -0.343817 5.72528
      vertex 6.56365 -0.88401 5.48842
      vertex 7.1253 -0.39247 5.58989
    endloop
  endfacet
  facet normal 0.410753 -0.609347 0.678217
    outer loop
      vertex 6.56365 -0.88401 5.48842
      vertex 6.70906 -0.940523 5.34958
      vertex 7.1253 -0.39247 5.58989
    endloop
  endfacet
  facet normal 0.213013 -0.523519 0.824957
    outer loop
      vertex 6.80373 -0.266422 5.81834
      vertex 6.40296 -0.794113 5.58695
      vertex 6.97392 -0.343817 5.72528
    endloop
  endfacet
  facet normal 0.212987 -0.523492 0.82498
    outer loop
      vertex 6.40296 -0.794113 5.58695
      vertex 6.56365 -0.88401 5.48842
      vertex 6.97392 -0.343817 5.72528
    endloop
  endfacet
  facet normal 0.000551481 -0.401928 0.915671
    outer loop
      vertex 6.62632 -0.165559 5.86272
      vertex 6.23793 -0.676955 5.63848
      vertex 6.80373 -0.266422 5.81834
    endloop
  endfacet
  facet normal 0.000565142 -0.401944 0.915664
    outer loop
      vertex 6.23793 -0.676955 5.63848
      vertex 6.40296 -0.794113 5.58695
      vertex 6.80373 -0.266422 5.81834
    endloop
  endfacet
  facet normal -0.212194 -0.25276 0.943974
    outer loop
      vertex 6.4538 -0.0481021 5.85539
      vertex 6.07981 -0.540523 5.63947
      vertex 6.62632 -0.165559 5.86272
    endloop
  endfacet
  facet normal -0.212188 -0.252768 0.943973
    outer loop
      vertex 6.07981 -0.540523 5.63947
      vertex 6.23793 -0.676955 5.63848
      vertex 6.62632 -0.165559 5.86272
    endloop
  endfacet
  facet normal -0.410516 -0.0862607 0.907764
    outer loop
      vertex 6.29791 0.0779451 5.79687
      vertex 5.93939 -0.394113 5.58988
      vertex 6.4538 -0.0481021 5.85539
    endloop
  endfacet
  facet normal -0.410518 -0.0862571 0.907764
    outer loop
      vertex 5.93939 -0.394113 5.58988
      vertex 6.07981 -0.540523 5.63947
      vertex 6.4538 -0.0481021 5.85539
    endloop
  endfacet
  facet normal -0.580871 0.0862377 0.809414
    outer loop
      vertex 6.16928 0.203992 5.69113
      vertex 5.82622 -0.247702 5.49306
      vertex 6.29791 0.0779451 5.79687
    endloop
  endfacet
  facet normal -0.580879 0.0862553 0.809407
    outer loop
      vertex 5.82622 -0.247702 5.49306
      vertex 5.93939 -0.394113 5.58988
      vertex 6.29791 0.0779451 5.79687
    endloop
  endfacet
  facet normal -0.711421 0.252762 0.655737
    outer loop
      vertex 6.07667 0.32145 5.54538
      vertex 5.74803 -0.11127 5.35563
      vertex 6.16928 0.203992 5.69113
    endloop
  endfacet
  facet normal -0.711428 0.252791 0.655718
    outer loop
      vertex 5.74803 -0.11127 5.35563
      vertex 5.82622 -0.247702 5.49306
      vertex 6.16928 0.203992 5.69113
    endloop
  endfacet
  facet normal -0.793269 0.401929 0.457359
    outer loop
      vertex 6.0264 0.422313 5.36955
      vertex 5.71013 0.00588745 5.18695
      vertex 6.07667 0.32145 5.54538
    endloop
  endfacet
  facet normal -0.793269 0.401904 0.457381
    outer loop
      vertex 5.71013 0.00588745 5.18695
      vertex 5.74803 -0.11127 5.35563
      vertex 6.07667 0.32145 5.54538
    endloop
  endfacet
  facet normal -0.820934 0.523533 0.227993
    outer loop
      vertex 6.0219 0.499707 5.17563
      vertex 5.71512 0.0957854 4.99852
      vertex 6.0264 0.422313 5.36955
    endloop
  endfacet
  facet normal -0.820941 0.523509 0.228021
    outer loop
      vertex 5.71512 0.0957854 4.99852
      vertex 5.71013 0.00588745 5.18695
      vertex 6.0264 0.422313 5.36955
    endloop
  endfacet
  facet normal -0.792726 0.609353 -0.0165938
    outer loop
      vertex 6.06346 0.54836 4.97683
      vertex 5.76265 0.152298 4.80317
      vertex 6.0219 0.499707 5.17563
    endloop
  endfacet
  facet normal -0.792724 0.609354 -0.0165959
    outer loop
      vertex 5.76265 0.152298 4.80317
      vertex 5.71512 0.0957854 4.99852
      vertex 6.0219 0.499707 5.17563
    endloop
  endfacet
  facet normal -0.71068 0.653736 -0.259928
    outer loop
      vertex 6.14826 0.564954 4.78671
      vertex 5.84949 0.171573 4.61421
      vertex 6.06346 0.54836 4.97683
    endloop
  endfacet
  facet normal -0.710684 0.653734 -0.259923
    outer loop
      vertex 5.84949 0.171573 4.61421
      vertex 5.76265 0.152298 4.80317
      vertex 6.06346 0.54836 4.97683
    endloop
  endfacet
  facet normal -0.580468 0.653724 -0.485491
    outer loop
      vertex 6.27051 0.54836 4.6182
      vertex 5.96971 0.152298 4.44454
      vertex 6.14826 0.564954 4.78671
    endloop
  endfacet
  facet normal -0.580425 0.653735 -0.485527
    outer loop
      vertex 5.96971 0.152298 4.44454
      vertex 5.84949 0.171573 4.61421
      vertex 6.14826 0.564954 4.78671
    endloop
  endfacet
  facet normal -0.410729 0.609341 -0.678237
    outer loop
      vertex 6.4219 0.499707 4.48281
      vertex 6.11512 0.0957854 4.3057
      vertex 6.27051 0.54836 4.6182
    endloop
  endfacet
  facet normal -0.41076 0.609339 -0.678219
    outer loop
      vertex 6.11512 0.0957854 4.3057
      vertex 5.96971 0.152298 4.44454
      vertex 6.27051 0.54836 4.6182
    endloop
  endfacet
  facet normal -0.212984 0.523504 -0.824974
    outer loop
      vertex 6.59209 0.422313 4.38976
      vertex 6.27582 0.00588745 4.20716
      vertex 6.4219 0.499707 4.48281
    endloop
  endfacet
  facet normal -0.213006 0.523507 -0.824966
    outer loop
      vertex 6.27582 0.00588745 4.20716
      vertex 6.11512 0.0957854 4.3057
      vertex 6.4219 0.499707 4.48281
    endloop
  endfacet
  facet normal -0.000544502 0.401938 -0.915667
    outer loop
      vertex 6.76949 0.32145 4.34538
      vertex 6.44085 -0.11127 4.15563
      vertex 6.59209 0.422313 4.38976
    endloop
  endfacet
  facet normal -0.000566647 0.401943 -0.915664
    outer loop
      vertex 6.44085 -0.11127 4.15563
      vertex 6.27582 0.00588745 4.20716
      vertex 6.59209 0.422313 4.38976
    endloop
  endfacet
  facet normal 0.212149 0.25279 -0.943976
    outer loop
      vertex 6.94202 0.203992 4.3527
      vertex 6.59896 -0.247702 4.15464
      vertex 6.76949 0.32145 4.34538
    endloop
  endfacet
  facet normal 0.212204 0.252771 -0.943968
    outer loop
      vertex 6.59896 -0.247702 4.15464
      vertex 6.44085 -0.11127 4.15563
      vertex 6.76949 0.32145 4.34538
    endloop
  endfacet
  facet normal 0.410547 0.0862323 -0.907753
    outer loop
      vertex 7.09791 0.0779451 4.41123
      vertex 6.73939 -0.394113 4.20424
      vertex 6.94202 0.203992 4.3527
    endloop
  endfacet
  facet normal 0.410533 0.0862384 -0.907759
    outer loop
      vertex 6.73939 -0.394113 4.20424
      vertex 6.59896 -0.247702 4.15464
      vertex 6.94202 0.203992 4.3527
    endloop
  endfacet
  facet normal 0.580866 -0.086245 -0.809417
    outer loop
      vertex 7.22654 -0.0481021 4.51697
      vertex 6.85255 -0.540523 4.30105
      vertex 7.09791 0.0779451 4.41123
    endloop
  endfacet
  facet normal 0.580873 -0.0862484 -0.809412
    outer loop
      vertex 6.85255 -0.540523 4.30105
      vertex 6.73939 -0.394113 4.20424
      vertex 7.09791 0.0779451 4.41123
    endloop
  endfacet
  facet normal 0.711432 -0.252789 -0.655715
    outer loop
      vertex 7.31914 -0.165559 4.66272
      vertex 6.93075 -0.676955 4.43848
      vertex 7.22654 -0.0481021 4.51697
    endloop
  endfacet
  facet normal 0.71141 -0.252775 -0.655744
    outer loop
      vertex 6.93075 -0.676955 4.43848
      vertex 6.85255 -0.540523 4.30105
      vertex 7.22654 -0.0481021 4.51697
    endloop
  endfacet
  facet normal 0.793264 -0.401918 -0.457377
    outer loop
      vertex 7.36941 -0.266422 4.83854
      vertex 6.96864 -0.794113 4.60716
      vertex 7.31914 -0.165559 4.66272
    endloop
  endfacet
  facet normal 0.793275 -0.401926 -0.457352
    outer loop
      vertex 6.96864 -0.794113 4.60716
      vertex 6.93075 -0.676955 4.43848
      vertex 7.31914 -0.165559 4.66272
    endloop
  endfacet
  facet normal 0.820939 -0.523509 -0.228029
    outer loop
      vertex 7.37392 -0.343817 5.03246
      vertex 6.96365 -0.88401 4.7956
      vertex 7.36941 -0.266422 4.83854
    endloop
  endfacet
  facet normal 0.820943 -0.523513 -0.228007
    outer loop
      vertex 6.96365 -0.88401 4.7956
      vertex 6.96864 -0.794113 4.60716
      vertex 7.36941 -0.266422 4.83854
    endloop
  endfacet
  facet normal 0.79273 -0.609347 0.0165962
    outer loop
      vertex 7.33236 -0.39247 5.23126
      vertex 6.91612 -0.940523 4.99095
      vertex 7.37392 -0.343817 5.03246
    endloop
  endfacet
  facet normal 0.79273 -0.609347 0.0165982
    outer loop
      vertex 6.91612 -0.940523 4.99095
      vertex 6.96365 -0.88401 4.7956
      vertex 7.37392 -0.343817 5.03246
    endloop
  endfacet
  facet normal 0.710692 -0.653726 0.259921
    outer loop
      vertex 7.24756 -0.409064 5.42139
      vertex 6.82929 -0.959798 5.1799
      vertex 7.33236 -0.39247 5.23126
    endloop
  endfacet
  facet normal 0.710696 -0.653728 0.259905
    outer loop
      vertex 6.82929 -0.959798 5.1799
      vertex 6.91612 -0.940523 4.99095
      vertex 7.33236 -0.39247 5.23126
    endloop
  endfacet
  facet normal 0.501011 -0.745433 0.439679
    outer loop
      vertex 6.70906 -0.940523 5.34958
      vertex 6.23444 -1.42115 5.07555
      vertex 6.82929 -0.959798 5.1799
    endloop
  endfacet
  facet normal 0.501013 -0.745434 0.439675
    outer loop
      vertex 6.23444 -1.42115 5.07555
      vertex 6.35234 -1.44278 4.90453
      vertex 6.82929 -0.959798 5.1799
    endloop
  endfacet
  facet normal 0.336723 -0.694828 0.635477
    outer loop
      vertex 6.56365 -0.88401 5.48842
      vertex 6.09583 -1.35775 5.21832
      vertex 6.70906 -0.940523 5.34958
    endloop
  endfacet
  facet normal 0.336727 -0.694833 0.63547
    outer loop
      vertex 6.09583 -1.35775 5.21832
      vertex 6.23444 -1.42115 5.07555
      vertex 6.70906 -0.940523 5.34958
    endloop
  endfacet
  facet normal 0.149383 -0.596936 0.788259
    outer loop
      vertex 6.40296 -0.794113 5.58695
      vertex 5.94596 -1.25688 5.32311
      vertex 6.56365 -0.88401 5.48842
    endloop
  endfacet
  facet normal 0.149385 -0.596938 0.788257
    outer loop
      vertex 5.94596 -1.25688 5.32311
      vertex 6.09583 -1.35775 5.21832
      vertex 6.56365 -0.88401 5.48842
    endloop
  endfacet
  facet normal -0.0482632 -0.458325 0.887474
    outer loop
      vertex 6.23793 -0.676955 5.63848
      vertex 5.79504 -1.12544 5.38278
      vertex 6.40296 -0.794113 5.58695
    endloop
  endfacet
  facet normal -0.0482705 -0.458314 0.887478
    outer loop
      vertex 5.79504 -1.12544 5.38278
      vertex 5.94596 -1.25688 5.32311
      vertex 6.40296 -0.794113 5.58695
    endloop
  endfacet
  facet normal -0.242894 -0.288227 0.926244
    outer loop
      vertex 6.07981 -0.540523 5.63947
      vertex 5.65336 -0.972364 5.39326
      vertex 6.23793 -0.676955 5.63848
    endloop
  endfacet
  facet normal -0.242895 -0.288226 0.926244
    outer loop
      vertex 5.65336 -0.972364 5.39326
      vertex 5.79504 -1.12544 5.38278
      vertex 6.23793 -0.676955 5.63848
    endloop
  endfacet
  facet normal -0.420998 -0.0983584 0.901713
    outer loop
      vertex 5.93939 -0.394113 5.58988
      vertex 5.53057 -0.808096 5.35385
      vertex 6.07981 -0.540523 5.63947
    endloop
  endfacet
  facet normal -0.420997 -0.0983618 0.901713
    outer loop
      vertex 5.53057 -0.808096 5.35385
      vertex 5.65336 -0.972364 5.39326
      vertex 6.07981 -0.540523 5.63947
    endloop
  endfacet
  facet normal -0.570395 0.0983617 0.81546
    outer loop
      vertex 5.82622 -0.247702 5.49306
      vertex 5.43504 -0.643828 5.26722
      vertex 5.93939 -0.394113 5.58988
    endloop
  endfacet
  facet normal -0.570389 0.0983425 0.815466
    outer loop
      vertex 5.43504 -0.643828 5.26722
      vertex 5.53057 -0.808096 5.35385
      vertex 5.93939 -0.394113 5.58988
    endloop
  endfacet
  facet normal -0.680706 0.288265 0.673456
    outer loop
      vertex 5.74803 -0.11127 5.35563
      vertex 5.37328 -0.490755 5.13928
      vertex 5.82622 -0.247702 5.49306
    endloop
  endfacet
  facet normal -0.680704 0.288247 0.673465
    outer loop
      vertex 5.37328 -0.490755 5.13928
      vertex 5.43504 -0.643828 5.26722
      vertex 5.82622 -0.247702 5.49306
    endloop
  endfacet
  facet normal -0.744438 0.458291 0.485573
    outer loop
      vertex 5.71013 0.00588745 5.18695
      vertex 5.3495 -0.359308 4.97874
      vertex 5.74803 -0.11127 5.35563
    endloop
  endfacet
  facet normal -0.744434 0.458331 0.485542
    outer loop
      vertex 5.3495 -0.359308 4.97874
      vertex 5.37328 -0.490755 5.13928
      vertex 5.74803 -0.11127 5.35563
    endloop
  endfacet
  facet normal -0.757349 0.59694 0.264737
    outer loop
      vertex 5.71512 0.0957854 4.99852
      vertex 5.36532 -0.258445 4.79656
      vertex 5.71013 0.00588745 5.18695
    endloop
  endfacet
  facet normal -0.757346 0.596946 0.26473
    outer loop
      vertex 5.36532 -0.258445 4.79656
      vertex 5.3495 -0.359308 4.97874
      vertex 5.71013 0.00588745 5.18695
    endloop
  endfacet
  facet normal -0.718704 0.694824 0.0261393
    outer loop
      vertex 5.76265 0.152298 4.80317
      vertex 5.41965 -0.19504 4.60513
      vertex 5.71512 0.0957854 4.99852
    endloop
  endfacet
  facet normal -0.718714 0.694813 0.0261552
    outer loop
      vertex 5.41965 -0.19504 4.60513
      vertex 5.36532 -0.258445 4.79656
      vertex 5.71512 0.0957854 4.99852
    endloop
  endfacet
  facet normal -0.631266 0.745437 -0.214071
    outer loop
      vertex 5.84949 0.171573 4.61421
      vertex 5.50881 -0.173413 4.41752
      vertex 5.76265 0.152298 4.80317
    endloop
  endfacet
  facet normal -0.631265 0.745438 -0.214072
    outer loop
      vertex 5.50881 -0.173413 4.41752
      vertex 5.41965 -0.19504 4.60513
      vertex 5.76265 0.152298 4.80317
    endloop
  endfacet
  facet normal -0.501008 0.745438 -0.439674
    outer loop
      vertex 5.96971 0.152298 4.44454
      vertex 5.62671 -0.19504 4.2465
      vertex 5.84949 0.171573 4.61421
    endloop
  endfacet
  facet normal -0.501019 0.745436 -0.439666
    outer loop
      vertex 5.62671 -0.19504 4.2465
      vertex 5.50881 -0.173413 4.41752
      vertex 5.84949 0.171573 4.61421
    endloop
  endfacet
  facet normal -0.336727 0.694825 -0.635478
    outer loop
      vertex 6.11512 0.0957854 4.3057
      vertex 5.76532 -0.258445 4.10374
      vertex 5.96971 0.152298 4.44454
    endloop
  endfacet
  facet normal -0.33669 0.694824 -0.635499
    outer loop
      vertex 5.76532 -0.258445 4.10374
      vertex 5.62671 -0.19504 4.2465
      vertex 5.96971 0.152298 4.44454
    endloop
  endfacet
  facet normal -0.149407 0.596945 -0.788247
    outer loop
      vertex 6.27582 0.00588745 4.20716
      vertex 5.91519 -0.359308 3.99895
      vertex 6.11512 0.0957854 4.3057
    endloop
  endfacet
  facet normal -0.149403 0.596944 -0.788249
    outer loop
      vertex 5.91519 -0.359308 3.99895
      vertex 5.76532 -0.258445 4.10374
      vertex 6.11512 0.0957854 4.3057
    endloop
  endfacet
  facet normal 0.0482527 0.458314 -0.887479
    outer loop
      vertex 6.44085 -0.11127 4.15563
      vertex 6.0661 -0.490755 3.93928
      vertex 6.27582 0.00588745 4.20716
    endloop
  endfacet
  facet normal 0.0482837 0.458303 -0.887483
    outer loop
      vertex 6.0661 -0.490755 3.93928
      vertex 5.91519 -0.359308 3.99895
      vertex 6.27582 0.00588745 4.20716
    endloop
  endfacet
  facet normal 0.242905 0.288222 -0.926242
    outer loop
      vertex 6.59896 -0.247702 4.15464
      vertex 6.20778 -0.643828 3.92879
      vertex 6.44085 -0.11127 4.15563
    endloop
  endfacet
  facet normal 0.242849 0.288249 -0.926249
    outer loop
      vertex 6.20778 -0.643828 3.92879
      vertex 6.0661 -0.490755 3.93928
      vertex 6.44085 -0.11127 4.15563
    endloop
  endfacet
  facet normal 0.421013 0.0983409 -0.901708
    outer loop
      vertex 6.73939 -0.394113 4.20424
      vertex 6.33057 -0.808096 3.96821
      vertex 6.59896 -0.247702 4.15464
    endloop
  endfacet
  facet normal 0.421027 0.0983323 -0.901702
    outer loop
      vertex 6.33057 -0.808096 3.96821
      vertex 6.20778 -0.643828 3.92879
      vertex 6.59896 -0.247702 4.15464
    endloop
  endfacet
  facet normal 0.570395 -0.0983467 -0.815462
    outer loop
      vertex 6.85255 -0.540523 4.30105
      vertex 6.4261 -0.972364 4.05484
      vertex 6.73939 -0.394113 4.20424
    endloop
  endfacet
  facet normal 0.570389 -0.0983425 -0.815466
    outer loop
      vertex 6.4261 -0.972364 4.05484
      vertex 6.33057 -0.808096 3.96821
      vertex 6.73939 -0.394113 4.20424
    endloop
  endfacet
  facet normal 0.680702 -0.288235 -0.673473
    outer loop
      vertex 6.93075 -0.676955 4.43848
      vertex 6.48786 -1.12544 4.18278
      vertex 6.85255 -0.540523 4.30105
    endloop
  endfacet
  facet normal 0.680707 -0.28824 -0.673465
    outer loop
      vertex 6.48786 -1.12544 4.18278
      vertex 6.4261 -0.972364 4.05484
      vertex 6.85255 -0.540523 4.30105
    endloop
  endfacet
  facet normal 0.744443 -0.458312 -0.485546
    outer loop
      vertex 6.96864 -0.794113 4.60716
      vertex 6.51165 -1.25688 4.34331
      vertex 6.93075 -0.676955 4.43848
    endloop
  endfacet
  facet normal 0.744433 -0.4583 -0.485573
    outer loop
      vertex 6.51165 -1.25688 4.34331
      vertex 6.48786 -1.12544 4.18278
      vertex 6.93075 -0.676955 4.43848
    endloop
  endfacet
  facet normal 0.757345 -0.59695 -0.264725
    outer loop
      vertex 6.96365 -0.88401 4.7956
      vertex 6.49583 -1.35775 4.5255
      vertex 6.96864 -0.794113 4.60716
    endloop
  endfacet
  facet normal 0.757343 -0.596946 -0.264739
    outer loop
      vertex 6.49583 -1.35775 4.5255
      vertex 6.51165 -1.25688 4.34331
      vertex 6.96864 -0.794113 4.60716
    endloop
  endfacet
  facet normal 0.718701 -0.694828 -0.0261426
    outer loop
      vertex 6.91612 -0.940523 4.99095
      vertex 6.44149 -1.42115 4.71692
      vertex 6.96365 -0.88401 4.7956
    endloop
  endfacet
  facet normal 0.718699 -0.694831 -0.026111
    outer loop
      vertex 6.44149 -1.42115 4.71692
      vertex 6.49583 -1.35775 4.5255
      vertex 6.96365 -0.88401 4.7956
    endloop
  endfacet
  facet normal 0.631276 -0.745434 0.214054
    outer loop
      vertex 6.82929 -0.959798 5.1799
      vertex 6.35234 -1.44278 4.90453
      vertex 6.91612 -0.940523 4.99095
    endloop
  endfacet
  facet normal 0.631281 -0.745436 0.214034
    outer loop
      vertex 6.35234 -1.44278 4.90453
      vertex 6.44149 -1.42115 4.71692
      vertex 6.91612 -0.940523 4.99095
    endloop
  endfacet
  facet normal 0.411911 -0.824381 0.388233
    outer loop
      vertex 6.23444 -1.42115 5.07555
      vertex 5.70954 -1.82614 4.7725
      vertex 6.35234 -1.44278 4.90453
    endloop
  endfacet
  facet normal 0.411926 -0.824393 0.388192
    outer loop
      vertex 5.70954 -1.82614 4.7725
      vertex 5.82487 -1.84974 4.6
      vertex 6.35234 -1.44278 4.90453
    endloop
  endfacet
  facet normal 0.253671 -0.768425 0.587515
    outer loop
      vertex 6.09583 -1.35775 5.21832
      vertex 5.57846 -1.75692 4.91962
      vertex 6.23444 -1.42115 5.07555
    endloop
  endfacet
  facet normal 0.253658 -0.768411 0.58754
    outer loop
      vertex 5.57846 -1.75692 4.91962
      vertex 5.70954 -1.82614 4.7725
      vertex 6.23444 -1.42115 5.07555
    endloop
  endfacet
  facet normal 0.0780317 -0.660158 0.747063
    outer loop
      vertex 5.94596 -1.25688 5.32311
      vertex 5.44057 -1.64682 5.03132
      vertex 6.09583 -1.35775 5.21832
    endloop
  endfacet
  facet normal 0.0780402 -0.66017 0.747051
    outer loop
      vertex 5.44057 -1.64682 5.03132
      vertex 5.57846 -1.75692 4.91962
      vertex 6.09583 -1.35775 5.21832
    endloop
  endfacet
  facet normal -0.103061 -0.506863 0.855844
    outer loop
      vertex 5.79504 -1.12544 5.38278
      vertex 5.30526 -1.50333 5.1
      vertex 5.94596 -1.25688 5.32311
    endloop
  endfacet
  facet normal -0.103072 -0.506842 0.855855
    outer loop
      vertex 5.30526 -1.50333 5.1
      vertex 5.44057 -1.64682 5.03132
      vertex 5.94596 -1.25688 5.32311
    endloop
  endfacet
  facet normal -0.277343 -0.318748 0.906356
    outer loop
      vertex 5.65336 -0.972364 5.39326
      vertex 5.18175 -1.33624 5.12098
      vertex 5.79504 -1.12544 5.38278
    endloop
  endfacet
  facet normal -0.277323 -0.318794 0.906346
    outer loop
      vertex 5.18175 -1.33624 5.12098
      vertex 5.30526 -1.50333 5.1
      vertex 5.79504 -1.12544 5.38278
    endloop
  endfacet
  facet normal -0.43276 -0.108784 0.894922
    outer loop
      vertex 5.53057 -0.808096 5.35385
      vertex 5.07846 -1.15692 5.09282
      vertex 5.65336 -0.972364 5.39326
    endloop
  endfacet
  facet normal -0.432772 -0.108744 0.894921
    outer loop
      vertex 5.07846 -1.15692 5.09282
      vertex 5.18175 -1.33624 5.12098
      vertex 5.65336 -0.972364 5.39326
    endloop
  endfacet
  facet normal -0.558639 0.108753 0.82225
    outer loop
      vertex 5.43504 -0.643828 5.26722
      vertex 5.00243 -0.977607 5.01745
      vertex 5.53057 -0.808096 5.35385
    endloop
  endfacet
  facet normal -0.558638 0.108747 0.822251
    outer loop
      vertex 5.00243 -0.977607 5.01745
      vertex 5.07846 -1.15692 5.09282
      vertex 5.53057 -0.808096 5.35385
    endloop
  endfacet
  facet normal -0.646264 0.318762 0.69335
    outer loop
      vertex 5.37328 -0.490755 5.13928
      vertex 4.95885 -0.810512 4.9
      vertex 5.43504 -0.643828 5.26722
    endloop
  endfacet
  facet normal -0.646264 0.31879 0.693337
    outer loop
      vertex 4.95885 -0.810512 4.9
      vertex 5.00243 -0.977607 5.01745
      vertex 5.43504 -0.643828 5.26722
    endloop
  endfacet
  facet normal -0.689654 0.506868 0.517168
    outer loop
      vertex 5.3495 -0.359308 4.97874
      vertex 4.95067 -0.667024 4.74848
      vertex 5.37328 -0.490755 5.13928
    endloop
  endfacet
  facet normal -0.689662 0.506829 0.517195
    outer loop
      vertex 4.95067 -0.667024 4.74848
      vertex 4.95885 -0.810512 4.9
      vertex 5.37328 -0.490755 5.13928
    endloop
  endfacet
  facet normal -0.685985 0.660174 0.305933
    outer loop
      vertex 5.36532 -0.258445 4.79656
      vertex 4.97846 -0.556922 4.5732
      vertex 5.3495 -0.359308 4.97874
    endloop
  endfacet
  facet normal -0.685983 0.660177 0.30593
    outer loop
      vertex 4.97846 -0.556922 4.5732
      vertex 4.95067 -0.667024 4.74848
      vertex 5.3495 -0.359308 4.97874
    endloop
  endfacet
  facet normal -0.635657 0.768407 0.0741032
    outer loop
      vertex 5.41965 -0.19504 4.60513
      vertex 5.04033 -0.487709 4.38613
      vertex 5.36532 -0.258445 4.79656
    endloop
  endfacet
  facet normal -0.635639 0.768424 0.074079
    outer loop
      vertex 5.04033 -0.487709 4.38613
      vertex 4.97846 -0.556922 4.5732
      vertex 5.36532 -0.258445 4.79656
    endloop
  endfacet
  facet normal -0.542163 0.824386 -0.162626
    outer loop
      vertex 5.50881 -0.173413 4.41752
      vertex 5.13205 -0.464102 4.2
      vertex 5.41965 -0.19504 4.60513
    endloop
  endfacet
  facet normal -0.542176 0.82438 -0.162613
    outer loop
      vertex 5.13205 -0.464102 4.2
      vertex 5.04033 -0.487709 4.38613
      vertex 5.41965 -0.19504 4.60513
    endloop
  endfacet
  facet normal -0.411914 0.824385 -0.388222
    outer loop
      vertex 5.62671 -0.19504 4.2465
      vertex 5.24738 -0.487709 4.0275
      vertex 5.50881 -0.173413 4.41752
    endloop
  endfacet
  facet normal -0.411918 0.824385 -0.388219
    outer loop
      vertex 5.24738 -0.487709 4.0275
      vertex 5.13205 -0.464102 4.2
      vertex 5.50881 -0.173413 4.41752
    endloop
  endfacet
  facet normal -0.253634 0.768416 -0.587543
    outer loop
      vertex 5.76532 -0.258445 4.10374
      vertex 5.37846 -0.556922 3.88038
      vertex 5.62671 -0.19504 4.2465
    endloop
  endfacet
  facet normal -0.253673 0.76842 -0.587521
    outer loop
      vertex 5.37846 -0.556922 3.88038
      vertex 5.24738 -0.487709 4.0275
      vertex 5.62671 -0.19504 4.2465
    endloop
  endfacet
  facet normal -0.0780379 0.660176 -0.747046
    outer loop
      vertex 5.91519 -0.359308 3.99895
      vertex 5.51635 -0.667024 3.76868
      vertex 5.76532 -0.258445 4.10374
    endloop
  endfacet
  facet normal -0.0780267 0.660173 -0.74705
    outer loop
      vertex 5.51635 -0.667024 3.76868
      vertex 5.37846 -0.556922 3.88038
      vertex 5.76532 -0.258445 4.10374
    endloop
  endfacet
  facet normal 0.103078 0.506851 -0.855849
    outer loop
      vertex 6.0661 -0.490755 3.93928
      vertex 5.65167 -0.810512 3.7
      vertex 5.91519 -0.359308 3.99895
    endloop
  endfacet
  facet normal 0.103072 0.506853 -0.855848
    outer loop
      vertex 5.65167 -0.810512 3.7
      vertex 5.51635 -0.667024 3.76868
      vertex 5.91519 -0.359308 3.99895
    endloop
  endfacet
  facet normal 0.277321 0.318792 -0.906347
    outer loop
      vertex 6.20778 -0.643828 3.92879
      vertex 5.77517 -0.977607 3.67902
      vertex 6.0661 -0.490755 3.93928
    endloop
  endfacet
  facet normal 0.27734 0.31878 -0.906345
    outer loop
      vertex 5.77517 -0.977607 3.67902
      vertex 5.65167 -0.810512 3.7
      vertex 6.0661 -0.490755 3.93928
    endloop
  endfacet
  facet normal 0.432783 0.108748 -0.894915
    outer loop
      vertex 6.33057 -0.808096 3.96821
      vertex 5.87846 -1.15692 3.70718
      vertex 6.20778 -0.643828 3.92879
    endloop
  endfacet
  facet normal 0.432778 0.108753 -0.894917
    outer loop
      vertex 5.87846 -1.15692 3.70718
      vertex 5.77517 -0.977607 3.67902
      vertex 6.20778 -0.643828 3.92879
    endloop
  endfacet
  facet normal 0.558643 -0.10875 -0.822248
    outer loop
      vertex 6.4261 -0.972364 4.05484
      vertex 5.95449 -1.33624 3.78255
      vertex 6.33057 -0.808096 3.96821
    endloop
  endfacet
  facet normal 0.558637 -0.108744 -0.822253
    outer loop
      vertex 5.95449 -1.33624 3.78255
      vertex 5.87846 -1.15692 3.70718
      vertex 6.33057 -0.808096 3.96821
    endloop
  endfacet
  facet normal 0.646258 -0.318763 -0.693355
    outer loop
      vertex 6.48786 -1.12544 4.18278
      vertex 5.99808 -1.50333 3.9
      vertex 6.4261 -0.972364 4.05484
    endloop
  endfacet
  facet normal 0.646263 -0.318769 -0.693348
    outer loop
      vertex 5.99808 -1.50333 3.9
      vertex 5.95449 -1.33624 3.78255
      vertex 6.4261 -0.972364 4.05484
    endloop
  endfacet
  facet normal 0.689652 -0.506839 -0.517198
    outer loop
      vertex 6.51165 -1.25688 4.34331
      vertex 6.00625 -1.64682 4.05152
      vertex 6.48786 -1.12544 4.18278
    endloop
  endfacet
  facet normal 0.689659 -0.506851 -0.517177
    outer loop
      vertex 6.00625 -1.64682 4.05152
      vertex 5.99808 -1.50333 3.9
      vertex 6.48786 -1.12544 4.18278
    endloop
  endfacet
  facet normal 0.685985 -0.660171 -0.30594
    outer loop
      vertex 6.49583 -1.35775 4.5255
      vertex 5.97846 -1.75692 4.22679
      vertex 6.51165 -1.25688 4.34331
    endloop
  endfacet
  facet normal 0.685985 -0.660172 -0.305936
    outer loop
      vertex 5.97846 -1.75692 4.22679
      vertex 6.00625 -1.64682 4.05152
      vertex 6.51165 -1.25688 4.34331
    endloop
  endfacet
  facet normal 0.635642 -0.768423 -0.0740634
    outer loop
      vertex 6.44149 -1.42115 4.71692
      vertex 5.91659 -1.82614 4.41387
      vertex 6.49583 -1.35775 4.5255
    endloop
  endfacet
  facet normal 0.635645 -0.768417 -0.0740994
    outer loop
      vertex 5.91659 -1.82614 4.41387
      vertex 5.97846 -1.75692 4.22679
      vertex 6.49583 -1.35775 4.5255
    endloop
  endfacet
  facet normal 0.542172 -0.824387 0.162588
    outer loop
      vertex 6.35234 -1.44278 4.90453
      vertex 5.82487 -1.84974 4.6
      vertex 6.44149 -1.42115 4.71692
    endloop
  endfacet
  facet normal 0.542161 -0.824385 0.162637
    outer loop
      vertex 5.82487 -1.84974 4.6
      vertex 5.91659 -1.82614 4.41387
      vertex 6.44149 -1.42115 4.71692
    endloop
  endfacet
  facet normal 0.314654 -0.889241 0.33203
    outer loop
      vertex 5.70954 -1.82614 4.7725
      vertex 5.14335 -2.14854 4.44561
      vertex 5.82487 -1.84974 4.6
    endloop
  endfacet
  facet normal 0.314632 -0.889224 0.332095
    outer loop
      vertex 5.14335 -2.14854 4.44561
      vertex 5.25592 -2.17373 4.27151
      vertex 5.82487 -1.84974 4.6
    endloop
  endfacet
  facet normal 0.162985 -0.828857 0.535193
    outer loop
      vertex 5.57846 -1.75692 4.91962
      vertex 5.0204 -2.0747 4.59742
      vertex 5.70954 -1.82614 4.7725
    endloop
  endfacet
  facet normal 0.162995 -0.82887 0.535169
    outer loop
      vertex 5.0204 -2.0747 4.59742
      vertex 5.14335 -2.14854 4.44561
      vertex 5.70954 -1.82614 4.7725
    endloop
  endfacet
  facet normal 0.000151285 -0.712096 0.702082
    outer loop
      vertex 5.44057 -1.64682 5.03132
      vertex 4.89542 -1.95725 4.71658
      vertex 5.57846 -1.75692 4.91962
    endloop
  endfacet
  facet normal 0.000161908 -0.712114 0.702064
    outer loop
      vertex 4.89542 -1.95725 4.71658
      vertex 5.0204 -2.0747 4.59742
      vertex 5.57846 -1.75692 4.91962
    endloop
  endfacet
  facet normal -0.162874 -0.546709 0.821329
    outer loop
      vertex 5.30526 -1.50333 5.1
      vertex 4.77694 -1.80417 4.79498
      vertex 5.44057 -1.64682 5.03132
    endloop
  endfacet
  facet normal -0.162875 -0.546706 0.821331
    outer loop
      vertex 4.77694 -1.80417 4.79498
      vertex 4.89542 -1.95725 4.71658
      vertex 5.44057 -1.64682 5.03132
    endloop
  endfacet
  facet normal -0.314937 -0.343871 0.884628
    outer loop
      vertex 5.18175 -1.33624 5.12098
      vertex 4.67304 -1.62592 4.82727
      vertex 5.30526 -1.50333 5.1
    endloop
  endfacet
  facet normal -0.314949 -0.343833 0.884639
    outer loop
      vertex 4.67304 -1.62592 4.82727
      vertex 4.77694 -1.80417 4.79498
      vertex 5.30526 -1.50333 5.1
    endloop
  endfacet
  facet normal -0.445611 -0.117304 0.887508
    outer loop
      vertex 5.07846 -1.15692 5.09282
      vertex 4.59079 -1.43462 4.81126
      vertex 5.18175 -1.33624 5.12098
    endloop
  endfacet
  facet normal -0.445609 -0.117315 0.887507
    outer loop
      vertex 4.59079 -1.43462 4.81126
      vertex 4.67304 -1.62592 4.82727
      vertex 5.18175 -1.33624 5.12098
    endloop
  endfacet
  facet normal -0.545809 0.117301 0.829659
    outer loop
      vertex 5.00243 -0.977607 5.01745
      vertex 4.53579 -1.24333 4.74803
      vertex 5.07846 -1.15692 5.09282
    endloop
  endfacet
  facet normal -0.545809 0.117307 0.829657
    outer loop
      vertex 4.53579 -1.24333 4.74803
      vertex 4.59079 -1.43462 4.81126
      vertex 5.07846 -1.15692 5.09282
    endloop
  endfacet
  facet normal -0.608647 0.343867 0.715055
    outer loop
      vertex 4.95885 -0.810512 4.9
      vertex 4.51181 -1.06507 4.6419
      vertex 5.00243 -0.977607 5.01745
    endloop
  endfacet
  facet normal -0.60865 0.343847 0.715063
    outer loop
      vertex 4.51181 -1.06507 4.6419
      vertex 4.53579 -1.24333 4.74803
      vertex 5.00243 -0.977607 5.01745
    endloop
  endfacet
  facet normal -0.629856 0.546701 0.551724
    outer loop
      vertex 4.95067 -0.667024 4.74848
      vertex 4.52047 -0.911997 4.5001
      vertex 4.95885 -0.810512 4.9
    endloop
  endfacet
  facet normal -0.629851 0.546717 0.551714
    outer loop
      vertex 4.52047 -0.911997 4.5001
      vertex 4.51181 -1.06507 4.6419
      vertex 4.95885 -0.810512 4.9
    endloop
  endfacet
  facet normal -0.608086 0.712109 0.350901
    outer loop
      vertex 4.97846 -0.556922 4.5732
      vertex 4.56117 -0.794539 4.33228
      vertex 4.95067 -0.667024 4.74848
    endloop
  endfacet
  facet normal -0.608098 0.71209 0.350918
    outer loop
      vertex 4.56117 -0.794539 4.33228
      vertex 4.52047 -0.911997 4.5001
      vertex 4.95067 -0.667024 4.74848
    endloop
  endfacet
  facet normal -0.544973 0.828867 0.126428
    outer loop
      vertex 5.04033 -0.487709 4.38613
      vertex 4.63116 -0.720702 4.1499
      vertex 4.97846 -0.556922 4.5732
    endloop
  endfacet
  facet normal -0.544974 0.828866 0.12643
    outer loop
      vertex 4.63116 -0.720702 4.1499
      vertex 4.56117 -0.794539 4.33228
      vertex 4.97846 -0.556922 4.5732
    endloop
  endfacet
  facet normal -0.444897 0.889233 -0.106451
    outer loop
      vertex 5.13205 -0.464102 4.2
      vertex 4.72565 -0.695518 3.96537
      vertex 5.04033 -0.487709 4.38613
    endloop
  endfacet
  facet normal -0.444895 0.889233 -0.106453
    outer loop
      vertex 4.72565 -0.695518 3.96537
      vertex 4.63116 -0.720702 4.1499
      vertex 5.04033 -0.487709 4.38613
    endloop
  endfacet
  facet normal -0.314649 0.889231 -0.332061
    outer loop
      vertex 5.24738 -0.487709 4.0275
      vertex 4.83822 -0.720702 3.79127
      vertex 5.13205 -0.464102 4.2
    endloop
  endfacet
  facet normal -0.314638 0.889232 -0.332069
    outer loop
      vertex 4.83822 -0.720702 3.79127
      vertex 4.72565 -0.695518 3.96537
      vertex 5.13205 -0.464102 4.2
    endloop
  endfacet
  facet normal -0.163002 0.828867 -0.535173
    outer loop
      vertex 5.37846 -0.556922 3.88038
      vertex 4.96117 -0.794539 3.63946
      vertex 5.24738 -0.487709 4.0275
    endloop
  endfacet
  facet normal -0.163013 0.828869 -0.535166
    outer loop
      vertex 4.96117 -0.794539 3.63946
      vertex 4.83822 -0.720702 3.79127
      vertex 5.24738 -0.487709 4.0275
    endloop
  endfacet
  facet normal -0.000141457 0.712095 -0.702083
    outer loop
      vertex 5.51635 -0.667024 3.76868
      vertex 5.08615 -0.911997 3.5203
      vertex 5.37846 -0.556922 3.88038
    endloop
  endfacet
  facet normal -0.000146821 0.712098 -0.70208
    outer loop
      vertex 5.08615 -0.911997 3.5203
      vertex 4.96117 -0.794539 3.63946
      vertex 5.37846 -0.556922 3.88038
    endloop
  endfacet
  facet normal 0.162872 0.546722 -0.82132
    outer loop
      vertex 5.65167 -0.810512 3.7
      vertex 5.20463 -1.06507 3.4419
      vertex 5.51635 -0.667024 3.76868
    endloop
  endfacet
  facet normal 0.162871 0.546723 -0.82132
    outer loop
      vertex 5.20463 -1.06507 3.4419
      vertex 5.08615 -0.911997 3.5203
      vertex 5.51635 -0.667024 3.76868
    endloop
  endfacet
  facet normal 0.314939 0.343844 -0.884638
    outer loop
      vertex 5.77517 -0.977607 3.67902
      vertex 5.30853 -1.24333 3.40961
      vertex 5.65167 -0.810512 3.7
    endloop
  endfacet
  facet normal 0.314965 0.343823 -0.884637
    outer loop
      vertex 5.30853 -1.24333 3.40961
      vertex 5.20463 -1.06507 3.4419
      vertex 5.65167 -0.810512 3.7
    endloop
  endfacet
  facet normal 0.44561 0.117308 -0.887508
    outer loop
      vertex 5.87846 -1.15692 3.70718
      vertex 5.39079 -1.43462 3.42562
      vertex 5.77517 -0.977607 3.67902
    endloop
  endfacet
  facet normal 0.445585 0.117333 -0.887517
    outer loop
      vertex 5.39079 -1.43462 3.42562
      vertex 5.30853 -1.24333 3.40961
      vertex 5.77517 -0.977607 3.67902
    endloop
  endfacet
  facet normal 0.545798 -0.117303 -0.829665
    outer loop
      vertex 5.95449 -1.33624 3.78255
      vertex 5.44578 -1.62592 3.48885
      vertex 5.87846 -1.15692 3.70718
    endloop
  endfacet
  facet normal 0.545815 -0.117326 -0.829651
    outer loop
      vertex 5.44578 -1.62592 3.48885
      vertex 5.39079 -1.43462 3.42562
      vertex 5.87846 -1.15692 3.70718
    endloop
  endfacet
  facet normal 0.608638 -0.343853 -0.71507
    outer loop
      vertex 5.99808 -1.50333 3.9
      vertex 5.46976 -1.80417 3.59498
      vertex 5.95449 -1.33624 3.78255
    endloop
  endfacet
  facet normal 0.608644 -0.343865 -0.715059
    outer loop
      vertex 5.46976 -1.80417 3.59498
      vertex 5.44578 -1.62592 3.48885
      vertex 5.95449 -1.33624 3.78255
    endloop
  endfacet
  facet normal 0.629852 -0.546721 -0.551709
    outer loop
      vertex 6.00625 -1.64682 4.05152
      vertex 5.4611 -1.95725 3.73678
      vertex 5.99808 -1.50333 3.9
    endloop
  endfacet
  facet normal 0.629846 -0.546707 -0.55173
    outer loop
      vertex 5.4611 -1.95725 3.73678
      vertex 5.46976 -1.80417 3.59498
      vertex 5.99808 -1.50333 3.9
    endloop
  endfacet
  facet normal 0.60809 -0.712102 -0.350908
    outer loop
      vertex 5.97846 -1.75692 4.22679
      vertex 5.4204 -2.0747 3.9046
      vertex 6.00625 -1.64682 4.05152
    endloop
  endfacet
  facet normal 0.608091 -0.712107 -0.350898
    outer loop
      vertex 5.4204 -2.0747 3.9046
      vertex 5.4611 -1.95725 3.73678
      vertex 6.00625 -1.64682 4.05152
    endloop
  endfacet
  facet normal 0.544982 -0.828858 -0.126446
    outer loop
      vertex 5.91659 -1.82614 4.41387
      vertex 5.35041 -2.14854 4.08698
      vertex 5.97846 -1.75692 4.22679
    endloop
  endfacet
  facet normal 0.544981 -0.82886 -0.126438
    outer loop
      vertex 5.35041 -2.14854 4.08698
      vertex 5.4204 -2.0747 3.9046
      vertex 5.97846 -1.75692 4.22679
    endloop
  endfacet
  facet normal 0.444894 -0.88923 0.106484
    outer loop
      vertex 5.82487 -1.84974 4.6
      vertex 5.25592 -2.17373 4.27151
      vertex 5.91659 -1.82614 4.41387
    endloop
  endfacet
  facet normal 0.444906 -0.889231 0.10643
    outer loop
      vertex 5.25592 -2.17373 4.27151
      vertex 5.35041 -2.14854 4.08698
      vertex 5.91659 -1.82614 4.41387
    endloop
  endfacet
  facet normal 0.210859 -0.93886 0.272178
    outer loop
      vertex 5.14335 -2.14854 4.44561
      vertex 4.54557 -2.38285 4.10048
      vertex 5.25592 -2.17373 4.27151
    endloop
  endfacet
  facet normal 0.21087 -0.938867 0.272144
    outer loop
      vertex 4.54557 -2.38285 4.10048
      vertex 4.65521 -2.40918 3.92469
      vertex 5.25592 -2.17373 4.27151
    endloop
  endfacet
  facet normal 0.0662791 -0.875124 0.479337
    outer loop
      vertex 5.0204 -2.0747 4.59742
      vertex 4.43118 -2.30566 4.25723
      vertex 5.14335 -2.14854 4.44561
    endloop
  endfacet
  facet normal 0.0662848 -0.875132 0.479322
    outer loop
      vertex 4.43118 -2.30566 4.25723
      vertex 4.54557 -2.38285 4.10048
      vertex 5.14335 -2.14854 4.44561
    endloop
  endfacet
  facet normal -0.0829391 -0.751862 0.654083
    outer loop
      vertex 4.89542 -1.95725 4.71658
      vertex 4.31984 -2.18285 4.38427
      vertex 5.0204 -2.0747 4.59742
    endloop
  endfacet
  facet normal -0.08295 -0.75184 0.654107
    outer loop
      vertex 4.31984 -2.18285 4.38427
      vertex 4.43118 -2.30566 4.25723
      vertex 5.0204 -2.0747 4.59742
    endloop
  endfacet
  facet normal -0.22668 -0.577223 0.784493
    outer loop
      vertex 4.77694 -1.80417 4.79498
      vertex 4.21914 -2.02281 4.47293
      vertex 4.89542 -1.95725 4.71658
    endloop
  endfacet
  facet normal -0.226678 -0.577227 0.784491
    outer loop
      vertex 4.21914 -2.02281 4.47293
      vertex 4.31984 -2.18285 4.38427
      vertex 4.89542 -1.95725 4.71658
    endloop
  endfacet
  facet normal -0.35508 -0.363028 0.861469
    outer loop
      vertex 4.67304 -1.62592 4.82727
      vertex 4.13593 -1.83644 4.51717
      vertex 4.77694 -1.80417 4.79498
    endloop
  endfacet
  facet normal -0.35508 -0.363028 0.861469
    outer loop
      vertex 4.13593 -1.83644 4.51717
      vertex 4.21914 -2.02281 4.47293
      vertex 4.77694 -1.80417 4.79498
    endloop
  endfacet
  facet normal -0.459285 -0.123856 0.879612
    outer loop
      vertex 4.59079 -1.43462 4.81126
      vertex 4.07589 -1.63644 4.51399
      vertex 4.67304 -1.62592 4.82727
    endloop
  endfacet
  facet normal -0.459282 -0.123891 0.879608
    outer loop
      vertex 4.07589 -1.63644 4.51399
      vertex 4.13593 -1.83644 4.51717
      vertex 4.67304 -1.62592 4.82727
    endloop
  endfacet
  facet normal -0.532116 0.123858 0.837563
    outer loop
      vertex 4.53579 -1.24333 4.74803
      vertex 4.04311 -1.43644 4.46358
      vertex 4.59079 -1.43462 4.81126
    endloop
  endfacet
  facet normal -0.532114 0.123893 0.837559
    outer loop
      vertex 4.04311 -1.43644 4.46358
      vertex 4.07589 -1.63644 4.51399
      vertex 4.59079 -1.43462 4.81126
    endloop
  endfacet
  facet normal -0.568513 0.363043 0.738236
    outer loop
      vertex 4.51181 -1.06507 4.6419
      vertex 4.03982 -1.25007 4.3694
      vertex 4.53579 -1.24333 4.74803
    endloop
  endfacet
  facet normal -0.568517 0.363026 0.738242
    outer loop
      vertex 4.03982 -1.25007 4.3694
      vertex 4.04311 -1.43644 4.46358
      vertex 4.53579 -1.24333 4.74803
    endloop
  endfacet
  facet normal -0.566045 0.577233 0.588553
    outer loop
      vertex 4.52047 -0.911997 4.5001
      vertex 4.06625 -1.09003 4.23786
      vertex 4.51181 -1.06507 4.6419
    endloop
  endfacet
  facet normal -0.566047 0.577227 0.588557
    outer loop
      vertex 4.06625 -1.09003 4.23786
      vertex 4.03982 -1.25007 4.3694
      vertex 4.51181 -1.06507 4.6419
    endloop
  endfacet
  facet normal -0.524999 0.751839 0.398892
    outer loop
      vertex 4.56117 -0.794539 4.33228
      vertex 4.1206 -0.967231 4.07792
      vertex 4.52047 -0.911997 4.5001
    endloop
  endfacet
  facet normal -0.52498 0.751863 0.398871
    outer loop
      vertex 4.1206 -0.967231 4.07792
      vertex 4.06625 -1.09003 4.23786
      vertex 4.52047 -0.911997 4.5001
    endloop
  endfacet
  facet normal -0.44826 0.875123 0.182272
    outer loop
      vertex 4.63116 -0.720702 4.1499
      vertex 4.19916 -0.890034 3.90048
      vertex 4.56117 -0.794539 4.33228
    endloop
  endfacet
  facet normal -0.448258 0.875124 0.182269
    outer loop
      vertex 4.19916 -0.890034 3.90048
      vertex 4.1206 -0.967231 4.07792
      vertex 4.56117 -0.794539 4.33228
    endloop
  endfacet
  facet normal -0.341135 0.938861 -0.0465485
    outer loop
      vertex 4.72565 -0.695518 3.96537
      vertex 4.29658 -0.863703 3.71764
      vertex 4.63116 -0.720702 4.1499
    endloop
  endfacet
  facet normal -0.34113 0.938863 -0.0465528
    outer loop
      vertex 4.29658 -0.863703 3.71764
      vertex 4.19916 -0.890034 3.90048
      vertex 4.63116 -0.720702 4.1499
    endloop
  endfacet
  facet normal -0.210872 0.938864 -0.272155
    outer loop
      vertex 4.83822 -0.720702 3.79127
      vertex 4.40621 -0.890034 3.54185
      vertex 4.72565 -0.695518 3.96537
    endloop
  endfacet
  facet normal -0.210884 0.938863 -0.272146
    outer loop
      vertex 4.40621 -0.890034 3.54185
      vertex 4.29658 -0.863703 3.71764
      vertex 4.72565 -0.695518 3.96537
    endloop
  endfacet
  facet normal -0.0662895 0.875128 -0.47933
    outer loop
      vertex 4.96117 -0.794539 3.63946
      vertex 4.5206 -0.967231 3.3851
      vertex 4.83822 -0.720702 3.79127
    endloop
  endfacet
  facet normal -0.0662675 0.875122 -0.479344
    outer loop
      vertex 4.5206 -0.967231 3.3851
      vertex 4.40621 -0.890034 3.54185
      vertex 4.83822 -0.720702 3.79127
    endloop
  endfacet
  facet normal 0.0829534 0.751845 -0.654101
    outer loop
      vertex 5.08615 -0.911997 3.5203
      vertex 4.63194 -1.09003 3.25806
      vertex 4.96117 -0.794539 3.63946
    endloop
  endfacet
  facet normal 0.0829224 0.751861 -0.654087
    outer loop
      vertex 4.63194 -1.09003 3.25806
      vertex 4.5206 -0.967231 3.3851
      vertex 4.96117 -0.794539 3.63946
    endloop
  endfacet
  facet normal 0.226666 0.577236 -0.784488
    outer loop
      vertex 5.20463 -1.06507 3.4419
      vertex 4.73264 -1.25007 3.1694
      vertex 5.08615 -0.911997 3.5203
    endloop
  endfacet
  facet normal 0.226678 0.577227 -0.784491
    outer loop
      vertex 4.73264 -1.25007 3.1694
      vertex 4.63194 -1.09003 3.25806
      vertex 5.08615 -0.911997 3.5203
    endloop
  endfacet
  facet normal 0.355088 0.363012 -0.861473
    outer loop
      vertex 5.30853 -1.24333 3.40961
      vertex 4.81585 -1.43644 3.12516
      vertex 5.20463 -1.06507 3.4419
    endloop
  endfacet
  facet normal 0.355074 0.363026 -0.861472
    outer loop
      vertex 4.81585 -1.43644 3.12516
      vertex 4.73264 -1.25007 3.1694
      vertex 5.20463 -1.06507 3.4419
    endloop
  endfacet
  facet normal 0.459275 0.123882 -0.879613
    outer loop
      vertex 5.39079 -1.43462 3.42562
      vertex 4.87589 -1.63644 3.12835
      vertex 5.30853 -1.24333 3.40961
    endloop
  endfacet
  facet normal 0.459298 0.123852 -0.879606
    outer loop
      vertex 4.87589 -1.63644 3.12835
      vertex 4.81585 -1.43644 3.12516
      vertex 5.30853 -1.24333 3.40961
    endloop
  endfacet
  facet normal 0.532118 -0.123877 -0.837559
    outer loop
      vertex 5.44578 -1.62592 3.48885
      vertex 4.90867 -1.83644 3.17875
      vertex 5.39079 -1.43462 3.42562
    endloop
  endfacet
  facet normal 0.532105 -0.123856 -0.83757
    outer loop
      vertex 4.90867 -1.83644 3.17875
      vertex 4.87589 -1.63644 3.12835
      vertex 5.39079 -1.43462 3.42562
    endloop
  endfacet
  facet normal 0.568524 -0.363054 -0.738222
    outer loop
      vertex 5.46976 -1.80417 3.59498
      vertex 4.91196 -2.02281 3.27293
      vertex 5.44578 -1.62592 3.48885
    endloop
  endfacet
  facet normal 0.568513 -0.363027 -0.738244
    outer loop
      vertex 4.91196 -2.02281 3.27293
      vertex 4.90867 -1.83644 3.17875
      vertex 5.44578 -1.62592 3.48885
    endloop
  endfacet
  facet normal 0.566055 -0.577215 -0.588561
    outer loop
      vertex 5.4611 -1.95725 3.73678
      vertex 4.88553 -2.18285 3.40447
      vertex 5.46976 -1.80417 3.59498
    endloop
  endfacet
  facet normal 0.566058 -0.577224 -0.588551
    outer loop
      vertex 4.88553 -2.18285 3.40447
      vertex 4.91196 -2.02281 3.27293
      vertex 5.46976 -1.80417 3.59498
    endloop
  endfacet
  facet normal 0.524997 -0.751854 -0.398867
    outer loop
      vertex 5.4204 -2.0747 3.9046
      vertex 4.83118 -2.30566 3.56441
      vertex 5.4611 -1.95725 3.73678
    endloop
  endfacet
  facet normal 0.524996 -0.751838 -0.398897
    outer loop
      vertex 4.83118 -2.30566 3.56441
      vertex 4.88553 -2.18285 3.40447
      vertex 5.4611 -1.95725 3.73678
    endloop
  endfacet
  facet normal 0.448256 -0.875122 -0.182287
    outer loop
      vertex 5.35041 -2.14854 4.08698
      vertex 4.75262 -2.38285 3.74185
      vertex 5.4204 -2.0747 3.9046
    endloop
  endfacet
  facet normal 0.44825 -0.875134 -0.182242
    outer loop
      vertex 4.75262 -2.38285 3.74185
      vertex 4.83118 -2.30566 3.56441
      vertex 5.4204 -2.0747 3.9046
    endloop
  endfacet
  facet normal 0.341134 -0.938863 0.0465168
    outer loop
      vertex 5.25592 -2.17373 4.27151
      vertex 4.65521 -2.40918 3.92469
      vertex 5.35041 -2.14854 4.08698
    endloop
  endfacet
  facet normal 0.341129 -0.938864 0.0465384
    outer loop
      vertex 4.65521 -2.40918 3.92469
      vertex 4.75262 -2.38285 3.74185
      vertex 5.35041 -2.14854 4.08698
    endloop
  endfacet
  facet normal 0.1024 -0.972428 0.209518
    outer loop
      vertex 4.54557 -2.38285 4.10048
      vertex 3.92641 -2.52507 3.74301
      vertex 4.65521 -2.40918 3.92469
    endloop
  endfacet
  facet normal 0.102408 -0.972433 0.20949
    outer loop
      vertex 3.92641 -2.52507 3.74301
      vertex 4.03302 -2.55209 3.56547
      vertex 4.65521 -2.40918 3.92469
    endloop
  endfacet
  facet normal -0.0348359 -0.906421 0.420936
    outer loop
      vertex 4.43118 -2.30566 4.25723
      vertex 3.8209 -2.44583 3.90489
      vertex 4.54557 -2.38285 4.10048
    endloop
  endfacet
  facet normal -0.0348467 -0.906404 0.420971
    outer loop
      vertex 3.8209 -2.44583 3.90489
      vertex 3.92641 -2.52507 3.74301
      vertex 4.54557 -2.38285 4.10048
    endloop
  endfacet
  facet normal -0.169829 -0.778719 0.60395
    outer loop
      vertex 4.31984 -2.18285 4.38427
      vertex 3.72369 -2.31978 4.04008
      vertex 4.43118 -2.30566 4.25723
    endloop
  endfacet
  facet normal -0.169829 -0.778717 0.603951
    outer loop
      vertex 3.72369 -2.31978 4.04008
      vertex 3.8209 -2.44583 3.90489
      vertex 4.43118 -2.30566 4.25723
    endloop
  endfacet
  facet normal -0.293371 -0.597861 0.745987
    outer loop
      vertex 4.21914 -2.02281 4.47293
      vertex 3.64139 -2.15551 4.13937
      vertex 4.31984 -2.18285 4.38427
    endloop
  endfacet
  facet normal -0.293369 -0.597872 0.745978
    outer loop
      vertex 3.64139 -2.15551 4.13937
      vertex 3.72369 -2.31978 4.04008
      vertex 4.31984 -2.18285 4.38427
    endloop
  endfacet
  facet normal -0.397016 -0.376005 0.837257
    outer loop
      vertex 4.13593 -1.83644 4.51717
      vertex 3.57962 -1.96422 4.19599
      vertex 4.21914 -2.02281 4.47293
    endloop
  endfacet
  facet normal -0.397015 -0.376019 0.83725
    outer loop
      vertex 3.57962 -1.96422 4.19599
      vertex 3.64139 -2.15551 4.13937
      vertex 4.21914 -2.02281 4.47293
    endloop
  endfacet
  facet normal -0.473606 -0.128322 0.871338
    outer loop
      vertex 4.07589 -1.63644 4.51399
      vertex 3.54259 -1.75894 4.20608
      vertex 4.13593 -1.83644 4.51717
    endloop
  endfacet
  facet normal -0.473604 -0.128261 0.871349
    outer loop
      vertex 3.54259 -1.75894 4.20608
      vertex 3.57962 -1.96422 4.19599
      vertex 4.13593 -1.83644 4.51717
    endloop
  endfacet
  facet normal -0.517805 0.128321 0.84582
    outer loop
      vertex 4.04311 -1.43644 4.46358
      vertex 3.53281 -1.55365 4.16896
      vertex 4.07589 -1.63644 4.51399
    endloop
  endfacet
  facet normal -0.517814 0.128271 0.845822
    outer loop
      vertex 3.53281 -1.55365 4.16896
      vertex 3.54259 -1.75894 4.20608
      vertex 4.07589 -1.63644 4.51399
    endloop
  endfacet
  facet normal -0.526569 0.376005 0.76246
    outer loop
      vertex 4.03982 -1.25007 4.3694
      vertex 3.55096 -1.36236 4.08716
      vertex 4.04311 -1.43644 4.46358
    endloop
  endfacet
  facet normal -0.526568 0.376007 0.76246
    outer loop
      vertex 3.55096 -1.36236 4.08716
      vertex 3.53281 -1.55365 4.16896
      vertex 4.04311 -1.43644 4.46358
    endloop
  endfacet
  facet normal -0.499364 0.597859 0.627057
    outer loop
      vertex 4.06625 -1.09003 4.23786
      vertex 3.5958 -1.19809 3.96624
      vertex 4.03982 -1.25007 4.3694
    endloop
  endfacet
  facet normal -0.499353 0.597879 0.627047
    outer loop
      vertex 3.5958 -1.19809 3.96624
      vertex 3.55096 -1.36236 4.08716
      vertex 4.03982 -1.25007 4.3694
    endloop
  endfacet
  facet normal -0.438104 0.778741 0.449029
    outer loop
      vertex 4.1206 -0.967231 4.07792
      vertex 3.66427 -1.07204 3.81446
      vertex 4.06625 -1.09003 4.23786
    endloop
  endfacet
  facet normal -0.438133 0.77871 0.449054
    outer loop
      vertex 3.66427 -1.07204 3.81446
      vertex 3.5958 -1.19809 3.96624
      vertex 4.06625 -1.09003 4.23786
    endloop
  endfacet
  facet normal -0.347129 0.906414 0.240656
    outer loop
      vertex 4.19916 -0.890034 3.90048
      vertex 3.75171 -0.992806 3.64215
      vertex 4.1206 -0.967231 4.07792
    endloop
  endfacet
  facet normal -0.347123 0.906417 0.240651
    outer loop
      vertex 3.75171 -0.992806 3.64215
      vertex 3.66427 -1.07204 3.81446
      vertex 4.1206 -0.967231 4.07792
    endloop
  endfacet
  facet normal -0.232639 0.97243 0.016087
    outer loop
      vertex 4.29658 -0.863703 3.71764
      vertex 3.85216 -0.965779 3.46105
      vertex 4.19916 -0.890034 3.90048
    endloop
  endfacet
  facet normal -0.232639 0.97243 0.0160867
    outer loop
      vertex 3.85216 -0.965779 3.46105
      vertex 3.75171 -0.992806 3.64215
      vertex 4.19916 -0.890034 3.90048
    endloop
  endfacet
  facet normal -0.102393 0.97243 -0.209514
    outer loop
      vertex 4.40621 -0.890034 3.54185
      vertex 3.95877 -0.992806 3.28352
      vertex 4.29658 -0.863703 3.71764
    endloop
  endfacet
  facet normal -0.102381 0.972429 -0.209523
    outer loop
      vertex 3.95877 -0.992806 3.28352
      vertex 3.85216 -0.965779 3.46105
      vertex 4.29658 -0.863703 3.71764
    endloop
  endfacet
  facet normal 0.0348552 0.90641 -0.420957
    outer loop
      vertex 4.5206 -0.967231 3.3851
      vertex 4.06427 -1.07204 3.12164
      vertex 4.40621 -0.890034 3.54185
    endloop
  endfacet
  facet normal 0.0348415 0.906415 -0.420948
    outer loop
      vertex 4.06427 -1.07204 3.12164
      vertex 3.95877 -0.992806 3.28352
      vertex 4.40621 -0.890034 3.54185
    endloop
  endfacet
  facet normal 0.1698 0.778741 -0.603929
    outer loop
      vertex 4.63194 -1.09003 3.25806
      vertex 4.16149 -1.19809 2.98645
      vertex 4.5206 -0.967231 3.3851
    endloop
  endfacet
  facet normal 0.169829 0.778723 -0.603944
    outer loop
      vertex 4.16149 -1.19809 2.98645
      vertex 4.06427 -1.07204 3.12164
      vertex 4.5206 -0.967231 3.3851
    endloop
  endfacet
  facet normal 0.293365 0.597859 -0.74599
    outer loop
      vertex 4.73264 -1.25007 3.1694
      vertex 4.24378 -1.36236 2.88716
      vertex 4.63194 -1.09003 3.25806
    endloop
  endfacet
  facet normal 0.293365 0.597859 -0.74599
    outer loop
      vertex 4.24378 -1.36236 2.88716
      vertex 4.16149 -1.19809 2.98645
      vertex 4.63194 -1.09003 3.25806
    endloop
  endfacet
  facet normal 0.397021 0.376006 -0.837254
    outer loop
      vertex 4.81585 -1.43644 3.12516
      vertex 4.30555 -1.55365 2.83054
      vertex 4.73264 -1.25007 3.1694
    endloop
  endfacet
  facet normal 0.397011 0.376019 -0.837253
    outer loop
      vertex 4.30555 -1.55365 2.83054
      vertex 4.24378 -1.36236 2.88716
      vertex 4.73264 -1.25007 3.1694
    endloop
  endfacet
  facet normal 0.473616 0.128282 -0.871339
    outer loop
      vertex 4.87589 -1.63644 3.12835
      vertex 4.34259 -1.75894 2.82044
      vertex 4.81585 -1.43644 3.12516
    endloop
  endfacet
  facet normal 0.473595 0.128319 -0.871345
    outer loop
      vertex 4.34259 -1.75894 2.82044
      vertex 4.30555 -1.55365 2.83054
      vertex 4.81585 -1.43644 3.12516
    endloop
  endfacet
  facet normal 0.517808 -0.128279 -0.845825
    outer loop
      vertex 4.90867 -1.83644 3.17875
      vertex 4.35236 -1.96422 2.85756
      vertex 4.87589 -1.63644 3.12835
    endloop
  endfacet
  facet normal 0.517817 -0.128301 -0.845816
    outer loop
      vertex 4.35236 -1.96422 2.85756
      vertex 4.34259 -1.75894 2.82044
      vertex 4.87589 -1.63644 3.12835
    endloop
  endfacet
  facet normal 0.526565 -0.376006 -0.762462
    outer loop
      vertex 4.91196 -2.02281 3.27293
      vertex 4.33421 -2.15551 2.93937
      vertex 4.90867 -1.83644 3.17875
    endloop
  endfacet
  facet normal 0.526574 -0.376039 -0.76244
    outer loop
      vertex 4.33421 -2.15551 2.93937
      vertex 4.35236 -1.96422 2.85756
      vertex 4.90867 -1.83644 3.17875
    endloop
  endfacet
  facet normal 0.499353 -0.597862 -0.627063
    outer loop
      vertex 4.88553 -2.18285 3.40447
      vertex 4.28937 -2.31978 3.06028
      vertex 4.91196 -2.02281 3.27293
    endloop
  endfacet
  facet normal 0.499352 -0.597856 -0.627069
    outer loop
      vertex 4.28937 -2.31978 3.06028
      vertex 4.33421 -2.15551 2.93937
      vertex 4.91196 -2.02281 3.27293
    endloop
  endfacet
  facet normal 0.438117 -0.778716 -0.449059
    outer loop
      vertex 4.83118 -2.30566 3.56441
      vertex 4.2209 -2.44583 3.21207
      vertex 4.88553 -2.18285 3.40447
    endloop
  endfacet
  facet normal 0.438116 -0.778725 -0.449045
    outer loop
      vertex 4.2209 -2.44583 3.21207
      vertex 4.28937 -2.31978 3.06028
      vertex 4.88553 -2.18285 3.40447
    endloop
  endfacet
  facet normal 0.347128 -0.906423 -0.240625
    outer loop
      vertex 4.75262 -2.38285 3.74185
      vertex 4.13346 -2.52507 3.38438
      vertex 4.83118 -2.30566 3.56441
    endloop
  endfacet
  facet normal 0.347135 -0.906407 -0.240672
    outer loop
      vertex 4.13346 -2.52507 3.38438
      vertex 4.2209 -2.44583 3.21207
      vertex 4.83118 -2.30566 3.56441
    endloop
  endfacet
  facet normal 0.232646 -0.972428 -0.0160907
    outer loop
      vertex 4.65521 -2.40918 3.92469
      vertex 4.03302 -2.55209 3.56547
      vertex 4.75262 -2.38285 3.74185
    endloop
  endfacet
  facet normal 0.232639 -0.97243 -0.0160626
    outer loop
      vertex 4.03302 -2.55209 3.56547
      vertex 4.13346 -2.52507 3.38438
      vertex 4.75262 -2.38285 3.74185
    endloop
  endfacet
  facet normal -0.0089572 -0.989363 0.145193
    outer loop
      vertex 3.92641 -2.52507 3.74301
      vertex 3.29647 -2.57274 3.37932
      vertex 4.03302 -2.55209 3.56547
    endloop
  endfacet
  facet normal -0.00896527 -0.989358 0.145225
    outer loop
      vertex 3.29647 -2.57274 3.37932
      vertex 3.4 -2.6 3.2
      vertex 4.03302 -2.55209 3.56547
    endloop
  endfacet
  facet normal -0.138655 -0.922186 0.361036
    outer loop
      vertex 3.8209 -2.44583 3.90489
      vertex 3.2 -2.49282 3.54641
      vertex 3.92641 -2.52507 3.74301
    endloop
  endfacet
  facet normal -0.138654 -0.922187 0.361034
    outer loop
      vertex 3.2 -2.49282 3.54641
      vertex 3.29647 -2.57274 3.37932
      vertex 3.92641 -2.52507 3.74301
    endloop
  endfacet
  facet normal -0.259 -0.792272 0.552471
    outer loop
      vertex 3.72369 -2.31978 4.04008
      vertex 3.11716 -2.36569 3.6899
      vertex 3.8209 -2.44583 3.90489
    endloop
  endfacet
  facet normal -0.258993 -0.792296 0.55244
    outer loop
      vertex 3.11716 -2.36569 3.6899
      vertex 3.2 -2.49282 3.54641
      vertex 3.8209 -2.44583 3.90489
    endloop
  endfacet
  facet normal -0.361833 -0.608281 0.70645
    outer loop
      vertex 3.64139 -2.15551 4.13937
      vertex 3.05359 -2.2 3.8
      vertex 3.72369 -2.31978 4.04008
    endloop
  endfacet
  facet normal -0.361835 -0.608265 0.706463
    outer loop
      vertex 3.05359 -2.2 3.8
      vertex 3.11716 -2.36569 3.6899
      vertex 3.72369 -2.31978 4.04008
    endloop
  endfacet
  facet normal -0.440082 -0.382567 0.812386
    outer loop
      vertex 3.57962 -1.96422 4.19599
      vertex 3.01363 -2.00706 3.86921
      vertex 3.64139 -2.15551 4.13937
    endloop
  endfacet
  facet normal -0.440082 -0.38256 0.812389
    outer loop
      vertex 3.01363 -2.00706 3.86921
      vertex 3.05359 -2.2 3.8
      vertex 3.64139 -2.15551 4.13937
    endloop
  endfacet
  facet normal -0.488294 -0.130494 0.862867
    outer loop
      vertex 3.54259 -1.75894 4.20608
      vertex 3 -1.8 3.89282
      vertex 3.57962 -1.96422 4.19599
    endloop
  endfacet
  facet normal -0.4883 -0.13053 0.862859
    outer loop
      vertex 3 -1.8 3.89282
      vertex 3.01363 -2.00706 3.86921
      vertex 3.57962 -1.96422 4.19599
    endloop
  endfacet
  facet normal -0.503114 0.130506 0.854309
    outer loop
      vertex 3.53281 -1.55365 4.16896
      vertex 3.01363 -1.59294 3.86921
      vertex 3.54259 -1.75894 4.20608
    endloop
  endfacet
  facet normal -0.503107 0.13053 0.85431
    outer loop
      vertex 3.01363 -1.59294 3.86921
      vertex 3 -1.8 3.89282
      vertex 3.54259 -1.75894 4.20608
    endloop
  endfacet
  facet normal -0.483514 0.382552 0.787317
    outer loop
      vertex 3.55096 -1.36236 4.08716
      vertex 3.05359 -1.4 3.8
      vertex 3.53281 -1.55365 4.16896
    endloop
  endfacet
  facet normal -0.48351 0.38256 0.787316
    outer loop
      vertex 3.05359 -1.4 3.8
      vertex 3.01363 -1.59294 3.86921
      vertex 3.53281 -1.55365 4.16896
    endloop
  endfacet
  facet normal -0.430877 0.608288 0.666581
    outer loop
      vertex 3.5958 -1.19809 3.96624
      vertex 3.11716 -1.23431 3.6899
      vertex 3.55096 -1.36236 4.08716
    endloop
  endfacet
  facet normal -0.430893 0.608266 0.666591
    outer loop
      vertex 3.11716 -1.23431 3.6899
      vertex 3.05359 -1.4 3.8
      vertex 3.55096 -1.36236 4.08716
    endloop
  endfacet
  facet normal -0.348957 0.792267 0.500541
    outer loop
      vertex 3.66427 -1.07204 3.81446
      vertex 3.2 -1.10718 3.54641
      vertex 3.5958 -1.19809 3.96624
    endloop
  endfacet
  facet normal -0.348927 0.792295 0.500518
    outer loop
      vertex 3.2 -1.10718 3.54641
      vertex 3.11716 -1.23431 3.6899
      vertex 3.5958 -1.19809 3.96624
    endloop
  endfacet
  facet normal -0.243331 0.922195 0.300577
    outer loop
      vertex 3.75171 -0.992806 3.64215
      vertex 3.29647 -1.02726 3.37932
      vertex 3.66427 -1.07204 3.81446
    endloop
  endfacet
  facet normal -0.243347 0.922187 0.300589
    outer loop
      vertex 3.29647 -1.02726 3.37932
      vertex 3.2 -1.10718 3.54641
      vertex 3.66427 -1.07204 3.81446
    endloop
  endfacet
  facet normal -0.121283 0.989358 0.080378
    outer loop
      vertex 3.85216 -0.965779 3.46105
      vertex 3.4 -1 3.2
      vertex 3.75171 -0.992806 3.64215
    endloop
  endfacet
  facet normal -0.121284 0.989358 0.0803782
    outer loop
      vertex 3.4 -1 3.2
      vertex 3.29647 -1.02726 3.37932
      vertex 3.75171 -0.992806 3.64215
    endloop
  endfacet
  facet normal 0.00897327 0.989357 -0.14523
    outer loop
      vertex 3.95877 -0.992806 3.28352
      vertex 3.50353 -1.02726 3.02068
      vertex 3.85216 -0.965779 3.46105
    endloop
  endfacet
  facet normal 0.00896593 0.989358 -0.145225
    outer loop
      vertex 3.50353 -1.02726 3.02068
      vertex 3.4 -1 3.2
      vertex 3.85216 -0.965779 3.46105
    endloop
  endfacet
  facet normal 0.13864 0.922193 -0.361024
    outer loop
      vertex 4.06427 -1.07204 3.12164
      vertex 3.6 -1.10718 2.85359
      vertex 3.95877 -0.992806 3.28352
    endloop
  endfacet
  facet normal 0.138655 0.922187 -0.361034
    outer loop
      vertex 3.6 -1.10718 2.85359
      vertex 3.50353 -1.02726 3.02068
      vertex 3.95877 -0.992806 3.28352
    endloop
  endfacet
  facet normal 0.259008 0.792281 -0.552454
    outer loop
      vertex 4.16149 -1.19809 2.98645
      vertex 3.68284 -1.23431 2.7101
      vertex 4.06427 -1.07204 3.12164
    endloop
  endfacet
  facet normal 0.258989 0.792296 -0.552442
    outer loop
      vertex 3.68284 -1.23431 2.7101
      vertex 3.6 -1.10718 2.85359
      vertex 4.06427 -1.07204 3.12164
    endloop
  endfacet
  facet normal 0.361844 0.608268 -0.706455
    outer loop
      vertex 4.24378 -1.36236 2.88716
      vertex 3.74641 -1.4 2.6
      vertex 4.16149 -1.19809 2.98645
    endloop
  endfacet
  facet normal 0.361847 0.608265 -0.706456
    outer loop
      vertex 3.74641 -1.4 2.6
      vertex 3.68284 -1.23431 2.7101
      vertex 4.16149 -1.19809 2.98645
    endloop
  endfacet
  facet normal 0.440082 0.382566 -0.812386
    outer loop
      vertex 4.30555 -1.55365 2.83054
      vertex 3.78637 -1.59294 2.53079
      vertex 4.24378 -1.36236 2.88716
    endloop
  endfacet
  facet normal 0.440086 0.38256 -0.812387
    outer loop
      vertex 3.78637 -1.59294 2.53079
      vertex 3.74641 -1.4 2.6
      vertex 4.24378 -1.36236 2.88716
    endloop
  endfacet
  facet normal 0.488287 0.130552 -0.862862
    outer loop
      vertex 4.34259 -1.75894 2.82044
      vertex 3.8 -1.8 2.50718
      vertex 4.30555 -1.55365 2.83054
    endloop
  endfacet
  facet normal 0.488297 0.13053 -0.86286
    outer loop
      vertex 3.8 -1.8 2.50718
      vertex 3.78637 -1.59294 2.53079
      vertex 4.30555 -1.55365 2.83054
    endloop
  endfacet
  facet normal 0.503109 -0.130537 -0.854308
    outer loop
      vertex 4.35236 -1.96422 2.85756
      vertex 3.78637 -2.00706 2.53079
      vertex 4.34259 -1.75894 2.82044
    endloop
  endfacet
  facet normal 0.503107 -0.13053 -0.85431
    outer loop
      vertex 3.78637 -2.00706 2.53079
      vertex 3.8 -1.8 2.50718
      vertex 4.34259 -1.75894 2.82044
    endloop
  endfacet
  facet normal 0.483511 -0.382586 -0.787302
    outer loop
      vertex 4.33421 -2.15551 2.93937
      vertex 3.74641 -2.2 2.6
      vertex 4.35236 -1.96422 2.85756
    endloop
  endfacet
  facet normal 0.483508 -0.38256 -0.787317
    outer loop
      vertex 3.74641 -2.2 2.6
      vertex 3.78637 -2.00706 2.53079
      vertex 4.35236 -1.96422 2.85756
    endloop
  endfacet
  facet normal 0.430898 -0.608261 -0.666592
    outer loop
      vertex 4.28937 -2.31978 3.06028
      vertex 3.68284 -2.36569 2.7101
      vertex 4.33421 -2.15551 2.93937
    endloop
  endfacet
  facet normal 0.430898 -0.608266 -0.666588
    outer loop
      vertex 3.68284 -2.36569 2.7101
      vertex 3.74641 -2.2 2.6
      vertex 4.33421 -2.15551 2.93937
    endloop
  endfacet
  facet normal 0.348943 -0.792282 -0.500528
    outer loop
      vertex 4.2209 -2.44583 3.21207
      vertex 3.6 -2.49282 2.85359
      vertex 4.28937 -2.31978 3.06028
    endloop
  endfacet
  facet normal 0.34894 -0.792294 -0.50051
    outer loop
      vertex 3.6 -2.49282 2.85359
      vertex 3.68284 -2.36569 2.7101
      vertex 4.28937 -2.31978 3.06028
    endloop
  endfacet
  facet normal 0.243342 -0.922185 -0.300599
    outer loop
      vertex 4.13346 -2.52507 3.38438
      vertex 3.50353 -2.57274 3.02068
      vertex 4.2209 -2.44583 3.21207
    endloop
  endfacet
  facet normal 0.243341 -0.922187 -0.300593
    outer loop
      vertex 3.50353 -2.57274 3.02068
      vertex 3.6 -2.49282 2.85359
      vertex 4.2209 -2.44583 3.21207
    endloop
  endfacet
  facet normal 0.121273 -0.989361 -0.080357
    outer loop
      vertex 4.03302 -2.55209 3.56547
      vertex 3.4 -2.6 3.2
      vertex 4.13346 -2.52507 3.38438
    endloop
  endfacet
  facet normal 0.121279 -0.989359 -0.0803809
    outer loop
      vertex 3.4 -2.6 3.2
      vertex 3.50353 -2.57274 3.02068
      vertex 4.13346 -2.52507 3.38438
    endloop
  endfacet
  facet normal -0.121279 -0.989359 0.0803809
    outer loop
      vertex 3.29647 -2.57274 3.37932
      vertex 2.66654 -2.52507 3.01562
      vertex 3.4 -2.6 3.2
    endloop
  endfacet
  facet normal -0.121273 -0.989361 0.080357
    outer loop
      vertex 2.66654 -2.52507 3.01562
      vertex 2.76698 -2.55209 2.83453
      vertex 3.4 -2.6 3.2
    endloop
  endfacet
  facet normal -0.243341 -0.922187 0.300593
    outer loop
      vertex 3.2 -2.49282 3.54641
      vertex 2.5791 -2.44583 3.18793
      vertex 3.29647 -2.57274 3.37932
    endloop
  endfacet
  facet normal -0.243342 -0.922185 0.300599
    outer loop
      vertex 2.5791 -2.44583 3.18793
      vertex 2.66654 -2.52507 3.01562
      vertex 3.29647 -2.57274 3.37932
    endloop
  endfacet
  facet normal -0.34894 -0.792294 0.50051
    outer loop
      vertex 3.11716 -2.36569 3.6899
      vertex 2.51063 -2.31978 3.33972
      vertex 3.2 -2.49282 3.54641
    endloop
  endfacet
  facet normal -0.348943 -0.792282 0.500528
    outer loop
      vertex 2.51063 -2.31978 3.33972
      vertex 2.5791 -2.44583 3.18793
      vertex 3.2 -2.49282 3.54641
    endloop
  endfacet
  facet normal -0.430898 -0.608266 0.666588
    outer loop
      vertex 3.05359 -2.2 3.8
      vertex 2.46579 -2.15551 3.46063
      vertex 3.11716 -2.36569 3.6899
    endloop
  endfacet
  facet normal -0.430898 -0.608261 0.666592
    outer loop
      vertex 2.46579 -2.15551 3.46063
      vertex 2.51063 -2.31978 3.33972
      vertex 3.11716 -2.36569 3.6899
    endloop
  endfacet
  facet normal -0.483508 -0.38256 0.787317
    outer loop
      vertex 3.01363 -2.00706 3.86921
      vertex 2.44764 -1.96422 3.54244
      vertex 3.05359 -2.2 3.8
    endloop
  endfacet
  facet normal -0.483511 -0.382586 0.787302
    outer loop
      vertex 2.44764 -1.96422 3.54244
      vertex 2.46579 -2.15551 3.46063
      vertex 3.05359 -2.2 3.8
    endloop
  endfacet
  facet normal -0.503107 -0.13053 0.85431
    outer loop
      vertex 3 -1.8 3.89282
      vertex 2.45741 -1.75894 3.57956
      vertex 3.01363 -2.00706 3.86921
    endloop
  endfacet
  facet normal -0.503109 -0.130537 0.854308
    outer loop
      vertex 2.45741 -1.75894 3.57956
      vertex 2.44764 -1.96422 3.54244
      vertex 3.01363 -2.00706 3.86921
    endloop
  endfacet
  facet normal -0.488297 0.13053 0.86286
    outer loop
      vertex 3.01363 -1.59294 3.86921
      vertex 2.49445 -1.55365 3.56946
      vertex 3 -1.8 3.89282
    endloop
  endfacet
  facet normal -0.488287 0.130552 0.862862
    outer loop
      vertex 2.49445 -1.55365 3.56946
      vertex 2.45741 -1.75894 3.57956
      vertex 3 -1.8 3.89282
    endloop
  endfacet
  facet normal -0.440086 0.38256 0.812387
    outer loop
      vertex 3.05359 -1.4 3.8
      vertex 2.55622 -1.36236 3.51284
      vertex 3.01363 -1.59294 3.86921
    endloop
  endfacet
  facet normal -0.440082 0.382566 0.812386
    outer loop
      vertex 2.55622 -1.36236 3.51284
      vertex 2.49445 -1.55365 3.56946
      vertex 3.01363 -1.59294 3.86921
    endloop
  endfacet
  facet normal -0.361847 0.608265 0.706456
    outer loop
      vertex 3.11716 -1.23431 3.6899
      vertex 2.63851 -1.19809 3.41355
      vertex 3.05359 -1.4 3.8
    endloop
  endfacet
  facet normal -0.361844 0.608268 0.706455
    outer loop
      vertex 2.63851 -1.19809 3.41355
      vertex 2.55622 -1.36236 3.51284
      vertex 3.05359 -1.4 3.8
    endloop
  endfacet
  facet normal -0.258989 0.792296 0.552442
    outer loop
      vertex 3.2 -1.10718 3.54641
      vertex 2.73573 -1.07204 3.27836
      vertex 3.11716 -1.23431 3.6899
    endloop
  endfacet
  facet normal -0.259008 0.792281 0.552454
    outer loop
      vertex 2.73573 -1.07204 3.27836
      vertex 2.63851 -1.19809 3.41355
      vertex 3.11716 -1.23431 3.6899
    endloop
  endfacet
  facet normal -0.138655 0.922187 0.361034
    outer loop
      vertex 3.29647 -1.02726 3.37932
      vertex 2.84123 -0.992806 3.11648
      vertex 3.2 -1.10718 3.54641
    endloop
  endfacet
  facet normal -0.13864 0.922193 0.361024
    outer loop
      vertex 2.84123 -0.992806 3.11648
      vertex 2.73573 -1.07204 3.27836
      vertex 3.2 -1.10718 3.54641
    endloop
  endfacet
  facet normal -0.00896593 0.989358 0.145225
    outer loop
      vertex 3.4 -1 3.2
      vertex 2.94784 -0.965779 2.93895
      vertex 3.29647 -1.02726 3.37932
    endloop
  endfacet
  facet normal -0.00897327 0.989357 0.14523
    outer loop
      vertex 2.94784 -0.965779 2.93895
      vertex 2.84123 -0.992806 3.11648
      vertex 3.29647 -1.02726 3.37932
    endloop
  endfacet
  facet normal 0.121284 0.989358 -0.0803782
    outer loop
      vertex 3.50353 -1.02726 3.02068
      vertex 3.04829 -0.992806 2.75785
      vertex 3.4 -1 3.2
    endloop
  endfacet
  facet normal 0.121283 0.989358 -0.080378
    outer loop
      vertex 3.04829 -0.992806 2.75785
      vertex 2.94784 -0.965779 2.93895
      vertex 3.4 -1 3.2
    endloop
  endfacet
  facet normal 0.243347 0.922187 -0.300589
    outer loop
      vertex 3.6 -1.10718 2.85359
      vertex 3.13573 -1.07204 2.58554
      vertex 3.50353 -1.02726 3.02068
    endloop
  endfacet
  facet normal 0.243331 0.922195 -0.300577
    outer loop
      vertex 3.13573 -1.07204 2.58554
      vertex 3.04829 -0.992806 2.75785
      vertex 3.50353 -1.02726 3.02068
    endloop
  endfacet
  facet normal 0.348927 0.792295 -0.500518
    outer loop
      vertex 3.68284 -1.23431 2.7101
      vertex 3.2042 -1.19809 2.43376
      vertex 3.6 -1.10718 2.85359
    endloop
  endfacet
  facet normal 0.348957 0.792267 -0.500541
    outer loop
      vertex 3.2042 -1.19809 2.43376
      vertex 3.13573 -1.07204 2.58554
      vertex 3.6 -1.10718 2.85359
    endloop
  endfacet
  facet normal 0.430893 0.608266 -0.666591
    outer loop
      vertex 3.74641 -1.4 2.6
      vertex 3.24904 -1.36236 2.31284
      vertex 3.68284 -1.23431 2.7101
    endloop
  endfacet
  facet normal 0.430877 0.608288 -0.666581
    outer loop
      vertex 3.24904 -1.36236 2.31284
      vertex 3.2042 -1.19809 2.43376
      vertex 3.68284 -1.23431 2.7101
    endloop
  endfacet
  facet normal 0.48351 0.38256 -0.787316
    outer loop
      vertex 3.78637 -1.59294 2.53079
      vertex 3.26719 -1.55365 2.23104
      vertex 3.74641 -1.4 2.6
    endloop
  endfacet
  facet normal 0.483514 0.382552 -0.787317
    outer loop
      vertex 3.26719 -1.55365 2.23104
      vertex 3.24904 -1.36236 2.31284
      vertex 3.74641 -1.4 2.6
    endloop
  endfacet
  facet normal 0.503107 0.13053 -0.85431
    outer loop
      vertex 3.8 -1.8 2.50718
      vertex 3.25741 -1.75894 2.19392
      vertex 3.78637 -1.59294 2.53079
    endloop
  endfacet
  facet normal 0.503114 0.130506 -0.854309
    outer loop
      vertex 3.25741 -1.75894 2.19392
      vertex 3.26719 -1.55365 2.23104
      vertex 3.78637 -1.59294 2.53079
    endloop
  endfacet
  facet normal 0.4883 -0.13053 -0.862859
    outer loop
      vertex 3.78637 -2.00706 2.53079
      vertex 3.22038 -1.96422 2.20401
      vertex 3.8 -1.8 2.50718
    endloop
  endfacet
  facet normal 0.488294 -0.130494 -0.862867
    outer loop
      vertex 3.22038 -1.96422 2.20401
      vertex 3.25741 -1.75894 2.19392
      vertex 3.8 -1.8 2.50718
    endloop
  endfacet
  facet normal 0.440082 -0.38256 -0.812389
    outer loop
      vertex 3.74641 -2.2 2.6
      vertex 3.15861 -2.15551 2.26063
      vertex 3.78637 -2.00706 2.53079
    endloop
  endfacet
  facet normal 0.440082 -0.382567 -0.812386
    outer loop
      vertex 3.15861 -2.15551 2.26063
      vertex 3.22038 -1.96422 2.20401
      vertex 3.78637 -2.00706 2.53079
    endloop
  endfacet
  facet normal 0.361835 -0.608265 -0.706463
    outer loop
      vertex 3.68284 -2.36569 2.7101
      vertex 3.07631 -2.31978 2.35992
      vertex 3.74641 -2.2 2.6
    endloop
  endfacet
  facet normal 0.361833 -0.608281 -0.70645
    outer loop
      vertex 3.07631 -2.31978 2.35992
      vertex 3.15861 -2.15551 2.26063
      vertex 3.74641 -2.2 2.6
    endloop
  endfacet
  facet normal 0.258993 -0.792296 -0.55244
    outer loop
      vertex 3.6 -2.49282 2.85359
      vertex 2.9791 -2.44583 2.49511
      vertex 3.68284 -2.36569 2.7101
    endloop
  endfacet
  facet normal 0.259 -0.792272 -0.552471
    outer loop
      vertex 2.9791 -2.44583 2.49511
      vertex 3.07631 -2.31978 2.35992
      vertex 3.68284 -2.36569 2.7101
    endloop
  endfacet
  facet normal 0.138654 -0.922187 -0.361034
    outer loop
      vertex 3.50353 -2.57274 3.02068
      vertex 2.87359 -2.52507 2.65699
      vertex 3.6 -2.49282 2.85359
    endloop
  endfacet
  facet normal 0.138655 -0.922186 -0.361036
    outer loop
      vertex 2.87359 -2.52507 2.65699
      vertex 2.9791 -2.44583 2.49511
      vertex 3.6 -2.49282 2.85359
    endloop
  endfacet
  facet normal 0.00896527 -0.989358 -0.145225
    outer loop
      vertex 3.4 -2.6 3.2
      vertex 2.76698 -2.55209 2.83453
      vertex 3.50353 -2.57274 3.02068
    endloop
  endfacet
  facet normal 0.0089572 -0.989363 -0.145193
    outer loop
      vertex 2.76698 -2.55209 2.83453
      vertex 2.87359 -2.52507 2.65699
      vertex 3.50353 -2.57274 3.02068
    endloop
  endfacet
  facet normal -0.232639 -0.97243 0.0160626
    outer loop
      vertex 2.66654 -2.52507 3.01562
      vertex 2.04738 -2.38285 2.65815
      vertex 2.76698 -2.55209 2.83453
    endloop
  endfacet
  facet normal -0.232646 -0.972428 0.0160907
    outer loop
      vertex 2.04738 -2.38285 2.65815
      vertex 2.14479 -2.40918 2.47531
      vertex 2.76698 -2.55209 2.83453
    endloop
  endfacet
  facet normal -0.347135 -0.906407 0.240672
    outer loop
      vertex 2.5791 -2.44583 3.18793
      vertex 1.96882 -2.30566 2.83559
      vertex 2.66654 -2.52507 3.01562
    endloop
  endfacet
  facet normal -0.347128 -0.906423 0.240625
    outer loop
      vertex 1.96882 -2.30566 2.83559
      vertex 2.04738 -2.38285 2.65815
      vertex 2.66654 -2.52507 3.01562
    endloop
  endfacet
  facet normal -0.438116 -0.778725 0.449045
    outer loop
      vertex 2.51063 -2.31978 3.33972
      vertex 1.91447 -2.18285 2.99553
      vertex 2.5791 -2.44583 3.18793
    endloop
  endfacet
  facet normal -0.438117 -0.778716 0.449059
    outer loop
      vertex 1.91447 -2.18285 2.99553
      vertex 1.96882 -2.30566 2.83559
      vertex 2.5791 -2.44583 3.18793
    endloop
  endfacet
  facet normal -0.499352 -0.597856 0.627069
    outer loop
      vertex 2.46579 -2.15551 3.46063
      vertex 1.88804 -2.02281 3.12707
      vertex 2.51063 -2.31978 3.33972
    endloop
  endfacet
  facet normal -0.499353 -0.597862 0.627063
    outer loop
      vertex 1.88804 -2.02281 3.12707
      vertex 1.91447 -2.18285 2.99553
      vertex 2.51063 -2.31978 3.33972
    endloop
  endfacet
  facet normal -0.526574 -0.376039 0.76244
    outer loop
      vertex 2.44764 -1.96422 3.54244
      vertex 1.89133 -1.83644 3.22125
      vertex 2.46579 -2.15551 3.46063
    endloop
  endfacet
  facet normal -0.526565 -0.376006 0.762462
    outer loop
      vertex 1.89133 -1.83644 3.22125
      vertex 1.88804 -2.02281 3.12707
      vertex 2.46579 -2.15551 3.46063
    endloop
  endfacet
  facet normal -0.517817 -0.128301 0.845816
    outer loop
      vertex 2.45741 -1.75894 3.57956
      vertex 1.92411 -1.63644 3.27165
      vertex 2.44764 -1.96422 3.54244
    endloop
  endfacet
  facet normal -0.517808 -0.128279 0.845825
    outer loop
      vertex 1.92411 -1.63644 3.27165
      vertex 1.89133 -1.83644 3.22125
      vertex 2.44764 -1.96422 3.54244
    endloop
  endfacet
  facet normal -0.473595 0.128319 0.871345
    outer loop
      vertex 2.49445 -1.55365 3.56946
      vertex 1.98415 -1.43644 3.27484
      vertex 2.45741 -1.75894 3.57956
    endloop
  endfacet
  facet normal -0.473616 0.128282 0.871339
    outer loop
      vertex 1.98415 -1.43644 3.27484
      vertex 1.92411 -1.63644 3.27165
      vertex 2.45741 -1.75894 3.57956
    endloop
  endfacet
  facet normal -0.397011 0.376019 0.837253
    outer loop
      vertex 2.55622 -1.36236 3.51284
      vertex 2.06736 -1.25007 3.2306
      vertex 2.49445 -1.55365 3.56946
    endloop
  endfacet
  facet normal -0.397021 0.376006 0.837254
    outer loop
      vertex 2.06736 -1.25007 3.2306
      vertex 1.98415 -1.43644 3.27484
      vertex 2.49445 -1.55365 3.56946
    endloop
  endfacet
  facet normal -0.293365 0.597859 0.74599
    outer loop
      vertex 2.63851 -1.19809 3.41355
      vertex 2.16806 -1.09003 3.14194
      vertex 2.55622 -1.36236 3.51284
    endloop
  endfacet
  facet normal -0.293365 0.597859 0.74599
    outer loop
      vertex 2.16806 -1.09003 3.14194
      vertex 2.06736 -1.25007 3.2306
      vertex 2.55622 -1.36236 3.51284
    endloop
  endfacet
  facet normal -0.169829 0.778723 0.603944
    outer loop
      vertex 2.73573 -1.07204 3.27836
      vertex 2.2794 -0.967231 3.0149
      vertex 2.63851 -1.19809 3.41355
    endloop
  endfacet
  facet normal -0.1698 0.778741 0.603929
    outer loop
      vertex 2.2794 -0.967231 3.0149
      vertex 2.16806 -1.09003 3.14194
      vertex 2.63851 -1.19809 3.41355
    endloop
  endfacet
  facet normal -0.0348415 0.906415 0.420948
    outer loop
      vertex 2.84123 -0.992806 3.11648
      vertex 2.39379 -0.890034 2.85815
      vertex 2.73573 -1.07204 3.27836
    endloop
  endfacet
  facet normal -0.0348552 0.90641 0.420957
    outer loop
      vertex 2.39379 -0.890034 2.85815
      vertex 2.2794 -0.967231 3.0149
      vertex 2.73573 -1.07204 3.27836
    endloop
  endfacet
  facet normal 0.102381 0.972429 0.209523
    outer loop
      vertex 2.94784 -0.965779 2.93895
      vertex 2.50342 -0.863703 2.68236
      vertex 2.84123 -0.992806 3.11648
    endloop
  endfacet
  facet normal 0.102393 0.97243 0.209514
    outer loop
      vertex 2.50342 -0.863703 2.68236
      vertex 2.39379 -0.890034 2.85815
      vertex 2.84123 -0.992806 3.11648
    endloop
  endfacet
  facet normal 0.232639 0.97243 -0.0160867
    outer loop
      vertex 3.04829 -0.992806 2.75785
      vertex 2.60084 -0.890034 2.49952
      vertex 2.94784 -0.965779 2.93895
    endloop
  endfacet
  facet normal 0.232639 0.97243 -0.016087
    outer loop
      vertex 2.60084 -0.890034 2.49952
      vertex 2.50342 -0.863703 2.68236
      vertex 2.94784 -0.965779 2.93895
    endloop
  endfacet
  facet normal 0.347123 0.906417 -0.240651
    outer loop
      vertex 3.13573 -1.07204 2.58554
      vertex 2.6794 -0.967231 2.32208
      vertex 3.04829 -0.992806 2.75785
    endloop
  endfacet
  facet normal 0.347129 0.906414 -0.240656
    outer loop
      vertex 2.6794 -0.967231 2.32208
      vertex 2.60084 -0.890034 2.49952
      vertex 3.04829 -0.992806 2.75785
    endloop
  endfacet
  facet normal 0.438133 0.77871 -0.449054
    outer loop
      vertex 3.2042 -1.19809 2.43376
      vertex 2.73375 -1.09003 2.16214
      vertex 3.13573 -1.07204 2.58554
    endloop
  endfacet
  facet normal 0.438104 0.778741 -0.449029
    outer loop
      vertex 2.73375 -1.09003 2.16214
      vertex 2.6794 -0.967231 2.32208
      vertex 3.13573 -1.07204 2.58554
    endloop
  endfacet
  facet normal 0.499353 0.597879 -0.627047
    outer loop
      vertex 3.24904 -1.36236 2.31284
      vertex 2.76018 -1.25007 2.0306
      vertex 3.2042 -1.19809 2.43376
    endloop
  endfacet
  facet normal 0.499364 0.597859 -0.627057
    outer loop
      vertex 2.76018 -1.25007 2.0306
      vertex 2.73375 -1.09003 2.16214
      vertex 3.2042 -1.19809 2.43376
    endloop
  endfacet
  facet normal 0.526568 0.376007 -0.76246
    outer loop
      vertex 3.26719 -1.55365 2.23104
      vertex 2.75689 -1.43644 1.93642
      vertex 3.24904 -1.36236 2.31284
    endloop
  endfacet
  facet normal 0.526569 0.376005 -0.76246
    outer loop
      vertex 2.75689 -1.43644 1.93642
      vertex 2.76018 -1.25007 2.0306
      vertex 3.24904 -1.36236 2.31284
    endloop
  endfacet
  facet normal 0.517814 0.128271 -0.845822
    outer loop
      vertex 3.25741 -1.75894 2.19392
      vertex 2.72411 -1.63644 1.88601
      vertex 3.26719 -1.55365 2.23104
    endloop
  endfacet
  facet normal 0.517805 0.128321 -0.84582
    outer loop
      vertex 2.72411 -1.63644 1.88601
      vertex 2.75689 -1.43644 1.93642
      vertex 3.26719 -1.55365 2.23104
    endloop
  endfacet
  facet normal 0.473604 -0.128261 -0.871349
    outer loop
      vertex 3.22038 -1.96422 2.20401
      vertex 2.66407 -1.83644 1.88283
      vertex 3.25741 -1.75894 2.19392
    endloop
  endfacet
  facet normal 0.473606 -0.128322 -0.871338
    outer loop
      vertex 2.66407 -1.83644 1.88283
      vertex 2.72411 -1.63644 1.88601
      vertex 3.25741 -1.75894 2.19392
    endloop
  endfacet
  facet normal 0.397015 -0.376019 -0.83725
    outer loop
      vertex 3.15861 -2.15551 2.26063
      vertex 2.58086 -2.02281 1.92707
      vertex 3.22038 -1.96422 2.20401
    endloop
  endfacet
  facet normal 0.397016 -0.376005 -0.837257
    outer loop
      vertex 2.58086 -2.02281 1.92707
      vertex 2.66407 -1.83644 1.88283
      vertex 3.22038 -1.96422 2.20401
    endloop
  endfacet
  facet normal 0.293369 -0.597872 -0.745978
    outer loop
      vertex 3.07631 -2.31978 2.35992
      vertex 2.48016 -2.18285 2.01573
      vertex 3.15861 -2.15551 2.26063
    endloop
  endfacet
  facet normal 0.293371 -0.597861 -0.745987
    outer loop
      vertex 2.48016 -2.18285 2.01573
      vertex 2.58086 -2.02281 1.92707
      vertex 3.15861 -2.15551 2.26063
    endloop
  endfacet
  facet normal 0.169829 -0.778717 -0.603951
    outer loop
      vertex 2.9791 -2.44583 2.49511
      vertex 2.36882 -2.30566 2.14277
      vertex 3.07631 -2.31978 2.35992
    endloop
  endfacet
  facet normal 0.169829 -0.778719 -0.60395
    outer loop
      vertex 2.36882 -2.30566 2.14277
      vertex 2.48016 -2.18285 2.01573
      vertex 3.07631 -2.31978 2.35992
    endloop
  endfacet
  facet normal 0.0348467 -0.906404 -0.420971
    outer loop
      vertex 2.87359 -2.52507 2.65699
      vertex 2.25443 -2.38285 2.29952
      vertex 2.9791 -2.44583 2.49511
    endloop
  endfacet
  facet normal 0.0348359 -0.906421 -0.420936
    outer loop
      vertex 2.25443 -2.38285 2.29952
      vertex 2.36882 -2.30566 2.14277
      vertex 2.9791 -2.44583 2.49511
    endloop
  endfacet
  facet normal -0.102408 -0.972433 -0.20949
    outer loop
      vertex 2.76698 -2.55209 2.83453
      vertex 2.14479 -2.40918 2.47531
      vertex 2.87359 -2.52507 2.65699
    endloop
  endfacet
  facet normal -0.1024 -0.972428 -0.209518
    outer loop
      vertex 2.14479 -2.40918 2.47531
      vertex 2.25443 -2.38285 2.29952
      vertex 2.87359 -2.52507 2.65699
    endloop
  endfacet
  facet normal -0.341129 -0.938864 -0.0465384
    outer loop
      vertex 2.04738 -2.38285 2.65815
      vertex 1.44959 -2.14854 2.31302
      vertex 2.14479 -2.40918 2.47531
    endloop
  endfacet
  facet normal -0.341134 -0.938863 -0.0465168
    outer loop
      vertex 1.44959 -2.14854 2.31302
      vertex 1.54408 -2.17373 2.12849
      vertex 2.14479 -2.40918 2.47531
    endloop
  endfacet
  facet normal -0.44825 -0.875134 0.182242
    outer loop
      vertex 1.96882 -2.30566 2.83559
      vertex 1.3796 -2.0747 2.4954
      vertex 2.04738 -2.38285 2.65815
    endloop
  endfacet
  facet normal -0.448256 -0.875122 0.182287
    outer loop
      vertex 1.3796 -2.0747 2.4954
      vertex 1.44959 -2.14854 2.31302
      vertex 2.04738 -2.38285 2.65815
    endloop
  endfacet
  facet normal -0.524996 -0.751838 0.398897
    outer loop
      vertex 1.91447 -2.18285 2.99553
      vertex 1.3389 -1.95725 2.66322
      vertex 1.96882 -2.30566 2.83559
    endloop
  endfacet
  facet normal -0.524997 -0.751854 0.398867
    outer loop
      vertex 1.3389 -1.95725 2.66322
      vertex 1.3796 -2.0747 2.4954
      vertex 1.96882 -2.30566 2.83559
    endloop
  endfacet
  facet normal -0.566058 -0.577224 0.588551
    outer loop
      vertex 1.88804 -2.02281 3.12707
      vertex 1.33024 -1.80417 2.80502
      vertex 1.91447 -2.18285 2.99553
    endloop
  endfacet
  facet normal -0.566055 -0.577215 0.588561
    outer loop
      vertex 1.33024 -1.80417 2.80502
      vertex 1.3389 -1.95725 2.66322
      vertex 1.91447 -2.18285 2.99553
    endloop
  endfacet
  facet normal -0.568513 -0.363027 0.738244
    outer loop
      vertex 1.89133 -1.83644 3.22125
      vertex 1.35422 -1.62592 2.91115
      vertex 1.88804 -2.02281 3.12707
    endloop
  endfacet
  facet normal -0.568524 -0.363054 0.738222
    outer loop
      vertex 1.35422 -1.62592 2.91115
      vertex 1.33024 -1.80417 2.80502
      vertex 1.88804 -2.02281 3.12707
    endloop
  endfacet
  facet normal -0.532105 -0.123856 0.83757
    outer loop
      vertex 1.92411 -1.63644 3.27165
      vertex 1.40921 -1.43462 2.97438
      vertex 1.89133 -1.83644 3.22125
    endloop
  endfacet
  facet normal -0.532118 -0.123877 0.837559
    outer loop
      vertex 1.40921 -1.43462 2.97438
      vertex 1.35422 -1.62592 2.91115
      vertex 1.89133 -1.83644 3.22125
    endloop
  endfacet
  facet normal -0.459298 0.123852 0.879606
    outer loop
      vertex 1.98415 -1.43644 3.27484
      vertex 1.49147 -1.24333 2.99039
      vertex 1.92411 -1.63644 3.27165
    endloop
  endfacet
  facet normal -0.459275 0.123882 0.879613
    outer loop
      vertex 1.49147 -1.24333 2.99039
      vertex 1.40921 -1.43462 2.97438
      vertex 1.92411 -1.63644 3.27165
    endloop
  endfacet
  facet normal -0.355074 0.363026 0.861472
    outer loop
      vertex 2.06736 -1.25007 3.2306
      vertex 1.59537 -1.06507 2.9581
      vertex 1.98415 -1.43644 3.27484
    endloop
  endfacet
  facet normal -0.355088 0.363012 0.861473
    outer loop
      vertex 1.59537 -1.06507 2.9581
      vertex 1.49147 -1.24333 2.99039
      vertex 1.98415 -1.43644 3.27484
    endloop
  endfacet
  facet normal -0.226678 0.577227 0.784491
    outer loop
      vertex 2.16806 -1.09003 3.14194
      vertex 1.71385 -0.911997 2.8797
      vertex 2.06736 -1.25007 3.2306
    endloop
  endfacet
  facet normal -0.226666 0.577236 0.784488
    outer loop
      vertex 1.71385 -0.911997 2.8797
      vertex 1.59537 -1.06507 2.9581
      vertex 2.06736 -1.25007 3.2306
    endloop
  endfacet
  facet normal -0.0829211 0.75186 0.654087
    outer loop
      vertex 2.2794 -0.967231 3.0149
      vertex 1.83882 -0.794539 2.76054
      vertex 2.16806 -1.09003 3.14194
    endloop
  endfacet
  facet normal -0.0829556 0.751843 0.654103
    outer loop
      vertex 1.83882 -0.794539 2.76054
      vertex 1.71385 -0.911997 2.8797
      vertex 2.16806 -1.09003 3.14194
    endloop
  endfacet
  facet normal 0.0662675 0.875122 0.479344
    outer loop
      vertex 2.39379 -0.890034 2.85815
      vertex 1.96178 -0.720702 2.60873
      vertex 2.2794 -0.967231 3.0149
    endloop
  endfacet
  facet normal 0.0662867 0.875127 0.479332
    outer loop
      vertex 1.96178 -0.720702 2.60873
      vertex 1.83882 -0.794539 2.76054
      vertex 2.2794 -0.967231 3.0149
    endloop
  endfacet
  facet normal 0.210884 0.938863 0.272146
    outer loop
      vertex 2.50342 -0.863703 2.68236
      vertex 2.07435 -0.695518 2.43463
      vertex 2.39379 -0.890034 2.85815
    endloop
  endfacet
  facet normal 0.210872 0.938864 0.272155
    outer loop
      vertex 2.07435 -0.695518 2.43463
      vertex 1.96178 -0.720702 2.60873
      vertex 2.39379 -0.890034 2.85815
    endloop
  endfacet
  facet normal 0.34113 0.938863 0.0465528
    outer loop
      vertex 2.60084 -0.890034 2.49952
      vertex 2.16884 -0.720702 2.2501
      vertex 2.50342 -0.863703 2.68236
    endloop
  endfacet
  facet normal 0.341135 0.938861 0.0465485
    outer loop
      vertex 2.16884 -0.720702 2.2501
      vertex 2.07435 -0.695518 2.43463
      vertex 2.50342 -0.863703 2.68236
    endloop
  endfacet
  facet normal 0.448254 0.875126 -0.182272
    outer loop
      vertex 2.6794 -0.967231 2.32208
      vertex 2.23882 -0.794539 2.06771
      vertex 2.60084 -0.890034 2.49952
    endloop
  endfacet
  facet normal 0.448265 0.875118 -0.182283
    outer loop
      vertex 2.23882 -0.794539 2.06771
      vertex 2.16884 -0.720702 2.2501
      vertex 2.60084 -0.890034 2.49952
    endloop
  endfacet
  facet normal 0.52498 0.751863 -0.398871
    outer loop
      vertex 2.73375 -1.09003 2.16214
      vertex 2.27953 -0.911997 1.8999
      vertex 2.6794 -0.967231 2.32208
    endloop
  endfacet
  facet normal 0.524995 0.751843 -0.398888
    outer loop
      vertex 2.27953 -0.911997 1.8999
      vertex 2.23882 -0.794539 2.06771
      vertex 2.6794 -0.967231 2.32208
    endloop
  endfacet
  facet normal 0.566047 0.577227 -0.588557
    outer loop
      vertex 2.76018 -1.25007 2.0306
      vertex 2.28819 -1.06507 1.7581
      vertex 2.73375 -1.09003 2.16214
    endloop
  endfacet
  facet normal 0.566045 0.577233 -0.588553
    outer loop
      vertex 2.28819 -1.06507 1.7581
      vertex 2.27953 -0.911997 1.8999
      vertex 2.73375 -1.09003 2.16214
    endloop
  endfacet
  facet normal 0.568517 0.363026 -0.738242
    outer loop
      vertex 2.75689 -1.43644 1.93642
      vertex 2.26421 -1.24333 1.65197
      vertex 2.76018 -1.25007 2.0306
    endloop
  endfacet
  facet normal 0.568513 0.363043 -0.738236
    outer loop
      vertex 2.26421 -1.24333 1.65197
      vertex 2.28819 -1.06507 1.7581
      vertex 2.76018 -1.25007 2.0306
    endloop
  endfacet
  facet normal 0.532114 0.123893 -0.837559
    outer loop
      vertex 2.72411 -1.63644 1.88601
      vertex 2.20921 -1.43462 1.58874
      vertex 2.75689 -1.43644 1.93642
    endloop
  endfacet
  facet normal 0.532116 0.123858 -0.837563
    outer loop
      vertex 2.20921 -1.43462 1.58874
      vertex 2.26421 -1.24333 1.65197
      vertex 2.75689 -1.43644 1.93642
    endloop
  endfacet
  facet normal 0.459282 -0.123891 -0.879608
    outer loop
      vertex 2.66407 -1.83644 1.88283
      vertex 2.12696 -1.62592 1.57273
      vertex 2.72411 -1.63644 1.88601
    endloop
  endfacet
  facet normal 0.459285 -0.123856 -0.879612
    outer loop
      vertex 2.12696 -1.62592 1.57273
      vertex 2.20921 -1.43462 1.58874
      vertex 2.72411 -1.63644 1.88601
    endloop
  endfacet
  facet normal 0.35508 -0.363028 -0.861469
    outer loop
      vertex 2.58086 -2.02281 1.92707
      vertex 2.02306 -1.80417 1.60502
      vertex 2.66407 -1.83644 1.88283
    endloop
  endfacet
  facet normal 0.35508 -0.363028 -0.861469
    outer loop
      vertex 2.02306 -1.80417 1.60502
      vertex 2.12696 -1.62592 1.57273
      vertex 2.66407 -1.83644 1.88283
    endloop
  endfacet
  facet normal 0.226678 -0.577227 -0.784491
    outer loop
      vertex 2.48016 -2.18285 2.01573
      vertex 1.90458 -1.95725 1.68342
      vertex 2.58086 -2.02281 1.92707
    endloop
  endfacet
  facet normal 0.22668 -0.577223 -0.784493
    outer loop
      vertex 1.90458 -1.95725 1.68342
      vertex 2.02306 -1.80417 1.60502
      vertex 2.58086 -2.02281 1.92707
    endloop
  endfacet
  facet normal 0.08295 -0.75184 -0.654107
    outer loop
      vertex 2.36882 -2.30566 2.14277
      vertex 1.7796 -2.0747 1.80258
      vertex 2.48016 -2.18285 2.01573
    endloop
  endfacet
  facet normal 0.0829391 -0.751862 -0.654083
    outer loop
      vertex 1.7796 -2.0747 1.80258
      vertex 1.90458 -1.95725 1.68342
      vertex 2.48016 -2.18285 2.01573
    endloop
  endfacet
  facet normal -0.0662848 -0.875132 -0.479322
    outer loop
      vertex 2.25443 -2.38285 2.29952
      vertex 1.65665 -2.14854 1.95439
      vertex 2.36882 -2.30566 2.14277
    endloop
  endfacet
  facet normal -0.0662791 -0.875124 -0.479337
    outer loop
      vertex 1.65665 -2.14854 1.95439
      vertex 1.7796 -2.0747 1.80258
      vertex 2.36882 -2.30566 2.14277
    endloop
  endfacet
  facet normal -0.21087 -0.938867 -0.272144
    outer loop
      vertex 2.14479 -2.40918 2.47531
      vertex 1.54408 -2.17373 2.12849
      vertex 2.25443 -2.38285 2.29952
    endloop
  endfacet
  facet normal -0.210859 -0.93886 -0.272178
    outer loop
      vertex 1.54408 -2.17373 2.12849
      vertex 1.65665 -2.14854 1.95439
      vertex 2.25443 -2.38285 2.29952
    endloop
  endfacet
  facet normal -0.444904 -0.889232 -0.106428
    outer loop
      vertex 1.44959 -2.14854 2.31302
      vertex 0.883405 -1.82614 1.98613
      vertex 1.54408 -2.17373 2.12849
    endloop
  endfacet
  facet normal -0.44489 -0.889231 -0.106491
    outer loop
      vertex 0.883405 -1.82614 1.98613
      vertex 0.975129 -1.84974 1.8
      vertex 1.54408 -2.17373 2.12849
    endloop
  endfacet
  facet normal -0.544981 -0.82886 0.126438
    outer loop
      vertex 1.3796 -2.0747 2.4954
      vertex 0.821539 -1.75692 2.17321
      vertex 1.44959 -2.14854 2.31302
    endloop
  endfacet
  facet normal -0.544982 -0.828856 0.126457
    outer loop
      vertex 0.821539 -1.75692 2.17321
      vertex 0.883405 -1.82614 1.98613
      vertex 1.44959 -2.14854 2.31302
    endloop
  endfacet
  facet normal -0.608089 -0.712108 0.350899
    outer loop
      vertex 1.3389 -1.95725 2.66322
      vertex 0.793747 -1.64682 2.34848
      vertex 1.3796 -2.0747 2.4954
    endloop
  endfacet
  facet normal -0.608089 -0.712106 0.350904
    outer loop
      vertex 0.793747 -1.64682 2.34848
      vertex 0.821539 -1.75692 2.17321
      vertex 1.3796 -2.0747 2.4954
    endloop
  endfacet
  facet normal -0.629848 -0.546705 0.551729
    outer loop
      vertex 1.33024 -1.80417 2.80502
      vertex 0.801924 -1.50333 2.5
      vertex 1.3389 -1.95725 2.66322
    endloop
  endfacet
  facet normal -0.62985 -0.546708 0.551725
    outer loop
      vertex 0.801924 -1.50333 2.5
      vertex 0.793747 -1.64682 2.34848
      vertex 1.3389 -1.95725 2.66322
    endloop
  endfacet
  facet normal -0.608645 -0.343864 0.715058
    outer loop
      vertex 1.35422 -1.62592 2.91115
      vertex 0.845511 -1.33624 2.61745
      vertex 1.33024 -1.80417 2.80502
    endloop
  endfacet
  facet normal -0.608642 -0.343859 0.715064
    outer loop
      vertex 0.845511 -1.33624 2.61745
      vertex 0.801924 -1.50333 2.5
      vertex 1.33024 -1.80417 2.80502
    endloop
  endfacet
  facet normal -0.545815 -0.117326 0.829651
    outer loop
      vertex 1.40921 -1.43462 2.97438
      vertex 0.921539 -1.15692 2.69282
      vertex 1.35422 -1.62592 2.91115
    endloop
  endfacet
  facet normal -0.545801 -0.117307 0.829663
    outer loop
      vertex 0.921539 -1.15692 2.69282
      vertex 0.845511 -1.33624 2.61745
      vertex 1.35422 -1.62592 2.91115
    endloop
  endfacet
  facet normal -0.445585 0.117333 0.887517
    outer loop
      vertex 1.49147 -1.24333 2.99039
      vertex 1.02483 -0.977607 2.72098
      vertex 1.40921 -1.43462 2.97438
    endloop
  endfacet
  facet normal -0.445608 0.117309 0.887509
    outer loop
      vertex 1.02483 -0.977607 2.72098
      vertex 0.921539 -1.15692 2.69282
      vertex 1.40921 -1.43462 2.97438
    endloop
  endfacet
  facet normal -0.314965 0.343823 0.884637
    outer loop
      vertex 1.59537 -1.06507 2.9581
      vertex 1.14833 -0.810512 2.7
      vertex 1.49147 -1.24333 2.99039
    endloop
  endfacet
  facet normal -0.314939 0.343844 0.884638
    outer loop
      vertex 1.14833 -0.810512 2.7
      vertex 1.02483 -0.977607 2.72098
      vertex 1.49147 -1.24333 2.99039
    endloop
  endfacet
  facet normal -0.162871 0.546723 0.82132
    outer loop
      vertex 1.71385 -0.911997 2.8797
      vertex 1.28365 -0.667024 2.63132
      vertex 1.59537 -1.06507 2.9581
    endloop
  endfacet
  facet normal -0.162872 0.546722 0.82132
    outer loop
      vertex 1.28365 -0.667024 2.63132
      vertex 1.14833 -0.810512 2.7
      vertex 1.59537 -1.06507 2.9581
    endloop
  endfacet
  facet normal 0.000146828 0.712098 0.70208
    outer loop
      vertex 1.83882 -0.794539 2.76054
      vertex 1.42154 -0.556922 2.51962
      vertex 1.71385 -0.911997 2.8797
    endloop
  endfacet
  facet normal 0.000141457 0.712095 0.702083
    outer loop
      vertex 1.42154 -0.556922 2.51962
      vertex 1.28365 -0.667024 2.63132
      vertex 1.71385 -0.911997 2.8797
    endloop
  endfacet
  facet normal 0.163008 0.828866 0.535172
    outer loop
      vertex 1.96178 -0.720702 2.60873
      vertex 1.55262 -0.487709 2.3725
      vertex 1.83882 -0.794539 2.76054
    endloop
  endfacet
  facet normal 0.163004 0.828866 0.535174
    outer loop
      vertex 1.55262 -0.487709 2.3725
      vertex 1.42154 -0.556922 2.51962
      vertex 1.83882 -0.794539 2.76054
    endloop
  endfacet
  facet normal 0.314638 0.889232 0.332069
    outer loop
      vertex 2.07435 -0.695518 2.43463
      vertex 1.66795 -0.464102 2.2
      vertex 1.96178 -0.720702 2.60873
    endloop
  endfacet
  facet normal 0.314649 0.889231 0.332061
    outer loop
      vertex 1.66795 -0.464102 2.2
      vertex 1.55262 -0.487709 2.3725
      vertex 1.96178 -0.720702 2.60873
    endloop
  endfacet
  facet normal 0.444895 0.889233 0.106453
    outer loop
      vertex 2.16884 -0.720702 2.2501
      vertex 1.75967 -0.487709 2.01387
      vertex 2.07435 -0.695518 2.43463
    endloop
  endfacet
  facet normal 0.444897 0.889233 0.106451
    outer loop
      vertex 1.75967 -0.487709 2.01387
      vertex 1.66795 -0.464102 2.2
      vertex 2.07435 -0.695518 2.43463
    endloop
  endfacet
  facet normal 0.544988 0.828855 -0.126443
    outer loop
      vertex 2.23882 -0.794539 2.06771
      vertex 1.82154 -0.556922 1.82679
      vertex 2.16884 -0.720702 2.2501
    endloop
  endfacet
  facet normal 0.544971 0.828869 -0.126423
    outer loop
      vertex 1.82154 -0.556922 1.82679
      vertex 1.75967 -0.487709 2.01387
      vertex 2.16884 -0.720702 2.2501
    endloop
  endfacet
  facet normal 0.608096 0.712097 -0.350908
    outer loop
      vertex 2.27953 -0.911997 1.8999
      vertex 1.84933 -0.667024 1.65152
      vertex 2.23882 -0.794539 2.06771
    endloop
  endfacet
  facet normal 0.608098 0.712095 -0.35091
    outer loop
      vertex 1.84933 -0.667024 1.65152
      vertex 1.82154 -0.556922 1.82679
      vertex 2.23882 -0.794539 2.06771
    endloop
  endfacet
  facet normal 0.629851 0.546717 -0.551714
    outer loop
      vertex 2.28819 -1.06507 1.7581
      vertex 1.84115 -0.810512 1.5
      vertex 2.27953 -0.911997 1.8999
    endloop
  endfacet
  facet normal 0.629856 0.546701 -0.551724
    outer loop
      vertex 1.84115 -0.810512 1.5
      vertex 1.84933 -0.667024 1.65152
      vertex 2.27953 -0.911997 1.8999
    endloop
  endfacet
  facet normal 0.60865 0.343847 -0.715063
    outer loop
      vertex 2.26421 -1.24333 1.65197
      vertex 1.79757 -0.977607 1.38255
      vertex 2.28819 -1.06507 1.7581
    endloop
  endfacet
  facet normal 0.608647 0.343867 -0.715055
    outer loop
      vertex 1.79757 -0.977607 1.38255
      vertex 1.84115 -0.810512 1.5
      vertex 2.28819 -1.06507 1.7581
    endloop
  endfacet
  facet normal 0.545809 0.117307 -0.829657
    outer loop
      vertex 2.20921 -1.43462 1.58874
      vertex 1.72154 -1.15692 1.30718
      vertex 2.26421 -1.24333 1.65197
    endloop
  endfacet
  facet normal 0.545809 0.117301 -0.829659
    outer loop
      vertex 1.72154 -1.15692 1.30718
      vertex 1.79757 -0.977607 1.38255
      vertex 2.26421 -1.24333 1.65197
    endloop
  endfacet
  facet normal 0.445609 -0.117315 -0.887507
    outer loop
      vertex 2.12696 -1.62592 1.57273
      vertex 1.61825 -1.33624 1.27902
      vertex 2.20921 -1.43462 1.58874
    endloop
  endfacet
  facet normal 0.445611 -0.117304 -0.887508
    outer loop
      vertex 1.61825 -1.33624 1.27902
      vertex 1.72154 -1.15692 1.30718
      vertex 2.20921 -1.43462 1.58874
    endloop
  endfacet
  facet normal 0.314949 -0.343833 -0.884639
    outer loop
      vertex 2.02306 -1.80417 1.60502
      vertex 1.49474 -1.50333 1.3
      vertex 2.12696 -1.62592 1.57273
    endloop
  endfacet
  facet normal 0.314937 -0.343871 -0.884628
    outer loop
      vertex 1.49474 -1.50333 1.3
      vertex 1.61825 -1.33624 1.27902
      vertex 2.12696 -1.62592 1.57273
    endloop
  endfacet
  facet normal 0.162875 -0.546706 -0.821331
    outer loop
      vertex 1.90458 -1.95725 1.68342
      vertex 1.35943 -1.64682 1.36868
      vertex 2.02306 -1.80417 1.60502
    endloop
  endfacet
  facet normal 0.162874 -0.546709 -0.821329
    outer loop
      vertex 1.35943 -1.64682 1.36868
      vertex 1.49474 -1.50333 1.3
      vertex 2.02306 -1.80417 1.60502
    endloop
  endfacet
  facet normal -0.000161908 -0.712114 -0.702064
    outer loop
      vertex 1.7796 -2.0747 1.80258
      vertex 1.22154 -1.75692 1.48038
      vertex 1.90458 -1.95725 1.68342
    endloop
  endfacet
  facet normal -0.000151285 -0.712096 -0.702082
    outer loop
      vertex 1.22154 -1.75692 1.48038
      vertex 1.35943 -1.64682 1.36868
      vertex 1.90458 -1.95725 1.68342
    endloop
  endfacet
  facet normal -0.162995 -0.82887 -0.535169
    outer loop
      vertex 1.65665 -2.14854 1.95439
      vertex 1.09046 -1.82614 1.6275
      vertex 1.7796 -2.0747 1.80258
    endloop
  endfacet
  facet normal -0.162985 -0.828857 -0.535193
    outer loop
      vertex 1.09046 -1.82614 1.6275
      vertex 1.22154 -1.75692 1.48038
      vertex 1.7796 -2.0747 1.80258
    endloop
  endfacet
  facet normal -0.314632 -0.889224 -0.332095
    outer loop
      vertex 1.54408 -2.17373 2.12849
      vertex 0.975129 -1.84974 1.8
      vertex 1.65665 -2.14854 1.95439
    endloop
  endfacet
  facet normal -0.314653 -0.889241 -0.332031
    outer loop
      vertex 0.975129 -1.84974 1.8
      vertex 1.09046 -1.82614 1.6275
      vertex 1.65665 -2.14854 1.95439
    endloop
  endfacet
  facet normal -0.542159 -0.824385 -0.162647
    outer loop
      vertex 0.883405 -1.82614 1.98613
      vertex 0.358508 -1.42115 1.68308
      vertex 0.975129 -1.84974 1.8
    endloop
  endfacet
  facet normal -0.542168 -0.824387 -0.162604
    outer loop
      vertex 0.358508 -1.42115 1.68308
      vertex 0.447664 -1.44278 1.49547
      vertex 0.975129 -1.84974 1.8
    endloop
  endfacet
  facet normal -0.635648 -0.768414 0.0741105
    outer loop
      vertex 0.821539 -1.75692 2.17321
      vertex 0.304169 -1.35775 1.8745
      vertex 0.883405 -1.82614 1.98613
    endloop
  endfacet
  facet normal -0.635645 -0.76842 0.0740652
    outer loop
      vertex 0.304169 -1.35775 1.8745
      vertex 0.358508 -1.42115 1.68308
      vertex 0.883405 -1.82614 1.98613
    endloop
  endfacet
  facet normal -0.685988 -0.660173 0.305928
    outer loop
      vertex 0.793747 -1.64682 2.34848
      vertex 0.288353 -1.25688 2.05669
      vertex 0.821539 -1.75692 2.17321
    endloop
  endfacet
  facet normal -0.685986 -0.660165 0.305951
    outer loop
      vertex 0.288353 -1.25688 2.05669
      vertex 0.304169 -1.35775 1.8745
      vertex 0.821539 -1.75692 2.17321
    endloop
  endfacet
  facet normal -0.689651 -0.506841 0.517198
    outer loop
      vertex 0.801924 -1.50333 2.5
      vertex 0.312135 -1.12544 2.21722
      vertex 0.793747 -1.64682 2.34848
    endloop
  endfacet
  facet normal -0.689658 -0.506853 0.517176
    outer loop
      vertex 0.312135 -1.12544 2.21722
      vertex 0.288353 -1.25688 2.05669
      vertex 0.793747 -1.64682 2.34848
    endloop
  endfacet
  facet normal -0.646261 -0.318779 0.693344
    outer loop
      vertex 0.845511 -1.33624 2.61745
      vertex 0.373896 -0.972364 2.34516
      vertex 0.801924 -1.50333 2.5
    endloop
  endfacet
  facet normal -0.646251 -0.318766 0.69336
    outer loop
      vertex 0.373896 -0.972364 2.34516
      vertex 0.312135 -1.12544 2.21722
      vertex 0.801924 -1.50333 2.5
    endloop
  endfacet
  facet normal -0.558637 -0.10875 0.822252
    outer loop
      vertex 0.921539 -1.15692 2.69282
      vertex 0.469426 -0.808096 2.43179
      vertex 0.845511 -1.33624 2.61745
    endloop
  endfacet
  facet normal -0.55864 -0.108753 0.82225
    outer loop
      vertex 0.469426 -0.808096 2.43179
      vertex 0.373896 -0.972364 2.34516
      vertex 0.845511 -1.33624 2.61745
    endloop
  endfacet
  facet normal -0.432775 0.108753 0.894918
    outer loop
      vertex 1.02483 -0.977607 2.72098
      vertex 0.592216 -0.643828 2.47121
      vertex 0.921539 -1.15692 2.69282
    endloop
  endfacet
  facet normal -0.432782 0.108747 0.894916
    outer loop
      vertex 0.592216 -0.643828 2.47121
      vertex 0.469426 -0.808096 2.43179
      vertex 0.921539 -1.15692 2.69282
    endloop
  endfacet
  facet normal -0.277339 0.31878 0.906346
    outer loop
      vertex 1.14833 -0.810512 2.7
      vertex 0.733897 -0.490755 2.46072
      vertex 1.02483 -0.977607 2.72098
    endloop
  endfacet
  facet normal -0.277319 0.318792 0.906347
    outer loop
      vertex 0.733897 -0.490755 2.46072
      vertex 0.592216 -0.643828 2.47121
      vertex 1.02483 -0.977607 2.72098
    endloop
  endfacet
  facet normal -0.103073 0.506854 0.855848
    outer loop
      vertex 1.28365 -0.667024 2.63132
      vertex 0.884815 -0.359308 2.40105
      vertex 1.14833 -0.810512 2.7
    endloop
  endfacet
  facet normal -0.103075 0.506853 0.855848
    outer loop
      vertex 0.884815 -0.359308 2.40105
      vertex 0.733897 -0.490755 2.46072
      vertex 1.14833 -0.810512 2.7
    endloop
  endfacet
  facet normal 0.0780267 0.660173 0.74705
    outer loop
      vertex 1.42154 -0.556922 2.51962
      vertex 1.03468 -0.258445 2.29626
      vertex 1.28365 -0.667024 2.63132
    endloop
  endfacet
  facet normal 0.0780397 0.660177 0.747045
    outer loop
      vertex 1.03468 -0.258445 2.29626
      vertex 0.884815 -0.359308 2.40105
      vertex 1.28365 -0.667024 2.63132
    endloop
  endfacet
  facet normal 0.253673 0.76842 0.587521
    outer loop
      vertex 1.55262 -0.487709 2.3725
      vertex 1.17329 -0.19504 2.1535
      vertex 1.42154 -0.556922 2.51962
    endloop
  endfacet
  facet normal 0.253634 0.768416 0.587543
    outer loop
      vertex 1.17329 -0.19504 2.1535
      vertex 1.03468 -0.258445 2.29626
      vertex 1.42154 -0.556922 2.51962
    endloop
  endfacet
  facet normal 0.411918 0.824385 0.388219
    outer loop
      vertex 1.66795 -0.464102 2.2
      vertex 1.29119 -0.173413 1.98248
      vertex 1.55262 -0.487709 2.3725
    endloop
  endfacet
  facet normal 0.411914 0.824385 0.388222
    outer loop
      vertex 1.29119 -0.173413 1.98248
      vertex 1.17329 -0.19504 2.1535
      vertex 1.55262 -0.487709 2.3725
    endloop
  endfacet
  facet normal 0.542166 0.824387 0.162608
    outer loop
      vertex 1.75967 -0.487709 2.01387
      vertex 1.38034 -0.19504 1.79486
      vertex 1.66795 -0.464102 2.2
    endloop
  endfacet
  facet normal 0.542178 0.824382 0.162596
    outer loop
      vertex 1.38034 -0.19504 1.79486
      vertex 1.29119 -0.173413 1.98248
      vertex 1.66795 -0.464102 2.2
    endloop
  endfacet
  facet normal 0.635637 0.768426 -0.0740764
    outer loop
      vertex 1.82154 -0.556922 1.82679
      vertex 1.43468 -0.258445 1.60344
      vertex 1.75967 -0.487709 2.01387
    endloop
  endfacet
  facet normal 0.635642 0.768421 -0.074083
    outer loop
      vertex 1.43468 -0.258445 1.60344
      vertex 1.38034 -0.19504 1.79486
      vertex 1.75967 -0.487709 2.01387
    endloop
  endfacet
  facet normal 0.685984 0.66017 -0.305942
    outer loop
      vertex 1.84933 -0.667024 1.65152
      vertex 1.4505 -0.359308 1.42126
      vertex 1.82154 -0.556922 1.82679
    endloop
  endfacet
  facet normal 0.685981 0.660178 -0.305935
    outer loop
      vertex 1.4505 -0.359308 1.42126
      vertex 1.43468 -0.258445 1.60344
      vertex 1.82154 -0.556922 1.82679
    endloop
  endfacet
  facet normal 0.689662 0.506829 -0.517195
    outer loop
      vertex 1.84115 -0.810512 1.5
      vertex 1.42672 -0.490755 1.26072
      vertex 1.84933 -0.667024 1.65152
    endloop
  endfacet
  facet normal 0.689654 0.506868 -0.517168
    outer loop
      vertex 1.42672 -0.490755 1.26072
      vertex 1.4505 -0.359308 1.42126
      vertex 1.84933 -0.667024 1.65152
    endloop
  endfacet
  facet normal 0.646264 0.31879 -0.693337
    outer loop
      vertex 1.79757 -0.977607 1.38255
      vertex 1.36496 -0.643828 1.13278
      vertex 1.84115 -0.810512 1.5
    endloop
  endfacet
  facet normal 0.646264 0.318762 -0.69335
    outer loop
      vertex 1.36496 -0.643828 1.13278
      vertex 1.42672 -0.490755 1.26072
      vertex 1.84115 -0.810512 1.5
    endloop
  endfacet
  facet normal 0.558638 0.108747 -0.822251
    outer loop
      vertex 1.72154 -1.15692 1.30718
      vertex 1.26943 -0.808096 1.04615
      vertex 1.79757 -0.977607 1.38255
    endloop
  endfacet
  facet normal 0.558639 0.108753 -0.82225
    outer loop
      vertex 1.26943 -0.808096 1.04615
      vertex 1.36496 -0.643828 1.13278
      vertex 1.79757 -0.977607 1.38255
    endloop
  endfacet
  facet normal 0.432772 -0.108744 -0.894921
    outer loop
      vertex 1.61825 -1.33624 1.27902
      vertex 1.14664 -0.972364 1.00674
      vertex 1.72154 -1.15692 1.30718
    endloop
  endfacet
  facet normal 0.43276 -0.108784 -0.894922
    outer loop
      vertex 1.14664 -0.972364 1.00674
      vertex 1.26943 -0.808096 1.04615
      vertex 1.72154 -1.15692 1.30718
    endloop
  endfacet
  facet normal 0.277323 -0.318794 -0.906346
    outer loop
      vertex 1.49474 -1.50333 1.3
      vertex 1.00496 -1.12544 1.01722
      vertex 1.61825 -1.33624 1.27902
    endloop
  endfacet
  facet normal 0.277343 -0.318748 -0.906356
    outer loop
      vertex 1.00496 -1.12544 1.01722
      vertex 1.14664 -0.972364 1.00674
      vertex 1.61825 -1.33624 1.27902
    endloop
  endfacet
  facet normal 0.103072 -0.506842 -0.855855
    outer loop
      vertex 1.35943 -1.64682 1.36868
      vertex 0.854038 -1.25688 1.07689
      vertex 1.49474 -1.50333 1.3
    endloop
  endfacet
  facet normal 0.10306 -0.506864 -0.855843
    outer loop
      vertex 0.854038 -1.25688 1.07689
      vertex 1.00496 -1.12544 1.01722
      vertex 1.49474 -1.50333 1.3
    endloop
  endfacet
  facet normal -0.0780401 -0.66017 -0.747051
    outer loop
      vertex 1.22154 -1.75692 1.48038
      vertex 0.704169 -1.35775 1.18168
      vertex 1.35943 -1.64682 1.36868
    endloop
  endfacet
  facet normal -0.0780318 -0.660158 -0.747063
    outer loop
      vertex 0.704169 -1.35775 1.18168
      vertex 0.854038 -1.25688 1.07689
      vertex 1.35943 -1.64682 1.36868
    endloop
  endfacet
  facet normal -0.253658 -0.76841 -0.58754
    outer loop
      vertex 1.09046 -1.82614 1.6275
      vertex 0.565563 -1.42115 1.32445
      vertex 1.22154 -1.75692 1.48038
    endloop
  endfacet
  facet normal -0.253674 -0.768427 -0.587511
    outer loop
      vertex 0.565563 -1.42115 1.32445
      vertex 0.704169 -1.35775 1.18168
      vertex 1.22154 -1.75692 1.48038
    endloop
  endfacet
  facet normal -0.411927 -0.824391 -0.388195
    outer loop
      vertex 0.975129 -1.84974 1.8
      vertex 0.447664 -1.44278 1.49547
      vertex 1.09046 -1.82614 1.6275
    endloop
  endfacet
  facet normal -0.411913 -0.82438 -0.388232
    outer loop
      vertex 0.447664 -1.44278 1.49547
      vertex 0.565563 -1.42115 1.32445
      vertex 1.09046 -1.82614 1.6275
    endloop
  endfacet
  facet normal -0.631274 -0.745436 -0.214051
    outer loop
      vertex 0.358508 -1.42115 1.68308
      vertex -0.11612 -0.940523 1.40905
      vertex 0.447664 -1.44278 1.49547
    endloop
  endfacet
  facet normal -0.631271 -0.745435 -0.214066
    outer loop
      vertex -0.11612 -0.940523 1.40905
      vertex -0.0292856 -0.959798 1.2201
      vertex 0.447664 -1.44278 1.49547
    endloop
  endfacet
  facet normal -0.718699 -0.694831 0.0261146
    outer loop
      vertex 0.304169 -1.35775 1.8745
      vertex -0.163652 -0.88401 1.6044
      vertex 0.358508 -1.42115 1.68308
    endloop
  endfacet
  facet normal -0.7187 -0.694829 0.0261356
    outer loop
      vertex -0.163652 -0.88401 1.6044
      vertex -0.11612 -0.940523 1.40905
      vertex 0.358508 -1.42115 1.68308
    endloop
  endfacet
  facet normal -0.757341 -0.596942 0.264754
    outer loop
      vertex 0.288353 -1.25688 2.05669
      vertex -0.168641 -0.794113 1.79284
      vertex 0.304169 -1.35775 1.8745
    endloop
  endfacet
  facet normal -0.757345 -0.596949 0.264729
    outer loop
      vertex -0.168641 -0.794113 1.79284
      vertex -0.163652 -0.88401 1.6044
      vertex 0.304169 -1.35775 1.8745
    endloop
  endfacet
  facet normal -0.744443 -0.458312 0.485547
    outer loop
      vertex 0.312135 -1.12544 2.21722
      vertex -0.130747 -0.676955 1.96152
      vertex 0.288353 -1.25688 2.05669
    endloop
  endfacet
  facet normal -0.744438 -0.458307 0.485559
    outer loop
      vertex -0.130747 -0.676955 1.96152
      vertex -0.168641 -0.794113 1.79284
      vertex 0.288353 -1.25688 2.05669
    endloop
  endfacet
  facet normal -0.680707 -0.288237 0.673467
    outer loop
      vertex 0.373896 -0.972364 2.34516
      vertex -0.0525529 -0.540523 2.09895
      vertex 0.312135 -1.12544 2.21722
    endloop
  endfacet
  facet normal -0.680713 -0.288243 0.673458
    outer loop
      vertex -0.0525529 -0.540523 2.09895
      vertex -0.130747 -0.676955 1.96152
      vertex 0.312135 -1.12544 2.21722
    endloop
  endfacet
  facet normal -0.570393 -0.098339 0.815464
    outer loop
      vertex 0.469426 -0.808096 2.43179
      vertex 0.0606123 -0.394113 2.19576
      vertex 0.373896 -0.972364 2.34516
    endloop
  endfacet
  facet normal -0.570388 -0.0983354 0.815467
    outer loop
      vertex 0.0606123 -0.394113 2.19576
      vertex -0.0525529 -0.540523 2.09895
      vertex 0.373896 -0.972364 2.34516
    endloop
  endfacet
  facet normal -0.421028 0.0983327 0.901702
    outer loop
      vertex 0.592216 -0.643828 2.47121
      vertex 0.201037 -0.247702 2.24536
      vertex 0.469426 -0.808096 2.43179
    endloop
  endfacet
  facet normal -0.421023 0.0983359 0.901704
    outer loop
      vertex 0.201037 -0.247702 2.24536
      vertex 0.0606123 -0.394113 2.19576
      vertex 0.469426 -0.808096 2.43179
    endloop
  endfacet
  facet normal -0.24286 0.288261 0.926242
    outer loop
      vertex 0.733897 -0.490755 2.46072
      vertex 0.359151 -0.11127 2.24436
      vertex 0.592216 -0.643828 2.47121
    endloop
  endfacet
  facet normal -0.24287 0.288256 0.926241
    outer loop
      vertex 0.359151 -0.11127 2.24436
      vertex 0.201037 -0.247702 2.24536
      vertex 0.592216 -0.643828 2.47121
    endloop
  endfacet
  facet normal -0.048282 0.458304 0.887483
    outer loop
      vertex 0.884815 -0.359308 2.40105
      vertex 0.52418 0.00588745 2.19284
      vertex 0.733897 -0.490755 2.46072
    endloop
  endfacet
  facet normal -0.0482947 0.4583 0.887485
    outer loop
      vertex 0.52418 0.00588745 2.19284
      vertex 0.359151 -0.11127 2.24436
      vertex 0.733897 -0.490755 2.46072
    endloop
  endfacet
  facet normal 0.149405 0.596947 0.788247
    outer loop
      vertex 1.03468 -0.258445 2.29626
      vertex 0.684876 0.0957854 2.0943
      vertex 0.884815 -0.359308 2.40105
    endloop
  endfacet
  facet normal 0.149408 0.596947 0.788245
    outer loop
      vertex 0.684876 0.0957854 2.0943
      vertex 0.52418 0.00588745 2.19284
      vertex 0.884815 -0.359308 2.40105
    endloop
  endfacet
  facet normal 0.33669 0.694824 0.635499
    outer loop
      vertex 1.17329 -0.19504 2.1535
      vertex 0.83029 0.152298 1.95546
      vertex 1.03468 -0.258445 2.29626
    endloop
  endfacet
  facet normal 0.336721 0.694825 0.635482
    outer loop
      vertex 0.83029 0.152298 1.95546
      vertex 0.684876 0.0957854 2.0943
      vertex 1.03468 -0.258445 2.29626
    endloop
  endfacet
  facet normal 0.501019 0.745436 0.439666
    outer loop
      vertex 1.29119 -0.173413 1.98248
      vertex 0.95051 0.171573 1.78579
      vertex 1.17329 -0.19504 2.1535
    endloop
  endfacet
  facet normal 0.501008 0.745438 0.439674
    outer loop
      vertex 0.95051 0.171573 1.78579
      vertex 0.83029 0.152298 1.95546
      vertex 1.17329 -0.19504 2.1535
    endloop
  endfacet
  facet normal 0.631293 0.745423 0.214042
    outer loop
      vertex 1.38034 -0.19504 1.79486
      vertex 1.03735 0.152298 1.59683
      vertex 1.29119 -0.173413 1.98248
    endloop
  endfacet
  facet normal 0.631266 0.745437 0.214071
    outer loop
      vertex 1.03735 0.152298 1.59683
      vertex 0.95051 0.171573 1.78579
      vertex 1.29119 -0.173413 1.98248
    endloop
  endfacet
  facet normal 0.718706 0.694823 -0.0261244
    outer loop
      vertex 1.43468 -0.258445 1.60344
      vertex 1.08488 0.0957854 1.40148
      vertex 1.38034 -0.19504 1.79486
    endloop
  endfacet
  facet normal 0.718713 0.694816 -0.0261347
    outer loop
      vertex 1.08488 0.0957854 1.40148
      vertex 1.03735 0.152298 1.59683
      vertex 1.38034 -0.19504 1.79486
    endloop
  endfacet
  facet normal 0.757346 0.596946 -0.26473
    outer loop
      vertex 1.4505 -0.359308 1.42126
      vertex 1.08987 0.00588745 1.21305
      vertex 1.43468 -0.258445 1.60344
    endloop
  endfacet
  facet normal 0.757349 0.59694 -0.264737
    outer loop
      vertex 1.08987 0.00588745 1.21305
      vertex 1.08488 0.0957854 1.40148
      vertex 1.43468 -0.258445 1.60344
    endloop
  endfacet
  facet normal 0.744434 0.458331 -0.485542
    outer loop
      vertex 1.42672 -0.490755 1.26072
      vertex 1.05197 -0.11127 1.04437
      vertex 1.4505 -0.359308 1.42126
    endloop
  endfacet
  facet normal 0.744438 0.458291 -0.485573
    outer loop
      vertex 1.05197 -0.11127 1.04437
      vertex 1.08987 0.00588745 1.21305
      vertex 1.4505 -0.359308 1.42126
    endloop
  endfacet
  facet normal 0.680705 0.288246 -0.673465
    outer loop
      vertex 1.36496 -0.643828 1.13278
      vertex 0.973778 -0.247702 0.906936
      vertex 1.42672 -0.490755 1.26072
    endloop
  endfacet
  facet normal 0.680708 0.28827 -0.673452
    outer loop
      vertex 0.973778 -0.247702 0.906936
      vertex 1.05197 -0.11127 1.04437
      vertex 1.42672 -0.490755 1.26072
    endloop
  endfacet
  facet normal 0.570388 0.0983438 -0.815467
    outer loop
      vertex 1.26943 -0.808096 1.04615
      vertex 0.860612 -0.394113 0.810123
      vertex 1.36496 -0.643828 1.13278
    endloop
  endfacet
  facet normal 0.570389 0.0983469 -0.815466
    outer loop
      vertex 0.860612 -0.394113 0.810123
      vertex 0.973778 -0.247702 0.906936
      vertex 1.36496 -0.643828 1.13278
    endloop
  endfacet
  facet normal 0.421 -0.0983644 -0.901711
    outer loop
      vertex 1.14664 -0.972364 1.00674
      vertex 0.720188 -0.540523 0.760526
      vertex 1.26943 -0.808096 1.04615
    endloop
  endfacet
  facet normal 0.421011 -0.0983398 -0.901709
    outer loop
      vertex 0.720188 -0.540523 0.760526
      vertex 0.860612 -0.394113 0.810123
      vertex 1.26943 -0.808096 1.04615
    endloop
  endfacet
  facet normal 0.242894 -0.288224 -0.926245
    outer loop
      vertex 1.00496 -1.12544 1.01722
      vertex 0.562073 -0.676955 0.761522
      vertex 1.14664 -0.972364 1.00674
    endloop
  endfacet
  facet normal 0.242882 -0.288245 -0.926241
    outer loop
      vertex 0.562073 -0.676955 0.761522
      vertex 0.720188 -0.540523 0.760526
      vertex 1.14664 -0.972364 1.00674
    endloop
  endfacet
  facet normal 0.048274 -0.458318 -0.887476
    outer loop
      vertex 0.854038 -1.25688 1.07689
      vertex 0.397045 -0.794113 0.813046
      vertex 1.00496 -1.12544 1.01722
    endloop
  endfacet
  facet normal 0.0482814 -0.458307 -0.887481
    outer loop
      vertex 0.397045 -0.794113 0.813046
      vertex 0.562073 -0.676955 0.761522
      vertex 1.00496 -1.12544 1.01722
    endloop
  endfacet
  facet normal -0.149389 -0.596935 -0.788259
    outer loop
      vertex 0.704169 -1.35775 1.18168
      vertex 0.236348 -0.88401 0.911585
      vertex 0.854038 -1.25688 1.07689
    endloop
  endfacet
  facet normal -0.149403 -0.596951 -0.788244
    outer loop
      vertex 0.236348 -0.88401 0.911585
      vertex 0.397045 -0.794113 0.813046
      vertex 0.854038 -1.25688 1.07689
    endloop
  endfacet
  facet normal -0.336729 -0.694837 -0.635465
    outer loop
      vertex 0.565563 -1.42115 1.32445
      vertex 0.0909348 -0.940523 1.05042
      vertex 0.704169 -1.35775 1.18168
    endloop
  endfacet
  facet normal -0.336711 -0.69482 -0.635493
    outer loop
      vertex 0.0909348 -0.940523 1.05042
      vertex 0.236348 -0.88401 0.911585
      vertex 0.704169 -1.35775 1.18168
    endloop
  endfacet
  facet normal -0.501014 -0.745434 -0.439673
    outer loop
      vertex 0.447664 -1.44278 1.49547
      vertex -0.0292856 -0.959798 1.2201
      vertex 0.565563 -1.42115 1.32445
    endloop
  endfacet
  facet normal -0.501021 -0.745439 -0.439658
    outer loop
      vertex -0.0292856 -0.959798 1.2201
      vertex 0.0909348 -0.940523 1.05042
      vertex 0.565563 -1.42115 1.32445
    endloop
  endfacet
  facet normal -0.710691 -0.653728 -0.259919
    outer loop
      vertex -0.11612 -0.940523 1.40905
      vertex -0.532358 -0.39247 1.16874
      vertex -0.0292856 -0.959798 1.2201
    endloop
  endfacet
  facet normal -0.710691 -0.653728 -0.259918
    outer loop
      vertex -0.532358 -0.39247 1.16874
      vertex -0.447559 -0.409064 0.978611
      vertex -0.0292856 -0.959798 1.2201
    endloop
  endfacet
  facet normal -0.79273 -0.609347 -0.0166061
    outer loop
      vertex -0.163652 -0.88401 1.6044
      vertex -0.57392 -0.343817 1.36754
      vertex -0.11612 -0.940523 1.40905
    endloop
  endfacet
  facet normal -0.79273 -0.609347 -0.016604
    outer loop
      vertex -0.57392 -0.343817 1.36754
      vertex -0.532358 -0.39247 1.16874
      vertex -0.11612 -0.940523 1.40905
    endloop
  endfacet
  facet normal -0.820942 -0.523513 0.228012
    outer loop
      vertex -0.168641 -0.794113 1.79284
      vertex -0.569413 -0.266422 1.56146
      vertex -0.163652 -0.88401 1.6044
    endloop
  endfacet
  facet normal -0.820941 -0.523512 0.228018
    outer loop
      vertex -0.569413 -0.266422 1.56146
      vertex -0.57392 -0.343817 1.36754
      vertex -0.163652 -0.88401 1.6044
    endloop
  endfacet
  facet normal -0.793267 -0.401924 0.457367
    outer loop
      vertex -0.130747 -0.676955 1.96152
      vertex -0.519144 -0.165559 1.73728
      vertex -0.168641 -0.794113 1.79284
    endloop
  endfacet
  facet normal -0.793264 -0.401922 0.457375
    outer loop
      vertex -0.519144 -0.165559 1.73728
      vertex -0.569413 -0.266422 1.56146
      vertex -0.168641 -0.794113 1.79284
    endloop
  endfacet
  facet normal -0.711421 -0.252784 0.655729
    outer loop
      vertex -0.0525529 -0.540523 2.09895
      vertex -0.426538 -0.0481021 1.88303
      vertex -0.130747 -0.676955 1.96152
    endloop
  endfacet
  facet normal -0.71142 -0.252783 0.655731
    outer loop
      vertex -0.426538 -0.0481021 1.88303
      vertex -0.519144 -0.165559 1.73728
      vertex -0.130747 -0.676955 1.96152
    endloop
  endfacet
  facet normal -0.580864 -0.0862392 0.809419
    outer loop
      vertex 0.0606123 -0.394113 2.19576
      vertex -0.297908 0.0779451 1.98877
      vertex -0.0525529 -0.540523 2.09895
    endloop
  endfacet
  facet normal -0.580869 -0.0862415 0.809416
    outer loop
      vertex -0.297908 0.0779451 1.98877
      vertex -0.426538 -0.0481021 1.88303
      vertex -0.0525529 -0.540523 2.09895
    endloop
  endfacet
  facet normal -0.410542 0.086234 0.907755
    outer loop
      vertex 0.201037 -0.247702 2.24536
      vertex -0.142018 0.203992 2.0473
      vertex 0.0606123 -0.394113 2.19576
    endloop
  endfacet
  facet normal -0.410546 0.0862321 0.907753
    outer loop
      vertex -0.142018 0.203992 2.0473
      vertex -0.297908 0.0779451 1.98877
      vertex 0.0606123 -0.394113 2.19576
    endloop
  endfacet
  facet normal -0.212154 0.252789 0.943975
    outer loop
      vertex 0.359151 -0.11127 2.24436
      vertex 0.0305076 0.32145 2.05462
      vertex 0.201037 -0.247702 2.24536
    endloop
  endfacet
  facet normal -0.212154 0.252789 0.943975
    outer loop
      vertex 0.0305076 0.32145 2.05462
      vertex -0.142018 0.203992 2.0473
      vertex 0.201037 -0.247702 2.24536
    endloop
  endfacet
  facet normal 0.000530608 0.40192 0.915674
    outer loop
      vertex 0.52418 0.00588745 2.19284
      vertex 0.207912 0.422313 2.01024
      vertex 0.359151 -0.11127 2.24436
    endloop
  endfacet
  facet normal 0.000552897 0.401926 0.915672
    outer loop
      vertex 0.207912 0.422313 2.01024
      vertex 0.0305076 0.32145 2.05462
      vertex 0.359151 -0.11127 2.24436
    endloop
  endfacet
  facet normal 0.213011 0.523506 0.824965
    outer loop
      vertex 0.684876 0.0957854 2.0943
      vertex 0.378104 0.499707 1.91719
      vertex 0.52418 0.00588745 2.19284
    endloop
  endfacet
  facet normal 0.212983 0.523503 0.824975
    outer loop
      vertex 0.378104 0.499707 1.91719
      vertex 0.207912 0.422313 2.01024
      vertex 0.52418 0.00588745 2.19284
    endloop
  endfacet
  facet normal 0.410753 0.609339 0.678224
    outer loop
      vertex 0.83029 0.152298 1.95546
      vertex 0.529487 0.54836 1.7818
      vertex 0.684876 0.0957854 2.0943
    endloop
  endfacet
  facet normal 0.410742 0.60934 0.67823
    outer loop
      vertex 0.529487 0.54836 1.7818
      vertex 0.378104 0.499707 1.91719
      vertex 0.684876 0.0957854 2.0943
    endloop
  endfacet
  facet normal 0.580427 0.653733 0.485529
    outer loop
      vertex 0.95051 0.171573 1.78579
      vertex 0.651743 0.564954 1.61329
      vertex 0.83029 0.152298 1.95546
    endloop
  endfacet
  facet normal 0.580457 0.653725 0.485504
    outer loop
      vertex 0.651743 0.564954 1.61329
      vertex 0.529487 0.54836 1.7818
      vertex 0.83029 0.152298 1.95546
    endloop
  endfacet
  facet normal 0.710686 0.653732 0.259924
    outer loop
      vertex 1.03735 0.152298 1.59683
      vertex 0.736542 0.54836 1.42317
      vertex 0.95051 0.171573 1.78579
    endloop
  endfacet
  facet normal 0.710684 0.653733 0.259926
    outer loop
      vertex 0.736542 0.54836 1.42317
      vertex 0.651743 0.564954 1.61329
      vertex 0.95051 0.171573 1.78579
    endloop
  endfacet
  facet normal 0.792728 0.60935 0.016598
    outer loop
      vertex 1.08488 0.0957854 1.40148
      vertex 0.778104 0.499707 1.22437
      vertex 1.03735 0.152298 1.59683
    endloop
  endfacet
  facet normal 0.792726 0.609352 0.0166018
    outer loop
      vertex 0.778104 0.499707 1.22437
      vertex 0.736542 0.54836 1.42317
      vertex 1.03735 0.152298 1.59683
    endloop
  endfacet
  facet normal 0.820939 0.523512 -0.228022
    outer loop
      vertex 1.08987 0.00588745 1.21305
      vertex 0.773597 0.422313 1.03045
      vertex 1.08488 0.0957854 1.40148
    endloop
  endfacet
  facet normal 0.820937 0.523517 -0.228017
    outer loop
      vertex 0.773597 0.422313 1.03045
      vertex 0.778104 0.499707 1.22437
      vertex 1.08488 0.0957854 1.40148
    endloop
  endfacet
  facet normal 0.793266 0.401908 -0.457383
    outer loop
      vertex 1.05197 -0.11127 1.04437
      vertex 0.723328 0.32145 0.854623
      vertex 1.08987 0.00588745 1.21305
    endloop
  endfacet
  facet normal 0.793266 0.401931 -0.457362
    outer loop
      vertex 0.723328 0.32145 0.854623
      vertex 0.773597 0.422313 1.03045
      vertex 1.08987 0.00588745 1.21305
    endloop
  endfacet
  facet normal 0.711429 0.252796 -0.655715
    outer loop
      vertex 0.973778 -0.247702 0.906936
      vertex 0.630723 0.203992 0.708873
      vertex 1.05197 -0.11127 1.04437
    endloop
  endfacet
  facet normal 0.711425 0.252777 -0.655727
    outer loop
      vertex 0.630723 0.203992 0.708873
      vertex 0.723328 0.32145 0.854623
      vertex 1.05197 -0.11127 1.04437
    endloop
  endfacet
  facet normal 0.58087 0.0862439 -0.809414
    outer loop
      vertex 0.860612 -0.394113 0.810123
      vertex 0.502092 0.0779451 0.603132
      vertex 0.973778 -0.247702 0.906936
    endloop
  endfacet
  facet normal 0.58087 0.086242 -0.809415
    outer loop
      vertex 0.502092 0.0779451 0.603132
      vertex 0.630723 0.203992 0.708873
      vertex 0.973778 -0.247702 0.906936
    endloop
  endfacet
  facet normal 0.410536 -0.0862451 -0.907756
    outer loop
      vertex 0.720188 -0.540523 0.760526
      vertex 0.346202 -0.0481021 0.544605
      vertex 0.860612 -0.394113 0.810123
    endloop
  endfacet
  facet normal 0.410538 -0.0862419 -0.907756
    outer loop
      vertex 0.346202 -0.0481021 0.544605
      vertex 0.502092 0.0779451 0.603132
      vertex 0.860612 -0.394113 0.810123
    endloop
  endfacet
  facet normal 0.21217 -0.252781 -0.943973
    outer loop
      vertex 0.562073 -0.676955 0.761522
      vertex 0.173677 -0.165559 0.537281
      vertex 0.720188 -0.540523 0.760526
    endloop
  endfacet
  facet normal 0.21217 -0.252782 -0.943973
    outer loop
      vertex 0.173677 -0.165559 0.537281
      vertex 0.346202 -0.0481021 0.544605
      vertex 0.720188 -0.540523 0.760526
    endloop
  endfacet
  facet normal -0.000546723 -0.401926 -0.915672
    outer loop
      vertex 0.397045 -0.794113 0.813046
      vertex -0.00372737 -0.266422 0.58166
      vertex 0.562073 -0.676955 0.761522
    endloop
  endfacet
  facet normal -0.000547175 -0.401927 -0.915672
    outer loop
      vertex -0.00372737 -0.266422 0.58166
      vertex 0.173677 -0.165559 0.537281
      vertex 0.562073 -0.676955 0.761522
    endloop
  endfacet
  facet normal -0.213004 -0.523511 -0.824964
    outer loop
      vertex 0.236348 -0.88401 0.911585
      vertex -0.17392 -0.343817 0.674716
      vertex 0.397045 -0.794113 0.813046
    endloop
  endfacet
  facet normal -0.213001 -0.523508 -0.824967
    outer loop
      vertex -0.17392 -0.343817 0.674716
      vertex -0.00372737 -0.266422 0.58166
      vertex 0.397045 -0.794113 0.813046
    endloop
  endfacet
  facet normal -0.410737 -0.609341 -0.678232
    outer loop
      vertex 0.0909348 -0.940523 1.05042
      vertex -0.325303 -0.39247 0.810109
      vertex 0.236348 -0.88401 0.911585
    endloop
  endfacet
  facet normal -0.410745 -0.609347 -0.678221
    outer loop
      vertex -0.325303 -0.39247 0.810109
      vertex -0.17392 -0.343817 0.674716
      vertex 0.236348 -0.88401 0.911585
    endloop
  endfacet
  facet normal -0.580444 -0.653729 -0.485513
    outer loop
      vertex -0.0292856 -0.959798 1.2201
      vertex -0.447559 -0.409064 0.978611
      vertex 0.0909348 -0.940523 1.05042
    endloop
  endfacet
  facet normal -0.580443 -0.653727 -0.485517
    outer loop
      vertex -0.447559 -0.409064 0.978611
      vertex -0.325303 -0.39247 0.810109
      vertex 0.0909348 -0.940523 1.05042
    endloop
  endfacet
  facet normal -0.779065 -0.550837 -0.299393
    outer loop
      vertex -0.532358 -0.39247 1.16874
      vertex -0.883083 0.21363 0.966248
      vertex -0.447559 -0.409064 0.978611
    endloop
  endfacet
  facet normal -0.779066 -0.550837 -0.29939
    outer loop
      vertex -0.883083 0.21363 0.966248
      vertex -0.8 0.2 0.775129
      vertex -0.447559 -0.409064 0.978611
    endloop
  endfacet
  facet normal -0.856462 -0.51344 -0.0533998
    outer loop
      vertex -0.57392 -0.343817 1.36754
      vertex -0.919615 0.25359 1.16795
      vertex -0.532358 -0.39247 1.16874
    endloop
  endfacet
  facet normal -0.856462 -0.51344 -0.0534016
    outer loop
      vertex -0.919615 0.25359 1.16795
      vertex -0.883083 0.21363 0.966248
      vertex -0.532358 -0.39247 1.16874
    endloop
  endfacet
  facet normal -0.875696 -0.441113 0.196404
    outer loop
      vertex -0.569413 -0.266422 1.56146
      vertex -0.907107 0.317157 1.36649
      vertex -0.57392 -0.343817 1.36754
    endloop
  endfacet
  facet normal -0.875697 -0.441114 0.196401
    outer loop
      vertex -0.907107 0.317157 1.36649
      vertex -0.919615 0.25359 1.16795
      vertex -0.57392 -0.343817 1.36754
    endloop
  endfacet
  facet normal -0.835304 -0.338659 0.433102
    outer loop
      vertex -0.519144 -0.165559 1.73728
      vertex -0.84641 0.4 1.54833
      vertex -0.569413 -0.266422 1.56146
    endloop
  endfacet
  facet normal -0.835302 -0.338659 0.433105
    outer loop
      vertex -0.84641 0.4 1.54833
      vertex -0.907107 0.317157 1.36649
      vertex -0.569413 -0.266422 1.56146
    endloop
  endfacet
  facet normal -0.73786 -0.212994 0.640466
    outer loop
      vertex -0.426538 -0.0481021 1.88303
      vertex -0.741662 0.496472 1.70109
      vertex -0.519144 -0.165559 1.73728
    endloop
  endfacet
  facet normal -0.737861 -0.212994 0.640465
    outer loop
      vertex -0.741662 0.496472 1.70109
      vertex -0.84641 0.4 1.54833
      vertex -0.519144 -0.165559 1.73728
    endloop
  endfacet
  facet normal -0.589887 -0.0726705 0.804209
    outer loop
      vertex -0.297908 0.0779451 1.98877
      vertex -0.6 0.6 1.81436
      vertex -0.426538 -0.0481021 1.88303
    endloop
  endfacet
  facet normal -0.589905 -0.0726768 0.804195
    outer loop
      vertex -0.6 0.6 1.81436
      vertex -0.741662 0.496472 1.70109
      vertex -0.426538 -0.0481021 1.88303
    endloop
  endfacet
  facet normal -0.401529 0.0726622 0.912959
    outer loop
      vertex -0.142018 0.203992 2.0473
      vertex -0.431079 0.703528 1.88041
      vertex -0.297908 0.0779451 1.98877
    endloop
  endfacet
  facet normal -0.401515 0.0726662 0.912965
    outer loop
      vertex -0.431079 0.703528 1.88041
      vertex -0.6 0.6 1.81436
      vertex -0.297908 0.0779451 1.98877
    endloop
  endfacet
  facet normal -0.185717 0.213007 0.959238
    outer loop
      vertex 0.0305076 0.32145 2.05462
      vertex -0.24641 0.8 1.89474
      vertex -0.142018 0.203992 2.0473
    endloop
  endfacet
  facet normal -0.185712 0.213008 0.959239
    outer loop
      vertex -0.24641 0.8 1.89474
      vertex -0.431079 0.703528 1.88041
      vertex -0.142018 0.203992 2.0473
    endloop
  endfacet
  facet normal 0.0425961 0.338658 0.939945
    outer loop
      vertex 0.207912 0.422313 2.01024
      vertex -0.0585786 0.882843 1.85639
      vertex 0.0305076 0.32145 2.05462
    endloop
  endfacet
  facet normal 0.0425495 0.338652 0.939949
    outer loop
      vertex -0.0585786 0.882843 1.85639
      vertex -0.24641 0.8 1.89474
      vertex 0.0305076 0.32145 2.05462
    endloop
  endfacet
  facet normal 0.267736 0.441107 0.856588
    outer loop
      vertex 0.378104 0.499707 1.91719
      vertex 0.119615 0.94641 1.76795
      vertex 0.207912 0.422313 2.01024
    endloop
  endfacet
  facet normal 0.267774 0.441108 0.856575
    outer loop
      vertex 0.119615 0.94641 1.76795
      vertex -0.0585786 0.882843 1.85639
      vertex 0.207912 0.422313 2.01024
    endloop
  endfacet
  facet normal 0.474466 0.513445 0.715022
    outer loop
      vertex 0.529487 0.54836 1.7818
      vertex 0.276028 0.98637 1.63546
      vertex 0.378104 0.499707 1.91719
    endloop
  endfacet
  facet normal 0.474481 0.513443 0.715013
    outer loop
      vertex 0.276028 0.98637 1.63546
      vertex 0.119615 0.94641 1.76795
      vertex 0.378104 0.499707 1.91719
    endloop
  endfacet
  facet normal 0.64883 0.550835 0.524977
    outer loop
      vertex 0.651743 0.564954 1.61329
      vertex 0.4 1 1.46795
      vertex 0.529487 0.54836 1.7818
    endloop
  endfacet
  facet normal 0.648809 0.550842 0.524996
    outer loop
      vertex 0.4 1 1.46795
      vertex 0.276028 0.98637 1.63546
      vertex 0.529487 0.54836 1.7818
    endloop
  endfacet
  facet normal 0.779058 0.550841 0.299404
    outer loop
      vertex 0.736542 0.54836 1.42317
      vertex 0.483083 0.98637 1.27683
      vertex 0.651743 0.564954 1.61329
    endloop
  endfacet
  facet normal 0.779068 0.550834 0.29939
    outer loop
      vertex 0.483083 0.98637 1.27683
      vertex 0.4 1 1.46795
      vertex 0.651743 0.564954 1.61329
    endloop
  endfacet
  facet normal 0.856462 0.51344 0.0533997
    outer loop
      vertex 0.778104 0.499707 1.22437
      vertex 0.519615 0.94641 1.07513
      vertex 0.736542 0.54836 1.42317
    endloop
  endfacet
  facet normal 0.856461 0.513442 0.0534016
    outer loop
      vertex 0.519615 0.94641 1.07513
      vertex 0.483083 0.98637 1.27683
      vertex 0.736542 0.54836 1.42317
    endloop
  endfacet
  facet normal 0.875697 0.441114 -0.196402
    outer loop
      vertex 0.773597 0.422313 1.03045
      vertex 0.507107 0.882843 0.87659
      vertex 0.778104 0.499707 1.22437
    endloop
  endfacet
  facet normal 0.875697 0.441114 -0.196401
    outer loop
      vertex 0.507107 0.882843 0.87659
      vertex 0.519615 0.94641 1.07513
      vertex 0.778104 0.499707 1.22437
    endloop
  endfacet
  facet normal 0.835306 0.338667 -0.433091
    outer loop
      vertex 0.723328 0.32145 0.854623
      vertex 0.44641 0.8 0.694744
      vertex 0.773597 0.422313 1.03045
    endloop
  endfacet
  facet normal 0.835306 0.338664 -0.433094
    outer loop
      vertex 0.44641 0.8 0.694744
      vertex 0.507107 0.882843 0.87659
      vertex 0.773597 0.422313 1.03045
    endloop
  endfacet
  facet normal 0.73786 0.212997 -0.640465
    outer loop
      vertex 0.630723 0.203992 0.708873
      vertex 0.341662 0.703528 0.541984
      vertex 0.723328 0.32145 0.854623
    endloop
  endfacet
  facet normal 0.737859 0.212997 -0.640465
    outer loop
      vertex 0.341662 0.703528 0.541984
      vertex 0.44641 0.8 0.694744
      vertex 0.723328 0.32145 0.854623
    endloop
  endfacet
  facet normal 0.58989 0.0726681 -0.804207
    outer loop
      vertex 0.502092 0.0779451 0.603132
      vertex 0.2 0.6 0.428719
      vertex 0.630723 0.203992 0.708873
    endloop
  endfacet
  facet normal 0.589891 0.0726698 -0.804207
    outer loop
      vertex 0.2 0.6 0.428719
      vertex 0.341662 0.703528 0.541984
      vertex 0.630723 0.203992 0.708873
    endloop
  endfacet
  facet normal 0.401519 -0.0726695 -0.912963
    outer loop
      vertex 0.346202 -0.0481021 0.544605
      vertex 0.0310789 0.496472 0.362668
      vertex 0.502092 0.0779451 0.603132
    endloop
  endfacet
  facet normal 0.40152 -0.0726677 -0.912963
    outer loop
      vertex 0.0310789 0.496472 0.362668
      vertex 0.2 0.6 0.428719
      vertex 0.502092 0.0779451 0.603132
    endloop
  endfacet
  facet normal 0.185731 -0.212995 -0.959238
    outer loop
      vertex 0.173677 -0.165559 0.537281
      vertex -0.15359 0.4 0.348334
      vertex 0.346202 -0.0481021 0.544605
    endloop
  endfacet
  facet normal 0.185728 -0.212999 -0.959238
    outer loop
      vertex -0.15359 0.4 0.348334
      vertex 0.0310789 0.496472 0.362668
      vertex 0.346202 -0.0481021 0.544605
    endloop
  endfacet
  facet normal -0.0425845 -0.338667 -0.939942
    outer loop
      vertex -0.00372737 -0.266422 0.58166
      vertex -0.341421 0.317157 0.386692
      vertex 0.173677 -0.165559 0.537281
    endloop
  endfacet
  facet normal -0.0425823 -0.338665 -0.939943
    outer loop
      vertex -0.341421 0.317157 0.386692
      vertex -0.15359 0.4 0.348334
      vertex 0.173677 -0.165559 0.537281
    endloop
  endfacet
  facet normal -0.267755 -0.441112 -0.856579
    outer loop
      vertex -0.17392 -0.343817 0.674716
      vertex -0.519615 0.25359 0.475129
      vertex -0.00372737 -0.266422 0.58166
    endloop
  endfacet
  facet normal -0.267757 -0.441114 -0.856577
    outer loop
      vertex -0.519615 0.25359 0.475129
      vertex -0.341421 0.317157 0.386692
      vertex -0.00372737 -0.266422 0.58166
    endloop
  endfacet
  facet normal -0.474478 -0.513441 -0.715017
    outer loop
      vertex -0.325303 -0.39247 0.810109
      vertex -0.676028 0.21363 0.607617
      vertex -0.17392 -0.343817 0.674716
    endloop
  endfacet
  facet normal -0.474477 -0.51344 -0.715018
    outer loop
      vertex -0.676028 0.21363 0.607617
      vertex -0.519615 0.25359 0.475129
      vertex -0.17392 -0.343817 0.674716
    endloop
  endfacet
  facet normal -0.648815 -0.550838 -0.524992
    outer loop
      vertex -0.447559 -0.409064 0.978611
      vertex -0.8 0.2 0.775129
      vertex -0.325303 -0.39247 0.810109
    endloop
  endfacet
  facet normal -0.648814 -0.550837 -0.524994
    outer loop
      vertex -0.8 0.2 0.775129
      vertex -0.676028 0.21363 0.607617
      vertex -0.325303 -0.39247 0.810109
    endloop
  endfacet
  facet normal -0.835226 -0.438516 -0.331815
    outer loop
      vertex -0.883083 0.21363 0.966248
      vertex -1.16229 0.867404 0.805045
      vertex -0.8 0.2 0.775129
    endloop
  endfacet
  facet normal -0.835234 -0.438522 -0.331788
    outer loop
      vertex -1.16229 0.867404 0.805045
      vertex -1.08058 0.856973 0.613137
      vertex -0.8 0.2 0.775129
    endloop
  endfacet
  facet normal -0.908809 -0.408746 -0.0836239
    outer loop
      vertex -0.919615 0.25359 1.16795
      vertex -1.19482 0.897989 1.00906
      vertex -0.883083 0.21363 0.966248
    endloop
  endfacet
  facet normal -0.908808 -0.408746 -0.0836314
    outer loop
      vertex -1.19482 0.897989 1.00906
      vertex -1.16229 0.867404 0.805045
      vertex -0.883083 0.21363 0.966248
    endloop
  endfacet
  facet normal -0.920671 -0.351164 0.170435
    outer loop
      vertex -0.907107 0.317157 1.36649
      vertex -1.17594 0.946641 1.21127
      vertex -0.919615 0.25359 1.16795
    endloop
  endfacet
  facet normal -0.920668 -0.351164 0.170452
    outer loop
      vertex -1.17594 0.946641 1.21127
      vertex -1.19482 0.897989 1.00906
      vertex -0.919615 0.25359 1.16795
    endloop
  endfacet
  facet normal -0.869827 -0.26961 0.413172
    outer loop
      vertex -0.84641 0.4 1.54833
      vertex -1.10695 1.01005 1.39791
      vertex -0.907107 0.317157 1.36649
    endloop
  endfacet
  facet normal -0.869846 -0.269613 0.41313
    outer loop
      vertex -1.10695 1.01005 1.39791
      vertex -1.17594 0.946641 1.21127
      vertex -0.907107 0.317157 1.36649
    endloop
  endfacet
  facet normal -0.759571 -0.169575 0.627931
    outer loop
      vertex -0.741662 0.496472 1.70109
      vertex -0.992531 1.08388 1.55626
      vertex -0.84641 0.4 1.54833
    endloop
  endfacet
  facet normal -0.759582 -0.169577 0.627916
    outer loop
      vertex -0.992531 1.08388 1.55626
      vertex -1.10695 1.01005 1.39791
      vertex -0.84641 0.4 1.54833
    endloop
  endfacet
  facet normal -0.597313 -0.0578601 0.799918
    outer loop
      vertex -0.6 0.6 1.81436
      vertex -0.840495 1.16312 1.67551
      vertex -0.741662 0.496472 1.70109
    endloop
  endfacet
  facet normal -0.597283 -0.0578548 0.799941
    outer loop
      vertex -0.840495 1.16312 1.67551
      vertex -0.992531 1.08388 1.55626
      vertex -0.741662 0.496472 1.70109
    endloop
  endfacet
  facet normal -0.394108 0.0578516 0.917242
    outer loop
      vertex -0.431079 0.703528 1.88041
      vertex -0.6612 1.24236 1.74755
      vertex -0.6 0.6 1.81436
    endloop
  endfacet
  facet normal -0.394111 0.0578511 0.91724
    outer loop
      vertex -0.6612 1.24236 1.74755
      vertex -0.840495 1.16312 1.67551
      vertex -0.6 0.6 1.81436
    endloop
  endfacet
  facet normal -0.163996 0.169577 0.971776
    outer loop
      vertex -0.24641 0.8 1.89474
      vertex -0.466864 1.31619 1.76746
      vertex -0.431079 0.703528 1.88041
    endloop
  endfacet
  facet normal -0.163984 0.169578 0.971778
    outer loop
      vertex -0.466864 1.31619 1.76746
      vertex -0.6612 1.24236 1.74755
      vertex -0.431079 0.703528 1.88041
    endloop
  endfacet
  facet normal 0.0770731 0.269603 0.959882
    outer loop
      vertex -0.0585786 0.882843 1.85639
      vertex -0.270731 1.3796 1.7339
      vertex -0.24641 0.8 1.89474
    endloop
  endfacet
  facet normal 0.0770808 0.269603 0.959882
    outer loop
      vertex -0.270731 1.3796 1.7339
      vertex -0.466864 1.31619 1.76746
      vertex -0.24641 0.8 1.89474
    endloop
  endfacet
  facet normal 0.31274 0.351176 0.882536
    outer loop
      vertex 0.119615 0.94641 1.76795
      vertex -0.0861674 1.42825 1.64914
      vertex -0.0585786 0.882843 1.85639
    endloop
  endfacet
  facet normal 0.312733 0.351176 0.882538
    outer loop
      vertex -0.0861674 1.42825 1.64914
      vertex -0.270731 1.3796 1.7339
      vertex -0.0585786 0.882843 1.85639
    endloop
  endfacet
  facet normal 0.526824 0.408757 0.745234
    outer loop
      vertex 0.276028 0.98637 1.63546
      vertex 0.0742495 1.45883 1.51896
      vertex 0.119615 0.94641 1.76795
    endloop
  endfacet
  facet normal 0.526838 0.408755 0.745226
    outer loop
      vertex 0.0742495 1.45883 1.51896
      vertex -0.0861674 1.42825 1.64914
      vertex 0.119615 0.94641 1.76795
    endloop
  endfacet
  facet normal 0.70497 0.43852 0.557421
    outer loop
      vertex 0.4 1 1.46795
      vertex 0.199587 1.46927 1.35224
      vertex 0.276028 0.98637 1.63546
    endloop
  endfacet
  facet normal 0.704955 0.438526 0.557435
    outer loop
      vertex 0.199587 1.46927 1.35224
      vertex 0.0742495 1.45883 1.51896
      vertex 0.276028 0.98637 1.63546
    endloop
  endfacet
  facet normal 0.835223 0.438525 0.331811
    outer loop
      vertex 0.483083 0.98637 1.27683
      vertex 0.281305 1.45883 1.16033
      vertex 0.4 1 1.46795
    endloop
  endfacet
  facet normal 0.835232 0.438519 0.331798
    outer loop
      vertex 0.281305 1.45883 1.16033
      vertex 0.199587 1.46927 1.35224
      vertex 0.4 1 1.46795
    endloop
  endfacet
  facet normal 0.908808 0.408749 0.0836239
    outer loop
      vertex 0.519615 0.94641 1.07513
      vertex 0.313833 1.42825 0.95632
      vertex 0.483083 0.98637 1.27683
    endloop
  endfacet
  facet normal 0.908805 0.408754 0.0836326
    outer loop
      vertex 0.313833 1.42825 0.95632
      vertex 0.281305 1.45883 1.16033
      vertex 0.483083 0.98637 1.27683
    endloop
  endfacet
  facet normal 0.920668 0.351171 -0.170437
    outer loop
      vertex 0.507107 0.882843 0.87659
      vertex 0.294954 1.3796 0.754104
      vertex 0.519615 0.94641 1.07513
    endloop
  endfacet
  facet normal 0.920669 0.351169 -0.17044
    outer loop
      vertex 0.294954 1.3796 0.754104
      vertex 0.313833 1.42825 0.95632
      vertex 0.519615 0.94641 1.07513
    endloop
  endfacet
  facet normal 0.869832 0.269612 -0.413161
    outer loop
      vertex 0.44641 0.8 0.694744
      vertex 0.225956 1.31619 0.567465
      vertex 0.507107 0.882843 0.87659
    endloop
  endfacet
  facet normal 0.869831 0.26961 -0.413164
    outer loop
      vertex 0.225956 1.31619 0.567465
      vertex 0.294954 1.3796 0.754104
      vertex 0.507107 0.882843 0.87659
    endloop
  endfacet
  facet normal 0.759575 0.169565 -0.627928
    outer loop
      vertex 0.341662 0.703528 0.541984
      vertex 0.111541 1.24236 0.409123
      vertex 0.44641 0.8 0.694744
    endloop
  endfacet
  facet normal 0.759578 0.169571 -0.627923
    outer loop
      vertex 0.111541 1.24236 0.409123
      vertex 0.225956 1.31619 0.567465
      vertex 0.44641 0.8 0.694744
    endloop
  endfacet
  facet normal 0.5973 0.0578518 -0.799929
    outer loop
      vertex 0.2 0.6 0.428719
      vertex -0.0404951 1.16312 0.289869
      vertex 0.341662 0.703528 0.541984
    endloop
  endfacet
  facet normal 0.597298 0.0578497 -0.79993
    outer loop
      vertex -0.0404951 1.16312 0.289869
      vertex 0.111541 1.24236 0.409123
      vertex 0.341662 0.703528 0.541984
    endloop
  endfacet
  facet normal 0.394112 -0.0578504 -0.91724
    outer loop
      vertex 0.0310789 0.496472 0.362668
      vertex -0.21979 1.08388 0.217829
      vertex 0.2 0.6 0.428719
    endloop
  endfacet
  facet normal 0.394111 -0.057851 -0.91724
    outer loop
      vertex -0.21979 1.08388 0.217829
      vertex -0.0404951 1.16312 0.289869
      vertex 0.2 0.6 0.428719
    endloop
  endfacet
  facet normal 0.164012 -0.169567 -0.971775
    outer loop
      vertex -0.15359 0.4 0.348334
      vertex -0.414126 1.01005 0.197913
      vertex 0.0310789 0.496472 0.362668
    endloop
  endfacet
  facet normal 0.16401 -0.169568 -0.971775
    outer loop
      vertex -0.414126 1.01005 0.197913
      vertex -0.21979 1.08388 0.217829
      vertex 0.0310789 0.496472 0.362668
    endloop
  endfacet
  facet normal -0.0771099 -0.26961 -0.959877
    outer loop
      vertex -0.341421 0.317157 0.386692
      vertex -0.610259 0.946641 0.231479
      vertex -0.15359 0.4 0.348334
    endloop
  endfacet
  facet normal -0.0771088 -0.26961 -0.959878
    outer loop
      vertex -0.610259 0.946641 0.231479
      vertex -0.414126 1.01005 0.197913
      vertex -0.15359 0.4 0.348334
    endloop
  endfacet
  facet normal -0.312729 -0.35117 -0.882542
    outer loop
      vertex -0.519615 0.25359 0.475129
      vertex -0.794823 0.897989 0.316238
      vertex -0.341421 0.317157 0.386692
    endloop
  endfacet
  facet normal -0.312728 -0.351169 -0.882543
    outer loop
      vertex -0.794823 0.897989 0.316238
      vertex -0.610259 0.946641 0.231479
      vertex -0.341421 0.317157 0.386692
    endloop
  endfacet
  facet normal -0.526822 -0.40875 -0.74524
    outer loop
      vertex -0.676028 0.21363 0.607617
      vertex -0.95524 0.867404 0.446414
      vertex -0.519615 0.25359 0.475129
    endloop
  endfacet
  facet normal -0.52682 -0.408749 -0.745241
    outer loop
      vertex -0.95524 0.867404 0.446414
      vertex -0.794823 0.897989 0.316238
      vertex -0.519615 0.25359 0.475129
    endloop
  endfacet
  facet normal -0.704972 -0.438523 -0.557416
    outer loop
      vertex -0.8 0.2 0.775129
      vertex -1.08058 0.856973 0.613137
      vertex -0.676028 0.21363 0.607617
    endloop
  endfacet
  facet normal -0.704969 -0.438521 -0.557421
    outer loop
      vertex -1.08058 0.856973 0.613137
      vertex -0.95524 0.867404 0.446414
      vertex -0.676028 0.21363 0.607617
    endloop
  endfacet
  facet normal -0.878214 -0.318709 -0.3566
    outer loop
      vertex -1.16229 0.867404 0.805045
      vertex -1.36522 1.55767 0.687888
      vertex -1.08058 0.856973 0.613137
    endloop
  endfacet
  facet normal -0.8782 -0.318699 -0.356645
    outer loop
      vertex -1.36522 1.55767 0.687888
      vertex -1.28449 1.55061 0.495408
      vertex -1.08058 0.856973 0.613137
    endloop
  endfacet
  facet normal -0.94887 -0.297066 -0.106762
    outer loop
      vertex -1.19482 0.897989 1.00906
      vertex -1.39483 1.57835 0.893582
      vertex -1.16229 0.867404 0.805045
    endloop
  endfacet
  facet normal -0.948872 -0.297071 -0.106725
    outer loop
      vertex -1.39483 1.57835 0.893582
      vertex -1.36522 1.55767 0.687888
      vertex -1.16229 0.867404 0.805045
    endloop
  endfacet
  facet normal -0.955084 -0.255226 0.150582
    outer loop
      vertex -1.17594 0.946641 1.21127
      vertex -1.37133 1.61126 1.09847
      vertex -1.19482 0.897989 1.00906
    endloop
  endfacet
  facet normal -0.955091 -0.255223 0.150541
    outer loop
      vertex -1.37133 1.61126 1.09847
      vertex -1.39483 1.57835 0.893582
      vertex -1.19482 0.897989 1.00906
    endloop
  endfacet
  facet normal -0.896273 -0.195943 0.39787
    outer loop
      vertex -1.10695 1.01005 1.39791
      vertex -1.29629 1.65414 1.28859
      vertex -1.17594 0.946641 1.21127
    endloop
  endfacet
  facet normal -0.896242 -0.195946 0.397939
    outer loop
      vertex -1.29629 1.65414 1.28859
      vertex -1.37133 1.61126 1.09847
      vertex -1.17594 0.946641 1.21127
    endloop
  endfacet
  facet normal -0.776206 -0.123229 0.618319
    outer loop
      vertex -0.992531 1.08388 1.55626
      vertex -1.17485 1.70408 1.45099
      vertex -1.10695 1.01005 1.39791
    endloop
  endfacet
  facet normal -0.776202 -0.123229 0.618325
    outer loop
      vertex -1.17485 1.70408 1.45099
      vertex -1.29629 1.65414 1.28859
      vertex -1.10695 1.01005 1.39791
    endloop
  endfacet
  facet normal -0.602956 -0.042042 0.796666
    outer loop
      vertex -0.840495 1.16312 1.67551
      vertex -1.01528 1.75767 1.5746
      vertex -0.992531 1.08388 1.55626
    endloop
  endfacet
  facet normal -0.602992 -0.0420425 0.796639
    outer loop
      vertex -1.01528 1.75767 1.5746
      vertex -1.17485 1.70408 1.45099
      vertex -0.992531 1.08388 1.55626
    endloop
  endfacet
  facet normal -0.388441 0.0420466 0.920514
    outer loop
      vertex -0.6612 1.24236 1.74755
      vertex -0.828444 1.81126 1.65099
      vertex -0.840495 1.16312 1.67551
    endloop
  endfacet
  facet normal -0.388425 0.0420466 0.92052
    outer loop
      vertex -0.828444 1.81126 1.65099
      vertex -1.01528 1.75767 1.5746
      vertex -0.840495 1.16312 1.67551
    endloop
  endfacet
  facet normal -0.147363 0.12324 0.981375
    outer loop
      vertex -0.466864 1.31619 1.76746
      vertex -0.627082 1.8612 1.67496
      vertex -0.6612 1.24236 1.74755
    endloop
  endfacet
  facet normal -0.147387 0.123241 0.981371
    outer loop
      vertex -0.627082 1.8612 1.67496
      vertex -0.828444 1.81126 1.65099
      vertex -0.6612 1.24236 1.74755
    endloop
  endfacet
  facet normal 0.103507 0.195939 0.975138
    outer loop
      vertex -0.270731 1.3796 1.7339
      vertex -0.424916 1.90408 1.64488
      vertex -0.466864 1.31619 1.76746
    endloop
  endfacet
  facet normal 0.10353 0.195937 0.975136
    outer loop
      vertex -0.424916 1.90408 1.64488
      vertex -0.627082 1.8612 1.67496
      vertex -0.466864 1.31619 1.76746
    endloop
  endfacet
  facet normal 0.347152 0.255227 0.902411
    outer loop
      vertex -0.0861674 1.42825 1.64914
      vertex -0.235723 1.93698 1.56279
      vertex -0.270731 1.3796 1.7339
    endloop
  endfacet
  facet normal 0.347167 0.255224 0.902405
    outer loop
      vertex -0.235723 1.93698 1.56279
      vertex -0.424916 1.90408 1.64488
      vertex -0.270731 1.3796 1.7339
    endloop
  endfacet
  facet normal 0.566905 0.297056 0.76836
    outer loop
      vertex 0.0742495 1.45883 1.51896
      vertex -0.0723957 1.95767 1.4343
      vertex -0.0861674 1.42825 1.64914
    endloop
  endfacet
  facet normal 0.566861 0.297068 0.768388
    outer loop
      vertex -0.0723957 1.95767 1.4343
      vertex -0.235723 1.93698 1.56279
      vertex -0.0861674 1.42825 1.64914
    endloop
  endfacet
  facet normal 0.747942 0.318701 0.582248
    outer loop
      vertex 0.199587 1.46927 1.35224
      vertex 0.0539348 1.96472 1.26815
      vertex 0.0742495 1.45883 1.51896
    endloop
  endfacet
  facet normal 0.747961 0.318692 0.582228
    outer loop
      vertex 0.0539348 1.96472 1.26815
      vertex -0.0723957 1.95767 1.4343
      vertex 0.0742495 1.45883 1.51896
    endloop
  endfacet
  facet normal 0.878213 0.318693 0.356618
    outer loop
      vertex 0.281305 1.45883 1.16033
      vertex 0.13466 1.95767 1.07567
      vertex 0.199587 1.46927 1.35224
    endloop
  endfacet
  facet normal 0.8782 0.318704 0.35664
    outer loop
      vertex 0.13466 1.95767 1.07567
      vertex 0.0539348 1.96472 1.26815
      vertex 0.199587 1.46927 1.35224
    endloop
  endfacet
  facet normal 0.948869 0.297068 0.106762
    outer loop
      vertex 0.313833 1.42825 0.95632
      vertex 0.164277 1.93698 0.869974
      vertex 0.281305 1.45883 1.16033
    endloop
  endfacet
  facet normal 0.948874 0.297058 0.106743
    outer loop
      vertex 0.164277 1.93698 0.869974
      vertex 0.13466 1.95767 1.07567
      vertex 0.281305 1.45883 1.16033
    endloop
  endfacet
  facet normal 0.955088 0.255216 -0.150569
    outer loop
      vertex 0.294954 1.3796 0.754104
      vertex 0.14077 1.90408 0.665085
      vertex 0.313833 1.42825 0.95632
    endloop
  endfacet
  facet normal 0.955088 0.255222 -0.15056
    outer loop
      vertex 0.14077 1.90408 0.665085
      vertex 0.164277 1.93698 0.869974
      vertex 0.313833 1.42825 0.95632
    endloop
  endfacet
  facet normal 0.896258 0.19594 -0.397905
    outer loop
      vertex 0.225956 1.31619 0.567465
      vertex 0.0657384 1.8612 0.474963
      vertex 0.294954 1.3796 0.754104
    endloop
  endfacet
  facet normal 0.896259 0.195943 -0.397901
    outer loop
      vertex 0.0657384 1.8612 0.474963
      vertex 0.14077 1.90408 0.665085
      vertex 0.294954 1.3796 0.754104
    endloop
  endfacet
  facet normal 0.776198 0.123237 -0.618328
    outer loop
      vertex 0.111541 1.24236 0.409123
      vertex -0.0557028 1.81126 0.312565
      vertex 0.225956 1.31619 0.567465
    endloop
  endfacet
  facet normal 0.776194 0.123232 -0.618334
    outer loop
      vertex -0.0557028 1.81126 0.312565
      vertex 0.0657384 1.8612 0.474963
      vertex 0.225956 1.31619 0.567465
    endloop
  endfacet
  facet normal 0.602968 0.0420438 -0.796657
    outer loop
      vertex -0.0404951 1.16312 0.289869
      vertex -0.215278 1.75767 0.188958
      vertex 0.111541 1.24236 0.409123
    endloop
  endfacet
  facet normal 0.60297 0.0420451 -0.796655
    outer loop
      vertex -0.215278 1.75767 0.188958
      vertex -0.0557028 1.81126 0.312565
      vertex 0.111541 1.24236 0.409123
    endloop
  endfacet
  facet normal 0.38844 -0.0420435 -0.920514
    outer loop
      vertex -0.21979 1.08388 0.217829
      vertex -0.402113 1.70408 0.112565
      vertex -0.0404951 1.16312 0.289869
    endloop
  endfacet
  facet normal 0.388439 -0.0420444 -0.920515
    outer loop
      vertex -0.402113 1.70408 0.112565
      vertex -0.215278 1.75767 0.188958
      vertex -0.0404951 1.16312 0.289869
    endloop
  endfacet
  facet normal 0.147392 -0.123236 -0.981371
    outer loop
      vertex -0.414126 1.01005 0.197913
      vertex -0.603475 1.65414 0.0885928
      vertex -0.21979 1.08388 0.217829
    endloop
  endfacet
  facet normal 0.147396 -0.123233 -0.98137
    outer loop
      vertex -0.603475 1.65414 0.0885928
      vertex -0.402113 1.70408 0.112565
      vertex -0.21979 1.08388 0.217829
    endloop
  endfacet
  facet normal -0.103536 -0.195944 -0.975134
    outer loop
      vertex -0.610259 0.946641 0.231479
      vertex -0.805641 1.61126 0.118675
      vertex -0.414126 1.01005 0.197913
    endloop
  endfacet
  facet normal -0.103539 -0.195946 -0.975133
    outer loop
      vertex -0.805641 1.61126 0.118675
      vertex -0.603475 1.65414 0.0885928
      vertex -0.414126 1.01005 0.197913
    endloop
  endfacet
  facet normal -0.347147 -0.255219 -0.902415
    outer loop
      vertex -0.794823 0.897989 0.316238
      vertex -0.994834 1.57835 0.200761
      vertex -0.610259 0.946641 0.231479
    endloop
  endfacet
  facet normal -0.347141 -0.255216 -0.902418
    outer loop
      vertex -0.994834 1.57835 0.200761
      vertex -0.805641 1.61126 0.118675
      vertex -0.610259 0.946641 0.231479
    endloop
  endfacet
  facet normal -0.566885 -0.297062 -0.768372
    outer loop
      vertex -0.95524 0.867404 0.446414
      vertex -1.15816 1.55767 0.329258
      vertex -0.794823 0.897989 0.316238
    endloop
  endfacet
  facet normal -0.566896 -0.297068 -0.768362
    outer loop
      vertex -1.15816 1.55767 0.329258
      vertex -0.994834 1.57835 0.200761
      vertex -0.794823 0.897989 0.316238
    endloop
  endfacet
  facet normal -0.747951 -0.318698 -0.582238
    outer loop
      vertex -1.08058 0.856973 0.613137
      vertex -1.28449 1.55061 0.495408
      vertex -0.95524 0.867404 0.446414
    endloop
  endfacet
  facet normal -0.747951 -0.318699 -0.582237
    outer loop
      vertex -1.28449 1.55061 0.495408
      vertex -1.15816 1.55767 0.329258
      vertex -0.95524 0.867404 0.446414
    endloop
  endfacet
  facet normal -0.907269 -0.193419 -0.373433
    outer loop
      vertex -1.36522 1.55767 0.687888
      vertex -1.48837 2.27261 0.616783
      vertex -1.28449 1.55061 0.495408
    endloop
  endfacet
  facet normal -0.90728 -0.193427 -0.373402
    outer loop
      vertex -1.48837 2.27261 0.616783
      vertex -1.40825 2.26905 0.423954
      vertex -1.28449 1.55061 0.495408
    endloop
  endfacet
  facet normal -0.97597 -0.180305 -0.122365
    outer loop
      vertex -1.39483 1.57835 0.893582
      vertex -1.51623 2.28304 0.823496
      vertex -1.36522 1.55767 0.687888
    endloop
  endfacet
  facet normal -0.975963 -0.180289 -0.12244
    outer loop
      vertex -1.51623 2.28304 0.823496
      vertex -1.48837 2.27261 0.616783
      vertex -1.36522 1.55767 0.687888
    endloop
  endfacet
  facet normal -0.978371 -0.154899 0.137097
    outer loop
      vertex -1.37133 1.61126 1.09847
      vertex -1.48991 2.29964 1.03001
      vertex -1.39483 1.57835 0.893582
    endloop
  endfacet
  facet normal -0.978364 -0.154907 0.137143
    outer loop
      vertex -1.48991 2.29964 1.03001
      vertex -1.51623 2.28304 0.823496
      vertex -1.39483 1.57835 0.893582
    endloop
  endfacet
  facet normal -0.914114 -0.11893 0.387623
    outer loop
      vertex -1.29629 1.65414 1.28859
      vertex -1.41122 2.32126 1.22224
      vertex -1.37133 1.61126 1.09847
    endloop
  endfacet
  facet normal -0.914133 -0.118923 0.387579
    outer loop
      vertex -1.41122 2.32126 1.22224
      vertex -1.48991 2.29964 1.03001
      vertex -1.37133 1.61126 1.09847
    endloop
  endfacet
  facet normal -0.78744 -0.0747979 0.611836
    outer loop
      vertex -1.17485 1.70408 1.45099
      vertex -1.28551 2.34645 1.3871
      vertex -1.29629 1.65414 1.28859
    endloop
  endfacet
  facet normal -0.787422 -0.0748015 0.611859
    outer loop
      vertex -1.28551 2.34645 1.3871
      vertex -1.41122 2.32126 1.22224
      vertex -1.29629 1.65414 1.28859
    endloop
  endfacet
  facet normal -0.606827 -0.0255175 0.794424
    outer loop
      vertex -1.01528 1.75767 1.5746
      vertex -1.12136 2.37347 1.51335
      vertex -1.17485 1.70408 1.45099
    endloop
  endfacet
  facet normal -0.606811 -0.0255198 0.794436
    outer loop
      vertex -1.12136 2.37347 1.51335
      vertex -1.28551 2.34645 1.3871
      vertex -1.17485 1.70408 1.45099
    endloop
  endfacet
  facet normal -0.384589 0.0255158 0.922735
    outer loop
      vertex -0.828444 1.81126 1.65099
      vertex -0.929948 2.4005 1.59239
      vertex -1.01528 1.75767 1.5746
    endloop
  endfacet
  facet normal -0.384624 0.0255208 0.92272
    outer loop
      vertex -0.929948 2.4005 1.59239
      vertex -1.12136 2.37347 1.51335
      vertex -1.01528 1.75767 1.5746
    endloop
  endfacet
  facet normal -0.136144 0.0747943 0.987862
    outer loop
      vertex -0.627082 1.8612 1.67496
      vertex -0.724322 2.42568 1.61882
      vertex -0.828444 1.81126 1.65099
    endloop
  endfacet
  facet normal -0.136133 0.0747925 0.987863
    outer loop
      vertex -0.724322 2.42568 1.61882
      vertex -0.929948 2.4005 1.59239
      vertex -0.828444 1.81126 1.65099
    endloop
  endfacet
  facet normal 0.1214 0.118927 0.985454
    outer loop
      vertex -0.424916 1.90408 1.64488
      vertex -0.518495 2.44731 1.59085
      vertex -0.627082 1.8612 1.67496
    endloop
  endfacet
  facet normal 0.121416 0.118923 0.985452
    outer loop
      vertex -0.518495 2.44731 1.59085
      vertex -0.724322 2.42568 1.61882
      vertex -0.627082 1.8612 1.67496
    endloop
  endfacet
  facet normal 0.370448 0.154889 0.915848
    outer loop
      vertex -0.235723 1.93698 1.56279
      vertex -0.326492 2.46391 1.51039
      vertex -0.424916 1.90408 1.64488
    endloop
  endfacet
  facet normal 0.370406 0.1549 0.915863
    outer loop
      vertex -0.326492 2.46391 1.51039
      vertex -0.518495 2.44731 1.59085
      vertex -0.424916 1.90408 1.64488
    endloop
  endfacet
  facet normal 0.593959 0.1803 0.784031
    outer loop
      vertex -0.0723957 1.95767 1.4343
      vertex -0.161399 2.47434 1.38291
      vertex -0.235723 1.93698 1.56279
    endloop
  endfacet
  facet normal 0.593996 0.180287 0.784006
    outer loop
      vertex -0.161399 2.47434 1.38291
      vertex -0.326492 2.46391 1.51039
      vertex -0.235723 1.93698 1.56279
    endloop
  endfacet
  facet normal 0.777027 0.193427 0.599012
    outer loop
      vertex 0.0539348 1.96472 1.26815
      vertex -0.0344657 2.4779 1.21711
      vertex -0.0723957 1.95767 1.4343
    endloop
  endfacet
  facet normal 0.777017 0.193433 0.599023
    outer loop
      vertex -0.0344657 2.4779 1.21711
      vertex -0.161399 2.47434 1.38291
      vertex -0.0723957 1.95767 1.4343
    endloop
  endfacet
  facet normal 0.907271 0.193432 0.37342
    outer loop
      vertex 0.13466 1.95767 1.07567
      vertex 0.0456566 2.47434 1.02428
      vertex 0.0539348 1.96472 1.26815
    endloop
  endfacet
  facet normal 0.907277 0.193426 0.373409
    outer loop
      vertex 0.0456566 2.47434 1.02428
      vertex -0.0344657 2.4779 1.21711
      vertex 0.0539348 1.96472 1.26815
    endloop
  endfacet
  facet normal 0.975969 0.180293 0.122389
    outer loop
      vertex 0.164277 1.93698 0.869974
      vertex 0.073508 2.46391 0.817569
      vertex 0.13466 1.95767 1.07567
    endloop
  endfacet
  facet normal 0.975967 0.180298 0.1224
    outer loop
      vertex 0.073508 2.46391 0.817569
      vertex 0.0456566 2.47434 1.02428
      vertex 0.13466 1.95767 1.07567
    endloop
  endfacet
  facet normal 0.978368 0.154901 -0.137122
    outer loop
      vertex 0.14077 1.90408 0.665085
      vertex 0.0471906 2.44731 0.611057
      vertex 0.164277 1.93698 0.869974
    endloop
  endfacet
  facet normal 0.978367 0.154895 -0.137132
    outer loop
      vertex 0.0471906 2.44731 0.611057
      vertex 0.073508 2.46391 0.817569
      vertex 0.164277 1.93698 0.869974
    endloop
  endfacet
  facet normal 0.914131 0.118925 -0.387584
    outer loop
      vertex 0.0657384 1.8612 0.474963
      vertex -0.0315022 2.42568 0.418821
      vertex 0.14077 1.90408 0.665085
    endloop
  endfacet
  facet normal 0.914131 0.118924 -0.387585
    outer loop
      vertex -0.0315022 2.42568 0.418821
      vertex 0.0471906 2.44731 0.611057
      vertex 0.14077 1.90408 0.665085
    endloop
  endfacet
  facet normal 0.787434 0.0747949 -0.611844
    outer loop
      vertex -0.0557028 1.81126 0.312565
      vertex -0.157208 2.4005 0.253961
      vertex 0.0657384 1.8612 0.474963
    endloop
  endfacet
  facet normal 0.787435 0.0747954 -0.611843
    outer loop
      vertex -0.157208 2.4005 0.253961
      vertex -0.0315022 2.42568 0.418821
      vertex 0.0657384 1.8612 0.474963
    endloop
  endfacet
  facet normal 0.606805 0.0255182 -0.794441
    outer loop
      vertex -0.215278 1.75767 0.188958
      vertex -0.321359 2.37347 0.127712
      vertex -0.0557028 1.81126 0.312565
    endloop
  endfacet
  facet normal 0.606805 0.0255183 -0.794441
    outer loop
      vertex -0.321359 2.37347 0.127712
      vertex -0.157208 2.4005 0.253961
      vertex -0.0557028 1.81126 0.312565
    endloop
  endfacet
  facet normal 0.384604 -0.0255177 -0.922729
    outer loop
      vertex -0.402113 1.70408 0.112565
      vertex -0.51277 2.34645 0.0486774
      vertex -0.215278 1.75767 0.188958
    endloop
  endfacet
  facet normal 0.384602 -0.0255189 -0.92273
    outer loop
      vertex -0.51277 2.34645 0.0486774
      vertex -0.321359 2.37347 0.127712
      vertex -0.215278 1.75767 0.188958
    endloop
  endfacet
  facet normal 0.136155 -0.0747946 -0.98786
    outer loop
      vertex -0.603475 1.65414 0.0885928
      vertex -0.718395 2.32126 0.0222434
      vertex -0.402113 1.70408 0.112565
    endloop
  endfacet
  facet normal 0.136156 -0.0747939 -0.98786
    outer loop
      vertex -0.718395 2.32126 0.0222434
      vertex -0.51277 2.34645 0.0486774
      vertex -0.402113 1.70408 0.112565
    endloop
  endfacet
  facet normal -0.121411 -0.118924 -0.985452
    outer loop
      vertex -0.805641 1.61126 0.118675
      vertex -0.924223 2.29964 0.0502114
      vertex -0.603475 1.65414 0.0885928
    endloop
  endfacet
  facet normal -0.121412 -0.118924 -0.985452
    outer loop
      vertex -0.924223 2.29964 0.0502114
      vertex -0.718395 2.32126 0.0222434
      vertex -0.603475 1.65414 0.0885928
    endloop
  endfacet
  facet normal -0.370422 -0.154899 -0.915857
    outer loop
      vertex -0.994834 1.57835 0.200761
      vertex -1.11623 2.28304 0.130676
      vertex -0.805641 1.61126 0.118675
    endloop
  endfacet
  facet normal -0.370418 -0.154897 -0.915859
    outer loop
      vertex -1.11623 2.28304 0.130676
      vertex -0.924223 2.29964 0.0502114
      vertex -0.805641 1.61126 0.118675
    endloop
  endfacet
  facet normal -0.59399 -0.1803 -0.784008
    outer loop
      vertex -1.15816 1.55767 0.329258
      vertex -1.28132 2.27261 0.258152
      vertex -0.994834 1.57835 0.200761
    endloop
  endfacet
  facet normal -0.593989 -0.180299 -0.784008
    outer loop
      vertex -1.28132 2.27261 0.258152
      vertex -1.11623 2.28304 0.130676
      vertex -0.994834 1.57835 0.200761
    endloop
  endfacet
  facet normal -0.777022 -0.193428 -0.599018
    outer loop
      vertex -1.28449 1.55061 0.495408
      vertex -1.40825 2.26905 0.423954
      vertex -1.15816 1.55767 0.329258
    endloop
  endfacet
  facet normal -0.777028 -0.193431 -0.599009
    outer loop
      vertex -1.40825 2.26905 0.423954
      vertex -1.28132 2.27261 0.258152
      vertex -1.15816 1.55767 0.329258
    endloop
  endfacet
  facet normal -0.92194 -0.064848 -0.381867
    outer loop
      vertex -1.48837 2.27261 0.616783
      vertex -1.52966 3 0.592945
      vertex -1.40825 2.26905 0.423954
    endloop
  endfacet
  facet normal -0.921936 -0.0648452 -0.381876
    outer loop
      vertex -1.52966 3 0.592945
      vertex -1.44974 3 0.4
      vertex -1.40825 2.26905 0.423954
    endloop
  endfacet
  facet normal -0.989627 -0.0604359 -0.130329
    outer loop
      vertex -1.51623 2.28304 0.823496
      vertex -1.55692 3 0.8
      vertex -1.48837 2.27261 0.616783
    endloop
  endfacet
  facet normal -0.989632 -0.0604459 -0.130291
    outer loop
      vertex -1.55692 3 0.8
      vertex -1.52966 3 0.592945
      vertex -1.48837 2.27261 0.616783
    endloop
  endfacet
  facet normal -0.990106 -0.0519232 0.130362
    outer loop
      vertex -1.48991 2.29964 1.03001
      vertex -1.52966 3 1.00706
      vertex -1.51623 2.28304 0.823496
    endloop
  endfacet
  facet normal -0.990108 -0.0519203 0.13035
    outer loop
      vertex -1.52966 3 1.00706
      vertex -1.55692 3 0.8
      vertex -1.51623 2.28304 0.823496
    endloop
  endfacet
  facet normal -0.923146 -0.0398614 0.382376
    outer loop
      vertex -1.41122 2.32126 1.22224
      vertex -1.44974 3 1.2
      vertex -1.48991 2.29964 1.03001
    endloop
  endfacet
  facet normal -0.923142 -0.039864 0.382386
    outer loop
      vertex -1.44974 3 1.2
      vertex -1.52966 3 1.00706
      vertex -1.48991 2.29964 1.03001
    endloop
  endfacet
  facet normal -0.793092 -0.0250844 0.608586
    outer loop
      vertex -1.28551 2.34645 1.3871
      vertex -1.32261 3 1.36569
      vertex -1.41122 2.32126 1.22224
    endloop
  endfacet
  facet normal -0.793123 -0.0250716 0.608545
    outer loop
      vertex -1.32261 3 1.36569
      vertex -1.44974 3 1.2
      vertex -1.41122 2.32126 1.22224
    endloop
  endfacet
  facet normal -0.608745 -0.00855523 0.79332
    outer loop
      vertex -1.12136 2.37347 1.51335
      vertex -1.15692 3 1.49282
      vertex -1.28551 2.34645 1.3871
    endloop
  endfacet
  facet normal -0.608714 -0.00856521 0.793344
    outer loop
      vertex -1.15692 3 1.49282
      vertex -1.32261 3 1.36569
      vertex -1.28551 2.34645 1.3871
    endloop
  endfacet
  facet normal -0.38269 0.00855855 0.923837
    outer loop
      vertex -0.929948 2.4005 1.59239
      vertex -0.963977 3 1.57274
      vertex -1.12136 2.37347 1.51335
    endloop
  endfacet
  facet normal -0.382671 0.00855307 0.923845
    outer loop
      vertex -0.963977 3 1.57274
      vertex -1.15692 3 1.49282
      vertex -1.12136 2.37347 1.51335
    endloop
  endfacet
  facet normal -0.130465 0.0250731 0.991136
    outer loop
      vertex -0.724322 2.42568 1.61882
      vertex -0.756922 3 1.6
      vertex -0.929948 2.4005 1.59239
    endloop
  endfacet
  facet normal -0.130488 0.0250798 0.991133
    outer loop
      vertex -0.756922 3 1.6
      vertex -0.963977 3 1.57274
      vertex -0.929948 2.4005 1.59239
    endloop
  endfacet
  facet normal 0.130432 0.0398644 0.990656
    outer loop
      vertex -0.518495 2.44731 1.59085
      vertex -0.549867 3 1.57274
      vertex -0.724322 2.42568 1.61882
    endloop
  endfacet
  facet normal 0.130426 0.0398663 0.990656
    outer loop
      vertex -0.549867 3 1.57274
      vertex -0.756922 3 1.6
      vertex -0.724322 2.42568 1.61882
    endloop
  endfacet
  facet normal 0.382148 0.0519308 0.922641
    outer loop
      vertex -0.326492 2.46391 1.51039
      vertex -0.356922 3 1.49282
      vertex -0.518495 2.44731 1.59085
    endloop
  endfacet
  facet normal 0.382165 0.0519246 0.922634
    outer loop
      vertex -0.356922 3 1.49282
      vertex -0.549867 3 1.57274
      vertex -0.518495 2.44731 1.59085
    endloop
  endfacet
  facet normal 0.60766 0.0604341 0.791895
    outer loop
      vertex -0.161399 2.47434 1.38291
      vertex -0.191237 3 1.36569
      vertex -0.326492 2.46391 1.51039
    endloop
  endfacet
  facet normal 0.607635 0.0604455 0.791913
    outer loop
      vertex -0.191237 3 1.36569
      vertex -0.356922 3 1.49282
      vertex -0.326492 2.46391 1.51039
    endloop
  endfacet
  facet normal 0.791679 0.0648462 0.607486
    outer loop
      vertex -0.0344657 2.4779 1.21711
      vertex -0.0641016 3 1.2
      vertex -0.161399 2.47434 1.38291
    endloop
  endfacet
  facet normal 0.791691 0.0648387 0.607471
    outer loop
      vertex -0.0641016 3 1.2
      vertex -0.191237 3 1.36569
      vertex -0.161399 2.47434 1.38291
    endloop
  endfacet
  facet normal 0.921937 0.0648414 0.381875
    outer loop
      vertex 0.0456566 2.47434 1.02428
      vertex 0.0158187 3 1.00706
      vertex -0.0344657 2.4779 1.21711
    endloop
  endfacet
  facet normal 0.921932 0.0648465 0.381886
    outer loop
      vertex 0.0158187 3 1.00706
      vertex -0.0641016 3 1.2
      vertex -0.0344657 2.4779 1.21711
    endloop
  endfacet
  facet normal 0.989632 0.060444 0.130289
    outer loop
      vertex 0.073508 2.46391 0.817569
      vertex 0.0430781 3 0.8
      vertex 0.0456566 2.47434 1.02428
    endloop
  endfacet
  facet normal 0.989633 0.0604422 0.130285
    outer loop
      vertex 0.0430781 3 0.8
      vertex 0.0158187 3 1.00706
      vertex 0.0456566 2.47434 1.02428
    endloop
  endfacet
  facet normal 0.990107 0.051929 -0.130351
    outer loop
      vertex 0.0471906 2.44731 0.611057
      vertex 0.0158187 3 0.592945
      vertex 0.073508 2.46391 0.817569
    endloop
  endfacet
  facet normal 0.990107 0.0519292 -0.130351
    outer loop
      vertex 0.0158187 3 0.592945
      vertex 0.0430781 3 0.8
      vertex 0.073508 2.46391 0.817569
    endloop
  endfacet
  facet normal 0.923145 0.0398683 -0.38238
    outer loop
      vertex -0.0315022 2.42568 0.418821
      vertex -0.0641016 3 0.4
      vertex 0.0471906 2.44731 0.611057
    endloop
  endfacet
  facet normal 0.923145 0.039869 -0.382379
    outer loop
      vertex -0.0641016 3 0.4
      vertex 0.0158187 3 0.592945
      vertex 0.0471906 2.44731 0.611057
    endloop
  endfacet
  facet normal 0.793103 0.0250751 -0.608571
    outer loop
      vertex -0.157208 2.4005 0.253961
      vertex -0.191237 3 0.234315
      vertex -0.0315022 2.42568 0.418821
    endloop
  endfacet
  facet normal 0.793102 0.0250744 -0.608573
    outer loop
      vertex -0.191237 3 0.234315
      vertex -0.0641016 3 0.4
      vertex -0.0315022 2.42568 0.418821
    endloop
  endfacet
  facet normal 0.608739 0.00855515 -0.793324
    outer loop
      vertex -0.321359 2.37347 0.127712
      vertex -0.356922 3 0.10718
      vertex -0.157208 2.4005 0.253961
    endloop
  endfacet
  facet normal 0.60874 0.00855579 -0.793323
    outer loop
      vertex -0.356922 3 0.10718
      vertex -0.191237 3 0.234315
      vertex -0.157208 2.4005 0.253961
    endloop
  endfacet
  facet normal 0.382669 -0.00855508 -0.923846
    outer loop
      vertex -0.51277 2.34645 0.0486774
      vertex -0.549867 3 0.0272593
      vertex -0.321359 2.37347 0.127712
    endloop
  endfacet
  facet normal 0.382671 -0.00855423 -0.923845
    outer loop
      vertex -0.549867 3 0.0272593
      vertex -0.356922 3 0.10718
      vertex -0.321359 2.37347 0.127712
    endloop
  endfacet
  facet normal 0.130486 -0.0250743 -0.991133
    outer loop
      vertex -0.718395 2.32126 0.0222434
      vertex -0.756922 3 0
      vertex -0.51277 2.34645 0.0486774
    endloop
  endfacet
  facet normal 0.130485 -0.0250747 -0.991133
    outer loop
      vertex -0.756922 3 0
      vertex -0.549867 3 0.0272593
      vertex -0.51277 2.34645 0.0486774
    endloop
  endfacet
  facet normal -0.130423 -0.0398688 -0.990657
    outer loop
      vertex -0.924223 2.29964 0.0502114
      vertex -0.963977 3 0.0272593
      vertex -0.718395 2.32126 0.0222434
    endloop
  endfacet
  facet normal -0.130422 -0.0398685 -0.990657
    outer loop
      vertex -0.963977 3 0.0272593
      vertex -0.756922 3 0
      vertex -0.718395 2.32126 0.0222434
    endloop
  endfacet
  facet normal -0.382161 -0.0519253 -0.922636
    outer loop
      vertex -1.11623 2.28304 0.130676
      vertex -1.15692 3 0.10718
      vertex -0.924223 2.29964 0.0502114
    endloop
  endfacet
  facet normal -0.382172 -0.0519293 -0.922631
    outer loop
      vertex -1.15692 3 0.10718
      vertex -0.963977 3 0.0272593
      vertex -0.924223 2.29964 0.0502114
    endloop
  endfacet
  facet normal -0.607654 -0.0604442 -0.791898
    outer loop
      vertex -1.28132 2.27261 0.258152
      vertex -1.32261 3 0.234315
      vertex -1.11623 2.28304 0.130676
    endloop
  endfacet
  facet normal -0.607638 -0.0604379 -0.791911
    outer loop
      vertex -1.32261 3 0.234315
      vertex -1.15692 3 0.10718
      vertex -1.11623 2.28304 0.130676
    endloop
  endfacet
  facet normal -0.79169 -0.0648452 -0.607472
    outer loop
      vertex -1.40825 2.26905 0.423954
      vertex -1.44974 3 0.4
      vertex -1.28132 2.27261 0.258152
    endloop
  endfacet
  facet normal -0.791694 -0.0648472 -0.607466
    outer loop
      vertex -1.44974 3 0.4
      vertex -1.32261 3 0.234315
      vertex -1.28132 2.27261 0.258152
    endloop
  endfacet
endsolid OpenSCAD_Model
