solid OpenSCAD_Model
  facet normal -0.989358 -0.13025 0.0648465
    outer loop
      vertex -0.772741 -0.207055 0
      vertex -0.725065 -0.207055 0.727389
      vertex -0.8 0 0
    endloop
  endfacet
  facet normal -0.989358 -0.130251 0.0648462
    outer loop
      vertex -0.725065 -0.207055 0.727389
      vertex -0.752091 0 0.730947
      vertex -0.8 0 0
    endloop
  endfacet
  facet normal -0.922189 -0.381986 0.0604437
    outer loop
      vertex -0.69282 -0.4 0
      vertex -0.645828 -0.4 0.716957
      vertex -0.772741 -0.207055 0
    endloop
  endfacet
  facet normal -0.92219 -0.381985 0.060444
    outer loop
      vertex -0.645828 -0.4 0.716957
      vertex -0.725065 -0.207055 0.727389
      vertex -0.772741 -0.207055 0
    endloop
  endfacet
  facet normal -0.792282 -0.607941 0.0519287
    outer loop
      vertex -0.565685 -0.565685 0
      vertex -0.519781 -0.565685 0.700363
      vertex -0.69282 -0.4 0
    endloop
  endfacet
  facet normal -0.792283 -0.60794 0.0519291
    outer loop
      vertex -0.519781 -0.565685 0.700363
      vertex -0.645828 -0.4 0.716957
      vertex -0.69282 -0.4 0
    endloop
  endfacet
  facet normal -0.608279 -0.792722 0.039869
    outer loop
      vertex -0.4 -0.69282 0
      vertex -0.355513 -0.69282 0.678736
      vertex -0.565685 -0.565685 0
    endloop
  endfacet
  facet normal -0.608278 -0.792722 0.0398684
    outer loop
      vertex -0.355513 -0.69282 0.678736
      vertex -0.519781 -0.565685 0.700363
      vertex -0.565685 -0.565685 0
    endloop
  endfacet
  facet normal -0.382565 -0.923588 0.0250746
    outer loop
      vertex -0.207055 -0.772741 0
      vertex -0.164219 -0.772741 0.653552
      vertex -0.4 -0.69282 0
    endloop
  endfacet
  facet normal -0.382566 -0.923588 0.0250749
    outer loop
      vertex -0.164219 -0.772741 0.653552
      vertex -0.355513 -0.69282 0.678736
      vertex -0.4 -0.69282 0
    endloop
  endfacet
  facet normal -0.13052 -0.991409 0.00855473
    outer loop
      vertex 0 -0.8 0
      vertex 0.0410647 -0.8 0.626526
      vertex -0.207055 -0.772741 0
    endloop
  endfacet
  facet normal -0.13052 -0.991409 0.00855472
    outer loop
      vertex 0.0410647 -0.8 0.626526
      vertex -0.164219 -0.772741 0.653552
      vertex -0.207055 -0.772741 0
    endloop
  endfacet
  facet normal 0.13052 -0.991409 -0.00855488
    outer loop
      vertex 0.207055 -0.772741 0
      vertex 0.246349 -0.772741 0.5995
      vertex 0 -0.8 0
    endloop
  endfacet
  facet normal 0.13052 -0.991409 -0.00855471
    outer loop
      vertex 0.246349 -0.772741 0.5995
      vertex 0.0410647 -0.8 0.626526
      vertex 0 -0.8 0
    endloop
  endfacet
  facet normal 0.382565 -0.923588 -0.0250749
    outer loop
      vertex 0.4 -0.69282 0
      vertex 0.437643 -0.69282 0.574315
      vertex 0.207055 -0.772741 0
    endloop
  endfacet
  facet normal 0.382566 -0.923588 -0.0250751
    outer loop
      vertex 0.437643 -0.69282 0.574315
      vertex 0.246349 -0.772741 0.5995
      vertex 0.207055 -0.772741 0
    endloop
  endfacet
  facet normal 0.608279 -0.792722 -0.0398696
    outer loop
      vertex 0.565685 -0.565685 0
      vertex 0.601911 -0.565685 0.552689
      vertex 0.4 -0.69282 0
    endloop
  endfacet
  facet normal 0.608278 -0.792722 -0.0398691
    outer loop
      vertex 0.601911 -0.565685 0.552689
      vertex 0.437643 -0.69282 0.574315
      vertex 0.4 -0.69282 0
    endloop
  endfacet
  facet normal 0.792282 -0.607941 -0.0519296
    outer loop
      vertex 0.69282 -0.4 0
      vertex 0.727958 -0.4 0.536095
      vertex 0.565685 -0.565685 0
    endloop
  endfacet
  facet normal 0.792283 -0.60794 -0.0519302
    outer loop
      vertex 0.727958 -0.4 0.536095
      vertex 0.601911 -0.565685 0.552689
      vertex 0.565685 -0.565685 0
    endloop
  endfacet
  facet normal 0.922189 -0.381986 -0.0604421
    outer loop
      vertex 0.772741 -0.207055 0
      vertex 0.807194 -0.207055 0.525663
      vertex 0.69282 -0.4 0
    endloop
  endfacet
  facet normal 0.922191 -0.381981 -0.0604444
    outer loop
      vertex 0.807194 -0.207055 0.525663
      vertex 0.727958 -0.4 0.536095
      vertex 0.69282 -0.4 0
    endloop
  endfacet
  facet normal 0.989358 -0.13025 -0.0648468
    outer loop
      vertex 0.8 0 0
      vertex 0.834221 0 0.522105
      vertex 0.772741 -0.207055 0
    endloop
  endfacet
  facet normal 0.989358 -0.130256 -0.0648445
    outer loop
      vertex 0.834221 0 0.522105
      vertex 0.807194 -0.207055 0.525663
      vertex 0.772741 -0.207055 0
    endloop
  endfacet
  facet normal 0.989358 0.13025 -0.0648445
    outer loop
      vertex 0.772741 0.207055 0
      vertex 0.807194 0.207055 0.525663
      vertex 0.8 0 0
    endloop
  endfacet
  facet normal 0.989358 0.130256 -0.0648467
    outer loop
      vertex 0.807194 0.207055 0.525663
      vertex 0.834221 0 0.522105
      vertex 0.8 0 0
    endloop
  endfacet
  facet normal 0.922189 0.381986 -0.0604443
    outer loop
      vertex 0.69282 0.4 0
      vertex 0.727958 0.4 0.536095
      vertex 0.772741 0.207055 0
    endloop
  endfacet
  facet normal 0.922192 0.381981 -0.0604423
    outer loop
      vertex 0.727958 0.4 0.536095
      vertex 0.807194 0.207055 0.525663
      vertex 0.772741 0.207055 0
    endloop
  endfacet
  facet normal 0.792282 0.607941 -0.0519301
    outer loop
      vertex 0.565685 0.565685 0
      vertex 0.601911 0.565685 0.552689
      vertex 0.69282 0.4 0
    endloop
  endfacet
  facet normal 0.792283 0.60794 -0.0519297
    outer loop
      vertex 0.601911 0.565685 0.552689
      vertex 0.727958 0.4 0.536095
      vertex 0.69282 0.4 0
    endloop
  endfacet
  facet normal 0.608279 0.792722 -0.0398691
    outer loop
      vertex 0.4 0.69282 0
      vertex 0.437643 0.69282 0.574315
      vertex 0.565685 0.565685 0
    endloop
  endfacet
  facet normal 0.608278 0.792722 -0.0398696
    outer loop
      vertex 0.437643 0.69282 0.574315
      vertex 0.601911 0.565685 0.552689
      vertex 0.565685 0.565685 0
    endloop
  endfacet
  facet normal 0.382565 0.923588 -0.0250751
    outer loop
      vertex 0.207055 0.772741 0
      vertex 0.246349 0.772741 0.5995
      vertex 0.4 0.69282 0
    endloop
  endfacet
  facet normal 0.382566 0.923588 -0.025075
    outer loop
      vertex 0.246349 0.772741 0.5995
      vertex 0.437643 0.69282 0.574315
      vertex 0.4 0.69282 0
    endloop
  endfacet
  facet normal 0.13052 0.991409 -0.00855473
    outer loop
      vertex 0 0.8 0
      vertex 0.0410647 0.8 0.626526
      vertex 0.207055 0.772741 0
    endloop
  endfacet
  facet normal 0.13052 0.991409 -0.00855485
    outer loop
      vertex 0.0410647 0.8 0.626526
      vertex 0.246349 0.772741 0.5995
      vertex 0.207055 0.772741 0
    endloop
  endfacet
  facet normal -0.13052 0.991409 0.00855472
    outer loop
      vertex -0.207055 0.772741 0
      vertex -0.164219 0.772741 0.653552
      vertex 0 0.8 0
    endloop
  endfacet
  facet normal -0.13052 0.991409 0.00855473
    outer loop
      vertex -0.164219 0.772741 0.653552
      vertex 0.0410647 0.8 0.626526
      vertex 0 0.8 0
    endloop
  endfacet
  facet normal -0.382565 0.923588 0.0250748
    outer loop
      vertex -0.4 0.69282 0
      vertex -0.355513 0.69282 0.678736
      vertex -0.207055 0.772741 0
    endloop
  endfacet
  facet normal -0.382566 0.923588 0.0250747
    outer loop
      vertex -0.355513 0.69282 0.678736
      vertex -0.164219 0.772741 0.653552
      vertex -0.207055 0.772741 0
    endloop
  endfacet
  facet normal -0.608279 0.792722 0.0398685
    outer loop
      vertex -0.565685 0.565685 0
      vertex -0.519781 0.565685 0.700363
      vertex -0.4 0.69282 0
    endloop
  endfacet
  facet normal -0.608278 0.792722 0.0398689
    outer loop
      vertex -0.519781 0.565685 0.700363
      vertex -0.355513 0.69282 0.678736
      vertex -0.4 0.69282 0
    endloop
  endfacet
  facet normal -0.792282 0.607941 0.0519291
    outer loop
      vertex -0.69282 0.4 0
      vertex -0.645828 0.4 0.716957
      vertex -0.565685 0.565685 0
    endloop
  endfacet
  facet normal -0.792283 0.60794 0.0519287
    outer loop
      vertex -0.645828 0.4 0.716957
      vertex -0.519781 0.565685 0.700363
      vertex -0.565685 0.565685 0
    endloop
  endfacet
  facet normal -0.922189 0.381986 0.060444
    outer loop
      vertex -0.772741 0.207055 0
      vertex -0.725065 0.207055 0.727389
      vertex -0.69282 0.4 0
    endloop
  endfacet
  facet normal -0.92219 0.381985 0.0604437
    outer loop
      vertex -0.725065 0.207055 0.727389
      vertex -0.645828 0.4 0.716957
      vertex -0.69282 0.4 0
    endloop
  endfacet
  facet normal -0.989358 0.13025 0.0648462
    outer loop
      vertex -0.8 0 0
      vertex -0.752091 0 0.730947
      vertex -0.772741 0.207055 0
    endloop
  endfacet
  facet normal -0.989358 0.130251 0.0648465
    outer loop
      vertex -0.752091 0 0.730947
      vertex -0.725065 0.207055 0.727389
      vertex -0.772741 0.207055 0
    endloop
  endfacet
  facet normal -0.97243 -0.130251 0.193429
    outer loop
      vertex -0.725065 -0.207055 0.727389
      vertex -0.582854 -0.207055 1.44233
      vertex -0.752091 0 0.730947
    endloop
  endfacet
  facet normal -0.972429 -0.130258 0.193427
    outer loop
      vertex -0.582854 -0.207055 1.44233
      vertex -0.609185 0 1.44939
      vertex -0.752091 0 0.730947
    endloop
  endfacet
  facet normal -0.906411 -0.381985 0.180295
    outer loop
      vertex -0.645828 -0.4 0.716957
      vertex -0.505657 -0.4 1.42165
      vertex -0.725065 -0.207055 0.727389
    endloop
  endfacet
  facet normal -0.906413 -0.381979 0.180297
    outer loop
      vertex -0.505657 -0.4 1.42165
      vertex -0.582854 -0.207055 1.44233
      vertex -0.725065 -0.207055 0.727389
    endloop
  endfacet
  facet normal -0.778727 -0.60794 0.154899
    outer loop
      vertex -0.519781 -0.565685 0.700363
      vertex -0.382854 -0.565685 1.38874
      vertex -0.645828 -0.4 0.716957
    endloop
  endfacet
  facet normal -0.778724 -0.607944 0.154897
    outer loop
      vertex -0.382854 -0.565685 1.38874
      vertex -0.505657 -0.4 1.42165
      vertex -0.645828 -0.4 0.716957
    endloop
  endfacet
  facet normal -0.59787 -0.792723 0.118923
    outer loop
      vertex -0.355513 -0.69282 0.678736
      vertex -0.222814 -0.69282 1.34586
      vertex -0.519781 -0.565685 0.700363
    endloop
  endfacet
  facet normal -0.597871 -0.792722 0.118924
    outer loop
      vertex -0.222814 -0.69282 1.34586
      vertex -0.382854 -0.565685 1.38874
      vertex -0.519781 -0.565685 0.700363
    endloop
  endfacet
  facet normal -0.37602 -0.923588 0.0747951
    outer loop
      vertex -0.164219 -0.772741 0.653552
      vertex -0.036444 -0.772741 1.29592
      vertex -0.355513 -0.69282 0.678736
    endloop
  endfacet
  facet normal -0.37602 -0.923588 0.0747949
    outer loop
      vertex -0.036444 -0.772741 1.29592
      vertex -0.222814 -0.69282 1.34586
      vertex -0.355513 -0.69282 0.678736
    endloop
  endfacet
  facet normal -0.128287 -0.991409 0.0255179
    outer loop
      vertex 0.0410647 -0.8 0.626526
      vertex 0.163556 -0.8 1.24233
      vertex -0.164219 -0.772741 0.653552
    endloop
  endfacet
  facet normal -0.128287 -0.991409 0.0255178
    outer loop
      vertex 0.163556 -0.8 1.24233
      vertex -0.036444 -0.772741 1.29592
      vertex -0.164219 -0.772741 0.653552
    endloop
  endfacet
  facet normal 0.128286 -0.991409 -0.0255177
    outer loop
      vertex 0.246349 -0.772741 0.5995
      vertex 0.363556 -0.772741 1.18874
      vertex 0.0410647 -0.8 0.626526
    endloop
  endfacet
  facet normal 0.128287 -0.991409 -0.0255178
    outer loop
      vertex 0.363556 -0.772741 1.18874
      vertex 0.163556 -0.8 1.24233
      vertex 0.0410647 -0.8 0.626526
    endloop
  endfacet
  facet normal 0.37602 -0.923588 -0.074795
    outer loop
      vertex 0.437643 -0.69282 0.574315
      vertex 0.549926 -0.69282 1.1388
      vertex 0.246349 -0.772741 0.5995
    endloop
  endfacet
  facet normal 0.37602 -0.923588 -0.0747949
    outer loop
      vertex 0.549926 -0.69282 1.1388
      vertex 0.363556 -0.772741 1.18874
      vertex 0.246349 -0.772741 0.5995
    endloop
  endfacet
  facet normal 0.59787 -0.792722 -0.118923
    outer loop
      vertex 0.601911 -0.565685 0.552689
      vertex 0.709966 -0.565685 1.09592
      vertex 0.437643 -0.69282 0.574315
    endloop
  endfacet
  facet normal 0.597871 -0.792722 -0.118924
    outer loop
      vertex 0.709966 -0.565685 1.09592
      vertex 0.549926 -0.69282 1.1388
      vertex 0.437643 -0.69282 0.574315
    endloop
  endfacet
  facet normal 0.778727 -0.60794 -0.154897
    outer loop
      vertex 0.727958 -0.4 0.536095
      vertex 0.832769 -0.4 1.06302
      vertex 0.601911 -0.565685 0.552689
    endloop
  endfacet
  facet normal 0.778728 -0.607938 -0.154898
    outer loop
      vertex 0.832769 -0.4 1.06302
      vertex 0.709966 -0.565685 1.09592
      vertex 0.601911 -0.565685 0.552689
    endloop
  endfacet
  facet normal 0.906412 -0.381981 -0.180298
    outer loop
      vertex 0.807194 -0.207055 0.525663
      vertex 0.909966 -0.207055 1.04233
      vertex 0.727958 -0.4 0.536095
    endloop
  endfacet
  facet normal 0.90641 -0.381987 -0.180295
    outer loop
      vertex 0.909966 -0.207055 1.04233
      vertex 0.832769 -0.4 1.06302
      vertex 0.727958 -0.4 0.536095
    endloop
  endfacet
  facet normal 0.97243 -0.130256 -0.193427
    outer loop
      vertex 0.834221 0 0.522105
      vertex 0.936297 0 1.03528
      vertex 0.807194 -0.207055 0.525663
    endloop
  endfacet
  facet normal 0.97243 -0.130249 -0.193429
    outer loop
      vertex 0.936297 0 1.03528
      vertex 0.909966 -0.207055 1.04233
      vertex 0.807194 -0.207055 0.525663
    endloop
  endfacet
  facet normal 0.972429 0.130256 -0.193429
    outer loop
      vertex 0.807194 0.207055 0.525663
      vertex 0.909966 0.207055 1.04233
      vertex 0.834221 0 0.522105
    endloop
  endfacet
  facet normal 0.972431 0.130249 -0.193427
    outer loop
      vertex 0.909966 0.207055 1.04233
      vertex 0.936297 0 1.03528
      vertex 0.834221 0 0.522105
    endloop
  endfacet
  facet normal 0.906413 0.381981 -0.180295
    outer loop
      vertex 0.727958 0.4 0.536095
      vertex 0.832769 0.4 1.06302
      vertex 0.807194 0.207055 0.525663
    endloop
  endfacet
  facet normal 0.90641 0.381987 -0.180297
    outer loop
      vertex 0.832769 0.4 1.06302
      vertex 0.909966 0.207055 1.04233
      vertex 0.807194 0.207055 0.525663
    endloop
  endfacet
  facet normal 0.778727 0.60794 -0.154898
    outer loop
      vertex 0.601911 0.565685 0.552689
      vertex 0.709966 0.565685 1.09592
      vertex 0.727958 0.4 0.536095
    endloop
  endfacet
  facet normal 0.778728 0.607938 -0.154897
    outer loop
      vertex 0.709966 0.565685 1.09592
      vertex 0.832769 0.4 1.06302
      vertex 0.727958 0.4 0.536095
    endloop
  endfacet
  facet normal 0.59787 0.792722 -0.118924
    outer loop
      vertex 0.437643 0.69282 0.574315
      vertex 0.549926 0.69282 1.1388
      vertex 0.601911 0.565685 0.552689
    endloop
  endfacet
  facet normal 0.597871 0.792722 -0.118923
    outer loop
      vertex 0.549926 0.69282 1.1388
      vertex 0.709966 0.565685 1.09592
      vertex 0.601911 0.565685 0.552689
    endloop
  endfacet
  facet normal 0.37602 0.923588 -0.0747949
    outer loop
      vertex 0.246349 0.772741 0.5995
      vertex 0.363556 0.772741 1.18874
      vertex 0.437643 0.69282 0.574315
    endloop
  endfacet
  facet normal 0.37602 0.923588 -0.074795
    outer loop
      vertex 0.363556 0.772741 1.18874
      vertex 0.549926 0.69282 1.1388
      vertex 0.437643 0.69282 0.574315
    endloop
  endfacet
  facet normal 0.128286 0.991409 -0.0255178
    outer loop
      vertex 0.0410647 0.8 0.626526
      vertex 0.163556 0.8 1.24233
      vertex 0.246349 0.772741 0.5995
    endloop
  endfacet
  facet normal 0.128287 0.991409 -0.0255178
    outer loop
      vertex 0.163556 0.8 1.24233
      vertex 0.363556 0.772741 1.18874
      vertex 0.246349 0.772741 0.5995
    endloop
  endfacet
  facet normal -0.128287 0.991409 0.0255178
    outer loop
      vertex -0.164219 0.772741 0.653552
      vertex -0.036444 0.772741 1.29592
      vertex 0.0410647 0.8 0.626526
    endloop
  endfacet
  facet normal -0.128287 0.991409 0.0255178
    outer loop
      vertex -0.036444 0.772741 1.29592
      vertex 0.163556 0.8 1.24233
      vertex 0.0410647 0.8 0.626526
    endloop
  endfacet
  facet normal -0.37602 0.923588 0.074795
    outer loop
      vertex -0.355513 0.69282 0.678736
      vertex -0.222814 0.69282 1.34586
      vertex -0.164219 0.772741 0.653552
    endloop
  endfacet
  facet normal -0.37602 0.923588 0.074795
    outer loop
      vertex -0.222814 0.69282 1.34586
      vertex -0.036444 0.772741 1.29592
      vertex -0.164219 0.772741 0.653552
    endloop
  endfacet
  facet normal -0.597869 0.792723 0.118924
    outer loop
      vertex -0.519781 0.565685 0.700363
      vertex -0.382854 0.565685 1.38874
      vertex -0.355513 0.69282 0.678736
    endloop
  endfacet
  facet normal -0.597871 0.792722 0.118924
    outer loop
      vertex -0.382854 0.565685 1.38874
      vertex -0.222814 0.69282 1.34586
      vertex -0.355513 0.69282 0.678736
    endloop
  endfacet
  facet normal -0.778727 0.60794 0.154897
    outer loop
      vertex -0.645828 0.4 0.716957
      vertex -0.505657 0.4 1.42165
      vertex -0.519781 0.565685 0.700363
    endloop
  endfacet
  facet normal -0.778723 0.607944 0.154898
    outer loop
      vertex -0.505657 0.4 1.42165
      vertex -0.382854 0.565685 1.38874
      vertex -0.519781 0.565685 0.700363
    endloop
  endfacet
  facet normal -0.906411 0.381985 0.180297
    outer loop
      vertex -0.725065 0.207055 0.727389
      vertex -0.582854 0.207055 1.44233
      vertex -0.645828 0.4 0.716957
    endloop
  endfacet
  facet normal -0.906414 0.381979 0.180295
    outer loop
      vertex -0.582854 0.207055 1.44233
      vertex -0.505657 0.4 1.42165
      vertex -0.645828 0.4 0.716957
    endloop
  endfacet
  facet normal -0.97243 0.130251 0.193427
    outer loop
      vertex -0.752091 0 0.730947
      vertex -0.609185 0 1.44939
      vertex -0.725065 0.207055 0.727389
    endloop
  endfacet
  facet normal -0.972429 0.130258 0.193429
    outer loop
      vertex -0.609185 0 1.44939
      vertex -0.582854 0.207055 1.44233
      vertex -0.725065 0.207055 0.727389
    endloop
  endfacet
  facet normal -0.938863 -0.130261 0.318698
    outer loop
      vertex -0.582854 -0.207055 1.44233
      vertex -0.348541 -0.207055 2.1326
      vertex -0.609185 0 1.44939
    endloop
  endfacet
  facet normal -0.938863 -0.130248 0.318702
    outer loop
      vertex -0.348541 -0.207055 2.1326
      vertex -0.373725 0 2.14303
      vertex -0.609185 0 1.44939
    endloop
  endfacet
  facet normal -0.875126 -0.381976 0.297068
    outer loop
      vertex -0.505657 -0.4 1.42165
      vertex -0.274704 -0.4 2.10201
      vertex -0.582854 -0.207055 1.44233
    endloop
  endfacet
  facet normal -0.875121 -0.381992 0.297061
    outer loop
      vertex -0.274704 -0.4 2.10201
      vertex -0.348541 -0.207055 2.1326
      vertex -0.582854 -0.207055 1.44233
    endloop
  endfacet
  facet normal -0.751842 -0.607946 0.255215
    outer loop
      vertex -0.382854 -0.565685 1.38874
      vertex -0.157247 -0.565685 2.05336
      vertex -0.505657 -0.4 1.42165
    endloop
  endfacet
  facet normal -0.751847 -0.607938 0.25522
    outer loop
      vertex -0.157247 -0.565685 2.05336
      vertex -0.274704 -0.4 2.10201
      vertex -0.505657 -0.4 1.42165
    endloop
  endfacet
  facet normal -0.577234 -0.792721 0.195946
    outer loop
      vertex -0.222814 -0.69282 1.34586
      vertex -0.00417357 -0.69282 1.98995
      vertex -0.382854 -0.565685 1.38874
    endloop
  endfacet
  facet normal -0.577229 -0.792725 0.195942
    outer loop
      vertex -0.00417357 -0.69282 1.98995
      vertex -0.157247 -0.565685 2.05336
      vertex -0.382854 -0.565685 1.38874
    endloop
  endfacet
  facet normal -0.36304 -0.923588 0.123235
    outer loop
      vertex -0.036444 -0.772741 1.29592
      vertex 0.174084 -0.772741 1.91612
      vertex -0.222814 -0.69282 1.34586
    endloop
  endfacet
  facet normal -0.363044 -0.923586 0.123238
    outer loop
      vertex 0.174084 -0.772741 1.91612
      vertex -0.00417357 -0.69282 1.98995
      vertex -0.222814 -0.69282 1.34586
    endloop
  endfacet
  facet normal -0.123858 -0.991409 0.0420441
    outer loop
      vertex 0.163556 -0.8 1.24233
      vertex 0.365378 -0.8 1.83688
      vertex -0.036444 -0.772741 1.29592
    endloop
  endfacet
  facet normal -0.123858 -0.991409 0.0420438
    outer loop
      vertex 0.365378 -0.8 1.83688
      vertex 0.174084 -0.772741 1.91612
      vertex -0.036444 -0.772741 1.29592
    endloop
  endfacet
  facet normal 0.123858 -0.991409 -0.0420443
    outer loop
      vertex 0.363556 -0.772741 1.18874
      vertex 0.556672 -0.772741 1.75764
      vertex 0.163556 -0.8 1.24233
    endloop
  endfacet
  facet normal 0.123858 -0.991409 -0.0420439
    outer loop
      vertex 0.556672 -0.772741 1.75764
      vertex 0.365378 -0.8 1.83688
      vertex 0.163556 -0.8 1.24233
    endloop
  endfacet
  facet normal 0.36304 -0.923588 -0.123234
    outer loop
      vertex 0.549926 -0.69282 1.1388
      vertex 0.73493 -0.69282 1.68381
      vertex 0.363556 -0.772741 1.18874
    endloop
  endfacet
  facet normal 0.363043 -0.923587 -0.123237
    outer loop
      vertex 0.73493 -0.69282 1.68381
      vertex 0.556672 -0.772741 1.75764
      vertex 0.363556 -0.772741 1.18874
    endloop
  endfacet
  facet normal 0.577234 -0.792721 -0.195945
    outer loop
      vertex 0.709966 -0.565685 1.09592
      vertex 0.888003 -0.565685 1.6204
      vertex 0.549926 -0.69282 1.1388
    endloop
  endfacet
  facet normal 0.57723 -0.792724 -0.195941
    outer loop
      vertex 0.888003 -0.565685 1.6204
      vertex 0.73493 -0.69282 1.68381
      vertex 0.549926 -0.69282 1.1388
    endloop
  endfacet
  facet normal 0.751849 -0.607937 -0.255219
    outer loop
      vertex 0.832769 -0.4 1.06302
      vertex 1.00546 -0.4 1.57175
      vertex 0.709966 -0.565685 1.09592
    endloop
  endfacet
  facet normal 0.751848 -0.607938 -0.255218
    outer loop
      vertex 1.00546 -0.4 1.57175
      vertex 0.888003 -0.565685 1.6204
      vertex 0.709966 -0.565685 1.09592
    endloop
  endfacet
  facet normal 0.875121 -0.38199 -0.297065
    outer loop
      vertex 0.909966 -0.207055 1.04233
      vertex 1.0793 -0.207055 1.54117
      vertex 0.832769 -0.4 1.06302
    endloop
  endfacet
  facet normal 0.875121 -0.38199 -0.297064
    outer loop
      vertex 1.0793 -0.207055 1.54117
      vertex 1.00546 -0.4 1.57175
      vertex 0.832769 -0.4 1.06302
    endloop
  endfacet
  facet normal 0.938864 -0.130246 -0.318702
    outer loop
      vertex 0.936297 0 1.03528
      vertex 1.10448 0 1.53073
      vertex 0.909966 -0.207055 1.04233
    endloop
  endfacet
  facet normal 0.938864 -0.130245 -0.318702
    outer loop
      vertex 1.10448 0 1.53073
      vertex 1.0793 -0.207055 1.54117
      vertex 0.909966 -0.207055 1.04233
    endloop
  endfacet
  facet normal 0.938864 0.130246 -0.318702
    outer loop
      vertex 0.909966 0.207055 1.04233
      vertex 1.0793 0.207055 1.54117
      vertex 0.936297 0 1.03528
    endloop
  endfacet
  facet normal 0.938864 0.130245 -0.318702
    outer loop
      vertex 1.0793 0.207055 1.54117
      vertex 1.10448 0 1.53073
      vertex 0.936297 0 1.03528
    endloop
  endfacet
  facet normal 0.875121 0.38199 -0.297064
    outer loop
      vertex 0.832769 0.4 1.06302
      vertex 1.00546 0.4 1.57175
      vertex 0.909966 0.207055 1.04233
    endloop
  endfacet
  facet normal 0.875121 0.38199 -0.297065
    outer loop
      vertex 1.00546 0.4 1.57175
      vertex 1.0793 0.207055 1.54117
      vertex 0.909966 0.207055 1.04233
    endloop
  endfacet
  facet normal 0.751849 0.607937 -0.255218
    outer loop
      vertex 0.709966 0.565685 1.09592
      vertex 0.888003 0.565685 1.6204
      vertex 0.832769 0.4 1.06302
    endloop
  endfacet
  facet normal 0.751848 0.607938 -0.255219
    outer loop
      vertex 0.888003 0.565685 1.6204
      vertex 1.00546 0.4 1.57175
      vertex 0.832769 0.4 1.06302
    endloop
  endfacet
  facet normal 0.577234 0.792721 -0.195943
    outer loop
      vertex 0.549926 0.69282 1.1388
      vertex 0.73493 0.69282 1.68381
      vertex 0.709966 0.565685 1.09592
    endloop
  endfacet
  facet normal 0.57723 0.792725 -0.195943
    outer loop
      vertex 0.73493 0.69282 1.68381
      vertex 0.888003 0.565685 1.6204
      vertex 0.709966 0.565685 1.09592
    endloop
  endfacet
  facet normal 0.36304 0.923588 -0.123236
    outer loop
      vertex 0.363556 0.772741 1.18874
      vertex 0.556672 0.772741 1.75764
      vertex 0.549926 0.69282 1.1388
    endloop
  endfacet
  facet normal 0.363044 0.923587 -0.123235
    outer loop
      vertex 0.556672 0.772741 1.75764
      vertex 0.73493 0.69282 1.68381
      vertex 0.549926 0.69282 1.1388
    endloop
  endfacet
  facet normal 0.123858 0.991409 -0.0420441
    outer loop
      vertex 0.163556 0.8 1.24233
      vertex 0.365378 0.8 1.83688
      vertex 0.363556 0.772741 1.18874
    endloop
  endfacet
  facet normal 0.123858 0.991409 -0.0420441
    outer loop
      vertex 0.365378 0.8 1.83688
      vertex 0.556672 0.772741 1.75764
      vertex 0.363556 0.772741 1.18874
    endloop
  endfacet
  facet normal -0.123858 0.991409 0.042044
    outer loop
      vertex -0.036444 0.772741 1.29592
      vertex 0.174084 0.772741 1.91612
      vertex 0.163556 0.8 1.24233
    endloop
  endfacet
  facet normal -0.123858 0.991409 0.0420439
    outer loop
      vertex 0.174084 0.772741 1.91612
      vertex 0.365378 0.8 1.83688
      vertex 0.163556 0.8 1.24233
    endloop
  endfacet
  facet normal -0.36304 0.923588 0.123236
    outer loop
      vertex -0.222814 0.69282 1.34586
      vertex -0.00417357 0.69282 1.98995
      vertex -0.036444 0.772741 1.29592
    endloop
  endfacet
  facet normal -0.363044 0.923586 0.123236
    outer loop
      vertex -0.00417357 0.69282 1.98995
      vertex 0.174084 0.772741 1.91612
      vertex -0.036444 0.772741 1.29592
    endloop
  endfacet
  facet normal -0.577234 0.792721 0.195944
    outer loop
      vertex -0.382854 0.565685 1.38874
      vertex -0.157247 0.565685 2.05336
      vertex -0.222814 0.69282 1.34586
    endloop
  endfacet
  facet normal -0.577228 0.792725 0.195944
    outer loop
      vertex -0.157247 0.565685 2.05336
      vertex -0.00417357 0.69282 1.98995
      vertex -0.222814 0.69282 1.34586
    endloop
  endfacet
  facet normal -0.751841 0.607946 0.255218
    outer loop
      vertex -0.505657 0.4 1.42165
      vertex -0.274704 0.4 2.10201
      vertex -0.382854 0.565685 1.38874
    endloop
  endfacet
  facet normal -0.751848 0.607938 0.255217
    outer loop
      vertex -0.274704 0.4 2.10201
      vertex -0.157247 0.565685 2.05336
      vertex -0.382854 0.565685 1.38874
    endloop
  endfacet
  facet normal -0.875127 0.381976 0.297063
    outer loop
      vertex -0.582854 0.207055 1.44233
      vertex -0.348541 0.207055 2.1326
      vertex -0.505657 0.4 1.42165
    endloop
  endfacet
  facet normal -0.87512 0.381992 0.297066
    outer loop
      vertex -0.348541 0.207055 2.1326
      vertex -0.274704 0.4 2.10201
      vertex -0.505657 0.4 1.42165
    endloop
  endfacet
  facet normal -0.938862 0.130261 0.318702
    outer loop
      vertex -0.609185 0 1.44939
      vertex -0.373725 0 2.14303
      vertex -0.582854 0.207055 1.44233
    endloop
  endfacet
  facet normal -0.938865 0.130247 0.318699
    outer loop
      vertex -0.373725 0 2.14303
      vertex -0.348541 0.207055 2.1326
      vertex -0.582854 0.207055 1.44233
    endloop
  endfacet
  facet normal -0.889232 -0.130247 0.438524
    outer loop
      vertex -0.348541 -0.207055 2.1326
      vertex -0.026135 -0.207055 2.78637
      vertex -0.373725 0 2.14303
    endloop
  endfacet
  facet normal -0.889232 -0.130252 0.438522
    outer loop
      vertex -0.026135 -0.207055 2.78637
      vertex -0.0497423 0 2.8
      vertex -0.373725 0 2.14303
    endloop
  endfacet
  facet normal -0.828858 -0.381995 0.408747
    outer loop
      vertex -0.274704 -0.4 2.10201
      vertex 0.0430781 -0.4 2.74641
      vertex -0.348541 -0.207055 2.1326
    endloop
  endfacet
  facet normal -0.828861 -0.381983 0.408752
    outer loop
      vertex 0.0430781 -0.4 2.74641
      vertex -0.026135 -0.207055 2.78637
      vertex -0.348541 -0.207055 2.1326
    endloop
  endfacet
  facet normal -0.712103 -0.607937 0.351172
    outer loop
      vertex -0.157247 -0.565685 2.05336
      vertex 0.15318 -0.565685 2.68284
      vertex -0.274704 -0.4 2.10201
    endloop
  endfacet
  facet normal -0.712099 -0.607944 0.351168
    outer loop
      vertex 0.15318 -0.565685 2.68284
      vertex 0.0430781 -0.4 2.74641
      vertex -0.274704 -0.4 2.10201
    endloop
  endfacet
  facet normal -0.546714 -0.792726 0.269608
    outer loop
      vertex -0.00417357 -0.69282 1.98995
      vertex 0.296668 -0.69282 2.6
      vertex -0.157247 -0.565685 2.05336
    endloop
  endfacet
  facet normal -0.54672 -0.792721 0.269614
    outer loop
      vertex 0.296668 -0.69282 2.6
      vertex 0.15318 -0.565685 2.68284
      vertex -0.157247 -0.565685 2.05336
    endloop
  endfacet
  facet normal -0.343854 -0.923586 0.16957
    outer loop
      vertex 0.174084 -0.772741 1.91612
      vertex 0.463763 -0.772741 2.50353
      vertex -0.00417357 -0.69282 1.98995
    endloop
  endfacet
  facet normal -0.343851 -0.923587 0.169568
    outer loop
      vertex 0.463763 -0.772741 2.50353
      vertex 0.296668 -0.69282 2.6
      vertex -0.00417357 -0.69282 1.98995
    endloop
  endfacet
  facet normal -0.11731 -0.991409 0.0578509
    outer loop
      vertex 0.365378 -0.8 1.83688
      vertex 0.643078 -0.8 2.4
      vertex 0.174084 -0.772741 1.91612
    endloop
  endfacet
  facet normal -0.11731 -0.991409 0.0578511
    outer loop
      vertex 0.643078 -0.8 2.4
      vertex 0.463763 -0.772741 2.50353
      vertex 0.174084 -0.772741 1.91612
    endloop
  endfacet
  facet normal 0.11731 -0.991409 -0.0578508
    outer loop
      vertex 0.556672 -0.772741 1.75764
      vertex 0.822393 -0.772741 2.29647
      vertex 0.365378 -0.8 1.83688
    endloop
  endfacet
  facet normal 0.11731 -0.991409 -0.057851
    outer loop
      vertex 0.822393 -0.772741 2.29647
      vertex 0.643078 -0.8 2.4
      vertex 0.365378 -0.8 1.83688
    endloop
  endfacet
  facet normal 0.343853 -0.923586 -0.16957
    outer loop
      vertex 0.73493 -0.69282 1.68381
      vertex 0.989488 -0.69282 2.2
      vertex 0.556672 -0.772741 1.75764
    endloop
  endfacet
  facet normal 0.343851 -0.923587 -0.169568
    outer loop
      vertex 0.989488 -0.69282 2.2
      vertex 0.822393 -0.772741 2.29647
      vertex 0.556672 -0.772741 1.75764
    endloop
  endfacet
  facet normal 0.546714 -0.792726 -0.269612
    outer loop
      vertex 0.888003 -0.565685 1.6204
      vertex 1.13298 -0.565685 2.11716
      vertex 0.73493 -0.69282 1.68381
    endloop
  endfacet
  facet normal 0.546712 -0.792727 -0.26961
    outer loop
      vertex 1.13298 -0.565685 2.11716
      vertex 0.989488 -0.69282 2.2
      vertex 0.73493 -0.69282 1.68381
    endloop
  endfacet
  facet normal 0.712102 -0.607937 -0.351174
    outer loop
      vertex 1.00546 -0.4 1.57175
      vertex 1.24308 -0.4 2.05359
      vertex 0.888003 -0.565685 1.6204
    endloop
  endfacet
  facet normal 0.712101 -0.607939 -0.351172
    outer loop
      vertex 1.24308 -0.4 2.05359
      vertex 1.13298 -0.565685 2.11716
      vertex 0.888003 -0.565685 1.6204
    endloop
  endfacet
  facet normal 0.828862 -0.381988 -0.408747
    outer loop
      vertex 1.0793 -0.207055 1.54117
      vertex 1.31229 -0.207055 2.01363
      vertex 1.00546 -0.4 1.57175
    endloop
  endfacet
  facet normal 0.828864 -0.381972 -0.408756
    outer loop
      vertex 1.31229 -0.207055 2.01363
      vertex 1.24308 -0.4 2.05359
      vertex 1.00546 -0.4 1.57175
    endloop
  endfacet
  facet normal 0.889231 -0.130251 -0.438523
    outer loop
      vertex 1.10448 0 1.53073
      vertex 1.3359 0 2
      vertex 1.0793 -0.207055 1.54117
    endloop
  endfacet
  facet normal 0.889232 -0.130264 -0.438518
    outer loop
      vertex 1.3359 0 2
      vertex 1.31229 -0.207055 2.01363
      vertex 1.0793 -0.207055 1.54117
    endloop
  endfacet
  facet normal 0.889233 0.130251 -0.438519
    outer loop
      vertex 1.0793 0.207055 1.54117
      vertex 1.31229 0.207055 2.01363
      vertex 1.10448 0 1.53073
    endloop
  endfacet
  facet normal 0.88923 0.130264 -0.438523
    outer loop
      vertex 1.31229 0.207055 2.01363
      vertex 1.3359 0 2
      vertex 1.10448 0 1.53073
    endloop
  endfacet
  facet normal 0.828859 0.381988 -0.408753
    outer loop
      vertex 1.00546 0.4 1.57175
      vertex 1.24308 0.4 2.05359
      vertex 1.0793 0.207055 1.54117
    endloop
  endfacet
  facet normal 0.828867 0.381972 -0.40875
    outer loop
      vertex 1.24308 0.4 2.05359
      vertex 1.31229 0.207055 2.01363
      vertex 1.0793 0.207055 1.54117
    endloop
  endfacet
  facet normal 0.712103 0.607937 -0.351173
    outer loop
      vertex 0.888003 0.565685 1.6204
      vertex 1.13298 0.565685 2.11716
      vertex 1.00546 0.4 1.57175
    endloop
  endfacet
  facet normal 0.712101 0.607939 -0.351173
    outer loop
      vertex 1.13298 0.565685 2.11716
      vertex 1.24308 0.4 2.05359
      vertex 1.00546 0.4 1.57175
    endloop
  endfacet
  facet normal 0.546714 0.792726 -0.269611
    outer loop
      vertex 0.73493 0.69282 1.68381
      vertex 0.989488 0.69282 2.2
      vertex 0.888003 0.565685 1.6204
    endloop
  endfacet
  facet normal 0.546712 0.792727 -0.269611
    outer loop
      vertex 0.989488 0.69282 2.2
      vertex 1.13298 0.565685 2.11716
      vertex 0.888003 0.565685 1.6204
    endloop
  endfacet
  facet normal 0.343853 0.923586 -0.169569
    outer loop
      vertex 0.556672 0.772741 1.75764
      vertex 0.822393 0.772741 2.29647
      vertex 0.73493 0.69282 1.68381
    endloop
  endfacet
  facet normal 0.34385 0.923587 -0.169569
    outer loop
      vertex 0.822393 0.772741 2.29647
      vertex 0.989488 0.69282 2.2
      vertex 0.73493 0.69282 1.68381
    endloop
  endfacet
  facet normal 0.11731 0.991409 -0.0578509
    outer loop
      vertex 0.365378 0.8 1.83688
      vertex 0.643078 0.8 2.4
      vertex 0.556672 0.772741 1.75764
    endloop
  endfacet
  facet normal 0.11731 0.991409 -0.0578509
    outer loop
      vertex 0.643078 0.8 2.4
      vertex 0.822393 0.772741 2.29647
      vertex 0.556672 0.772741 1.75764
    endloop
  endfacet
  facet normal -0.11731 0.991409 0.057851
    outer loop
      vertex 0.174084 0.772741 1.91612
      vertex 0.463763 0.772741 2.50353
      vertex 0.365378 0.8 1.83688
    endloop
  endfacet
  facet normal -0.11731 0.991409 0.057851
    outer loop
      vertex 0.463763 0.772741 2.50353
      vertex 0.643078 0.8 2.4
      vertex 0.365378 0.8 1.83688
    endloop
  endfacet
  facet normal -0.343854 0.923586 0.169569
    outer loop
      vertex -0.00417357 0.69282 1.98995
      vertex 0.296668 0.69282 2.6
      vertex 0.174084 0.772741 1.91612
    endloop
  endfacet
  facet normal -0.343851 0.923587 0.169569
    outer loop
      vertex 0.296668 0.69282 2.6
      vertex 0.463763 0.772741 2.50353
      vertex 0.174084 0.772741 1.91612
    endloop
  endfacet
  facet normal -0.546713 0.792726 0.269611
    outer loop
      vertex -0.157247 0.565685 2.05336
      vertex 0.15318 0.565685 2.68284
      vertex -0.00417357 0.69282 1.98995
    endloop
  endfacet
  facet normal -0.546721 0.79272 0.269611
    outer loop
      vertex 0.15318 0.565685 2.68284
      vertex 0.296668 0.69282 2.6
      vertex -0.00417357 0.69282 1.98995
    endloop
  endfacet
  facet normal -0.712104 0.607937 0.35117
    outer loop
      vertex -0.274704 0.4 2.10201
      vertex 0.0430781 0.4 2.74641
      vertex -0.157247 0.565685 2.05336
    endloop
  endfacet
  facet normal -0.712098 0.607944 0.35117
    outer loop
      vertex 0.0430781 0.4 2.74641
      vertex 0.15318 0.565685 2.68284
      vertex -0.157247 0.565685 2.05336
    endloop
  endfacet
  facet normal -0.828857 0.381995 0.40875
    outer loop
      vertex -0.348541 0.207055 2.1326
      vertex -0.026135 0.207055 2.78637
      vertex -0.274704 0.4 2.10201
    endloop
  endfacet
  facet normal -0.828863 0.381983 0.408749
    outer loop
      vertex -0.026135 0.207055 2.78637
      vertex 0.0430781 0.4 2.74641
      vertex -0.274704 0.4 2.10201
    endloop
  endfacet
  facet normal -0.889232 0.130247 0.438522
    outer loop
      vertex -0.373725 0 2.14303
      vertex -0.0497423 0 2.8
      vertex -0.348541 0.207055 2.1326
    endloop
  endfacet
  facet normal -0.889231 0.130252 0.438523
    outer loop
      vertex -0.0497423 0 2.8
      vertex -0.026135 0.207055 2.78637
      vertex -0.348541 0.207055 2.1326
    endloop
  endfacet
  facet normal -0.824386 -0.130253 0.550837
    outer loop
      vertex -0.026135 -0.207055 2.78637
      vertex 0.378848 -0.207055 3.39247
      vertex -0.0497423 0 2.8
    endloop
  endfacet
  facet normal -0.824386 -0.130243 0.55084
    outer loop
      vertex 0.378848 -0.207055 3.39247
      vertex 0.357221 0 3.40906
      vertex -0.0497423 0 2.8
    endloop
  endfacet
  facet normal -0.76842 -0.381983 0.513439
    outer loop
      vertex 0.0430781 -0.4 2.74641
      vertex 0.442253 -0.4 3.34382
      vertex -0.026135 -0.207055 2.78637
    endloop
  endfacet
  facet normal -0.768421 -0.381978 0.513442
    outer loop
      vertex 0.442253 -0.4 3.34382
      vertex 0.378848 -0.207055 3.39247
      vertex -0.026135 -0.207055 2.78637
    endloop
  endfacet
  facet normal -0.660169 -0.607945 0.441111
    outer loop
      vertex 0.15318 -0.565685 2.68284
      vertex 0.543116 -0.565685 3.26642
      vertex 0.0430781 -0.4 2.74641
    endloop
  endfacet
  facet normal -0.660167 -0.60795 0.441108
    outer loop
      vertex 0.543116 -0.565685 3.26642
      vertex 0.442253 -0.4 3.34382
      vertex 0.0430781 -0.4 2.74641
    endloop
  endfacet
  facet normal -0.506852 -0.79272 0.338668
    outer loop
      vertex 0.296668 -0.69282 2.6
      vertex 0.674563 -0.69282 3.16556
      vertex 0.15318 -0.565685 2.68284
    endloop
  endfacet
  facet normal -0.506853 -0.792719 0.338668
    outer loop
      vertex 0.674563 -0.69282 3.16556
      vertex 0.543116 -0.565685 3.26642
      vertex 0.15318 -0.565685 2.68284
    endloop
  endfacet
  facet normal -0.318776 -0.923587 0.213001
    outer loop
      vertex 0.463763 -0.772741 2.50353
      vertex 0.827636 -0.772741 3.0481
      vertex 0.296668 -0.69282 2.6
    endloop
  endfacet
  facet normal -0.318773 -0.923589 0.212997
    outer loop
      vertex 0.827636 -0.772741 3.0481
      vertex 0.674563 -0.69282 3.16556
      vertex 0.296668 -0.69282 2.6
    endloop
  endfacet
  facet normal -0.108755 -0.991409 0.0726686
    outer loop
      vertex 0.643078 -0.8 2.4
      vertex 0.991904 -0.8 2.92205
      vertex 0.463763 -0.772741 2.50353
    endloop
  endfacet
  facet normal -0.108755 -0.991409 0.0726684
    outer loop
      vertex 0.991904 -0.8 2.92205
      vertex 0.827636 -0.772741 3.0481
      vertex 0.463763 -0.772741 2.50353
    endloop
  endfacet
  facet normal 0.108756 -0.991409 -0.0726673
    outer loop
      vertex 0.822393 -0.772741 2.29647
      vertex 1.15617 -0.772741 2.79601
      vertex 0.643078 -0.8 2.4
    endloop
  endfacet
  facet normal 0.108759 -0.991408 -0.0726709
    outer loop
      vertex 1.15617 -0.772741 2.79601
      vertex 0.991904 -0.8 2.92205
      vertex 0.643078 -0.8 2.4
    endloop
  endfacet
  facet normal 0.318775 -0.923587 -0.213002
    outer loop
      vertex 0.989488 -0.69282 2.2
      vertex 1.30925 -0.69282 2.67855
      vertex 0.822393 -0.772741 2.29647
    endloop
  endfacet
  facet normal 0.318766 -0.923593 -0.21299
    outer loop
      vertex 1.30925 -0.69282 2.67855
      vertex 1.15617 -0.772741 2.79601
      vertex 0.822393 -0.772741 2.29647
    endloop
  endfacet
  facet normal 0.506849 -0.792726 -0.338659
    outer loop
      vertex 1.13298 -0.565685 2.11716
      vertex 1.44069 -0.565685 2.57769
      vertex 0.989488 -0.69282 2.2
    endloop
  endfacet
  facet normal 0.506861 -0.792709 -0.338679
    outer loop
      vertex 1.44069 -0.565685 2.57769
      vertex 1.30925 -0.69282 2.67855
      vertex 0.989488 -0.69282 2.2
    endloop
  endfacet
  facet normal 0.66017 -0.60794 -0.441118
    outer loop
      vertex 1.24308 -0.4 2.05359
      vertex 1.54156 -0.4 2.50029
      vertex 1.13298 -0.565685 2.11716
    endloop
  endfacet
  facet normal 0.660159 -0.607967 -0.441095
    outer loop
      vertex 1.54156 -0.4 2.50029
      vertex 1.44069 -0.565685 2.57769
      vertex 1.13298 -0.565685 2.11716
    endloop
  endfacet
  facet normal 0.768421 -0.381973 -0.513445
    outer loop
      vertex 1.31229 -0.207055 2.01363
      vertex 1.60496 -0.207055 2.45164
      vertex 1.24308 -0.4 2.05359
    endloop
  endfacet
  facet normal 0.768423 -0.381961 -0.513452
    outer loop
      vertex 1.60496 -0.207055 2.45164
      vertex 1.54156 -0.4 2.50029
      vertex 1.24308 -0.4 2.05359
    endloop
  endfacet
  facet normal 0.824386 -0.130263 -0.550835
    outer loop
      vertex 1.3359 0 2
      vertex 1.62659 0 2.43505
      vertex 1.31229 -0.207055 2.01363
    endloop
  endfacet
  facet normal 0.824385 -0.130255 -0.550838
    outer loop
      vertex 1.62659 0 2.43505
      vertex 1.60496 -0.207055 2.45164
      vertex 1.31229 -0.207055 2.01363
    endloop
  endfacet
  facet normal 0.824384 0.130263 -0.550838
    outer loop
      vertex 1.31229 0.207055 2.01363
      vertex 1.60496 0.207055 2.45164
      vertex 1.3359 0 2
    endloop
  endfacet
  facet normal 0.824387 0.130255 -0.550836
    outer loop
      vertex 1.60496 0.207055 2.45164
      vertex 1.62659 0 2.43505
      vertex 1.3359 0 2
    endloop
  endfacet
  facet normal 0.768419 0.381972 -0.513449
    outer loop
      vertex 1.24308 0.4 2.05359
      vertex 1.54156 0.4 2.50029
      vertex 1.31229 0.207055 2.01363
    endloop
  endfacet
  facet normal 0.768426 0.381961 -0.513447
    outer loop
      vertex 1.54156 0.4 2.50029
      vertex 1.60496 0.207055 2.45164
      vertex 1.31229 0.207055 2.01363
    endloop
  endfacet
  facet normal 0.660177 0.60794 -0.441107
    outer loop
      vertex 1.13298 0.565685 2.11716
      vertex 1.44069 0.565685 2.57769
      vertex 1.24308 0.4 2.05359
    endloop
  endfacet
  facet normal 0.660152 0.607968 -0.441106
    outer loop
      vertex 1.44069 0.565685 2.57769
      vertex 1.54156 0.4 2.50029
      vertex 1.24308 0.4 2.05359
    endloop
  endfacet
  facet normal 0.506843 0.792726 -0.338667
    outer loop
      vertex 0.989488 0.69282 2.2
      vertex 1.30925 0.69282 2.67855
      vertex 1.13298 0.565685 2.11716
    endloop
  endfacet
  facet normal 0.506868 0.792709 -0.338671
    outer loop
      vertex 1.30925 0.69282 2.67855
      vertex 1.44069 0.565685 2.57769
      vertex 1.13298 0.565685 2.11716
    endloop
  endfacet
  facet normal 0.318778 0.923587 -0.212997
    outer loop
      vertex 0.822393 0.772741 2.29647
      vertex 1.15617 0.772741 2.79601
      vertex 0.989488 0.69282 2.2
    endloop
  endfacet
  facet normal 0.318763 0.923593 -0.212994
    outer loop
      vertex 1.15617 0.772741 2.79601
      vertex 1.30925 0.69282 2.67855
      vertex 0.989488 0.69282 2.2
    endloop
  endfacet
  facet normal 0.108755 0.991409 -0.0726686
    outer loop
      vertex 0.643078 0.8 2.4
      vertex 0.991904 0.8 2.92205
      vertex 0.822393 0.772741 2.29647
    endloop
  endfacet
  facet normal 0.10876 0.991408 -0.0726698
    outer loop
      vertex 0.991904 0.8 2.92205
      vertex 1.15617 0.772741 2.79601
      vertex 0.822393 0.772741 2.29647
    endloop
  endfacet
  facet normal -0.108755 0.991409 0.0726685
    outer loop
      vertex 0.463763 0.772741 2.50353
      vertex 0.827636 0.772741 3.0481
      vertex 0.643078 0.8 2.4
    endloop
  endfacet
  facet normal -0.108755 0.991409 0.0726684
    outer loop
      vertex 0.827636 0.772741 3.0481
      vertex 0.991904 0.8 2.92205
      vertex 0.643078 0.8 2.4
    endloop
  endfacet
  facet normal -0.318776 0.923587 0.212999
    outer loop
      vertex 0.296668 0.69282 2.6
      vertex 0.674563 0.69282 3.16556
      vertex 0.463763 0.772741 2.50353
    endloop
  endfacet
  facet normal -0.318772 0.923589 0.212998
    outer loop
      vertex 0.674563 0.69282 3.16556
      vertex 0.827636 0.772741 3.0481
      vertex 0.463763 0.772741 2.50353
    endloop
  endfacet
  facet normal -0.506852 0.79272 0.338668
    outer loop
      vertex 0.15318 0.565685 2.68284
      vertex 0.543116 0.565685 3.26642
      vertex 0.296668 0.69282 2.6
    endloop
  endfacet
  facet normal -0.506853 0.792719 0.338668
    outer loop
      vertex 0.543116 0.565685 3.26642
      vertex 0.674563 0.69282 3.16556
      vertex 0.296668 0.69282 2.6
    endloop
  endfacet
  facet normal -0.66017 0.607945 0.44111
    outer loop
      vertex 0.0430781 0.4 2.74641
      vertex 0.442253 0.4 3.34382
      vertex 0.15318 0.565685 2.68284
    endloop
  endfacet
  facet normal -0.660166 0.60795 0.441109
    outer loop
      vertex 0.442253 0.4 3.34382
      vertex 0.543116 0.565685 3.26642
      vertex 0.15318 0.565685 2.68284
    endloop
  endfacet
  facet normal -0.768419 0.381983 0.513441
    outer loop
      vertex -0.026135 0.207055 2.78637
      vertex 0.378848 0.207055 3.39247
      vertex 0.0430781 0.4 2.74641
    endloop
  endfacet
  facet normal -0.768422 0.381978 0.513441
    outer loop
      vertex 0.378848 0.207055 3.39247
      vertex 0.442253 0.4 3.34382
      vertex 0.0430781 0.4 2.74641
    endloop
  endfacet
  facet normal -0.824385 0.130253 0.55084
    outer loop
      vertex -0.0497423 0 2.8
      vertex 0.357221 0 3.40906
      vertex -0.026135 0.207055 2.78637
    endloop
  endfacet
  facet normal -0.824387 0.130243 0.550838
    outer loop
      vertex 0.357221 0 3.40906
      vertex 0.378848 0.207055 3.39247
      vertex -0.026135 0.207055 2.78637
    endloop
  endfacet
  facet normal -0.745435 -0.13024 0.653731
    outer loop
      vertex 0.378848 -0.207055 3.39247
      vertex 0.859477 -0.207055 3.94052
      vertex 0.357221 0 3.40906
    endloop
  endfacet
  facet normal -0.745437 -0.130265 0.653724
    outer loop
      vertex 0.859477 -0.207055 3.94052
      vertex 0.840202 0 3.9598
      vertex 0.357221 0 3.40906
    endloop
  endfacet
  facet normal -0.694827 -0.381977 0.609351
    outer loop
      vertex 0.442253 -0.4 3.34382
      vertex 0.91599 -0.4 3.88401
      vertex 0.378848 -0.207055 3.39247
    endloop
  endfacet
  facet normal -0.694827 -0.38198 0.60935
    outer loop
      vertex 0.91599 -0.4 3.88401
      vertex 0.859477 -0.207055 3.94052
      vertex 0.378848 -0.207055 3.39247
    endloop
  endfacet
  facet normal -0.59694 -0.607952 0.523505
    outer loop
      vertex 0.543116 -0.565685 3.26642
      vertex 1.00589 -0.565685 3.79411
      vertex 0.442253 -0.4 3.34382
    endloop
  endfacet
  facet normal -0.596941 -0.60795 0.523506
    outer loop
      vertex 1.00589 -0.565685 3.79411
      vertex 0.91599 -0.4 3.88401
      vertex 0.442253 -0.4 3.34382
    endloop
  endfacet
  facet normal -0.458316 -0.792719 0.401924
    outer loop
      vertex 0.674563 -0.69282 3.16556
      vertex 1.12304 -0.69282 3.67696
      vertex 0.543116 -0.565685 3.26642
    endloop
  endfacet
  facet normal -0.458326 -0.792704 0.401943
    outer loop
      vertex 1.12304 -0.69282 3.67696
      vertex 1.00589 -0.565685 3.79411
      vertex 0.543116 -0.565685 3.26642
    endloop
  endfacet
  facet normal -0.288243 -0.923589 0.252784
    outer loop
      vertex 0.827636 -0.772741 3.0481
      vertex 1.25948 -0.772741 3.54052
      vertex 0.674563 -0.69282 3.16556
    endloop
  endfacet
  facet normal -0.288235 -0.923595 0.25277
    outer loop
      vertex 1.25948 -0.772741 3.54052
      vertex 1.12304 -0.69282 3.67696
      vertex 0.674563 -0.69282 3.16556
    endloop
  endfacet
  facet normal -0.0983396 -0.991409 0.0862417
    outer loop
      vertex 0.991904 -0.8 2.92205
      vertex 1.40589 -0.8 3.39411
      vertex 0.827636 -0.772741 3.0481
    endloop
  endfacet
  facet normal -0.0983403 -0.991409 0.0862428
    outer loop
      vertex 1.40589 -0.8 3.39411
      vertex 1.25948 -0.772741 3.54052
      vertex 0.827636 -0.772741 3.0481
    endloop
  endfacet
  facet normal 0.0983426 -0.991408 -0.086246
    outer loop
      vertex 1.15617 -0.772741 2.79601
      vertex 1.5523 -0.772741 3.2477
      vertex 0.991904 -0.8 2.92205
    endloop
  endfacet
  facet normal 0.0983406 -0.991409 -0.0862425
    outer loop
      vertex 1.5523 -0.772741 3.2477
      vertex 1.40589 -0.8 3.39411
      vertex 0.991904 -0.8 2.92205
    endloop
  endfacet
  facet normal 0.288238 -0.923593 -0.252775
    outer loop
      vertex 1.30925 -0.69282 2.67855
      vertex 1.68873 -0.69282 3.11127
      vertex 1.15617 -0.772741 2.79601
    endloop
  endfacet
  facet normal 0.288247 -0.923585 -0.252791
    outer loop
      vertex 1.68873 -0.69282 3.11127
      vertex 1.5523 -0.772741 3.2477
      vertex 1.15617 -0.772741 2.79601
    endloop
  endfacet
  facet normal 0.458316 -0.792709 -0.401943
    outer loop
      vertex 1.44069 -0.565685 2.57769
      vertex 1.80589 -0.565685 2.99411
      vertex 1.30925 -0.69282 2.67855
    endloop
  endfacet
  facet normal 0.458305 -0.792729 -0.401917
    outer loop
      vertex 1.80589 -0.565685 2.99411
      vertex 1.68873 -0.69282 3.11127
      vertex 1.30925 -0.69282 2.67855
    endloop
  endfacet
  facet normal 0.596931 -0.607967 -0.523497
    outer loop
      vertex 1.54156 -0.4 2.50029
      vertex 1.89579 -0.4 2.90421
      vertex 1.44069 -0.565685 2.57769
    endloop
  endfacet
  facet normal 0.596935 -0.60795 -0.523512
    outer loop
      vertex 1.89579 -0.4 2.90421
      vertex 1.80589 -0.565685 2.99411
      vertex 1.44069 -0.565685 2.57769
    endloop
  endfacet
  facet normal 0.69483 -0.381961 -0.609358
    outer loop
      vertex 1.60496 -0.207055 2.45164
      vertex 1.9523 -0.207055 2.8477
      vertex 1.54156 -0.4 2.50029
    endloop
  endfacet
  facet normal 0.69483 -0.381971 -0.609352
    outer loop
      vertex 1.9523 -0.207055 2.8477
      vertex 1.89579 -0.4 2.90421
      vertex 1.54156 -0.4 2.50029
    endloop
  endfacet
  facet normal 0.74544 -0.130251 -0.653724
    outer loop
      vertex 1.62659 0 2.43505
      vertex 1.97157 0 2.82843
      vertex 1.60496 -0.207055 2.45164
    endloop
  endfacet
  facet normal 0.745434 -0.130217 -0.653737
    outer loop
      vertex 1.97157 0 2.82843
      vertex 1.9523 -0.207055 2.8477
      vertex 1.60496 -0.207055 2.45164
    endloop
  endfacet
  facet normal 0.745431 0.130251 -0.653734
    outer loop
      vertex 1.60496 0.207055 2.45164
      vertex 1.9523 0.207055 2.8477
      vertex 1.62659 0 2.43505
    endloop
  endfacet
  facet normal 0.745443 0.130217 -0.653727
    outer loop
      vertex 1.9523 0.207055 2.8477
      vertex 1.97157 0 2.82843
      vertex 1.62659 0 2.43505
    endloop
  endfacet
  facet normal 0.694833 0.381961 -0.609355
    outer loop
      vertex 1.54156 0.4 2.50029
      vertex 1.89579 0.4 2.90421
      vertex 1.60496 0.207055 2.45164
    endloop
  endfacet
  facet normal 0.694827 0.381971 -0.609355
    outer loop
      vertex 1.89579 0.4 2.90421
      vertex 1.9523 0.207055 2.8477
      vertex 1.60496 0.207055 2.45164
    endloop
  endfacet
  facet normal 0.596926 0.607967 -0.523503
    outer loop
      vertex 1.44069 0.565685 2.57769
      vertex 1.80589 0.565685 2.99411
      vertex 1.54156 0.4 2.50029
    endloop
  endfacet
  facet normal 0.596941 0.60795 -0.523506
    outer loop
      vertex 1.80589 0.565685 2.99411
      vertex 1.89579 0.4 2.90421
      vertex 1.54156 0.4 2.50029
    endloop
  endfacet
  facet normal 0.458324 0.79271 -0.401934
    outer loop
      vertex 1.30925 0.69282 2.67855
      vertex 1.68873 0.69282 3.11127
      vertex 1.44069 0.565685 2.57769
    endloop
  endfacet
  facet normal 0.458297 0.792729 -0.401926
    outer loop
      vertex 1.68873 0.69282 3.11127
      vertex 1.80589 0.565685 2.99411
      vertex 1.44069 0.565685 2.57769
    endloop
  endfacet
  facet normal 0.288234 0.923593 -0.25278
    outer loop
      vertex 1.15617 0.772741 2.79601
      vertex 1.5523 0.772741 3.2477
      vertex 1.30925 0.69282 2.67855
    endloop
  endfacet
  facet normal 0.288252 0.923585 -0.252787
    outer loop
      vertex 1.5523 0.772741 3.2477
      vertex 1.68873 0.69282 3.11127
      vertex 1.30925 0.69282 2.67855
    endloop
  endfacet
  facet normal 0.0983434 0.991408 -0.086245
    outer loop
      vertex 0.991904 0.8 2.92205
      vertex 1.40589 0.8 3.39411
      vertex 1.15617 0.772741 2.79601
    endloop
  endfacet
  facet normal 0.0983397 0.991409 -0.0862434
    outer loop
      vertex 1.40589 0.8 3.39411
      vertex 1.5523 0.772741 3.2477
      vertex 1.15617 0.772741 2.79601
    endloop
  endfacet
  facet normal -0.0983394 0.991409 0.086242
    outer loop
      vertex 0.827636 0.772741 3.0481
      vertex 1.25948 0.772741 3.54052
      vertex 0.991904 0.8 2.92205
    endloop
  endfacet
  facet normal -0.0983406 0.991409 0.0862425
    outer loop
      vertex 1.25948 0.772741 3.54052
      vertex 1.40589 0.8 3.39411
      vertex 0.991904 0.8 2.92205
    endloop
  endfacet
  facet normal -0.288246 0.923589 0.25278
    outer loop
      vertex 0.674563 0.69282 3.16556
      vertex 1.12304 0.69282 3.67696
      vertex 0.827636 0.772741 3.0481
    endloop
  endfacet
  facet normal -0.288231 0.923595 0.252774
    outer loop
      vertex 1.12304 0.69282 3.67696
      vertex 1.25948 0.772741 3.54052
      vertex 0.827636 0.772741 3.0481
    endloop
  endfacet
  facet normal -0.458311 0.792719 0.40193
    outer loop
      vertex 0.543116 0.565685 3.26642
      vertex 1.00589 0.565685 3.79411
      vertex 0.674563 0.69282 3.16556
    endloop
  endfacet
  facet normal -0.458331 0.792704 0.401937
    outer loop
      vertex 1.00589 0.565685 3.79411
      vertex 1.12304 0.69282 3.67696
      vertex 0.674563 0.69282 3.16556
    endloop
  endfacet
  facet normal -0.59694 0.607952 0.523505
    outer loop
      vertex 0.442253 0.4 3.34382
      vertex 0.91599 0.4 3.88401
      vertex 0.543116 0.565685 3.26642
    endloop
  endfacet
  facet normal -0.596941 0.60795 0.523506
    outer loop
      vertex 0.91599 0.4 3.88401
      vertex 1.00589 0.565685 3.79411
      vertex 0.543116 0.565685 3.26642
    endloop
  endfacet
  facet normal -0.694828 0.381977 0.60935
    outer loop
      vertex 0.378848 0.207055 3.39247
      vertex 0.859477 0.207055 3.94052
      vertex 0.442253 0.4 3.34382
    endloop
  endfacet
  facet normal -0.694826 0.38198 0.60935
    outer loop
      vertex 0.859477 0.207055 3.94052
      vertex 0.91599 0.4 3.88401
      vertex 0.442253 0.4 3.34382
    endloop
  endfacet
  facet normal -0.745439 0.13024 0.653726
    outer loop
      vertex 0.357221 0 3.40906
      vertex 0.840202 0 3.9598
      vertex 0.378848 0.207055 3.39247
    endloop
  endfacet
  facet normal -0.745432 0.130265 0.653729
    outer loop
      vertex 0.840202 0 3.9598
      vertex 0.859477 0.207055 3.94052
      vertex 0.378848 0.207055 3.39247
    endloop
  endfacet
  facet normal -0.653728 -0.130268 0.745433
    outer loop
      vertex 0.859477 -0.207055 3.94052
      vertex 1.40753 -0.207055 4.42115
      vertex 0.840202 0 3.9598
    endloop
  endfacet
  facet normal -0.653726 -0.130251 0.745438
    outer loop
      vertex 1.40753 -0.207055 4.42115
      vertex 1.39094 0 4.44278
      vertex 0.840202 0 3.9598
    endloop
  endfacet
  facet normal -0.609353 -0.381979 0.694825
    outer loop
      vertex 0.91599 -0.4 3.88401
      vertex 1.45618 -0.4 4.35775
      vertex 0.859477 -0.207055 3.94052
    endloop
  endfacet
  facet normal -0.609353 -0.381961 0.694834
    outer loop
      vertex 1.45618 -0.4 4.35775
      vertex 1.40753 -0.207055 4.42115
      vertex 0.859477 -0.207055 3.94052
    endloop
  endfacet
  facet normal -0.523503 -0.60795 0.596943
    outer loop
      vertex 1.00589 -0.565685 3.79411
      vertex 1.53358 -0.565685 4.25688
      vertex 0.91599 -0.4 3.88401
    endloop
  endfacet
  facet normal -0.523499 -0.607967 0.596929
    outer loop
      vertex 1.53358 -0.565685 4.25688
      vertex 1.45618 -0.4 4.35775
      vertex 0.91599 -0.4 3.88401
    endloop
  endfacet
  facet normal -0.401939 -0.792704 0.458329
    outer loop
      vertex 1.12304 -0.69282 3.67696
      vertex 1.63444 -0.69282 4.12544
      vertex 1.00589 -0.565685 3.79411
    endloop
  endfacet
  facet normal -0.401936 -0.792709 0.458322
    outer loop
      vertex 1.63444 -0.69282 4.12544
      vertex 1.53358 -0.565685 4.25688
      vertex 1.00589 -0.565685 3.79411
    endloop
  endfacet
  facet normal -0.252772 -0.923595 0.288232
    outer loop
      vertex 1.25948 -0.772741 3.54052
      vertex 1.7519 -0.772741 3.97236
      vertex 1.12304 -0.69282 3.67696
    endloop
  endfacet
  facet normal -0.252775 -0.923593 0.288238
    outer loop
      vertex 1.7519 -0.772741 3.97236
      vertex 1.63444 -0.69282 4.12544
      vertex 1.12304 -0.69282 3.67696
    endloop
  endfacet
  facet normal -0.0862429 -0.991409 0.0983402
    outer loop
      vertex 1.40589 -0.8 3.39411
      vertex 1.87795 -0.8 3.8081
      vertex 1.25948 -0.772741 3.54052
    endloop
  endfacet
  facet normal -0.086244 -0.991408 0.0983426
    outer loop
      vertex 1.87795 -0.8 3.8081
      vertex 1.7519 -0.772741 3.97236
      vertex 1.25948 -0.772741 3.54052
    endloop
  endfacet
  facet normal 0.0862434 -0.991409 -0.0983397
    outer loop
      vertex 1.5523 -0.772741 3.2477
      vertex 2.00399 -0.772741 3.64383
      vertex 1.40589 -0.8 3.39411
    endloop
  endfacet
  facet normal 0.0862442 -0.991409 -0.0983416
    outer loop
      vertex 2.00399 -0.772741 3.64383
      vertex 1.87795 -0.8 3.8081
      vertex 1.40589 -0.8 3.39411
    endloop
  endfacet
  facet normal 0.252787 -0.923585 -0.288252
    outer loop
      vertex 1.68873 -0.69282 3.11127
      vertex 2.12145 -0.69282 3.49075
      vertex 1.5523 -0.772741 3.2477
    endloop
  endfacet
  facet normal 0.25278 -0.923593 -0.288234
    outer loop
      vertex 2.12145 -0.69282 3.49075
      vertex 2.00399 -0.772741 3.64383
      vertex 1.5523 -0.772741 3.2477
    endloop
  endfacet
  facet normal 0.401926 -0.792729 -0.458297
    outer loop
      vertex 1.80589 -0.565685 2.99411
      vertex 2.22231 -0.565685 3.35931
      vertex 1.68873 -0.69282 3.11127
    endloop
  endfacet
  facet normal 0.401934 -0.79271 -0.458324
    outer loop
      vertex 2.22231 -0.565685 3.35931
      vertex 2.12145 -0.69282 3.49075
      vertex 1.68873 -0.69282 3.11127
    endloop
  endfacet
  facet normal 0.523506 -0.60795 -0.596941
    outer loop
      vertex 1.89579 -0.4 2.90421
      vertex 2.29971 -0.4 3.25844
      vertex 1.80589 -0.565685 2.99411
    endloop
  endfacet
  facet normal 0.523503 -0.607967 -0.596926
    outer loop
      vertex 2.29971 -0.4 3.25844
      vertex 2.22231 -0.565685 3.35931
      vertex 1.80589 -0.565685 2.99411
    endloop
  endfacet
  facet normal 0.609355 -0.381971 -0.694827
    outer loop
      vertex 1.9523 -0.207055 2.8477
      vertex 2.34836 -0.207055 3.19504
      vertex 1.89579 -0.4 2.90421
    endloop
  endfacet
  facet normal 0.609355 -0.381961 -0.694833
    outer loop
      vertex 2.34836 -0.207055 3.19504
      vertex 2.29971 -0.4 3.25844
      vertex 1.89579 -0.4 2.90421
    endloop
  endfacet
  facet normal 0.653727 -0.130217 -0.745443
    outer loop
      vertex 1.97157 0 2.82843
      vertex 2.36495 0 3.17341
      vertex 1.9523 -0.207055 2.8477
    endloop
  endfacet
  facet normal 0.653734 -0.130251 -0.745431
    outer loop
      vertex 2.36495 0 3.17341
      vertex 2.34836 -0.207055 3.19504
      vertex 1.9523 -0.207055 2.8477
    endloop
  endfacet
  facet normal 0.653737 0.130217 -0.745434
    outer loop
      vertex 1.9523 0.207055 2.8477
      vertex 2.34836 0.207055 3.19504
      vertex 1.97157 0 2.82843
    endloop
  endfacet
  facet normal 0.653724 0.130251 -0.74544
    outer loop
      vertex 2.34836 0.207055 3.19504
      vertex 2.36495 0 3.17341
      vertex 1.97157 0 2.82843
    endloop
  endfacet
  facet normal 0.609352 0.381971 -0.69483
    outer loop
      vertex 1.89579 0.4 2.90421
      vertex 2.29971 0.4 3.25844
      vertex 1.9523 0.207055 2.8477
    endloop
  endfacet
  facet normal 0.609358 0.381961 -0.69483
    outer loop
      vertex 2.29971 0.4 3.25844
      vertex 2.34836 0.207055 3.19504
      vertex 1.9523 0.207055 2.8477
    endloop
  endfacet
  facet normal 0.523512 0.60795 -0.596935
    outer loop
      vertex 1.80589 0.565685 2.99411
      vertex 2.22231 0.565685 3.35931
      vertex 1.89579 0.4 2.90421
    endloop
  endfacet
  facet normal 0.523497 0.607967 -0.596931
    outer loop
      vertex 2.22231 0.565685 3.35931
      vertex 2.29971 0.4 3.25844
      vertex 1.89579 0.4 2.90421
    endloop
  endfacet
  facet normal 0.401917 0.792729 -0.458305
    outer loop
      vertex 1.68873 0.69282 3.11127
      vertex 2.12145 0.69282 3.49075
      vertex 1.80589 0.565685 2.99411
    endloop
  endfacet
  facet normal 0.401943 0.792709 -0.458316
    outer loop
      vertex 2.12145 0.69282 3.49075
      vertex 2.22231 0.565685 3.35931
      vertex 1.80589 0.565685 2.99411
    endloop
  endfacet
  facet normal 0.252791 0.923585 -0.288247
    outer loop
      vertex 1.5523 0.772741 3.2477
      vertex 2.00399 0.772741 3.64383
      vertex 1.68873 0.69282 3.11127
    endloop
  endfacet
  facet normal 0.252775 0.923593 -0.288238
    outer loop
      vertex 2.00399 0.772741 3.64383
      vertex 2.12145 0.69282 3.49075
      vertex 1.68873 0.69282 3.11127
    endloop
  endfacet
  facet normal 0.0862429 0.991409 -0.0983402
    outer loop
      vertex 1.40589 0.8 3.39411
      vertex 1.87795 0.8 3.8081
      vertex 1.5523 0.772741 3.2477
    endloop
  endfacet
  facet normal 0.0862448 0.991409 -0.0983412
    outer loop
      vertex 1.87795 0.8 3.8081
      vertex 2.00399 0.772741 3.64383
      vertex 1.5523 0.772741 3.2477
    endloop
  endfacet
  facet normal -0.0862424 0.991409 0.0983407
    outer loop
      vertex 1.25948 0.772741 3.54052
      vertex 1.7519 0.772741 3.97236
      vertex 1.40589 0.8 3.39411
    endloop
  endfacet
  facet normal -0.0862446 0.991408 0.0983421
    outer loop
      vertex 1.7519 0.772741 3.97236
      vertex 1.87795 0.8 3.8081
      vertex 1.40589 0.8 3.39411
    endloop
  endfacet
  facet normal -0.252771 0.923595 0.288234
    outer loop
      vertex 1.12304 0.69282 3.67696
      vertex 1.63444 0.69282 4.12544
      vertex 1.25948 0.772741 3.54052
    endloop
  endfacet
  facet normal -0.252777 0.923593 0.288237
    outer loop
      vertex 1.63444 0.69282 4.12544
      vertex 1.7519 0.772741 3.97236
      vertex 1.25948 0.772741 3.54052
    endloop
  endfacet
  facet normal -0.401941 0.792704 0.458327
    outer loop
      vertex 1.00589 0.565685 3.79411
      vertex 1.53358 0.565685 4.25688
      vertex 1.12304 0.69282 3.67696
    endloop
  endfacet
  facet normal -0.401934 0.79271 0.458324
    outer loop
      vertex 1.53358 0.565685 4.25688
      vertex 1.63444 0.69282 4.12544
      vertex 1.12304 0.69282 3.67696
    endloop
  endfacet
  facet normal -0.523508 0.60795 0.596939
    outer loop
      vertex 0.91599 0.4 3.88401
      vertex 1.45618 0.4 4.35775
      vertex 1.00589 0.565685 3.79411
    endloop
  endfacet
  facet normal -0.523494 0.607968 0.596933
    outer loop
      vertex 1.45618 0.4 4.35775
      vertex 1.53358 0.565685 4.25688
      vertex 1.00589 0.565685 3.79411
    endloop
  endfacet
  facet normal -0.609349 0.381979 0.694828
    outer loop
      vertex 0.859477 0.207055 3.94052
      vertex 1.40753 0.207055 4.42115
      vertex 0.91599 0.4 3.88401
    endloop
  endfacet
  facet normal -0.609358 0.381961 0.69483
    outer loop
      vertex 1.40753 0.207055 4.42115
      vertex 1.45618 0.4 4.35775
      vertex 0.91599 0.4 3.88401
    endloop
  endfacet
  facet normal -0.653724 0.130268 0.745436
    outer loop
      vertex 0.840202 0 3.9598
      vertex 1.39094 0 4.44278
      vertex 0.859477 0.207055 3.94052
    endloop
  endfacet
  facet normal -0.653729 0.130251 0.745435
    outer loop
      vertex 1.39094 0 4.44278
      vertex 1.40753 0.207055 4.42115
      vertex 0.859477 0.207055 3.94052
    endloop
  endfacet
  facet normal -0.550844 -0.130255 0.824382
    outer loop
      vertex 1.40753 -0.207055 4.42115
      vertex 2.01363 -0.207055 4.82614
      vertex 1.39094 0 4.44278
    endloop
  endfacet
  facet normal -0.550839 -0.130224 0.82439
    outer loop
      vertex 2.01363 -0.207055 4.82614
      vertex 2 0 4.84974
      vertex 1.39094 0 4.44278
    endloop
  endfacet
  facet normal -0.51344 -0.38196 0.76843
    outer loop
      vertex 1.45618 -0.4 4.35775
      vertex 2.05359 -0.4 4.75692
      vertex 1.40753 -0.207055 4.42115
    endloop
  endfacet
  facet normal -0.513442 -0.382006 0.768407
    outer loop
      vertex 2.05359 -0.4 4.75692
      vertex 2.01363 -0.207055 4.82614
      vertex 1.40753 -0.207055 4.42115
    endloop
  endfacet
  facet normal -0.441105 -0.607968 0.660153
    outer loop
      vertex 1.53358 -0.565685 4.25688
      vertex 2.11716 -0.565685 4.64682
      vertex 1.45618 -0.4 4.35775
    endloop
  endfacet
  facet normal -0.441108 -0.60794 0.660176
    outer loop
      vertex 2.11716 -0.565685 4.64682
      vertex 2.05359 -0.4 4.75692
      vertex 1.45618 -0.4 4.35775
    endloop
  endfacet
  facet normal -0.338673 -0.792709 0.506866
    outer loop
      vertex 1.63444 -0.69282 4.12544
      vertex 2.2 -0.69282 4.50333
      vertex 1.53358 -0.565685 4.25688
    endloop
  endfacet
  facet normal -0.338668 -0.792723 0.506847
    outer loop
      vertex 2.2 -0.69282 4.50333
      vertex 2.11716 -0.565685 4.64682
      vertex 1.53358 -0.565685 4.25688
    endloop
  endfacet
  facet normal -0.212996 -0.923593 0.318762
    outer loop
      vertex 1.7519 -0.772741 3.97236
      vertex 2.29647 -0.772741 4.33624
      vertex 1.63444 -0.69282 4.12544
    endloop
  endfacet
  facet normal -0.213001 -0.923584 0.318783
    outer loop
      vertex 2.29647 -0.772741 4.33624
      vertex 2.2 -0.69282 4.50333
      vertex 1.63444 -0.69282 4.12544
    endloop
  endfacet
  facet normal -0.0726699 -0.991408 0.108759
    outer loop
      vertex 1.87795 -0.8 3.8081
      vertex 2.4 -0.8 4.15692
      vertex 1.7519 -0.772741 3.97236
    endloop
  endfacet
  facet normal -0.0726681 -0.991409 0.108752
    outer loop
      vertex 2.4 -0.8 4.15692
      vertex 2.29647 -0.772741 4.33624
      vertex 1.7519 -0.772741 3.97236
    endloop
  endfacet
  facet normal 0.072669 -0.991409 -0.108758
    outer loop
      vertex 2.00399 -0.772741 3.64383
      vertex 2.50353 -0.772741 3.97761
      vertex 1.87795 -0.8 3.8081
    endloop
  endfacet
  facet normal 0.0726691 -0.991409 -0.108758
    outer loop
      vertex 2.50353 -0.772741 3.97761
      vertex 2.4 -0.8 4.15692
      vertex 1.87795 -0.8 3.8081
    endloop
  endfacet
  facet normal 0.212993 -0.923593 -0.318763
    outer loop
      vertex 2.12145 -0.69282 3.49075
      vertex 2.6 -0.69282 3.81051
      vertex 2.00399 -0.772741 3.64383
    endloop
  endfacet
  facet normal 0.212995 -0.92359 -0.318771
    outer loop
      vertex 2.6 -0.69282 3.81051
      vertex 2.50353 -0.772741 3.97761
      vertex 2.00399 -0.772741 3.64383
    endloop
  endfacet
  facet normal 0.338671 -0.792709 -0.506868
    outer loop
      vertex 2.22231 -0.565685 3.35931
      vertex 2.68284 -0.565685 3.66702
      vertex 2.12145 -0.69282 3.49075
    endloop
  endfacet
  facet normal 0.338668 -0.792723 -0.506848
    outer loop
      vertex 2.68284 -0.565685 3.66702
      vertex 2.6 -0.69282 3.81051
      vertex 2.12145 -0.69282 3.49075
    endloop
  endfacet
  facet normal 0.441106 -0.607968 -0.660152
    outer loop
      vertex 2.29971 -0.4 3.25844
      vertex 2.74641 -0.4 3.55692
      vertex 2.22231 -0.565685 3.35931
    endloop
  endfacet
  facet normal 0.441107 -0.60794 -0.660177
    outer loop
      vertex 2.74641 -0.4 3.55692
      vertex 2.68284 -0.565685 3.66702
      vertex 2.22231 -0.565685 3.35931
    endloop
  endfacet
  facet normal 0.513447 -0.381961 -0.768426
    outer loop
      vertex 2.34836 -0.207055 3.19504
      vertex 2.78637 -0.207055 3.48771
      vertex 2.29971 -0.4 3.25844
    endloop
  endfacet
  facet normal 0.513449 -0.381972 -0.768419
    outer loop
      vertex 2.78637 -0.207055 3.48771
      vertex 2.74641 -0.4 3.55692
      vertex 2.29971 -0.4 3.25844
    endloop
  endfacet
  facet normal 0.550836 -0.130255 -0.824387
    outer loop
      vertex 2.36495 0 3.17341
      vertex 2.8 0 3.4641
      vertex 2.34836 -0.207055 3.19504
    endloop
  endfacet
  facet normal 0.550838 -0.130263 -0.824384
    outer loop
      vertex 2.8 0 3.4641
      vertex 2.78637 -0.207055 3.48771
      vertex 2.34836 -0.207055 3.19504
    endloop
  endfacet
  facet normal 0.550838 0.130255 -0.824385
    outer loop
      vertex 2.34836 0.207055 3.19504
      vertex 2.78637 0.207055 3.48771
      vertex 2.36495 0 3.17341
    endloop
  endfacet
  facet normal 0.550835 0.130263 -0.824386
    outer loop
      vertex 2.78637 0.207055 3.48771
      vertex 2.8 0 3.4641
      vertex 2.36495 0 3.17341
    endloop
  endfacet
  facet normal 0.513452 0.381961 -0.768423
    outer loop
      vertex 2.29971 0.4 3.25844
      vertex 2.74641 0.4 3.55692
      vertex 2.34836 0.207055 3.19504
    endloop
  endfacet
  facet normal 0.513445 0.381973 -0.768421
    outer loop
      vertex 2.74641 0.4 3.55692
      vertex 2.78637 0.207055 3.48771
      vertex 2.34836 0.207055 3.19504
    endloop
  endfacet
  facet normal 0.441095 0.607967 -0.660159
    outer loop
      vertex 2.22231 0.565685 3.35931
      vertex 2.68284 0.565685 3.66702
      vertex 2.29971 0.4 3.25844
    endloop
  endfacet
  facet normal 0.441118 0.60794 -0.66017
    outer loop
      vertex 2.68284 0.565685 3.66702
      vertex 2.74641 0.4 3.55692
      vertex 2.29971 0.4 3.25844
    endloop
  endfacet
  facet normal 0.338678 0.792709 -0.506862
    outer loop
      vertex 2.12145 0.69282 3.49075
      vertex 2.6 0.69282 3.81051
      vertex 2.22231 0.565685 3.35931
    endloop
  endfacet
  facet normal 0.338661 0.792723 -0.506852
    outer loop
      vertex 2.6 0.69282 3.81051
      vertex 2.68284 0.565685 3.66702
      vertex 2.22231 0.565685 3.35931
    endloop
  endfacet
  facet normal 0.212991 0.923593 -0.318765
    outer loop
      vertex 2.00399 0.772741 3.64383
      vertex 2.50353 0.772741 3.97761
      vertex 2.12145 0.69282 3.49075
    endloop
  endfacet
  facet normal 0.212997 0.92359 -0.31877
    outer loop
      vertex 2.50353 0.772741 3.97761
      vertex 2.6 0.69282 3.81051
      vertex 2.12145 0.69282 3.49075
    endloop
  endfacet
  facet normal 0.072669 0.991409 -0.108758
    outer loop
      vertex 1.87795 0.8 3.8081
      vertex 2.4 0.8 4.15692
      vertex 2.00399 0.772741 3.64383
    endloop
  endfacet
  facet normal 0.0726692 0.991409 -0.108758
    outer loop
      vertex 2.4 0.8 4.15692
      vertex 2.50353 0.772741 3.97761
      vertex 2.00399 0.772741 3.64383
    endloop
  endfacet
  facet normal -0.0726716 0.991408 0.108758
    outer loop
      vertex 1.7519 0.772741 3.97236
      vertex 2.29647 0.772741 4.33624
      vertex 1.87795 0.8 3.8081
    endloop
  endfacet
  facet normal -0.0726662 0.991409 0.108754
    outer loop
      vertex 2.29647 0.772741 4.33624
      vertex 2.4 0.8 4.15692
      vertex 1.87795 0.8 3.8081
    endloop
  endfacet
  facet normal -0.21299 0.923593 0.318766
    outer loop
      vertex 1.63444 0.69282 4.12544
      vertex 2.2 0.69282 4.50333
      vertex 1.7519 0.772741 3.97236
    endloop
  endfacet
  facet normal -0.213008 0.923584 0.31878
    outer loop
      vertex 2.2 0.69282 4.50333
      vertex 2.29647 0.772741 4.33624
      vertex 1.7519 0.772741 3.97236
    endloop
  endfacet
  facet normal -0.338678 0.792709 0.506862
    outer loop
      vertex 1.53358 0.565685 4.25688
      vertex 2.11716 0.565685 4.64682
      vertex 1.63444 0.69282 4.12544
    endloop
  endfacet
  facet normal -0.338662 0.792723 0.506851
    outer loop
      vertex 2.11716 0.565685 4.64682
      vertex 2.2 0.69282 4.50333
      vertex 1.63444 0.69282 4.12544
    endloop
  endfacet
  facet normal -0.441097 0.607967 0.660159
    outer loop
      vertex 1.45618 0.4 4.35775
      vertex 2.05359 0.4 4.75692
      vertex 1.53358 0.565685 4.25688
    endloop
  endfacet
  facet normal -0.441117 0.60794 0.66017
    outer loop
      vertex 2.05359 0.4 4.75692
      vertex 2.11716 0.565685 4.64682
      vertex 1.53358 0.565685 4.25688
    endloop
  endfacet
  facet normal -0.513452 0.381961 0.768422
    outer loop
      vertex 1.40753 0.207055 4.42115
      vertex 2.01363 0.207055 4.82614
      vertex 1.45618 0.4 4.35775
    endloop
  endfacet
  facet normal -0.51343 0.382007 0.768414
    outer loop
      vertex 2.01363 0.207055 4.82614
      vertex 2.05359 0.4 4.75692
      vertex 1.45618 0.4 4.35775
    endloop
  endfacet
  facet normal -0.550836 0.130255 0.824387
    outer loop
      vertex 1.39094 0 4.44278
      vertex 2 0 4.84974
      vertex 1.40753 0.207055 4.42115
    endloop
  endfacet
  facet normal -0.550846 0.130224 0.824385
    outer loop
      vertex 2 0 4.84974
      vertex 2.01363 0.207055 4.82614
      vertex 1.40753 0.207055 4.42115
    endloop
  endfacet
  facet normal -0.438519 -0.130222 0.889238
    outer loop
      vertex 2.01363 -0.207055 4.82614
      vertex 2.6674 -0.207055 5.14854
      vertex 2 0 4.84974
    endloop
  endfacet
  facet normal -0.438529 -0.130272 0.889225
    outer loop
      vertex 2.6674 -0.207055 5.14854
      vertex 2.65697 0 5.17373
      vertex 2 0 4.84974
    endloop
  endfacet
  facet normal -0.408742 -0.382008 0.828854
    outer loop
      vertex 2.05359 -0.4 4.75692
      vertex 2.69799 -0.4 5.0747
      vertex 2.01363 -0.207055 4.82614
    endloop
  endfacet
  facet normal -0.408742 -0.382006 0.828856
    outer loop
      vertex 2.69799 -0.4 5.0747
      vertex 2.6674 -0.207055 5.14854
      vertex 2.01363 -0.207055 4.82614
    endloop
  endfacet
  facet normal -0.351174 -0.607939 0.7121
    outer loop
      vertex 2.11716 -0.565685 4.64682
      vertex 2.74664 -0.565685 4.95725
      vertex 2.05359 -0.4 4.75692
    endloop
  endfacet
  facet normal -0.351175 -0.607918 0.712118
    outer loop
      vertex 2.74664 -0.565685 4.95725
      vertex 2.69799 -0.4 5.0747
      vertex 2.05359 -0.4 4.75692
    endloop
  endfacet
  facet normal -0.269608 -0.792724 0.546718
    outer loop
      vertex 2.2 -0.69282 4.50333
      vertex 2.81005 -0.69282 4.80417
      vertex 2.11716 -0.565685 4.64682
    endloop
  endfacet
  facet normal -0.269607 -0.792737 0.5467
    outer loop
      vertex 2.81005 -0.69282 4.80417
      vertex 2.74664 -0.565685 4.95725
      vertex 2.11716 -0.565685 4.64682
    endloop
  endfacet
  facet normal -0.169572 -0.923584 0.343857
    outer loop
      vertex 2.29647 -0.772741 4.33624
      vertex 2.88388 -0.772741 4.62592
      vertex 2.2 -0.69282 4.50333
    endloop
  endfacet
  facet normal -0.169573 -0.923581 0.343865
    outer loop
      vertex 2.88388 -0.772741 4.62592
      vertex 2.81005 -0.69282 4.80417
      vertex 2.2 -0.69282 4.50333
    endloop
  endfacet
  facet normal -0.0578498 -0.991409 0.117308
    outer loop
      vertex 2.4 -0.8 4.15692
      vertex 2.96312 -0.8 4.43462
      vertex 2.29647 -0.772741 4.33624
    endloop
  endfacet
  facet normal -0.0578497 -0.991409 0.117307
    outer loop
      vertex 2.96312 -0.8 4.43462
      vertex 2.88388 -0.772741 4.62592
      vertex 2.29647 -0.772741 4.33624
    endloop
  endfacet
  facet normal 0.057852 -0.991409 -0.117313
    outer loop
      vertex 2.50353 -0.772741 3.97761
      vertex 3.04236 -0.772741 4.24333
      vertex 2.4 -0.8 4.15692
    endloop
  endfacet
  facet normal 0.0578519 -0.991409 -0.117312
    outer loop
      vertex 3.04236 -0.772741 4.24333
      vertex 2.96312 -0.8 4.43462
      vertex 2.4 -0.8 4.15692
    endloop
  endfacet
  facet normal 0.169567 -0.92359 -0.343843
    outer loop
      vertex 2.6 -0.69282 3.81051
      vertex 3.11619 -0.69282 4.06507
      vertex 2.50353 -0.772741 3.97761
    endloop
  endfacet
  facet normal 0.169567 -0.923587 -0.343851
    outer loop
      vertex 3.11619 -0.69282 4.06507
      vertex 3.04236 -0.772741 4.24333
      vertex 2.50353 -0.772741 3.97761
    endloop
  endfacet
  facet normal 0.269615 -0.792724 -0.546714
    outer loop
      vertex 2.68284 -0.565685 3.66702
      vertex 3.1796 -0.565685 3.912
      vertex 2.6 -0.69282 3.81051
    endloop
  endfacet
  facet normal 0.269615 -0.792721 -0.546719
    outer loop
      vertex 3.1796 -0.565685 3.912
      vertex 3.11619 -0.69282 4.06507
      vertex 2.6 -0.69282 3.81051
    endloop
  endfacet
  facet normal 0.351173 -0.607939 -0.712101
    outer loop
      vertex 2.74641 -0.4 3.55692
      vertex 3.22825 -0.4 3.79454
      vertex 2.68284 -0.565685 3.66702
    endloop
  endfacet
  facet normal 0.351174 -0.607945 -0.712095
    outer loop
      vertex 3.22825 -0.4 3.79454
      vertex 3.1796 -0.565685 3.912
      vertex 2.68284 -0.565685 3.66702
    endloop
  endfacet
  facet normal 0.40875 -0.381972 -0.828867
    outer loop
      vertex 2.78637 -0.207055 3.48771
      vertex 3.25883 -0.207055 3.7207
      vertex 2.74641 -0.4 3.55692
    endloop
  endfacet
  facet normal 0.408753 -0.381988 -0.828859
    outer loop
      vertex 3.25883 -0.207055 3.7207
      vertex 3.22825 -0.4 3.79454
      vertex 2.74641 -0.4 3.55692
    endloop
  endfacet
  facet normal 0.438523 -0.130264 -0.88923
    outer loop
      vertex 2.8 0 3.4641
      vertex 3.26927 0 3.69552
      vertex 2.78637 -0.207055 3.48771
    endloop
  endfacet
  facet normal 0.438519 -0.130251 -0.889233
    outer loop
      vertex 3.26927 0 3.69552
      vertex 3.25883 -0.207055 3.7207
      vertex 2.78637 -0.207055 3.48771
    endloop
  endfacet
  facet normal 0.438518 0.130264 -0.889232
    outer loop
      vertex 2.78637 0.207055 3.48771
      vertex 3.25883 0.207055 3.7207
      vertex 2.8 0 3.4641
    endloop
  endfacet
  facet normal 0.438523 0.130251 -0.889231
    outer loop
      vertex 3.25883 0.207055 3.7207
      vertex 3.26927 0 3.69552
      vertex 2.8 0 3.4641
    endloop
  endfacet
  facet normal 0.408756 0.381972 -0.828864
    outer loop
      vertex 2.74641 0.4 3.55692
      vertex 3.22825 0.4 3.79454
      vertex 2.78637 0.207055 3.48771
    endloop
  endfacet
  facet normal 0.408747 0.381988 -0.828862
    outer loop
      vertex 3.22825 0.4 3.79454
      vertex 3.25883 0.207055 3.7207
      vertex 2.78637 0.207055 3.48771
    endloop
  endfacet
  facet normal 0.351176 0.607939 -0.712099
    outer loop
      vertex 2.68284 0.565685 3.66702
      vertex 3.1796 0.565685 3.912
      vertex 2.74641 0.4 3.55692
    endloop
  endfacet
  facet normal 0.351171 0.607945 -0.712097
    outer loop
      vertex 3.1796 0.565685 3.912
      vertex 3.22825 0.4 3.79454
      vertex 2.74641 0.4 3.55692
    endloop
  endfacet
  facet normal 0.269614 0.792724 -0.546715
    outer loop
      vertex 2.6 0.69282 3.81051
      vertex 3.11619 0.69282 4.06507
      vertex 2.68284 0.565685 3.66702
    endloop
  endfacet
  facet normal 0.269617 0.792721 -0.546718
    outer loop
      vertex 3.11619 0.69282 4.06507
      vertex 3.1796 0.565685 3.912
      vertex 2.68284 0.565685 3.66702
    endloop
  endfacet
  facet normal 0.169564 0.92359 -0.343844
    outer loop
      vertex 2.50353 0.772741 3.97761
      vertex 3.04236 0.772741 4.24333
      vertex 2.6 0.69282 3.81051
    endloop
  endfacet
  facet normal 0.16957 0.923587 -0.34385
    outer loop
      vertex 3.04236 0.772741 4.24333
      vertex 3.11619 0.69282 4.06507
      vertex 2.6 0.69282 3.81051
    endloop
  endfacet
  facet normal 0.0578523 0.991409 -0.117313
    outer loop
      vertex 2.4 0.8 4.15692
      vertex 2.96312 0.8 4.43462
      vertex 2.50353 0.772741 3.97761
    endloop
  endfacet
  facet normal 0.0578516 0.991409 -0.117312
    outer loop
      vertex 2.96312 0.8 4.43462
      vertex 3.04236 0.772741 4.24333
      vertex 2.50353 0.772741 3.97761
    endloop
  endfacet
  facet normal -0.05785 0.991409 0.117308
    outer loop
      vertex 2.29647 0.772741 4.33624
      vertex 2.88388 0.772741 4.62592
      vertex 2.4 0.8 4.15692
    endloop
  endfacet
  facet normal -0.0578494 0.991409 0.117307
    outer loop
      vertex 2.88388 0.772741 4.62592
      vertex 2.96312 0.8 4.43462
      vertex 2.4 0.8 4.15692
    endloop
  endfacet
  facet normal -0.16957 0.923584 0.343858
    outer loop
      vertex 2.2 0.69282 4.50333
      vertex 2.81005 0.69282 4.80417
      vertex 2.29647 0.772741 4.33624
    endloop
  endfacet
  facet normal -0.169576 0.923581 0.343864
    outer loop
      vertex 2.81005 0.69282 4.80417
      vertex 2.88388 0.772741 4.62592
      vertex 2.29647 0.772741 4.33624
    endloop
  endfacet
  facet normal -0.269614 0.792724 0.546715
    outer loop
      vertex 2.11716 0.565685 4.64682
      vertex 2.74664 0.565685 4.95725
      vertex 2.2 0.69282 4.50333
    endloop
  endfacet
  facet normal -0.269601 0.792737 0.546702
    outer loop
      vertex 2.74664 0.565685 4.95725
      vertex 2.81005 0.69282 4.80417
      vertex 2.2 0.69282 4.50333
    endloop
  endfacet
  facet normal -0.351167 0.607939 0.712104
    outer loop
      vertex 2.05359 0.4 4.75692
      vertex 2.69799 0.4 5.0747
      vertex 2.11716 0.565685 4.64682
    endloop
  endfacet
  facet normal -0.351182 0.607918 0.712115
    outer loop
      vertex 2.69799 0.4 5.0747
      vertex 2.74664 0.565685 4.95725
      vertex 2.11716 0.565685 4.64682
    endloop
  endfacet
  facet normal -0.408741 0.382008 0.828855
    outer loop
      vertex 2.01363 0.207055 4.82614
      vertex 2.6674 0.207055 5.14854
      vertex 2.05359 0.4 4.75692
    endloop
  endfacet
  facet normal -0.408742 0.382006 0.828855
    outer loop
      vertex 2.6674 0.207055 5.14854
      vertex 2.69799 0.4 5.0747
      vertex 2.05359 0.4 4.75692
    endloop
  endfacet
  facet normal -0.438532 0.130222 0.889231
    outer loop
      vertex 2 0 4.84974
      vertex 2.65697 0 5.17373
      vertex 2.01363 0.207055 4.82614
    endloop
  endfacet
  facet normal -0.438516 0.130272 0.889232
    outer loop
      vertex 2.65697 0 5.17373
      vertex 2.6674 0.207055 5.14854
      vertex 2.01363 0.207055 4.82614
    endloop
  endfacet
  facet normal -0.318694 -0.130274 0.938863
    outer loop
      vertex 2.6674 -0.207055 5.14854
      vertex 3.35767 -0.207055 5.38285
      vertex 2.65697 0 5.17373
    endloop
  endfacet
  facet normal -0.31869 -0.130257 0.938866
    outer loop
      vertex 3.35767 -0.207055 5.38285
      vertex 3.35061 0 5.40918
      vertex 2.65697 0 5.17373
    endloop
  endfacet
  facet normal -0.297072 -0.382004 0.875112
    outer loop
      vertex 2.69799 -0.4 5.0747
      vertex 3.37835 -0.4 5.30566
      vertex 2.6674 -0.207055 5.14854
    endloop
  endfacet
  facet normal -0.297063 -0.381949 0.875139
    outer loop
      vertex 3.37835 -0.4 5.30566
      vertex 3.35767 -0.207055 5.38285
      vertex 2.6674 -0.207055 5.14854
    endloop
  endfacet
  facet normal -0.255215 -0.607917 0.751866
    outer loop
      vertex 2.74664 -0.565685 4.95725
      vertex 3.41126 -0.565685 5.18285
      vertex 2.69799 -0.4 5.0747
    endloop
  endfacet
  facet normal -0.25522 -0.607966 0.751825
    outer loop
      vertex 3.41126 -0.565685 5.18285
      vertex 3.37835 -0.4 5.30566
      vertex 2.69799 -0.4 5.0747
    endloop
  endfacet
  facet normal -0.195939 -0.792736 0.577215
    outer loop
      vertex 2.81005 -0.69282 4.80417
      vertex 3.45414 -0.69282 5.02281
      vertex 2.74664 -0.565685 4.95725
    endloop
  endfacet
  facet normal -0.195938 -0.792721 0.577236
    outer loop
      vertex 3.45414 -0.69282 5.02281
      vertex 3.41126 -0.565685 5.18285
      vertex 2.74664 -0.565685 4.95725
    endloop
  endfacet
  facet normal -0.123236 -0.923581 0.363058
    outer loop
      vertex 2.88388 -0.772741 4.62592
      vertex 3.50408 -0.772741 4.83644
      vertex 2.81005 -0.69282 4.80417
    endloop
  endfacet
  facet normal -0.123236 -0.923588 0.36304
    outer loop
      vertex 3.50408 -0.772741 4.83644
      vertex 3.45414 -0.69282 5.02281
      vertex 2.81005 -0.69282 4.80417
    endloop
  endfacet
  facet normal -0.0420424 -0.991409 0.123855
    outer loop
      vertex 2.96312 -0.8 4.43462
      vertex 3.55767 -0.8 4.63644
      vertex 2.88388 -0.772741 4.62592
    endloop
  endfacet
  facet normal -0.0420425 -0.991409 0.123859
    outer loop
      vertex 3.55767 -0.8 4.63644
      vertex 3.50408 -0.772741 4.83644
      vertex 2.88388 -0.772741 4.62592
    endloop
  endfacet
  facet normal 0.0420437 -0.991409 -0.12386
    outer loop
      vertex 3.04236 -0.772741 4.24333
      vertex 3.61126 -0.772741 4.43644
      vertex 2.96312 -0.8 4.43462
    endloop
  endfacet
  facet normal 0.0420437 -0.991409 -0.123858
    outer loop
      vertex 3.61126 -0.772741 4.43644
      vertex 3.55767 -0.8 4.63644
      vertex 2.96312 -0.8 4.43462
    endloop
  endfacet
  facet normal 0.123232 -0.923588 -0.363042
    outer loop
      vertex 3.11619 -0.69282 4.06507
      vertex 3.6612 -0.69282 4.25007
      vertex 3.04236 -0.772741 4.24333
    endloop
  endfacet
  facet normal 0.123232 -0.923588 -0.363041
    outer loop
      vertex 3.6612 -0.69282 4.25007
      vertex 3.61126 -0.772741 4.43644
      vertex 3.04236 -0.772741 4.24333
    endloop
  endfacet
  facet normal 0.195938 -0.792719 -0.577239
    outer loop
      vertex 3.1796 -0.565685 3.912
      vertex 3.70408 -0.565685 4.09003
      vertex 3.11619 -0.69282 4.06507
    endloop
  endfacet
  facet normal 0.195939 -0.792721 -0.577236
    outer loop
      vertex 3.70408 -0.565685 4.09003
      vertex 3.6612 -0.69282 4.25007
      vertex 3.11619 -0.69282 4.06507
    endloop
  endfacet
  facet normal 0.255215 -0.607946 -0.751842
    outer loop
      vertex 3.22825 -0.4 3.79454
      vertex 3.73698 -0.4 3.96723
      vertex 3.1796 -0.565685 3.912
    endloop
  endfacet
  facet normal 0.255211 -0.607928 -0.751858
    outer loop
      vertex 3.73698 -0.4 3.96723
      vertex 3.70408 -0.565685 4.09003
      vertex 3.1796 -0.565685 3.912
    endloop
  endfacet
  facet normal 0.297058 -0.38199 -0.875123
    outer loop
      vertex 3.25883 -0.207055 3.7207
      vertex 3.75767 -0.207055 3.89003
      vertex 3.22825 -0.4 3.79454
    endloop
  endfacet
  facet normal 0.297061 -0.382001 -0.875117
    outer loop
      vertex 3.75767 -0.207055 3.89003
      vertex 3.73698 -0.4 3.96723
      vertex 3.22825 -0.4 3.79454
    endloop
  endfacet
  facet normal 0.318697 -0.130245 -0.938866
    outer loop
      vertex 3.26927 0 3.69552
      vertex 3.76472 0 3.8637
      vertex 3.25883 -0.207055 3.7207
    endloop
  endfacet
  facet normal 0.318696 -0.130242 -0.938866
    outer loop
      vertex 3.76472 0 3.8637
      vertex 3.75767 -0.207055 3.89003
      vertex 3.25883 -0.207055 3.7207
    endloop
  endfacet
  facet normal 0.318696 0.130245 -0.938866
    outer loop
      vertex 3.25883 0.207055 3.7207
      vertex 3.75767 0.207055 3.89003
      vertex 3.26927 0 3.69552
    endloop
  endfacet
  facet normal 0.318697 0.130242 -0.938866
    outer loop
      vertex 3.75767 0.207055 3.89003
      vertex 3.76472 0 3.8637
      vertex 3.26927 0 3.69552
    endloop
  endfacet
  facet normal 0.297063 0.38199 -0.875121
    outer loop
      vertex 3.22825 0.4 3.79454
      vertex 3.73698 0.4 3.96723
      vertex 3.25883 0.207055 3.7207
    endloop
  endfacet
  facet normal 0.297057 0.382001 -0.875118
    outer loop
      vertex 3.73698 0.4 3.96723
      vertex 3.75767 0.207055 3.89003
      vertex 3.25883 0.207055 3.7207
    endloop
  endfacet
  facet normal 0.255207 0.607946 -0.751845
    outer loop
      vertex 3.1796 0.565685 3.912
      vertex 3.70408 0.565685 4.09003
      vertex 3.22825 0.4 3.79454
    endloop
  endfacet
  facet normal 0.25522 0.607928 -0.751855
    outer loop
      vertex 3.70408 0.565685 4.09003
      vertex 3.73698 0.4 3.96723
      vertex 3.22825 0.4 3.79454
    endloop
  endfacet
  facet normal 0.19594 0.792719 -0.577238
    outer loop
      vertex 3.11619 0.69282 4.06507
      vertex 3.6612 0.69282 4.25007
      vertex 3.1796 0.565685 3.912
    endloop
  endfacet
  facet normal 0.195938 0.792721 -0.577236
    outer loop
      vertex 3.6612 0.69282 4.25007
      vertex 3.70408 0.565685 4.09003
      vertex 3.1796 0.565685 3.912
    endloop
  endfacet
  facet normal 0.123233 0.923588 -0.363042
    outer loop
      vertex 3.04236 0.772741 4.24333
      vertex 3.61126 0.772741 4.43644
      vertex 3.11619 0.69282 4.06507
    endloop
  endfacet
  facet normal 0.123232 0.923588 -0.363041
    outer loop
      vertex 3.61126 0.772741 4.43644
      vertex 3.6612 0.69282 4.25007
      vertex 3.11619 0.69282 4.06507
    endloop
  endfacet
  facet normal 0.0420443 0.991409 -0.12386
    outer loop
      vertex 2.96312 0.8 4.43462
      vertex 3.55767 0.8 4.63644
      vertex 3.04236 0.772741 4.24333
    endloop
  endfacet
  facet normal 0.0420431 0.991409 -0.123859
    outer loop
      vertex 3.55767 0.8 4.63644
      vertex 3.61126 0.772741 4.43644
      vertex 3.04236 0.772741 4.24333
    endloop
  endfacet
  facet normal -0.0420412 0.991409 0.123855
    outer loop
      vertex 2.88388 0.772741 4.62592
      vertex 3.50408 0.772741 4.83644
      vertex 2.96312 0.8 4.43462
    endloop
  endfacet
  facet normal -0.0420437 0.991409 0.123858
    outer loop
      vertex 3.50408 0.772741 4.83644
      vertex 3.55767 0.8 4.63644
      vertex 2.96312 0.8 4.43462
    endloop
  endfacet
  facet normal -0.123241 0.923581 0.363055
    outer loop
      vertex 2.81005 0.69282 4.80417
      vertex 3.45414 0.69282 5.02281
      vertex 2.88388 0.772741 4.62592
    endloop
  endfacet
  facet normal -0.12323 0.923588 0.363041
    outer loop
      vertex 3.45414 0.69282 5.02281
      vertex 3.50408 0.772741 4.83644
      vertex 2.88388 0.772741 4.62592
    endloop
  endfacet
  facet normal -0.195932 0.792736 0.577218
    outer loop
      vertex 2.74664 0.565685 4.95725
      vertex 3.41126 0.565685 5.18285
      vertex 2.81005 0.69282 4.80417
    endloop
  endfacet
  facet normal -0.195945 0.792721 0.577234
    outer loop
      vertex 3.41126 0.565685 5.18285
      vertex 3.45414 0.69282 5.02281
      vertex 2.81005 0.69282 4.80417
    endloop
  endfacet
  facet normal -0.255232 0.607918 0.751859
    outer loop
      vertex 2.69799 0.4 5.0747
      vertex 3.37835 0.4 5.30566
      vertex 2.74664 0.565685 4.95725
    endloop
  endfacet
  facet normal -0.255203 0.607967 0.75183
    outer loop
      vertex 3.37835 0.4 5.30566
      vertex 3.41126 0.565685 5.18285
      vertex 2.74664 0.565685 4.95725
    endloop
  endfacet
  facet normal -0.297056 0.382003 0.875118
    outer loop
      vertex 2.6674 0.207055 5.14854
      vertex 3.35767 0.207055 5.38285
      vertex 2.69799 0.4 5.0747
    endloop
  endfacet
  facet normal -0.297079 0.381949 0.875134
    outer loop
      vertex 3.35767 0.207055 5.38285
      vertex 3.37835 0.4 5.30566
      vertex 2.69799 0.4 5.0747
    endloop
  endfacet
  facet normal -0.318689 0.130274 0.938864
    outer loop
      vertex 2.65697 0 5.17373
      vertex 3.35061 0 5.40918
      vertex 2.6674 0.207055 5.14854
    endloop
  endfacet
  facet normal -0.318695 0.130257 0.938865
    outer loop
      vertex 3.35061 0 5.40918
      vertex 3.35767 0.207055 5.38285
      vertex 2.6674 0.207055 5.14854
    endloop
  endfacet
  facet normal -0.193428 -0.130254 0.97243
    outer loop
      vertex 3.35767 -0.207055 5.38285
      vertex 4.07261 -0.207055 5.52506
      vertex 3.35061 0 5.40918
    endloop
  endfacet
  facet normal -0.193432 -0.130271 0.972427
    outer loop
      vertex 4.07261 -0.207055 5.52506
      vertex 4.06905 0 5.55209
      vertex 3.35061 0 5.40918
    endloop
  endfacet
  facet normal -0.180297 -0.381951 0.906425
    outer loop
      vertex 3.37835 -0.4 5.30566
      vertex 4.08304 -0.4 5.44583
      vertex 3.35767 -0.207055 5.38285
    endloop
  endfacet
  facet normal -0.180298 -0.381955 0.906423
    outer loop
      vertex 4.08304 -0.4 5.44583
      vertex 4.07261 -0.207055 5.52506
      vertex 3.35767 -0.207055 5.38285
    endloop
  endfacet
  facet normal -0.154898 -0.607965 0.778707
    outer loop
      vertex 3.41126 -0.565685 5.18285
      vertex 4.09964 -0.565685 5.31978
      vertex 3.37835 -0.4 5.30566
    endloop
  endfacet
  facet normal -0.154895 -0.607953 0.778718
    outer loop
      vertex 4.09964 -0.565685 5.31978
      vertex 4.08304 -0.4 5.44583
      vertex 3.37835 -0.4 5.30566
    endloop
  endfacet
  facet normal -0.118925 -0.792722 0.59787
    outer loop
      vertex 3.45414 -0.69282 5.02281
      vertex 4.12126 -0.69282 5.15551
      vertex 3.41126 -0.565685 5.18285
    endloop
  endfacet
  facet normal -0.118926 -0.792724 0.597868
    outer loop
      vertex 4.12126 -0.69282 5.15551
      vertex 4.09964 -0.565685 5.31978
      vertex 3.41126 -0.565685 5.18285
    endloop
  endfacet
  facet normal -0.0747976 -0.923588 0.376019
    outer loop
      vertex 3.50408 -0.772741 4.83644
      vertex 4.14645 -0.772741 4.96422
      vertex 3.45414 -0.69282 5.02281
    endloop
  endfacet
  facet normal -0.0747969 -0.923586 0.376025
    outer loop
      vertex 4.14645 -0.772741 4.96422
      vertex 4.12126 -0.69282 5.15551
      vertex 3.45414 -0.69282 5.02281
    endloop
  endfacet
  facet normal -0.0255197 -0.991409 0.128286
    outer loop
      vertex 3.55767 -0.8 4.63644
      vertex 4.17347 -0.8 4.75894
      vertex 3.50408 -0.772741 4.83644
    endloop
  endfacet
  facet normal -0.0255193 -0.991408 0.12829
    outer loop
      vertex 4.17347 -0.8 4.75894
      vertex 4.14645 -0.772741 4.96422
      vertex 3.50408 -0.772741 4.83644
    endloop
  endfacet
  facet normal 0.0255184 -0.991409 -0.128286
    outer loop
      vertex 3.61126 -0.772741 4.43644
      vertex 4.2005 -0.772741 4.55365
      vertex 3.55767 -0.8 4.63644
    endloop
  endfacet
  facet normal 0.0255189 -0.991409 -0.128282
    outer loop
      vertex 4.2005 -0.772741 4.55365
      vertex 4.17347 -0.8 4.75894
      vertex 3.55767 -0.8 4.63644
    endloop
  endfacet
  facet normal 0.0748 -0.923588 -0.376019
    outer loop
      vertex 3.6612 -0.69282 4.25007
      vertex 4.22568 -0.69282 4.36236
      vertex 3.61126 -0.772741 4.43644
    endloop
  endfacet
  facet normal 0.0747984 -0.923584 -0.376028
    outer loop
      vertex 4.22568 -0.69282 4.36236
      vertex 4.2005 -0.772741 4.55365
      vertex 3.61126 -0.772741 4.43644
    endloop
  endfacet
  facet normal 0.118929 -0.792722 -0.597869
    outer loop
      vertex 3.70408 -0.565685 4.09003
      vertex 4.24731 -0.565685 4.19809
      vertex 3.6612 -0.69282 4.25007
    endloop
  endfacet
  facet normal 0.118931 -0.792727 -0.597862
    outer loop
      vertex 4.24731 -0.565685 4.19809
      vertex 4.22568 -0.69282 4.36236
      vertex 3.6612 -0.69282 4.25007
    endloop
  endfacet
  facet normal 0.154896 -0.607929 -0.778736
    outer loop
      vertex 3.73698 -0.4 3.96723
      vertex 4.26391 -0.4 4.07204
      vertex 3.70408 -0.565685 4.09003
    endloop
  endfacet
  facet normal 0.154903 -0.607952 -0.778716
    outer loop
      vertex 4.26391 -0.4 4.07204
      vertex 4.24731 -0.565685 4.19809
      vertex 3.70408 -0.565685 4.09003
    endloop
  endfacet
  facet normal 0.180309 -0.381999 -0.906402
    outer loop
      vertex 3.75767 -0.207055 3.89003
      vertex 4.27434 -0.207055 3.99281
      vertex 3.73698 -0.4 3.96723
    endloop
  endfacet
  facet normal 0.180294 -0.381956 -0.906424
    outer loop
      vertex 4.27434 -0.207055 3.99281
      vertex 4.26391 -0.4 4.07204
      vertex 3.73698 -0.4 3.96723
    endloop
  endfacet
  facet normal 0.193432 -0.130245 -0.97243
    outer loop
      vertex 3.76472 0 3.8637
      vertex 4.2779 0 3.96578
      vertex 3.75767 -0.207055 3.89003
    endloop
  endfacet
  facet normal 0.193442 -0.130271 -0.972425
    outer loop
      vertex 4.2779 0 3.96578
      vertex 4.27434 -0.207055 3.99281
      vertex 3.75767 -0.207055 3.89003
    endloop
  endfacet
  facet normal 0.193443 0.130245 -0.972428
    outer loop
      vertex 3.75767 0.207055 3.89003
      vertex 4.27434 0.207055 3.99281
      vertex 3.76472 0 3.8637
    endloop
  endfacet
  facet normal 0.193432 0.130271 -0.972427
    outer loop
      vertex 4.27434 0.207055 3.99281
      vertex 4.2779 0 3.96578
      vertex 3.76472 0 3.8637
    endloop
  endfacet
  facet normal 0.18029 0.381999 -0.906406
    outer loop
      vertex 3.73698 0.4 3.96723
      vertex 4.26391 0.4 4.07204
      vertex 3.75767 0.207055 3.89003
    endloop
  endfacet
  facet normal 0.180312 0.381955 -0.90642
    outer loop
      vertex 4.26391 0.4 4.07204
      vertex 4.27434 0.207055 3.99281
      vertex 3.75767 0.207055 3.89003
    endloop
  endfacet
  facet normal 0.154907 0.60793 -0.778733
    outer loop
      vertex 3.70408 0.565685 4.09003
      vertex 4.24731 0.565685 4.19809
      vertex 3.73698 0.4 3.96723
    endloop
  endfacet
  facet normal 0.154892 0.607953 -0.778718
    outer loop
      vertex 4.24731 0.565685 4.19809
      vertex 4.26391 0.4 4.07204
      vertex 3.73698 0.4 3.96723
    endloop
  endfacet
  facet normal 0.118932 0.792722 -0.597869
    outer loop
      vertex 3.6612 0.69282 4.25007
      vertex 4.22568 0.69282 4.36236
      vertex 3.70408 0.565685 4.09003
    endloop
  endfacet
  facet normal 0.118928 0.792727 -0.597863
    outer loop
      vertex 4.22568 0.69282 4.36236
      vertex 4.24731 0.565685 4.19809
      vertex 3.70408 0.565685 4.09003
    endloop
  endfacet
  facet normal 0.0747967 0.923588 -0.376019
    outer loop
      vertex 3.61126 0.772741 4.43644
      vertex 4.2005 0.772741 4.55365
      vertex 3.6612 0.69282 4.25007
    endloop
  endfacet
  facet normal 0.0748018 0.923584 -0.376027
    outer loop
      vertex 4.2005 0.772741 4.55365
      vertex 4.22568 0.69282 4.36236
      vertex 3.6612 0.69282 4.25007
    endloop
  endfacet
  facet normal 0.0255197 0.991409 -0.128286
    outer loop
      vertex 3.55767 0.8 4.63644
      vertex 4.17347 0.8 4.75894
      vertex 3.61126 0.772741 4.43644
    endloop
  endfacet
  facet normal 0.0255176 0.991409 -0.128282
    outer loop
      vertex 4.17347 0.8 4.75894
      vertex 4.2005 0.772741 4.55365
      vertex 3.61126 0.772741 4.43644
    endloop
  endfacet
  facet normal -0.0255187 0.991409 0.128286
    outer loop
      vertex 3.50408 0.772741 4.83644
      vertex 4.14645 0.772741 4.96422
      vertex 3.55767 0.8 4.63644
    endloop
  endfacet
  facet normal -0.0255204 0.991408 0.128289
    outer loop
      vertex 4.14645 0.772741 4.96422
      vertex 4.17347 0.8 4.75894
      vertex 3.55767 0.8 4.63644
    endloop
  endfacet
  facet normal -0.0747958 0.923588 0.37602
    outer loop
      vertex 3.45414 0.69282 5.02281
      vertex 4.12126 0.69282 5.15551
      vertex 3.50408 0.772741 4.83644
    endloop
  endfacet
  facet normal -0.0747986 0.923586 0.376024
    outer loop
      vertex 4.12126 0.69282 5.15551
      vertex 4.14645 0.772741 4.96422
      vertex 3.50408 0.772741 4.83644
    endloop
  endfacet
  facet normal -0.118926 0.792722 0.59787
    outer loop
      vertex 3.41126 0.565685 5.18285
      vertex 4.09964 0.565685 5.31978
      vertex 3.45414 0.69282 5.02281
    endloop
  endfacet
  facet normal -0.118925 0.792724 0.597868
    outer loop
      vertex 4.09964 0.565685 5.31978
      vertex 4.12126 0.69282 5.15551
      vertex 3.45414 0.69282 5.02281
    endloop
  endfacet
  facet normal -0.154893 0.607965 0.778708
    outer loop
      vertex 3.37835 0.4 5.30566
      vertex 4.08304 0.4 5.44583
      vertex 3.41126 0.565685 5.18285
    endloop
  endfacet
  facet normal -0.154899 0.607952 0.778717
    outer loop
      vertex 4.08304 0.4 5.44583
      vertex 4.09964 0.565685 5.31978
      vertex 3.41126 0.565685 5.18285
    endloop
  endfacet
  facet normal -0.180299 0.381951 0.906425
    outer loop
      vertex 3.35767 0.207055 5.38285
      vertex 4.07261 0.207055 5.52506
      vertex 3.37835 0.4 5.30566
    endloop
  endfacet
  facet normal -0.180297 0.381956 0.906423
    outer loop
      vertex 4.07261 0.207055 5.52506
      vertex 4.08304 0.4 5.44583
      vertex 3.37835 0.4 5.30566
    endloop
  endfacet
  facet normal -0.193433 0.130254 0.972429
    outer loop
      vertex 3.35061 0 5.40918
      vertex 4.06905 0 5.55209
      vertex 3.35767 0.207055 5.38285
    endloop
  endfacet
  facet normal -0.193427 0.130271 0.972428
    outer loop
      vertex 4.06905 0 5.55209
      vertex 4.07261 0.207055 5.52506
      vertex 3.35767 0.207055 5.38285
    endloop
  endfacet
  facet normal -0.0648517 -0.13027 0.989355
    outer loop
      vertex 4.07261 -0.207055 5.52506
      vertex 4.8 -0.207055 5.57274
      vertex 4.06905 0 5.55209
    endloop
  endfacet
  facet normal -0.0648473 -0.130255 0.989358
    outer loop
      vertex 4.8 -0.207055 5.57274
      vertex 4.8 0 5.6
      vertex 4.06905 0 5.55209
    endloop
  endfacet
  facet normal -0.0604417 -0.381956 0.922202
    outer loop
      vertex 4.08304 -0.4 5.44583
      vertex 4.8 -0.4 5.49282
      vertex 4.07261 -0.207055 5.52506
    endloop
  endfacet
  facet normal -0.0604491 -0.381982 0.922191
    outer loop
      vertex 4.8 -0.4 5.49282
      vertex 4.8 -0.207055 5.57274
      vertex 4.07261 -0.207055 5.52506
    endloop
  endfacet
  facet normal -0.0519352 -0.607951 0.792274
    outer loop
      vertex 4.09964 -0.565685 5.31978
      vertex 4.8 -0.565685 5.36569
      vertex 4.08304 -0.4 5.44583
    endloop
  endfacet
  facet normal -0.0519274 -0.607926 0.792294
    outer loop
      vertex 4.8 -0.565685 5.36569
      vertex 4.8 -0.4 5.49282
      vertex 4.08304 -0.4 5.44583
    endloop
  endfacet
  facet normal -0.0398711 -0.792725 0.608274
    outer loop
      vertex 4.12126 -0.69282 5.15551
      vertex 4.8 -0.69282 5.2
      vertex 4.09964 -0.565685 5.31978
    endloop
  endfacet
  facet normal -0.0398731 -0.79273 0.608267
    outer loop
      vertex 4.8 -0.69282 5.2
      vertex 4.8 -0.565685 5.36569
      vertex 4.09964 -0.565685 5.31978
    endloop
  endfacet
  facet normal -0.0250775 -0.923585 0.382572
    outer loop
      vertex 4.14645 -0.772741 4.96422
      vertex 4.8 -0.772741 5.00706
      vertex 4.12126 -0.69282 5.15551
    endloop
  endfacet
  facet normal -0.0250769 -0.923585 0.382574
    outer loop
      vertex 4.8 -0.772741 5.00706
      vertex 4.8 -0.69282 5.2
      vertex 4.12126 -0.69282 5.15551
    endloop
  endfacet
  facet normal -0.00855387 -0.991408 0.130523
    outer loop
      vertex 4.17347 -0.8 4.75894
      vertex 4.8 -0.8 4.8
      vertex 4.14645 -0.772741 4.96422
    endloop
  endfacet
  facet normal -0.00855534 -0.991409 0.130517
    outer loop
      vertex 4.8 -0.8 4.8
      vertex 4.8 -0.772741 5.00706
      vertex 4.14645 -0.772741 4.96422
    endloop
  endfacet
  facet normal 0.00855375 -0.991409 -0.130516
    outer loop
      vertex 4.2005 -0.772741 4.55365
      vertex 4.8 -0.772741 4.59294
      vertex 4.17347 -0.8 4.75894
    endloop
  endfacet
  facet normal 0.0085535 -0.991409 -0.130517
    outer loop
      vertex 4.8 -0.772741 4.59294
      vertex 4.8 -0.8 4.8
      vertex 4.17347 -0.8 4.75894
    endloop
  endfacet
  facet normal 0.0250732 -0.923585 -0.382573
    outer loop
      vertex 4.22568 -0.69282 4.36236
      vertex 4.8 -0.69282 4.4
      vertex 4.2005 -0.772741 4.55365
    endloop
  endfacet
  facet normal 0.0250731 -0.923585 -0.382574
    outer loop
      vertex 4.8 -0.69282 4.4
      vertex 4.8 -0.772741 4.59294
      vertex 4.2005 -0.772741 4.55365
    endloop
  endfacet
  facet normal 0.0398626 -0.792726 -0.608273
    outer loop
      vertex 4.24731 -0.565685 4.19809
      vertex 4.8 -0.565685 4.23431
      vertex 4.22568 -0.69282 4.36236
    endloop
  endfacet
  facet normal 0.0398648 -0.792731 -0.608267
    outer loop
      vertex 4.8 -0.565685 4.23431
      vertex 4.8 -0.69282 4.4
      vertex 4.22568 -0.69282 4.36236
    endloop
  endfacet
  facet normal 0.0519326 -0.607951 -0.792275
    outer loop
      vertex 4.26391 -0.4 4.07204
      vertex 4.8 -0.4 4.10718
      vertex 4.24731 -0.565685 4.19809
    endloop
  endfacet
  facet normal 0.0519222 -0.607927 -0.792294
    outer loop
      vertex 4.8 -0.4 4.10718
      vertex 4.8 -0.565685 4.23431
      vertex 4.24731 -0.565685 4.19809
    endloop
  endfacet
  facet normal 0.0604381 -0.381956 -0.922202
    outer loop
      vertex 4.27434 -0.207055 3.99281
      vertex 4.8 -0.207055 4.02726
      vertex 4.26391 -0.4 4.07204
    endloop
  endfacet
  facet normal 0.0604484 -0.381982 -0.922191
    outer loop
      vertex 4.8 -0.207055 4.02726
      vertex 4.8 -0.4 4.10718
      vertex 4.26391 -0.4 4.07204
    endloop
  endfacet
  facet normal 0.0648453 -0.13027 -0.989356
    outer loop
      vertex 4.2779 0 3.96578
      vertex 4.8 0 4
      vertex 4.27434 -0.207055 3.99281
    endloop
  endfacet
  facet normal 0.0648392 -0.130255 -0.989358
    outer loop
      vertex 4.8 0 4
      vertex 4.8 -0.207055 4.02726
      vertex 4.27434 -0.207055 3.99281
    endloop
  endfacet
  facet normal 0.0648391 0.13027 -0.989356
    outer loop
      vertex 4.27434 0.207055 3.99281
      vertex 4.8 0.207055 4.02726
      vertex 4.2779 0 3.96578
    endloop
  endfacet
  facet normal 0.0648455 0.130255 -0.989358
    outer loop
      vertex 4.8 0.207055 4.02726
      vertex 4.8 0 4
      vertex 4.2779 0 3.96578
    endloop
  endfacet
  facet normal 0.0604491 0.381956 -0.922201
    outer loop
      vertex 4.26391 0.4 4.07204
      vertex 4.8 0.4 4.10718
      vertex 4.27434 0.207055 3.99281
    endloop
  endfacet
  facet normal 0.0604373 0.381982 -0.922191
    outer loop
      vertex 4.8 0.4 4.10718
      vertex 4.8 0.207055 4.02726
      vertex 4.27434 0.207055 3.99281
    endloop
  endfacet
  facet normal 0.051921 0.60795 -0.792276
    outer loop
      vertex 4.24731 0.565685 4.19809
      vertex 4.8 0.565685 4.23431
      vertex 4.26391 0.4 4.07204
    endloop
  endfacet
  facet normal 0.0519338 0.607926 -0.792293
    outer loop
      vertex 4.8 0.565685 4.23431
      vertex 4.8 0.4 4.10718
      vertex 4.26391 0.4 4.07204
    endloop
  endfacet
  facet normal 0.0398652 0.792726 -0.608273
    outer loop
      vertex 4.22568 0.69282 4.36236
      vertex 4.8 0.69282 4.4
      vertex 4.24731 0.565685 4.19809
    endloop
  endfacet
  facet normal 0.0398622 0.792731 -0.608267
    outer loop
      vertex 4.8 0.69282 4.4
      vertex 4.8 0.565685 4.23431
      vertex 4.24731 0.565685 4.19809
    endloop
  endfacet
  facet normal 0.0250731 0.923585 -0.382573
    outer loop
      vertex 4.2005 0.772741 4.55365
      vertex 4.8 0.772741 4.59294
      vertex 4.22568 0.69282 4.36236
    endloop
  endfacet
  facet normal 0.0250733 0.923585 -0.382574
    outer loop
      vertex 4.8 0.772741 4.59294
      vertex 4.8 0.69282 4.4
      vertex 4.22568 0.69282 4.36236
    endloop
  endfacet
  facet normal 0.00855344 0.991409 -0.130516
    outer loop
      vertex 4.17347 0.8 4.75894
      vertex 4.8 0.8 4.8
      vertex 4.2005 0.772741 4.55365
    endloop
  endfacet
  facet normal 0.00855381 0.991409 -0.130517
    outer loop
      vertex 4.8 0.8 4.8
      vertex 4.8 0.772741 4.59294
      vertex 4.2005 0.772741 4.55365
    endloop
  endfacet
  facet normal -0.0085557 0.991408 0.130522
    outer loop
      vertex 4.14645 0.772741 4.96422
      vertex 4.8 0.772741 5.00706
      vertex 4.17347 0.8 4.75894
    endloop
  endfacet
  facet normal -0.0085535 0.991409 0.130517
    outer loop
      vertex 4.8 0.772741 5.00706
      vertex 4.8 0.8 4.8
      vertex 4.17347 0.8 4.75894
    endloop
  endfacet
  facet normal -0.0250768 0.923585 0.382572
    outer loop
      vertex 4.12126 0.69282 5.15551
      vertex 4.8 0.69282 5.2
      vertex 4.14645 0.772741 4.96422
    endloop
  endfacet
  facet normal -0.0250776 0.923585 0.382574
    outer loop
      vertex 4.8 0.69282 5.2
      vertex 4.8 0.772741 5.00706
      vertex 4.14645 0.772741 4.96422
    endloop
  endfacet
  facet normal -0.0398735 0.792725 0.608273
    outer loop
      vertex 4.09964 0.565685 5.31978
      vertex 4.8 0.565685 5.36569
      vertex 4.12126 0.69282 5.15551
    endloop
  endfacet
  facet normal -0.0398706 0.79273 0.608267
    outer loop
      vertex 4.8 0.565685 5.36569
      vertex 4.8 0.69282 5.2
      vertex 4.12126 0.69282 5.15551
    endloop
  endfacet
  facet normal -0.0519262 0.60795 0.792275
    outer loop
      vertex 4.08304 0.4 5.44583
      vertex 4.8 0.4 5.49282
      vertex 4.09964 0.565685 5.31978
    endloop
  endfacet
  facet normal -0.0519364 0.607926 0.792293
    outer loop
      vertex 4.8 0.4 5.49282
      vertex 4.8 0.565685 5.36569
      vertex 4.09964 0.565685 5.31978
    endloop
  endfacet
  facet normal -0.0604498 0.381956 0.922201
    outer loop
      vertex 4.07261 0.207055 5.52506
      vertex 4.8 0.207055 5.57274
      vertex 4.08304 0.4 5.44583
    endloop
  endfacet
  facet normal -0.060441 0.381982 0.922191
    outer loop
      vertex 4.8 0.207055 5.57274
      vertex 4.8 0.4 5.49282
      vertex 4.08304 0.4 5.44583
    endloop
  endfacet
  facet normal -0.0648472 0.13027 0.989356
    outer loop
      vertex 4.06905 0 5.55209
      vertex 4.8 0 5.6
      vertex 4.07261 0.207055 5.52506
    endloop
  endfacet
  facet normal -0.0648518 0.130255 0.989357
    outer loop
      vertex 4.8 0 5.6
      vertex 4.8 0.207055 5.57274
      vertex 4.07261 0.207055 5.52506
    endloop
  endfacet
  facet normal 0.0648518 -0.130255 0.989357
    outer loop
      vertex 4.8 -0.207055 5.57274
      vertex 5.52739 -0.207055 5.52506
      vertex 4.8 0 5.6
    endloop
  endfacet
  facet normal 0.0648472 -0.13027 0.989356
    outer loop
      vertex 5.52739 -0.207055 5.52506
      vertex 5.53095 0 5.55209
      vertex 4.8 0 5.6
    endloop
  endfacet
  facet normal 0.060441 -0.381982 0.922191
    outer loop
      vertex 4.8 -0.4 5.49282
      vertex 5.51696 -0.4 5.44583
      vertex 4.8 -0.207055 5.57274
    endloop
  endfacet
  facet normal 0.0604498 -0.381956 0.922201
    outer loop
      vertex 5.51696 -0.4 5.44583
      vertex 5.52739 -0.207055 5.52506
      vertex 4.8 -0.207055 5.57274
    endloop
  endfacet
  facet normal 0.0519364 -0.607926 0.792293
    outer loop
      vertex 4.8 -0.565685 5.36569
      vertex 5.50036 -0.565685 5.31978
      vertex 4.8 -0.4 5.49282
    endloop
  endfacet
  facet normal 0.0519262 -0.60795 0.792275
    outer loop
      vertex 5.50036 -0.565685 5.31978
      vertex 5.51696 -0.4 5.44583
      vertex 4.8 -0.4 5.49282
    endloop
  endfacet
  facet normal 0.0398706 -0.79273 0.608267
    outer loop
      vertex 4.8 -0.69282 5.2
      vertex 5.47874 -0.69282 5.15551
      vertex 4.8 -0.565685 5.36569
    endloop
  endfacet
  facet normal 0.0398735 -0.792725 0.608273
    outer loop
      vertex 5.47874 -0.69282 5.15551
      vertex 5.50036 -0.565685 5.31978
      vertex 4.8 -0.565685 5.36569
    endloop
  endfacet
  facet normal 0.0250776 -0.923585 0.382574
    outer loop
      vertex 4.8 -0.772741 5.00706
      vertex 5.45355 -0.772741 4.96422
      vertex 4.8 -0.69282 5.2
    endloop
  endfacet
  facet normal 0.0250768 -0.923585 0.382572
    outer loop
      vertex 5.45355 -0.772741 4.96422
      vertex 5.47874 -0.69282 5.15551
      vertex 4.8 -0.69282 5.2
    endloop
  endfacet
  facet normal 0.0085535 -0.991409 0.130517
    outer loop
      vertex 4.8 -0.8 4.8
      vertex 5.42653 -0.8 4.75894
      vertex 4.8 -0.772741 5.00706
    endloop
  endfacet
  facet normal 0.0085557 -0.991408 0.130522
    outer loop
      vertex 5.42653 -0.8 4.75894
      vertex 5.45355 -0.772741 4.96422
      vertex 4.8 -0.772741 5.00706
    endloop
  endfacet
  facet normal -0.00855381 -0.991409 -0.130517
    outer loop
      vertex 4.8 -0.772741 4.59294
      vertex 5.3995 -0.772741 4.55365
      vertex 4.8 -0.8 4.8
    endloop
  endfacet
  facet normal -0.00855344 -0.991409 -0.130516
    outer loop
      vertex 5.3995 -0.772741 4.55365
      vertex 5.42653 -0.8 4.75894
      vertex 4.8 -0.8 4.8
    endloop
  endfacet
  facet normal -0.0250733 -0.923585 -0.382574
    outer loop
      vertex 4.8 -0.69282 4.4
      vertex 5.37432 -0.69282 4.36236
      vertex 4.8 -0.772741 4.59294
    endloop
  endfacet
  facet normal -0.0250731 -0.923585 -0.382573
    outer loop
      vertex 5.37432 -0.69282 4.36236
      vertex 5.3995 -0.772741 4.55365
      vertex 4.8 -0.772741 4.59294
    endloop
  endfacet
  facet normal -0.0398622 -0.792731 -0.608267
    outer loop
      vertex 4.8 -0.565685 4.23431
      vertex 5.35269 -0.565685 4.19809
      vertex 4.8 -0.69282 4.4
    endloop
  endfacet
  facet normal -0.0398652 -0.792726 -0.608273
    outer loop
      vertex 5.35269 -0.565685 4.19809
      vertex 5.37432 -0.69282 4.36236
      vertex 4.8 -0.69282 4.4
    endloop
  endfacet
  facet normal -0.0519338 -0.607926 -0.792293
    outer loop
      vertex 4.8 -0.4 4.10718
      vertex 5.33609 -0.4 4.07204
      vertex 4.8 -0.565685 4.23431
    endloop
  endfacet
  facet normal -0.051921 -0.60795 -0.792276
    outer loop
      vertex 5.33609 -0.4 4.07204
      vertex 5.35269 -0.565685 4.19809
      vertex 4.8 -0.565685 4.23431
    endloop
  endfacet
  facet normal -0.0604373 -0.381982 -0.922191
    outer loop
      vertex 4.8 -0.207055 4.02726
      vertex 5.32566 -0.207055 3.99281
      vertex 4.8 -0.4 4.10718
    endloop
  endfacet
  facet normal -0.0604491 -0.381956 -0.922201
    outer loop
      vertex 5.32566 -0.207055 3.99281
      vertex 5.33609 -0.4 4.07204
      vertex 4.8 -0.4 4.10718
    endloop
  endfacet
  facet normal -0.0648455 -0.130255 -0.989358
    outer loop
      vertex 4.8 0 4
      vertex 5.3221 0 3.96578
      vertex 4.8 -0.207055 4.02726
    endloop
  endfacet
  facet normal -0.0648391 -0.13027 -0.989356
    outer loop
      vertex 5.3221 0 3.96578
      vertex 5.32566 -0.207055 3.99281
      vertex 4.8 -0.207055 4.02726
    endloop
  endfacet
  facet normal -0.0648392 0.130255 -0.989358
    outer loop
      vertex 4.8 0.207055 4.02726
      vertex 5.32566 0.207055 3.99281
      vertex 4.8 0 4
    endloop
  endfacet
  facet normal -0.0648453 0.13027 -0.989356
    outer loop
      vertex 5.32566 0.207055 3.99281
      vertex 5.3221 0 3.96578
      vertex 4.8 0 4
    endloop
  endfacet
  facet normal -0.0604484 0.381982 -0.922191
    outer loop
      vertex 4.8 0.4 4.10718
      vertex 5.33609 0.4 4.07204
      vertex 4.8 0.207055 4.02726
    endloop
  endfacet
  facet normal -0.0604381 0.381956 -0.922202
    outer loop
      vertex 5.33609 0.4 4.07204
      vertex 5.32566 0.207055 3.99281
      vertex 4.8 0.207055 4.02726
    endloop
  endfacet
  facet normal -0.0519222 0.607927 -0.792294
    outer loop
      vertex 4.8 0.565685 4.23431
      vertex 5.35269 0.565685 4.19809
      vertex 4.8 0.4 4.10718
    endloop
  endfacet
  facet normal -0.0519326 0.607951 -0.792275
    outer loop
      vertex 5.35269 0.565685 4.19809
      vertex 5.33609 0.4 4.07204
      vertex 4.8 0.4 4.10718
    endloop
  endfacet
  facet normal -0.0398648 0.792731 -0.608267
    outer loop
      vertex 4.8 0.69282 4.4
      vertex 5.37432 0.69282 4.36236
      vertex 4.8 0.565685 4.23431
    endloop
  endfacet
  facet normal -0.0398626 0.792726 -0.608273
    outer loop
      vertex 5.37432 0.69282 4.36236
      vertex 5.35269 0.565685 4.19809
      vertex 4.8 0.565685 4.23431
    endloop
  endfacet
  facet normal -0.0250731 0.923585 -0.382574
    outer loop
      vertex 4.8 0.772741 4.59294
      vertex 5.3995 0.772741 4.55365
      vertex 4.8 0.69282 4.4
    endloop
  endfacet
  facet normal -0.0250732 0.923585 -0.382573
    outer loop
      vertex 5.3995 0.772741 4.55365
      vertex 5.37432 0.69282 4.36236
      vertex 4.8 0.69282 4.4
    endloop
  endfacet
  facet normal -0.0085535 0.991409 -0.130517
    outer loop
      vertex 4.8 0.8 4.8
      vertex 5.42653 0.8 4.75894
      vertex 4.8 0.772741 4.59294
    endloop
  endfacet
  facet normal -0.00855375 0.991409 -0.130516
    outer loop
      vertex 5.42653 0.8 4.75894
      vertex 5.3995 0.772741 4.55365
      vertex 4.8 0.772741 4.59294
    endloop
  endfacet
  facet normal 0.00855534 0.991409 0.130517
    outer loop
      vertex 4.8 0.772741 5.00706
      vertex 5.45355 0.772741 4.96422
      vertex 4.8 0.8 4.8
    endloop
  endfacet
  facet normal 0.00855387 0.991408 0.130523
    outer loop
      vertex 5.45355 0.772741 4.96422
      vertex 5.42653 0.8 4.75894
      vertex 4.8 0.8 4.8
    endloop
  endfacet
  facet normal 0.0250769 0.923585 0.382574
    outer loop
      vertex 4.8 0.69282 5.2
      vertex 5.47874 0.69282 5.15551
      vertex 4.8 0.772741 5.00706
    endloop
  endfacet
  facet normal 0.0250775 0.923585 0.382572
    outer loop
      vertex 5.47874 0.69282 5.15551
      vertex 5.45355 0.772741 4.96422
      vertex 4.8 0.772741 5.00706
    endloop
  endfacet
  facet normal 0.0398731 0.79273 0.608267
    outer loop
      vertex 4.8 0.565685 5.36569
      vertex 5.50036 0.565685 5.31978
      vertex 4.8 0.69282 5.2
    endloop
  endfacet
  facet normal 0.0398711 0.792725 0.608274
    outer loop
      vertex 5.50036 0.565685 5.31978
      vertex 5.47874 0.69282 5.15551
      vertex 4.8 0.69282 5.2
    endloop
  endfacet
  facet normal 0.0519274 0.607926 0.792294
    outer loop
      vertex 4.8 0.4 5.49282
      vertex 5.51696 0.4 5.44583
      vertex 4.8 0.565685 5.36569
    endloop
  endfacet
  facet normal 0.0519352 0.607951 0.792274
    outer loop
      vertex 5.51696 0.4 5.44583
      vertex 5.50036 0.565685 5.31978
      vertex 4.8 0.565685 5.36569
    endloop
  endfacet
  facet normal 0.0604491 0.381982 0.922191
    outer loop
      vertex 4.8 0.207055 5.57274
      vertex 5.52739 0.207055 5.52506
      vertex 4.8 0.4 5.49282
    endloop
  endfacet
  facet normal 0.0604417 0.381956 0.922202
    outer loop
      vertex 5.52739 0.207055 5.52506
      vertex 5.51696 0.4 5.44583
      vertex 4.8 0.4 5.49282
    endloop
  endfacet
  facet normal 0.0648473 0.130255 0.989358
    outer loop
      vertex 4.8 0 5.6
      vertex 5.53095 0 5.55209
      vertex 4.8 0.207055 5.57274
    endloop
  endfacet
  facet normal 0.0648517 0.13027 0.989355
    outer loop
      vertex 5.53095 0 5.55209
      vertex 5.52739 0.207055 5.52506
      vertex 4.8 0.207055 5.57274
    endloop
  endfacet
  facet normal 0.193427 -0.130271 0.972428
    outer loop
      vertex 5.52739 -0.207055 5.52506
      vertex 6.24233 -0.207055 5.38285
      vertex 5.53095 0 5.55209
    endloop
  endfacet
  facet normal 0.193433 -0.130254 0.972429
    outer loop
      vertex 6.24233 -0.207055 5.38285
      vertex 6.24939 0 5.40918
      vertex 5.53095 0 5.55209
    endloop
  endfacet
  facet normal 0.180297 -0.381956 0.906423
    outer loop
      vertex 5.51696 -0.4 5.44583
      vertex 6.22165 -0.4 5.30566
      vertex 5.52739 -0.207055 5.52506
    endloop
  endfacet
  facet normal 0.180299 -0.381951 0.906425
    outer loop
      vertex 6.22165 -0.4 5.30566
      vertex 6.24233 -0.207055 5.38285
      vertex 5.52739 -0.207055 5.52506
    endloop
  endfacet
  facet normal 0.154899 -0.607952 0.778717
    outer loop
      vertex 5.50036 -0.565685 5.31978
      vertex 6.18874 -0.565685 5.18285
      vertex 5.51696 -0.4 5.44583
    endloop
  endfacet
  facet normal 0.154893 -0.607965 0.778708
    outer loop
      vertex 6.18874 -0.565685 5.18285
      vertex 6.22165 -0.4 5.30566
      vertex 5.51696 -0.4 5.44583
    endloop
  endfacet
  facet normal 0.118925 -0.792724 0.597868
    outer loop
      vertex 5.47874 -0.69282 5.15551
      vertex 6.14586 -0.69282 5.02281
      vertex 5.50036 -0.565685 5.31978
    endloop
  endfacet
  facet normal 0.118926 -0.792722 0.59787
    outer loop
      vertex 6.14586 -0.69282 5.02281
      vertex 6.18874 -0.565685 5.18285
      vertex 5.50036 -0.565685 5.31978
    endloop
  endfacet
  facet normal 0.0747986 -0.923586 0.376024
    outer loop
      vertex 5.45355 -0.772741 4.96422
      vertex 6.09592 -0.772741 4.83644
      vertex 5.47874 -0.69282 5.15551
    endloop
  endfacet
  facet normal 0.0747958 -0.923588 0.37602
    outer loop
      vertex 6.09592 -0.772741 4.83644
      vertex 6.14586 -0.69282 5.02281
      vertex 5.47874 -0.69282 5.15551
    endloop
  endfacet
  facet normal 0.0255204 -0.991408 0.128289
    outer loop
      vertex 5.42653 -0.8 4.75894
      vertex 6.04233 -0.8 4.63644
      vertex 5.45355 -0.772741 4.96422
    endloop
  endfacet
  facet normal 0.0255187 -0.991409 0.128286
    outer loop
      vertex 6.04233 -0.8 4.63644
      vertex 6.09592 -0.772741 4.83644
      vertex 5.45355 -0.772741 4.96422
    endloop
  endfacet
  facet normal -0.0255176 -0.991409 -0.128282
    outer loop
      vertex 5.3995 -0.772741 4.55365
      vertex 5.98874 -0.772741 4.43644
      vertex 5.42653 -0.8 4.75894
    endloop
  endfacet
  facet normal -0.0255197 -0.991409 -0.128286
    outer loop
      vertex 5.98874 -0.772741 4.43644
      vertex 6.04233 -0.8 4.63644
      vertex 5.42653 -0.8 4.75894
    endloop
  endfacet
  facet normal -0.0748018 -0.923584 -0.376027
    outer loop
      vertex 5.37432 -0.69282 4.36236
      vertex 5.9388 -0.69282 4.25007
      vertex 5.3995 -0.772741 4.55365
    endloop
  endfacet
  facet normal -0.0747967 -0.923588 -0.376019
    outer loop
      vertex 5.9388 -0.69282 4.25007
      vertex 5.98874 -0.772741 4.43644
      vertex 5.3995 -0.772741 4.55365
    endloop
  endfacet
  facet normal -0.118928 -0.792727 -0.597863
    outer loop
      vertex 5.35269 -0.565685 4.19809
      vertex 5.89592 -0.565685 4.09003
      vertex 5.37432 -0.69282 4.36236
    endloop
  endfacet
  facet normal -0.118932 -0.792722 -0.597869
    outer loop
      vertex 5.89592 -0.565685 4.09003
      vertex 5.9388 -0.69282 4.25007
      vertex 5.37432 -0.69282 4.36236
    endloop
  endfacet
  facet normal -0.154892 -0.607953 -0.778718
    outer loop
      vertex 5.33609 -0.4 4.07204
      vertex 5.86302 -0.4 3.96723
      vertex 5.35269 -0.565685 4.19809
    endloop
  endfacet
  facet normal -0.154907 -0.60793 -0.778733
    outer loop
      vertex 5.86302 -0.4 3.96723
      vertex 5.89592 -0.565685 4.09003
      vertex 5.35269 -0.565685 4.19809
    endloop
  endfacet
  facet normal -0.180312 -0.381955 -0.90642
    outer loop
      vertex 5.32566 -0.207055 3.99281
      vertex 5.84233 -0.207055 3.89003
      vertex 5.33609 -0.4 4.07204
    endloop
  endfacet
  facet normal -0.18029 -0.381999 -0.906406
    outer loop
      vertex 5.84233 -0.207055 3.89003
      vertex 5.86302 -0.4 3.96723
      vertex 5.33609 -0.4 4.07204
    endloop
  endfacet
  facet normal -0.193432 -0.130271 -0.972427
    outer loop
      vertex 5.3221 0 3.96578
      vertex 5.83528 0 3.8637
      vertex 5.32566 -0.207055 3.99281
    endloop
  endfacet
  facet normal -0.193443 -0.130245 -0.972428
    outer loop
      vertex 5.83528 0 3.8637
      vertex 5.84233 -0.207055 3.89003
      vertex 5.32566 -0.207055 3.99281
    endloop
  endfacet
  facet normal -0.193442 0.130271 -0.972425
    outer loop
      vertex 5.32566 0.207055 3.99281
      vertex 5.84233 0.207055 3.89003
      vertex 5.3221 0 3.96578
    endloop
  endfacet
  facet normal -0.193432 0.130245 -0.97243
    outer loop
      vertex 5.84233 0.207055 3.89003
      vertex 5.83528 0 3.8637
      vertex 5.3221 0 3.96578
    endloop
  endfacet
  facet normal -0.180294 0.381956 -0.906424
    outer loop
      vertex 5.33609 0.4 4.07204
      vertex 5.86302 0.4 3.96723
      vertex 5.32566 0.207055 3.99281
    endloop
  endfacet
  facet normal -0.180309 0.381999 -0.906402
    outer loop
      vertex 5.86302 0.4 3.96723
      vertex 5.84233 0.207055 3.89003
      vertex 5.32566 0.207055 3.99281
    endloop
  endfacet
  facet normal -0.154903 0.607952 -0.778716
    outer loop
      vertex 5.35269 0.565685 4.19809
      vertex 5.89592 0.565685 4.09003
      vertex 5.33609 0.4 4.07204
    endloop
  endfacet
  facet normal -0.154896 0.607929 -0.778736
    outer loop
      vertex 5.89592 0.565685 4.09003
      vertex 5.86302 0.4 3.96723
      vertex 5.33609 0.4 4.07204
    endloop
  endfacet
  facet normal -0.118931 0.792727 -0.597862
    outer loop
      vertex 5.37432 0.69282 4.36236
      vertex 5.9388 0.69282 4.25007
      vertex 5.35269 0.565685 4.19809
    endloop
  endfacet
  facet normal -0.118929 0.792722 -0.597869
    outer loop
      vertex 5.9388 0.69282 4.25007
      vertex 5.89592 0.565685 4.09003
      vertex 5.35269 0.565685 4.19809
    endloop
  endfacet
  facet normal -0.0747984 0.923584 -0.376028
    outer loop
      vertex 5.3995 0.772741 4.55365
      vertex 5.98874 0.772741 4.43644
      vertex 5.37432 0.69282 4.36236
    endloop
  endfacet
  facet normal -0.0748 0.923588 -0.376019
    outer loop
      vertex 5.98874 0.772741 4.43644
      vertex 5.9388 0.69282 4.25007
      vertex 5.37432 0.69282 4.36236
    endloop
  endfacet
  facet normal -0.0255189 0.991409 -0.128282
    outer loop
      vertex 5.42653 0.8 4.75894
      vertex 6.04233 0.8 4.63644
      vertex 5.3995 0.772741 4.55365
    endloop
  endfacet
  facet normal -0.0255184 0.991409 -0.128286
    outer loop
      vertex 6.04233 0.8 4.63644
      vertex 5.98874 0.772741 4.43644
      vertex 5.3995 0.772741 4.55365
    endloop
  endfacet
  facet normal 0.0255193 0.991408 0.12829
    outer loop
      vertex 5.45355 0.772741 4.96422
      vertex 6.09592 0.772741 4.83644
      vertex 5.42653 0.8 4.75894
    endloop
  endfacet
  facet normal 0.0255197 0.991409 0.128286
    outer loop
      vertex 6.09592 0.772741 4.83644
      vertex 6.04233 0.8 4.63644
      vertex 5.42653 0.8 4.75894
    endloop
  endfacet
  facet normal 0.0747969 0.923586 0.376025
    outer loop
      vertex 5.47874 0.69282 5.15551
      vertex 6.14586 0.69282 5.02281
      vertex 5.45355 0.772741 4.96422
    endloop
  endfacet
  facet normal 0.0747976 0.923588 0.376019
    outer loop
      vertex 6.14586 0.69282 5.02281
      vertex 6.09592 0.772741 4.83644
      vertex 5.45355 0.772741 4.96422
    endloop
  endfacet
  facet normal 0.118926 0.792724 0.597868
    outer loop
      vertex 5.50036 0.565685 5.31978
      vertex 6.18874 0.565685 5.18285
      vertex 5.47874 0.69282 5.15551
    endloop
  endfacet
  facet normal 0.118925 0.792722 0.59787
    outer loop
      vertex 6.18874 0.565685 5.18285
      vertex 6.14586 0.69282 5.02281
      vertex 5.47874 0.69282 5.15551
    endloop
  endfacet
  facet normal 0.154895 0.607953 0.778718
    outer loop
      vertex 5.51696 0.4 5.44583
      vertex 6.22165 0.4 5.30566
      vertex 5.50036 0.565685 5.31978
    endloop
  endfacet
  facet normal 0.154898 0.607965 0.778707
    outer loop
      vertex 6.22165 0.4 5.30566
      vertex 6.18874 0.565685 5.18285
      vertex 5.50036 0.565685 5.31978
    endloop
  endfacet
  facet normal 0.180298 0.381955 0.906423
    outer loop
      vertex 5.52739 0.207055 5.52506
      vertex 6.24233 0.207055 5.38285
      vertex 5.51696 0.4 5.44583
    endloop
  endfacet
  facet normal 0.180297 0.381951 0.906425
    outer loop
      vertex 6.24233 0.207055 5.38285
      vertex 6.22165 0.4 5.30566
      vertex 5.51696 0.4 5.44583
    endloop
  endfacet
  facet normal 0.193432 0.130271 0.972427
    outer loop
      vertex 5.53095 0 5.55209
      vertex 6.24939 0 5.40918
      vertex 5.52739 0.207055 5.52506
    endloop
  endfacet
  facet normal 0.193428 0.130254 0.97243
    outer loop
      vertex 6.24939 0 5.40918
      vertex 6.24233 0.207055 5.38285
      vertex 5.52739 0.207055 5.52506
    endloop
  endfacet
  facet normal 0.318695 -0.130257 0.938865
    outer loop
      vertex 6.24233 -0.207055 5.38285
      vertex 6.9326 -0.207055 5.14854
      vertex 6.24939 0 5.40918
    endloop
  endfacet
  facet normal 0.318689 -0.130274 0.938864
    outer loop
      vertex 6.9326 -0.207055 5.14854
      vertex 6.94303 0 5.17373
      vertex 6.24939 0 5.40918
    endloop
  endfacet
  facet normal 0.297079 -0.381949 0.875134
    outer loop
      vertex 6.22165 -0.4 5.30566
      vertex 6.90201 -0.4 5.0747
      vertex 6.24233 -0.207055 5.38285
    endloop
  endfacet
  facet normal 0.297056 -0.382003 0.875118
    outer loop
      vertex 6.90201 -0.4 5.0747
      vertex 6.9326 -0.207055 5.14854
      vertex 6.24233 -0.207055 5.38285
    endloop
  endfacet
  facet normal 0.255203 -0.607967 0.75183
    outer loop
      vertex 6.18874 -0.565685 5.18285
      vertex 6.85336 -0.565685 4.95725
      vertex 6.22165 -0.4 5.30566
    endloop
  endfacet
  facet normal 0.255232 -0.607918 0.751859
    outer loop
      vertex 6.85336 -0.565685 4.95725
      vertex 6.90201 -0.4 5.0747
      vertex 6.22165 -0.4 5.30566
    endloop
  endfacet
  facet normal 0.195945 -0.792721 0.577234
    outer loop
      vertex 6.14586 -0.69282 5.02281
      vertex 6.78995 -0.69282 4.80417
      vertex 6.18874 -0.565685 5.18285
    endloop
  endfacet
  facet normal 0.195932 -0.792736 0.577218
    outer loop
      vertex 6.78995 -0.69282 4.80417
      vertex 6.85336 -0.565685 4.95725
      vertex 6.18874 -0.565685 5.18285
    endloop
  endfacet
  facet normal 0.12323 -0.923588 0.363041
    outer loop
      vertex 6.09592 -0.772741 4.83644
      vertex 6.71612 -0.772741 4.62592
      vertex 6.14586 -0.69282 5.02281
    endloop
  endfacet
  facet normal 0.123241 -0.923581 0.363055
    outer loop
      vertex 6.71612 -0.772741 4.62592
      vertex 6.78995 -0.69282 4.80417
      vertex 6.14586 -0.69282 5.02281
    endloop
  endfacet
  facet normal 0.0420437 -0.991409 0.123858
    outer loop
      vertex 6.04233 -0.8 4.63644
      vertex 6.63688 -0.8 4.43462
      vertex 6.09592 -0.772741 4.83644
    endloop
  endfacet
  facet normal 0.0420412 -0.991409 0.123855
    outer loop
      vertex 6.63688 -0.8 4.43462
      vertex 6.71612 -0.772741 4.62592
      vertex 6.09592 -0.772741 4.83644
    endloop
  endfacet
  facet normal -0.0420431 -0.991409 -0.123859
    outer loop
      vertex 5.98874 -0.772741 4.43644
      vertex 6.55764 -0.772741 4.24333
      vertex 6.04233 -0.8 4.63644
    endloop
  endfacet
  facet normal -0.0420443 -0.991409 -0.12386
    outer loop
      vertex 6.55764 -0.772741 4.24333
      vertex 6.63688 -0.8 4.43462
      vertex 6.04233 -0.8 4.63644
    endloop
  endfacet
  facet normal -0.123232 -0.923588 -0.363041
    outer loop
      vertex 5.9388 -0.69282 4.25007
      vertex 6.48381 -0.69282 4.06507
      vertex 5.98874 -0.772741 4.43644
    endloop
  endfacet
  facet normal -0.123233 -0.923588 -0.363042
    outer loop
      vertex 6.48381 -0.69282 4.06507
      vertex 6.55764 -0.772741 4.24333
      vertex 5.98874 -0.772741 4.43644
    endloop
  endfacet
  facet normal -0.195938 -0.792721 -0.577236
    outer loop
      vertex 5.89592 -0.565685 4.09003
      vertex 6.4204 -0.565685 3.912
      vertex 5.9388 -0.69282 4.25007
    endloop
  endfacet
  facet normal -0.19594 -0.792719 -0.577238
    outer loop
      vertex 6.4204 -0.565685 3.912
      vertex 6.48381 -0.69282 4.06507
      vertex 5.9388 -0.69282 4.25007
    endloop
  endfacet
  facet normal -0.25522 -0.607928 -0.751855
    outer loop
      vertex 5.86302 -0.4 3.96723
      vertex 6.37175 -0.4 3.79454
      vertex 5.89592 -0.565685 4.09003
    endloop
  endfacet
  facet normal -0.255207 -0.607946 -0.751845
    outer loop
      vertex 6.37175 -0.4 3.79454
      vertex 6.4204 -0.565685 3.912
      vertex 5.89592 -0.565685 4.09003
    endloop
  endfacet
  facet normal -0.297057 -0.382001 -0.875118
    outer loop
      vertex 5.84233 -0.207055 3.89003
      vertex 6.34117 -0.207055 3.7207
      vertex 5.86302 -0.4 3.96723
    endloop
  endfacet
  facet normal -0.297063 -0.38199 -0.875121
    outer loop
      vertex 6.34117 -0.207055 3.7207
      vertex 6.37175 -0.4 3.79454
      vertex 5.86302 -0.4 3.96723
    endloop
  endfacet
  facet normal -0.318697 -0.130242 -0.938866
    outer loop
      vertex 5.83528 0 3.8637
      vertex 6.33073 0 3.69552
      vertex 5.84233 -0.207055 3.89003
    endloop
  endfacet
  facet normal -0.318696 -0.130245 -0.938866
    outer loop
      vertex 6.33073 0 3.69552
      vertex 6.34117 -0.207055 3.7207
      vertex 5.84233 -0.207055 3.89003
    endloop
  endfacet
  facet normal -0.318696 0.130242 -0.938866
    outer loop
      vertex 5.84233 0.207055 3.89003
      vertex 6.34117 0.207055 3.7207
      vertex 5.83528 0 3.8637
    endloop
  endfacet
  facet normal -0.318697 0.130245 -0.938866
    outer loop
      vertex 6.34117 0.207055 3.7207
      vertex 6.33073 0 3.69552
      vertex 5.83528 0 3.8637
    endloop
  endfacet
  facet normal -0.297061 0.382001 -0.875117
    outer loop
      vertex 5.86302 0.4 3.96723
      vertex 6.37175 0.4 3.79454
      vertex 5.84233 0.207055 3.89003
    endloop
  endfacet
  facet normal -0.297058 0.38199 -0.875123
    outer loop
      vertex 6.37175 0.4 3.79454
      vertex 6.34117 0.207055 3.7207
      vertex 5.84233 0.207055 3.89003
    endloop
  endfacet
  facet normal -0.255211 0.607928 -0.751858
    outer loop
      vertex 5.89592 0.565685 4.09003
      vertex 6.4204 0.565685 3.912
      vertex 5.86302 0.4 3.96723
    endloop
  endfacet
  facet normal -0.255215 0.607946 -0.751842
    outer loop
      vertex 6.4204 0.565685 3.912
      vertex 6.37175 0.4 3.79454
      vertex 5.86302 0.4 3.96723
    endloop
  endfacet
  facet normal -0.195939 0.792721 -0.577236
    outer loop
      vertex 5.9388 0.69282 4.25007
      vertex 6.48381 0.69282 4.06507
      vertex 5.89592 0.565685 4.09003
    endloop
  endfacet
  facet normal -0.195938 0.792719 -0.577239
    outer loop
      vertex 6.48381 0.69282 4.06507
      vertex 6.4204 0.565685 3.912
      vertex 5.89592 0.565685 4.09003
    endloop
  endfacet
  facet normal -0.123232 0.923588 -0.363041
    outer loop
      vertex 5.98874 0.772741 4.43644
      vertex 6.55764 0.772741 4.24333
      vertex 5.9388 0.69282 4.25007
    endloop
  endfacet
  facet normal -0.123232 0.923588 -0.363042
    outer loop
      vertex 6.55764 0.772741 4.24333
      vertex 6.48381 0.69282 4.06507
      vertex 5.9388 0.69282 4.25007
    endloop
  endfacet
  facet normal -0.0420437 0.991409 -0.123858
    outer loop
      vertex 6.04233 0.8 4.63644
      vertex 6.63688 0.8 4.43462
      vertex 5.98874 0.772741 4.43644
    endloop
  endfacet
  facet normal -0.0420437 0.991409 -0.12386
    outer loop
      vertex 6.63688 0.8 4.43462
      vertex 6.55764 0.772741 4.24333
      vertex 5.98874 0.772741 4.43644
    endloop
  endfacet
  facet normal 0.0420425 0.991409 0.123859
    outer loop
      vertex 6.09592 0.772741 4.83644
      vertex 6.71612 0.772741 4.62592
      vertex 6.04233 0.8 4.63644
    endloop
  endfacet
  facet normal 0.0420424 0.991409 0.123855
    outer loop
      vertex 6.71612 0.772741 4.62592
      vertex 6.63688 0.8 4.43462
      vertex 6.04233 0.8 4.63644
    endloop
  endfacet
  facet normal 0.123236 0.923588 0.36304
    outer loop
      vertex 6.14586 0.69282 5.02281
      vertex 6.78995 0.69282 4.80417
      vertex 6.09592 0.772741 4.83644
    endloop
  endfacet
  facet normal 0.123236 0.923581 0.363058
    outer loop
      vertex 6.78995 0.69282 4.80417
      vertex 6.71612 0.772741 4.62592
      vertex 6.09592 0.772741 4.83644
    endloop
  endfacet
  facet normal 0.195938 0.792721 0.577236
    outer loop
      vertex 6.18874 0.565685 5.18285
      vertex 6.85336 0.565685 4.95725
      vertex 6.14586 0.69282 5.02281
    endloop
  endfacet
  facet normal 0.195939 0.792736 0.577215
    outer loop
      vertex 6.85336 0.565685 4.95725
      vertex 6.78995 0.69282 4.80417
      vertex 6.14586 0.69282 5.02281
    endloop
  endfacet
  facet normal 0.25522 0.607966 0.751825
    outer loop
      vertex 6.22165 0.4 5.30566
      vertex 6.90201 0.4 5.0747
      vertex 6.18874 0.565685 5.18285
    endloop
  endfacet
  facet normal 0.255215 0.607917 0.751866
    outer loop
      vertex 6.90201 0.4 5.0747
      vertex 6.85336 0.565685 4.95725
      vertex 6.18874 0.565685 5.18285
    endloop
  endfacet
  facet normal 0.297063 0.381949 0.875139
    outer loop
      vertex 6.24233 0.207055 5.38285
      vertex 6.9326 0.207055 5.14854
      vertex 6.22165 0.4 5.30566
    endloop
  endfacet
  facet normal 0.297072 0.382004 0.875112
    outer loop
      vertex 6.9326 0.207055 5.14854
      vertex 6.90201 0.4 5.0747
      vertex 6.22165 0.4 5.30566
    endloop
  endfacet
  facet normal 0.31869 0.130257 0.938866
    outer loop
      vertex 6.24939 0 5.40918
      vertex 6.94303 0 5.17373
      vertex 6.24233 0.207055 5.38285
    endloop
  endfacet
  facet normal 0.318694 0.130274 0.938863
    outer loop
      vertex 6.94303 0 5.17373
      vertex 6.9326 0.207055 5.14854
      vertex 6.24233 0.207055 5.38285
    endloop
  endfacet
  facet normal 0.438516 -0.130272 0.889232
    outer loop
      vertex 6.9326 -0.207055 5.14854
      vertex 7.58637 -0.207055 4.82614
      vertex 6.94303 0 5.17373
    endloop
  endfacet
  facet normal 0.438532 -0.130222 0.889231
    outer loop
      vertex 7.58637 -0.207055 4.82614
      vertex 7.6 0 4.84974
      vertex 6.94303 0 5.17373
    endloop
  endfacet
  facet normal 0.408742 -0.382006 0.828855
    outer loop
      vertex 6.90201 -0.4 5.0747
      vertex 7.54641 -0.4 4.75692
      vertex 6.9326 -0.207055 5.14854
    endloop
  endfacet
  facet normal 0.408741 -0.382008 0.828855
    outer loop
      vertex 7.54641 -0.4 4.75692
      vertex 7.58637 -0.207055 4.82614
      vertex 6.9326 -0.207055 5.14854
    endloop
  endfacet
  facet normal 0.351182 -0.607918 0.712115
    outer loop
      vertex 6.85336 -0.565685 4.95725
      vertex 7.48284 -0.565685 4.64682
      vertex 6.90201 -0.4 5.0747
    endloop
  endfacet
  facet normal 0.351167 -0.607939 0.712104
    outer loop
      vertex 7.48284 -0.565685 4.64682
      vertex 7.54641 -0.4 4.75692
      vertex 6.90201 -0.4 5.0747
    endloop
  endfacet
  facet normal 0.269601 -0.792737 0.546702
    outer loop
      vertex 6.78995 -0.69282 4.80417
      vertex 7.4 -0.69282 4.50333
      vertex 6.85336 -0.565685 4.95725
    endloop
  endfacet
  facet normal 0.269614 -0.792724 0.546715
    outer loop
      vertex 7.4 -0.69282 4.50333
      vertex 7.48284 -0.565685 4.64682
      vertex 6.85336 -0.565685 4.95725
    endloop
  endfacet
  facet normal 0.169576 -0.923581 0.343864
    outer loop
      vertex 6.71612 -0.772741 4.62592
      vertex 7.30353 -0.772741 4.33624
      vertex 6.78995 -0.69282 4.80417
    endloop
  endfacet
  facet normal 0.16957 -0.923584 0.343858
    outer loop
      vertex 7.30353 -0.772741 4.33624
      vertex 7.4 -0.69282 4.50333
      vertex 6.78995 -0.69282 4.80417
    endloop
  endfacet
  facet normal 0.0578494 -0.991409 0.117307
    outer loop
      vertex 6.63688 -0.8 4.43462
      vertex 7.2 -0.8 4.15692
      vertex 6.71612 -0.772741 4.62592
    endloop
  endfacet
  facet normal 0.05785 -0.991409 0.117308
    outer loop
      vertex 7.2 -0.8 4.15692
      vertex 7.30353 -0.772741 4.33624
      vertex 6.71612 -0.772741 4.62592
    endloop
  endfacet
  facet normal -0.0578516 -0.991409 -0.117312
    outer loop
      vertex 6.55764 -0.772741 4.24333
      vertex 7.09647 -0.772741 3.97761
      vertex 6.63688 -0.8 4.43462
    endloop
  endfacet
  facet normal -0.0578523 -0.991409 -0.117313
    outer loop
      vertex 7.09647 -0.772741 3.97761
      vertex 7.2 -0.8 4.15692
      vertex 6.63688 -0.8 4.43462
    endloop
  endfacet
  facet normal -0.16957 -0.923587 -0.34385
    outer loop
      vertex 6.48381 -0.69282 4.06507
      vertex 7 -0.69282 3.81051
      vertex 6.55764 -0.772741 4.24333
    endloop
  endfacet
  facet normal -0.169564 -0.92359 -0.343844
    outer loop
      vertex 7 -0.69282 3.81051
      vertex 7.09647 -0.772741 3.97761
      vertex 6.55764 -0.772741 4.24333
    endloop
  endfacet
  facet normal -0.269617 -0.792721 -0.546718
    outer loop
      vertex 6.4204 -0.565685 3.912
      vertex 6.91716 -0.565685 3.66702
      vertex 6.48381 -0.69282 4.06507
    endloop
  endfacet
  facet normal -0.269614 -0.792724 -0.546715
    outer loop
      vertex 6.91716 -0.565685 3.66702
      vertex 7 -0.69282 3.81051
      vertex 6.48381 -0.69282 4.06507
    endloop
  endfacet
  facet normal -0.351171 -0.607945 -0.712097
    outer loop
      vertex 6.37175 -0.4 3.79454
      vertex 6.85359 -0.4 3.55692
      vertex 6.4204 -0.565685 3.912
    endloop
  endfacet
  facet normal -0.351176 -0.607939 -0.712099
    outer loop
      vertex 6.85359 -0.4 3.55692
      vertex 6.91716 -0.565685 3.66702
      vertex 6.4204 -0.565685 3.912
    endloop
  endfacet
  facet normal -0.408747 -0.381988 -0.828862
    outer loop
      vertex 6.34117 -0.207055 3.7207
      vertex 6.81363 -0.207055 3.48771
      vertex 6.37175 -0.4 3.79454
    endloop
  endfacet
  facet normal -0.408756 -0.381972 -0.828864
    outer loop
      vertex 6.81363 -0.207055 3.48771
      vertex 6.85359 -0.4 3.55692
      vertex 6.37175 -0.4 3.79454
    endloop
  endfacet
  facet normal -0.438523 -0.130251 -0.889231
    outer loop
      vertex 6.33073 0 3.69552
      vertex 6.8 0 3.4641
      vertex 6.34117 -0.207055 3.7207
    endloop
  endfacet
  facet normal -0.438518 -0.130264 -0.889232
    outer loop
      vertex 6.8 0 3.4641
      vertex 6.81363 -0.207055 3.48771
      vertex 6.34117 -0.207055 3.7207
    endloop
  endfacet
  facet normal -0.438519 0.130251 -0.889233
    outer loop
      vertex 6.34117 0.207055 3.7207
      vertex 6.81363 0.207055 3.48771
      vertex 6.33073 0 3.69552
    endloop
  endfacet
  facet normal -0.438523 0.130264 -0.88923
    outer loop
      vertex 6.81363 0.207055 3.48771
      vertex 6.8 0 3.4641
      vertex 6.33073 0 3.69552
    endloop
  endfacet
  facet normal -0.408753 0.381988 -0.828859
    outer loop
      vertex 6.37175 0.4 3.79454
      vertex 6.85359 0.4 3.55692
      vertex 6.34117 0.207055 3.7207
    endloop
  endfacet
  facet normal -0.40875 0.381972 -0.828867
    outer loop
      vertex 6.85359 0.4 3.55692
      vertex 6.81363 0.207055 3.48771
      vertex 6.34117 0.207055 3.7207
    endloop
  endfacet
  facet normal -0.351174 0.607945 -0.712095
    outer loop
      vertex 6.4204 0.565685 3.912
      vertex 6.91716 0.565685 3.66702
      vertex 6.37175 0.4 3.79454
    endloop
  endfacet
  facet normal -0.351173 0.607939 -0.712101
    outer loop
      vertex 6.91716 0.565685 3.66702
      vertex 6.85359 0.4 3.55692
      vertex 6.37175 0.4 3.79454
    endloop
  endfacet
  facet normal -0.269615 0.792721 -0.546719
    outer loop
      vertex 6.48381 0.69282 4.06507
      vertex 7 0.69282 3.81051
      vertex 6.4204 0.565685 3.912
    endloop
  endfacet
  facet normal -0.269615 0.792724 -0.546714
    outer loop
      vertex 7 0.69282 3.81051
      vertex 6.91716 0.565685 3.66702
      vertex 6.4204 0.565685 3.912
    endloop
  endfacet
  facet normal -0.169567 0.923587 -0.343851
    outer loop
      vertex 6.55764 0.772741 4.24333
      vertex 7.09647 0.772741 3.97761
      vertex 6.48381 0.69282 4.06507
    endloop
  endfacet
  facet normal -0.169567 0.92359 -0.343843
    outer loop
      vertex 7.09647 0.772741 3.97761
      vertex 7 0.69282 3.81051
      vertex 6.48381 0.69282 4.06507
    endloop
  endfacet
  facet normal -0.0578519 0.991409 -0.117312
    outer loop
      vertex 6.63688 0.8 4.43462
      vertex 7.2 0.8 4.15692
      vertex 6.55764 0.772741 4.24333
    endloop
  endfacet
  facet normal -0.057852 0.991409 -0.117313
    outer loop
      vertex 7.2 0.8 4.15692
      vertex 7.09647 0.772741 3.97761
      vertex 6.55764 0.772741 4.24333
    endloop
  endfacet
  facet normal 0.0578497 0.991409 0.117307
    outer loop
      vertex 6.71612 0.772741 4.62592
      vertex 7.30353 0.772741 4.33624
      vertex 6.63688 0.8 4.43462
    endloop
  endfacet
  facet normal 0.0578498 0.991409 0.117308
    outer loop
      vertex 7.30353 0.772741 4.33624
      vertex 7.2 0.8 4.15692
      vertex 6.63688 0.8 4.43462
    endloop
  endfacet
  facet normal 0.169573 0.923581 0.343865
    outer loop
      vertex 6.78995 0.69282 4.80417
      vertex 7.4 0.69282 4.50333
      vertex 6.71612 0.772741 4.62592
    endloop
  endfacet
  facet normal 0.169572 0.923584 0.343857
    outer loop
      vertex 7.4 0.69282 4.50333
      vertex 7.30353 0.772741 4.33624
      vertex 6.71612 0.772741 4.62592
    endloop
  endfacet
  facet normal 0.269607 0.792737 0.5467
    outer loop
      vertex 6.85336 0.565685 4.95725
      vertex 7.48284 0.565685 4.64682
      vertex 6.78995 0.69282 4.80417
    endloop
  endfacet
  facet normal 0.269608 0.792724 0.546718
    outer loop
      vertex 7.48284 0.565685 4.64682
      vertex 7.4 0.69282 4.50333
      vertex 6.78995 0.69282 4.80417
    endloop
  endfacet
  facet normal 0.351175 0.607918 0.712118
    outer loop
      vertex 6.90201 0.4 5.0747
      vertex 7.54641 0.4 4.75692
      vertex 6.85336 0.565685 4.95725
    endloop
  endfacet
  facet normal 0.351174 0.607939 0.7121
    outer loop
      vertex 7.54641 0.4 4.75692
      vertex 7.48284 0.565685 4.64682
      vertex 6.85336 0.565685 4.95725
    endloop
  endfacet
  facet normal 0.408742 0.382006 0.828856
    outer loop
      vertex 6.9326 0.207055 5.14854
      vertex 7.58637 0.207055 4.82614
      vertex 6.90201 0.4 5.0747
    endloop
  endfacet
  facet normal 0.408742 0.382008 0.828854
    outer loop
      vertex 7.58637 0.207055 4.82614
      vertex 7.54641 0.4 4.75692
      vertex 6.90201 0.4 5.0747
    endloop
  endfacet
  facet normal 0.438529 0.130272 0.889225
    outer loop
      vertex 6.94303 0 5.17373
      vertex 7.6 0 4.84974
      vertex 6.9326 0.207055 5.14854
    endloop
  endfacet
  facet normal 0.438519 0.130222 0.889238
    outer loop
      vertex 7.6 0 4.84974
      vertex 7.58637 0.207055 4.82614
      vertex 6.9326 0.207055 5.14854
    endloop
  endfacet
  facet normal 0.550846 -0.130224 0.824385
    outer loop
      vertex 7.58637 -0.207055 4.82614
      vertex 8.19247 -0.207055 4.42115
      vertex 7.6 0 4.84974
    endloop
  endfacet
  facet normal 0.550836 -0.130255 0.824387
    outer loop
      vertex 8.19247 -0.207055 4.42115
      vertex 8.20906 0 4.44278
      vertex 7.6 0 4.84974
    endloop
  endfacet
  facet normal 0.51343 -0.382007 0.768414
    outer loop
      vertex 7.54641 -0.4 4.75692
      vertex 8.14382 -0.4 4.35775
      vertex 7.58637 -0.207055 4.82614
    endloop
  endfacet
  facet normal 0.513452 -0.381961 0.768422
    outer loop
      vertex 8.14382 -0.4 4.35775
      vertex 8.19247 -0.207055 4.42115
      vertex 7.58637 -0.207055 4.82614
    endloop
  endfacet
  facet normal 0.441117 -0.60794 0.66017
    outer loop
      vertex 7.48284 -0.565685 4.64682
      vertex 8.06642 -0.565685 4.25688
      vertex 7.54641 -0.4 4.75692
    endloop
  endfacet
  facet normal 0.441097 -0.607967 0.660159
    outer loop
      vertex 8.06642 -0.565685 4.25688
      vertex 8.14382 -0.4 4.35775
      vertex 7.54641 -0.4 4.75692
    endloop
  endfacet
  facet normal 0.338662 -0.792723 0.506851
    outer loop
      vertex 7.4 -0.69282 4.50333
      vertex 7.96556 -0.69282 4.12544
      vertex 7.48284 -0.565685 4.64682
    endloop
  endfacet
  facet normal 0.338678 -0.792709 0.506862
    outer loop
      vertex 7.96556 -0.69282 4.12544
      vertex 8.06642 -0.565685 4.25688
      vertex 7.48284 -0.565685 4.64682
    endloop
  endfacet
  facet normal 0.213008 -0.923584 0.31878
    outer loop
      vertex 7.30353 -0.772741 4.33624
      vertex 7.8481 -0.772741 3.97236
      vertex 7.4 -0.69282 4.50333
    endloop
  endfacet
  facet normal 0.21299 -0.923593 0.318766
    outer loop
      vertex 7.8481 -0.772741 3.97236
      vertex 7.96556 -0.69282 4.12544
      vertex 7.4 -0.69282 4.50333
    endloop
  endfacet
  facet normal 0.0726662 -0.991409 0.108754
    outer loop
      vertex 7.2 -0.8 4.15692
      vertex 7.72205 -0.8 3.8081
      vertex 7.30353 -0.772741 4.33624
    endloop
  endfacet
  facet normal 0.0726716 -0.991408 0.108758
    outer loop
      vertex 7.72205 -0.8 3.8081
      vertex 7.8481 -0.772741 3.97236
      vertex 7.30353 -0.772741 4.33624
    endloop
  endfacet
  facet normal -0.0726692 -0.991409 -0.108758
    outer loop
      vertex 7.09647 -0.772741 3.97761
      vertex 7.59601 -0.772741 3.64383
      vertex 7.2 -0.8 4.15692
    endloop
  endfacet
  facet normal -0.072669 -0.991409 -0.108758
    outer loop
      vertex 7.59601 -0.772741 3.64383
      vertex 7.72205 -0.8 3.8081
      vertex 7.2 -0.8 4.15692
    endloop
  endfacet
  facet normal -0.212997 -0.92359 -0.31877
    outer loop
      vertex 7 -0.69282 3.81051
      vertex 7.47855 -0.69282 3.49075
      vertex 7.09647 -0.772741 3.97761
    endloop
  endfacet
  facet normal -0.212991 -0.923593 -0.318765
    outer loop
      vertex 7.47855 -0.69282 3.49075
      vertex 7.59601 -0.772741 3.64383
      vertex 7.09647 -0.772741 3.97761
    endloop
  endfacet
  facet normal -0.338661 -0.792723 -0.506852
    outer loop
      vertex 6.91716 -0.565685 3.66702
      vertex 7.37769 -0.565685 3.35931
      vertex 7 -0.69282 3.81051
    endloop
  endfacet
  facet normal -0.338678 -0.792709 -0.506862
    outer loop
      vertex 7.37769 -0.565685 3.35931
      vertex 7.47855 -0.69282 3.49075
      vertex 7 -0.69282 3.81051
    endloop
  endfacet
  facet normal -0.441118 -0.60794 -0.66017
    outer loop
      vertex 6.85359 -0.4 3.55692
      vertex 7.30029 -0.4 3.25844
      vertex 6.91716 -0.565685 3.66702
    endloop
  endfacet
  facet normal -0.441095 -0.607967 -0.660159
    outer loop
      vertex 7.30029 -0.4 3.25844
      vertex 7.37769 -0.565685 3.35931
      vertex 6.91716 -0.565685 3.66702
    endloop
  endfacet
  facet normal -0.513445 -0.381973 -0.768421
    outer loop
      vertex 6.81363 -0.207055 3.48771
      vertex 7.25164 -0.207055 3.19504
      vertex 6.85359 -0.4 3.55692
    endloop
  endfacet
  facet normal -0.513452 -0.381961 -0.768423
    outer loop
      vertex 7.25164 -0.207055 3.19504
      vertex 7.30029 -0.4 3.25844
      vertex 6.85359 -0.4 3.55692
    endloop
  endfacet
  facet normal -0.550835 -0.130263 -0.824386
    outer loop
      vertex 6.8 0 3.4641
      vertex 7.23505 0 3.17341
      vertex 6.81363 -0.207055 3.48771
    endloop
  endfacet
  facet normal -0.550838 -0.130255 -0.824385
    outer loop
      vertex 7.23505 0 3.17341
      vertex 7.25164 -0.207055 3.19504
      vertex 6.81363 -0.207055 3.48771
    endloop
  endfacet
  facet normal -0.550838 0.130263 -0.824384
    outer loop
      vertex 6.81363 0.207055 3.48771
      vertex 7.25164 0.207055 3.19504
      vertex 6.8 0 3.4641
    endloop
  endfacet
  facet normal -0.550836 0.130255 -0.824387
    outer loop
      vertex 7.25164 0.207055 3.19504
      vertex 7.23505 0 3.17341
      vertex 6.8 0 3.4641
    endloop
  endfacet
  facet normal -0.513449 0.381972 -0.768419
    outer loop
      vertex 6.85359 0.4 3.55692
      vertex 7.30029 0.4 3.25844
      vertex 6.81363 0.207055 3.48771
    endloop
  endfacet
  facet normal -0.513447 0.381961 -0.768426
    outer loop
      vertex 7.30029 0.4 3.25844
      vertex 7.25164 0.207055 3.19504
      vertex 6.81363 0.207055 3.48771
    endloop
  endfacet
  facet normal -0.441107 0.60794 -0.660177
    outer loop
      vertex 6.91716 0.565685 3.66702
      vertex 7.37769 0.565685 3.35931
      vertex 6.85359 0.4 3.55692
    endloop
  endfacet
  facet normal -0.441106 0.607968 -0.660152
    outer loop
      vertex 7.37769 0.565685 3.35931
      vertex 7.30029 0.4 3.25844
      vertex 6.85359 0.4 3.55692
    endloop
  endfacet
  facet normal -0.338668 0.792723 -0.506848
    outer loop
      vertex 7 0.69282 3.81051
      vertex 7.47855 0.69282 3.49075
      vertex 6.91716 0.565685 3.66702
    endloop
  endfacet
  facet normal -0.338671 0.792709 -0.506868
    outer loop
      vertex 7.47855 0.69282 3.49075
      vertex 7.37769 0.565685 3.35931
      vertex 6.91716 0.565685 3.66702
    endloop
  endfacet
  facet normal -0.212995 0.92359 -0.318771
    outer loop
      vertex 7.09647 0.772741 3.97761
      vertex 7.59601 0.772741 3.64383
      vertex 7 0.69282 3.81051
    endloop
  endfacet
  facet normal -0.212993 0.923593 -0.318763
    outer loop
      vertex 7.59601 0.772741 3.64383
      vertex 7.47855 0.69282 3.49075
      vertex 7 0.69282 3.81051
    endloop
  endfacet
  facet normal -0.0726691 0.991409 -0.108758
    outer loop
      vertex 7.2 0.8 4.15692
      vertex 7.72205 0.8 3.8081
      vertex 7.09647 0.772741 3.97761
    endloop
  endfacet
  facet normal -0.072669 0.991409 -0.108758
    outer loop
      vertex 7.72205 0.8 3.8081
      vertex 7.59601 0.772741 3.64383
      vertex 7.09647 0.772741 3.97761
    endloop
  endfacet
  facet normal 0.0726681 0.991409 0.108752
    outer loop
      vertex 7.30353 0.772741 4.33624
      vertex 7.8481 0.772741 3.97236
      vertex 7.2 0.8 4.15692
    endloop
  endfacet
  facet normal 0.0726699 0.991408 0.108759
    outer loop
      vertex 7.8481 0.772741 3.97236
      vertex 7.72205 0.8 3.8081
      vertex 7.2 0.8 4.15692
    endloop
  endfacet
  facet normal 0.213001 0.923584 0.318783
    outer loop
      vertex 7.4 0.69282 4.50333
      vertex 7.96556 0.69282 4.12544
      vertex 7.30353 0.772741 4.33624
    endloop
  endfacet
  facet normal 0.212996 0.923593 0.318762
    outer loop
      vertex 7.96556 0.69282 4.12544
      vertex 7.8481 0.772741 3.97236
      vertex 7.30353 0.772741 4.33624
    endloop
  endfacet
  facet normal 0.338668 0.792723 0.506847
    outer loop
      vertex 7.48284 0.565685 4.64682
      vertex 8.06642 0.565685 4.25688
      vertex 7.4 0.69282 4.50333
    endloop
  endfacet
  facet normal 0.338673 0.792709 0.506866
    outer loop
      vertex 8.06642 0.565685 4.25688
      vertex 7.96556 0.69282 4.12544
      vertex 7.4 0.69282 4.50333
    endloop
  endfacet
  facet normal 0.441108 0.60794 0.660176
    outer loop
      vertex 7.54641 0.4 4.75692
      vertex 8.14382 0.4 4.35775
      vertex 7.48284 0.565685 4.64682
    endloop
  endfacet
  facet normal 0.441105 0.607968 0.660153
    outer loop
      vertex 8.14382 0.4 4.35775
      vertex 8.06642 0.565685 4.25688
      vertex 7.48284 0.565685 4.64682
    endloop
  endfacet
  facet normal 0.513442 0.382006 0.768407
    outer loop
      vertex 7.58637 0.207055 4.82614
      vertex 8.19247 0.207055 4.42115
      vertex 7.54641 0.4 4.75692
    endloop
  endfacet
  facet normal 0.51344 0.38196 0.76843
    outer loop
      vertex 8.19247 0.207055 4.42115
      vertex 8.14382 0.4 4.35775
      vertex 7.54641 0.4 4.75692
    endloop
  endfacet
  facet normal 0.550839 0.130224 0.82439
    outer loop
      vertex 7.6 0 4.84974
      vertex 8.20906 0 4.44278
      vertex 7.58637 0.207055 4.82614
    endloop
  endfacet
  facet normal 0.550844 0.130255 0.824382
    outer loop
      vertex 8.20906 0 4.44278
      vertex 8.19247 0.207055 4.42115
      vertex 7.58637 0.207055 4.82614
    endloop
  endfacet
  facet normal 0.653731 -0.130251 0.745433
    outer loop
      vertex 8.19247 -0.207055 4.42115
      vertex 8.74052 -0.207055 3.94052
      vertex 8.20906 0 4.44278
    endloop
  endfacet
  facet normal 0.653722 -0.130283 0.745436
    outer loop
      vertex 8.74052 -0.207055 3.94052
      vertex 8.7598 0 3.9598
      vertex 8.20906 0 4.44278
    endloop
  endfacet
  facet normal 0.609358 -0.381961 0.69483
    outer loop
      vertex 8.14382 -0.4 4.35775
      vertex 8.68401 -0.4 3.88401
      vertex 8.19247 -0.207055 4.42115
    endloop
  endfacet
  facet normal 0.609353 -0.381971 0.694829
    outer loop
      vertex 8.68401 -0.4 3.88401
      vertex 8.74052 -0.207055 3.94052
      vertex 8.19247 -0.207055 4.42115
    endloop
  endfacet
  facet normal 0.523494 -0.607968 0.596933
    outer loop
      vertex 8.06642 -0.565685 4.25688
      vertex 8.59411 -0.565685 3.79411
      vertex 8.14382 -0.4 4.35775
    endloop
  endfacet
  facet normal 0.523508 -0.60795 0.596939
    outer loop
      vertex 8.59411 -0.565685 3.79411
      vertex 8.68401 -0.4 3.88401
      vertex 8.14382 -0.4 4.35775
    endloop
  endfacet
  facet normal 0.401934 -0.79271 0.458324
    outer loop
      vertex 7.96556 -0.69282 4.12544
      vertex 8.47696 -0.69282 3.67696
      vertex 8.06642 -0.565685 4.25688
    endloop
  endfacet
  facet normal 0.401941 -0.792704 0.458327
    outer loop
      vertex 8.47696 -0.69282 3.67696
      vertex 8.59411 -0.565685 3.79411
      vertex 8.06642 -0.565685 4.25688
    endloop
  endfacet
  facet normal 0.252777 -0.923593 0.288237
    outer loop
      vertex 7.8481 -0.772741 3.97236
      vertex 8.34052 -0.772741 3.54052
      vertex 7.96556 -0.69282 4.12544
    endloop
  endfacet
  facet normal 0.252771 -0.923595 0.288234
    outer loop
      vertex 8.34052 -0.772741 3.54052
      vertex 8.47696 -0.69282 3.67696
      vertex 7.96556 -0.69282 4.12544
    endloop
  endfacet
  facet normal 0.0862446 -0.991408 0.0983421
    outer loop
      vertex 7.72205 -0.8 3.8081
      vertex 8.19411 -0.8 3.39411
      vertex 7.8481 -0.772741 3.97236
    endloop
  endfacet
  facet normal 0.0862424 -0.991409 0.0983407
    outer loop
      vertex 8.19411 -0.8 3.39411
      vertex 8.34052 -0.772741 3.54052
      vertex 7.8481 -0.772741 3.97236
    endloop
  endfacet
  facet normal -0.0862448 -0.991409 -0.0983412
    outer loop
      vertex 7.59601 -0.772741 3.64383
      vertex 8.0477 -0.772741 3.2477
      vertex 7.72205 -0.8 3.8081
    endloop
  endfacet
  facet normal -0.0862429 -0.991409 -0.0983402
    outer loop
      vertex 8.0477 -0.772741 3.2477
      vertex 8.19411 -0.8 3.39411
      vertex 7.72205 -0.8 3.8081
    endloop
  endfacet
  facet normal -0.252775 -0.923593 -0.288238
    outer loop
      vertex 7.47855 -0.69282 3.49075
      vertex 7.91127 -0.69282 3.11127
      vertex 7.59601 -0.772741 3.64383
    endloop
  endfacet
  facet normal -0.252791 -0.923585 -0.288247
    outer loop
      vertex 7.91127 -0.69282 3.11127
      vertex 8.0477 -0.772741 3.2477
      vertex 7.59601 -0.772741 3.64383
    endloop
  endfacet
  facet normal -0.401943 -0.792709 -0.458316
    outer loop
      vertex 7.37769 -0.565685 3.35931
      vertex 7.79411 -0.565685 2.99411
      vertex 7.47855 -0.69282 3.49075
    endloop
  endfacet
  facet normal -0.401917 -0.792729 -0.458305
    outer loop
      vertex 7.79411 -0.565685 2.99411
      vertex 7.91127 -0.69282 3.11127
      vertex 7.47855 -0.69282 3.49075
    endloop
  endfacet
  facet normal -0.523497 -0.607967 -0.596931
    outer loop
      vertex 7.30029 -0.4 3.25844
      vertex 7.70421 -0.4 2.90421
      vertex 7.37769 -0.565685 3.35931
    endloop
  endfacet
  facet normal -0.523512 -0.60795 -0.596935
    outer loop
      vertex 7.70421 -0.4 2.90421
      vertex 7.79411 -0.565685 2.99411
      vertex 7.37769 -0.565685 3.35931
    endloop
  endfacet
  facet normal -0.609358 -0.381961 -0.69483
    outer loop
      vertex 7.25164 -0.207055 3.19504
      vertex 7.6477 -0.207055 2.8477
      vertex 7.30029 -0.4 3.25844
    endloop
  endfacet
  facet normal -0.609352 -0.381971 -0.69483
    outer loop
      vertex 7.6477 -0.207055 2.8477
      vertex 7.70421 -0.4 2.90421
      vertex 7.30029 -0.4 3.25844
    endloop
  endfacet
  facet normal -0.653724 -0.130251 -0.74544
    outer loop
      vertex 7.23505 0 3.17341
      vertex 7.62843 0 2.82843
      vertex 7.25164 -0.207055 3.19504
    endloop
  endfacet
  facet normal -0.653737 -0.130217 -0.745434
    outer loop
      vertex 7.62843 0 2.82843
      vertex 7.6477 -0.207055 2.8477
      vertex 7.25164 -0.207055 3.19504
    endloop
  endfacet
  facet normal -0.653734 0.130251 -0.745431
    outer loop
      vertex 7.25164 0.207055 3.19504
      vertex 7.6477 0.207055 2.8477
      vertex 7.23505 0 3.17341
    endloop
  endfacet
  facet normal -0.653727 0.130217 -0.745443
    outer loop
      vertex 7.6477 0.207055 2.8477
      vertex 7.62843 0 2.82843
      vertex 7.23505 0 3.17341
    endloop
  endfacet
  facet normal -0.609355 0.381961 -0.694833
    outer loop
      vertex 7.30029 0.4 3.25844
      vertex 7.70421 0.4 2.90421
      vertex 7.25164 0.207055 3.19504
    endloop
  endfacet
  facet normal -0.609355 0.381971 -0.694827
    outer loop
      vertex 7.70421 0.4 2.90421
      vertex 7.6477 0.207055 2.8477
      vertex 7.25164 0.207055 3.19504
    endloop
  endfacet
  facet normal -0.523503 0.607967 -0.596926
    outer loop
      vertex 7.37769 0.565685 3.35931
      vertex 7.79411 0.565685 2.99411
      vertex 7.30029 0.4 3.25844
    endloop
  endfacet
  facet normal -0.523506 0.60795 -0.596941
    outer loop
      vertex 7.79411 0.565685 2.99411
      vertex 7.70421 0.4 2.90421
      vertex 7.30029 0.4 3.25844
    endloop
  endfacet
  facet normal -0.401934 0.79271 -0.458324
    outer loop
      vertex 7.47855 0.69282 3.49075
      vertex 7.91127 0.69282 3.11127
      vertex 7.37769 0.565685 3.35931
    endloop
  endfacet
  facet normal -0.401926 0.792729 -0.458297
    outer loop
      vertex 7.91127 0.69282 3.11127
      vertex 7.79411 0.565685 2.99411
      vertex 7.37769 0.565685 3.35931
    endloop
  endfacet
  facet normal -0.25278 0.923593 -0.288234
    outer loop
      vertex 7.59601 0.772741 3.64383
      vertex 8.0477 0.772741 3.2477
      vertex 7.47855 0.69282 3.49075
    endloop
  endfacet
  facet normal -0.252787 0.923585 -0.288252
    outer loop
      vertex 8.0477 0.772741 3.2477
      vertex 7.91127 0.69282 3.11127
      vertex 7.47855 0.69282 3.49075
    endloop
  endfacet
  facet normal -0.0862442 0.991409 -0.0983416
    outer loop
      vertex 7.72205 0.8 3.8081
      vertex 8.19411 0.8 3.39411
      vertex 7.59601 0.772741 3.64383
    endloop
  endfacet
  facet normal -0.0862434 0.991409 -0.0983397
    outer loop
      vertex 8.19411 0.8 3.39411
      vertex 8.0477 0.772741 3.2477
      vertex 7.59601 0.772741 3.64383
    endloop
  endfacet
  facet normal 0.086244 0.991408 0.0983426
    outer loop
      vertex 7.8481 0.772741 3.97236
      vertex 8.34052 0.772741 3.54052
      vertex 7.72205 0.8 3.8081
    endloop
  endfacet
  facet normal 0.0862429 0.991409 0.0983402
    outer loop
      vertex 8.34052 0.772741 3.54052
      vertex 8.19411 0.8 3.39411
      vertex 7.72205 0.8 3.8081
    endloop
  endfacet
  facet normal 0.252775 0.923593 0.288238
    outer loop
      vertex 7.96556 0.69282 4.12544
      vertex 8.47696 0.69282 3.67696
      vertex 7.8481 0.772741 3.97236
    endloop
  endfacet
  facet normal 0.252772 0.923595 0.288232
    outer loop
      vertex 8.47696 0.69282 3.67696
      vertex 8.34052 0.772741 3.54052
      vertex 7.8481 0.772741 3.97236
    endloop
  endfacet
  facet normal 0.401936 0.792709 0.458322
    outer loop
      vertex 8.06642 0.565685 4.25688
      vertex 8.59411 0.565685 3.79411
      vertex 7.96556 0.69282 4.12544
    endloop
  endfacet
  facet normal 0.401939 0.792704 0.458329
    outer loop
      vertex 8.59411 0.565685 3.79411
      vertex 8.47696 0.69282 3.67696
      vertex 7.96556 0.69282 4.12544
    endloop
  endfacet
  facet normal 0.523499 0.607967 0.596929
    outer loop
      vertex 8.14382 0.4 4.35775
      vertex 8.68401 0.4 3.88401
      vertex 8.06642 0.565685 4.25688
    endloop
  endfacet
  facet normal 0.523503 0.60795 0.596943
    outer loop
      vertex 8.68401 0.4 3.88401
      vertex 8.59411 0.565685 3.79411
      vertex 8.06642 0.565685 4.25688
    endloop
  endfacet
  facet normal 0.609355 0.381961 0.694832
    outer loop
      vertex 8.19247 0.207055 4.42115
      vertex 8.74052 0.207055 3.94052
      vertex 8.14382 0.4 4.35775
    endloop
  endfacet
  facet normal 0.609355 0.381971 0.694827
    outer loop
      vertex 8.74052 0.207055 3.94052
      vertex 8.68401 0.4 3.88401
      vertex 8.14382 0.4 4.35775
    endloop
  endfacet
  facet normal 0.653724 0.130251 0.745439
    outer loop
      vertex 8.20906 0 4.44278
      vertex 8.7598 0 3.9598
      vertex 8.19247 0.207055 4.42115
    endloop
  endfacet
  facet normal 0.653728 0.130283 0.74543
    outer loop
      vertex 8.7598 0 3.9598
      vertex 8.74052 0.207055 3.94052
      vertex 8.19247 0.207055 4.42115
    endloop
  endfacet
  facet normal 0.74543 -0.130283 0.653728
    outer loop
      vertex 8.74052 -0.207055 3.94052
      vertex 9.22115 -0.207055 3.39247
      vertex 8.7598 0 3.9598
    endloop
  endfacet
  facet normal 0.745439 -0.130251 0.653724
    outer loop
      vertex 9.22115 -0.207055 3.39247
      vertex 9.24278 0 3.40906
      vertex 8.7598 0 3.9598
    endloop
  endfacet
  facet normal 0.694827 -0.381971 0.609355
    outer loop
      vertex 8.68401 -0.4 3.88401
      vertex 9.15775 -0.4 3.34382
      vertex 8.74052 -0.207055 3.94052
    endloop
  endfacet
  facet normal 0.694832 -0.381961 0.609355
    outer loop
      vertex 9.15775 -0.4 3.34382
      vertex 9.22115 -0.207055 3.39247
      vertex 8.74052 -0.207055 3.94052
    endloop
  endfacet
  facet normal 0.596943 -0.60795 0.523503
    outer loop
      vertex 8.59411 -0.565685 3.79411
      vertex 9.05688 -0.565685 3.26642
      vertex 8.68401 -0.4 3.88401
    endloop
  endfacet
  facet normal 0.596929 -0.607967 0.523499
    outer loop
      vertex 9.05688 -0.565685 3.26642
      vertex 9.15775 -0.4 3.34382
      vertex 8.68401 -0.4 3.88401
    endloop
  endfacet
  facet normal 0.458329 -0.792704 0.401939
    outer loop
      vertex 8.47696 -0.69282 3.67696
      vertex 8.92544 -0.69282 3.16556
      vertex 8.59411 -0.565685 3.79411
    endloop
  endfacet
  facet normal 0.458322 -0.792709 0.401936
    outer loop
      vertex 8.92544 -0.69282 3.16556
      vertex 9.05688 -0.565685 3.26642
      vertex 8.59411 -0.565685 3.79411
    endloop
  endfacet
  facet normal 0.288232 -0.923595 0.252772
    outer loop
      vertex 8.34052 -0.772741 3.54052
      vertex 8.77236 -0.772741 3.0481
      vertex 8.47696 -0.69282 3.67696
    endloop
  endfacet
  facet normal 0.288238 -0.923593 0.252775
    outer loop
      vertex 8.77236 -0.772741 3.0481
      vertex 8.92544 -0.69282 3.16556
      vertex 8.47696 -0.69282 3.67696
    endloop
  endfacet
  facet normal 0.0983402 -0.991409 0.0862429
    outer loop
      vertex 8.19411 -0.8 3.39411
      vertex 8.6081 -0.8 2.92205
      vertex 8.34052 -0.772741 3.54052
    endloop
  endfacet
  facet normal 0.0983426 -0.991408 0.086244
    outer loop
      vertex 8.6081 -0.8 2.92205
      vertex 8.77236 -0.772741 3.0481
      vertex 8.34052 -0.772741 3.54052
    endloop
  endfacet
  facet normal -0.0983397 -0.991409 -0.0862434
    outer loop
      vertex 8.0477 -0.772741 3.2477
      vertex 8.44383 -0.772741 2.79601
      vertex 8.19411 -0.8 3.39411
    endloop
  endfacet
  facet normal -0.0983416 -0.991409 -0.0862442
    outer loop
      vertex 8.44383 -0.772741 2.79601
      vertex 8.6081 -0.8 2.92205
      vertex 8.19411 -0.8 3.39411
    endloop
  endfacet
  facet normal -0.288252 -0.923585 -0.252787
    outer loop
      vertex 7.91127 -0.69282 3.11127
      vertex 8.29075 -0.69282 2.67855
      vertex 8.0477 -0.772741 3.2477
    endloop
  endfacet
  facet normal -0.288234 -0.923593 -0.25278
    outer loop
      vertex 8.29075 -0.69282 2.67855
      vertex 8.44383 -0.772741 2.79601
      vertex 8.0477 -0.772741 3.2477
    endloop
  endfacet
  facet normal -0.458297 -0.792729 -0.401926
    outer loop
      vertex 7.79411 -0.565685 2.99411
      vertex 8.15931 -0.565685 2.57769
      vertex 7.91127 -0.69282 3.11127
    endloop
  endfacet
  facet normal -0.458324 -0.79271 -0.401934
    outer loop
      vertex 8.15931 -0.565685 2.57769
      vertex 8.29075 -0.69282 2.67855
      vertex 7.91127 -0.69282 3.11127
    endloop
  endfacet
  facet normal -0.596941 -0.60795 -0.523506
    outer loop
      vertex 7.70421 -0.4 2.90421
      vertex 8.05844 -0.4 2.50029
      vertex 7.79411 -0.565685 2.99411
    endloop
  endfacet
  facet normal -0.596926 -0.607967 -0.523503
    outer loop
      vertex 8.05844 -0.4 2.50029
      vertex 8.15931 -0.565685 2.57769
      vertex 7.79411 -0.565685 2.99411
    endloop
  endfacet
  facet normal -0.694827 -0.381971 -0.609355
    outer loop
      vertex 7.6477 -0.207055 2.8477
      vertex 7.99504 -0.207055 2.45164
      vertex 7.70421 -0.4 2.90421
    endloop
  endfacet
  facet normal -0.694833 -0.381961 -0.609355
    outer loop
      vertex 7.99504 -0.207055 2.45164
      vertex 8.05844 -0.4 2.50029
      vertex 7.70421 -0.4 2.90421
    endloop
  endfacet
  facet normal -0.745443 -0.130217 -0.653727
    outer loop
      vertex 7.62843 0 2.82843
      vertex 7.97341 0 2.43505
      vertex 7.6477 -0.207055 2.8477
    endloop
  endfacet
  facet normal -0.745431 -0.130251 -0.653734
    outer loop
      vertex 7.97341 0 2.43505
      vertex 7.99504 -0.207055 2.45164
      vertex 7.6477 -0.207055 2.8477
    endloop
  endfacet
  facet normal -0.745434 0.130217 -0.653737
    outer loop
      vertex 7.6477 0.207055 2.8477
      vertex 7.99504 0.207055 2.45164
      vertex 7.62843 0 2.82843
    endloop
  endfacet
  facet normal -0.74544 0.130251 -0.653724
    outer loop
      vertex 7.99504 0.207055 2.45164
      vertex 7.97341 0 2.43505
      vertex 7.62843 0 2.82843
    endloop
  endfacet
  facet normal -0.69483 0.381971 -0.609352
    outer loop
      vertex 7.70421 0.4 2.90421
      vertex 8.05844 0.4 2.50029
      vertex 7.6477 0.207055 2.8477
    endloop
  endfacet
  facet normal -0.69483 0.381961 -0.609358
    outer loop
      vertex 8.05844 0.4 2.50029
      vertex 7.99504 0.207055 2.45164
      vertex 7.6477 0.207055 2.8477
    endloop
  endfacet
  facet normal -0.596935 0.60795 -0.523512
    outer loop
      vertex 7.79411 0.565685 2.99411
      vertex 8.15931 0.565685 2.57769
      vertex 7.70421 0.4 2.90421
    endloop
  endfacet
  facet normal -0.596931 0.607967 -0.523497
    outer loop
      vertex 8.15931 0.565685 2.57769
      vertex 8.05844 0.4 2.50029
      vertex 7.70421 0.4 2.90421
    endloop
  endfacet
  facet normal -0.458305 0.792729 -0.401917
    outer loop
      vertex 7.91127 0.69282 3.11127
      vertex 8.29075 0.69282 2.67855
      vertex 7.79411 0.565685 2.99411
    endloop
  endfacet
  facet normal -0.458316 0.792709 -0.401943
    outer loop
      vertex 8.29075 0.69282 2.67855
      vertex 8.15931 0.565685 2.57769
      vertex 7.79411 0.565685 2.99411
    endloop
  endfacet
  facet normal -0.288247 0.923585 -0.252791
    outer loop
      vertex 8.0477 0.772741 3.2477
      vertex 8.44383 0.772741 2.79601
      vertex 7.91127 0.69282 3.11127
    endloop
  endfacet
  facet normal -0.288238 0.923593 -0.252775
    outer loop
      vertex 8.44383 0.772741 2.79601
      vertex 8.29075 0.69282 2.67855
      vertex 7.91127 0.69282 3.11127
    endloop
  endfacet
  facet normal -0.0983402 0.991409 -0.0862429
    outer loop
      vertex 8.19411 0.8 3.39411
      vertex 8.6081 0.8 2.92205
      vertex 8.0477 0.772741 3.2477
    endloop
  endfacet
  facet normal -0.0983412 0.991409 -0.0862448
    outer loop
      vertex 8.6081 0.8 2.92205
      vertex 8.44383 0.772741 2.79601
      vertex 8.0477 0.772741 3.2477
    endloop
  endfacet
  facet normal 0.0983407 0.991409 0.0862424
    outer loop
      vertex 8.34052 0.772741 3.54052
      vertex 8.77236 0.772741 3.0481
      vertex 8.19411 0.8 3.39411
    endloop
  endfacet
  facet normal 0.0983421 0.991408 0.0862446
    outer loop
      vertex 8.77236 0.772741 3.0481
      vertex 8.6081 0.8 2.92205
      vertex 8.19411 0.8 3.39411
    endloop
  endfacet
  facet normal 0.288234 0.923595 0.252771
    outer loop
      vertex 8.47696 0.69282 3.67696
      vertex 8.92544 0.69282 3.16556
      vertex 8.34052 0.772741 3.54052
    endloop
  endfacet
  facet normal 0.288237 0.923593 0.252777
    outer loop
      vertex 8.92544 0.69282 3.16556
      vertex 8.77236 0.772741 3.0481
      vertex 8.34052 0.772741 3.54052
    endloop
  endfacet
  facet normal 0.458327 0.792704 0.401941
    outer loop
      vertex 8.59411 0.565685 3.79411
      vertex 9.05688 0.565685 3.26642
      vertex 8.47696 0.69282 3.67696
    endloop
  endfacet
  facet normal 0.458324 0.79271 0.401934
    outer loop
      vertex 9.05688 0.565685 3.26642
      vertex 8.92544 0.69282 3.16556
      vertex 8.47696 0.69282 3.67696
    endloop
  endfacet
  facet normal 0.596939 0.60795 0.523508
    outer loop
      vertex 8.68401 0.4 3.88401
      vertex 9.15775 0.4 3.34382
      vertex 8.59411 0.565685 3.79411
    endloop
  endfacet
  facet normal 0.596933 0.607968 0.523494
    outer loop
      vertex 9.15775 0.4 3.34382
      vertex 9.05688 0.565685 3.26642
      vertex 8.59411 0.565685 3.79411
    endloop
  endfacet
  facet normal 0.694829 0.381971 0.609353
    outer loop
      vertex 8.74052 0.207055 3.94052
      vertex 9.22115 0.207055 3.39247
      vertex 8.68401 0.4 3.88401
    endloop
  endfacet
  facet normal 0.69483 0.381961 0.609358
    outer loop
      vertex 9.22115 0.207055 3.39247
      vertex 9.15775 0.4 3.34382
      vertex 8.68401 0.4 3.88401
    endloop
  endfacet
  facet normal 0.745436 0.130283 0.653722
    outer loop
      vertex 8.7598 0 3.9598
      vertex 9.24278 0 3.40906
      vertex 8.74052 0.207055 3.94052
    endloop
  endfacet
  facet normal 0.745433 0.130251 0.653731
    outer loop
      vertex 9.24278 0 3.40906
      vertex 9.22115 0.207055 3.39247
      vertex 8.74052 0.207055 3.94052
    endloop
  endfacet
  facet normal 0.824388 -0.130255 0.550834
    outer loop
      vertex 9.22115 -0.207055 3.39247
      vertex 9.62613 -0.207055 2.78637
      vertex 9.24278 0 3.40906
    endloop
  endfacet
  facet normal 0.824386 -0.130263 0.550836
    outer loop
      vertex 9.62613 -0.207055 2.78637
      vertex 9.64974 0 2.8
      vertex 9.24278 0 3.40906
    endloop
  endfacet
  facet normal 0.76843 -0.38196 0.51344
    outer loop
      vertex 9.15775 -0.4 3.34382
      vertex 9.55692 -0.4 2.74641
      vertex 9.22115 -0.207055 3.39247
    endloop
  endfacet
  facet normal 0.768424 -0.381973 0.513441
    outer loop
      vertex 9.55692 -0.4 2.74641
      vertex 9.62613 -0.207055 2.78637
      vertex 9.22115 -0.207055 3.39247
    endloop
  endfacet
  facet normal 0.660153 -0.607968 0.441105
    outer loop
      vertex 9.05688 -0.565685 3.26642
      vertex 9.44682 -0.565685 2.68284
      vertex 9.15775 -0.4 3.34382
    endloop
  endfacet
  facet normal 0.660176 -0.60794 0.441108
    outer loop
      vertex 9.44682 -0.565685 2.68284
      vertex 9.55692 -0.4 2.74641
      vertex 9.15775 -0.4 3.34382
    endloop
  endfacet
  facet normal 0.506866 -0.792709 0.338673
    outer loop
      vertex 8.92544 -0.69282 3.16556
      vertex 9.30333 -0.69282 2.6
      vertex 9.05688 -0.565685 3.26642
    endloop
  endfacet
  facet normal 0.506847 -0.792723 0.338668
    outer loop
      vertex 9.30333 -0.69282 2.6
      vertex 9.44682 -0.565685 2.68284
      vertex 9.05688 -0.565685 3.26642
    endloop
  endfacet
  facet normal 0.318762 -0.923593 0.212996
    outer loop
      vertex 8.77236 -0.772741 3.0481
      vertex 9.13624 -0.772741 2.50353
      vertex 8.92544 -0.69282 3.16556
    endloop
  endfacet
  facet normal 0.318783 -0.923584 0.213001
    outer loop
      vertex 9.13624 -0.772741 2.50353
      vertex 9.30333 -0.69282 2.6
      vertex 8.92544 -0.69282 3.16556
    endloop
  endfacet
  facet normal 0.108759 -0.991408 0.0726699
    outer loop
      vertex 8.6081 -0.8 2.92205
      vertex 8.95692 -0.8 2.4
      vertex 8.77236 -0.772741 3.0481
    endloop
  endfacet
  facet normal 0.108752 -0.991409 0.0726681
    outer loop
      vertex 8.95692 -0.8 2.4
      vertex 9.13624 -0.772741 2.50353
      vertex 8.77236 -0.772741 3.0481
    endloop
  endfacet
  facet normal -0.108758 -0.991409 -0.072669
    outer loop
      vertex 8.44383 -0.772741 2.79601
      vertex 8.77761 -0.772741 2.29647
      vertex 8.6081 -0.8 2.92205
    endloop
  endfacet
  facet normal -0.108758 -0.991409 -0.0726691
    outer loop
      vertex 8.77761 -0.772741 2.29647
      vertex 8.95692 -0.8 2.4
      vertex 8.6081 -0.8 2.92205
    endloop
  endfacet
  facet normal -0.318763 -0.923593 -0.212993
    outer loop
      vertex 8.29075 -0.69282 2.67855
      vertex 8.61051 -0.69282 2.2
      vertex 8.44383 -0.772741 2.79601
    endloop
  endfacet
  facet normal -0.318771 -0.92359 -0.212995
    outer loop
      vertex 8.61051 -0.69282 2.2
      vertex 8.77761 -0.772741 2.29647
      vertex 8.44383 -0.772741 2.79601
    endloop
  endfacet
  facet normal -0.506868 -0.792709 -0.338671
    outer loop
      vertex 8.15931 -0.565685 2.57769
      vertex 8.46702 -0.565685 2.11716
      vertex 8.29075 -0.69282 2.67855
    endloop
  endfacet
  facet normal -0.506848 -0.792723 -0.338668
    outer loop
      vertex 8.46702 -0.565685 2.11716
      vertex 8.61051 -0.69282 2.2
      vertex 8.29075 -0.69282 2.67855
    endloop
  endfacet
  facet normal -0.660152 -0.607968 -0.441106
    outer loop
      vertex 8.05844 -0.4 2.50029
      vertex 8.35692 -0.4 2.05359
      vertex 8.15931 -0.565685 2.57769
    endloop
  endfacet
  facet normal -0.660177 -0.60794 -0.441107
    outer loop
      vertex 8.35692 -0.4 2.05359
      vertex 8.46702 -0.565685 2.11716
      vertex 8.15931 -0.565685 2.57769
    endloop
  endfacet
  facet normal -0.768426 -0.381961 -0.513447
    outer loop
      vertex 7.99504 -0.207055 2.45164
      vertex 8.28771 -0.207055 2.01363
      vertex 8.05844 -0.4 2.50029
    endloop
  endfacet
  facet normal -0.768419 -0.381972 -0.513449
    outer loop
      vertex 8.28771 -0.207055 2.01363
      vertex 8.35692 -0.4 2.05359
      vertex 8.05844 -0.4 2.50029
    endloop
  endfacet
  facet normal -0.824387 -0.130255 -0.550836
    outer loop
      vertex 7.97341 0 2.43505
      vertex 8.2641 0 2
      vertex 7.99504 -0.207055 2.45164
    endloop
  endfacet
  facet normal -0.824384 -0.130263 -0.550838
    outer loop
      vertex 8.2641 0 2
      vertex 8.28771 -0.207055 2.01363
      vertex 7.99504 -0.207055 2.45164
    endloop
  endfacet
  facet normal -0.824385 0.130255 -0.550838
    outer loop
      vertex 7.99504 0.207055 2.45164
      vertex 8.28771 0.207055 2.01363
      vertex 7.97341 0 2.43505
    endloop
  endfacet
  facet normal -0.824386 0.130263 -0.550835
    outer loop
      vertex 8.28771 0.207055 2.01363
      vertex 8.2641 0 2
      vertex 7.97341 0 2.43505
    endloop
  endfacet
  facet normal -0.768423 0.381961 -0.513452
    outer loop
      vertex 8.05844 0.4 2.50029
      vertex 8.35692 0.4 2.05359
      vertex 7.99504 0.207055 2.45164
    endloop
  endfacet
  facet normal -0.768421 0.381973 -0.513445
    outer loop
      vertex 8.35692 0.4 2.05359
      vertex 8.28771 0.207055 2.01363
      vertex 7.99504 0.207055 2.45164
    endloop
  endfacet
  facet normal -0.660159 0.607967 -0.441095
    outer loop
      vertex 8.15931 0.565685 2.57769
      vertex 8.46702 0.565685 2.11716
      vertex 8.05844 0.4 2.50029
    endloop
  endfacet
  facet normal -0.66017 0.60794 -0.441118
    outer loop
      vertex 8.46702 0.565685 2.11716
      vertex 8.35692 0.4 2.05359
      vertex 8.05844 0.4 2.50029
    endloop
  endfacet
  facet normal -0.506862 0.792709 -0.338678
    outer loop
      vertex 8.29075 0.69282 2.67855
      vertex 8.61051 0.69282 2.2
      vertex 8.15931 0.565685 2.57769
    endloop
  endfacet
  facet normal -0.506852 0.792723 -0.338661
    outer loop
      vertex 8.61051 0.69282 2.2
      vertex 8.46702 0.565685 2.11716
      vertex 8.15931 0.565685 2.57769
    endloop
  endfacet
  facet normal -0.318765 0.923593 -0.212991
    outer loop
      vertex 8.44383 0.772741 2.79601
      vertex 8.77761 0.772741 2.29647
      vertex 8.29075 0.69282 2.67855
    endloop
  endfacet
  facet normal -0.31877 0.92359 -0.212997
    outer loop
      vertex 8.77761 0.772741 2.29647
      vertex 8.61051 0.69282 2.2
      vertex 8.29075 0.69282 2.67855
    endloop
  endfacet
  facet normal -0.108758 0.991409 -0.072669
    outer loop
      vertex 8.6081 0.8 2.92205
      vertex 8.95692 0.8 2.4
      vertex 8.44383 0.772741 2.79601
    endloop
  endfacet
  facet normal -0.108758 0.991409 -0.0726692
    outer loop
      vertex 8.95692 0.8 2.4
      vertex 8.77761 0.772741 2.29647
      vertex 8.44383 0.772741 2.79601
    endloop
  endfacet
  facet normal 0.108758 0.991408 0.0726716
    outer loop
      vertex 8.77236 0.772741 3.0481
      vertex 9.13624 0.772741 2.50353
      vertex 8.6081 0.8 2.92205
    endloop
  endfacet
  facet normal 0.108754 0.991409 0.0726662
    outer loop
      vertex 9.13624 0.772741 2.50353
      vertex 8.95692 0.8 2.4
      vertex 8.6081 0.8 2.92205
    endloop
  endfacet
  facet normal 0.318766 0.923593 0.21299
    outer loop
      vertex 8.92544 0.69282 3.16556
      vertex 9.30333 0.69282 2.6
      vertex 8.77236 0.772741 3.0481
    endloop
  endfacet
  facet normal 0.31878 0.923584 0.213008
    outer loop
      vertex 9.30333 0.69282 2.6
      vertex 9.13624 0.772741 2.50353
      vertex 8.77236 0.772741 3.0481
    endloop
  endfacet
  facet normal 0.506862 0.792709 0.338678
    outer loop
      vertex 9.05688 0.565685 3.26642
      vertex 9.44682 0.565685 2.68284
      vertex 8.92544 0.69282 3.16556
    endloop
  endfacet
  facet normal 0.506851 0.792723 0.338662
    outer loop
      vertex 9.44682 0.565685 2.68284
      vertex 9.30333 0.69282 2.6
      vertex 8.92544 0.69282 3.16556
    endloop
  endfacet
  facet normal 0.660159 0.607967 0.441097
    outer loop
      vertex 9.15775 0.4 3.34382
      vertex 9.55692 0.4 2.74641
      vertex 9.05688 0.565685 3.26642
    endloop
  endfacet
  facet normal 0.66017 0.60794 0.441117
    outer loop
      vertex 9.55692 0.4 2.74641
      vertex 9.44682 0.565685 2.68284
      vertex 9.05688 0.565685 3.26642
    endloop
  endfacet
  facet normal 0.768428 0.381961 0.513443
    outer loop
      vertex 9.22115 0.207055 3.39247
      vertex 9.62613 0.207055 2.78637
      vertex 9.15775 0.4 3.34382
    endloop
  endfacet
  facet normal 0.768426 0.381973 0.513437
    outer loop
      vertex 9.62613 0.207055 2.78637
      vertex 9.55692 0.4 2.74641
      vertex 9.15775 0.4 3.34382
    endloop
  endfacet
  facet normal 0.824387 0.130255 0.550836
    outer loop
      vertex 9.24278 0 3.40906
      vertex 9.64974 0 2.8
      vertex 9.22115 0.207055 3.39247
    endloop
  endfacet
  facet normal 0.824387 0.130263 0.550834
    outer loop
      vertex 9.64974 0 2.8
      vertex 9.62613 0.207055 2.78637
      vertex 9.22115 0.207055 3.39247
    endloop
  endfacet
  facet normal 0.889227 -0.130264 0.438527
    outer loop
      vertex 9.62613 -0.207055 2.78637
      vertex 9.94854 -0.207055 2.1326
      vertex 9.64974 0 2.8
    endloop
  endfacet
  facet normal 0.889225 -0.130272 0.438529
    outer loop
      vertex 9.94854 -0.207055 2.1326
      vertex 9.97373 0 2.14303
      vertex 9.64974 0 2.8
    endloop
  endfacet
  facet normal 0.828868 -0.381972 0.408749
    outer loop
      vertex 9.55692 -0.4 2.74641
      vertex 9.8747 -0.4 2.10201
      vertex 9.62613 -0.207055 2.78637
    endloop
  endfacet
  facet normal 0.828851 -0.382006 0.408752
    outer loop
      vertex 9.8747 -0.4 2.10201
      vertex 9.94854 -0.207055 2.1326
      vertex 9.62613 -0.207055 2.78637
    endloop
  endfacet
  facet normal 0.7121 -0.607939 0.351174
    outer loop
      vertex 9.44682 -0.565685 2.68284
      vertex 9.75725 -0.565685 2.05336
      vertex 9.55692 -0.4 2.74641
    endloop
  endfacet
  facet normal 0.712118 -0.607918 0.351175
    outer loop
      vertex 9.75725 -0.565685 2.05336
      vertex 9.8747 -0.4 2.10201
      vertex 9.55692 -0.4 2.74641
    endloop
  endfacet
  facet normal 0.546718 -0.792724 0.269608
    outer loop
      vertex 9.30333 -0.69282 2.6
      vertex 9.60417 -0.69282 1.98995
      vertex 9.44682 -0.565685 2.68284
    endloop
  endfacet
  facet normal 0.5467 -0.792737 0.269607
    outer loop
      vertex 9.60417 -0.69282 1.98995
      vertex 9.75725 -0.565685 2.05336
      vertex 9.44682 -0.565685 2.68284
    endloop
  endfacet
  facet normal 0.343857 -0.923584 0.169572
    outer loop
      vertex 9.13624 -0.772741 2.50353
      vertex 9.42592 -0.772741 1.91612
      vertex 9.30333 -0.69282 2.6
    endloop
  endfacet
  facet normal 0.343865 -0.923581 0.169573
    outer loop
      vertex 9.42592 -0.772741 1.91612
      vertex 9.60417 -0.69282 1.98995
      vertex 9.30333 -0.69282 2.6
    endloop
  endfacet
  facet normal 0.117308 -0.991409 0.0578498
    outer loop
      vertex 8.95692 -0.8 2.4
      vertex 9.23462 -0.8 1.83688
      vertex 9.13624 -0.772741 2.50353
    endloop
  endfacet
  facet normal 0.117307 -0.991409 0.0578497
    outer loop
      vertex 9.23462 -0.8 1.83688
      vertex 9.42592 -0.772741 1.91612
      vertex 9.13624 -0.772741 2.50353
    endloop
  endfacet
  facet normal -0.117313 -0.991409 -0.057852
    outer loop
      vertex 8.77761 -0.772741 2.29647
      vertex 9.04333 -0.772741 1.75764
      vertex 8.95692 -0.8 2.4
    endloop
  endfacet
  facet normal -0.117312 -0.991409 -0.0578519
    outer loop
      vertex 9.04333 -0.772741 1.75764
      vertex 9.23462 -0.8 1.83688
      vertex 8.95692 -0.8 2.4
    endloop
  endfacet
  facet normal -0.343843 -0.92359 -0.169567
    outer loop
      vertex 8.61051 -0.69282 2.2
      vertex 8.86507 -0.69282 1.68381
      vertex 8.77761 -0.772741 2.29647
    endloop
  endfacet
  facet normal -0.343851 -0.923587 -0.169567
    outer loop
      vertex 8.86507 -0.69282 1.68381
      vertex 9.04333 -0.772741 1.75764
      vertex 8.77761 -0.772741 2.29647
    endloop
  endfacet
  facet normal -0.546714 -0.792724 -0.269615
    outer loop
      vertex 8.46702 -0.565685 2.11716
      vertex 8.712 -0.565685 1.6204
      vertex 8.61051 -0.69282 2.2
    endloop
  endfacet
  facet normal -0.546719 -0.792721 -0.269615
    outer loop
      vertex 8.712 -0.565685 1.6204
      vertex 8.86507 -0.69282 1.68381
      vertex 8.61051 -0.69282 2.2
    endloop
  endfacet
  facet normal -0.712101 -0.607939 -0.351173
    outer loop
      vertex 8.35692 -0.4 2.05359
      vertex 8.59454 -0.4 1.57175
      vertex 8.46702 -0.565685 2.11716
    endloop
  endfacet
  facet normal -0.712095 -0.607945 -0.351174
    outer loop
      vertex 8.59454 -0.4 1.57175
      vertex 8.712 -0.565685 1.6204
      vertex 8.46702 -0.565685 2.11716
    endloop
  endfacet
  facet normal -0.828867 -0.381972 -0.40875
    outer loop
      vertex 8.28771 -0.207055 2.01363
      vertex 8.5207 -0.207055 1.54117
      vertex 8.35692 -0.4 2.05359
    endloop
  endfacet
  facet normal -0.828859 -0.381988 -0.408753
    outer loop
      vertex 8.5207 -0.207055 1.54117
      vertex 8.59454 -0.4 1.57175
      vertex 8.35692 -0.4 2.05359
    endloop
  endfacet
  facet normal -0.88923 -0.130264 -0.438523
    outer loop
      vertex 8.2641 0 2
      vertex 8.49552 0 1.53073
      vertex 8.28771 -0.207055 2.01363
    endloop
  endfacet
  facet normal -0.889233 -0.130251 -0.438519
    outer loop
      vertex 8.49552 0 1.53073
      vertex 8.5207 -0.207055 1.54117
      vertex 8.28771 -0.207055 2.01363
    endloop
  endfacet
  facet normal -0.889232 0.130264 -0.438518
    outer loop
      vertex 8.28771 0.207055 2.01363
      vertex 8.5207 0.207055 1.54117
      vertex 8.2641 0 2
    endloop
  endfacet
  facet normal -0.889231 0.130251 -0.438523
    outer loop
      vertex 8.5207 0.207055 1.54117
      vertex 8.49552 0 1.53073
      vertex 8.2641 0 2
    endloop
  endfacet
  facet normal -0.828864 0.381972 -0.408756
    outer loop
      vertex 8.35692 0.4 2.05359
      vertex 8.59454 0.4 1.57175
      vertex 8.28771 0.207055 2.01363
    endloop
  endfacet
  facet normal -0.828862 0.381988 -0.408747
    outer loop
      vertex 8.59454 0.4 1.57175
      vertex 8.5207 0.207055 1.54117
      vertex 8.28771 0.207055 2.01363
    endloop
  endfacet
  facet normal -0.712099 0.607939 -0.351176
    outer loop
      vertex 8.46702 0.565685 2.11716
      vertex 8.712 0.565685 1.6204
      vertex 8.35692 0.4 2.05359
    endloop
  endfacet
  facet normal -0.712097 0.607945 -0.351171
    outer loop
      vertex 8.712 0.565685 1.6204
      vertex 8.59454 0.4 1.57175
      vertex 8.35692 0.4 2.05359
    endloop
  endfacet
  facet normal -0.546715 0.792724 -0.269614
    outer loop
      vertex 8.61051 0.69282 2.2
      vertex 8.86507 0.69282 1.68381
      vertex 8.46702 0.565685 2.11716
    endloop
  endfacet
  facet normal -0.546718 0.792721 -0.269617
    outer loop
      vertex 8.86507 0.69282 1.68381
      vertex 8.712 0.565685 1.6204
      vertex 8.46702 0.565685 2.11716
    endloop
  endfacet
  facet normal -0.343844 0.92359 -0.169564
    outer loop
      vertex 8.77761 0.772741 2.29647
      vertex 9.04333 0.772741 1.75764
      vertex 8.61051 0.69282 2.2
    endloop
  endfacet
  facet normal -0.34385 0.923587 -0.16957
    outer loop
      vertex 9.04333 0.772741 1.75764
      vertex 8.86507 0.69282 1.68381
      vertex 8.61051 0.69282 2.2
    endloop
  endfacet
  facet normal -0.117313 0.991409 -0.0578523
    outer loop
      vertex 8.95692 0.8 2.4
      vertex 9.23462 0.8 1.83688
      vertex 8.77761 0.772741 2.29647
    endloop
  endfacet
  facet normal -0.117312 0.991409 -0.0578516
    outer loop
      vertex 9.23462 0.8 1.83688
      vertex 9.04333 0.772741 1.75764
      vertex 8.77761 0.772741 2.29647
    endloop
  endfacet
  facet normal 0.117308 0.991409 0.05785
    outer loop
      vertex 9.13624 0.772741 2.50353
      vertex 9.42592 0.772741 1.91612
      vertex 8.95692 0.8 2.4
    endloop
  endfacet
  facet normal 0.117307 0.991409 0.0578494
    outer loop
      vertex 9.42592 0.772741 1.91612
      vertex 9.23462 0.8 1.83688
      vertex 8.95692 0.8 2.4
    endloop
  endfacet
  facet normal 0.343858 0.923584 0.16957
    outer loop
      vertex 9.30333 0.69282 2.6
      vertex 9.60417 0.69282 1.98995
      vertex 9.13624 0.772741 2.50353
    endloop
  endfacet
  facet normal 0.343864 0.923581 0.169576
    outer loop
      vertex 9.60417 0.69282 1.98995
      vertex 9.42592 0.772741 1.91612
      vertex 9.13624 0.772741 2.50353
    endloop
  endfacet
  facet normal 0.546715 0.792724 0.269614
    outer loop
      vertex 9.44682 0.565685 2.68284
      vertex 9.75725 0.565685 2.05336
      vertex 9.30333 0.69282 2.6
    endloop
  endfacet
  facet normal 0.546702 0.792737 0.269601
    outer loop
      vertex 9.75725 0.565685 2.05336
      vertex 9.60417 0.69282 1.98995
      vertex 9.30333 0.69282 2.6
    endloop
  endfacet
  facet normal 0.712104 0.607939 0.351167
    outer loop
      vertex 9.55692 0.4 2.74641
      vertex 9.8747 0.4 2.10201
      vertex 9.44682 0.565685 2.68284
    endloop
  endfacet
  facet normal 0.712115 0.607918 0.351182
    outer loop
      vertex 9.8747 0.4 2.10201
      vertex 9.75725 0.565685 2.05336
      vertex 9.44682 0.565685 2.68284
    endloop
  endfacet
  facet normal 0.828863 0.381972 0.408758
    outer loop
      vertex 9.62613 0.207055 2.78637
      vertex 9.94854 0.207055 2.1326
      vertex 9.55692 0.4 2.74641
    endloop
  endfacet
  facet normal 0.828855 0.382006 0.408742
    outer loop
      vertex 9.94854 0.207055 2.1326
      vertex 9.8747 0.4 2.10201
      vertex 9.55692 0.4 2.74641
    endloop
  endfacet
  facet normal 0.889226 0.130264 0.438529
    outer loop
      vertex 9.64974 0 2.8
      vertex 9.97373 0 2.14303
      vertex 9.62613 0.207055 2.78637
    endloop
  endfacet
  facet normal 0.889226 0.130272 0.438527
    outer loop
      vertex 9.97373 0 2.14303
      vertex 9.94854 0.207055 2.1326
      vertex 9.62613 0.207055 2.78637
    endloop
  endfacet
  facet normal 0.938842 -0.130275 0.318755
    outer loop
      vertex 9.94854 -0.207055 2.1326
      vertex 10.1829 -0.207055 1.44233
      vertex 9.97373 0 2.14303
    endloop
  endfacet
  facet normal 0.938875 -0.130123 0.31872
    outer loop
      vertex 10.1829 -0.207055 1.44233
      vertex 10.2092 0 1.44939
      vertex 9.97373 0 2.14303
    endloop
  endfacet
  facet normal 0.875096 -0.382005 0.297118
    outer loop
      vertex 9.8747 -0.4 2.10201
      vertex 10.1057 -0.4 1.42165
      vertex 9.94854 -0.207055 2.1326
    endloop
  endfacet
  facet normal 0.875105 -0.381987 0.297115
    outer loop
      vertex 10.1057 -0.4 1.42165
      vertex 10.1829 -0.207055 1.44233
      vertex 9.94854 -0.207055 2.1326
    endloop
  endfacet
  facet normal 0.751866 -0.607917 0.255215
    outer loop
      vertex 9.75725 -0.565685 2.05336
      vertex 9.98285 -0.565685 1.38874
      vertex 9.8747 -0.4 2.10201
    endloop
  endfacet
  facet normal 0.751729 -0.608079 0.255232
    outer loop
      vertex 9.98285 -0.565685 1.38874
      vertex 10.1057 -0.4 1.42165
      vertex 9.8747 -0.4 2.10201
    endloop
  endfacet
  facet normal 0.577215 -0.792736 0.195939
    outer loop
      vertex 9.60417 -0.69282 1.98995
      vertex 9.82281 -0.69282 1.34586
      vertex 9.75725 -0.565685 2.05336
    endloop
  endfacet
  facet normal 0.577236 -0.792721 0.195938
    outer loop
      vertex 9.82281 -0.69282 1.34586
      vertex 9.98285 -0.565685 1.38874
      vertex 9.75725 -0.565685 2.05336
    endloop
  endfacet
  facet normal 0.363058 -0.923581 0.123236
    outer loop
      vertex 9.42592 -0.772741 1.91612
      vertex 9.63644 -0.772741 1.29592
      vertex 9.60417 -0.69282 1.98995
    endloop
  endfacet
  facet normal 0.36304 -0.923588 0.123236
    outer loop
      vertex 9.63644 -0.772741 1.29592
      vertex 9.82281 -0.69282 1.34586
      vertex 9.60417 -0.69282 1.98995
    endloop
  endfacet
  facet normal 0.123855 -0.991409 0.0420424
    outer loop
      vertex 9.23462 -0.8 1.83688
      vertex 9.43644 -0.8 1.24233
      vertex 9.42592 -0.772741 1.91612
    endloop
  endfacet
  facet normal 0.123859 -0.991409 0.0420425
    outer loop
      vertex 9.43644 -0.8 1.24233
      vertex 9.63644 -0.772741 1.29592
      vertex 9.42592 -0.772741 1.91612
    endloop
  endfacet
  facet normal -0.12386 -0.991409 -0.0420437
    outer loop
      vertex 9.04333 -0.772741 1.75764
      vertex 9.23644 -0.772741 1.18874
      vertex 9.23462 -0.8 1.83688
    endloop
  endfacet
  facet normal -0.123858 -0.991409 -0.0420437
    outer loop
      vertex 9.23644 -0.772741 1.18874
      vertex 9.43644 -0.8 1.24233
      vertex 9.23462 -0.8 1.83688
    endloop
  endfacet
  facet normal -0.363042 -0.923588 -0.123232
    outer loop
      vertex 8.86507 -0.69282 1.68381
      vertex 9.05007 -0.69282 1.1388
      vertex 9.04333 -0.772741 1.75764
    endloop
  endfacet
  facet normal -0.363041 -0.923588 -0.123232
    outer loop
      vertex 9.05007 -0.69282 1.1388
      vertex 9.23644 -0.772741 1.18874
      vertex 9.04333 -0.772741 1.75764
    endloop
  endfacet
  facet normal -0.577239 -0.792719 -0.195938
    outer loop
      vertex 8.712 -0.565685 1.6204
      vertex 8.89003 -0.565685 1.09592
      vertex 8.86507 -0.69282 1.68381
    endloop
  endfacet
  facet normal -0.577236 -0.792721 -0.195939
    outer loop
      vertex 8.89003 -0.565685 1.09592
      vertex 9.05007 -0.69282 1.1388
      vertex 8.86507 -0.69282 1.68381
    endloop
  endfacet
  facet normal -0.751842 -0.607946 -0.255215
    outer loop
      vertex 8.59454 -0.4 1.57175
      vertex 8.76723 -0.4 1.06302
      vertex 8.712 -0.565685 1.6204
    endloop
  endfacet
  facet normal -0.751858 -0.607928 -0.255211
    outer loop
      vertex 8.76723 -0.4 1.06302
      vertex 8.89003 -0.565685 1.09592
      vertex 8.712 -0.565685 1.6204
    endloop
  endfacet
  facet normal -0.875123 -0.38199 -0.297058
    outer loop
      vertex 8.5207 -0.207055 1.54117
      vertex 8.69003 -0.207055 1.04233
      vertex 8.59454 -0.4 1.57175
    endloop
  endfacet
  facet normal -0.875117 -0.382001 -0.297061
    outer loop
      vertex 8.69003 -0.207055 1.04233
      vertex 8.76723 -0.4 1.06302
      vertex 8.59454 -0.4 1.57175
    endloop
  endfacet
  facet normal -0.938866 -0.130245 -0.318697
    outer loop
      vertex 8.49552 0 1.53073
      vertex 8.6637 0 1.03528
      vertex 8.5207 -0.207055 1.54117
    endloop
  endfacet
  facet normal -0.938866 -0.130242 -0.318696
    outer loop
      vertex 8.6637 0 1.03528
      vertex 8.69003 -0.207055 1.04233
      vertex 8.5207 -0.207055 1.54117
    endloop
  endfacet
  facet normal -0.938866 0.130245 -0.318696
    outer loop
      vertex 8.5207 0.207055 1.54117
      vertex 8.69003 0.207055 1.04233
      vertex 8.49552 0 1.53073
    endloop
  endfacet
  facet normal -0.938866 0.130242 -0.318697
    outer loop
      vertex 8.69003 0.207055 1.04233
      vertex 8.6637 0 1.03528
      vertex 8.49552 0 1.53073
    endloop
  endfacet
  facet normal -0.875121 0.38199 -0.297063
    outer loop
      vertex 8.59454 0.4 1.57175
      vertex 8.76723 0.4 1.06302
      vertex 8.5207 0.207055 1.54117
    endloop
  endfacet
  facet normal -0.875118 0.382001 -0.297057
    outer loop
      vertex 8.76723 0.4 1.06302
      vertex 8.69003 0.207055 1.04233
      vertex 8.5207 0.207055 1.54117
    endloop
  endfacet
  facet normal -0.751845 0.607946 -0.255207
    outer loop
      vertex 8.712 0.565685 1.6204
      vertex 8.89003 0.565685 1.09592
      vertex 8.59454 0.4 1.57175
    endloop
  endfacet
  facet normal -0.751855 0.607928 -0.25522
    outer loop
      vertex 8.89003 0.565685 1.09592
      vertex 8.76723 0.4 1.06302
      vertex 8.59454 0.4 1.57175
    endloop
  endfacet
  facet normal -0.577238 0.792719 -0.19594
    outer loop
      vertex 8.86507 0.69282 1.68381
      vertex 9.05007 0.69282 1.1388
      vertex 8.712 0.565685 1.6204
    endloop
  endfacet
  facet normal -0.577236 0.792721 -0.195938
    outer loop
      vertex 9.05007 0.69282 1.1388
      vertex 8.89003 0.565685 1.09592
      vertex 8.712 0.565685 1.6204
    endloop
  endfacet
  facet normal -0.363042 0.923588 -0.123233
    outer loop
      vertex 9.04333 0.772741 1.75764
      vertex 9.23644 0.772741 1.18874
      vertex 8.86507 0.69282 1.68381
    endloop
  endfacet
  facet normal -0.363041 0.923588 -0.123232
    outer loop
      vertex 9.23644 0.772741 1.18874
      vertex 9.05007 0.69282 1.1388
      vertex 8.86507 0.69282 1.68381
    endloop
  endfacet
  facet normal -0.12386 0.991409 -0.0420443
    outer loop
      vertex 9.23462 0.8 1.83688
      vertex 9.43644 0.8 1.24233
      vertex 9.04333 0.772741 1.75764
    endloop
  endfacet
  facet normal -0.123859 0.991409 -0.0420431
    outer loop
      vertex 9.43644 0.8 1.24233
      vertex 9.23644 0.772741 1.18874
      vertex 9.04333 0.772741 1.75764
    endloop
  endfacet
  facet normal 0.123855 0.991409 0.0420412
    outer loop
      vertex 9.42592 0.772741 1.91612
      vertex 9.63644 0.772741 1.29592
      vertex 9.23462 0.8 1.83688
    endloop
  endfacet
  facet normal 0.123858 0.991409 0.0420437
    outer loop
      vertex 9.63644 0.772741 1.29592
      vertex 9.43644 0.8 1.24233
      vertex 9.23462 0.8 1.83688
    endloop
  endfacet
  facet normal 0.363055 0.923581 0.123241
    outer loop
      vertex 9.60417 0.69282 1.98995
      vertex 9.82281 0.69282 1.34586
      vertex 9.42592 0.772741 1.91612
    endloop
  endfacet
  facet normal 0.363041 0.923588 0.12323
    outer loop
      vertex 9.82281 0.69282 1.34586
      vertex 9.63644 0.772741 1.29592
      vertex 9.42592 0.772741 1.91612
    endloop
  endfacet
  facet normal 0.577218 0.792736 0.195932
    outer loop
      vertex 9.75725 0.565685 2.05336
      vertex 9.98285 0.565685 1.38874
      vertex 9.60417 0.69282 1.98995
    endloop
  endfacet
  facet normal 0.577234 0.792721 0.195945
    outer loop
      vertex 9.98285 0.565685 1.38874
      vertex 9.82281 0.69282 1.34586
      vertex 9.60417 0.69282 1.98995
    endloop
  endfacet
  facet normal 0.751845 0.607919 0.255271
    outer loop
      vertex 9.8747 0.4 2.10201
      vertex 10.1057 0.4 1.42165
      vertex 9.75725 0.565685 2.05336
    endloop
  endfacet
  facet normal 0.751747 0.608081 0.255175
    outer loop
      vertex 10.1057 0.4 1.42165
      vertex 9.98285 0.565685 1.38874
      vertex 9.75725 0.565685 2.05336
    endloop
  endfacet
  facet normal 0.875098 0.382005 0.297113
    outer loop
      vertex 9.94854 0.207055 2.1326
      vertex 10.1829 0.207055 1.44233
      vertex 9.8747 0.4 2.10201
    endloop
  endfacet
  facet normal 0.875103 0.381987 0.29712
    outer loop
      vertex 10.1829 0.207055 1.44233
      vertex 10.1057 0.4 1.42165
      vertex 9.8747 0.4 2.10201
    endloop
  endfacet
  facet normal 0.938856 0.130274 0.318713
    outer loop
      vertex 9.97373 0 2.14303
      vertex 10.2092 0 1.44939
      vertex 9.94854 0.207055 2.1326
    endloop
  endfacet
  facet normal 0.938861 0.130122 0.318761
    outer loop
      vertex 10.2092 0 1.44939
      vertex 10.1829 0.207055 1.44233
      vertex 9.94854 0.207055 2.1326
    endloop
  endfacet
  facet normal 0.97245 -0.130115 0.193418
    outer loop
      vertex 10.1829 -0.207055 1.44233
      vertex 10.3251 -0.207055 0.727389
      vertex 10.2092 0 1.44939
    endloop
  endfacet
  facet normal 0.972447 -0.130131 0.193422
    outer loop
      vertex 10.3251 -0.207055 0.727389
      vertex 10.3521 0 0.730947
      vertex 10.2092 0 1.44939
    endloop
  endfacet
  facet normal 0.906427 -0.381989 0.180207
    outer loop
      vertex 10.1057 -0.4 1.42165
      vertex 10.2458 -0.4 0.716957
      vertex 10.1829 -0.207055 1.44233
    endloop
  endfacet
  facet normal 0.906311 -0.382238 0.180263
    outer loop
      vertex 10.2458 -0.4 0.716957
      vertex 10.3251 -0.207055 0.727389
      vertex 10.1829 -0.207055 1.44233
    endloop
  endfacet
  facet normal 0.778613 -0.608084 0.154902
    outer loop
      vertex 9.98285 -0.565685 1.38874
      vertex 10.1198 -0.565685 0.700363
      vertex 10.1057 -0.4 1.42165
    endloop
  endfacet
  facet normal 0.778845 -0.607803 0.154842
    outer loop
      vertex 10.1198 -0.565685 0.700363
      vertex 10.2458 -0.4 0.716957
      vertex 10.1057 -0.4 1.42165
    endloop
  endfacet
  facet normal 0.597871 -0.792722 0.118925
    outer loop
      vertex 9.82281 -0.69282 1.34586
      vertex 9.95551 -0.69282 0.678736
      vertex 9.98285 -0.565685 1.38874
    endloop
  endfacet
  facet normal 0.597817 -0.79276 0.118934
    outer loop
      vertex 9.95551 -0.69282 0.678736
      vertex 10.1198 -0.565685 0.700363
      vertex 9.98285 -0.565685 1.38874
    endloop
  endfacet
  facet normal 0.376019 -0.923588 0.0747978
    outer loop
      vertex 9.63644 -0.772741 1.29592
      vertex 9.76422 -0.772741 0.653552
      vertex 9.82281 -0.69282 1.34586
    endloop
  endfacet
  facet normal 0.376027 -0.923585 0.0747968
    outer loop
      vertex 9.76422 -0.772741 0.653552
      vertex 9.95551 -0.69282 0.678736
      vertex 9.82281 -0.69282 1.34586
    endloop
  endfacet
  facet normal 0.128286 -0.991409 0.0255196
    outer loop
      vertex 9.43644 -0.8 1.24233
      vertex 9.55894 -0.8 0.626526
      vertex 9.63644 -0.772741 1.29592
    endloop
  endfacet
  facet normal 0.128289 -0.991408 0.0255192
    outer loop
      vertex 9.55894 -0.8 0.626526
      vertex 9.76422 -0.772741 0.653552
      vertex 9.63644 -0.772741 1.29592
    endloop
  endfacet
  facet normal -0.128286 -0.991409 -0.0255184
    outer loop
      vertex 9.23644 -0.772741 1.18874
      vertex 9.35365 -0.772741 0.5995
      vertex 9.43644 -0.8 1.24233
    endloop
  endfacet
  facet normal -0.128283 -0.991409 -0.0255189
    outer loop
      vertex 9.35365 -0.772741 0.5995
      vertex 9.55894 -0.8 0.626526
      vertex 9.43644 -0.8 1.24233
    endloop
  endfacet
  facet normal -0.376019 -0.923588 -0.0747994
    outer loop
      vertex 9.05007 -0.69282 1.1388
      vertex 9.16236 -0.69282 0.574315
      vertex 9.23644 -0.772741 1.18874
    endloop
  endfacet
  facet normal -0.376026 -0.923585 -0.0747981
    outer loop
      vertex 9.16236 -0.69282 0.574315
      vertex 9.35365 -0.772741 0.5995
      vertex 9.23644 -0.772741 1.18874
    endloop
  endfacet
  facet normal -0.59787 -0.792722 -0.118929
    outer loop
      vertex 8.89003 -0.565685 1.09592
      vertex 8.99809 -0.565685 0.552689
      vertex 9.05007 -0.69282 1.1388
    endloop
  endfacet
  facet normal -0.597864 -0.792726 -0.11893
    outer loop
      vertex 8.99809 -0.565685 0.552689
      vertex 9.16236 -0.69282 0.574315
      vertex 9.05007 -0.69282 1.1388
    endloop
  endfacet
  facet normal -0.778735 -0.60793 -0.154897
    outer loop
      vertex 8.76723 -0.4 1.06302
      vertex 8.87204 -0.4 0.536095
      vertex 8.89003 -0.565685 1.09592
    endloop
  endfacet
  facet normal -0.778719 -0.607949 -0.154903
    outer loop
      vertex 8.87204 -0.4 0.536095
      vertex 8.99809 -0.565685 0.552689
      vertex 8.89003 -0.565685 1.09592
    endloop
  endfacet
  facet normal -0.906402 -0.381999 -0.18031
    outer loop
      vertex 8.69003 -0.207055 1.04233
      vertex 8.79281 -0.207055 0.525663
      vertex 8.76723 -0.4 1.06302
    endloop
  endfacet
  facet normal -0.906423 -0.381957 -0.180295
    outer loop
      vertex 8.79281 -0.207055 0.525663
      vertex 8.87204 -0.4 0.536095
      vertex 8.76723 -0.4 1.06302
    endloop
  endfacet
  facet normal -0.97243 -0.130245 -0.193434
    outer loop
      vertex 8.6637 0 1.03528
      vertex 8.76578 0 0.522105
      vertex 8.69003 -0.207055 1.04233
    endloop
  endfacet
  facet normal -0.972425 -0.130269 -0.193443
    outer loop
      vertex 8.76578 0 0.522105
      vertex 8.79281 -0.207055 0.525663
      vertex 8.69003 -0.207055 1.04233
    endloop
  endfacet
  facet normal -0.972428 0.130245 -0.193444
    outer loop
      vertex 8.69003 0.207055 1.04233
      vertex 8.79281 0.207055 0.525663
      vertex 8.6637 0 1.03528
    endloop
  endfacet
  facet normal -0.972427 0.130269 -0.193434
    outer loop
      vertex 8.79281 0.207055 0.525663
      vertex 8.76578 0 0.522105
      vertex 8.6637 0 1.03528
    endloop
  endfacet
  facet normal -0.906406 0.381999 -0.180292
    outer loop
      vertex 8.76723 0.4 1.06302
      vertex 8.87204 0.4 0.536095
      vertex 8.69003 0.207055 1.04233
    endloop
  endfacet
  facet normal -0.906419 0.381957 -0.180313
    outer loop
      vertex 8.87204 0.4 0.536095
      vertex 8.79281 0.207055 0.525663
      vertex 8.69003 0.207055 1.04233
    endloop
  endfacet
  facet normal -0.778733 0.60793 -0.154906
    outer loop
      vertex 8.89003 0.565685 1.09592
      vertex 8.99809 0.565685 0.552689
      vertex 8.76723 0.4 1.06302
    endloop
  endfacet
  facet normal -0.778721 0.607949 -0.154894
    outer loop
      vertex 8.99809 0.565685 0.552689
      vertex 8.87204 0.4 0.536095
      vertex 8.76723 0.4 1.06302
    endloop
  endfacet
  facet normal -0.597869 0.792722 -0.118931
    outer loop
      vertex 9.05007 0.69282 1.1388
      vertex 9.16236 0.69282 0.574315
      vertex 8.89003 0.565685 1.09592
    endloop
  endfacet
  facet normal -0.597865 0.792726 -0.118928
    outer loop
      vertex 9.16236 0.69282 0.574315
      vertex 8.99809 0.565685 0.552689
      vertex 8.89003 0.565685 1.09592
    endloop
  endfacet
  facet normal -0.376019 0.923588 -0.0747967
    outer loop
      vertex 9.23644 0.772741 1.18874
      vertex 9.35365 0.772741 0.5995
      vertex 9.05007 0.69282 1.1388
    endloop
  endfacet
  facet normal -0.376026 0.923585 -0.0748008
    outer loop
      vertex 9.35365 0.772741 0.5995
      vertex 9.16236 0.69282 0.574315
      vertex 9.05007 0.69282 1.1388
    endloop
  endfacet
  facet normal -0.128286 0.991409 -0.0255196
    outer loop
      vertex 9.43644 0.8 1.24233
      vertex 9.55894 0.8 0.626526
      vertex 9.23644 0.772741 1.18874
    endloop
  endfacet
  facet normal -0.128283 0.991409 -0.0255177
    outer loop
      vertex 9.55894 0.8 0.626526
      vertex 9.35365 0.772741 0.5995
      vertex 9.23644 0.772741 1.18874
    endloop
  endfacet
  facet normal 0.128286 0.991409 0.0255187
    outer loop
      vertex 9.63644 0.772741 1.29592
      vertex 9.76422 0.772741 0.653552
      vertex 9.43644 0.8 1.24233
    endloop
  endfacet
  facet normal 0.128289 0.991408 0.0255201
    outer loop
      vertex 9.76422 0.772741 0.653552
      vertex 9.55894 0.8 0.626526
      vertex 9.43644 0.8 1.24233
    endloop
  endfacet
  facet normal 0.37602 0.923588 0.0747954
    outer loop
      vertex 9.82281 0.69282 1.34586
      vertex 9.95551 0.69282 0.678736
      vertex 9.63644 0.772741 1.29592
    endloop
  endfacet
  facet normal 0.376026 0.923585 0.0747993
    outer loop
      vertex 9.95551 0.69282 0.678736
      vertex 9.76422 0.772741 0.653552
      vertex 9.63644 0.772741 1.29592
    endloop
  endfacet
  facet normal 0.597866 0.792722 0.118943
    outer loop
      vertex 9.98285 0.565685 1.38874
      vertex 10.1198 0.565685 0.700363
      vertex 9.82281 0.69282 1.34586
    endloop
  endfacet
  facet normal 0.59782 0.792761 0.118915
    outer loop
      vertex 10.1198 0.565685 0.700363
      vertex 9.95551 0.69282 0.678736
      vertex 9.82281 0.69282 1.34586
    endloop
  endfacet
  facet normal 0.778636 0.608081 0.154801
    outer loop
      vertex 10.1057 0.4 1.42165
      vertex 10.2458 0.4 0.716957
      vertex 9.98285 0.565685 1.38874
    endloop
  endfacet
  facet normal 0.778827 0.6078 0.154945
    outer loop
      vertex 10.2458 0.4 0.716957
      vertex 10.1198 0.565685 0.700363
      vertex 9.98285 0.565685 1.38874
    endloop
  endfacet
  facet normal 0.906411 0.381991 0.180283
    outer loop
      vertex 10.1829 0.207055 1.44233
      vertex 10.3251 0.207055 0.727389
      vertex 10.1057 0.4 1.42165
    endloop
  endfacet
  facet normal 0.906325 0.38224 0.180186
    outer loop
      vertex 10.3251 0.207055 0.727389
      vertex 10.2458 0.4 0.716957
      vertex 10.1057 0.4 1.42165
    endloop
  endfacet
  facet normal 0.972449 0.130115 0.193422
    outer loop
      vertex 10.2092 0 1.44939
      vertex 10.3521 0 0.730947
      vertex 10.1829 0.207055 1.44233
    endloop
  endfacet
  facet normal 0.972448 0.130131 0.193418
    outer loop
      vertex 10.3521 0 0.730947
      vertex 10.3251 0.207055 0.727389
      vertex 10.1829 0.207055 1.44233
    endloop
  endfacet
  facet normal 0.989381 -0.130128 0.0647446
    outer loop
      vertex 10.3251 -0.207055 0.727389
      vertex 10.3727 -0.207055 0
      vertex 10.3521 0 0.730947
    endloop
  endfacet
  facet normal 0.989334 -0.130443 0.0648325
    outer loop
      vertex 10.3727 -0.207055 0
      vertex 10.4 0 0
      vertex 10.3521 0 0.730947
    endloop
  endfacet
  facet normal 0.922083 -0.382242 0.060447
    outer loop
      vertex 10.2458 -0.4 0.716957
      vertex 10.2928 -0.4 0
      vertex 10.3251 -0.207055 0.727389
    endloop
  endfacet
  facet normal 0.92223 -0.381903 0.0603503
    outer loop
      vertex 10.2928 -0.4 0
      vertex 10.3727 -0.207055 0
      vertex 10.3251 -0.207055 0.727389
    endloop
  endfacet
  facet normal 0.792391 -0.607798 0.0519313
    outer loop
      vertex 10.1198 -0.565685 0.700363
      vertex 10.1657 -0.565685 0
      vertex 10.2458 -0.4 0.716957
    endloop
  endfacet
  facet normal 0.792362 -0.607836 0.0519432
    outer loop
      vertex 10.1657 -0.565685 0
      vertex 10.2928 -0.4 0
      vertex 10.2458 -0.4 0.716957
    endloop
  endfacet
  facet normal 0.608226 -0.792762 0.0398682
    outer loop
      vertex 9.95551 -0.69282 0.678736
      vertex 10 -0.69282 0
      vertex 10.1198 -0.565685 0.700363
    endloop
  endfacet
  facet normal 0.608244 -0.792748 0.0398628
    outer loop
      vertex 10 -0.69282 0
      vertex 10.1657 -0.565685 0
      vertex 10.1198 -0.565685 0.700363
    endloop
  endfacet
  facet normal 0.382572 -0.923585 0.0250774
    outer loop
      vertex 9.76422 -0.772741 0.653552
      vertex 9.80706 -0.772741 0
      vertex 9.95551 -0.69282 0.678736
    endloop
  endfacet
  facet normal 0.382574 -0.923585 0.0250771
    outer loop
      vertex 9.80706 -0.772741 0
      vertex 10 -0.69282 0
      vertex 9.95551 -0.69282 0.678736
    endloop
  endfacet
  facet normal 0.130522 -0.991408 0.00855391
    outer loop
      vertex 9.55894 -0.8 0.626526
      vertex 9.6 -0.8 0
      vertex 9.76422 -0.772741 0.653552
    endloop
  endfacet
  facet normal 0.130517 -0.991409 0.00855531
    outer loop
      vertex 9.6 -0.8 0
      vertex 9.80706 -0.772741 0
      vertex 9.76422 -0.772741 0.653552
    endloop
  endfacet
  facet normal -0.130516 -0.991409 -0.00855376
    outer loop
      vertex 9.35365 -0.772741 0.5995
      vertex 9.39294 -0.772741 0
      vertex 9.55894 -0.8 0.626526
    endloop
  endfacet
  facet normal -0.130517 -0.991409 -0.00855355
    outer loop
      vertex 9.39294 -0.772741 0
      vertex 9.6 -0.8 0
      vertex 9.55894 -0.8 0.626526
    endloop
  endfacet
  facet normal -0.382573 -0.923585 -0.0250734
    outer loop
      vertex 9.16236 -0.69282 0.574315
      vertex 9.2 -0.69282 0
      vertex 9.35365 -0.772741 0.5995
    endloop
  endfacet
  facet normal -0.382574 -0.923585 -0.0250731
    outer loop
      vertex 9.2 -0.69282 0
      vertex 9.39294 -0.772741 0
      vertex 9.35365 -0.772741 0.5995
    endloop
  endfacet
  facet normal -0.608274 -0.792726 -0.0398627
    outer loop
      vertex 8.99809 -0.565685 0.552689
      vertex 9.03431 -0.565685 0
      vertex 9.16236 -0.69282 0.574315
    endloop
  endfacet
  facet normal -0.608267 -0.792731 -0.0398652
    outer loop
      vertex 9.03431 -0.565685 0
      vertex 9.2 -0.69282 0
      vertex 9.16236 -0.69282 0.574315
    endloop
  endfacet
  facet normal -0.792276 -0.607949 -0.0519321
    outer loop
      vertex 8.87204 -0.4 0.536095
      vertex 8.90718 -0.4 0
      vertex 8.99809 -0.565685 0.552689
    endloop
  endfacet
  facet normal -0.792294 -0.607927 -0.0519223
    outer loop
      vertex 8.90718 -0.4 0
      vertex 9.03431 -0.565685 0
      vertex 8.99809 -0.565685 0.552689
    endloop
  endfacet
  facet normal -0.922202 -0.381956 -0.0604377
    outer loop
      vertex 8.79281 -0.207055 0.525663
      vertex 8.82726 -0.207055 0
      vertex 8.87204 -0.4 0.536095
    endloop
  endfacet
  facet normal -0.922191 -0.381982 -0.0604478
    outer loop
      vertex 8.82726 -0.207055 0
      vertex 8.90718 -0.4 0
      vertex 8.87204 -0.4 0.536095
    endloop
  endfacet
  facet normal -0.989356 -0.13027 -0.0648447
    outer loop
      vertex 8.76578 0 0.522105
      vertex 8.8 0 0
      vertex 8.79281 -0.207055 0.525663
    endloop
  endfacet
  facet normal -0.989358 -0.130255 -0.0648389
    outer loop
      vertex 8.8 0 0
      vertex 8.82726 -0.207055 0
      vertex 8.79281 -0.207055 0.525663
    endloop
  endfacet
  facet normal -0.989356 0.13027 -0.0648387
    outer loop
      vertex 8.79281 0.207055 0.525663
      vertex 8.82726 0.207055 0
      vertex 8.76578 0 0.522105
    endloop
  endfacet
  facet normal -0.989358 0.130255 -0.0648449
    outer loop
      vertex 8.82726 0.207055 0
      vertex 8.8 0 0
      vertex 8.76578 0 0.522105
    endloop
  endfacet
  facet normal -0.922201 0.381957 -0.0604485
    outer loop
      vertex 8.87204 0.4 0.536095
      vertex 8.90718 0.4 0
      vertex 8.79281 0.207055 0.525663
    endloop
  endfacet
  facet normal -0.922191 0.381982 -0.060437
    outer loop
      vertex 8.90718 0.4 0
      vertex 8.82726 0.207055 0
      vertex 8.79281 0.207055 0.525663
    endloop
  endfacet
  facet normal -0.792277 0.607949 -0.0519212
    outer loop
      vertex 8.99809 0.565685 0.552689
      vertex 9.03431 0.565685 0
      vertex 8.87204 0.4 0.536095
    endloop
  endfacet
  facet normal -0.792293 0.607926 -0.0519333
    outer loop
      vertex 9.03431 0.565685 0
      vertex 8.90718 0.4 0
      vertex 8.87204 0.4 0.536095
    endloop
  endfacet
  facet normal -0.608273 0.792726 -0.0398656
    outer loop
      vertex 9.16236 0.69282 0.574315
      vertex 9.2 0.69282 0
      vertex 8.99809 0.565685 0.552689
    endloop
  endfacet
  facet normal -0.608267 0.792731 -0.0398623
    outer loop
      vertex 9.2 0.69282 0
      vertex 9.03431 0.565685 0
      vertex 8.99809 0.565685 0.552689
    endloop
  endfacet
  facet normal -0.382573 0.923585 -0.025073
    outer loop
      vertex 9.35365 0.772741 0.5995
      vertex 9.39294 0.772741 0
      vertex 9.16236 0.69282 0.574315
    endloop
  endfacet
  facet normal -0.382574 0.923585 -0.0250735
    outer loop
      vertex 9.39294 0.772741 0
      vertex 9.2 0.69282 0
      vertex 9.16236 0.69282 0.574315
    endloop
  endfacet
  facet normal -0.130516 0.991409 -0.0085535
    outer loop
      vertex 9.55894 0.8 0.626526
      vertex 9.6 0.8 0
      vertex 9.35365 0.772741 0.5995
    endloop
  endfacet
  facet normal -0.130517 0.991409 -0.00855381
    outer loop
      vertex 9.6 0.8 0
      vertex 9.39294 0.772741 0
      vertex 9.35365 0.772741 0.5995
    endloop
  endfacet
  facet normal 0.130522 0.991408 0.00855566
    outer loop
      vertex 9.76422 0.772741 0.653552
      vertex 9.80706 0.772741 0
      vertex 9.55894 0.8 0.626526
    endloop
  endfacet
  facet normal 0.130517 0.991409 0.00855355
    outer loop
      vertex 9.80706 0.772741 0
      vertex 9.6 0.8 0
      vertex 9.55894 0.8 0.626526
    endloop
  endfacet
  facet normal 0.382573 0.923585 0.025077
    outer loop
      vertex 9.95551 0.69282 0.678736
      vertex 10 0.69282 0
      vertex 9.76422 0.772741 0.653552
    endloop
  endfacet
  facet normal 0.382574 0.923585 0.0250775
    outer loop
      vertex 10 0.69282 0
      vertex 9.80706 0.772741 0
      vertex 9.76422 0.772741 0.653552
    endloop
  endfacet
  facet normal 0.608227 0.792761 0.0398617
    outer loop
      vertex 10.1198 0.565685 0.700363
      vertex 10.1657 0.565685 0
      vertex 9.95551 0.69282 0.678736
    endloop
  endfacet
  facet normal 0.608244 0.792748 0.0398694
    outer loop
      vertex 10.1657 0.565685 0
      vertex 10 0.69282 0
      vertex 9.95551 0.69282 0.678736
    endloop
  endfacet
  facet normal 0.79239 0.607799 0.051945
    outer loop
      vertex 10.2458 0.4 0.716957
      vertex 10.2928 0.4 0
      vertex 10.1198 0.565685 0.700363
    endloop
  endfacet
  facet normal 0.792363 0.607836 0.0519294
    outer loop
      vertex 10.2928 0.4 0
      vertex 10.1657 0.565685 0
      vertex 10.1198 0.565685 0.700363
    endloop
  endfacet
  facet normal 0.922091 0.38224 0.0603412
    outer loop
      vertex 10.3251 0.207055 0.727389
      vertex 10.3727 0.207055 0
      vertex 10.2458 0.4 0.716957
    endloop
  endfacet
  facet normal 0.922224 0.3819 0.0604563
    outer loop
      vertex 10.3727 0.207055 0
      vertex 10.2928 0.4 0
      vertex 10.2458 0.4 0.716957
    endloop
  endfacet
  facet normal 0.989375 0.130129 0.0648352
    outer loop
      vertex 10.3521 0 0.730947
      vertex 10.4 0 0
      vertex 10.3251 0.207055 0.727389
    endloop
  endfacet
  facet normal 0.98934 0.130443 0.0647419
    outer loop
      vertex 10.4 0 0
      vertex 10.3727 0.207055 0
      vertex 10.3251 0.207055 0.727389
    endloop
  endfacet
  facet normal 0.98934 -0.130443 -0.0647419
    outer loop
      vertex 10.3727 -0.207055 0
      vertex 10.3251 -0.207055 -0.727389
      vertex 10.4 0 0
    endloop
  endfacet
  facet normal 0.989375 -0.130129 -0.0648352
    outer loop
      vertex 10.3251 -0.207055 -0.727389
      vertex 10.3521 0 -0.730947
      vertex 10.4 0 0
    endloop
  endfacet
  facet normal 0.922224 -0.3819 -0.0604563
    outer loop
      vertex 10.2928 -0.4 0
      vertex 10.2458 -0.4 -0.716957
      vertex 10.3727 -0.207055 0
    endloop
  endfacet
  facet normal 0.922091 -0.38224 -0.0603412
    outer loop
      vertex 10.2458 -0.4 -0.716957
      vertex 10.3251 -0.207055 -0.727389
      vertex 10.3727 -0.207055 0
    endloop
  endfacet
  facet normal 0.792363 -0.607836 -0.0519294
    outer loop
      vertex 10.1657 -0.565685 0
      vertex 10.1198 -0.565685 -0.700363
      vertex 10.2928 -0.4 0
    endloop
  endfacet
  facet normal 0.79239 -0.607799 -0.051945
    outer loop
      vertex 10.1198 -0.565685 -0.700363
      vertex 10.2458 -0.4 -0.716957
      vertex 10.2928 -0.4 0
    endloop
  endfacet
  facet normal 0.608244 -0.792748 -0.0398694
    outer loop
      vertex 10 -0.69282 0
      vertex 9.95551 -0.69282 -0.678736
      vertex 10.1657 -0.565685 0
    endloop
  endfacet
  facet normal 0.608227 -0.792761 -0.0398617
    outer loop
      vertex 9.95551 -0.69282 -0.678736
      vertex 10.1198 -0.565685 -0.700363
      vertex 10.1657 -0.565685 0
    endloop
  endfacet
  facet normal 0.382574 -0.923585 -0.0250775
    outer loop
      vertex 9.80706 -0.772741 0
      vertex 9.76422 -0.772741 -0.653552
      vertex 10 -0.69282 0
    endloop
  endfacet
  facet normal 0.382573 -0.923585 -0.025077
    outer loop
      vertex 9.76422 -0.772741 -0.653552
      vertex 9.95551 -0.69282 -0.678736
      vertex 10 -0.69282 0
    endloop
  endfacet
  facet normal 0.130517 -0.991409 -0.00855355
    outer loop
      vertex 9.6 -0.8 0
      vertex 9.55894 -0.8 -0.626526
      vertex 9.80706 -0.772741 0
    endloop
  endfacet
  facet normal 0.130522 -0.991408 -0.00855566
    outer loop
      vertex 9.55894 -0.8 -0.626526
      vertex 9.76422 -0.772741 -0.653552
      vertex 9.80706 -0.772741 0
    endloop
  endfacet
  facet normal -0.130517 -0.991409 0.00855381
    outer loop
      vertex 9.39294 -0.772741 0
      vertex 9.35365 -0.772741 -0.5995
      vertex 9.6 -0.8 0
    endloop
  endfacet
  facet normal -0.130516 -0.991409 0.0085535
    outer loop
      vertex 9.35365 -0.772741 -0.5995
      vertex 9.55894 -0.8 -0.626526
      vertex 9.6 -0.8 0
    endloop
  endfacet
  facet normal -0.382574 -0.923585 0.0250735
    outer loop
      vertex 9.2 -0.69282 0
      vertex 9.16236 -0.69282 -0.574315
      vertex 9.39294 -0.772741 0
    endloop
  endfacet
  facet normal -0.382573 -0.923585 0.025073
    outer loop
      vertex 9.16236 -0.69282 -0.574315
      vertex 9.35365 -0.772741 -0.5995
      vertex 9.39294 -0.772741 0
    endloop
  endfacet
  facet normal -0.608267 -0.792731 0.0398623
    outer loop
      vertex 9.03431 -0.565685 0
      vertex 8.99809 -0.565685 -0.552689
      vertex 9.2 -0.69282 0
    endloop
  endfacet
  facet normal -0.608273 -0.792726 0.0398656
    outer loop
      vertex 8.99809 -0.565685 -0.552689
      vertex 9.16236 -0.69282 -0.574315
      vertex 9.2 -0.69282 0
    endloop
  endfacet
  facet normal -0.792293 -0.607926 0.0519333
    outer loop
      vertex 8.90718 -0.4 0
      vertex 8.87204 -0.4 -0.536095
      vertex 9.03431 -0.565685 0
    endloop
  endfacet
  facet normal -0.792277 -0.607949 0.0519212
    outer loop
      vertex 8.87204 -0.4 -0.536095
      vertex 8.99809 -0.565685 -0.552689
      vertex 9.03431 -0.565685 0
    endloop
  endfacet
  facet normal -0.922191 -0.381982 0.060437
    outer loop
      vertex 8.82726 -0.207055 0
      vertex 8.79281 -0.207055 -0.525663
      vertex 8.90718 -0.4 0
    endloop
  endfacet
  facet normal -0.922201 -0.381957 0.0604485
    outer loop
      vertex 8.79281 -0.207055 -0.525663
      vertex 8.87204 -0.4 -0.536095
      vertex 8.90718 -0.4 0
    endloop
  endfacet
  facet normal -0.989358 -0.130255 0.0648449
    outer loop
      vertex 8.8 0 0
      vertex 8.76578 0 -0.522105
      vertex 8.82726 -0.207055 0
    endloop
  endfacet
  facet normal -0.989356 -0.13027 0.0648387
    outer loop
      vertex 8.76578 0 -0.522105
      vertex 8.79281 -0.207055 -0.525663
      vertex 8.82726 -0.207055 0
    endloop
  endfacet
  facet normal -0.989358 0.130255 0.0648389
    outer loop
      vertex 8.82726 0.207055 0
      vertex 8.79281 0.207055 -0.525663
      vertex 8.8 0 0
    endloop
  endfacet
  facet normal -0.989356 0.13027 0.0648447
    outer loop
      vertex 8.79281 0.207055 -0.525663
      vertex 8.76578 0 -0.522105
      vertex 8.8 0 0
    endloop
  endfacet
  facet normal -0.922191 0.381982 0.0604478
    outer loop
      vertex 8.90718 0.4 0
      vertex 8.87204 0.4 -0.536095
      vertex 8.82726 0.207055 0
    endloop
  endfacet
  facet normal -0.922202 0.381956 0.0604377
    outer loop
      vertex 8.87204 0.4 -0.536095
      vertex 8.79281 0.207055 -0.525663
      vertex 8.82726 0.207055 0
    endloop
  endfacet
  facet normal -0.792294 0.607927 0.0519223
    outer loop
      vertex 9.03431 0.565685 0
      vertex 8.99809 0.565685 -0.552689
      vertex 8.90718 0.4 0
    endloop
  endfacet
  facet normal -0.792276 0.607949 0.0519321
    outer loop
      vertex 8.99809 0.565685 -0.552689
      vertex 8.87204 0.4 -0.536095
      vertex 8.90718 0.4 0
    endloop
  endfacet
  facet normal -0.608267 0.792731 0.0398652
    outer loop
      vertex 9.2 0.69282 0
      vertex 9.16236 0.69282 -0.574315
      vertex 9.03431 0.565685 0
    endloop
  endfacet
  facet normal -0.608274 0.792726 0.0398627
    outer loop
      vertex 9.16236 0.69282 -0.574315
      vertex 8.99809 0.565685 -0.552689
      vertex 9.03431 0.565685 0
    endloop
  endfacet
  facet normal -0.382574 0.923585 0.0250731
    outer loop
      vertex 9.39294 0.772741 0
      vertex 9.35365 0.772741 -0.5995
      vertex 9.2 0.69282 0
    endloop
  endfacet
  facet normal -0.382573 0.923585 0.0250734
    outer loop
      vertex 9.35365 0.772741 -0.5995
      vertex 9.16236 0.69282 -0.574315
      vertex 9.2 0.69282 0
    endloop
  endfacet
  facet normal -0.130517 0.991409 0.00855355
    outer loop
      vertex 9.6 0.8 0
      vertex 9.55894 0.8 -0.626526
      vertex 9.39294 0.772741 0
    endloop
  endfacet
  facet normal -0.130516 0.991409 0.00855376
    outer loop
      vertex 9.55894 0.8 -0.626526
      vertex 9.35365 0.772741 -0.5995
      vertex 9.39294 0.772741 0
    endloop
  endfacet
  facet normal 0.130517 0.991409 -0.00855531
    outer loop
      vertex 9.80706 0.772741 0
      vertex 9.76422 0.772741 -0.653552
      vertex 9.6 0.8 0
    endloop
  endfacet
  facet normal 0.130522 0.991408 -0.00855391
    outer loop
      vertex 9.76422 0.772741 -0.653552
      vertex 9.55894 0.8 -0.626526
      vertex 9.6 0.8 0
    endloop
  endfacet
  facet normal 0.382574 0.923585 -0.0250771
    outer loop
      vertex 10 0.69282 0
      vertex 9.95551 0.69282 -0.678736
      vertex 9.80706 0.772741 0
    endloop
  endfacet
  facet normal 0.382572 0.923585 -0.0250774
    outer loop
      vertex 9.95551 0.69282 -0.678736
      vertex 9.76422 0.772741 -0.653552
      vertex 9.80706 0.772741 0
    endloop
  endfacet
  facet normal 0.608244 0.792748 -0.0398628
    outer loop
      vertex 10.1657 0.565685 0
      vertex 10.1198 0.565685 -0.700363
      vertex 10 0.69282 0
    endloop
  endfacet
  facet normal 0.608226 0.792762 -0.0398682
    outer loop
      vertex 10.1198 0.565685 -0.700363
      vertex 9.95551 0.69282 -0.678736
      vertex 10 0.69282 0
    endloop
  endfacet
  facet normal 0.792362 0.607836 -0.0519432
    outer loop
      vertex 10.2928 0.4 0
      vertex 10.2458 0.4 -0.716957
      vertex 10.1657 0.565685 0
    endloop
  endfacet
  facet normal 0.792391 0.607798 -0.0519313
    outer loop
      vertex 10.2458 0.4 -0.716957
      vertex 10.1198 0.565685 -0.700363
      vertex 10.1657 0.565685 0
    endloop
  endfacet
  facet normal 0.92223 0.381903 -0.0603503
    outer loop
      vertex 10.3727 0.207055 0
      vertex 10.3251 0.207055 -0.727389
      vertex 10.2928 0.4 0
    endloop
  endfacet
  facet normal 0.922083 0.382242 -0.060447
    outer loop
      vertex 10.3251 0.207055 -0.727389
      vertex 10.2458 0.4 -0.716957
      vertex 10.2928 0.4 0
    endloop
  endfacet
  facet normal 0.989334 0.130443 -0.0648325
    outer loop
      vertex 10.4 0 0
      vertex 10.3521 0 -0.730947
      vertex 10.3727 0.207055 0
    endloop
  endfacet
  facet normal 0.989381 0.130128 -0.0647446
    outer loop
      vertex 10.3521 0 -0.730947
      vertex 10.3251 0.207055 -0.727389
      vertex 10.3727 0.207055 0
    endloop
  endfacet
  facet normal 0.972448 -0.130131 -0.193418
    outer loop
      vertex 10.3251 -0.207055 -0.727389
      vertex 10.1829 -0.207055 -1.44233
      vertex 10.3521 0 -0.730947
    endloop
  endfacet
  facet normal 0.972449 -0.130115 -0.193422
    outer loop
      vertex 10.1829 -0.207055 -1.44233
      vertex 10.2092 0 -1.44939
      vertex 10.3521 0 -0.730947
    endloop
  endfacet
  facet normal 0.906325 -0.38224 -0.180186
    outer loop
      vertex 10.2458 -0.4 -0.716957
      vertex 10.1057 -0.4 -1.42165
      vertex 10.3251 -0.207055 -0.727389
    endloop
  endfacet
  facet normal 0.906411 -0.381991 -0.180283
    outer loop
      vertex 10.1057 -0.4 -1.42165
      vertex 10.1829 -0.207055 -1.44233
      vertex 10.3251 -0.207055 -0.727389
    endloop
  endfacet
  facet normal 0.778827 -0.6078 -0.154945
    outer loop
      vertex 10.1198 -0.565685 -0.700363
      vertex 9.98285 -0.565685 -1.38874
      vertex 10.2458 -0.4 -0.716957
    endloop
  endfacet
  facet normal 0.778636 -0.608081 -0.154801
    outer loop
      vertex 9.98285 -0.565685 -1.38874
      vertex 10.1057 -0.4 -1.42165
      vertex 10.2458 -0.4 -0.716957
    endloop
  endfacet
  facet normal 0.59782 -0.792761 -0.118915
    outer loop
      vertex 9.95551 -0.69282 -0.678736
      vertex 9.82281 -0.69282 -1.34586
      vertex 10.1198 -0.565685 -0.700363
    endloop
  endfacet
  facet normal 0.597866 -0.792722 -0.118943
    outer loop
      vertex 9.82281 -0.69282 -1.34586
      vertex 9.98285 -0.565685 -1.38874
      vertex 10.1198 -0.565685 -0.700363
    endloop
  endfacet
  facet normal 0.376026 -0.923585 -0.0747993
    outer loop
      vertex 9.76422 -0.772741 -0.653552
      vertex 9.63644 -0.772741 -1.29592
      vertex 9.95551 -0.69282 -0.678736
    endloop
  endfacet
  facet normal 0.37602 -0.923588 -0.0747954
    outer loop
      vertex 9.63644 -0.772741 -1.29592
      vertex 9.82281 -0.69282 -1.34586
      vertex 9.95551 -0.69282 -0.678736
    endloop
  endfacet
  facet normal 0.128289 -0.991408 -0.0255201
    outer loop
      vertex 9.55894 -0.8 -0.626526
      vertex 9.43644 -0.8 -1.24233
      vertex 9.76422 -0.772741 -0.653552
    endloop
  endfacet
  facet normal 0.128286 -0.991409 -0.0255187
    outer loop
      vertex 9.43644 -0.8 -1.24233
      vertex 9.63644 -0.772741 -1.29592
      vertex 9.76422 -0.772741 -0.653552
    endloop
  endfacet
  facet normal -0.128283 -0.991409 0.0255177
    outer loop
      vertex 9.35365 -0.772741 -0.5995
      vertex 9.23644 -0.772741 -1.18874
      vertex 9.55894 -0.8 -0.626526
    endloop
  endfacet
  facet normal -0.128286 -0.991409 0.0255196
    outer loop
      vertex 9.23644 -0.772741 -1.18874
      vertex 9.43644 -0.8 -1.24233
      vertex 9.55894 -0.8 -0.626526
    endloop
  endfacet
  facet normal -0.376026 -0.923585 0.0748008
    outer loop
      vertex 9.16236 -0.69282 -0.574315
      vertex 9.05007 -0.69282 -1.1388
      vertex 9.35365 -0.772741 -0.5995
    endloop
  endfacet
  facet normal -0.376019 -0.923588 0.0747967
    outer loop
      vertex 9.05007 -0.69282 -1.1388
      vertex 9.23644 -0.772741 -1.18874
      vertex 9.35365 -0.772741 -0.5995
    endloop
  endfacet
  facet normal -0.597865 -0.792726 0.118928
    outer loop
      vertex 8.99809 -0.565685 -0.552689
      vertex 8.89003 -0.565685 -1.09592
      vertex 9.16236 -0.69282 -0.574315
    endloop
  endfacet
  facet normal -0.597869 -0.792722 0.118931
    outer loop
      vertex 8.89003 -0.565685 -1.09592
      vertex 9.05007 -0.69282 -1.1388
      vertex 9.16236 -0.69282 -0.574315
    endloop
  endfacet
  facet normal -0.778721 -0.607949 0.154894
    outer loop
      vertex 8.87204 -0.4 -0.536095
      vertex 8.76723 -0.4 -1.06302
      vertex 8.99809 -0.565685 -0.552689
    endloop
  endfacet
  facet normal -0.778733 -0.60793 0.154906
    outer loop
      vertex 8.76723 -0.4 -1.06302
      vertex 8.89003 -0.565685 -1.09592
      vertex 8.99809 -0.565685 -0.552689
    endloop
  endfacet
  facet normal -0.906419 -0.381957 0.180313
    outer loop
      vertex 8.79281 -0.207055 -0.525663
      vertex 8.69003 -0.207055 -1.04233
      vertex 8.87204 -0.4 -0.536095
    endloop
  endfacet
  facet normal -0.906406 -0.381999 0.180292
    outer loop
      vertex 8.69003 -0.207055 -1.04233
      vertex 8.76723 -0.4 -1.06302
      vertex 8.87204 -0.4 -0.536095
    endloop
  endfacet
  facet normal -0.972427 -0.130269 0.193434
    outer loop
      vertex 8.76578 0 -0.522105
      vertex 8.6637 0 -1.03528
      vertex 8.79281 -0.207055 -0.525663
    endloop
  endfacet
  facet normal -0.972428 -0.130245 0.193444
    outer loop
      vertex 8.6637 0 -1.03528
      vertex 8.69003 -0.207055 -1.04233
      vertex 8.79281 -0.207055 -0.525663
    endloop
  endfacet
  facet normal -0.972425 0.130269 0.193443
    outer loop
      vertex 8.79281 0.207055 -0.525663
      vertex 8.69003 0.207055 -1.04233
      vertex 8.76578 0 -0.522105
    endloop
  endfacet
  facet normal -0.97243 0.130245 0.193434
    outer loop
      vertex 8.69003 0.207055 -1.04233
      vertex 8.6637 0 -1.03528
      vertex 8.76578 0 -0.522105
    endloop
  endfacet
  facet normal -0.906423 0.381957 0.180295
    outer loop
      vertex 8.87204 0.4 -0.536095
      vertex 8.76723 0.4 -1.06302
      vertex 8.79281 0.207055 -0.525663
    endloop
  endfacet
  facet normal -0.906402 0.381999 0.18031
    outer loop
      vertex 8.76723 0.4 -1.06302
      vertex 8.69003 0.207055 -1.04233
      vertex 8.79281 0.207055 -0.525663
    endloop
  endfacet
  facet normal -0.778719 0.607949 0.154903
    outer loop
      vertex 8.99809 0.565685 -0.552689
      vertex 8.89003 0.565685 -1.09592
      vertex 8.87204 0.4 -0.536095
    endloop
  endfacet
  facet normal -0.778735 0.60793 0.154897
    outer loop
      vertex 8.89003 0.565685 -1.09592
      vertex 8.76723 0.4 -1.06302
      vertex 8.87204 0.4 -0.536095
    endloop
  endfacet
  facet normal -0.597864 0.792726 0.11893
    outer loop
      vertex 9.16236 0.69282 -0.574315
      vertex 9.05007 0.69282 -1.1388
      vertex 8.99809 0.565685 -0.552689
    endloop
  endfacet
  facet normal -0.59787 0.792722 0.118929
    outer loop
      vertex 9.05007 0.69282 -1.1388
      vertex 8.89003 0.565685 -1.09592
      vertex 8.99809 0.565685 -0.552689
    endloop
  endfacet
  facet normal -0.376026 0.923585 0.0747981
    outer loop
      vertex 9.35365 0.772741 -0.5995
      vertex 9.23644 0.772741 -1.18874
      vertex 9.16236 0.69282 -0.574315
    endloop
  endfacet
  facet normal -0.376019 0.923588 0.0747994
    outer loop
      vertex 9.23644 0.772741 -1.18874
      vertex 9.05007 0.69282 -1.1388
      vertex 9.16236 0.69282 -0.574315
    endloop
  endfacet
  facet normal -0.128283 0.991409 0.0255189
    outer loop
      vertex 9.55894 0.8 -0.626526
      vertex 9.43644 0.8 -1.24233
      vertex 9.35365 0.772741 -0.5995
    endloop
  endfacet
  facet normal -0.128286 0.991409 0.0255184
    outer loop
      vertex 9.43644 0.8 -1.24233
      vertex 9.23644 0.772741 -1.18874
      vertex 9.35365 0.772741 -0.5995
    endloop
  endfacet
  facet normal 0.128289 0.991408 -0.0255192
    outer loop
      vertex 9.76422 0.772741 -0.653552
      vertex 9.63644 0.772741 -1.29592
      vertex 9.55894 0.8 -0.626526
    endloop
  endfacet
  facet normal 0.128286 0.991409 -0.0255196
    outer loop
      vertex 9.63644 0.772741 -1.29592
      vertex 9.43644 0.8 -1.24233
      vertex 9.55894 0.8 -0.626526
    endloop
  endfacet
  facet normal 0.376027 0.923585 -0.0747968
    outer loop
      vertex 9.95551 0.69282 -0.678736
      vertex 9.82281 0.69282 -1.34586
      vertex 9.76422 0.772741 -0.653552
    endloop
  endfacet
  facet normal 0.376019 0.923588 -0.0747978
    outer loop
      vertex 9.82281 0.69282 -1.34586
      vertex 9.63644 0.772741 -1.29592
      vertex 9.76422 0.772741 -0.653552
    endloop
  endfacet
  facet normal 0.597817 0.79276 -0.118934
    outer loop
      vertex 10.1198 0.565685 -0.700363
      vertex 9.98285 0.565685 -1.38874
      vertex 9.95551 0.69282 -0.678736
    endloop
  endfacet
  facet normal 0.597871 0.792722 -0.118925
    outer loop
      vertex 9.98285 0.565685 -1.38874
      vertex 9.82281 0.69282 -1.34586
      vertex 9.95551 0.69282 -0.678736
    endloop
  endfacet
  facet normal 0.778845 0.607803 -0.154842
    outer loop
      vertex 10.2458 0.4 -0.716957
      vertex 10.1057 0.4 -1.42165
      vertex 10.1198 0.565685 -0.700363
    endloop
  endfacet
  facet normal 0.778613 0.608084 -0.154902
    outer loop
      vertex 10.1057 0.4 -1.42165
      vertex 9.98285 0.565685 -1.38874
      vertex 10.1198 0.565685 -0.700363
    endloop
  endfacet
  facet normal 0.906311 0.382238 -0.180263
    outer loop
      vertex 10.3251 0.207055 -0.727389
      vertex 10.1829 0.207055 -1.44233
      vertex 10.2458 0.4 -0.716957
    endloop
  endfacet
  facet normal 0.906427 0.381989 -0.180207
    outer loop
      vertex 10.1829 0.207055 -1.44233
      vertex 10.1057 0.4 -1.42165
      vertex 10.2458 0.4 -0.716957
    endloop
  endfacet
  facet normal 0.972447 0.130131 -0.193422
    outer loop
      vertex 10.3521 0 -0.730947
      vertex 10.2092 0 -1.44939
      vertex 10.3251 0.207055 -0.727389
    endloop
  endfacet
  facet normal 0.97245 0.130115 -0.193418
    outer loop
      vertex 10.2092 0 -1.44939
      vertex 10.1829 0.207055 -1.44233
      vertex 10.3251 0.207055 -0.727389
    endloop
  endfacet
  facet normal 0.938861 -0.130122 -0.318761
    outer loop
      vertex 10.1829 -0.207055 -1.44233
      vertex 9.94854 -0.207055 -2.1326
      vertex 10.2092 0 -1.44939
    endloop
  endfacet
  facet normal 0.938856 -0.130274 -0.318713
    outer loop
      vertex 9.94854 -0.207055 -2.1326
      vertex 9.97373 0 -2.14303
      vertex 10.2092 0 -1.44939
    endloop
  endfacet
  facet normal 0.875103 -0.381987 -0.29712
    outer loop
      vertex 10.1057 -0.4 -1.42165
      vertex 9.8747 -0.4 -2.10201
      vertex 10.1829 -0.207055 -1.44233
    endloop
  endfacet
  facet normal 0.875098 -0.382005 -0.297113
    outer loop
      vertex 9.8747 -0.4 -2.10201
      vertex 9.94854 -0.207055 -2.1326
      vertex 10.1829 -0.207055 -1.44233
    endloop
  endfacet
  facet normal 0.751747 -0.608081 -0.255175
    outer loop
      vertex 9.98285 -0.565685 -1.38874
      vertex 9.75725 -0.565685 -2.05336
      vertex 10.1057 -0.4 -1.42165
    endloop
  endfacet
  facet normal 0.751845 -0.607919 -0.255271
    outer loop
      vertex 9.75725 -0.565685 -2.05336
      vertex 9.8747 -0.4 -2.10201
      vertex 10.1057 -0.4 -1.42165
    endloop
  endfacet
  facet normal 0.577234 -0.792721 -0.195945
    outer loop
      vertex 9.82281 -0.69282 -1.34586
      vertex 9.60417 -0.69282 -1.98995
      vertex 9.98285 -0.565685 -1.38874
    endloop
  endfacet
  facet normal 0.577218 -0.792736 -0.195932
    outer loop
      vertex 9.60417 -0.69282 -1.98995
      vertex 9.75725 -0.565685 -2.05336
      vertex 9.98285 -0.565685 -1.38874
    endloop
  endfacet
  facet normal 0.363041 -0.923588 -0.12323
    outer loop
      vertex 9.63644 -0.772741 -1.29592
      vertex 9.42592 -0.772741 -1.91612
      vertex 9.82281 -0.69282 -1.34586
    endloop
  endfacet
  facet normal 0.363055 -0.923581 -0.123241
    outer loop
      vertex 9.42592 -0.772741 -1.91612
      vertex 9.60417 -0.69282 -1.98995
      vertex 9.82281 -0.69282 -1.34586
    endloop
  endfacet
  facet normal 0.123858 -0.991409 -0.0420437
    outer loop
      vertex 9.43644 -0.8 -1.24233
      vertex 9.23462 -0.8 -1.83688
      vertex 9.63644 -0.772741 -1.29592
    endloop
  endfacet
  facet normal 0.123855 -0.991409 -0.0420412
    outer loop
      vertex 9.23462 -0.8 -1.83688
      vertex 9.42592 -0.772741 -1.91612
      vertex 9.63644 -0.772741 -1.29592
    endloop
  endfacet
  facet normal -0.123859 -0.991409 0.0420431
    outer loop
      vertex 9.23644 -0.772741 -1.18874
      vertex 9.04333 -0.772741 -1.75764
      vertex 9.43644 -0.8 -1.24233
    endloop
  endfacet
  facet normal -0.12386 -0.991409 0.0420443
    outer loop
      vertex 9.04333 -0.772741 -1.75764
      vertex 9.23462 -0.8 -1.83688
      vertex 9.43644 -0.8 -1.24233
    endloop
  endfacet
  facet normal -0.363041 -0.923588 0.123232
    outer loop
      vertex 9.05007 -0.69282 -1.1388
      vertex 8.86507 -0.69282 -1.68381
      vertex 9.23644 -0.772741 -1.18874
    endloop
  endfacet
  facet normal -0.363042 -0.923588 0.123233
    outer loop
      vertex 8.86507 -0.69282 -1.68381
      vertex 9.04333 -0.772741 -1.75764
      vertex 9.23644 -0.772741 -1.18874
    endloop
  endfacet
  facet normal -0.577236 -0.792721 0.195938
    outer loop
      vertex 8.89003 -0.565685 -1.09592
      vertex 8.712 -0.565685 -1.6204
      vertex 9.05007 -0.69282 -1.1388
    endloop
  endfacet
  facet normal -0.577238 -0.792719 0.19594
    outer loop
      vertex 8.712 -0.565685 -1.6204
      vertex 8.86507 -0.69282 -1.68381
      vertex 9.05007 -0.69282 -1.1388
    endloop
  endfacet
  facet normal -0.751855 -0.607928 0.25522
    outer loop
      vertex 8.76723 -0.4 -1.06302
      vertex 8.59454 -0.4 -1.57175
      vertex 8.89003 -0.565685 -1.09592
    endloop
  endfacet
  facet normal -0.751845 -0.607946 0.255207
    outer loop
      vertex 8.59454 -0.4 -1.57175
      vertex 8.712 -0.565685 -1.6204
      vertex 8.89003 -0.565685 -1.09592
    endloop
  endfacet
  facet normal -0.875118 -0.382001 0.297057
    outer loop
      vertex 8.69003 -0.207055 -1.04233
      vertex 8.5207 -0.207055 -1.54117
      vertex 8.76723 -0.4 -1.06302
    endloop
  endfacet
  facet normal -0.875121 -0.38199 0.297063
    outer loop
      vertex 8.5207 -0.207055 -1.54117
      vertex 8.59454 -0.4 -1.57175
      vertex 8.76723 -0.4 -1.06302
    endloop
  endfacet
  facet normal -0.938866 -0.130242 0.318697
    outer loop
      vertex 8.6637 0 -1.03528
      vertex 8.49552 0 -1.53073
      vertex 8.69003 -0.207055 -1.04233
    endloop
  endfacet
  facet normal -0.938866 -0.130245 0.318696
    outer loop
      vertex 8.49552 0 -1.53073
      vertex 8.5207 -0.207055 -1.54117
      vertex 8.69003 -0.207055 -1.04233
    endloop
  endfacet
  facet normal -0.938866 0.130242 0.318696
    outer loop
      vertex 8.69003 0.207055 -1.04233
      vertex 8.5207 0.207055 -1.54117
      vertex 8.6637 0 -1.03528
    endloop
  endfacet
  facet normal -0.938866 0.130245 0.318697
    outer loop
      vertex 8.5207 0.207055 -1.54117
      vertex 8.49552 0 -1.53073
      vertex 8.6637 0 -1.03528
    endloop
  endfacet
  facet normal -0.875117 0.382001 0.297061
    outer loop
      vertex 8.76723 0.4 -1.06302
      vertex 8.59454 0.4 -1.57175
      vertex 8.69003 0.207055 -1.04233
    endloop
  endfacet
  facet normal -0.875123 0.38199 0.297058
    outer loop
      vertex 8.59454 0.4 -1.57175
      vertex 8.5207 0.207055 -1.54117
      vertex 8.69003 0.207055 -1.04233
    endloop
  endfacet
  facet normal -0.751858 0.607928 0.255211
    outer loop
      vertex 8.89003 0.565685 -1.09592
      vertex 8.712 0.565685 -1.6204
      vertex 8.76723 0.4 -1.06302
    endloop
  endfacet
  facet normal -0.751842 0.607946 0.255215
    outer loop
      vertex 8.712 0.565685 -1.6204
      vertex 8.59454 0.4 -1.57175
      vertex 8.76723 0.4 -1.06302
    endloop
  endfacet
  facet normal -0.577236 0.792721 0.195939
    outer loop
      vertex 9.05007 0.69282 -1.1388
      vertex 8.86507 0.69282 -1.68381
      vertex 8.89003 0.565685 -1.09592
    endloop
  endfacet
  facet normal -0.577239 0.792719 0.195938
    outer loop
      vertex 8.86507 0.69282 -1.68381
      vertex 8.712 0.565685 -1.6204
      vertex 8.89003 0.565685 -1.09592
    endloop
  endfacet
  facet normal -0.363041 0.923588 0.123232
    outer loop
      vertex 9.23644 0.772741 -1.18874
      vertex 9.04333 0.772741 -1.75764
      vertex 9.05007 0.69282 -1.1388
    endloop
  endfacet
  facet normal -0.363042 0.923588 0.123232
    outer loop
      vertex 9.04333 0.772741 -1.75764
      vertex 8.86507 0.69282 -1.68381
      vertex 9.05007 0.69282 -1.1388
    endloop
  endfacet
  facet normal -0.123858 0.991409 0.0420437
    outer loop
      vertex 9.43644 0.8 -1.24233
      vertex 9.23462 0.8 -1.83688
      vertex 9.23644 0.772741 -1.18874
    endloop
  endfacet
  facet normal -0.12386 0.991409 0.0420437
    outer loop
      vertex 9.23462 0.8 -1.83688
      vertex 9.04333 0.772741 -1.75764
      vertex 9.23644 0.772741 -1.18874
    endloop
  endfacet
  facet normal 0.123859 0.991409 -0.0420425
    outer loop
      vertex 9.63644 0.772741 -1.29592
      vertex 9.42592 0.772741 -1.91612
      vertex 9.43644 0.8 -1.24233
    endloop
  endfacet
  facet normal 0.123855 0.991409 -0.0420424
    outer loop
      vertex 9.42592 0.772741 -1.91612
      vertex 9.23462 0.8 -1.83688
      vertex 9.43644 0.8 -1.24233
    endloop
  endfacet
  facet normal 0.36304 0.923588 -0.123236
    outer loop
      vertex 9.82281 0.69282 -1.34586
      vertex 9.60417 0.69282 -1.98995
      vertex 9.63644 0.772741 -1.29592
    endloop
  endfacet
  facet normal 0.363058 0.923581 -0.123236
    outer loop
      vertex 9.60417 0.69282 -1.98995
      vertex 9.42592 0.772741 -1.91612
      vertex 9.63644 0.772741 -1.29592
    endloop
  endfacet
  facet normal 0.577236 0.792721 -0.195938
    outer loop
      vertex 9.98285 0.565685 -1.38874
      vertex 9.75725 0.565685 -2.05336
      vertex 9.82281 0.69282 -1.34586
    endloop
  endfacet
  facet normal 0.577215 0.792736 -0.195939
    outer loop
      vertex 9.75725 0.565685 -2.05336
      vertex 9.60417 0.69282 -1.98995
      vertex 9.82281 0.69282 -1.34586
    endloop
  endfacet
  facet normal 0.751729 0.608079 -0.255232
    outer loop
      vertex 10.1057 0.4 -1.42165
      vertex 9.8747 0.4 -2.10201
      vertex 9.98285 0.565685 -1.38874
    endloop
  endfacet
  facet normal 0.751866 0.607917 -0.255215
    outer loop
      vertex 9.8747 0.4 -2.10201
      vertex 9.75725 0.565685 -2.05336
      vertex 9.98285 0.565685 -1.38874
    endloop
  endfacet
  facet normal 0.875105 0.381987 -0.297115
    outer loop
      vertex 10.1829 0.207055 -1.44233
      vertex 9.94854 0.207055 -2.1326
      vertex 10.1057 0.4 -1.42165
    endloop
  endfacet
  facet normal 0.875096 0.382005 -0.297118
    outer loop
      vertex 9.94854 0.207055 -2.1326
      vertex 9.8747 0.4 -2.10201
      vertex 10.1057 0.4 -1.42165
    endloop
  endfacet
  facet normal 0.938875 0.130123 -0.31872
    outer loop
      vertex 10.2092 0 -1.44939
      vertex 9.97373 0 -2.14303
      vertex 10.1829 0.207055 -1.44233
    endloop
  endfacet
  facet normal 0.938842 0.130275 -0.318755
    outer loop
      vertex 9.97373 0 -2.14303
      vertex 9.94854 0.207055 -2.1326
      vertex 10.1829 0.207055 -1.44233
    endloop
  endfacet
  facet normal 0.889226 -0.130272 -0.438527
    outer loop
      vertex 9.94854 -0.207055 -2.1326
      vertex 9.62613 -0.207055 -2.78637
      vertex 9.97373 0 -2.14303
    endloop
  endfacet
  facet normal 0.889226 -0.130264 -0.438529
    outer loop
      vertex 9.62613 -0.207055 -2.78637
      vertex 9.64974 0 -2.8
      vertex 9.97373 0 -2.14303
    endloop
  endfacet
  facet normal 0.828855 -0.382006 -0.408742
    outer loop
      vertex 9.8747 -0.4 -2.10201
      vertex 9.55692 -0.4 -2.74641
      vertex 9.94854 -0.207055 -2.1326
    endloop
  endfacet
  facet normal 0.828863 -0.381972 -0.408758
    outer loop
      vertex 9.55692 -0.4 -2.74641
      vertex 9.62613 -0.207055 -2.78637
      vertex 9.94854 -0.207055 -2.1326
    endloop
  endfacet
  facet normal 0.712115 -0.607918 -0.351182
    outer loop
      vertex 9.75725 -0.565685 -2.05336
      vertex 9.44682 -0.565685 -2.68284
      vertex 9.8747 -0.4 -2.10201
    endloop
  endfacet
  facet normal 0.712104 -0.607939 -0.351167
    outer loop
      vertex 9.44682 -0.565685 -2.68284
      vertex 9.55692 -0.4 -2.74641
      vertex 9.8747 -0.4 -2.10201
    endloop
  endfacet
  facet normal 0.546702 -0.792737 -0.269601
    outer loop
      vertex 9.60417 -0.69282 -1.98995
      vertex 9.30333 -0.69282 -2.6
      vertex 9.75725 -0.565685 -2.05336
    endloop
  endfacet
  facet normal 0.546715 -0.792724 -0.269614
    outer loop
      vertex 9.30333 -0.69282 -2.6
      vertex 9.44682 -0.565685 -2.68284
      vertex 9.75725 -0.565685 -2.05336
    endloop
  endfacet
  facet normal 0.343864 -0.923581 -0.169576
    outer loop
      vertex 9.42592 -0.772741 -1.91612
      vertex 9.13624 -0.772741 -2.50353
      vertex 9.60417 -0.69282 -1.98995
    endloop
  endfacet
  facet normal 0.343858 -0.923584 -0.16957
    outer loop
      vertex 9.13624 -0.772741 -2.50353
      vertex 9.30333 -0.69282 -2.6
      vertex 9.60417 -0.69282 -1.98995
    endloop
  endfacet
  facet normal 0.117307 -0.991409 -0.0578494
    outer loop
      vertex 9.23462 -0.8 -1.83688
      vertex 8.95692 -0.8 -2.4
      vertex 9.42592 -0.772741 -1.91612
    endloop
  endfacet
  facet normal 0.117308 -0.991409 -0.05785
    outer loop
      vertex 8.95692 -0.8 -2.4
      vertex 9.13624 -0.772741 -2.50353
      vertex 9.42592 -0.772741 -1.91612
    endloop
  endfacet
  facet normal -0.117312 -0.991409 0.0578516
    outer loop
      vertex 9.04333 -0.772741 -1.75764
      vertex 8.77761 -0.772741 -2.29647
      vertex 9.23462 -0.8 -1.83688
    endloop
  endfacet
  facet normal -0.117313 -0.991409 0.0578523
    outer loop
      vertex 8.77761 -0.772741 -2.29647
      vertex 8.95692 -0.8 -2.4
      vertex 9.23462 -0.8 -1.83688
    endloop
  endfacet
  facet normal -0.34385 -0.923587 0.16957
    outer loop
      vertex 8.86507 -0.69282 -1.68381
      vertex 8.61051 -0.69282 -2.2
      vertex 9.04333 -0.772741 -1.75764
    endloop
  endfacet
  facet normal -0.343844 -0.92359 0.169564
    outer loop
      vertex 8.61051 -0.69282 -2.2
      vertex 8.77761 -0.772741 -2.29647
      vertex 9.04333 -0.772741 -1.75764
    endloop
  endfacet
  facet normal -0.546718 -0.792721 0.269617
    outer loop
      vertex 8.712 -0.565685 -1.6204
      vertex 8.46702 -0.565685 -2.11716
      vertex 8.86507 -0.69282 -1.68381
    endloop
  endfacet
  facet normal -0.546715 -0.792724 0.269614
    outer loop
      vertex 8.46702 -0.565685 -2.11716
      vertex 8.61051 -0.69282 -2.2
      vertex 8.86507 -0.69282 -1.68381
    endloop
  endfacet
  facet normal -0.712097 -0.607945 0.351171
    outer loop
      vertex 8.59454 -0.4 -1.57175
      vertex 8.35692 -0.4 -2.05359
      vertex 8.712 -0.565685 -1.6204
    endloop
  endfacet
  facet normal -0.712099 -0.607939 0.351176
    outer loop
      vertex 8.35692 -0.4 -2.05359
      vertex 8.46702 -0.565685 -2.11716
      vertex 8.712 -0.565685 -1.6204
    endloop
  endfacet
  facet normal -0.828862 -0.381988 0.408747
    outer loop
      vertex 8.5207 -0.207055 -1.54117
      vertex 8.28771 -0.207055 -2.01363
      vertex 8.59454 -0.4 -1.57175
    endloop
  endfacet
  facet normal -0.828864 -0.381972 0.408756
    outer loop
      vertex 8.28771 -0.207055 -2.01363
      vertex 8.35692 -0.4 -2.05359
      vertex 8.59454 -0.4 -1.57175
    endloop
  endfacet
  facet normal -0.889231 -0.130251 0.438523
    outer loop
      vertex 8.49552 0 -1.53073
      vertex 8.2641 0 -2
      vertex 8.5207 -0.207055 -1.54117
    endloop
  endfacet
  facet normal -0.889232 -0.130264 0.438518
    outer loop
      vertex 8.2641 0 -2
      vertex 8.28771 -0.207055 -2.01363
      vertex 8.5207 -0.207055 -1.54117
    endloop
  endfacet
  facet normal -0.889233 0.130251 0.438519
    outer loop
      vertex 8.5207 0.207055 -1.54117
      vertex 8.28771 0.207055 -2.01363
      vertex 8.49552 0 -1.53073
    endloop
  endfacet
  facet normal -0.88923 0.130264 0.438523
    outer loop
      vertex 8.28771 0.207055 -2.01363
      vertex 8.2641 0 -2
      vertex 8.49552 0 -1.53073
    endloop
  endfacet
  facet normal -0.828859 0.381988 0.408753
    outer loop
      vertex 8.59454 0.4 -1.57175
      vertex 8.35692 0.4 -2.05359
      vertex 8.5207 0.207055 -1.54117
    endloop
  endfacet
  facet normal -0.828867 0.381972 0.40875
    outer loop
      vertex 8.35692 0.4 -2.05359
      vertex 8.28771 0.207055 -2.01363
      vertex 8.5207 0.207055 -1.54117
    endloop
  endfacet
  facet normal -0.712095 0.607945 0.351174
    outer loop
      vertex 8.712 0.565685 -1.6204
      vertex 8.46702 0.565685 -2.11716
      vertex 8.59454 0.4 -1.57175
    endloop
  endfacet
  facet normal -0.712101 0.607939 0.351173
    outer loop
      vertex 8.46702 0.565685 -2.11716
      vertex 8.35692 0.4 -2.05359
      vertex 8.59454 0.4 -1.57175
    endloop
  endfacet
  facet normal -0.546719 0.792721 0.269615
    outer loop
      vertex 8.86507 0.69282 -1.68381
      vertex 8.61051 0.69282 -2.2
      vertex 8.712 0.565685 -1.6204
    endloop
  endfacet
  facet normal -0.546714 0.792724 0.269615
    outer loop
      vertex 8.61051 0.69282 -2.2
      vertex 8.46702 0.565685 -2.11716
      vertex 8.712 0.565685 -1.6204
    endloop
  endfacet
  facet normal -0.343851 0.923587 0.169567
    outer loop
      vertex 9.04333 0.772741 -1.75764
      vertex 8.77761 0.772741 -2.29647
      vertex 8.86507 0.69282 -1.68381
    endloop
  endfacet
  facet normal -0.343843 0.92359 0.169567
    outer loop
      vertex 8.77761 0.772741 -2.29647
      vertex 8.61051 0.69282 -2.2
      vertex 8.86507 0.69282 -1.68381
    endloop
  endfacet
  facet normal -0.117312 0.991409 0.0578519
    outer loop
      vertex 9.23462 0.8 -1.83688
      vertex 8.95692 0.8 -2.4
      vertex 9.04333 0.772741 -1.75764
    endloop
  endfacet
  facet normal -0.117313 0.991409 0.057852
    outer loop
      vertex 8.95692 0.8 -2.4
      vertex 8.77761 0.772741 -2.29647
      vertex 9.04333 0.772741 -1.75764
    endloop
  endfacet
  facet normal 0.117307 0.991409 -0.0578497
    outer loop
      vertex 9.42592 0.772741 -1.91612
      vertex 9.13624 0.772741 -2.50353
      vertex 9.23462 0.8 -1.83688
    endloop
  endfacet
  facet normal 0.117308 0.991409 -0.0578498
    outer loop
      vertex 9.13624 0.772741 -2.50353
      vertex 8.95692 0.8 -2.4
      vertex 9.23462 0.8 -1.83688
    endloop
  endfacet
  facet normal 0.343865 0.923581 -0.169573
    outer loop
      vertex 9.60417 0.69282 -1.98995
      vertex 9.30333 0.69282 -2.6
      vertex 9.42592 0.772741 -1.91612
    endloop
  endfacet
  facet normal 0.343857 0.923584 -0.169572
    outer loop
      vertex 9.30333 0.69282 -2.6
      vertex 9.13624 0.772741 -2.50353
      vertex 9.42592 0.772741 -1.91612
    endloop
  endfacet
  facet normal 0.5467 0.792737 -0.269607
    outer loop
      vertex 9.75725 0.565685 -2.05336
      vertex 9.44682 0.565685 -2.68284
      vertex 9.60417 0.69282 -1.98995
    endloop
  endfacet
  facet normal 0.546718 0.792724 -0.269608
    outer loop
      vertex 9.44682 0.565685 -2.68284
      vertex 9.30333 0.69282 -2.6
      vertex 9.60417 0.69282 -1.98995
    endloop
  endfacet
  facet normal 0.712118 0.607918 -0.351175
    outer loop
      vertex 9.8747 0.4 -2.10201
      vertex 9.55692 0.4 -2.74641
      vertex 9.75725 0.565685 -2.05336
    endloop
  endfacet
  facet normal 0.7121 0.607939 -0.351174
    outer loop
      vertex 9.55692 0.4 -2.74641
      vertex 9.44682 0.565685 -2.68284
      vertex 9.75725 0.565685 -2.05336
    endloop
  endfacet
  facet normal 0.828851 0.382006 -0.408752
    outer loop
      vertex 9.94854 0.207055 -2.1326
      vertex 9.62613 0.207055 -2.78637
      vertex 9.8747 0.4 -2.10201
    endloop
  endfacet
  facet normal 0.828868 0.381972 -0.408749
    outer loop
      vertex 9.62613 0.207055 -2.78637
      vertex 9.55692 0.4 -2.74641
      vertex 9.8747 0.4 -2.10201
    endloop
  endfacet
  facet normal 0.889225 0.130272 -0.438529
    outer loop
      vertex 9.97373 0 -2.14303
      vertex 9.64974 0 -2.8
      vertex 9.94854 0.207055 -2.1326
    endloop
  endfacet
  facet normal 0.889227 0.130264 -0.438527
    outer loop
      vertex 9.64974 0 -2.8
      vertex 9.62613 0.207055 -2.78637
      vertex 9.94854 0.207055 -2.1326
    endloop
  endfacet
  facet normal 0.824387 -0.130263 -0.550834
    outer loop
      vertex 9.62613 -0.207055 -2.78637
      vertex 9.22115 -0.207055 -3.39247
      vertex 9.64974 0 -2.8
    endloop
  endfacet
  facet normal 0.824387 -0.130255 -0.550836
    outer loop
      vertex 9.22115 -0.207055 -3.39247
      vertex 9.24278 0 -3.40906
      vertex 9.64974 0 -2.8
    endloop
  endfacet
  facet normal 0.768426 -0.381973 -0.513437
    outer loop
      vertex 9.55692 -0.4 -2.74641
      vertex 9.15775 -0.4 -3.34382
      vertex 9.62613 -0.207055 -2.78637
    endloop
  endfacet
  facet normal 0.768428 -0.381961 -0.513443
    outer loop
      vertex 9.15775 -0.4 -3.34382
      vertex 9.22115 -0.207055 -3.39247
      vertex 9.62613 -0.207055 -2.78637
    endloop
  endfacet
  facet normal 0.66017 -0.60794 -0.441117
    outer loop
      vertex 9.44682 -0.565685 -2.68284
      vertex 9.05688 -0.565685 -3.26642
      vertex 9.55692 -0.4 -2.74641
    endloop
  endfacet
  facet normal 0.660159 -0.607967 -0.441097
    outer loop
      vertex 9.05688 -0.565685 -3.26642
      vertex 9.15775 -0.4 -3.34382
      vertex 9.55692 -0.4 -2.74641
    endloop
  endfacet
  facet normal 0.506851 -0.792723 -0.338662
    outer loop
      vertex 9.30333 -0.69282 -2.6
      vertex 8.92544 -0.69282 -3.16556
      vertex 9.44682 -0.565685 -2.68284
    endloop
  endfacet
  facet normal 0.506862 -0.792709 -0.338678
    outer loop
      vertex 8.92544 -0.69282 -3.16556
      vertex 9.05688 -0.565685 -3.26642
      vertex 9.44682 -0.565685 -2.68284
    endloop
  endfacet
  facet normal 0.31878 -0.923584 -0.213008
    outer loop
      vertex 9.13624 -0.772741 -2.50353
      vertex 8.77236 -0.772741 -3.0481
      vertex 9.30333 -0.69282 -2.6
    endloop
  endfacet
  facet normal 0.318766 -0.923593 -0.21299
    outer loop
      vertex 8.77236 -0.772741 -3.0481
      vertex 8.92544 -0.69282 -3.16556
      vertex 9.30333 -0.69282 -2.6
    endloop
  endfacet
  facet normal 0.108754 -0.991409 -0.0726662
    outer loop
      vertex 8.95692 -0.8 -2.4
      vertex 8.6081 -0.8 -2.92205
      vertex 9.13624 -0.772741 -2.50353
    endloop
  endfacet
  facet normal 0.108758 -0.991408 -0.0726716
    outer loop
      vertex 8.6081 -0.8 -2.92205
      vertex 8.77236 -0.772741 -3.0481
      vertex 9.13624 -0.772741 -2.50353
    endloop
  endfacet
  facet normal -0.108758 -0.991409 0.0726692
    outer loop
      vertex 8.77761 -0.772741 -2.29647
      vertex 8.44383 -0.772741 -2.79601
      vertex 8.95692 -0.8 -2.4
    endloop
  endfacet
  facet normal -0.108758 -0.991409 0.072669
    outer loop
      vertex 8.44383 -0.772741 -2.79601
      vertex 8.6081 -0.8 -2.92205
      vertex 8.95692 -0.8 -2.4
    endloop
  endfacet
  facet normal -0.31877 -0.92359 0.212997
    outer loop
      vertex 8.61051 -0.69282 -2.2
      vertex 8.29075 -0.69282 -2.67855
      vertex 8.77761 -0.772741 -2.29647
    endloop
  endfacet
  facet normal -0.318765 -0.923593 0.212991
    outer loop
      vertex 8.29075 -0.69282 -2.67855
      vertex 8.44383 -0.772741 -2.79601
      vertex 8.77761 -0.772741 -2.29647
    endloop
  endfacet
  facet normal -0.506852 -0.792723 0.338661
    outer loop
      vertex 8.46702 -0.565685 -2.11716
      vertex 8.15931 -0.565685 -2.57769
      vertex 8.61051 -0.69282 -2.2
    endloop
  endfacet
  facet normal -0.506862 -0.792709 0.338678
    outer loop
      vertex 8.15931 -0.565685 -2.57769
      vertex 8.29075 -0.69282 -2.67855
      vertex 8.61051 -0.69282 -2.2
    endloop
  endfacet
  facet normal -0.66017 -0.60794 0.441118
    outer loop
      vertex 8.35692 -0.4 -2.05359
      vertex 8.05844 -0.4 -2.50029
      vertex 8.46702 -0.565685 -2.11716
    endloop
  endfacet
  facet normal -0.660159 -0.607967 0.441095
    outer loop
      vertex 8.05844 -0.4 -2.50029
      vertex 8.15931 -0.565685 -2.57769
      vertex 8.46702 -0.565685 -2.11716
    endloop
  endfacet
  facet normal -0.768421 -0.381973 0.513445
    outer loop
      vertex 8.28771 -0.207055 -2.01363
      vertex 7.99504 -0.207055 -2.45164
      vertex 8.35692 -0.4 -2.05359
    endloop
  endfacet
  facet normal -0.768423 -0.381961 0.513452
    outer loop
      vertex 7.99504 -0.207055 -2.45164
      vertex 8.05844 -0.4 -2.50029
      vertex 8.35692 -0.4 -2.05359
    endloop
  endfacet
  facet normal -0.824386 -0.130263 0.550835
    outer loop
      vertex 8.2641 0 -2
      vertex 7.97341 0 -2.43505
      vertex 8.28771 -0.207055 -2.01363
    endloop
  endfacet
  facet normal -0.824385 -0.130255 0.550838
    outer loop
      vertex 7.97341 0 -2.43505
      vertex 7.99504 -0.207055 -2.45164
      vertex 8.28771 -0.207055 -2.01363
    endloop
  endfacet
  facet normal -0.824384 0.130263 0.550838
    outer loop
      vertex 8.28771 0.207055 -2.01363
      vertex 7.99504 0.207055 -2.45164
      vertex 8.2641 0 -2
    endloop
  endfacet
  facet normal -0.824387 0.130255 0.550836
    outer loop
      vertex 7.99504 0.207055 -2.45164
      vertex 7.97341 0 -2.43505
      vertex 8.2641 0 -2
    endloop
  endfacet
  facet normal -0.768419 0.381972 0.513449
    outer loop
      vertex 8.35692 0.4 -2.05359
      vertex 8.05844 0.4 -2.50029
      vertex 8.28771 0.207055 -2.01363
    endloop
  endfacet
  facet normal -0.768426 0.381961 0.513447
    outer loop
      vertex 8.05844 0.4 -2.50029
      vertex 7.99504 0.207055 -2.45164
      vertex 8.28771 0.207055 -2.01363
    endloop
  endfacet
  facet normal -0.660177 0.60794 0.441107
    outer loop
      vertex 8.46702 0.565685 -2.11716
      vertex 8.15931 0.565685 -2.57769
      vertex 8.35692 0.4 -2.05359
    endloop
  endfacet
  facet normal -0.660152 0.607968 0.441106
    outer loop
      vertex 8.15931 0.565685 -2.57769
      vertex 8.05844 0.4 -2.50029
      vertex 8.35692 0.4 -2.05359
    endloop
  endfacet
  facet normal -0.506848 0.792723 0.338668
    outer loop
      vertex 8.61051 0.69282 -2.2
      vertex 8.29075 0.69282 -2.67855
      vertex 8.46702 0.565685 -2.11716
    endloop
  endfacet
  facet normal -0.506868 0.792709 0.338671
    outer loop
      vertex 8.29075 0.69282 -2.67855
      vertex 8.15931 0.565685 -2.57769
      vertex 8.46702 0.565685 -2.11716
    endloop
  endfacet
  facet normal -0.318771 0.92359 0.212995
    outer loop
      vertex 8.77761 0.772741 -2.29647
      vertex 8.44383 0.772741 -2.79601
      vertex 8.61051 0.69282 -2.2
    endloop
  endfacet
  facet normal -0.318763 0.923593 0.212993
    outer loop
      vertex 8.44383 0.772741 -2.79601
      vertex 8.29075 0.69282 -2.67855
      vertex 8.61051 0.69282 -2.2
    endloop
  endfacet
  facet normal -0.108758 0.991409 0.0726691
    outer loop
      vertex 8.95692 0.8 -2.4
      vertex 8.6081 0.8 -2.92205
      vertex 8.77761 0.772741 -2.29647
    endloop
  endfacet
  facet normal -0.108758 0.991409 0.072669
    outer loop
      vertex 8.6081 0.8 -2.92205
      vertex 8.44383 0.772741 -2.79601
      vertex 8.77761 0.772741 -2.29647
    endloop
  endfacet
  facet normal 0.108752 0.991409 -0.0726681
    outer loop
      vertex 9.13624 0.772741 -2.50353
      vertex 8.77236 0.772741 -3.0481
      vertex 8.95692 0.8 -2.4
    endloop
  endfacet
  facet normal 0.108759 0.991408 -0.0726699
    outer loop
      vertex 8.77236 0.772741 -3.0481
      vertex 8.6081 0.8 -2.92205
      vertex 8.95692 0.8 -2.4
    endloop
  endfacet
  facet normal 0.318783 0.923584 -0.213001
    outer loop
      vertex 9.30333 0.69282 -2.6
      vertex 8.92544 0.69282 -3.16556
      vertex 9.13624 0.772741 -2.50353
    endloop
  endfacet
  facet normal 0.318762 0.923593 -0.212996
    outer loop
      vertex 8.92544 0.69282 -3.16556
      vertex 8.77236 0.772741 -3.0481
      vertex 9.13624 0.772741 -2.50353
    endloop
  endfacet
  facet normal 0.506847 0.792723 -0.338668
    outer loop
      vertex 9.44682 0.565685 -2.68284
      vertex 9.05688 0.565685 -3.26642
      vertex 9.30333 0.69282 -2.6
    endloop
  endfacet
  facet normal 0.506866 0.792709 -0.338673
    outer loop
      vertex 9.05688 0.565685 -3.26642
      vertex 8.92544 0.69282 -3.16556
      vertex 9.30333 0.69282 -2.6
    endloop
  endfacet
  facet normal 0.660176 0.60794 -0.441108
    outer loop
      vertex 9.55692 0.4 -2.74641
      vertex 9.15775 0.4 -3.34382
      vertex 9.44682 0.565685 -2.68284
    endloop
  endfacet
  facet normal 0.660153 0.607968 -0.441105
    outer loop
      vertex 9.15775 0.4 -3.34382
      vertex 9.05688 0.565685 -3.26642
      vertex 9.44682 0.565685 -2.68284
    endloop
  endfacet
  facet normal 0.768424 0.381973 -0.513441
    outer loop
      vertex 9.62613 0.207055 -2.78637
      vertex 9.22115 0.207055 -3.39247
      vertex 9.55692 0.4 -2.74641
    endloop
  endfacet
  facet normal 0.76843 0.38196 -0.51344
    outer loop
      vertex 9.22115 0.207055 -3.39247
      vertex 9.15775 0.4 -3.34382
      vertex 9.55692 0.4 -2.74641
    endloop
  endfacet
  facet normal 0.824386 0.130263 -0.550836
    outer loop
      vertex 9.64974 0 -2.8
      vertex 9.24278 0 -3.40906
      vertex 9.62613 0.207055 -2.78637
    endloop
  endfacet
  facet normal 0.824388 0.130255 -0.550834
    outer loop
      vertex 9.24278 0 -3.40906
      vertex 9.22115 0.207055 -3.39247
      vertex 9.62613 0.207055 -2.78637
    endloop
  endfacet
  facet normal 0.745433 -0.130251 -0.653731
    outer loop
      vertex 9.22115 -0.207055 -3.39247
      vertex 8.74052 -0.207055 -3.94052
      vertex 9.24278 0 -3.40906
    endloop
  endfacet
  facet normal 0.745436 -0.130283 -0.653722
    outer loop
      vertex 8.74052 -0.207055 -3.94052
      vertex 8.7598 0 -3.9598
      vertex 9.24278 0 -3.40906
    endloop
  endfacet
  facet normal 0.69483 -0.381961 -0.609358
    outer loop
      vertex 9.15775 -0.4 -3.34382
      vertex 8.68401 -0.4 -3.88401
      vertex 9.22115 -0.207055 -3.39247
    endloop
  endfacet
  facet normal 0.694829 -0.381971 -0.609353
    outer loop
      vertex 8.68401 -0.4 -3.88401
      vertex 8.74052 -0.207055 -3.94052
      vertex 9.22115 -0.207055 -3.39247
    endloop
  endfacet
  facet normal 0.596933 -0.607968 -0.523494
    outer loop
      vertex 9.05688 -0.565685 -3.26642
      vertex 8.59411 -0.565685 -3.79411
      vertex 9.15775 -0.4 -3.34382
    endloop
  endfacet
  facet normal 0.596939 -0.60795 -0.523508
    outer loop
      vertex 8.59411 -0.565685 -3.79411
      vertex 8.68401 -0.4 -3.88401
      vertex 9.15775 -0.4 -3.34382
    endloop
  endfacet
  facet normal 0.458324 -0.79271 -0.401934
    outer loop
      vertex 8.92544 -0.69282 -3.16556
      vertex 8.47696 -0.69282 -3.67696
      vertex 9.05688 -0.565685 -3.26642
    endloop
  endfacet
  facet normal 0.458327 -0.792704 -0.401941
    outer loop
      vertex 8.47696 -0.69282 -3.67696
      vertex 8.59411 -0.565685 -3.79411
      vertex 9.05688 -0.565685 -3.26642
    endloop
  endfacet
  facet normal 0.288237 -0.923593 -0.252777
    outer loop
      vertex 8.77236 -0.772741 -3.0481
      vertex 8.34052 -0.772741 -3.54052
      vertex 8.92544 -0.69282 -3.16556
    endloop
  endfacet
  facet normal 0.288234 -0.923595 -0.252771
    outer loop
      vertex 8.34052 -0.772741 -3.54052
      vertex 8.47696 -0.69282 -3.67696
      vertex 8.92544 -0.69282 -3.16556
    endloop
  endfacet
  facet normal 0.0983421 -0.991408 -0.0862446
    outer loop
      vertex 8.6081 -0.8 -2.92205
      vertex 8.19411 -0.8 -3.39411
      vertex 8.77236 -0.772741 -3.0481
    endloop
  endfacet
  facet normal 0.0983407 -0.991409 -0.0862424
    outer loop
      vertex 8.19411 -0.8 -3.39411
      vertex 8.34052 -0.772741 -3.54052
      vertex 8.77236 -0.772741 -3.0481
    endloop
  endfacet
  facet normal -0.0983412 -0.991409 0.0862448
    outer loop
      vertex 8.44383 -0.772741 -2.79601
      vertex 8.0477 -0.772741 -3.2477
      vertex 8.6081 -0.8 -2.92205
    endloop
  endfacet
  facet normal -0.0983402 -0.991409 0.0862429
    outer loop
      vertex 8.0477 -0.772741 -3.2477
      vertex 8.19411 -0.8 -3.39411
      vertex 8.6081 -0.8 -2.92205
    endloop
  endfacet
  facet normal -0.288238 -0.923593 0.252775
    outer loop
      vertex 8.29075 -0.69282 -2.67855
      vertex 7.91127 -0.69282 -3.11127
      vertex 8.44383 -0.772741 -2.79601
    endloop
  endfacet
  facet normal -0.288247 -0.923585 0.252791
    outer loop
      vertex 7.91127 -0.69282 -3.11127
      vertex 8.0477 -0.772741 -3.2477
      vertex 8.44383 -0.772741 -2.79601
    endloop
  endfacet
  facet normal -0.458316 -0.792709 0.401943
    outer loop
      vertex 8.15931 -0.565685 -2.57769
      vertex 7.79411 -0.565685 -2.99411
      vertex 8.29075 -0.69282 -2.67855
    endloop
  endfacet
  facet normal -0.458305 -0.792729 0.401917
    outer loop
      vertex 7.79411 -0.565685 -2.99411
      vertex 7.91127 -0.69282 -3.11127
      vertex 8.29075 -0.69282 -2.67855
    endloop
  endfacet
  facet normal -0.596931 -0.607967 0.523497
    outer loop
      vertex 8.05844 -0.4 -2.50029
      vertex 7.70421 -0.4 -2.90421
      vertex 8.15931 -0.565685 -2.57769
    endloop
  endfacet
  facet normal -0.596935 -0.60795 0.523512
    outer loop
      vertex 7.70421 -0.4 -2.90421
      vertex 7.79411 -0.565685 -2.99411
      vertex 8.15931 -0.565685 -2.57769
    endloop
  endfacet
  facet normal -0.69483 -0.381961 0.609358
    outer loop
      vertex 7.99504 -0.207055 -2.45164
      vertex 7.6477 -0.207055 -2.8477
      vertex 8.05844 -0.4 -2.50029
    endloop
  endfacet
  facet normal -0.69483 -0.381971 0.609352
    outer loop
      vertex 7.6477 -0.207055 -2.8477
      vertex 7.70421 -0.4 -2.90421
      vertex 8.05844 -0.4 -2.50029
    endloop
  endfacet
  facet normal -0.74544 -0.130251 0.653724
    outer loop
      vertex 7.97341 0 -2.43505
      vertex 7.62843 0 -2.82843
      vertex 7.99504 -0.207055 -2.45164
    endloop
  endfacet
  facet normal -0.745434 -0.130217 0.653737
    outer loop
      vertex 7.62843 0 -2.82843
      vertex 7.6477 -0.207055 -2.8477
      vertex 7.99504 -0.207055 -2.45164
    endloop
  endfacet
  facet normal -0.745431 0.130251 0.653734
    outer loop
      vertex 7.99504 0.207055 -2.45164
      vertex 7.6477 0.207055 -2.8477
      vertex 7.97341 0 -2.43505
    endloop
  endfacet
  facet normal -0.745443 0.130217 0.653727
    outer loop
      vertex 7.6477 0.207055 -2.8477
      vertex 7.62843 0 -2.82843
      vertex 7.97341 0 -2.43505
    endloop
  endfacet
  facet normal -0.694833 0.381961 0.609355
    outer loop
      vertex 8.05844 0.4 -2.50029
      vertex 7.70421 0.4 -2.90421
      vertex 7.99504 0.207055 -2.45164
    endloop
  endfacet
  facet normal -0.694827 0.381971 0.609355
    outer loop
      vertex 7.70421 0.4 -2.90421
      vertex 7.6477 0.207055 -2.8477
      vertex 7.99504 0.207055 -2.45164
    endloop
  endfacet
  facet normal -0.596926 0.607967 0.523503
    outer loop
      vertex 8.15931 0.565685 -2.57769
      vertex 7.79411 0.565685 -2.99411
      vertex 8.05844 0.4 -2.50029
    endloop
  endfacet
  facet normal -0.596941 0.60795 0.523506
    outer loop
      vertex 7.79411 0.565685 -2.99411
      vertex 7.70421 0.4 -2.90421
      vertex 8.05844 0.4 -2.50029
    endloop
  endfacet
  facet normal -0.458324 0.79271 0.401934
    outer loop
      vertex 8.29075 0.69282 -2.67855
      vertex 7.91127 0.69282 -3.11127
      vertex 8.15931 0.565685 -2.57769
    endloop
  endfacet
  facet normal -0.458297 0.792729 0.401926
    outer loop
      vertex 7.91127 0.69282 -3.11127
      vertex 7.79411 0.565685 -2.99411
      vertex 8.15931 0.565685 -2.57769
    endloop
  endfacet
  facet normal -0.288234 0.923593 0.25278
    outer loop
      vertex 8.44383 0.772741 -2.79601
      vertex 8.0477 0.772741 -3.2477
      vertex 8.29075 0.69282 -2.67855
    endloop
  endfacet
  facet normal -0.288252 0.923585 0.252787
    outer loop
      vertex 8.0477 0.772741 -3.2477
      vertex 7.91127 0.69282 -3.11127
      vertex 8.29075 0.69282 -2.67855
    endloop
  endfacet
  facet normal -0.0983416 0.991409 0.0862442
    outer loop
      vertex 8.6081 0.8 -2.92205
      vertex 8.19411 0.8 -3.39411
      vertex 8.44383 0.772741 -2.79601
    endloop
  endfacet
  facet normal -0.0983397 0.991409 0.0862434
    outer loop
      vertex 8.19411 0.8 -3.39411
      vertex 8.0477 0.772741 -3.2477
      vertex 8.44383 0.772741 -2.79601
    endloop
  endfacet
  facet normal 0.0983426 0.991408 -0.086244
    outer loop
      vertex 8.77236 0.772741 -3.0481
      vertex 8.34052 0.772741 -3.54052
      vertex 8.6081 0.8 -2.92205
    endloop
  endfacet
  facet normal 0.0983402 0.991409 -0.0862429
    outer loop
      vertex 8.34052 0.772741 -3.54052
      vertex 8.19411 0.8 -3.39411
      vertex 8.6081 0.8 -2.92205
    endloop
  endfacet
  facet normal 0.288238 0.923593 -0.252775
    outer loop
      vertex 8.92544 0.69282 -3.16556
      vertex 8.47696 0.69282 -3.67696
      vertex 8.77236 0.772741 -3.0481
    endloop
  endfacet
  facet normal 0.288232 0.923595 -0.252772
    outer loop
      vertex 8.47696 0.69282 -3.67696
      vertex 8.34052 0.772741 -3.54052
      vertex 8.77236 0.772741 -3.0481
    endloop
  endfacet
  facet normal 0.458322 0.792709 -0.401936
    outer loop
      vertex 9.05688 0.565685 -3.26642
      vertex 8.59411 0.565685 -3.79411
      vertex 8.92544 0.69282 -3.16556
    endloop
  endfacet
  facet normal 0.458329 0.792704 -0.401939
    outer loop
      vertex 8.59411 0.565685 -3.79411
      vertex 8.47696 0.69282 -3.67696
      vertex 8.92544 0.69282 -3.16556
    endloop
  endfacet
  facet normal 0.596929 0.607967 -0.523499
    outer loop
      vertex 9.15775 0.4 -3.34382
      vertex 8.68401 0.4 -3.88401
      vertex 9.05688 0.565685 -3.26642
    endloop
  endfacet
  facet normal 0.596943 0.60795 -0.523503
    outer loop
      vertex 8.68401 0.4 -3.88401
      vertex 8.59411 0.565685 -3.79411
      vertex 9.05688 0.565685 -3.26642
    endloop
  endfacet
  facet normal 0.694832 0.381961 -0.609355
    outer loop
      vertex 9.22115 0.207055 -3.39247
      vertex 8.74052 0.207055 -3.94052
      vertex 9.15775 0.4 -3.34382
    endloop
  endfacet
  facet normal 0.694827 0.381971 -0.609355
    outer loop
      vertex 8.74052 0.207055 -3.94052
      vertex 8.68401 0.4 -3.88401
      vertex 9.15775 0.4 -3.34382
    endloop
  endfacet
  facet normal 0.745439 0.130251 -0.653724
    outer loop
      vertex 9.24278 0 -3.40906
      vertex 8.7598 0 -3.9598
      vertex 9.22115 0.207055 -3.39247
    endloop
  endfacet
  facet normal 0.74543 0.130283 -0.653728
    outer loop
      vertex 8.7598 0 -3.9598
      vertex 8.74052 0.207055 -3.94052
      vertex 9.22115 0.207055 -3.39247
    endloop
  endfacet
  facet normal 0.653728 -0.130283 -0.74543
    outer loop
      vertex 8.74052 -0.207055 -3.94052
      vertex 8.19247 -0.207055 -4.42115
      vertex 8.7598 0 -3.9598
    endloop
  endfacet
  facet normal 0.653724 -0.130251 -0.745439
    outer loop
      vertex 8.19247 -0.207055 -4.42115
      vertex 8.20906 0 -4.44278
      vertex 8.7598 0 -3.9598
    endloop
  endfacet
  facet normal 0.609355 -0.381971 -0.694827
    outer loop
      vertex 8.68401 -0.4 -3.88401
      vertex 8.14382 -0.4 -4.35775
      vertex 8.74052 -0.207055 -3.94052
    endloop
  endfacet
  facet normal 0.609355 -0.381961 -0.694832
    outer loop
      vertex 8.14382 -0.4 -4.35775
      vertex 8.19247 -0.207055 -4.42115
      vertex 8.74052 -0.207055 -3.94052
    endloop
  endfacet
  facet normal 0.523503 -0.60795 -0.596943
    outer loop
      vertex 8.59411 -0.565685 -3.79411
      vertex 8.06642 -0.565685 -4.25688
      vertex 8.68401 -0.4 -3.88401
    endloop
  endfacet
  facet normal 0.523499 -0.607967 -0.596929
    outer loop
      vertex 8.06642 -0.565685 -4.25688
      vertex 8.14382 -0.4 -4.35775
      vertex 8.68401 -0.4 -3.88401
    endloop
  endfacet
  facet normal 0.401939 -0.792704 -0.458329
    outer loop
      vertex 8.47696 -0.69282 -3.67696
      vertex 7.96556 -0.69282 -4.12544
      vertex 8.59411 -0.565685 -3.79411
    endloop
  endfacet
  facet normal 0.401936 -0.792709 -0.458322
    outer loop
      vertex 7.96556 -0.69282 -4.12544
      vertex 8.06642 -0.565685 -4.25688
      vertex 8.59411 -0.565685 -3.79411
    endloop
  endfacet
  facet normal 0.252772 -0.923595 -0.288232
    outer loop
      vertex 8.34052 -0.772741 -3.54052
      vertex 7.8481 -0.772741 -3.97236
      vertex 8.47696 -0.69282 -3.67696
    endloop
  endfacet
  facet normal 0.252775 -0.923593 -0.288238
    outer loop
      vertex 7.8481 -0.772741 -3.97236
      vertex 7.96556 -0.69282 -4.12544
      vertex 8.47696 -0.69282 -3.67696
    endloop
  endfacet
  facet normal 0.0862429 -0.991409 -0.0983402
    outer loop
      vertex 8.19411 -0.8 -3.39411
      vertex 7.72205 -0.8 -3.8081
      vertex 8.34052 -0.772741 -3.54052
    endloop
  endfacet
  facet normal 0.086244 -0.991408 -0.0983426
    outer loop
      vertex 7.72205 -0.8 -3.8081
      vertex 7.8481 -0.772741 -3.97236
      vertex 8.34052 -0.772741 -3.54052
    endloop
  endfacet
  facet normal -0.0862434 -0.991409 0.0983397
    outer loop
      vertex 8.0477 -0.772741 -3.2477
      vertex 7.59601 -0.772741 -3.64383
      vertex 8.19411 -0.8 -3.39411
    endloop
  endfacet
  facet normal -0.0862442 -0.991409 0.0983416
    outer loop
      vertex 7.59601 -0.772741 -3.64383
      vertex 7.72205 -0.8 -3.8081
      vertex 8.19411 -0.8 -3.39411
    endloop
  endfacet
  facet normal -0.252787 -0.923585 0.288252
    outer loop
      vertex 7.91127 -0.69282 -3.11127
      vertex 7.47855 -0.69282 -3.49075
      vertex 8.0477 -0.772741 -3.2477
    endloop
  endfacet
  facet normal -0.25278 -0.923593 0.288234
    outer loop
      vertex 7.47855 -0.69282 -3.49075
      vertex 7.59601 -0.772741 -3.64383
      vertex 8.0477 -0.772741 -3.2477
    endloop
  endfacet
  facet normal -0.401926 -0.792729 0.458297
    outer loop
      vertex 7.79411 -0.565685 -2.99411
      vertex 7.37769 -0.565685 -3.35931
      vertex 7.91127 -0.69282 -3.11127
    endloop
  endfacet
  facet normal -0.401934 -0.79271 0.458324
    outer loop
      vertex 7.37769 -0.565685 -3.35931
      vertex 7.47855 -0.69282 -3.49075
      vertex 7.91127 -0.69282 -3.11127
    endloop
  endfacet
  facet normal -0.523506 -0.60795 0.596941
    outer loop
      vertex 7.70421 -0.4 -2.90421
      vertex 7.30029 -0.4 -3.25844
      vertex 7.79411 -0.565685 -2.99411
    endloop
  endfacet
  facet normal -0.523503 -0.607967 0.596926
    outer loop
      vertex 7.30029 -0.4 -3.25844
      vertex 7.37769 -0.565685 -3.35931
      vertex 7.79411 -0.565685 -2.99411
    endloop
  endfacet
  facet normal -0.609355 -0.381971 0.694827
    outer loop
      vertex 7.6477 -0.207055 -2.8477
      vertex 7.25164 -0.207055 -3.19504
      vertex 7.70421 -0.4 -2.90421
    endloop
  endfacet
  facet normal -0.609355 -0.381961 0.694833
    outer loop
      vertex 7.25164 -0.207055 -3.19504
      vertex 7.30029 -0.4 -3.25844
      vertex 7.70421 -0.4 -2.90421
    endloop
  endfacet
  facet normal -0.653727 -0.130217 0.745443
    outer loop
      vertex 7.62843 0 -2.82843
      vertex 7.23505 0 -3.17341
      vertex 7.6477 -0.207055 -2.8477
    endloop
  endfacet
  facet normal -0.653734 -0.130251 0.745431
    outer loop
      vertex 7.23505 0 -3.17341
      vertex 7.25164 -0.207055 -3.19504
      vertex 7.6477 -0.207055 -2.8477
    endloop
  endfacet
  facet normal -0.653737 0.130217 0.745434
    outer loop
      vertex 7.6477 0.207055 -2.8477
      vertex 7.25164 0.207055 -3.19504
      vertex 7.62843 0 -2.82843
    endloop
  endfacet
  facet normal -0.653724 0.130251 0.74544
    outer loop
      vertex 7.25164 0.207055 -3.19504
      vertex 7.23505 0 -3.17341
      vertex 7.62843 0 -2.82843
    endloop
  endfacet
  facet normal -0.609352 0.381971 0.69483
    outer loop
      vertex 7.70421 0.4 -2.90421
      vertex 7.30029 0.4 -3.25844
      vertex 7.6477 0.207055 -2.8477
    endloop
  endfacet
  facet normal -0.609358 0.381961 0.69483
    outer loop
      vertex 7.30029 0.4 -3.25844
      vertex 7.25164 0.207055 -3.19504
      vertex 7.6477 0.207055 -2.8477
    endloop
  endfacet
  facet normal -0.523512 0.60795 0.596935
    outer loop
      vertex 7.79411 0.565685 -2.99411
      vertex 7.37769 0.565685 -3.35931
      vertex 7.70421 0.4 -2.90421
    endloop
  endfacet
  facet normal -0.523497 0.607967 0.596931
    outer loop
      vertex 7.37769 0.565685 -3.35931
      vertex 7.30029 0.4 -3.25844
      vertex 7.70421 0.4 -2.90421
    endloop
  endfacet
  facet normal -0.401917 0.792729 0.458305
    outer loop
      vertex 7.91127 0.69282 -3.11127
      vertex 7.47855 0.69282 -3.49075
      vertex 7.79411 0.565685 -2.99411
    endloop
  endfacet
  facet normal -0.401943 0.792709 0.458316
    outer loop
      vertex 7.47855 0.69282 -3.49075
      vertex 7.37769 0.565685 -3.35931
      vertex 7.79411 0.565685 -2.99411
    endloop
  endfacet
  facet normal -0.252791 0.923585 0.288247
    outer loop
      vertex 8.0477 0.772741 -3.2477
      vertex 7.59601 0.772741 -3.64383
      vertex 7.91127 0.69282 -3.11127
    endloop
  endfacet
  facet normal -0.252775 0.923593 0.288238
    outer loop
      vertex 7.59601 0.772741 -3.64383
      vertex 7.47855 0.69282 -3.49075
      vertex 7.91127 0.69282 -3.11127
    endloop
  endfacet
  facet normal -0.0862429 0.991409 0.0983402
    outer loop
      vertex 8.19411 0.8 -3.39411
      vertex 7.72205 0.8 -3.8081
      vertex 8.0477 0.772741 -3.2477
    endloop
  endfacet
  facet normal -0.0862448 0.991409 0.0983412
    outer loop
      vertex 7.72205 0.8 -3.8081
      vertex 7.59601 0.772741 -3.64383
      vertex 8.0477 0.772741 -3.2477
    endloop
  endfacet
  facet normal 0.0862424 0.991409 -0.0983407
    outer loop
      vertex 8.34052 0.772741 -3.54052
      vertex 7.8481 0.772741 -3.97236
      vertex 8.19411 0.8 -3.39411
    endloop
  endfacet
  facet normal 0.0862446 0.991408 -0.0983421
    outer loop
      vertex 7.8481 0.772741 -3.97236
      vertex 7.72205 0.8 -3.8081
      vertex 8.19411 0.8 -3.39411
    endloop
  endfacet
  facet normal 0.252771 0.923595 -0.288234
    outer loop
      vertex 8.47696 0.69282 -3.67696
      vertex 7.96556 0.69282 -4.12544
      vertex 8.34052 0.772741 -3.54052
    endloop
  endfacet
  facet normal 0.252777 0.923593 -0.288237
    outer loop
      vertex 7.96556 0.69282 -4.12544
      vertex 7.8481 0.772741 -3.97236
      vertex 8.34052 0.772741 -3.54052
    endloop
  endfacet
  facet normal 0.401941 0.792704 -0.458327
    outer loop
      vertex 8.59411 0.565685 -3.79411
      vertex 8.06642 0.565685 -4.25688
      vertex 8.47696 0.69282 -3.67696
    endloop
  endfacet
  facet normal 0.401934 0.79271 -0.458324
    outer loop
      vertex 8.06642 0.565685 -4.25688
      vertex 7.96556 0.69282 -4.12544
      vertex 8.47696 0.69282 -3.67696
    endloop
  endfacet
  facet normal 0.523508 0.60795 -0.596939
    outer loop
      vertex 8.68401 0.4 -3.88401
      vertex 8.14382 0.4 -4.35775
      vertex 8.59411 0.565685 -3.79411
    endloop
  endfacet
  facet normal 0.523494 0.607968 -0.596933
    outer loop
      vertex 8.14382 0.4 -4.35775
      vertex 8.06642 0.565685 -4.25688
      vertex 8.59411 0.565685 -3.79411
    endloop
  endfacet
  facet normal 0.609353 0.381971 -0.694829
    outer loop
      vertex 8.74052 0.207055 -3.94052
      vertex 8.19247 0.207055 -4.42115
      vertex 8.68401 0.4 -3.88401
    endloop
  endfacet
  facet normal 0.609358 0.381961 -0.69483
    outer loop
      vertex 8.19247 0.207055 -4.42115
      vertex 8.14382 0.4 -4.35775
      vertex 8.68401 0.4 -3.88401
    endloop
  endfacet
  facet normal 0.653722 0.130283 -0.745436
    outer loop
      vertex 8.7598 0 -3.9598
      vertex 8.20906 0 -4.44278
      vertex 8.74052 0.207055 -3.94052
    endloop
  endfacet
  facet normal 0.653731 0.130251 -0.745433
    outer loop
      vertex 8.20906 0 -4.44278
      vertex 8.19247 0.207055 -4.42115
      vertex 8.74052 0.207055 -3.94052
    endloop
  endfacet
  facet normal 0.550844 -0.130255 -0.824382
    outer loop
      vertex 8.19247 -0.207055 -4.42115
      vertex 7.58637 -0.207055 -4.82614
      vertex 8.20906 0 -4.44278
    endloop
  endfacet
  facet normal 0.550839 -0.130224 -0.82439
    outer loop
      vertex 7.58637 -0.207055 -4.82614
      vertex 7.6 0 -4.84974
      vertex 8.20906 0 -4.44278
    endloop
  endfacet
  facet normal 0.51344 -0.38196 -0.76843
    outer loop
      vertex 8.14382 -0.4 -4.35775
      vertex 7.54641 -0.4 -4.75692
      vertex 8.19247 -0.207055 -4.42115
    endloop
  endfacet
  facet normal 0.513442 -0.382006 -0.768407
    outer loop
      vertex 7.54641 -0.4 -4.75692
      vertex 7.58637 -0.207055 -4.82614
      vertex 8.19247 -0.207055 -4.42115
    endloop
  endfacet
  facet normal 0.441105 -0.607968 -0.660153
    outer loop
      vertex 8.06642 -0.565685 -4.25688
      vertex 7.48284 -0.565685 -4.64682
      vertex 8.14382 -0.4 -4.35775
    endloop
  endfacet
  facet normal 0.441108 -0.60794 -0.660176
    outer loop
      vertex 7.48284 -0.565685 -4.64682
      vertex 7.54641 -0.4 -4.75692
      vertex 8.14382 -0.4 -4.35775
    endloop
  endfacet
  facet normal 0.338673 -0.792709 -0.506866
    outer loop
      vertex 7.96556 -0.69282 -4.12544
      vertex 7.4 -0.69282 -4.50333
      vertex 8.06642 -0.565685 -4.25688
    endloop
  endfacet
  facet normal 0.338668 -0.792723 -0.506847
    outer loop
      vertex 7.4 -0.69282 -4.50333
      vertex 7.48284 -0.565685 -4.64682
      vertex 8.06642 -0.565685 -4.25688
    endloop
  endfacet
  facet normal 0.212996 -0.923593 -0.318762
    outer loop
      vertex 7.8481 -0.772741 -3.97236
      vertex 7.30353 -0.772741 -4.33624
      vertex 7.96556 -0.69282 -4.12544
    endloop
  endfacet
  facet normal 0.213001 -0.923584 -0.318783
    outer loop
      vertex 7.30353 -0.772741 -4.33624
      vertex 7.4 -0.69282 -4.50333
      vertex 7.96556 -0.69282 -4.12544
    endloop
  endfacet
  facet normal 0.0726699 -0.991408 -0.108759
    outer loop
      vertex 7.72205 -0.8 -3.8081
      vertex 7.2 -0.8 -4.15692
      vertex 7.8481 -0.772741 -3.97236
    endloop
  endfacet
  facet normal 0.0726681 -0.991409 -0.108752
    outer loop
      vertex 7.2 -0.8 -4.15692
      vertex 7.30353 -0.772741 -4.33624
      vertex 7.8481 -0.772741 -3.97236
    endloop
  endfacet
  facet normal -0.072669 -0.991409 0.108758
    outer loop
      vertex 7.59601 -0.772741 -3.64383
      vertex 7.09647 -0.772741 -3.97761
      vertex 7.72205 -0.8 -3.8081
    endloop
  endfacet
  facet normal -0.0726691 -0.991409 0.108758
    outer loop
      vertex 7.09647 -0.772741 -3.97761
      vertex 7.2 -0.8 -4.15692
      vertex 7.72205 -0.8 -3.8081
    endloop
  endfacet
  facet normal -0.212993 -0.923593 0.318763
    outer loop
      vertex 7.47855 -0.69282 -3.49075
      vertex 7 -0.69282 -3.81051
      vertex 7.59601 -0.772741 -3.64383
    endloop
  endfacet
  facet normal -0.212995 -0.92359 0.318771
    outer loop
      vertex 7 -0.69282 -3.81051
      vertex 7.09647 -0.772741 -3.97761
      vertex 7.59601 -0.772741 -3.64383
    endloop
  endfacet
  facet normal -0.338671 -0.792709 0.506868
    outer loop
      vertex 7.37769 -0.565685 -3.35931
      vertex 6.91716 -0.565685 -3.66702
      vertex 7.47855 -0.69282 -3.49075
    endloop
  endfacet
  facet normal -0.338668 -0.792723 0.506848
    outer loop
      vertex 6.91716 -0.565685 -3.66702
      vertex 7 -0.69282 -3.81051
      vertex 7.47855 -0.69282 -3.49075
    endloop
  endfacet
  facet normal -0.441106 -0.607968 0.660152
    outer loop
      vertex 7.30029 -0.4 -3.25844
      vertex 6.85359 -0.4 -3.55692
      vertex 7.37769 -0.565685 -3.35931
    endloop
  endfacet
  facet normal -0.441107 -0.60794 0.660177
    outer loop
      vertex 6.85359 -0.4 -3.55692
      vertex 6.91716 -0.565685 -3.66702
      vertex 7.37769 -0.565685 -3.35931
    endloop
  endfacet
  facet normal -0.513447 -0.381961 0.768426
    outer loop
      vertex 7.25164 -0.207055 -3.19504
      vertex 6.81363 -0.207055 -3.48771
      vertex 7.30029 -0.4 -3.25844
    endloop
  endfacet
  facet normal -0.513449 -0.381972 0.768419
    outer loop
      vertex 6.81363 -0.207055 -3.48771
      vertex 6.85359 -0.4 -3.55692
      vertex 7.30029 -0.4 -3.25844
    endloop
  endfacet
  facet normal -0.550836 -0.130255 0.824387
    outer loop
      vertex 7.23505 0 -3.17341
      vertex 6.8 0 -3.4641
      vertex 7.25164 -0.207055 -3.19504
    endloop
  endfacet
  facet normal -0.550838 -0.130263 0.824384
    outer loop
      vertex 6.8 0 -3.4641
      vertex 6.81363 -0.207055 -3.48771
      vertex 7.25164 -0.207055 -3.19504
    endloop
  endfacet
  facet normal -0.550838 0.130255 0.824385
    outer loop
      vertex 7.25164 0.207055 -3.19504
      vertex 6.81363 0.207055 -3.48771
      vertex 7.23505 0 -3.17341
    endloop
  endfacet
  facet normal -0.550835 0.130263 0.824386
    outer loop
      vertex 6.81363 0.207055 -3.48771
      vertex 6.8 0 -3.4641
      vertex 7.23505 0 -3.17341
    endloop
  endfacet
  facet normal -0.513452 0.381961 0.768423
    outer loop
      vertex 7.30029 0.4 -3.25844
      vertex 6.85359 0.4 -3.55692
      vertex 7.25164 0.207055 -3.19504
    endloop
  endfacet
  facet normal -0.513445 0.381973 0.768421
    outer loop
      vertex 6.85359 0.4 -3.55692
      vertex 6.81363 0.207055 -3.48771
      vertex 7.25164 0.207055 -3.19504
    endloop
  endfacet
  facet normal -0.441095 0.607967 0.660159
    outer loop
      vertex 7.37769 0.565685 -3.35931
      vertex 6.91716 0.565685 -3.66702
      vertex 7.30029 0.4 -3.25844
    endloop
  endfacet
  facet normal -0.441118 0.60794 0.66017
    outer loop
      vertex 6.91716 0.565685 -3.66702
      vertex 6.85359 0.4 -3.55692
      vertex 7.30029 0.4 -3.25844
    endloop
  endfacet
  facet normal -0.338678 0.792709 0.506862
    outer loop
      vertex 7.47855 0.69282 -3.49075
      vertex 7 0.69282 -3.81051
      vertex 7.37769 0.565685 -3.35931
    endloop
  endfacet
  facet normal -0.338661 0.792723 0.506852
    outer loop
      vertex 7 0.69282 -3.81051
      vertex 6.91716 0.565685 -3.66702
      vertex 7.37769 0.565685 -3.35931
    endloop
  endfacet
  facet normal -0.212991 0.923593 0.318765
    outer loop
      vertex 7.59601 0.772741 -3.64383
      vertex 7.09647 0.772741 -3.97761
      vertex 7.47855 0.69282 -3.49075
    endloop
  endfacet
  facet normal -0.212997 0.92359 0.31877
    outer loop
      vertex 7.09647 0.772741 -3.97761
      vertex 7 0.69282 -3.81051
      vertex 7.47855 0.69282 -3.49075
    endloop
  endfacet
  facet normal -0.072669 0.991409 0.108758
    outer loop
      vertex 7.72205 0.8 -3.8081
      vertex 7.2 0.8 -4.15692
      vertex 7.59601 0.772741 -3.64383
    endloop
  endfacet
  facet normal -0.0726692 0.991409 0.108758
    outer loop
      vertex 7.2 0.8 -4.15692
      vertex 7.09647 0.772741 -3.97761
      vertex 7.59601 0.772741 -3.64383
    endloop
  endfacet
  facet normal 0.0726716 0.991408 -0.108758
    outer loop
      vertex 7.8481 0.772741 -3.97236
      vertex 7.30353 0.772741 -4.33624
      vertex 7.72205 0.8 -3.8081
    endloop
  endfacet
  facet normal 0.0726662 0.991409 -0.108754
    outer loop
      vertex 7.30353 0.772741 -4.33624
      vertex 7.2 0.8 -4.15692
      vertex 7.72205 0.8 -3.8081
    endloop
  endfacet
  facet normal 0.21299 0.923593 -0.318766
    outer loop
      vertex 7.96556 0.69282 -4.12544
      vertex 7.4 0.69282 -4.50333
      vertex 7.8481 0.772741 -3.97236
    endloop
  endfacet
  facet normal 0.213008 0.923584 -0.31878
    outer loop
      vertex 7.4 0.69282 -4.50333
      vertex 7.30353 0.772741 -4.33624
      vertex 7.8481 0.772741 -3.97236
    endloop
  endfacet
  facet normal 0.338678 0.792709 -0.506862
    outer loop
      vertex 8.06642 0.565685 -4.25688
      vertex 7.48284 0.565685 -4.64682
      vertex 7.96556 0.69282 -4.12544
    endloop
  endfacet
  facet normal 0.338662 0.792723 -0.506851
    outer loop
      vertex 7.48284 0.565685 -4.64682
      vertex 7.4 0.69282 -4.50333
      vertex 7.96556 0.69282 -4.12544
    endloop
  endfacet
  facet normal 0.441097 0.607967 -0.660159
    outer loop
      vertex 8.14382 0.4 -4.35775
      vertex 7.54641 0.4 -4.75692
      vertex 8.06642 0.565685 -4.25688
    endloop
  endfacet
  facet normal 0.441117 0.60794 -0.66017
    outer loop
      vertex 7.54641 0.4 -4.75692
      vertex 7.48284 0.565685 -4.64682
      vertex 8.06642 0.565685 -4.25688
    endloop
  endfacet
  facet normal 0.513452 0.381961 -0.768422
    outer loop
      vertex 8.19247 0.207055 -4.42115
      vertex 7.58637 0.207055 -4.82614
      vertex 8.14382 0.4 -4.35775
    endloop
  endfacet
  facet normal 0.51343 0.382007 -0.768414
    outer loop
      vertex 7.58637 0.207055 -4.82614
      vertex 7.54641 0.4 -4.75692
      vertex 8.14382 0.4 -4.35775
    endloop
  endfacet
  facet normal 0.550836 0.130255 -0.824387
    outer loop
      vertex 8.20906 0 -4.44278
      vertex 7.6 0 -4.84974
      vertex 8.19247 0.207055 -4.42115
    endloop
  endfacet
  facet normal 0.550846 0.130224 -0.824385
    outer loop
      vertex 7.6 0 -4.84974
      vertex 7.58637 0.207055 -4.82614
      vertex 8.19247 0.207055 -4.42115
    endloop
  endfacet
  facet normal 0.438519 -0.130222 -0.889238
    outer loop
      vertex 7.58637 -0.207055 -4.82614
      vertex 6.9326 -0.207055 -5.14854
      vertex 7.6 0 -4.84974
    endloop
  endfacet
  facet normal 0.438529 -0.130272 -0.889225
    outer loop
      vertex 6.9326 -0.207055 -5.14854
      vertex 6.94303 0 -5.17373
      vertex 7.6 0 -4.84974
    endloop
  endfacet
  facet normal 0.408742 -0.382008 -0.828854
    outer loop
      vertex 7.54641 -0.4 -4.75692
      vertex 6.90201 -0.4 -5.0747
      vertex 7.58637 -0.207055 -4.82614
    endloop
  endfacet
  facet normal 0.408742 -0.382006 -0.828856
    outer loop
      vertex 6.90201 -0.4 -5.0747
      vertex 6.9326 -0.207055 -5.14854
      vertex 7.58637 -0.207055 -4.82614
    endloop
  endfacet
  facet normal 0.351174 -0.607939 -0.7121
    outer loop
      vertex 7.48284 -0.565685 -4.64682
      vertex 6.85336 -0.565685 -4.95725
      vertex 7.54641 -0.4 -4.75692
    endloop
  endfacet
  facet normal 0.351175 -0.607918 -0.712118
    outer loop
      vertex 6.85336 -0.565685 -4.95725
      vertex 6.90201 -0.4 -5.0747
      vertex 7.54641 -0.4 -4.75692
    endloop
  endfacet
  facet normal 0.269608 -0.792724 -0.546718
    outer loop
      vertex 7.4 -0.69282 -4.50333
      vertex 6.78995 -0.69282 -4.80417
      vertex 7.48284 -0.565685 -4.64682
    endloop
  endfacet
  facet normal 0.269607 -0.792737 -0.5467
    outer loop
      vertex 6.78995 -0.69282 -4.80417
      vertex 6.85336 -0.565685 -4.95725
      vertex 7.48284 -0.565685 -4.64682
    endloop
  endfacet
  facet normal 0.169572 -0.923584 -0.343857
    outer loop
      vertex 7.30353 -0.772741 -4.33624
      vertex 6.71612 -0.772741 -4.62592
      vertex 7.4 -0.69282 -4.50333
    endloop
  endfacet
  facet normal 0.169573 -0.923581 -0.343865
    outer loop
      vertex 6.71612 -0.772741 -4.62592
      vertex 6.78995 -0.69282 -4.80417
      vertex 7.4 -0.69282 -4.50333
    endloop
  endfacet
  facet normal 0.0578498 -0.991409 -0.117308
    outer loop
      vertex 7.2 -0.8 -4.15692
      vertex 6.63688 -0.8 -4.43462
      vertex 7.30353 -0.772741 -4.33624
    endloop
  endfacet
  facet normal 0.0578497 -0.991409 -0.117307
    outer loop
      vertex 6.63688 -0.8 -4.43462
      vertex 6.71612 -0.772741 -4.62592
      vertex 7.30353 -0.772741 -4.33624
    endloop
  endfacet
  facet normal -0.057852 -0.991409 0.117313
    outer loop
      vertex 7.09647 -0.772741 -3.97761
      vertex 6.55764 -0.772741 -4.24333
      vertex 7.2 -0.8 -4.15692
    endloop
  endfacet
  facet normal -0.0578519 -0.991409 0.117312
    outer loop
      vertex 6.55764 -0.772741 -4.24333
      vertex 6.63688 -0.8 -4.43462
      vertex 7.2 -0.8 -4.15692
    endloop
  endfacet
  facet normal -0.169567 -0.92359 0.343843
    outer loop
      vertex 7 -0.69282 -3.81051
      vertex 6.48381 -0.69282 -4.06507
      vertex 7.09647 -0.772741 -3.97761
    endloop
  endfacet
  facet normal -0.169567 -0.923587 0.343851
    outer loop
      vertex 6.48381 -0.69282 -4.06507
      vertex 6.55764 -0.772741 -4.24333
      vertex 7.09647 -0.772741 -3.97761
    endloop
  endfacet
  facet normal -0.269615 -0.792724 0.546714
    outer loop
      vertex 6.91716 -0.565685 -3.66702
      vertex 6.4204 -0.565685 -3.912
      vertex 7 -0.69282 -3.81051
    endloop
  endfacet
  facet normal -0.269615 -0.792721 0.546719
    outer loop
      vertex 6.4204 -0.565685 -3.912
      vertex 6.48381 -0.69282 -4.06507
      vertex 7 -0.69282 -3.81051
    endloop
  endfacet
  facet normal -0.351173 -0.607939 0.712101
    outer loop
      vertex 6.85359 -0.4 -3.55692
      vertex 6.37175 -0.4 -3.79454
      vertex 6.91716 -0.565685 -3.66702
    endloop
  endfacet
  facet normal -0.351174 -0.607945 0.712095
    outer loop
      vertex 6.37175 -0.4 -3.79454
      vertex 6.4204 -0.565685 -3.912
      vertex 6.91716 -0.565685 -3.66702
    endloop
  endfacet
  facet normal -0.40875 -0.381972 0.828867
    outer loop
      vertex 6.81363 -0.207055 -3.48771
      vertex 6.34117 -0.207055 -3.7207
      vertex 6.85359 -0.4 -3.55692
    endloop
  endfacet
  facet normal -0.408753 -0.381988 0.828859
    outer loop
      vertex 6.34117 -0.207055 -3.7207
      vertex 6.37175 -0.4 -3.79454
      vertex 6.85359 -0.4 -3.55692
    endloop
  endfacet
  facet normal -0.438523 -0.130264 0.88923
    outer loop
      vertex 6.8 0 -3.4641
      vertex 6.33073 0 -3.69552
      vertex 6.81363 -0.207055 -3.48771
    endloop
  endfacet
  facet normal -0.438519 -0.130251 0.889233
    outer loop
      vertex 6.33073 0 -3.69552
      vertex 6.34117 -0.207055 -3.7207
      vertex 6.81363 -0.207055 -3.48771
    endloop
  endfacet
  facet normal -0.438518 0.130264 0.889232
    outer loop
      vertex 6.81363 0.207055 -3.48771
      vertex 6.34117 0.207055 -3.7207
      vertex 6.8 0 -3.4641
    endloop
  endfacet
  facet normal -0.438523 0.130251 0.889231
    outer loop
      vertex 6.34117 0.207055 -3.7207
      vertex 6.33073 0 -3.69552
      vertex 6.8 0 -3.4641
    endloop
  endfacet
  facet normal -0.408756 0.381972 0.828864
    outer loop
      vertex 6.85359 0.4 -3.55692
      vertex 6.37175 0.4 -3.79454
      vertex 6.81363 0.207055 -3.48771
    endloop
  endfacet
  facet normal -0.408747 0.381988 0.828862
    outer loop
      vertex 6.37175 0.4 -3.79454
      vertex 6.34117 0.207055 -3.7207
      vertex 6.81363 0.207055 -3.48771
    endloop
  endfacet
  facet normal -0.351176 0.607939 0.712099
    outer loop
      vertex 6.91716 0.565685 -3.66702
      vertex 6.4204 0.565685 -3.912
      vertex 6.85359 0.4 -3.55692
    endloop
  endfacet
  facet normal -0.351171 0.607945 0.712097
    outer loop
      vertex 6.4204 0.565685 -3.912
      vertex 6.37175 0.4 -3.79454
      vertex 6.85359 0.4 -3.55692
    endloop
  endfacet
  facet normal -0.269614 0.792724 0.546715
    outer loop
      vertex 7 0.69282 -3.81051
      vertex 6.48381 0.69282 -4.06507
      vertex 6.91716 0.565685 -3.66702
    endloop
  endfacet
  facet normal -0.269617 0.792721 0.546718
    outer loop
      vertex 6.48381 0.69282 -4.06507
      vertex 6.4204 0.565685 -3.912
      vertex 6.91716 0.565685 -3.66702
    endloop
  endfacet
  facet normal -0.169564 0.92359 0.343844
    outer loop
      vertex 7.09647 0.772741 -3.97761
      vertex 6.55764 0.772741 -4.24333
      vertex 7 0.69282 -3.81051
    endloop
  endfacet
  facet normal -0.16957 0.923587 0.34385
    outer loop
      vertex 6.55764 0.772741 -4.24333
      vertex 6.48381 0.69282 -4.06507
      vertex 7 0.69282 -3.81051
    endloop
  endfacet
  facet normal -0.0578523 0.991409 0.117313
    outer loop
      vertex 7.2 0.8 -4.15692
      vertex 6.63688 0.8 -4.43462
      vertex 7.09647 0.772741 -3.97761
    endloop
  endfacet
  facet normal -0.0578516 0.991409 0.117312
    outer loop
      vertex 6.63688 0.8 -4.43462
      vertex 6.55764 0.772741 -4.24333
      vertex 7.09647 0.772741 -3.97761
    endloop
  endfacet
  facet normal 0.05785 0.991409 -0.117308
    outer loop
      vertex 7.30353 0.772741 -4.33624
      vertex 6.71612 0.772741 -4.62592
      vertex 7.2 0.8 -4.15692
    endloop
  endfacet
  facet normal 0.0578494 0.991409 -0.117307
    outer loop
      vertex 6.71612 0.772741 -4.62592
      vertex 6.63688 0.8 -4.43462
      vertex 7.2 0.8 -4.15692
    endloop
  endfacet
  facet normal 0.16957 0.923584 -0.343858
    outer loop
      vertex 7.4 0.69282 -4.50333
      vertex 6.78995 0.69282 -4.80417
      vertex 7.30353 0.772741 -4.33624
    endloop
  endfacet
  facet normal 0.169576 0.923581 -0.343864
    outer loop
      vertex 6.78995 0.69282 -4.80417
      vertex 6.71612 0.772741 -4.62592
      vertex 7.30353 0.772741 -4.33624
    endloop
  endfacet
  facet normal 0.269614 0.792724 -0.546715
    outer loop
      vertex 7.48284 0.565685 -4.64682
      vertex 6.85336 0.565685 -4.95725
      vertex 7.4 0.69282 -4.50333
    endloop
  endfacet
  facet normal 0.269601 0.792737 -0.546702
    outer loop
      vertex 6.85336 0.565685 -4.95725
      vertex 6.78995 0.69282 -4.80417
      vertex 7.4 0.69282 -4.50333
    endloop
  endfacet
  facet normal 0.351167 0.607939 -0.712104
    outer loop
      vertex 7.54641 0.4 -4.75692
      vertex 6.90201 0.4 -5.0747
      vertex 7.48284 0.565685 -4.64682
    endloop
  endfacet
  facet normal 0.351182 0.607918 -0.712115
    outer loop
      vertex 6.90201 0.4 -5.0747
      vertex 6.85336 0.565685 -4.95725
      vertex 7.48284 0.565685 -4.64682
    endloop
  endfacet
  facet normal 0.408741 0.382008 -0.828855
    outer loop
      vertex 7.58637 0.207055 -4.82614
      vertex 6.9326 0.207055 -5.14854
      vertex 7.54641 0.4 -4.75692
    endloop
  endfacet
  facet normal 0.408742 0.382006 -0.828855
    outer loop
      vertex 6.9326 0.207055 -5.14854
      vertex 6.90201 0.4 -5.0747
      vertex 7.54641 0.4 -4.75692
    endloop
  endfacet
  facet normal 0.438532 0.130222 -0.889231
    outer loop
      vertex 7.6 0 -4.84974
      vertex 6.94303 0 -5.17373
      vertex 7.58637 0.207055 -4.82614
    endloop
  endfacet
  facet normal 0.438516 0.130272 -0.889232
    outer loop
      vertex 6.94303 0 -5.17373
      vertex 6.9326 0.207055 -5.14854
      vertex 7.58637 0.207055 -4.82614
    endloop
  endfacet
  facet normal 0.318694 -0.130274 -0.938863
    outer loop
      vertex 6.9326 -0.207055 -5.14854
      vertex 6.24233 -0.207055 -5.38285
      vertex 6.94303 0 -5.17373
    endloop
  endfacet
  facet normal 0.31869 -0.130257 -0.938866
    outer loop
      vertex 6.24233 -0.207055 -5.38285
      vertex 6.24939 0 -5.40918
      vertex 6.94303 0 -5.17373
    endloop
  endfacet
  facet normal 0.297072 -0.382004 -0.875112
    outer loop
      vertex 6.90201 -0.4 -5.0747
      vertex 6.22165 -0.4 -5.30566
      vertex 6.9326 -0.207055 -5.14854
    endloop
  endfacet
  facet normal 0.297063 -0.381949 -0.875139
    outer loop
      vertex 6.22165 -0.4 -5.30566
      vertex 6.24233 -0.207055 -5.38285
      vertex 6.9326 -0.207055 -5.14854
    endloop
  endfacet
  facet normal 0.255215 -0.607917 -0.751866
    outer loop
      vertex 6.85336 -0.565685 -4.95725
      vertex 6.18874 -0.565685 -5.18285
      vertex 6.90201 -0.4 -5.0747
    endloop
  endfacet
  facet normal 0.25522 -0.607966 -0.751825
    outer loop
      vertex 6.18874 -0.565685 -5.18285
      vertex 6.22165 -0.4 -5.30566
      vertex 6.90201 -0.4 -5.0747
    endloop
  endfacet
  facet normal 0.195939 -0.792736 -0.577215
    outer loop
      vertex 6.78995 -0.69282 -4.80417
      vertex 6.14586 -0.69282 -5.02281
      vertex 6.85336 -0.565685 -4.95725
    endloop
  endfacet
  facet normal 0.195938 -0.792721 -0.577236
    outer loop
      vertex 6.14586 -0.69282 -5.02281
      vertex 6.18874 -0.565685 -5.18285
      vertex 6.85336 -0.565685 -4.95725
    endloop
  endfacet
  facet normal 0.123236 -0.923581 -0.363058
    outer loop
      vertex 6.71612 -0.772741 -4.62592
      vertex 6.09592 -0.772741 -4.83644
      vertex 6.78995 -0.69282 -4.80417
    endloop
  endfacet
  facet normal 0.123236 -0.923588 -0.36304
    outer loop
      vertex 6.09592 -0.772741 -4.83644
      vertex 6.14586 -0.69282 -5.02281
      vertex 6.78995 -0.69282 -4.80417
    endloop
  endfacet
  facet normal 0.0420424 -0.991409 -0.123855
    outer loop
      vertex 6.63688 -0.8 -4.43462
      vertex 6.04233 -0.8 -4.63644
      vertex 6.71612 -0.772741 -4.62592
    endloop
  endfacet
  facet normal 0.0420425 -0.991409 -0.123859
    outer loop
      vertex 6.04233 -0.8 -4.63644
      vertex 6.09592 -0.772741 -4.83644
      vertex 6.71612 -0.772741 -4.62592
    endloop
  endfacet
  facet normal -0.0420437 -0.991409 0.12386
    outer loop
      vertex 6.55764 -0.772741 -4.24333
      vertex 5.98874 -0.772741 -4.43644
      vertex 6.63688 -0.8 -4.43462
    endloop
  endfacet
  facet normal -0.0420437 -0.991409 0.123858
    outer loop
      vertex 5.98874 -0.772741 -4.43644
      vertex 6.04233 -0.8 -4.63644
      vertex 6.63688 -0.8 -4.43462
    endloop
  endfacet
  facet normal -0.123232 -0.923588 0.363042
    outer loop
      vertex 6.48381 -0.69282 -4.06507
      vertex 5.9388 -0.69282 -4.25007
      vertex 6.55764 -0.772741 -4.24333
    endloop
  endfacet
  facet normal -0.123232 -0.923588 0.363041
    outer loop
      vertex 5.9388 -0.69282 -4.25007
      vertex 5.98874 -0.772741 -4.43644
      vertex 6.55764 -0.772741 -4.24333
    endloop
  endfacet
  facet normal -0.195938 -0.792719 0.577239
    outer loop
      vertex 6.4204 -0.565685 -3.912
      vertex 5.89592 -0.565685 -4.09003
      vertex 6.48381 -0.69282 -4.06507
    endloop
  endfacet
  facet normal -0.195939 -0.792721 0.577236
    outer loop
      vertex 5.89592 -0.565685 -4.09003
      vertex 5.9388 -0.69282 -4.25007
      vertex 6.48381 -0.69282 -4.06507
    endloop
  endfacet
  facet normal -0.255215 -0.607946 0.751842
    outer loop
      vertex 6.37175 -0.4 -3.79454
      vertex 5.86302 -0.4 -3.96723
      vertex 6.4204 -0.565685 -3.912
    endloop
  endfacet
  facet normal -0.255211 -0.607928 0.751858
    outer loop
      vertex 5.86302 -0.4 -3.96723
      vertex 5.89592 -0.565685 -4.09003
      vertex 6.4204 -0.565685 -3.912
    endloop
  endfacet
  facet normal -0.297058 -0.38199 0.875123
    outer loop
      vertex 6.34117 -0.207055 -3.7207
      vertex 5.84233 -0.207055 -3.89003
      vertex 6.37175 -0.4 -3.79454
    endloop
  endfacet
  facet normal -0.297061 -0.382001 0.875117
    outer loop
      vertex 5.84233 -0.207055 -3.89003
      vertex 5.86302 -0.4 -3.96723
      vertex 6.37175 -0.4 -3.79454
    endloop
  endfacet
  facet normal -0.318697 -0.130245 0.938866
    outer loop
      vertex 6.33073 0 -3.69552
      vertex 5.83528 0 -3.8637
      vertex 6.34117 -0.207055 -3.7207
    endloop
  endfacet
  facet normal -0.318696 -0.130242 0.938866
    outer loop
      vertex 5.83528 0 -3.8637
      vertex 5.84233 -0.207055 -3.89003
      vertex 6.34117 -0.207055 -3.7207
    endloop
  endfacet
  facet normal -0.318696 0.130245 0.938866
    outer loop
      vertex 6.34117 0.207055 -3.7207
      vertex 5.84233 0.207055 -3.89003
      vertex 6.33073 0 -3.69552
    endloop
  endfacet
  facet normal -0.318697 0.130242 0.938866
    outer loop
      vertex 5.84233 0.207055 -3.89003
      vertex 5.83528 0 -3.8637
      vertex 6.33073 0 -3.69552
    endloop
  endfacet
  facet normal -0.297063 0.38199 0.875121
    outer loop
      vertex 6.37175 0.4 -3.79454
      vertex 5.86302 0.4 -3.96723
      vertex 6.34117 0.207055 -3.7207
    endloop
  endfacet
  facet normal -0.297057 0.382001 0.875118
    outer loop
      vertex 5.86302 0.4 -3.96723
      vertex 5.84233 0.207055 -3.89003
      vertex 6.34117 0.207055 -3.7207
    endloop
  endfacet
  facet normal -0.255207 0.607946 0.751845
    outer loop
      vertex 6.4204 0.565685 -3.912
      vertex 5.89592 0.565685 -4.09003
      vertex 6.37175 0.4 -3.79454
    endloop
  endfacet
  facet normal -0.25522 0.607928 0.751855
    outer loop
      vertex 5.89592 0.565685 -4.09003
      vertex 5.86302 0.4 -3.96723
      vertex 6.37175 0.4 -3.79454
    endloop
  endfacet
  facet normal -0.19594 0.792719 0.577238
    outer loop
      vertex 6.48381 0.69282 -4.06507
      vertex 5.9388 0.69282 -4.25007
      vertex 6.4204 0.565685 -3.912
    endloop
  endfacet
  facet normal -0.195938 0.792721 0.577236
    outer loop
      vertex 5.9388 0.69282 -4.25007
      vertex 5.89592 0.565685 -4.09003
      vertex 6.4204 0.565685 -3.912
    endloop
  endfacet
  facet normal -0.123233 0.923588 0.363042
    outer loop
      vertex 6.55764 0.772741 -4.24333
      vertex 5.98874 0.772741 -4.43644
      vertex 6.48381 0.69282 -4.06507
    endloop
  endfacet
  facet normal -0.123232 0.923588 0.363041
    outer loop
      vertex 5.98874 0.772741 -4.43644
      vertex 5.9388 0.69282 -4.25007
      vertex 6.48381 0.69282 -4.06507
    endloop
  endfacet
  facet normal -0.0420443 0.991409 0.12386
    outer loop
      vertex 6.63688 0.8 -4.43462
      vertex 6.04233 0.8 -4.63644
      vertex 6.55764 0.772741 -4.24333
    endloop
  endfacet
  facet normal -0.0420431 0.991409 0.123859
    outer loop
      vertex 6.04233 0.8 -4.63644
      vertex 5.98874 0.772741 -4.43644
      vertex 6.55764 0.772741 -4.24333
    endloop
  endfacet
  facet normal 0.0420412 0.991409 -0.123855
    outer loop
      vertex 6.71612 0.772741 -4.62592
      vertex 6.09592 0.772741 -4.83644
      vertex 6.63688 0.8 -4.43462
    endloop
  endfacet
  facet normal 0.0420437 0.991409 -0.123858
    outer loop
      vertex 6.09592 0.772741 -4.83644
      vertex 6.04233 0.8 -4.63644
      vertex 6.63688 0.8 -4.43462
    endloop
  endfacet
  facet normal 0.123241 0.923581 -0.363055
    outer loop
      vertex 6.78995 0.69282 -4.80417
      vertex 6.14586 0.69282 -5.02281
      vertex 6.71612 0.772741 -4.62592
    endloop
  endfacet
  facet normal 0.12323 0.923588 -0.363041
    outer loop
      vertex 6.14586 0.69282 -5.02281
      vertex 6.09592 0.772741 -4.83644
      vertex 6.71612 0.772741 -4.62592
    endloop
  endfacet
  facet normal 0.195932 0.792736 -0.577218
    outer loop
      vertex 6.85336 0.565685 -4.95725
      vertex 6.18874 0.565685 -5.18285
      vertex 6.78995 0.69282 -4.80417
    endloop
  endfacet
  facet normal 0.195945 0.792721 -0.577234
    outer loop
      vertex 6.18874 0.565685 -5.18285
      vertex 6.14586 0.69282 -5.02281
      vertex 6.78995 0.69282 -4.80417
    endloop
  endfacet
  facet normal 0.255232 0.607918 -0.751859
    outer loop
      vertex 6.90201 0.4 -5.0747
      vertex 6.22165 0.4 -5.30566
      vertex 6.85336 0.565685 -4.95725
    endloop
  endfacet
  facet normal 0.255203 0.607967 -0.75183
    outer loop
      vertex 6.22165 0.4 -5.30566
      vertex 6.18874 0.565685 -5.18285
      vertex 6.85336 0.565685 -4.95725
    endloop
  endfacet
  facet normal 0.297056 0.382003 -0.875118
    outer loop
      vertex 6.9326 0.207055 -5.14854
      vertex 6.24233 0.207055 -5.38285
      vertex 6.90201 0.4 -5.0747
    endloop
  endfacet
  facet normal 0.297079 0.381949 -0.875134
    outer loop
      vertex 6.24233 0.207055 -5.38285
      vertex 6.22165 0.4 -5.30566
      vertex 6.90201 0.4 -5.0747
    endloop
  endfacet
  facet normal 0.318689 0.130274 -0.938864
    outer loop
      vertex 6.94303 0 -5.17373
      vertex 6.24939 0 -5.40918
      vertex 6.9326 0.207055 -5.14854
    endloop
  endfacet
  facet normal 0.318695 0.130257 -0.938865
    outer loop
      vertex 6.24939 0 -5.40918
      vertex 6.24233 0.207055 -5.38285
      vertex 6.9326 0.207055 -5.14854
    endloop
  endfacet
  facet normal 0.193428 -0.130254 -0.97243
    outer loop
      vertex 6.24233 -0.207055 -5.38285
      vertex 5.52739 -0.207055 -5.52506
      vertex 6.24939 0 -5.40918
    endloop
  endfacet
  facet normal 0.193432 -0.130271 -0.972427
    outer loop
      vertex 5.52739 -0.207055 -5.52506
      vertex 5.53095 0 -5.55209
      vertex 6.24939 0 -5.40918
    endloop
  endfacet
  facet normal 0.180297 -0.381951 -0.906425
    outer loop
      vertex 6.22165 -0.4 -5.30566
      vertex 5.51696 -0.4 -5.44583
      vertex 6.24233 -0.207055 -5.38285
    endloop
  endfacet
  facet normal 0.180298 -0.381955 -0.906423
    outer loop
      vertex 5.51696 -0.4 -5.44583
      vertex 5.52739 -0.207055 -5.52506
      vertex 6.24233 -0.207055 -5.38285
    endloop
  endfacet
  facet normal 0.154898 -0.607965 -0.778707
    outer loop
      vertex 6.18874 -0.565685 -5.18285
      vertex 5.50036 -0.565685 -5.31978
      vertex 6.22165 -0.4 -5.30566
    endloop
  endfacet
  facet normal 0.154895 -0.607953 -0.778718
    outer loop
      vertex 5.50036 -0.565685 -5.31978
      vertex 5.51696 -0.4 -5.44583
      vertex 6.22165 -0.4 -5.30566
    endloop
  endfacet
  facet normal 0.118925 -0.792722 -0.59787
    outer loop
      vertex 6.14586 -0.69282 -5.02281
      vertex 5.47874 -0.69282 -5.15551
      vertex 6.18874 -0.565685 -5.18285
    endloop
  endfacet
  facet normal 0.118926 -0.792724 -0.597868
    outer loop
      vertex 5.47874 -0.69282 -5.15551
      vertex 5.50036 -0.565685 -5.31978
      vertex 6.18874 -0.565685 -5.18285
    endloop
  endfacet
  facet normal 0.0747976 -0.923588 -0.376019
    outer loop
      vertex 6.09592 -0.772741 -4.83644
      vertex 5.45355 -0.772741 -4.96422
      vertex 6.14586 -0.69282 -5.02281
    endloop
  endfacet
  facet normal 0.0747969 -0.923586 -0.376025
    outer loop
      vertex 5.45355 -0.772741 -4.96422
      vertex 5.47874 -0.69282 -5.15551
      vertex 6.14586 -0.69282 -5.02281
    endloop
  endfacet
  facet normal 0.0255197 -0.991409 -0.128286
    outer loop
      vertex 6.04233 -0.8 -4.63644
      vertex 5.42653 -0.8 -4.75894
      vertex 6.09592 -0.772741 -4.83644
    endloop
  endfacet
  facet normal 0.0255193 -0.991408 -0.12829
    outer loop
      vertex 5.42653 -0.8 -4.75894
      vertex 5.45355 -0.772741 -4.96422
      vertex 6.09592 -0.772741 -4.83644
    endloop
  endfacet
  facet normal -0.0255184 -0.991409 0.128286
    outer loop
      vertex 5.98874 -0.772741 -4.43644
      vertex 5.3995 -0.772741 -4.55365
      vertex 6.04233 -0.8 -4.63644
    endloop
  endfacet
  facet normal -0.0255189 -0.991409 0.128282
    outer loop
      vertex 5.3995 -0.772741 -4.55365
      vertex 5.42653 -0.8 -4.75894
      vertex 6.04233 -0.8 -4.63644
    endloop
  endfacet
  facet normal -0.0748 -0.923588 0.376019
    outer loop
      vertex 5.9388 -0.69282 -4.25007
      vertex 5.37432 -0.69282 -4.36236
      vertex 5.98874 -0.772741 -4.43644
    endloop
  endfacet
  facet normal -0.0747984 -0.923584 0.376028
    outer loop
      vertex 5.37432 -0.69282 -4.36236
      vertex 5.3995 -0.772741 -4.55365
      vertex 5.98874 -0.772741 -4.43644
    endloop
  endfacet
  facet normal -0.118929 -0.792722 0.597869
    outer loop
      vertex 5.89592 -0.565685 -4.09003
      vertex 5.35269 -0.565685 -4.19809
      vertex 5.9388 -0.69282 -4.25007
    endloop
  endfacet
  facet normal -0.118931 -0.792727 0.597862
    outer loop
      vertex 5.35269 -0.565685 -4.19809
      vertex 5.37432 -0.69282 -4.36236
      vertex 5.9388 -0.69282 -4.25007
    endloop
  endfacet
  facet normal -0.154896 -0.607929 0.778736
    outer loop
      vertex 5.86302 -0.4 -3.96723
      vertex 5.33609 -0.4 -4.07204
      vertex 5.89592 -0.565685 -4.09003
    endloop
  endfacet
  facet normal -0.154903 -0.607952 0.778716
    outer loop
      vertex 5.33609 -0.4 -4.07204
      vertex 5.35269 -0.565685 -4.19809
      vertex 5.89592 -0.565685 -4.09003
    endloop
  endfacet
  facet normal -0.180309 -0.381999 0.906402
    outer loop
      vertex 5.84233 -0.207055 -3.89003
      vertex 5.32566 -0.207055 -3.99281
      vertex 5.86302 -0.4 -3.96723
    endloop
  endfacet
  facet normal -0.180294 -0.381956 0.906424
    outer loop
      vertex 5.32566 -0.207055 -3.99281
      vertex 5.33609 -0.4 -4.07204
      vertex 5.86302 -0.4 -3.96723
    endloop
  endfacet
  facet normal -0.193432 -0.130245 0.97243
    outer loop
      vertex 5.83528 0 -3.8637
      vertex 5.3221 0 -3.96578
      vertex 5.84233 -0.207055 -3.89003
    endloop
  endfacet
  facet normal -0.193442 -0.130271 0.972425
    outer loop
      vertex 5.3221 0 -3.96578
      vertex 5.32566 -0.207055 -3.99281
      vertex 5.84233 -0.207055 -3.89003
    endloop
  endfacet
  facet normal -0.193443 0.130245 0.972428
    outer loop
      vertex 5.84233 0.207055 -3.89003
      vertex 5.32566 0.207055 -3.99281
      vertex 5.83528 0 -3.8637
    endloop
  endfacet
  facet normal -0.193432 0.130271 0.972427
    outer loop
      vertex 5.32566 0.207055 -3.99281
      vertex 5.3221 0 -3.96578
      vertex 5.83528 0 -3.8637
    endloop
  endfacet
  facet normal -0.18029 0.381999 0.906406
    outer loop
      vertex 5.86302 0.4 -3.96723
      vertex 5.33609 0.4 -4.07204
      vertex 5.84233 0.207055 -3.89003
    endloop
  endfacet
  facet normal -0.180312 0.381955 0.90642
    outer loop
      vertex 5.33609 0.4 -4.07204
      vertex 5.32566 0.207055 -3.99281
      vertex 5.84233 0.207055 -3.89003
    endloop
  endfacet
  facet normal -0.154907 0.60793 0.778733
    outer loop
      vertex 5.89592 0.565685 -4.09003
      vertex 5.35269 0.565685 -4.19809
      vertex 5.86302 0.4 -3.96723
    endloop
  endfacet
  facet normal -0.154892 0.607953 0.778718
    outer loop
      vertex 5.35269 0.565685 -4.19809
      vertex 5.33609 0.4 -4.07204
      vertex 5.86302 0.4 -3.96723
    endloop
  endfacet
  facet normal -0.118932 0.792722 0.597869
    outer loop
      vertex 5.9388 0.69282 -4.25007
      vertex 5.37432 0.69282 -4.36236
      vertex 5.89592 0.565685 -4.09003
    endloop
  endfacet
  facet normal -0.118928 0.792727 0.597863
    outer loop
      vertex 5.37432 0.69282 -4.36236
      vertex 5.35269 0.565685 -4.19809
      vertex 5.89592 0.565685 -4.09003
    endloop
  endfacet
  facet normal -0.0747967 0.923588 0.376019
    outer loop
      vertex 5.98874 0.772741 -4.43644
      vertex 5.3995 0.772741 -4.55365
      vertex 5.9388 0.69282 -4.25007
    endloop
  endfacet
  facet normal -0.0748018 0.923584 0.376027
    outer loop
      vertex 5.3995 0.772741 -4.55365
      vertex 5.37432 0.69282 -4.36236
      vertex 5.9388 0.69282 -4.25007
    endloop
  endfacet
  facet normal -0.0255197 0.991409 0.128286
    outer loop
      vertex 6.04233 0.8 -4.63644
      vertex 5.42653 0.8 -4.75894
      vertex 5.98874 0.772741 -4.43644
    endloop
  endfacet
  facet normal -0.0255176 0.991409 0.128282
    outer loop
      vertex 5.42653 0.8 -4.75894
      vertex 5.3995 0.772741 -4.55365
      vertex 5.98874 0.772741 -4.43644
    endloop
  endfacet
  facet normal 0.0255187 0.991409 -0.128286
    outer loop
      vertex 6.09592 0.772741 -4.83644
      vertex 5.45355 0.772741 -4.96422
      vertex 6.04233 0.8 -4.63644
    endloop
  endfacet
  facet normal 0.0255204 0.991408 -0.128289
    outer loop
      vertex 5.45355 0.772741 -4.96422
      vertex 5.42653 0.8 -4.75894
      vertex 6.04233 0.8 -4.63644
    endloop
  endfacet
  facet normal 0.0747958 0.923588 -0.37602
    outer loop
      vertex 6.14586 0.69282 -5.02281
      vertex 5.47874 0.69282 -5.15551
      vertex 6.09592 0.772741 -4.83644
    endloop
  endfacet
  facet normal 0.0747986 0.923586 -0.376024
    outer loop
      vertex 5.47874 0.69282 -5.15551
      vertex 5.45355 0.772741 -4.96422
      vertex 6.09592 0.772741 -4.83644
    endloop
  endfacet
  facet normal 0.118926 0.792722 -0.59787
    outer loop
      vertex 6.18874 0.565685 -5.18285
      vertex 5.50036 0.565685 -5.31978
      vertex 6.14586 0.69282 -5.02281
    endloop
  endfacet
  facet normal 0.118925 0.792724 -0.597868
    outer loop
      vertex 5.50036 0.565685 -5.31978
      vertex 5.47874 0.69282 -5.15551
      vertex 6.14586 0.69282 -5.02281
    endloop
  endfacet
  facet normal 0.154893 0.607965 -0.778708
    outer loop
      vertex 6.22165 0.4 -5.30566
      vertex 5.51696 0.4 -5.44583
      vertex 6.18874 0.565685 -5.18285
    endloop
  endfacet
  facet normal 0.154899 0.607952 -0.778717
    outer loop
      vertex 5.51696 0.4 -5.44583
      vertex 5.50036 0.565685 -5.31978
      vertex 6.18874 0.565685 -5.18285
    endloop
  endfacet
  facet normal 0.180299 0.381951 -0.906425
    outer loop
      vertex 6.24233 0.207055 -5.38285
      vertex 5.52739 0.207055 -5.52506
      vertex 6.22165 0.4 -5.30566
    endloop
  endfacet
  facet normal 0.180297 0.381956 -0.906423
    outer loop
      vertex 5.52739 0.207055 -5.52506
      vertex 5.51696 0.4 -5.44583
      vertex 6.22165 0.4 -5.30566
    endloop
  endfacet
  facet normal 0.193433 0.130254 -0.972429
    outer loop
      vertex 6.24939 0 -5.40918
      vertex 5.53095 0 -5.55209
      vertex 6.24233 0.207055 -5.38285
    endloop
  endfacet
  facet normal 0.193427 0.130271 -0.972428
    outer loop
      vertex 5.53095 0 -5.55209
      vertex 5.52739 0.207055 -5.52506
      vertex 6.24233 0.207055 -5.38285
    endloop
  endfacet
  facet normal 0.0648517 -0.13027 -0.989355
    outer loop
      vertex 5.52739 -0.207055 -5.52506
      vertex 4.8 -0.207055 -5.57274
      vertex 5.53095 0 -5.55209
    endloop
  endfacet
  facet normal 0.0648473 -0.130255 -0.989358
    outer loop
      vertex 4.8 -0.207055 -5.57274
      vertex 4.8 0 -5.6
      vertex 5.53095 0 -5.55209
    endloop
  endfacet
  facet normal 0.0604417 -0.381956 -0.922202
    outer loop
      vertex 5.51696 -0.4 -5.44583
      vertex 4.8 -0.4 -5.49282
      vertex 5.52739 -0.207055 -5.52506
    endloop
  endfacet
  facet normal 0.0604491 -0.381982 -0.922191
    outer loop
      vertex 4.8 -0.4 -5.49282
      vertex 4.8 -0.207055 -5.57274
      vertex 5.52739 -0.207055 -5.52506
    endloop
  endfacet
  facet normal 0.0519352 -0.607951 -0.792274
    outer loop
      vertex 5.50036 -0.565685 -5.31978
      vertex 4.8 -0.565685 -5.36569
      vertex 5.51696 -0.4 -5.44583
    endloop
  endfacet
  facet normal 0.0519274 -0.607926 -0.792294
    outer loop
      vertex 4.8 -0.565685 -5.36569
      vertex 4.8 -0.4 -5.49282
      vertex 5.51696 -0.4 -5.44583
    endloop
  endfacet
  facet normal 0.0398711 -0.792725 -0.608274
    outer loop
      vertex 5.47874 -0.69282 -5.15551
      vertex 4.8 -0.69282 -5.2
      vertex 5.50036 -0.565685 -5.31978
    endloop
  endfacet
  facet normal 0.0398731 -0.79273 -0.608267
    outer loop
      vertex 4.8 -0.69282 -5.2
      vertex 4.8 -0.565685 -5.36569
      vertex 5.50036 -0.565685 -5.31978
    endloop
  endfacet
  facet normal 0.0250775 -0.923585 -0.382572
    outer loop
      vertex 5.45355 -0.772741 -4.96422
      vertex 4.8 -0.772741 -5.00706
      vertex 5.47874 -0.69282 -5.15551
    endloop
  endfacet
  facet normal 0.0250769 -0.923585 -0.382574
    outer loop
      vertex 4.8 -0.772741 -5.00706
      vertex 4.8 -0.69282 -5.2
      vertex 5.47874 -0.69282 -5.15551
    endloop
  endfacet
  facet normal 0.00855387 -0.991408 -0.130523
    outer loop
      vertex 5.42653 -0.8 -4.75894
      vertex 4.8 -0.8 -4.8
      vertex 5.45355 -0.772741 -4.96422
    endloop
  endfacet
  facet normal 0.00855534 -0.991409 -0.130517
    outer loop
      vertex 4.8 -0.8 -4.8
      vertex 4.8 -0.772741 -5.00706
      vertex 5.45355 -0.772741 -4.96422
    endloop
  endfacet
  facet normal -0.00855375 -0.991409 0.130516
    outer loop
      vertex 5.3995 -0.772741 -4.55365
      vertex 4.8 -0.772741 -4.59294
      vertex 5.42653 -0.8 -4.75894
    endloop
  endfacet
  facet normal -0.0085535 -0.991409 0.130517
    outer loop
      vertex 4.8 -0.772741 -4.59294
      vertex 4.8 -0.8 -4.8
      vertex 5.42653 -0.8 -4.75894
    endloop
  endfacet
  facet normal -0.0250732 -0.923585 0.382573
    outer loop
      vertex 5.37432 -0.69282 -4.36236
      vertex 4.8 -0.69282 -4.4
      vertex 5.3995 -0.772741 -4.55365
    endloop
  endfacet
  facet normal -0.0250731 -0.923585 0.382574
    outer loop
      vertex 4.8 -0.69282 -4.4
      vertex 4.8 -0.772741 -4.59294
      vertex 5.3995 -0.772741 -4.55365
    endloop
  endfacet
  facet normal -0.0398626 -0.792726 0.608273
    outer loop
      vertex 5.35269 -0.565685 -4.19809
      vertex 4.8 -0.565685 -4.23431
      vertex 5.37432 -0.69282 -4.36236
    endloop
  endfacet
  facet normal -0.0398648 -0.792731 0.608267
    outer loop
      vertex 4.8 -0.565685 -4.23431
      vertex 4.8 -0.69282 -4.4
      vertex 5.37432 -0.69282 -4.36236
    endloop
  endfacet
  facet normal -0.0519326 -0.607951 0.792275
    outer loop
      vertex 5.33609 -0.4 -4.07204
      vertex 4.8 -0.4 -4.10718
      vertex 5.35269 -0.565685 -4.19809
    endloop
  endfacet
  facet normal -0.0519222 -0.607927 0.792294
    outer loop
      vertex 4.8 -0.4 -4.10718
      vertex 4.8 -0.565685 -4.23431
      vertex 5.35269 -0.565685 -4.19809
    endloop
  endfacet
  facet normal -0.0604381 -0.381956 0.922202
    outer loop
      vertex 5.32566 -0.207055 -3.99281
      vertex 4.8 -0.207055 -4.02726
      vertex 5.33609 -0.4 -4.07204
    endloop
  endfacet
  facet normal -0.0604484 -0.381982 0.922191
    outer loop
      vertex 4.8 -0.207055 -4.02726
      vertex 4.8 -0.4 -4.10718
      vertex 5.33609 -0.4 -4.07204
    endloop
  endfacet
  facet normal -0.0648453 -0.13027 0.989356
    outer loop
      vertex 5.3221 0 -3.96578
      vertex 4.8 0 -4
      vertex 5.32566 -0.207055 -3.99281
    endloop
  endfacet
  facet normal -0.0648392 -0.130255 0.989358
    outer loop
      vertex 4.8 0 -4
      vertex 4.8 -0.207055 -4.02726
      vertex 5.32566 -0.207055 -3.99281
    endloop
  endfacet
  facet normal -0.0648391 0.13027 0.989356
    outer loop
      vertex 5.32566 0.207055 -3.99281
      vertex 4.8 0.207055 -4.02726
      vertex 5.3221 0 -3.96578
    endloop
  endfacet
  facet normal -0.0648455 0.130255 0.989358
    outer loop
      vertex 4.8 0.207055 -4.02726
      vertex 4.8 0 -4
      vertex 5.3221 0 -3.96578
    endloop
  endfacet
  facet normal -0.0604491 0.381956 0.922201
    outer loop
      vertex 5.33609 0.4 -4.07204
      vertex 4.8 0.4 -4.10718
      vertex 5.32566 0.207055 -3.99281
    endloop
  endfacet
  facet normal -0.0604373 0.381982 0.922191
    outer loop
      vertex 4.8 0.4 -4.10718
      vertex 4.8 0.207055 -4.02726
      vertex 5.32566 0.207055 -3.99281
    endloop
  endfacet
  facet normal -0.051921 0.60795 0.792276
    outer loop
      vertex 5.35269 0.565685 -4.19809
      vertex 4.8 0.565685 -4.23431
      vertex 5.33609 0.4 -4.07204
    endloop
  endfacet
  facet normal -0.0519338 0.607926 0.792293
    outer loop
      vertex 4.8 0.565685 -4.23431
      vertex 4.8 0.4 -4.10718
      vertex 5.33609 0.4 -4.07204
    endloop
  endfacet
  facet normal -0.0398652 0.792726 0.608273
    outer loop
      vertex 5.37432 0.69282 -4.36236
      vertex 4.8 0.69282 -4.4
      vertex 5.35269 0.565685 -4.19809
    endloop
  endfacet
  facet normal -0.0398622 0.792731 0.608267
    outer loop
      vertex 4.8 0.69282 -4.4
      vertex 4.8 0.565685 -4.23431
      vertex 5.35269 0.565685 -4.19809
    endloop
  endfacet
  facet normal -0.0250731 0.923585 0.382573
    outer loop
      vertex 5.3995 0.772741 -4.55365
      vertex 4.8 0.772741 -4.59294
      vertex 5.37432 0.69282 -4.36236
    endloop
  endfacet
  facet normal -0.0250733 0.923585 0.382574
    outer loop
      vertex 4.8 0.772741 -4.59294
      vertex 4.8 0.69282 -4.4
      vertex 5.37432 0.69282 -4.36236
    endloop
  endfacet
  facet normal -0.00855344 0.991409 0.130516
    outer loop
      vertex 5.42653 0.8 -4.75894
      vertex 4.8 0.8 -4.8
      vertex 5.3995 0.772741 -4.55365
    endloop
  endfacet
  facet normal -0.00855381 0.991409 0.130517
    outer loop
      vertex 4.8 0.8 -4.8
      vertex 4.8 0.772741 -4.59294
      vertex 5.3995 0.772741 -4.55365
    endloop
  endfacet
  facet normal 0.0085557 0.991408 -0.130522
    outer loop
      vertex 5.45355 0.772741 -4.96422
      vertex 4.8 0.772741 -5.00706
      vertex 5.42653 0.8 -4.75894
    endloop
  endfacet
  facet normal 0.0085535 0.991409 -0.130517
    outer loop
      vertex 4.8 0.772741 -5.00706
      vertex 4.8 0.8 -4.8
      vertex 5.42653 0.8 -4.75894
    endloop
  endfacet
  facet normal 0.0250768 0.923585 -0.382572
    outer loop
      vertex 5.47874 0.69282 -5.15551
      vertex 4.8 0.69282 -5.2
      vertex 5.45355 0.772741 -4.96422
    endloop
  endfacet
  facet normal 0.0250776 0.923585 -0.382574
    outer loop
      vertex 4.8 0.69282 -5.2
      vertex 4.8 0.772741 -5.00706
      vertex 5.45355 0.772741 -4.96422
    endloop
  endfacet
  facet normal 0.0398735 0.792725 -0.608273
    outer loop
      vertex 5.50036 0.565685 -5.31978
      vertex 4.8 0.565685 -5.36569
      vertex 5.47874 0.69282 -5.15551
    endloop
  endfacet
  facet normal 0.0398706 0.79273 -0.608267
    outer loop
      vertex 4.8 0.565685 -5.36569
      vertex 4.8 0.69282 -5.2
      vertex 5.47874 0.69282 -5.15551
    endloop
  endfacet
  facet normal 0.0519262 0.60795 -0.792275
    outer loop
      vertex 5.51696 0.4 -5.44583
      vertex 4.8 0.4 -5.49282
      vertex 5.50036 0.565685 -5.31978
    endloop
  endfacet
  facet normal 0.0519364 0.607926 -0.792293
    outer loop
      vertex 4.8 0.4 -5.49282
      vertex 4.8 0.565685 -5.36569
      vertex 5.50036 0.565685 -5.31978
    endloop
  endfacet
  facet normal 0.0604498 0.381956 -0.922201
    outer loop
      vertex 5.52739 0.207055 -5.52506
      vertex 4.8 0.207055 -5.57274
      vertex 5.51696 0.4 -5.44583
    endloop
  endfacet
  facet normal 0.060441 0.381982 -0.922191
    outer loop
      vertex 4.8 0.207055 -5.57274
      vertex 4.8 0.4 -5.49282
      vertex 5.51696 0.4 -5.44583
    endloop
  endfacet
  facet normal 0.0648472 0.13027 -0.989356
    outer loop
      vertex 5.53095 0 -5.55209
      vertex 4.8 0 -5.6
      vertex 5.52739 0.207055 -5.52506
    endloop
  endfacet
  facet normal 0.0648518 0.130255 -0.989357
    outer loop
      vertex 4.8 0 -5.6
      vertex 4.8 0.207055 -5.57274
      vertex 5.52739 0.207055 -5.52506
    endloop
  endfacet
  facet normal -0.0648518 -0.130255 -0.989357
    outer loop
      vertex 4.8 -0.207055 -5.57274
      vertex 4.07261 -0.207055 -5.52506
      vertex 4.8 0 -5.6
    endloop
  endfacet
  facet normal -0.0648472 -0.13027 -0.989356
    outer loop
      vertex 4.07261 -0.207055 -5.52506
      vertex 4.06905 0 -5.55209
      vertex 4.8 0 -5.6
    endloop
  endfacet
  facet normal -0.060441 -0.381982 -0.922191
    outer loop
      vertex 4.8 -0.4 -5.49282
      vertex 4.08304 -0.4 -5.44583
      vertex 4.8 -0.207055 -5.57274
    endloop
  endfacet
  facet normal -0.0604498 -0.381956 -0.922201
    outer loop
      vertex 4.08304 -0.4 -5.44583
      vertex 4.07261 -0.207055 -5.52506
      vertex 4.8 -0.207055 -5.57274
    endloop
  endfacet
  facet normal -0.0519364 -0.607926 -0.792293
    outer loop
      vertex 4.8 -0.565685 -5.36569
      vertex 4.09964 -0.565685 -5.31978
      vertex 4.8 -0.4 -5.49282
    endloop
  endfacet
  facet normal -0.0519262 -0.60795 -0.792275
    outer loop
      vertex 4.09964 -0.565685 -5.31978
      vertex 4.08304 -0.4 -5.44583
      vertex 4.8 -0.4 -5.49282
    endloop
  endfacet
  facet normal -0.0398706 -0.79273 -0.608267
    outer loop
      vertex 4.8 -0.69282 -5.2
      vertex 4.12126 -0.69282 -5.15551
      vertex 4.8 -0.565685 -5.36569
    endloop
  endfacet
  facet normal -0.0398735 -0.792725 -0.608273
    outer loop
      vertex 4.12126 -0.69282 -5.15551
      vertex 4.09964 -0.565685 -5.31978
      vertex 4.8 -0.565685 -5.36569
    endloop
  endfacet
  facet normal -0.0250776 -0.923585 -0.382574
    outer loop
      vertex 4.8 -0.772741 -5.00706
      vertex 4.14645 -0.772741 -4.96422
      vertex 4.8 -0.69282 -5.2
    endloop
  endfacet
  facet normal -0.0250768 -0.923585 -0.382572
    outer loop
      vertex 4.14645 -0.772741 -4.96422
      vertex 4.12126 -0.69282 -5.15551
      vertex 4.8 -0.69282 -5.2
    endloop
  endfacet
  facet normal -0.0085535 -0.991409 -0.130517
    outer loop
      vertex 4.8 -0.8 -4.8
      vertex 4.17347 -0.8 -4.75894
      vertex 4.8 -0.772741 -5.00706
    endloop
  endfacet
  facet normal -0.0085557 -0.991408 -0.130522
    outer loop
      vertex 4.17347 -0.8 -4.75894
      vertex 4.14645 -0.772741 -4.96422
      vertex 4.8 -0.772741 -5.00706
    endloop
  endfacet
  facet normal 0.00855381 -0.991409 0.130517
    outer loop
      vertex 4.8 -0.772741 -4.59294
      vertex 4.2005 -0.772741 -4.55365
      vertex 4.8 -0.8 -4.8
    endloop
  endfacet
  facet normal 0.00855344 -0.991409 0.130516
    outer loop
      vertex 4.2005 -0.772741 -4.55365
      vertex 4.17347 -0.8 -4.75894
      vertex 4.8 -0.8 -4.8
    endloop
  endfacet
  facet normal 0.0250733 -0.923585 0.382574
    outer loop
      vertex 4.8 -0.69282 -4.4
      vertex 4.22568 -0.69282 -4.36236
      vertex 4.8 -0.772741 -4.59294
    endloop
  endfacet
  facet normal 0.0250731 -0.923585 0.382573
    outer loop
      vertex 4.22568 -0.69282 -4.36236
      vertex 4.2005 -0.772741 -4.55365
      vertex 4.8 -0.772741 -4.59294
    endloop
  endfacet
  facet normal 0.0398622 -0.792731 0.608267
    outer loop
      vertex 4.8 -0.565685 -4.23431
      vertex 4.24731 -0.565685 -4.19809
      vertex 4.8 -0.69282 -4.4
    endloop
  endfacet
  facet normal 0.0398652 -0.792726 0.608273
    outer loop
      vertex 4.24731 -0.565685 -4.19809
      vertex 4.22568 -0.69282 -4.36236
      vertex 4.8 -0.69282 -4.4
    endloop
  endfacet
  facet normal 0.0519338 -0.607926 0.792293
    outer loop
      vertex 4.8 -0.4 -4.10718
      vertex 4.26391 -0.4 -4.07204
      vertex 4.8 -0.565685 -4.23431
    endloop
  endfacet
  facet normal 0.051921 -0.60795 0.792276
    outer loop
      vertex 4.26391 -0.4 -4.07204
      vertex 4.24731 -0.565685 -4.19809
      vertex 4.8 -0.565685 -4.23431
    endloop
  endfacet
  facet normal 0.0604373 -0.381982 0.922191
    outer loop
      vertex 4.8 -0.207055 -4.02726
      vertex 4.27434 -0.207055 -3.99281
      vertex 4.8 -0.4 -4.10718
    endloop
  endfacet
  facet normal 0.0604491 -0.381956 0.922201
    outer loop
      vertex 4.27434 -0.207055 -3.99281
      vertex 4.26391 -0.4 -4.07204
      vertex 4.8 -0.4 -4.10718
    endloop
  endfacet
  facet normal 0.0648455 -0.130255 0.989358
    outer loop
      vertex 4.8 0 -4
      vertex 4.2779 0 -3.96578
      vertex 4.8 -0.207055 -4.02726
    endloop
  endfacet
  facet normal 0.0648391 -0.13027 0.989356
    outer loop
      vertex 4.2779 0 -3.96578
      vertex 4.27434 -0.207055 -3.99281
      vertex 4.8 -0.207055 -4.02726
    endloop
  endfacet
  facet normal 0.0648392 0.130255 0.989358
    outer loop
      vertex 4.8 0.207055 -4.02726
      vertex 4.27434 0.207055 -3.99281
      vertex 4.8 0 -4
    endloop
  endfacet
  facet normal 0.0648453 0.13027 0.989356
    outer loop
      vertex 4.27434 0.207055 -3.99281
      vertex 4.2779 0 -3.96578
      vertex 4.8 0 -4
    endloop
  endfacet
  facet normal 0.0604484 0.381982 0.922191
    outer loop
      vertex 4.8 0.4 -4.10718
      vertex 4.26391 0.4 -4.07204
      vertex 4.8 0.207055 -4.02726
    endloop
  endfacet
  facet normal 0.0604381 0.381956 0.922202
    outer loop
      vertex 4.26391 0.4 -4.07204
      vertex 4.27434 0.207055 -3.99281
      vertex 4.8 0.207055 -4.02726
    endloop
  endfacet
  facet normal 0.0519222 0.607927 0.792294
    outer loop
      vertex 4.8 0.565685 -4.23431
      vertex 4.24731 0.565685 -4.19809
      vertex 4.8 0.4 -4.10718
    endloop
  endfacet
  facet normal 0.0519326 0.607951 0.792275
    outer loop
      vertex 4.24731 0.565685 -4.19809
      vertex 4.26391 0.4 -4.07204
      vertex 4.8 0.4 -4.10718
    endloop
  endfacet
  facet normal 0.0398648 0.792731 0.608267
    outer loop
      vertex 4.8 0.69282 -4.4
      vertex 4.22568 0.69282 -4.36236
      vertex 4.8 0.565685 -4.23431
    endloop
  endfacet
  facet normal 0.0398626 0.792726 0.608273
    outer loop
      vertex 4.22568 0.69282 -4.36236
      vertex 4.24731 0.565685 -4.19809
      vertex 4.8 0.565685 -4.23431
    endloop
  endfacet
  facet normal 0.0250731 0.923585 0.382574
    outer loop
      vertex 4.8 0.772741 -4.59294
      vertex 4.2005 0.772741 -4.55365
      vertex 4.8 0.69282 -4.4
    endloop
  endfacet
  facet normal 0.0250732 0.923585 0.382573
    outer loop
      vertex 4.2005 0.772741 -4.55365
      vertex 4.22568 0.69282 -4.36236
      vertex 4.8 0.69282 -4.4
    endloop
  endfacet
  facet normal 0.0085535 0.991409 0.130517
    outer loop
      vertex 4.8 0.8 -4.8
      vertex 4.17347 0.8 -4.75894
      vertex 4.8 0.772741 -4.59294
    endloop
  endfacet
  facet normal 0.00855375 0.991409 0.130516
    outer loop
      vertex 4.17347 0.8 -4.75894
      vertex 4.2005 0.772741 -4.55365
      vertex 4.8 0.772741 -4.59294
    endloop
  endfacet
  facet normal -0.00855534 0.991409 -0.130517
    outer loop
      vertex 4.8 0.772741 -5.00706
      vertex 4.14645 0.772741 -4.96422
      vertex 4.8 0.8 -4.8
    endloop
  endfacet
  facet normal -0.00855387 0.991408 -0.130523
    outer loop
      vertex 4.14645 0.772741 -4.96422
      vertex 4.17347 0.8 -4.75894
      vertex 4.8 0.8 -4.8
    endloop
  endfacet
  facet normal -0.0250769 0.923585 -0.382574
    outer loop
      vertex 4.8 0.69282 -5.2
      vertex 4.12126 0.69282 -5.15551
      vertex 4.8 0.772741 -5.00706
    endloop
  endfacet
  facet normal -0.0250775 0.923585 -0.382572
    outer loop
      vertex 4.12126 0.69282 -5.15551
      vertex 4.14645 0.772741 -4.96422
      vertex 4.8 0.772741 -5.00706
    endloop
  endfacet
  facet normal -0.0398731 0.79273 -0.608267
    outer loop
      vertex 4.8 0.565685 -5.36569
      vertex 4.09964 0.565685 -5.31978
      vertex 4.8 0.69282 -5.2
    endloop
  endfacet
  facet normal -0.0398711 0.792725 -0.608274
    outer loop
      vertex 4.09964 0.565685 -5.31978
      vertex 4.12126 0.69282 -5.15551
      vertex 4.8 0.69282 -5.2
    endloop
  endfacet
  facet normal -0.0519274 0.607926 -0.792294
    outer loop
      vertex 4.8 0.4 -5.49282
      vertex 4.08304 0.4 -5.44583
      vertex 4.8 0.565685 -5.36569
    endloop
  endfacet
  facet normal -0.0519352 0.607951 -0.792274
    outer loop
      vertex 4.08304 0.4 -5.44583
      vertex 4.09964 0.565685 -5.31978
      vertex 4.8 0.565685 -5.36569
    endloop
  endfacet
  facet normal -0.0604491 0.381982 -0.922191
    outer loop
      vertex 4.8 0.207055 -5.57274
      vertex 4.07261 0.207055 -5.52506
      vertex 4.8 0.4 -5.49282
    endloop
  endfacet
  facet normal -0.0604417 0.381956 -0.922202
    outer loop
      vertex 4.07261 0.207055 -5.52506
      vertex 4.08304 0.4 -5.44583
      vertex 4.8 0.4 -5.49282
    endloop
  endfacet
  facet normal -0.0648473 0.130255 -0.989358
    outer loop
      vertex 4.8 0 -5.6
      vertex 4.06905 0 -5.55209
      vertex 4.8 0.207055 -5.57274
    endloop
  endfacet
  facet normal -0.0648517 0.13027 -0.989355
    outer loop
      vertex 4.06905 0 -5.55209
      vertex 4.07261 0.207055 -5.52506
      vertex 4.8 0.207055 -5.57274
    endloop
  endfacet
  facet normal -0.193427 -0.130271 -0.972428
    outer loop
      vertex 4.07261 -0.207055 -5.52506
      vertex 3.35767 -0.207055 -5.38285
      vertex 4.06905 0 -5.55209
    endloop
  endfacet
  facet normal -0.193433 -0.130254 -0.972429
    outer loop
      vertex 3.35767 -0.207055 -5.38285
      vertex 3.35061 0 -5.40918
      vertex 4.06905 0 -5.55209
    endloop
  endfacet
  facet normal -0.180297 -0.381956 -0.906423
    outer loop
      vertex 4.08304 -0.4 -5.44583
      vertex 3.37835 -0.4 -5.30566
      vertex 4.07261 -0.207055 -5.52506
    endloop
  endfacet
  facet normal -0.180299 -0.381951 -0.906425
    outer loop
      vertex 3.37835 -0.4 -5.30566
      vertex 3.35767 -0.207055 -5.38285
      vertex 4.07261 -0.207055 -5.52506
    endloop
  endfacet
  facet normal -0.154899 -0.607952 -0.778717
    outer loop
      vertex 4.09964 -0.565685 -5.31978
      vertex 3.41126 -0.565685 -5.18285
      vertex 4.08304 -0.4 -5.44583
    endloop
  endfacet
  facet normal -0.154893 -0.607965 -0.778708
    outer loop
      vertex 3.41126 -0.565685 -5.18285
      vertex 3.37835 -0.4 -5.30566
      vertex 4.08304 -0.4 -5.44583
    endloop
  endfacet
  facet normal -0.118925 -0.792724 -0.597868
    outer loop
      vertex 4.12126 -0.69282 -5.15551
      vertex 3.45414 -0.69282 -5.02281
      vertex 4.09964 -0.565685 -5.31978
    endloop
  endfacet
  facet normal -0.118926 -0.792722 -0.59787
    outer loop
      vertex 3.45414 -0.69282 -5.02281
      vertex 3.41126 -0.565685 -5.18285
      vertex 4.09964 -0.565685 -5.31978
    endloop
  endfacet
  facet normal -0.0747986 -0.923586 -0.376024
    outer loop
      vertex 4.14645 -0.772741 -4.96422
      vertex 3.50408 -0.772741 -4.83644
      vertex 4.12126 -0.69282 -5.15551
    endloop
  endfacet
  facet normal -0.0747958 -0.923588 -0.37602
    outer loop
      vertex 3.50408 -0.772741 -4.83644
      vertex 3.45414 -0.69282 -5.02281
      vertex 4.12126 -0.69282 -5.15551
    endloop
  endfacet
  facet normal -0.0255204 -0.991408 -0.128289
    outer loop
      vertex 4.17347 -0.8 -4.75894
      vertex 3.55767 -0.8 -4.63644
      vertex 4.14645 -0.772741 -4.96422
    endloop
  endfacet
  facet normal -0.0255187 -0.991409 -0.128286
    outer loop
      vertex 3.55767 -0.8 -4.63644
      vertex 3.50408 -0.772741 -4.83644
      vertex 4.14645 -0.772741 -4.96422
    endloop
  endfacet
  facet normal 0.0255176 -0.991409 0.128282
    outer loop
      vertex 4.2005 -0.772741 -4.55365
      vertex 3.61126 -0.772741 -4.43644
      vertex 4.17347 -0.8 -4.75894
    endloop
  endfacet
  facet normal 0.0255197 -0.991409 0.128286
    outer loop
      vertex 3.61126 -0.772741 -4.43644
      vertex 3.55767 -0.8 -4.63644
      vertex 4.17347 -0.8 -4.75894
    endloop
  endfacet
  facet normal 0.0748018 -0.923584 0.376027
    outer loop
      vertex 4.22568 -0.69282 -4.36236
      vertex 3.6612 -0.69282 -4.25007
      vertex 4.2005 -0.772741 -4.55365
    endloop
  endfacet
  facet normal 0.0747967 -0.923588 0.376019
    outer loop
      vertex 3.6612 -0.69282 -4.25007
      vertex 3.61126 -0.772741 -4.43644
      vertex 4.2005 -0.772741 -4.55365
    endloop
  endfacet
  facet normal 0.118928 -0.792727 0.597863
    outer loop
      vertex 4.24731 -0.565685 -4.19809
      vertex 3.70408 -0.565685 -4.09003
      vertex 4.22568 -0.69282 -4.36236
    endloop
  endfacet
  facet normal 0.118932 -0.792722 0.597869
    outer loop
      vertex 3.70408 -0.565685 -4.09003
      vertex 3.6612 -0.69282 -4.25007
      vertex 4.22568 -0.69282 -4.36236
    endloop
  endfacet
  facet normal 0.154892 -0.607953 0.778718
    outer loop
      vertex 4.26391 -0.4 -4.07204
      vertex 3.73698 -0.4 -3.96723
      vertex 4.24731 -0.565685 -4.19809
    endloop
  endfacet
  facet normal 0.154907 -0.60793 0.778733
    outer loop
      vertex 3.73698 -0.4 -3.96723
      vertex 3.70408 -0.565685 -4.09003
      vertex 4.24731 -0.565685 -4.19809
    endloop
  endfacet
  facet normal 0.180312 -0.381955 0.90642
    outer loop
      vertex 4.27434 -0.207055 -3.99281
      vertex 3.75767 -0.207055 -3.89003
      vertex 4.26391 -0.4 -4.07204
    endloop
  endfacet
  facet normal 0.18029 -0.381999 0.906406
    outer loop
      vertex 3.75767 -0.207055 -3.89003
      vertex 3.73698 -0.4 -3.96723
      vertex 4.26391 -0.4 -4.07204
    endloop
  endfacet
  facet normal 0.193432 -0.130271 0.972427
    outer loop
      vertex 4.2779 0 -3.96578
      vertex 3.76472 0 -3.8637
      vertex 4.27434 -0.207055 -3.99281
    endloop
  endfacet
  facet normal 0.193443 -0.130245 0.972428
    outer loop
      vertex 3.76472 0 -3.8637
      vertex 3.75767 -0.207055 -3.89003
      vertex 4.27434 -0.207055 -3.99281
    endloop
  endfacet
  facet normal 0.193442 0.130271 0.972425
    outer loop
      vertex 4.27434 0.207055 -3.99281
      vertex 3.75767 0.207055 -3.89003
      vertex 4.2779 0 -3.96578
    endloop
  endfacet
  facet normal 0.193432 0.130245 0.97243
    outer loop
      vertex 3.75767 0.207055 -3.89003
      vertex 3.76472 0 -3.8637
      vertex 4.2779 0 -3.96578
    endloop
  endfacet
  facet normal 0.180294 0.381956 0.906424
    outer loop
      vertex 4.26391 0.4 -4.07204
      vertex 3.73698 0.4 -3.96723
      vertex 4.27434 0.207055 -3.99281
    endloop
  endfacet
  facet normal 0.180309 0.381999 0.906402
    outer loop
      vertex 3.73698 0.4 -3.96723
      vertex 3.75767 0.207055 -3.89003
      vertex 4.27434 0.207055 -3.99281
    endloop
  endfacet
  facet normal 0.154903 0.607952 0.778716
    outer loop
      vertex 4.24731 0.565685 -4.19809
      vertex 3.70408 0.565685 -4.09003
      vertex 4.26391 0.4 -4.07204
    endloop
  endfacet
  facet normal 0.154896 0.607929 0.778736
    outer loop
      vertex 3.70408 0.565685 -4.09003
      vertex 3.73698 0.4 -3.96723
      vertex 4.26391 0.4 -4.07204
    endloop
  endfacet
  facet normal 0.118931 0.792727 0.597862
    outer loop
      vertex 4.22568 0.69282 -4.36236
      vertex 3.6612 0.69282 -4.25007
      vertex 4.24731 0.565685 -4.19809
    endloop
  endfacet
  facet normal 0.118929 0.792722 0.597869
    outer loop
      vertex 3.6612 0.69282 -4.25007
      vertex 3.70408 0.565685 -4.09003
      vertex 4.24731 0.565685 -4.19809
    endloop
  endfacet
  facet normal 0.0747984 0.923584 0.376028
    outer loop
      vertex 4.2005 0.772741 -4.55365
      vertex 3.61126 0.772741 -4.43644
      vertex 4.22568 0.69282 -4.36236
    endloop
  endfacet
  facet normal 0.0748 0.923588 0.376019
    outer loop
      vertex 3.61126 0.772741 -4.43644
      vertex 3.6612 0.69282 -4.25007
      vertex 4.22568 0.69282 -4.36236
    endloop
  endfacet
  facet normal 0.0255189 0.991409 0.128282
    outer loop
      vertex 4.17347 0.8 -4.75894
      vertex 3.55767 0.8 -4.63644
      vertex 4.2005 0.772741 -4.55365
    endloop
  endfacet
  facet normal 0.0255184 0.991409 0.128286
    outer loop
      vertex 3.55767 0.8 -4.63644
      vertex 3.61126 0.772741 -4.43644
      vertex 4.2005 0.772741 -4.55365
    endloop
  endfacet
  facet normal -0.0255193 0.991408 -0.12829
    outer loop
      vertex 4.14645 0.772741 -4.96422
      vertex 3.50408 0.772741 -4.83644
      vertex 4.17347 0.8 -4.75894
    endloop
  endfacet
  facet normal -0.0255197 0.991409 -0.128286
    outer loop
      vertex 3.50408 0.772741 -4.83644
      vertex 3.55767 0.8 -4.63644
      vertex 4.17347 0.8 -4.75894
    endloop
  endfacet
  facet normal -0.0747969 0.923586 -0.376025
    outer loop
      vertex 4.12126 0.69282 -5.15551
      vertex 3.45414 0.69282 -5.02281
      vertex 4.14645 0.772741 -4.96422
    endloop
  endfacet
  facet normal -0.0747976 0.923588 -0.376019
    outer loop
      vertex 3.45414 0.69282 -5.02281
      vertex 3.50408 0.772741 -4.83644
      vertex 4.14645 0.772741 -4.96422
    endloop
  endfacet
  facet normal -0.118926 0.792724 -0.597868
    outer loop
      vertex 4.09964 0.565685 -5.31978
      vertex 3.41126 0.565685 -5.18285
      vertex 4.12126 0.69282 -5.15551
    endloop
  endfacet
  facet normal -0.118925 0.792722 -0.59787
    outer loop
      vertex 3.41126 0.565685 -5.18285
      vertex 3.45414 0.69282 -5.02281
      vertex 4.12126 0.69282 -5.15551
    endloop
  endfacet
  facet normal -0.154895 0.607953 -0.778718
    outer loop
      vertex 4.08304 0.4 -5.44583
      vertex 3.37835 0.4 -5.30566
      vertex 4.09964 0.565685 -5.31978
    endloop
  endfacet
  facet normal -0.154898 0.607965 -0.778707
    outer loop
      vertex 3.37835 0.4 -5.30566
      vertex 3.41126 0.565685 -5.18285
      vertex 4.09964 0.565685 -5.31978
    endloop
  endfacet
  facet normal -0.180298 0.381955 -0.906423
    outer loop
      vertex 4.07261 0.207055 -5.52506
      vertex 3.35767 0.207055 -5.38285
      vertex 4.08304 0.4 -5.44583
    endloop
  endfacet
  facet normal -0.180297 0.381951 -0.906425
    outer loop
      vertex 3.35767 0.207055 -5.38285
      vertex 3.37835 0.4 -5.30566
      vertex 4.08304 0.4 -5.44583
    endloop
  endfacet
  facet normal -0.193432 0.130271 -0.972427
    outer loop
      vertex 4.06905 0 -5.55209
      vertex 3.35061 0 -5.40918
      vertex 4.07261 0.207055 -5.52506
    endloop
  endfacet
  facet normal -0.193428 0.130254 -0.97243
    outer loop
      vertex 3.35061 0 -5.40918
      vertex 3.35767 0.207055 -5.38285
      vertex 4.07261 0.207055 -5.52506
    endloop
  endfacet
  facet normal -0.318695 -0.130257 -0.938865
    outer loop
      vertex 3.35767 -0.207055 -5.38285
      vertex 2.6674 -0.207055 -5.14854
      vertex 3.35061 0 -5.40918
    endloop
  endfacet
  facet normal -0.318689 -0.130274 -0.938864
    outer loop
      vertex 2.6674 -0.207055 -5.14854
      vertex 2.65697 0 -5.17373
      vertex 3.35061 0 -5.40918
    endloop
  endfacet
  facet normal -0.297079 -0.381949 -0.875134
    outer loop
      vertex 3.37835 -0.4 -5.30566
      vertex 2.69799 -0.4 -5.0747
      vertex 3.35767 -0.207055 -5.38285
    endloop
  endfacet
  facet normal -0.297056 -0.382003 -0.875118
    outer loop
      vertex 2.69799 -0.4 -5.0747
      vertex 2.6674 -0.207055 -5.14854
      vertex 3.35767 -0.207055 -5.38285
    endloop
  endfacet
  facet normal -0.255203 -0.607967 -0.75183
    outer loop
      vertex 3.41126 -0.565685 -5.18285
      vertex 2.74664 -0.565685 -4.95725
      vertex 3.37835 -0.4 -5.30566
    endloop
  endfacet
  facet normal -0.255232 -0.607918 -0.751859
    outer loop
      vertex 2.74664 -0.565685 -4.95725
      vertex 2.69799 -0.4 -5.0747
      vertex 3.37835 -0.4 -5.30566
    endloop
  endfacet
  facet normal -0.195945 -0.792721 -0.577234
    outer loop
      vertex 3.45414 -0.69282 -5.02281
      vertex 2.81005 -0.69282 -4.80417
      vertex 3.41126 -0.565685 -5.18285
    endloop
  endfacet
  facet normal -0.195932 -0.792736 -0.577218
    outer loop
      vertex 2.81005 -0.69282 -4.80417
      vertex 2.74664 -0.565685 -4.95725
      vertex 3.41126 -0.565685 -5.18285
    endloop
  endfacet
  facet normal -0.12323 -0.923588 -0.363041
    outer loop
      vertex 3.50408 -0.772741 -4.83644
      vertex 2.88388 -0.772741 -4.62592
      vertex 3.45414 -0.69282 -5.02281
    endloop
  endfacet
  facet normal -0.123241 -0.923581 -0.363055
    outer loop
      vertex 2.88388 -0.772741 -4.62592
      vertex 2.81005 -0.69282 -4.80417
      vertex 3.45414 -0.69282 -5.02281
    endloop
  endfacet
  facet normal -0.0420437 -0.991409 -0.123858
    outer loop
      vertex 3.55767 -0.8 -4.63644
      vertex 2.96312 -0.8 -4.43462
      vertex 3.50408 -0.772741 -4.83644
    endloop
  endfacet
  facet normal -0.0420412 -0.991409 -0.123855
    outer loop
      vertex 2.96312 -0.8 -4.43462
      vertex 2.88388 -0.772741 -4.62592
      vertex 3.50408 -0.772741 -4.83644
    endloop
  endfacet
  facet normal 0.0420431 -0.991409 0.123859
    outer loop
      vertex 3.61126 -0.772741 -4.43644
      vertex 3.04236 -0.772741 -4.24333
      vertex 3.55767 -0.8 -4.63644
    endloop
  endfacet
  facet normal 0.0420443 -0.991409 0.12386
    outer loop
      vertex 3.04236 -0.772741 -4.24333
      vertex 2.96312 -0.8 -4.43462
      vertex 3.55767 -0.8 -4.63644
    endloop
  endfacet
  facet normal 0.123232 -0.923588 0.363041
    outer loop
      vertex 3.6612 -0.69282 -4.25007
      vertex 3.11619 -0.69282 -4.06507
      vertex 3.61126 -0.772741 -4.43644
    endloop
  endfacet
  facet normal 0.123233 -0.923588 0.363042
    outer loop
      vertex 3.11619 -0.69282 -4.06507
      vertex 3.04236 -0.772741 -4.24333
      vertex 3.61126 -0.772741 -4.43644
    endloop
  endfacet
  facet normal 0.195938 -0.792721 0.577236
    outer loop
      vertex 3.70408 -0.565685 -4.09003
      vertex 3.1796 -0.565685 -3.912
      vertex 3.6612 -0.69282 -4.25007
    endloop
  endfacet
  facet normal 0.19594 -0.792719 0.577238
    outer loop
      vertex 3.1796 -0.565685 -3.912
      vertex 3.11619 -0.69282 -4.06507
      vertex 3.6612 -0.69282 -4.25007
    endloop
  endfacet
  facet normal 0.25522 -0.607928 0.751855
    outer loop
      vertex 3.73698 -0.4 -3.96723
      vertex 3.22825 -0.4 -3.79454
      vertex 3.70408 -0.565685 -4.09003
    endloop
  endfacet
  facet normal 0.255207 -0.607946 0.751845
    outer loop
      vertex 3.22825 -0.4 -3.79454
      vertex 3.1796 -0.565685 -3.912
      vertex 3.70408 -0.565685 -4.09003
    endloop
  endfacet
  facet normal 0.297057 -0.382001 0.875118
    outer loop
      vertex 3.75767 -0.207055 -3.89003
      vertex 3.25883 -0.207055 -3.7207
      vertex 3.73698 -0.4 -3.96723
    endloop
  endfacet
  facet normal 0.297063 -0.38199 0.875121
    outer loop
      vertex 3.25883 -0.207055 -3.7207
      vertex 3.22825 -0.4 -3.79454
      vertex 3.73698 -0.4 -3.96723
    endloop
  endfacet
  facet normal 0.318697 -0.130242 0.938866
    outer loop
      vertex 3.76472 0 -3.8637
      vertex 3.26927 0 -3.69552
      vertex 3.75767 -0.207055 -3.89003
    endloop
  endfacet
  facet normal 0.318696 -0.130245 0.938866
    outer loop
      vertex 3.26927 0 -3.69552
      vertex 3.25883 -0.207055 -3.7207
      vertex 3.75767 -0.207055 -3.89003
    endloop
  endfacet
  facet normal 0.318696 0.130242 0.938866
    outer loop
      vertex 3.75767 0.207055 -3.89003
      vertex 3.25883 0.207055 -3.7207
      vertex 3.76472 0 -3.8637
    endloop
  endfacet
  facet normal 0.318697 0.130245 0.938866
    outer loop
      vertex 3.25883 0.207055 -3.7207
      vertex 3.26927 0 -3.69552
      vertex 3.76472 0 -3.8637
    endloop
  endfacet
  facet normal 0.297061 0.382001 0.875117
    outer loop
      vertex 3.73698 0.4 -3.96723
      vertex 3.22825 0.4 -3.79454
      vertex 3.75767 0.207055 -3.89003
    endloop
  endfacet
  facet normal 0.297058 0.38199 0.875123
    outer loop
      vertex 3.22825 0.4 -3.79454
      vertex 3.25883 0.207055 -3.7207
      vertex 3.75767 0.207055 -3.89003
    endloop
  endfacet
  facet normal 0.255211 0.607928 0.751858
    outer loop
      vertex 3.70408 0.565685 -4.09003
      vertex 3.1796 0.565685 -3.912
      vertex 3.73698 0.4 -3.96723
    endloop
  endfacet
  facet normal 0.255215 0.607946 0.751842
    outer loop
      vertex 3.1796 0.565685 -3.912
      vertex 3.22825 0.4 -3.79454
      vertex 3.73698 0.4 -3.96723
    endloop
  endfacet
  facet normal 0.195939 0.792721 0.577236
    outer loop
      vertex 3.6612 0.69282 -4.25007
      vertex 3.11619 0.69282 -4.06507
      vertex 3.70408 0.565685 -4.09003
    endloop
  endfacet
  facet normal 0.195938 0.792719 0.577239
    outer loop
      vertex 3.11619 0.69282 -4.06507
      vertex 3.1796 0.565685 -3.912
      vertex 3.70408 0.565685 -4.09003
    endloop
  endfacet
  facet normal 0.123232 0.923588 0.363041
    outer loop
      vertex 3.61126 0.772741 -4.43644
      vertex 3.04236 0.772741 -4.24333
      vertex 3.6612 0.69282 -4.25007
    endloop
  endfacet
  facet normal 0.123232 0.923588 0.363042
    outer loop
      vertex 3.04236 0.772741 -4.24333
      vertex 3.11619 0.69282 -4.06507
      vertex 3.6612 0.69282 -4.25007
    endloop
  endfacet
  facet normal 0.0420437 0.991409 0.123858
    outer loop
      vertex 3.55767 0.8 -4.63644
      vertex 2.96312 0.8 -4.43462
      vertex 3.61126 0.772741 -4.43644
    endloop
  endfacet
  facet normal 0.0420437 0.991409 0.12386
    outer loop
      vertex 2.96312 0.8 -4.43462
      vertex 3.04236 0.772741 -4.24333
      vertex 3.61126 0.772741 -4.43644
    endloop
  endfacet
  facet normal -0.0420425 0.991409 -0.123859
    outer loop
      vertex 3.50408 0.772741 -4.83644
      vertex 2.88388 0.772741 -4.62592
      vertex 3.55767 0.8 -4.63644
    endloop
  endfacet
  facet normal -0.0420424 0.991409 -0.123855
    outer loop
      vertex 2.88388 0.772741 -4.62592
      vertex 2.96312 0.8 -4.43462
      vertex 3.55767 0.8 -4.63644
    endloop
  endfacet
  facet normal -0.123236 0.923588 -0.36304
    outer loop
      vertex 3.45414 0.69282 -5.02281
      vertex 2.81005 0.69282 -4.80417
      vertex 3.50408 0.772741 -4.83644
    endloop
  endfacet
  facet normal -0.123236 0.923581 -0.363058
    outer loop
      vertex 2.81005 0.69282 -4.80417
      vertex 2.88388 0.772741 -4.62592
      vertex 3.50408 0.772741 -4.83644
    endloop
  endfacet
  facet normal -0.195938 0.792721 -0.577236
    outer loop
      vertex 3.41126 0.565685 -5.18285
      vertex 2.74664 0.565685 -4.95725
      vertex 3.45414 0.69282 -5.02281
    endloop
  endfacet
  facet normal -0.195939 0.792736 -0.577215
    outer loop
      vertex 2.74664 0.565685 -4.95725
      vertex 2.81005 0.69282 -4.80417
      vertex 3.45414 0.69282 -5.02281
    endloop
  endfacet
  facet normal -0.25522 0.607966 -0.751825
    outer loop
      vertex 3.37835 0.4 -5.30566
      vertex 2.69799 0.4 -5.0747
      vertex 3.41126 0.565685 -5.18285
    endloop
  endfacet
  facet normal -0.255215 0.607917 -0.751866
    outer loop
      vertex 2.69799 0.4 -5.0747
      vertex 2.74664 0.565685 -4.95725
      vertex 3.41126 0.565685 -5.18285
    endloop
  endfacet
  facet normal -0.297063 0.381949 -0.875139
    outer loop
      vertex 3.35767 0.207055 -5.38285
      vertex 2.6674 0.207055 -5.14854
      vertex 3.37835 0.4 -5.30566
    endloop
  endfacet
  facet normal -0.297072 0.382004 -0.875112
    outer loop
      vertex 2.6674 0.207055 -5.14854
      vertex 2.69799 0.4 -5.0747
      vertex 3.37835 0.4 -5.30566
    endloop
  endfacet
  facet normal -0.31869 0.130257 -0.938866
    outer loop
      vertex 3.35061 0 -5.40918
      vertex 2.65697 0 -5.17373
      vertex 3.35767 0.207055 -5.38285
    endloop
  endfacet
  facet normal -0.318694 0.130274 -0.938863
    outer loop
      vertex 2.65697 0 -5.17373
      vertex 2.6674 0.207055 -5.14854
      vertex 3.35767 0.207055 -5.38285
    endloop
  endfacet
  facet normal -0.438516 -0.130272 -0.889232
    outer loop
      vertex 2.6674 -0.207055 -5.14854
      vertex 2.01363 -0.207055 -4.82614
      vertex 2.65697 0 -5.17373
    endloop
  endfacet
  facet normal -0.438532 -0.130222 -0.889231
    outer loop
      vertex 2.01363 -0.207055 -4.82614
      vertex 2 0 -4.84974
      vertex 2.65697 0 -5.17373
    endloop
  endfacet
  facet normal -0.408742 -0.382006 -0.828855
    outer loop
      vertex 2.69799 -0.4 -5.0747
      vertex 2.05359 -0.4 -4.75692
      vertex 2.6674 -0.207055 -5.14854
    endloop
  endfacet
  facet normal -0.408741 -0.382008 -0.828855
    outer loop
      vertex 2.05359 -0.4 -4.75692
      vertex 2.01363 -0.207055 -4.82614
      vertex 2.6674 -0.207055 -5.14854
    endloop
  endfacet
  facet normal -0.351182 -0.607918 -0.712115
    outer loop
      vertex 2.74664 -0.565685 -4.95725
      vertex 2.11716 -0.565685 -4.64682
      vertex 2.69799 -0.4 -5.0747
    endloop
  endfacet
  facet normal -0.351167 -0.607939 -0.712104
    outer loop
      vertex 2.11716 -0.565685 -4.64682
      vertex 2.05359 -0.4 -4.75692
      vertex 2.69799 -0.4 -5.0747
    endloop
  endfacet
  facet normal -0.269601 -0.792737 -0.546702
    outer loop
      vertex 2.81005 -0.69282 -4.80417
      vertex 2.2 -0.69282 -4.50333
      vertex 2.74664 -0.565685 -4.95725
    endloop
  endfacet
  facet normal -0.269614 -0.792724 -0.546715
    outer loop
      vertex 2.2 -0.69282 -4.50333
      vertex 2.11716 -0.565685 -4.64682
      vertex 2.74664 -0.565685 -4.95725
    endloop
  endfacet
  facet normal -0.169576 -0.923581 -0.343864
    outer loop
      vertex 2.88388 -0.772741 -4.62592
      vertex 2.29647 -0.772741 -4.33624
      vertex 2.81005 -0.69282 -4.80417
    endloop
  endfacet
  facet normal -0.16957 -0.923584 -0.343858
    outer loop
      vertex 2.29647 -0.772741 -4.33624
      vertex 2.2 -0.69282 -4.50333
      vertex 2.81005 -0.69282 -4.80417
    endloop
  endfacet
  facet normal -0.0578494 -0.991409 -0.117307
    outer loop
      vertex 2.96312 -0.8 -4.43462
      vertex 2.4 -0.8 -4.15692
      vertex 2.88388 -0.772741 -4.62592
    endloop
  endfacet
  facet normal -0.05785 -0.991409 -0.117308
    outer loop
      vertex 2.4 -0.8 -4.15692
      vertex 2.29647 -0.772741 -4.33624
      vertex 2.88388 -0.772741 -4.62592
    endloop
  endfacet
  facet normal 0.0578516 -0.991409 0.117312
    outer loop
      vertex 3.04236 -0.772741 -4.24333
      vertex 2.50353 -0.772741 -3.97761
      vertex 2.96312 -0.8 -4.43462
    endloop
  endfacet
  facet normal 0.0578523 -0.991409 0.117313
    outer loop
      vertex 2.50353 -0.772741 -3.97761
      vertex 2.4 -0.8 -4.15692
      vertex 2.96312 -0.8 -4.43462
    endloop
  endfacet
  facet normal 0.16957 -0.923587 0.34385
    outer loop
      vertex 3.11619 -0.69282 -4.06507
      vertex 2.6 -0.69282 -3.81051
      vertex 3.04236 -0.772741 -4.24333
    endloop
  endfacet
  facet normal 0.169564 -0.92359 0.343844
    outer loop
      vertex 2.6 -0.69282 -3.81051
      vertex 2.50353 -0.772741 -3.97761
      vertex 3.04236 -0.772741 -4.24333
    endloop
  endfacet
  facet normal 0.269617 -0.792721 0.546718
    outer loop
      vertex 3.1796 -0.565685 -3.912
      vertex 2.68284 -0.565685 -3.66702
      vertex 3.11619 -0.69282 -4.06507
    endloop
  endfacet
  facet normal 0.269614 -0.792724 0.546715
    outer loop
      vertex 2.68284 -0.565685 -3.66702
      vertex 2.6 -0.69282 -3.81051
      vertex 3.11619 -0.69282 -4.06507
    endloop
  endfacet
  facet normal 0.351171 -0.607945 0.712097
    outer loop
      vertex 3.22825 -0.4 -3.79454
      vertex 2.74641 -0.4 -3.55692
      vertex 3.1796 -0.565685 -3.912
    endloop
  endfacet
  facet normal 0.351176 -0.607939 0.712099
    outer loop
      vertex 2.74641 -0.4 -3.55692
      vertex 2.68284 -0.565685 -3.66702
      vertex 3.1796 -0.565685 -3.912
    endloop
  endfacet
  facet normal 0.408747 -0.381988 0.828862
    outer loop
      vertex 3.25883 -0.207055 -3.7207
      vertex 2.78637 -0.207055 -3.48771
      vertex 3.22825 -0.4 -3.79454
    endloop
  endfacet
  facet normal 0.408756 -0.381972 0.828864
    outer loop
      vertex 2.78637 -0.207055 -3.48771
      vertex 2.74641 -0.4 -3.55692
      vertex 3.22825 -0.4 -3.79454
    endloop
  endfacet
  facet normal 0.438523 -0.130251 0.889231
    outer loop
      vertex 3.26927 0 -3.69552
      vertex 2.8 0 -3.4641
      vertex 3.25883 -0.207055 -3.7207
    endloop
  endfacet
  facet normal 0.438518 -0.130264 0.889232
    outer loop
      vertex 2.8 0 -3.4641
      vertex 2.78637 -0.207055 -3.48771
      vertex 3.25883 -0.207055 -3.7207
    endloop
  endfacet
  facet normal 0.438519 0.130251 0.889233
    outer loop
      vertex 3.25883 0.207055 -3.7207
      vertex 2.78637 0.207055 -3.48771
      vertex 3.26927 0 -3.69552
    endloop
  endfacet
  facet normal 0.438523 0.130264 0.88923
    outer loop
      vertex 2.78637 0.207055 -3.48771
      vertex 2.8 0 -3.4641
      vertex 3.26927 0 -3.69552
    endloop
  endfacet
  facet normal 0.408753 0.381988 0.828859
    outer loop
      vertex 3.22825 0.4 -3.79454
      vertex 2.74641 0.4 -3.55692
      vertex 3.25883 0.207055 -3.7207
    endloop
  endfacet
  facet normal 0.40875 0.381972 0.828867
    outer loop
      vertex 2.74641 0.4 -3.55692
      vertex 2.78637 0.207055 -3.48771
      vertex 3.25883 0.207055 -3.7207
    endloop
  endfacet
  facet normal 0.351174 0.607945 0.712095
    outer loop
      vertex 3.1796 0.565685 -3.912
      vertex 2.68284 0.565685 -3.66702
      vertex 3.22825 0.4 -3.79454
    endloop
  endfacet
  facet normal 0.351173 0.607939 0.712101
    outer loop
      vertex 2.68284 0.565685 -3.66702
      vertex 2.74641 0.4 -3.55692
      vertex 3.22825 0.4 -3.79454
    endloop
  endfacet
  facet normal 0.269615 0.792721 0.546719
    outer loop
      vertex 3.11619 0.69282 -4.06507
      vertex 2.6 0.69282 -3.81051
      vertex 3.1796 0.565685 -3.912
    endloop
  endfacet
  facet normal 0.269615 0.792724 0.546714
    outer loop
      vertex 2.6 0.69282 -3.81051
      vertex 2.68284 0.565685 -3.66702
      vertex 3.1796 0.565685 -3.912
    endloop
  endfacet
  facet normal 0.169567 0.923587 0.343851
    outer loop
      vertex 3.04236 0.772741 -4.24333
      vertex 2.50353 0.772741 -3.97761
      vertex 3.11619 0.69282 -4.06507
    endloop
  endfacet
  facet normal 0.169567 0.92359 0.343843
    outer loop
      vertex 2.50353 0.772741 -3.97761
      vertex 2.6 0.69282 -3.81051
      vertex 3.11619 0.69282 -4.06507
    endloop
  endfacet
  facet normal 0.0578519 0.991409 0.117312
    outer loop
      vertex 2.96312 0.8 -4.43462
      vertex 2.4 0.8 -4.15692
      vertex 3.04236 0.772741 -4.24333
    endloop
  endfacet
  facet normal 0.057852 0.991409 0.117313
    outer loop
      vertex 2.4 0.8 -4.15692
      vertex 2.50353 0.772741 -3.97761
      vertex 3.04236 0.772741 -4.24333
    endloop
  endfacet
  facet normal -0.0578497 0.991409 -0.117307
    outer loop
      vertex 2.88388 0.772741 -4.62592
      vertex 2.29647 0.772741 -4.33624
      vertex 2.96312 0.8 -4.43462
    endloop
  endfacet
  facet normal -0.0578498 0.991409 -0.117308
    outer loop
      vertex 2.29647 0.772741 -4.33624
      vertex 2.4 0.8 -4.15692
      vertex 2.96312 0.8 -4.43462
    endloop
  endfacet
  facet normal -0.169573 0.923581 -0.343865
    outer loop
      vertex 2.81005 0.69282 -4.80417
      vertex 2.2 0.69282 -4.50333
      vertex 2.88388 0.772741 -4.62592
    endloop
  endfacet
  facet normal -0.169572 0.923584 -0.343857
    outer loop
      vertex 2.2 0.69282 -4.50333
      vertex 2.29647 0.772741 -4.33624
      vertex 2.88388 0.772741 -4.62592
    endloop
  endfacet
  facet normal -0.269607 0.792737 -0.5467
    outer loop
      vertex 2.74664 0.565685 -4.95725
      vertex 2.11716 0.565685 -4.64682
      vertex 2.81005 0.69282 -4.80417
    endloop
  endfacet
  facet normal -0.269608 0.792724 -0.546718
    outer loop
      vertex 2.11716 0.565685 -4.64682
      vertex 2.2 0.69282 -4.50333
      vertex 2.81005 0.69282 -4.80417
    endloop
  endfacet
  facet normal -0.351175 0.607918 -0.712118
    outer loop
      vertex 2.69799 0.4 -5.0747
      vertex 2.05359 0.4 -4.75692
      vertex 2.74664 0.565685 -4.95725
    endloop
  endfacet
  facet normal -0.351174 0.607939 -0.7121
    outer loop
      vertex 2.05359 0.4 -4.75692
      vertex 2.11716 0.565685 -4.64682
      vertex 2.74664 0.565685 -4.95725
    endloop
  endfacet
  facet normal -0.408742 0.382006 -0.828856
    outer loop
      vertex 2.6674 0.207055 -5.14854
      vertex 2.01363 0.207055 -4.82614
      vertex 2.69799 0.4 -5.0747
    endloop
  endfacet
  facet normal -0.408742 0.382008 -0.828854
    outer loop
      vertex 2.01363 0.207055 -4.82614
      vertex 2.05359 0.4 -4.75692
      vertex 2.69799 0.4 -5.0747
    endloop
  endfacet
  facet normal -0.438529 0.130272 -0.889225
    outer loop
      vertex 2.65697 0 -5.17373
      vertex 2 0 -4.84974
      vertex 2.6674 0.207055 -5.14854
    endloop
  endfacet
  facet normal -0.438519 0.130222 -0.889238
    outer loop
      vertex 2 0 -4.84974
      vertex 2.01363 0.207055 -4.82614
      vertex 2.6674 0.207055 -5.14854
    endloop
  endfacet
  facet normal -0.550846 -0.130224 -0.824385
    outer loop
      vertex 2.01363 -0.207055 -4.82614
      vertex 1.40753 -0.207055 -4.42115
      vertex 2 0 -4.84974
    endloop
  endfacet
  facet normal -0.550836 -0.130255 -0.824387
    outer loop
      vertex 1.40753 -0.207055 -4.42115
      vertex 1.39094 0 -4.44278
      vertex 2 0 -4.84974
    endloop
  endfacet
  facet normal -0.51343 -0.382007 -0.768414
    outer loop
      vertex 2.05359 -0.4 -4.75692
      vertex 1.45618 -0.4 -4.35775
      vertex 2.01363 -0.207055 -4.82614
    endloop
  endfacet
  facet normal -0.513452 -0.381961 -0.768422
    outer loop
      vertex 1.45618 -0.4 -4.35775
      vertex 1.40753 -0.207055 -4.42115
      vertex 2.01363 -0.207055 -4.82614
    endloop
  endfacet
  facet normal -0.441117 -0.60794 -0.66017
    outer loop
      vertex 2.11716 -0.565685 -4.64682
      vertex 1.53358 -0.565685 -4.25688
      vertex 2.05359 -0.4 -4.75692
    endloop
  endfacet
  facet normal -0.441097 -0.607967 -0.660159
    outer loop
      vertex 1.53358 -0.565685 -4.25688
      vertex 1.45618 -0.4 -4.35775
      vertex 2.05359 -0.4 -4.75692
    endloop
  endfacet
  facet normal -0.338662 -0.792723 -0.506851
    outer loop
      vertex 2.2 -0.69282 -4.50333
      vertex 1.63444 -0.69282 -4.12544
      vertex 2.11716 -0.565685 -4.64682
    endloop
  endfacet
  facet normal -0.338678 -0.792709 -0.506862
    outer loop
      vertex 1.63444 -0.69282 -4.12544
      vertex 1.53358 -0.565685 -4.25688
      vertex 2.11716 -0.565685 -4.64682
    endloop
  endfacet
  facet normal -0.213008 -0.923584 -0.31878
    outer loop
      vertex 2.29647 -0.772741 -4.33624
      vertex 1.7519 -0.772741 -3.97236
      vertex 2.2 -0.69282 -4.50333
    endloop
  endfacet
  facet normal -0.21299 -0.923593 -0.318766
    outer loop
      vertex 1.7519 -0.772741 -3.97236
      vertex 1.63444 -0.69282 -4.12544
      vertex 2.2 -0.69282 -4.50333
    endloop
  endfacet
  facet normal -0.0726662 -0.991409 -0.108754
    outer loop
      vertex 2.4 -0.8 -4.15692
      vertex 1.87795 -0.8 -3.8081
      vertex 2.29647 -0.772741 -4.33624
    endloop
  endfacet
  facet normal -0.0726716 -0.991408 -0.108758
    outer loop
      vertex 1.87795 -0.8 -3.8081
      vertex 1.7519 -0.772741 -3.97236
      vertex 2.29647 -0.772741 -4.33624
    endloop
  endfacet
  facet normal 0.0726692 -0.991409 0.108758
    outer loop
      vertex 2.50353 -0.772741 -3.97761
      vertex 2.00399 -0.772741 -3.64383
      vertex 2.4 -0.8 -4.15692
    endloop
  endfacet
  facet normal 0.072669 -0.991409 0.108758
    outer loop
      vertex 2.00399 -0.772741 -3.64383
      vertex 1.87795 -0.8 -3.8081
      vertex 2.4 -0.8 -4.15692
    endloop
  endfacet
  facet normal 0.212997 -0.92359 0.31877
    outer loop
      vertex 2.6 -0.69282 -3.81051
      vertex 2.12145 -0.69282 -3.49075
      vertex 2.50353 -0.772741 -3.97761
    endloop
  endfacet
  facet normal 0.212991 -0.923593 0.318765
    outer loop
      vertex 2.12145 -0.69282 -3.49075
      vertex 2.00399 -0.772741 -3.64383
      vertex 2.50353 -0.772741 -3.97761
    endloop
  endfacet
  facet normal 0.338661 -0.792723 0.506852
    outer loop
      vertex 2.68284 -0.565685 -3.66702
      vertex 2.22231 -0.565685 -3.35931
      vertex 2.6 -0.69282 -3.81051
    endloop
  endfacet
  facet normal 0.338678 -0.792709 0.506862
    outer loop
      vertex 2.22231 -0.565685 -3.35931
      vertex 2.12145 -0.69282 -3.49075
      vertex 2.6 -0.69282 -3.81051
    endloop
  endfacet
  facet normal 0.441118 -0.60794 0.66017
    outer loop
      vertex 2.74641 -0.4 -3.55692
      vertex 2.29971 -0.4 -3.25844
      vertex 2.68284 -0.565685 -3.66702
    endloop
  endfacet
  facet normal 0.441095 -0.607967 0.660159
    outer loop
      vertex 2.29971 -0.4 -3.25844
      vertex 2.22231 -0.565685 -3.35931
      vertex 2.68284 -0.565685 -3.66702
    endloop
  endfacet
  facet normal 0.513445 -0.381973 0.768421
    outer loop
      vertex 2.78637 -0.207055 -3.48771
      vertex 2.34836 -0.207055 -3.19504
      vertex 2.74641 -0.4 -3.55692
    endloop
  endfacet
  facet normal 0.513452 -0.381961 0.768423
    outer loop
      vertex 2.34836 -0.207055 -3.19504
      vertex 2.29971 -0.4 -3.25844
      vertex 2.74641 -0.4 -3.55692
    endloop
  endfacet
  facet normal 0.550835 -0.130263 0.824386
    outer loop
      vertex 2.8 0 -3.4641
      vertex 2.36495 0 -3.17341
      vertex 2.78637 -0.207055 -3.48771
    endloop
  endfacet
  facet normal 0.550838 -0.130255 0.824385
    outer loop
      vertex 2.36495 0 -3.17341
      vertex 2.34836 -0.207055 -3.19504
      vertex 2.78637 -0.207055 -3.48771
    endloop
  endfacet
  facet normal 0.550838 0.130263 0.824384
    outer loop
      vertex 2.78637 0.207055 -3.48771
      vertex 2.34836 0.207055 -3.19504
      vertex 2.8 0 -3.4641
    endloop
  endfacet
  facet normal 0.550836 0.130255 0.824387
    outer loop
      vertex 2.34836 0.207055 -3.19504
      vertex 2.36495 0 -3.17341
      vertex 2.8 0 -3.4641
    endloop
  endfacet
  facet normal 0.513449 0.381972 0.768419
    outer loop
      vertex 2.74641 0.4 -3.55692
      vertex 2.29971 0.4 -3.25844
      vertex 2.78637 0.207055 -3.48771
    endloop
  endfacet
  facet normal 0.513447 0.381961 0.768426
    outer loop
      vertex 2.29971 0.4 -3.25844
      vertex 2.34836 0.207055 -3.19504
      vertex 2.78637 0.207055 -3.48771
    endloop
  endfacet
  facet normal 0.441107 0.60794 0.660177
    outer loop
      vertex 2.68284 0.565685 -3.66702
      vertex 2.22231 0.565685 -3.35931
      vertex 2.74641 0.4 -3.55692
    endloop
  endfacet
  facet normal 0.441106 0.607968 0.660152
    outer loop
      vertex 2.22231 0.565685 -3.35931
      vertex 2.29971 0.4 -3.25844
      vertex 2.74641 0.4 -3.55692
    endloop
  endfacet
  facet normal 0.338668 0.792723 0.506848
    outer loop
      vertex 2.6 0.69282 -3.81051
      vertex 2.12145 0.69282 -3.49075
      vertex 2.68284 0.565685 -3.66702
    endloop
  endfacet
  facet normal 0.338671 0.792709 0.506868
    outer loop
      vertex 2.12145 0.69282 -3.49075
      vertex 2.22231 0.565685 -3.35931
      vertex 2.68284 0.565685 -3.66702
    endloop
  endfacet
  facet normal 0.212995 0.92359 0.318771
    outer loop
      vertex 2.50353 0.772741 -3.97761
      vertex 2.00399 0.772741 -3.64383
      vertex 2.6 0.69282 -3.81051
    endloop
  endfacet
  facet normal 0.212993 0.923593 0.318763
    outer loop
      vertex 2.00399 0.772741 -3.64383
      vertex 2.12145 0.69282 -3.49075
      vertex 2.6 0.69282 -3.81051
    endloop
  endfacet
  facet normal 0.0726691 0.991409 0.108758
    outer loop
      vertex 2.4 0.8 -4.15692
      vertex 1.87795 0.8 -3.8081
      vertex 2.50353 0.772741 -3.97761
    endloop
  endfacet
  facet normal 0.072669 0.991409 0.108758
    outer loop
      vertex 1.87795 0.8 -3.8081
      vertex 2.00399 0.772741 -3.64383
      vertex 2.50353 0.772741 -3.97761
    endloop
  endfacet
  facet normal -0.0726681 0.991409 -0.108752
    outer loop
      vertex 2.29647 0.772741 -4.33624
      vertex 1.7519 0.772741 -3.97236
      vertex 2.4 0.8 -4.15692
    endloop
  endfacet
  facet normal -0.0726699 0.991408 -0.108759
    outer loop
      vertex 1.7519 0.772741 -3.97236
      vertex 1.87795 0.8 -3.8081
      vertex 2.4 0.8 -4.15692
    endloop
  endfacet
  facet normal -0.213001 0.923584 -0.318783
    outer loop
      vertex 2.2 0.69282 -4.50333
      vertex 1.63444 0.69282 -4.12544
      vertex 2.29647 0.772741 -4.33624
    endloop
  endfacet
  facet normal -0.212996 0.923593 -0.318762
    outer loop
      vertex 1.63444 0.69282 -4.12544
      vertex 1.7519 0.772741 -3.97236
      vertex 2.29647 0.772741 -4.33624
    endloop
  endfacet
  facet normal -0.338668 0.792723 -0.506847
    outer loop
      vertex 2.11716 0.565685 -4.64682
      vertex 1.53358 0.565685 -4.25688
      vertex 2.2 0.69282 -4.50333
    endloop
  endfacet
  facet normal -0.338673 0.792709 -0.506866
    outer loop
      vertex 1.53358 0.565685 -4.25688
      vertex 1.63444 0.69282 -4.12544
      vertex 2.2 0.69282 -4.50333
    endloop
  endfacet
  facet normal -0.441108 0.60794 -0.660176
    outer loop
      vertex 2.05359 0.4 -4.75692
      vertex 1.45618 0.4 -4.35775
      vertex 2.11716 0.565685 -4.64682
    endloop
  endfacet
  facet normal -0.441105 0.607968 -0.660153
    outer loop
      vertex 1.45618 0.4 -4.35775
      vertex 1.53358 0.565685 -4.25688
      vertex 2.11716 0.565685 -4.64682
    endloop
  endfacet
  facet normal -0.513442 0.382006 -0.768407
    outer loop
      vertex 2.01363 0.207055 -4.82614
      vertex 1.40753 0.207055 -4.42115
      vertex 2.05359 0.4 -4.75692
    endloop
  endfacet
  facet normal -0.51344 0.38196 -0.76843
    outer loop
      vertex 1.40753 0.207055 -4.42115
      vertex 1.45618 0.4 -4.35775
      vertex 2.05359 0.4 -4.75692
    endloop
  endfacet
  facet normal -0.550839 0.130224 -0.82439
    outer loop
      vertex 2 0 -4.84974
      vertex 1.39094 0 -4.44278
      vertex 2.01363 0.207055 -4.82614
    endloop
  endfacet
  facet normal -0.550844 0.130255 -0.824382
    outer loop
      vertex 1.39094 0 -4.44278
      vertex 1.40753 0.207055 -4.42115
      vertex 2.01363 0.207055 -4.82614
    endloop
  endfacet
  facet normal -0.653729 -0.130251 -0.745435
    outer loop
      vertex 1.40753 -0.207055 -4.42115
      vertex 0.859477 -0.207055 -3.94052
      vertex 1.39094 0 -4.44278
    endloop
  endfacet
  facet normal -0.653724 -0.130268 -0.745436
    outer loop
      vertex 0.859477 -0.207055 -3.94052
      vertex 0.840202 0 -3.9598
      vertex 1.39094 0 -4.44278
    endloop
  endfacet
  facet normal -0.609358 -0.381961 -0.69483
    outer loop
      vertex 1.45618 -0.4 -4.35775
      vertex 0.91599 -0.4 -3.88401
      vertex 1.40753 -0.207055 -4.42115
    endloop
  endfacet
  facet normal -0.609349 -0.381979 -0.694828
    outer loop
      vertex 0.91599 -0.4 -3.88401
      vertex 0.859477 -0.207055 -3.94052
      vertex 1.40753 -0.207055 -4.42115
    endloop
  endfacet
  facet normal -0.523494 -0.607968 -0.596933
    outer loop
      vertex 1.53358 -0.565685 -4.25688
      vertex 1.00589 -0.565685 -3.79411
      vertex 1.45618 -0.4 -4.35775
    endloop
  endfacet
  facet normal -0.523508 -0.60795 -0.596939
    outer loop
      vertex 1.00589 -0.565685 -3.79411
      vertex 0.91599 -0.4 -3.88401
      vertex 1.45618 -0.4 -4.35775
    endloop
  endfacet
  facet normal -0.401934 -0.79271 -0.458324
    outer loop
      vertex 1.63444 -0.69282 -4.12544
      vertex 1.12304 -0.69282 -3.67696
      vertex 1.53358 -0.565685 -4.25688
    endloop
  endfacet
  facet normal -0.401941 -0.792704 -0.458327
    outer loop
      vertex 1.12304 -0.69282 -3.67696
      vertex 1.00589 -0.565685 -3.79411
      vertex 1.53358 -0.565685 -4.25688
    endloop
  endfacet
  facet normal -0.252777 -0.923593 -0.288237
    outer loop
      vertex 1.7519 -0.772741 -3.97236
      vertex 1.25948 -0.772741 -3.54052
      vertex 1.63444 -0.69282 -4.12544
    endloop
  endfacet
  facet normal -0.252771 -0.923595 -0.288234
    outer loop
      vertex 1.25948 -0.772741 -3.54052
      vertex 1.12304 -0.69282 -3.67696
      vertex 1.63444 -0.69282 -4.12544
    endloop
  endfacet
  facet normal -0.0862446 -0.991408 -0.0983421
    outer loop
      vertex 1.87795 -0.8 -3.8081
      vertex 1.40589 -0.8 -3.39411
      vertex 1.7519 -0.772741 -3.97236
    endloop
  endfacet
  facet normal -0.0862424 -0.991409 -0.0983407
    outer loop
      vertex 1.40589 -0.8 -3.39411
      vertex 1.25948 -0.772741 -3.54052
      vertex 1.7519 -0.772741 -3.97236
    endloop
  endfacet
  facet normal 0.0862448 -0.991409 0.0983412
    outer loop
      vertex 2.00399 -0.772741 -3.64383
      vertex 1.5523 -0.772741 -3.2477
      vertex 1.87795 -0.8 -3.8081
    endloop
  endfacet
  facet normal 0.0862429 -0.991409 0.0983402
    outer loop
      vertex 1.5523 -0.772741 -3.2477
      vertex 1.40589 -0.8 -3.39411
      vertex 1.87795 -0.8 -3.8081
    endloop
  endfacet
  facet normal 0.252775 -0.923593 0.288238
    outer loop
      vertex 2.12145 -0.69282 -3.49075
      vertex 1.68873 -0.69282 -3.11127
      vertex 2.00399 -0.772741 -3.64383
    endloop
  endfacet
  facet normal 0.252791 -0.923585 0.288247
    outer loop
      vertex 1.68873 -0.69282 -3.11127
      vertex 1.5523 -0.772741 -3.2477
      vertex 2.00399 -0.772741 -3.64383
    endloop
  endfacet
  facet normal 0.401943 -0.792709 0.458316
    outer loop
      vertex 2.22231 -0.565685 -3.35931
      vertex 1.80589 -0.565685 -2.99411
      vertex 2.12145 -0.69282 -3.49075
    endloop
  endfacet
  facet normal 0.401917 -0.792729 0.458305
    outer loop
      vertex 1.80589 -0.565685 -2.99411
      vertex 1.68873 -0.69282 -3.11127
      vertex 2.12145 -0.69282 -3.49075
    endloop
  endfacet
  facet normal 0.523497 -0.607967 0.596931
    outer loop
      vertex 2.29971 -0.4 -3.25844
      vertex 1.89579 -0.4 -2.90421
      vertex 2.22231 -0.565685 -3.35931
    endloop
  endfacet
  facet normal 0.523512 -0.60795 0.596935
    outer loop
      vertex 1.89579 -0.4 -2.90421
      vertex 1.80589 -0.565685 -2.99411
      vertex 2.22231 -0.565685 -3.35931
    endloop
  endfacet
  facet normal 0.609358 -0.381961 0.69483
    outer loop
      vertex 2.34836 -0.207055 -3.19504
      vertex 1.9523 -0.207055 -2.8477
      vertex 2.29971 -0.4 -3.25844
    endloop
  endfacet
  facet normal 0.609352 -0.381971 0.69483
    outer loop
      vertex 1.9523 -0.207055 -2.8477
      vertex 1.89579 -0.4 -2.90421
      vertex 2.29971 -0.4 -3.25844
    endloop
  endfacet
  facet normal 0.653724 -0.130251 0.74544
    outer loop
      vertex 2.36495 0 -3.17341
      vertex 1.97157 0 -2.82843
      vertex 2.34836 -0.207055 -3.19504
    endloop
  endfacet
  facet normal 0.653737 -0.130217 0.745434
    outer loop
      vertex 1.97157 0 -2.82843
      vertex 1.9523 -0.207055 -2.8477
      vertex 2.34836 -0.207055 -3.19504
    endloop
  endfacet
  facet normal 0.653734 0.130251 0.745431
    outer loop
      vertex 2.34836 0.207055 -3.19504
      vertex 1.9523 0.207055 -2.8477
      vertex 2.36495 0 -3.17341
    endloop
  endfacet
  facet normal 0.653727 0.130217 0.745443
    outer loop
      vertex 1.9523 0.207055 -2.8477
      vertex 1.97157 0 -2.82843
      vertex 2.36495 0 -3.17341
    endloop
  endfacet
  facet normal 0.609355 0.381961 0.694833
    outer loop
      vertex 2.29971 0.4 -3.25844
      vertex 1.89579 0.4 -2.90421
      vertex 2.34836 0.207055 -3.19504
    endloop
  endfacet
  facet normal 0.609355 0.381971 0.694827
    outer loop
      vertex 1.89579 0.4 -2.90421
      vertex 1.9523 0.207055 -2.8477
      vertex 2.34836 0.207055 -3.19504
    endloop
  endfacet
  facet normal 0.523503 0.607967 0.596926
    outer loop
      vertex 2.22231 0.565685 -3.35931
      vertex 1.80589 0.565685 -2.99411
      vertex 2.29971 0.4 -3.25844
    endloop
  endfacet
  facet normal 0.523506 0.60795 0.596941
    outer loop
      vertex 1.80589 0.565685 -2.99411
      vertex 1.89579 0.4 -2.90421
      vertex 2.29971 0.4 -3.25844
    endloop
  endfacet
  facet normal 0.401934 0.79271 0.458324
    outer loop
      vertex 2.12145 0.69282 -3.49075
      vertex 1.68873 0.69282 -3.11127
      vertex 2.22231 0.565685 -3.35931
    endloop
  endfacet
  facet normal 0.401926 0.792729 0.458297
    outer loop
      vertex 1.68873 0.69282 -3.11127
      vertex 1.80589 0.565685 -2.99411
      vertex 2.22231 0.565685 -3.35931
    endloop
  endfacet
  facet normal 0.25278 0.923593 0.288234
    outer loop
      vertex 2.00399 0.772741 -3.64383
      vertex 1.5523 0.772741 -3.2477
      vertex 2.12145 0.69282 -3.49075
    endloop
  endfacet
  facet normal 0.252787 0.923585 0.288252
    outer loop
      vertex 1.5523 0.772741 -3.2477
      vertex 1.68873 0.69282 -3.11127
      vertex 2.12145 0.69282 -3.49075
    endloop
  endfacet
  facet normal 0.0862442 0.991409 0.0983416
    outer loop
      vertex 1.87795 0.8 -3.8081
      vertex 1.40589 0.8 -3.39411
      vertex 2.00399 0.772741 -3.64383
    endloop
  endfacet
  facet normal 0.0862434 0.991409 0.0983397
    outer loop
      vertex 1.40589 0.8 -3.39411
      vertex 1.5523 0.772741 -3.2477
      vertex 2.00399 0.772741 -3.64383
    endloop
  endfacet
  facet normal -0.086244 0.991408 -0.0983426
    outer loop
      vertex 1.7519 0.772741 -3.97236
      vertex 1.25948 0.772741 -3.54052
      vertex 1.87795 0.8 -3.8081
    endloop
  endfacet
  facet normal -0.0862429 0.991409 -0.0983402
    outer loop
      vertex 1.25948 0.772741 -3.54052
      vertex 1.40589 0.8 -3.39411
      vertex 1.87795 0.8 -3.8081
    endloop
  endfacet
  facet normal -0.252775 0.923593 -0.288238
    outer loop
      vertex 1.63444 0.69282 -4.12544
      vertex 1.12304 0.69282 -3.67696
      vertex 1.7519 0.772741 -3.97236
    endloop
  endfacet
  facet normal -0.252772 0.923595 -0.288232
    outer loop
      vertex 1.12304 0.69282 -3.67696
      vertex 1.25948 0.772741 -3.54052
      vertex 1.7519 0.772741 -3.97236
    endloop
  endfacet
  facet normal -0.401936 0.792709 -0.458322
    outer loop
      vertex 1.53358 0.565685 -4.25688
      vertex 1.00589 0.565685 -3.79411
      vertex 1.63444 0.69282 -4.12544
    endloop
  endfacet
  facet normal -0.401939 0.792704 -0.458329
    outer loop
      vertex 1.00589 0.565685 -3.79411
      vertex 1.12304 0.69282 -3.67696
      vertex 1.63444 0.69282 -4.12544
    endloop
  endfacet
  facet normal -0.523499 0.607967 -0.596929
    outer loop
      vertex 1.45618 0.4 -4.35775
      vertex 0.91599 0.4 -3.88401
      vertex 1.53358 0.565685 -4.25688
    endloop
  endfacet
  facet normal -0.523503 0.60795 -0.596943
    outer loop
      vertex 0.91599 0.4 -3.88401
      vertex 1.00589 0.565685 -3.79411
      vertex 1.53358 0.565685 -4.25688
    endloop
  endfacet
  facet normal -0.609353 0.381961 -0.694834
    outer loop
      vertex 1.40753 0.207055 -4.42115
      vertex 0.859477 0.207055 -3.94052
      vertex 1.45618 0.4 -4.35775
    endloop
  endfacet
  facet normal -0.609353 0.381979 -0.694825
    outer loop
      vertex 0.859477 0.207055 -3.94052
      vertex 0.91599 0.4 -3.88401
      vertex 1.45618 0.4 -4.35775
    endloop
  endfacet
  facet normal -0.653726 0.130251 -0.745438
    outer loop
      vertex 1.39094 0 -4.44278
      vertex 0.840202 0 -3.9598
      vertex 1.40753 0.207055 -4.42115
    endloop
  endfacet
  facet normal -0.653728 0.130268 -0.745433
    outer loop
      vertex 0.840202 0 -3.9598
      vertex 0.859477 0.207055 -3.94052
      vertex 1.40753 0.207055 -4.42115
    endloop
  endfacet
  facet normal -0.745432 -0.130265 -0.653729
    outer loop
      vertex 0.859477 -0.207055 -3.94052
      vertex 0.378848 -0.207055 -3.39247
      vertex 0.840202 0 -3.9598
    endloop
  endfacet
  facet normal -0.745439 -0.13024 -0.653726
    outer loop
      vertex 0.378848 -0.207055 -3.39247
      vertex 0.357221 0 -3.40906
      vertex 0.840202 0 -3.9598
    endloop
  endfacet
  facet normal -0.694826 -0.38198 -0.60935
    outer loop
      vertex 0.91599 -0.4 -3.88401
      vertex 0.442253 -0.4 -3.34382
      vertex 0.859477 -0.207055 -3.94052
    endloop
  endfacet
  facet normal -0.694828 -0.381977 -0.60935
    outer loop
      vertex 0.442253 -0.4 -3.34382
      vertex 0.378848 -0.207055 -3.39247
      vertex 0.859477 -0.207055 -3.94052
    endloop
  endfacet
  facet normal -0.596941 -0.60795 -0.523506
    outer loop
      vertex 1.00589 -0.565685 -3.79411
      vertex 0.543116 -0.565685 -3.26642
      vertex 0.91599 -0.4 -3.88401
    endloop
  endfacet
  facet normal -0.59694 -0.607952 -0.523505
    outer loop
      vertex 0.543116 -0.565685 -3.26642
      vertex 0.442253 -0.4 -3.34382
      vertex 0.91599 -0.4 -3.88401
    endloop
  endfacet
  facet normal -0.458331 -0.792704 -0.401937
    outer loop
      vertex 1.12304 -0.69282 -3.67696
      vertex 0.674563 -0.69282 -3.16556
      vertex 1.00589 -0.565685 -3.79411
    endloop
  endfacet
  facet normal -0.458311 -0.792719 -0.40193
    outer loop
      vertex 0.674563 -0.69282 -3.16556
      vertex 0.543116 -0.565685 -3.26642
      vertex 1.00589 -0.565685 -3.79411
    endloop
  endfacet
  facet normal -0.288231 -0.923595 -0.252774
    outer loop
      vertex 1.25948 -0.772741 -3.54052
      vertex 0.827636 -0.772741 -3.0481
      vertex 1.12304 -0.69282 -3.67696
    endloop
  endfacet
  facet normal -0.288246 -0.923589 -0.25278
    outer loop
      vertex 0.827636 -0.772741 -3.0481
      vertex 0.674563 -0.69282 -3.16556
      vertex 1.12304 -0.69282 -3.67696
    endloop
  endfacet
  facet normal -0.0983406 -0.991409 -0.0862425
    outer loop
      vertex 1.40589 -0.8 -3.39411
      vertex 0.991904 -0.8 -2.92205
      vertex 1.25948 -0.772741 -3.54052
    endloop
  endfacet
  facet normal -0.0983394 -0.991409 -0.086242
    outer loop
      vertex 0.991904 -0.8 -2.92205
      vertex 0.827636 -0.772741 -3.0481
      vertex 1.25948 -0.772741 -3.54052
    endloop
  endfacet
  facet normal 0.0983397 -0.991409 0.0862434
    outer loop
      vertex 1.5523 -0.772741 -3.2477
      vertex 1.15617 -0.772741 -2.79601
      vertex 1.40589 -0.8 -3.39411
    endloop
  endfacet
  facet normal 0.0983434 -0.991408 0.086245
    outer loop
      vertex 1.15617 -0.772741 -2.79601
      vertex 0.991904 -0.8 -2.92205
      vertex 1.40589 -0.8 -3.39411
    endloop
  endfacet
  facet normal 0.288252 -0.923585 0.252787
    outer loop
      vertex 1.68873 -0.69282 -3.11127
      vertex 1.30925 -0.69282 -2.67855
      vertex 1.5523 -0.772741 -3.2477
    endloop
  endfacet
  facet normal 0.288234 -0.923593 0.25278
    outer loop
      vertex 1.30925 -0.69282 -2.67855
      vertex 1.15617 -0.772741 -2.79601
      vertex 1.5523 -0.772741 -3.2477
    endloop
  endfacet
  facet normal 0.458297 -0.792729 0.401926
    outer loop
      vertex 1.80589 -0.565685 -2.99411
      vertex 1.44069 -0.565685 -2.57769
      vertex 1.68873 -0.69282 -3.11127
    endloop
  endfacet
  facet normal 0.458324 -0.79271 0.401934
    outer loop
      vertex 1.44069 -0.565685 -2.57769
      vertex 1.30925 -0.69282 -2.67855
      vertex 1.68873 -0.69282 -3.11127
    endloop
  endfacet
  facet normal 0.596941 -0.60795 0.523506
    outer loop
      vertex 1.89579 -0.4 -2.90421
      vertex 1.54156 -0.4 -2.50029
      vertex 1.80589 -0.565685 -2.99411
    endloop
  endfacet
  facet normal 0.596926 -0.607967 0.523503
    outer loop
      vertex 1.54156 -0.4 -2.50029
      vertex 1.44069 -0.565685 -2.57769
      vertex 1.80589 -0.565685 -2.99411
    endloop
  endfacet
  facet normal 0.694827 -0.381971 0.609355
    outer loop
      vertex 1.9523 -0.207055 -2.8477
      vertex 1.60496 -0.207055 -2.45164
      vertex 1.89579 -0.4 -2.90421
    endloop
  endfacet
  facet normal 0.694833 -0.381961 0.609355
    outer loop
      vertex 1.60496 -0.207055 -2.45164
      vertex 1.54156 -0.4 -2.50029
      vertex 1.89579 -0.4 -2.90421
    endloop
  endfacet
  facet normal 0.745443 -0.130217 0.653727
    outer loop
      vertex 1.97157 0 -2.82843
      vertex 1.62659 0 -2.43505
      vertex 1.9523 -0.207055 -2.8477
    endloop
  endfacet
  facet normal 0.745431 -0.130251 0.653734
    outer loop
      vertex 1.62659 0 -2.43505
      vertex 1.60496 -0.207055 -2.45164
      vertex 1.9523 -0.207055 -2.8477
    endloop
  endfacet
  facet normal 0.745434 0.130217 0.653737
    outer loop
      vertex 1.9523 0.207055 -2.8477
      vertex 1.60496 0.207055 -2.45164
      vertex 1.97157 0 -2.82843
    endloop
  endfacet
  facet normal 0.74544 0.130251 0.653724
    outer loop
      vertex 1.60496 0.207055 -2.45164
      vertex 1.62659 0 -2.43505
      vertex 1.97157 0 -2.82843
    endloop
  endfacet
  facet normal 0.69483 0.381971 0.609352
    outer loop
      vertex 1.89579 0.4 -2.90421
      vertex 1.54156 0.4 -2.50029
      vertex 1.9523 0.207055 -2.8477
    endloop
  endfacet
  facet normal 0.69483 0.381961 0.609358
    outer loop
      vertex 1.54156 0.4 -2.50029
      vertex 1.60496 0.207055 -2.45164
      vertex 1.9523 0.207055 -2.8477
    endloop
  endfacet
  facet normal 0.596935 0.60795 0.523512
    outer loop
      vertex 1.80589 0.565685 -2.99411
      vertex 1.44069 0.565685 -2.57769
      vertex 1.89579 0.4 -2.90421
    endloop
  endfacet
  facet normal 0.596931 0.607967 0.523497
    outer loop
      vertex 1.44069 0.565685 -2.57769
      vertex 1.54156 0.4 -2.50029
      vertex 1.89579 0.4 -2.90421
    endloop
  endfacet
  facet normal 0.458305 0.792729 0.401917
    outer loop
      vertex 1.68873 0.69282 -3.11127
      vertex 1.30925 0.69282 -2.67855
      vertex 1.80589 0.565685 -2.99411
    endloop
  endfacet
  facet normal 0.458316 0.792709 0.401943
    outer loop
      vertex 1.30925 0.69282 -2.67855
      vertex 1.44069 0.565685 -2.57769
      vertex 1.80589 0.565685 -2.99411
    endloop
  endfacet
  facet normal 0.288247 0.923585 0.252791
    outer loop
      vertex 1.5523 0.772741 -3.2477
      vertex 1.15617 0.772741 -2.79601
      vertex 1.68873 0.69282 -3.11127
    endloop
  endfacet
  facet normal 0.288238 0.923593 0.252775
    outer loop
      vertex 1.15617 0.772741 -2.79601
      vertex 1.30925 0.69282 -2.67855
      vertex 1.68873 0.69282 -3.11127
    endloop
  endfacet
  facet normal 0.0983406 0.991409 0.0862425
    outer loop
      vertex 1.40589 0.8 -3.39411
      vertex 0.991904 0.8 -2.92205
      vertex 1.5523 0.772741 -3.2477
    endloop
  endfacet
  facet normal 0.0983426 0.991408 0.086246
    outer loop
      vertex 0.991904 0.8 -2.92205
      vertex 1.15617 0.772741 -2.79601
      vertex 1.5523 0.772741 -3.2477
    endloop
  endfacet
  facet normal -0.0983403 0.991409 -0.0862428
    outer loop
      vertex 1.25948 0.772741 -3.54052
      vertex 0.827636 0.772741 -3.0481
      vertex 1.40589 0.8 -3.39411
    endloop
  endfacet
  facet normal -0.0983396 0.991409 -0.0862417
    outer loop
      vertex 0.827636 0.772741 -3.0481
      vertex 0.991904 0.8 -2.92205
      vertex 1.40589 0.8 -3.39411
    endloop
  endfacet
  facet normal -0.288235 0.923595 -0.25277
    outer loop
      vertex 1.12304 0.69282 -3.67696
      vertex 0.674563 0.69282 -3.16556
      vertex 1.25948 0.772741 -3.54052
    endloop
  endfacet
  facet normal -0.288243 0.923589 -0.252784
    outer loop
      vertex 0.674563 0.69282 -3.16556
      vertex 0.827636 0.772741 -3.0481
      vertex 1.25948 0.772741 -3.54052
    endloop
  endfacet
  facet normal -0.458326 0.792704 -0.401943
    outer loop
      vertex 1.00589 0.565685 -3.79411
      vertex 0.543116 0.565685 -3.26642
      vertex 1.12304 0.69282 -3.67696
    endloop
  endfacet
  facet normal -0.458316 0.792719 -0.401924
    outer loop
      vertex 0.543116 0.565685 -3.26642
      vertex 0.674563 0.69282 -3.16556
      vertex 1.12304 0.69282 -3.67696
    endloop
  endfacet
  facet normal -0.596941 0.60795 -0.523506
    outer loop
      vertex 0.91599 0.4 -3.88401
      vertex 0.442253 0.4 -3.34382
      vertex 1.00589 0.565685 -3.79411
    endloop
  endfacet
  facet normal -0.59694 0.607952 -0.523505
    outer loop
      vertex 0.442253 0.4 -3.34382
      vertex 0.543116 0.565685 -3.26642
      vertex 1.00589 0.565685 -3.79411
    endloop
  endfacet
  facet normal -0.694827 0.38198 -0.60935
    outer loop
      vertex 0.859477 0.207055 -3.94052
      vertex 0.378848 0.207055 -3.39247
      vertex 0.91599 0.4 -3.88401
    endloop
  endfacet
  facet normal -0.694827 0.381977 -0.609351
    outer loop
      vertex 0.378848 0.207055 -3.39247
      vertex 0.442253 0.4 -3.34382
      vertex 0.91599 0.4 -3.88401
    endloop
  endfacet
  facet normal -0.745437 0.130265 -0.653724
    outer loop
      vertex 0.840202 0 -3.9598
      vertex 0.357221 0 -3.40906
      vertex 0.859477 0.207055 -3.94052
    endloop
  endfacet
  facet normal -0.745435 0.13024 -0.653731
    outer loop
      vertex 0.357221 0 -3.40906
      vertex 0.378848 0.207055 -3.39247
      vertex 0.859477 0.207055 -3.94052
    endloop
  endfacet
  facet normal -0.824387 -0.130243 -0.550838
    outer loop
      vertex 0.378848 -0.207055 -3.39247
      vertex -0.026135 -0.207055 -2.78637
      vertex 0.357221 0 -3.40906
    endloop
  endfacet
  facet normal -0.824385 -0.130253 -0.55084
    outer loop
      vertex -0.026135 -0.207055 -2.78637
      vertex -0.0497423 0 -2.8
      vertex 0.357221 0 -3.40906
    endloop
  endfacet
  facet normal -0.768422 -0.381978 -0.513441
    outer loop
      vertex 0.442253 -0.4 -3.34382
      vertex 0.0430781 -0.4 -2.74641
      vertex 0.378848 -0.207055 -3.39247
    endloop
  endfacet
  facet normal -0.768419 -0.381983 -0.513441
    outer loop
      vertex 0.0430781 -0.4 -2.74641
      vertex -0.026135 -0.207055 -2.78637
      vertex 0.378848 -0.207055 -3.39247
    endloop
  endfacet
  facet normal -0.660166 -0.60795 -0.441109
    outer loop
      vertex 0.543116 -0.565685 -3.26642
      vertex 0.15318 -0.565685 -2.68284
      vertex 0.442253 -0.4 -3.34382
    endloop
  endfacet
  facet normal -0.66017 -0.607945 -0.44111
    outer loop
      vertex 0.15318 -0.565685 -2.68284
      vertex 0.0430781 -0.4 -2.74641
      vertex 0.442253 -0.4 -3.34382
    endloop
  endfacet
  facet normal -0.506853 -0.792719 -0.338668
    outer loop
      vertex 0.674563 -0.69282 -3.16556
      vertex 0.296668 -0.69282 -2.6
      vertex 0.543116 -0.565685 -3.26642
    endloop
  endfacet
  facet normal -0.506852 -0.79272 -0.338668
    outer loop
      vertex 0.296668 -0.69282 -2.6
      vertex 0.15318 -0.565685 -2.68284
      vertex 0.543116 -0.565685 -3.26642
    endloop
  endfacet
  facet normal -0.318772 -0.923589 -0.212998
    outer loop
      vertex 0.827636 -0.772741 -3.0481
      vertex 0.463763 -0.772741 -2.50353
      vertex 0.674563 -0.69282 -3.16556
    endloop
  endfacet
  facet normal -0.318776 -0.923587 -0.212999
    outer loop
      vertex 0.463763 -0.772741 -2.50353
      vertex 0.296668 -0.69282 -2.6
      vertex 0.674563 -0.69282 -3.16556
    endloop
  endfacet
  facet normal -0.108755 -0.991409 -0.0726684
    outer loop
      vertex 0.991904 -0.8 -2.92205
      vertex 0.643078 -0.8 -2.4
      vertex 0.827636 -0.772741 -3.0481
    endloop
  endfacet
  facet normal -0.108755 -0.991409 -0.0726685
    outer loop
      vertex 0.643078 -0.8 -2.4
      vertex 0.463763 -0.772741 -2.50353
      vertex 0.827636 -0.772741 -3.0481
    endloop
  endfacet
  facet normal 0.10876 -0.991408 0.0726698
    outer loop
      vertex 1.15617 -0.772741 -2.79601
      vertex 0.822393 -0.772741 -2.29647
      vertex 0.991904 -0.8 -2.92205
    endloop
  endfacet
  facet normal 0.108755 -0.991409 0.0726686
    outer loop
      vertex 0.822393 -0.772741 -2.29647
      vertex 0.643078 -0.8 -2.4
      vertex 0.991904 -0.8 -2.92205
    endloop
  endfacet
  facet normal 0.318763 -0.923593 0.212994
    outer loop
      vertex 1.30925 -0.69282 -2.67855
      vertex 0.989488 -0.69282 -2.2
      vertex 1.15617 -0.772741 -2.79601
    endloop
  endfacet
  facet normal 0.318778 -0.923587 0.212997
    outer loop
      vertex 0.989488 -0.69282 -2.2
      vertex 0.822393 -0.772741 -2.29647
      vertex 1.15617 -0.772741 -2.79601
    endloop
  endfacet
  facet normal 0.506868 -0.792709 0.338671
    outer loop
      vertex 1.44069 -0.565685 -2.57769
      vertex 1.13298 -0.565685 -2.11716
      vertex 1.30925 -0.69282 -2.67855
    endloop
  endfacet
  facet normal 0.506843 -0.792726 0.338667
    outer loop
      vertex 1.13298 -0.565685 -2.11716
      vertex 0.989488 -0.69282 -2.2
      vertex 1.30925 -0.69282 -2.67855
    endloop
  endfacet
  facet normal 0.660152 -0.607968 0.441106
    outer loop
      vertex 1.54156 -0.4 -2.50029
      vertex 1.24308 -0.4 -2.05359
      vertex 1.44069 -0.565685 -2.57769
    endloop
  endfacet
  facet normal 0.660177 -0.60794 0.441107
    outer loop
      vertex 1.24308 -0.4 -2.05359
      vertex 1.13298 -0.565685 -2.11716
      vertex 1.44069 -0.565685 -2.57769
    endloop
  endfacet
  facet normal 0.768426 -0.381961 0.513447
    outer loop
      vertex 1.60496 -0.207055 -2.45164
      vertex 1.31229 -0.207055 -2.01363
      vertex 1.54156 -0.4 -2.50029
    endloop
  endfacet
  facet normal 0.768419 -0.381972 0.513449
    outer loop
      vertex 1.31229 -0.207055 -2.01363
      vertex 1.24308 -0.4 -2.05359
      vertex 1.54156 -0.4 -2.50029
    endloop
  endfacet
  facet normal 0.824387 -0.130255 0.550836
    outer loop
      vertex 1.62659 0 -2.43505
      vertex 1.3359 0 -2
      vertex 1.60496 -0.207055 -2.45164
    endloop
  endfacet
  facet normal 0.824384 -0.130263 0.550838
    outer loop
      vertex 1.3359 0 -2
      vertex 1.31229 -0.207055 -2.01363
      vertex 1.60496 -0.207055 -2.45164
    endloop
  endfacet
  facet normal 0.824385 0.130255 0.550838
    outer loop
      vertex 1.60496 0.207055 -2.45164
      vertex 1.31229 0.207055 -2.01363
      vertex 1.62659 0 -2.43505
    endloop
  endfacet
  facet normal 0.824386 0.130263 0.550835
    outer loop
      vertex 1.31229 0.207055 -2.01363
      vertex 1.3359 0 -2
      vertex 1.62659 0 -2.43505
    endloop
  endfacet
  facet normal 0.768423 0.381961 0.513452
    outer loop
      vertex 1.54156 0.4 -2.50029
      vertex 1.24308 0.4 -2.05359
      vertex 1.60496 0.207055 -2.45164
    endloop
  endfacet
  facet normal 0.768421 0.381973 0.513445
    outer loop
      vertex 1.24308 0.4 -2.05359
      vertex 1.31229 0.207055 -2.01363
      vertex 1.60496 0.207055 -2.45164
    endloop
  endfacet
  facet normal 0.660159 0.607967 0.441095
    outer loop
      vertex 1.44069 0.565685 -2.57769
      vertex 1.13298 0.565685 -2.11716
      vertex 1.54156 0.4 -2.50029
    endloop
  endfacet
  facet normal 0.66017 0.60794 0.441118
    outer loop
      vertex 1.13298 0.565685 -2.11716
      vertex 1.24308 0.4 -2.05359
      vertex 1.54156 0.4 -2.50029
    endloop
  endfacet
  facet normal 0.506861 0.792709 0.338679
    outer loop
      vertex 1.30925 0.69282 -2.67855
      vertex 0.989488 0.69282 -2.2
      vertex 1.44069 0.565685 -2.57769
    endloop
  endfacet
  facet normal 0.506849 0.792726 0.338659
    outer loop
      vertex 0.989488 0.69282 -2.2
      vertex 1.13298 0.565685 -2.11716
      vertex 1.44069 0.565685 -2.57769
    endloop
  endfacet
  facet normal 0.318766 0.923593 0.21299
    outer loop
      vertex 1.15617 0.772741 -2.79601
      vertex 0.822393 0.772741 -2.29647
      vertex 1.30925 0.69282 -2.67855
    endloop
  endfacet
  facet normal 0.318775 0.923587 0.213002
    outer loop
      vertex 0.822393 0.772741 -2.29647
      vertex 0.989488 0.69282 -2.2
      vertex 1.30925 0.69282 -2.67855
    endloop
  endfacet
  facet normal 0.108759 0.991408 0.0726709
    outer loop
      vertex 0.991904 0.8 -2.92205
      vertex 0.643078 0.8 -2.4
      vertex 1.15617 0.772741 -2.79601
    endloop
  endfacet
  facet normal 0.108756 0.991409 0.0726673
    outer loop
      vertex 0.643078 0.8 -2.4
      vertex 0.822393 0.772741 -2.29647
      vertex 1.15617 0.772741 -2.79601
    endloop
  endfacet
  facet normal -0.108755 0.991409 -0.0726684
    outer loop
      vertex 0.827636 0.772741 -3.0481
      vertex 0.463763 0.772741 -2.50353
      vertex 0.991904 0.8 -2.92205
    endloop
  endfacet
  facet normal -0.108755 0.991409 -0.0726686
    outer loop
      vertex 0.463763 0.772741 -2.50353
      vertex 0.643078 0.8 -2.4
      vertex 0.991904 0.8 -2.92205
    endloop
  endfacet
  facet normal -0.318773 0.923589 -0.212997
    outer loop
      vertex 0.674563 0.69282 -3.16556
      vertex 0.296668 0.69282 -2.6
      vertex 0.827636 0.772741 -3.0481
    endloop
  endfacet
  facet normal -0.318776 0.923587 -0.213001
    outer loop
      vertex 0.296668 0.69282 -2.6
      vertex 0.463763 0.772741 -2.50353
      vertex 0.827636 0.772741 -3.0481
    endloop
  endfacet
  facet normal -0.506853 0.792719 -0.338668
    outer loop
      vertex 0.543116 0.565685 -3.26642
      vertex 0.15318 0.565685 -2.68284
      vertex 0.674563 0.69282 -3.16556
    endloop
  endfacet
  facet normal -0.506852 0.79272 -0.338668
    outer loop
      vertex 0.15318 0.565685 -2.68284
      vertex 0.296668 0.69282 -2.6
      vertex 0.674563 0.69282 -3.16556
    endloop
  endfacet
  facet normal -0.660167 0.60795 -0.441108
    outer loop
      vertex 0.442253 0.4 -3.34382
      vertex 0.0430781 0.4 -2.74641
      vertex 0.543116 0.565685 -3.26642
    endloop
  endfacet
  facet normal -0.660169 0.607945 -0.441111
    outer loop
      vertex 0.0430781 0.4 -2.74641
      vertex 0.15318 0.565685 -2.68284
      vertex 0.543116 0.565685 -3.26642
    endloop
  endfacet
  facet normal -0.768421 0.381978 -0.513442
    outer loop
      vertex 0.378848 0.207055 -3.39247
      vertex -0.026135 0.207055 -2.78637
      vertex 0.442253 0.4 -3.34382
    endloop
  endfacet
  facet normal -0.76842 0.381983 -0.513439
    outer loop
      vertex -0.026135 0.207055 -2.78637
      vertex 0.0430781 0.4 -2.74641
      vertex 0.442253 0.4 -3.34382
    endloop
  endfacet
  facet normal -0.824386 0.130243 -0.55084
    outer loop
      vertex 0.357221 0 -3.40906
      vertex -0.0497423 0 -2.8
      vertex 0.378848 0.207055 -3.39247
    endloop
  endfacet
  facet normal -0.824386 0.130253 -0.550837
    outer loop
      vertex -0.0497423 0 -2.8
      vertex -0.026135 0.207055 -2.78637
      vertex 0.378848 0.207055 -3.39247
    endloop
  endfacet
  facet normal -0.889231 -0.130252 -0.438523
    outer loop
      vertex -0.026135 -0.207055 -2.78637
      vertex -0.348541 -0.207055 -2.1326
      vertex -0.0497423 0 -2.8
    endloop
  endfacet
  facet normal -0.889232 -0.130247 -0.438522
    outer loop
      vertex -0.348541 -0.207055 -2.1326
      vertex -0.373725 0 -2.14303
      vertex -0.0497423 0 -2.8
    endloop
  endfacet
  facet normal -0.828863 -0.381983 -0.408749
    outer loop
      vertex 0.0430781 -0.4 -2.74641
      vertex -0.274704 -0.4 -2.10201
      vertex -0.026135 -0.207055 -2.78637
    endloop
  endfacet
  facet normal -0.828857 -0.381995 -0.40875
    outer loop
      vertex -0.274704 -0.4 -2.10201
      vertex -0.348541 -0.207055 -2.1326
      vertex -0.026135 -0.207055 -2.78637
    endloop
  endfacet
  facet normal -0.712098 -0.607944 -0.35117
    outer loop
      vertex 0.15318 -0.565685 -2.68284
      vertex -0.157247 -0.565685 -2.05336
      vertex 0.0430781 -0.4 -2.74641
    endloop
  endfacet
  facet normal -0.712104 -0.607937 -0.35117
    outer loop
      vertex -0.157247 -0.565685 -2.05336
      vertex -0.274704 -0.4 -2.10201
      vertex 0.0430781 -0.4 -2.74641
    endloop
  endfacet
  facet normal -0.546721 -0.79272 -0.269611
    outer loop
      vertex 0.296668 -0.69282 -2.6
      vertex -0.00417357 -0.69282 -1.98995
      vertex 0.15318 -0.565685 -2.68284
    endloop
  endfacet
  facet normal -0.546713 -0.792726 -0.269611
    outer loop
      vertex -0.00417357 -0.69282 -1.98995
      vertex -0.157247 -0.565685 -2.05336
      vertex 0.15318 -0.565685 -2.68284
    endloop
  endfacet
  facet normal -0.343851 -0.923587 -0.169569
    outer loop
      vertex 0.463763 -0.772741 -2.50353
      vertex 0.174084 -0.772741 -1.91612
      vertex 0.296668 -0.69282 -2.6
    endloop
  endfacet
  facet normal -0.343854 -0.923586 -0.169569
    outer loop
      vertex 0.174084 -0.772741 -1.91612
      vertex -0.00417357 -0.69282 -1.98995
      vertex 0.296668 -0.69282 -2.6
    endloop
  endfacet
  facet normal -0.11731 -0.991409 -0.057851
    outer loop
      vertex 0.643078 -0.8 -2.4
      vertex 0.365378 -0.8 -1.83688
      vertex 0.463763 -0.772741 -2.50353
    endloop
  endfacet
  facet normal -0.11731 -0.991409 -0.057851
    outer loop
      vertex 0.365378 -0.8 -1.83688
      vertex 0.174084 -0.772741 -1.91612
      vertex 0.463763 -0.772741 -2.50353
    endloop
  endfacet
  facet normal 0.11731 -0.991409 0.0578509
    outer loop
      vertex 0.822393 -0.772741 -2.29647
      vertex 0.556672 -0.772741 -1.75764
      vertex 0.643078 -0.8 -2.4
    endloop
  endfacet
  facet normal 0.11731 -0.991409 0.0578509
    outer loop
      vertex 0.556672 -0.772741 -1.75764
      vertex 0.365378 -0.8 -1.83688
      vertex 0.643078 -0.8 -2.4
    endloop
  endfacet
  facet normal 0.34385 -0.923587 0.169569
    outer loop
      vertex 0.989488 -0.69282 -2.2
      vertex 0.73493 -0.69282 -1.68381
      vertex 0.822393 -0.772741 -2.29647
    endloop
  endfacet
  facet normal 0.343853 -0.923586 0.169569
    outer loop
      vertex 0.73493 -0.69282 -1.68381
      vertex 0.556672 -0.772741 -1.75764
      vertex 0.822393 -0.772741 -2.29647
    endloop
  endfacet
  facet normal 0.546712 -0.792727 0.269611
    outer loop
      vertex 1.13298 -0.565685 -2.11716
      vertex 0.888003 -0.565685 -1.6204
      vertex 0.989488 -0.69282 -2.2
    endloop
  endfacet
  facet normal 0.546714 -0.792726 0.269611
    outer loop
      vertex 0.888003 -0.565685 -1.6204
      vertex 0.73493 -0.69282 -1.68381
      vertex 0.989488 -0.69282 -2.2
    endloop
  endfacet
  facet normal 0.712101 -0.607939 0.351173
    outer loop
      vertex 1.24308 -0.4 -2.05359
      vertex 1.00546 -0.4 -1.57175
      vertex 1.13298 -0.565685 -2.11716
    endloop
  endfacet
  facet normal 0.712103 -0.607937 0.351173
    outer loop
      vertex 1.00546 -0.4 -1.57175
      vertex 0.888003 -0.565685 -1.6204
      vertex 1.13298 -0.565685 -2.11716
    endloop
  endfacet
  facet normal 0.828867 -0.381972 0.40875
    outer loop
      vertex 1.31229 -0.207055 -2.01363
      vertex 1.0793 -0.207055 -1.54117
      vertex 1.24308 -0.4 -2.05359
    endloop
  endfacet
  facet normal 0.828859 -0.381988 0.408753
    outer loop
      vertex 1.0793 -0.207055 -1.54117
      vertex 1.00546 -0.4 -1.57175
      vertex 1.24308 -0.4 -2.05359
    endloop
  endfacet
  facet normal 0.88923 -0.130264 0.438523
    outer loop
      vertex 1.3359 0 -2
      vertex 1.10448 0 -1.53073
      vertex 1.31229 -0.207055 -2.01363
    endloop
  endfacet
  facet normal 0.889233 -0.130251 0.438519
    outer loop
      vertex 1.10448 0 -1.53073
      vertex 1.0793 -0.207055 -1.54117
      vertex 1.31229 -0.207055 -2.01363
    endloop
  endfacet
  facet normal 0.889232 0.130264 0.438518
    outer loop
      vertex 1.31229 0.207055 -2.01363
      vertex 1.0793 0.207055 -1.54117
      vertex 1.3359 0 -2
    endloop
  endfacet
  facet normal 0.889231 0.130251 0.438523
    outer loop
      vertex 1.0793 0.207055 -1.54117
      vertex 1.10448 0 -1.53073
      vertex 1.3359 0 -2
    endloop
  endfacet
  facet normal 0.828864 0.381972 0.408756
    outer loop
      vertex 1.24308 0.4 -2.05359
      vertex 1.00546 0.4 -1.57175
      vertex 1.31229 0.207055 -2.01363
    endloop
  endfacet
  facet normal 0.828862 0.381988 0.408747
    outer loop
      vertex 1.00546 0.4 -1.57175
      vertex 1.0793 0.207055 -1.54117
      vertex 1.31229 0.207055 -2.01363
    endloop
  endfacet
  facet normal 0.712101 0.607939 0.351172
    outer loop
      vertex 1.13298 0.565685 -2.11716
      vertex 0.888003 0.565685 -1.6204
      vertex 1.24308 0.4 -2.05359
    endloop
  endfacet
  facet normal 0.712102 0.607937 0.351174
    outer loop
      vertex 0.888003 0.565685 -1.6204
      vertex 1.00546 0.4 -1.57175
      vertex 1.24308 0.4 -2.05359
    endloop
  endfacet
  facet normal 0.546712 0.792727 0.26961
    outer loop
      vertex 0.989488 0.69282 -2.2
      vertex 0.73493 0.69282 -1.68381
      vertex 1.13298 0.565685 -2.11716
    endloop
  endfacet
  facet normal 0.546714 0.792726 0.269612
    outer loop
      vertex 0.73493 0.69282 -1.68381
      vertex 0.888003 0.565685 -1.6204
      vertex 1.13298 0.565685 -2.11716
    endloop
  endfacet
  facet normal 0.343851 0.923587 0.169568
    outer loop
      vertex 0.822393 0.772741 -2.29647
      vertex 0.556672 0.772741 -1.75764
      vertex 0.989488 0.69282 -2.2
    endloop
  endfacet
  facet normal 0.343853 0.923586 0.16957
    outer loop
      vertex 0.556672 0.772741 -1.75764
      vertex 0.73493 0.69282 -1.68381
      vertex 0.989488 0.69282 -2.2
    endloop
  endfacet
  facet normal 0.11731 0.991409 0.057851
    outer loop
      vertex 0.643078 0.8 -2.4
      vertex 0.365378 0.8 -1.83688
      vertex 0.822393 0.772741 -2.29647
    endloop
  endfacet
  facet normal 0.11731 0.991409 0.0578508
    outer loop
      vertex 0.365378 0.8 -1.83688
      vertex 0.556672 0.772741 -1.75764
      vertex 0.822393 0.772741 -2.29647
    endloop
  endfacet
  facet normal -0.11731 0.991409 -0.0578511
    outer loop
      vertex 0.463763 0.772741 -2.50353
      vertex 0.174084 0.772741 -1.91612
      vertex 0.643078 0.8 -2.4
    endloop
  endfacet
  facet normal -0.11731 0.991409 -0.0578509
    outer loop
      vertex 0.174084 0.772741 -1.91612
      vertex 0.365378 0.8 -1.83688
      vertex 0.643078 0.8 -2.4
    endloop
  endfacet
  facet normal -0.343851 0.923587 -0.169568
    outer loop
      vertex 0.296668 0.69282 -2.6
      vertex -0.00417357 0.69282 -1.98995
      vertex 0.463763 0.772741 -2.50353
    endloop
  endfacet
  facet normal -0.343854 0.923586 -0.16957
    outer loop
      vertex -0.00417357 0.69282 -1.98995
      vertex 0.174084 0.772741 -1.91612
      vertex 0.463763 0.772741 -2.50353
    endloop
  endfacet
  facet normal -0.54672 0.792721 -0.269614
    outer loop
      vertex 0.15318 0.565685 -2.68284
      vertex -0.157247 0.565685 -2.05336
      vertex 0.296668 0.69282 -2.6
    endloop
  endfacet
  facet normal -0.546714 0.792726 -0.269608
    outer loop
      vertex -0.157247 0.565685 -2.05336
      vertex -0.00417357 0.69282 -1.98995
      vertex 0.296668 0.69282 -2.6
    endloop
  endfacet
  facet normal -0.712099 0.607944 -0.351168
    outer loop
      vertex 0.0430781 0.4 -2.74641
      vertex -0.274704 0.4 -2.10201
      vertex 0.15318 0.565685 -2.68284
    endloop
  endfacet
  facet normal -0.712103 0.607937 -0.351172
    outer loop
      vertex -0.274704 0.4 -2.10201
      vertex -0.157247 0.565685 -2.05336
      vertex 0.15318 0.565685 -2.68284
    endloop
  endfacet
  facet normal -0.828861 0.381983 -0.408752
    outer loop
      vertex -0.026135 0.207055 -2.78637
      vertex -0.348541 0.207055 -2.1326
      vertex 0.0430781 0.4 -2.74641
    endloop
  endfacet
  facet normal -0.828858 0.381995 -0.408747
    outer loop
      vertex -0.348541 0.207055 -2.1326
      vertex -0.274704 0.4 -2.10201
      vertex 0.0430781 0.4 -2.74641
    endloop
  endfacet
  facet normal -0.889232 0.130252 -0.438522
    outer loop
      vertex -0.0497423 0 -2.8
      vertex -0.373725 0 -2.14303
      vertex -0.026135 0.207055 -2.78637
    endloop
  endfacet
  facet normal -0.889232 0.130247 -0.438524
    outer loop
      vertex -0.373725 0 -2.14303
      vertex -0.348541 0.207055 -2.1326
      vertex -0.026135 0.207055 -2.78637
    endloop
  endfacet
  facet normal -0.938865 -0.130247 -0.318699
    outer loop
      vertex -0.348541 -0.207055 -2.1326
      vertex -0.582854 -0.207055 -1.44233
      vertex -0.373725 0 -2.14303
    endloop
  endfacet
  facet normal -0.938862 -0.130261 -0.318702
    outer loop
      vertex -0.582854 -0.207055 -1.44233
      vertex -0.609185 0 -1.44939
      vertex -0.373725 0 -2.14303
    endloop
  endfacet
  facet normal -0.87512 -0.381992 -0.297066
    outer loop
      vertex -0.274704 -0.4 -2.10201
      vertex -0.505657 -0.4 -1.42165
      vertex -0.348541 -0.207055 -2.1326
    endloop
  endfacet
  facet normal -0.875127 -0.381976 -0.297063
    outer loop
      vertex -0.505657 -0.4 -1.42165
      vertex -0.582854 -0.207055 -1.44233
      vertex -0.348541 -0.207055 -2.1326
    endloop
  endfacet
  facet normal -0.751848 -0.607938 -0.255217
    outer loop
      vertex -0.157247 -0.565685 -2.05336
      vertex -0.382854 -0.565685 -1.38874
      vertex -0.274704 -0.4 -2.10201
    endloop
  endfacet
  facet normal -0.751841 -0.607946 -0.255218
    outer loop
      vertex -0.382854 -0.565685 -1.38874
      vertex -0.505657 -0.4 -1.42165
      vertex -0.274704 -0.4 -2.10201
    endloop
  endfacet
  facet normal -0.577228 -0.792725 -0.195944
    outer loop
      vertex -0.00417357 -0.69282 -1.98995
      vertex -0.222814 -0.69282 -1.34586
      vertex -0.157247 -0.565685 -2.05336
    endloop
  endfacet
  facet normal -0.577234 -0.792721 -0.195944
    outer loop
      vertex -0.222814 -0.69282 -1.34586
      vertex -0.382854 -0.565685 -1.38874
      vertex -0.157247 -0.565685 -2.05336
    endloop
  endfacet
  facet normal -0.363044 -0.923586 -0.123236
    outer loop
      vertex 0.174084 -0.772741 -1.91612
      vertex -0.036444 -0.772741 -1.29592
      vertex -0.00417357 -0.69282 -1.98995
    endloop
  endfacet
  facet normal -0.36304 -0.923588 -0.123236
    outer loop
      vertex -0.036444 -0.772741 -1.29592
      vertex -0.222814 -0.69282 -1.34586
      vertex -0.00417357 -0.69282 -1.98995
    endloop
  endfacet
  facet normal -0.123858 -0.991409 -0.0420439
    outer loop
      vertex 0.365378 -0.8 -1.83688
      vertex 0.163556 -0.8 -1.24233
      vertex 0.174084 -0.772741 -1.91612
    endloop
  endfacet
  facet normal -0.123858 -0.991409 -0.042044
    outer loop
      vertex 0.163556 -0.8 -1.24233
      vertex -0.036444 -0.772741 -1.29592
      vertex 0.174084 -0.772741 -1.91612
    endloop
  endfacet
  facet normal 0.123858 -0.991409 0.0420441
    outer loop
      vertex 0.556672 -0.772741 -1.75764
      vertex 0.363556 -0.772741 -1.18874
      vertex 0.365378 -0.8 -1.83688
    endloop
  endfacet
  facet normal 0.123858 -0.991409 0.0420441
    outer loop
      vertex 0.363556 -0.772741 -1.18874
      vertex 0.163556 -0.8 -1.24233
      vertex 0.365378 -0.8 -1.83688
    endloop
  endfacet
  facet normal 0.363044 -0.923587 0.123235
    outer loop
      vertex 0.73493 -0.69282 -1.68381
      vertex 0.549926 -0.69282 -1.1388
      vertex 0.556672 -0.772741 -1.75764
    endloop
  endfacet
  facet normal 0.36304 -0.923588 0.123236
    outer loop
      vertex 0.549926 -0.69282 -1.1388
      vertex 0.363556 -0.772741 -1.18874
      vertex 0.556672 -0.772741 -1.75764
    endloop
  endfacet
  facet normal 0.57723 -0.792725 0.195943
    outer loop
      vertex 0.888003 -0.565685 -1.6204
      vertex 0.709966 -0.565685 -1.09592
      vertex 0.73493 -0.69282 -1.68381
    endloop
  endfacet
  facet normal 0.577234 -0.792721 0.195943
    outer loop
      vertex 0.709966 -0.565685 -1.09592
      vertex 0.549926 -0.69282 -1.1388
      vertex 0.73493 -0.69282 -1.68381
    endloop
  endfacet
  facet normal 0.751848 -0.607938 0.255219
    outer loop
      vertex 1.00546 -0.4 -1.57175
      vertex 0.832769 -0.4 -1.06302
      vertex 0.888003 -0.565685 -1.6204
    endloop
  endfacet
  facet normal 0.751849 -0.607937 0.255218
    outer loop
      vertex 0.832769 -0.4 -1.06302
      vertex 0.709966 -0.565685 -1.09592
      vertex 0.888003 -0.565685 -1.6204
    endloop
  endfacet
  facet normal 0.875121 -0.38199 0.297065
    outer loop
      vertex 1.0793 -0.207055 -1.54117
      vertex 0.909966 -0.207055 -1.04233
      vertex 1.00546 -0.4 -1.57175
    endloop
  endfacet
  facet normal 0.875121 -0.38199 0.297064
    outer loop
      vertex 0.909966 -0.207055 -1.04233
      vertex 0.832769 -0.4 -1.06302
      vertex 1.00546 -0.4 -1.57175
    endloop
  endfacet
  facet normal 0.938864 -0.130245 0.318702
    outer loop
      vertex 1.10448 0 -1.53073
      vertex 0.936297 0 -1.03528
      vertex 1.0793 -0.207055 -1.54117
    endloop
  endfacet
  facet normal 0.938864 -0.130246 0.318702
    outer loop
      vertex 0.936297 0 -1.03528
      vertex 0.909966 -0.207055 -1.04233
      vertex 1.0793 -0.207055 -1.54117
    endloop
  endfacet
  facet normal 0.938864 0.130245 0.318702
    outer loop
      vertex 1.0793 0.207055 -1.54117
      vertex 0.909966 0.207055 -1.04233
      vertex 1.10448 0 -1.53073
    endloop
  endfacet
  facet normal 0.938864 0.130246 0.318702
    outer loop
      vertex 0.909966 0.207055 -1.04233
      vertex 0.936297 0 -1.03528
      vertex 1.10448 0 -1.53073
    endloop
  endfacet
  facet normal 0.875121 0.38199 0.297064
    outer loop
      vertex 1.00546 0.4 -1.57175
      vertex 0.832769 0.4 -1.06302
      vertex 1.0793 0.207055 -1.54117
    endloop
  endfacet
  facet normal 0.875121 0.38199 0.297065
    outer loop
      vertex 0.832769 0.4 -1.06302
      vertex 0.909966 0.207055 -1.04233
      vertex 1.0793 0.207055 -1.54117
    endloop
  endfacet
  facet normal 0.751848 0.607938 0.255218
    outer loop
      vertex 0.888003 0.565685 -1.6204
      vertex 0.709966 0.565685 -1.09592
      vertex 1.00546 0.4 -1.57175
    endloop
  endfacet
  facet normal 0.751849 0.607937 0.255219
    outer loop
      vertex 0.709966 0.565685 -1.09592
      vertex 0.832769 0.4 -1.06302
      vertex 1.00546 0.4 -1.57175
    endloop
  endfacet
  facet normal 0.57723 0.792724 0.195941
    outer loop
      vertex 0.73493 0.69282 -1.68381
      vertex 0.549926 0.69282 -1.1388
      vertex 0.888003 0.565685 -1.6204
    endloop
  endfacet
  facet normal 0.577234 0.792721 0.195945
    outer loop
      vertex 0.549926 0.69282 -1.1388
      vertex 0.709966 0.565685 -1.09592
      vertex 0.888003 0.565685 -1.6204
    endloop
  endfacet
  facet normal 0.363043 0.923587 0.123237
    outer loop
      vertex 0.556672 0.772741 -1.75764
      vertex 0.363556 0.772741 -1.18874
      vertex 0.73493 0.69282 -1.68381
    endloop
  endfacet
  facet normal 0.36304 0.923588 0.123234
    outer loop
      vertex 0.363556 0.772741 -1.18874
      vertex 0.549926 0.69282 -1.1388
      vertex 0.73493 0.69282 -1.68381
    endloop
  endfacet
  facet normal 0.123858 0.991409 0.0420439
    outer loop
      vertex 0.365378 0.8 -1.83688
      vertex 0.163556 0.8 -1.24233
      vertex 0.556672 0.772741 -1.75764
    endloop
  endfacet
  facet normal 0.123858 0.991409 0.0420443
    outer loop
      vertex 0.163556 0.8 -1.24233
      vertex 0.363556 0.772741 -1.18874
      vertex 0.556672 0.772741 -1.75764
    endloop
  endfacet
  facet normal -0.123858 0.991409 -0.0420438
    outer loop
      vertex 0.174084 0.772741 -1.91612
      vertex -0.036444 0.772741 -1.29592
      vertex 0.365378 0.8 -1.83688
    endloop
  endfacet
  facet normal -0.123858 0.991409 -0.0420441
    outer loop
      vertex -0.036444 0.772741 -1.29592
      vertex 0.163556 0.8 -1.24233
      vertex 0.365378 0.8 -1.83688
    endloop
  endfacet
  facet normal -0.363044 0.923586 -0.123238
    outer loop
      vertex -0.00417357 0.69282 -1.98995
      vertex -0.222814 0.69282 -1.34586
      vertex 0.174084 0.772741 -1.91612
    endloop
  endfacet
  facet normal -0.36304 0.923588 -0.123235
    outer loop
      vertex -0.222814 0.69282 -1.34586
      vertex -0.036444 0.772741 -1.29592
      vertex 0.174084 0.772741 -1.91612
    endloop
  endfacet
  facet normal -0.577229 0.792725 -0.195942
    outer loop
      vertex -0.157247 0.565685 -2.05336
      vertex -0.382854 0.565685 -1.38874
      vertex -0.00417357 0.69282 -1.98995
    endloop
  endfacet
  facet normal -0.577234 0.792721 -0.195946
    outer loop
      vertex -0.382854 0.565685 -1.38874
      vertex -0.222814 0.69282 -1.34586
      vertex -0.00417357 0.69282 -1.98995
    endloop
  endfacet
  facet normal -0.751847 0.607938 -0.25522
    outer loop
      vertex -0.274704 0.4 -2.10201
      vertex -0.505657 0.4 -1.42165
      vertex -0.157247 0.565685 -2.05336
    endloop
  endfacet
  facet normal -0.751842 0.607946 -0.255215
    outer loop
      vertex -0.505657 0.4 -1.42165
      vertex -0.382854 0.565685 -1.38874
      vertex -0.157247 0.565685 -2.05336
    endloop
  endfacet
  facet normal -0.875121 0.381992 -0.297061
    outer loop
      vertex -0.348541 0.207055 -2.1326
      vertex -0.582854 0.207055 -1.44233
      vertex -0.274704 0.4 -2.10201
    endloop
  endfacet
  facet normal -0.875126 0.381976 -0.297068
    outer loop
      vertex -0.582854 0.207055 -1.44233
      vertex -0.505657 0.4 -1.42165
      vertex -0.274704 0.4 -2.10201
    endloop
  endfacet
  facet normal -0.938863 0.130248 -0.318702
    outer loop
      vertex -0.373725 0 -2.14303
      vertex -0.609185 0 -1.44939
      vertex -0.348541 0.207055 -2.1326
    endloop
  endfacet
  facet normal -0.938863 0.130261 -0.318698
    outer loop
      vertex -0.609185 0 -1.44939
      vertex -0.582854 0.207055 -1.44233
      vertex -0.348541 0.207055 -2.1326
    endloop
  endfacet
  facet normal -0.972429 -0.130258 -0.193429
    outer loop
      vertex -0.582854 -0.207055 -1.44233
      vertex -0.725065 -0.207055 -0.727389
      vertex -0.609185 0 -1.44939
    endloop
  endfacet
  facet normal -0.97243 -0.130251 -0.193427
    outer loop
      vertex -0.725065 -0.207055 -0.727389
      vertex -0.752091 0 -0.730947
      vertex -0.609185 0 -1.44939
    endloop
  endfacet
  facet normal -0.906414 -0.381979 -0.180295
    outer loop
      vertex -0.505657 -0.4 -1.42165
      vertex -0.645828 -0.4 -0.716957
      vertex -0.582854 -0.207055 -1.44233
    endloop
  endfacet
  facet normal -0.906411 -0.381985 -0.180297
    outer loop
      vertex -0.645828 -0.4 -0.716957
      vertex -0.725065 -0.207055 -0.727389
      vertex -0.582854 -0.207055 -1.44233
    endloop
  endfacet
  facet normal -0.778723 -0.607944 -0.154898
    outer loop
      vertex -0.382854 -0.565685 -1.38874
      vertex -0.519781 -0.565685 -0.700363
      vertex -0.505657 -0.4 -1.42165
    endloop
  endfacet
  facet normal -0.778727 -0.60794 -0.154897
    outer loop
      vertex -0.519781 -0.565685 -0.700363
      vertex -0.645828 -0.4 -0.716957
      vertex -0.505657 -0.4 -1.42165
    endloop
  endfacet
  facet normal -0.597871 -0.792722 -0.118924
    outer loop
      vertex -0.222814 -0.69282 -1.34586
      vertex -0.355513 -0.69282 -0.678736
      vertex -0.382854 -0.565685 -1.38874
    endloop
  endfacet
  facet normal -0.597869 -0.792723 -0.118924
    outer loop
      vertex -0.355513 -0.69282 -0.678736
      vertex -0.519781 -0.565685 -0.700363
      vertex -0.382854 -0.565685 -1.38874
    endloop
  endfacet
  facet normal -0.37602 -0.923588 -0.074795
    outer loop
      vertex -0.036444 -0.772741 -1.29592
      vertex -0.164219 -0.772741 -0.653552
      vertex -0.222814 -0.69282 -1.34586
    endloop
  endfacet
  facet normal -0.37602 -0.923588 -0.074795
    outer loop
      vertex -0.164219 -0.772741 -0.653552
      vertex -0.355513 -0.69282 -0.678736
      vertex -0.222814 -0.69282 -1.34586
    endloop
  endfacet
  facet normal -0.128287 -0.991409 -0.0255178
    outer loop
      vertex 0.163556 -0.8 -1.24233
      vertex 0.0410647 -0.8 -0.626526
      vertex -0.036444 -0.772741 -1.29592
    endloop
  endfacet
  facet normal -0.128287 -0.991409 -0.0255178
    outer loop
      vertex 0.0410647 -0.8 -0.626526
      vertex -0.164219 -0.772741 -0.653552
      vertex -0.036444 -0.772741 -1.29592
    endloop
  endfacet
  facet normal 0.128287 -0.991409 0.0255178
    outer loop
      vertex 0.363556 -0.772741 -1.18874
      vertex 0.246349 -0.772741 -0.5995
      vertex 0.163556 -0.8 -1.24233
    endloop
  endfacet
  facet normal 0.128286 -0.991409 0.0255178
    outer loop
      vertex 0.246349 -0.772741 -0.5995
      vertex 0.0410647 -0.8 -0.626526
      vertex 0.163556 -0.8 -1.24233
    endloop
  endfacet
  facet normal 0.37602 -0.923588 0.074795
    outer loop
      vertex 0.549926 -0.69282 -1.1388
      vertex 0.437643 -0.69282 -0.574315
      vertex 0.363556 -0.772741 -1.18874
    endloop
  endfacet
  facet normal 0.37602 -0.923588 0.0747949
    outer loop
      vertex 0.437643 -0.69282 -0.574315
      vertex 0.246349 -0.772741 -0.5995
      vertex 0.363556 -0.772741 -1.18874
    endloop
  endfacet
  facet normal 0.597871 -0.792722 0.118923
    outer loop
      vertex 0.709966 -0.565685 -1.09592
      vertex 0.601911 -0.565685 -0.552689
      vertex 0.549926 -0.69282 -1.1388
    endloop
  endfacet
  facet normal 0.59787 -0.792722 0.118924
    outer loop
      vertex 0.601911 -0.565685 -0.552689
      vertex 0.437643 -0.69282 -0.574315
      vertex 0.549926 -0.69282 -1.1388
    endloop
  endfacet
  facet normal 0.778728 -0.607938 0.154897
    outer loop
      vertex 0.832769 -0.4 -1.06302
      vertex 0.727958 -0.4 -0.536095
      vertex 0.709966 -0.565685 -1.09592
    endloop
  endfacet
  facet normal 0.778727 -0.60794 0.154898
    outer loop
      vertex 0.727958 -0.4 -0.536095
      vertex 0.601911 -0.565685 -0.552689
      vertex 0.709966 -0.565685 -1.09592
    endloop
  endfacet
  facet normal 0.90641 -0.381987 0.180297
    outer loop
      vertex 0.909966 -0.207055 -1.04233
      vertex 0.807194 -0.207055 -0.525663
      vertex 0.832769 -0.4 -1.06302
    endloop
  endfacet
  facet normal 0.906413 -0.381981 0.180295
    outer loop
      vertex 0.807194 -0.207055 -0.525663
      vertex 0.727958 -0.4 -0.536095
      vertex 0.832769 -0.4 -1.06302
    endloop
  endfacet
  facet normal 0.972431 -0.130249 0.193427
    outer loop
      vertex 0.936297 0 -1.03528
      vertex 0.834221 0 -0.522105
      vertex 0.909966 -0.207055 -1.04233
    endloop
  endfacet
  facet normal 0.972429 -0.130256 0.193429
    outer loop
      vertex 0.834221 0 -0.522105
      vertex 0.807194 -0.207055 -0.525663
      vertex 0.909966 -0.207055 -1.04233
    endloop
  endfacet
  facet normal 0.97243 0.130249 0.193429
    outer loop
      vertex 0.909966 0.207055 -1.04233
      vertex 0.807194 0.207055 -0.525663
      vertex 0.936297 0 -1.03528
    endloop
  endfacet
  facet normal 0.97243 0.130256 0.193427
    outer loop
      vertex 0.807194 0.207055 -0.525663
      vertex 0.834221 0 -0.522105
      vertex 0.936297 0 -1.03528
    endloop
  endfacet
  facet normal 0.90641 0.381987 0.180295
    outer loop
      vertex 0.832769 0.4 -1.06302
      vertex 0.727958 0.4 -0.536095
      vertex 0.909966 0.207055 -1.04233
    endloop
  endfacet
  facet normal 0.906412 0.381981 0.180298
    outer loop
      vertex 0.727958 0.4 -0.536095
      vertex 0.807194 0.207055 -0.525663
      vertex 0.909966 0.207055 -1.04233
    endloop
  endfacet
  facet normal 0.778728 0.607938 0.154898
    outer loop
      vertex 0.709966 0.565685 -1.09592
      vertex 0.601911 0.565685 -0.552689
      vertex 0.832769 0.4 -1.06302
    endloop
  endfacet
  facet normal 0.778727 0.60794 0.154897
    outer loop
      vertex 0.601911 0.565685 -0.552689
      vertex 0.727958 0.4 -0.536095
      vertex 0.832769 0.4 -1.06302
    endloop
  endfacet
  facet normal 0.597871 0.792722 0.118924
    outer loop
      vertex 0.549926 0.69282 -1.1388
      vertex 0.437643 0.69282 -0.574315
      vertex 0.709966 0.565685 -1.09592
    endloop
  endfacet
  facet normal 0.59787 0.792722 0.118923
    outer loop
      vertex 0.437643 0.69282 -0.574315
      vertex 0.601911 0.565685 -0.552689
      vertex 0.709966 0.565685 -1.09592
    endloop
  endfacet
  facet normal 0.37602 0.923588 0.0747949
    outer loop
      vertex 0.363556 0.772741 -1.18874
      vertex 0.246349 0.772741 -0.5995
      vertex 0.549926 0.69282 -1.1388
    endloop
  endfacet
  facet normal 0.37602 0.923588 0.074795
    outer loop
      vertex 0.246349 0.772741 -0.5995
      vertex 0.437643 0.69282 -0.574315
      vertex 0.549926 0.69282 -1.1388
    endloop
  endfacet
  facet normal 0.128287 0.991409 0.0255178
    outer loop
      vertex 0.163556 0.8 -1.24233
      vertex 0.0410647 0.8 -0.626526
      vertex 0.363556 0.772741 -1.18874
    endloop
  endfacet
  facet normal 0.128286 0.991409 0.0255177
    outer loop
      vertex 0.0410647 0.8 -0.626526
      vertex 0.246349 0.772741 -0.5995
      vertex 0.363556 0.772741 -1.18874
    endloop
  endfacet
  facet normal -0.128287 0.991409 -0.0255178
    outer loop
      vertex -0.036444 0.772741 -1.29592
      vertex -0.164219 0.772741 -0.653552
      vertex 0.163556 0.8 -1.24233
    endloop
  endfacet
  facet normal -0.128287 0.991409 -0.0255179
    outer loop
      vertex -0.164219 0.772741 -0.653552
      vertex 0.0410647 0.8 -0.626526
      vertex 0.163556 0.8 -1.24233
    endloop
  endfacet
  facet normal -0.37602 0.923588 -0.0747949
    outer loop
      vertex -0.222814 0.69282 -1.34586
      vertex -0.355513 0.69282 -0.678736
      vertex -0.036444 0.772741 -1.29592
    endloop
  endfacet
  facet normal -0.37602 0.923588 -0.0747951
    outer loop
      vertex -0.355513 0.69282 -0.678736
      vertex -0.164219 0.772741 -0.653552
      vertex -0.036444 0.772741 -1.29592
    endloop
  endfacet
  facet normal -0.597871 0.792722 -0.118924
    outer loop
      vertex -0.382854 0.565685 -1.38874
      vertex -0.519781 0.565685 -0.700363
      vertex -0.222814 0.69282 -1.34586
    endloop
  endfacet
  facet normal -0.59787 0.792723 -0.118923
    outer loop
      vertex -0.519781 0.565685 -0.700363
      vertex -0.355513 0.69282 -0.678736
      vertex -0.222814 0.69282 -1.34586
    endloop
  endfacet
  facet normal -0.778724 0.607944 -0.154897
    outer loop
      vertex -0.505657 0.4 -1.42165
      vertex -0.645828 0.4 -0.716957
      vertex -0.382854 0.565685 -1.38874
    endloop
  endfacet
  facet normal -0.778727 0.60794 -0.154899
    outer loop
      vertex -0.645828 0.4 -0.716957
      vertex -0.519781 0.565685 -0.700363
      vertex -0.382854 0.565685 -1.38874
    endloop
  endfacet
  facet normal -0.906413 0.381979 -0.180297
    outer loop
      vertex -0.582854 0.207055 -1.44233
      vertex -0.725065 0.207055 -0.727389
      vertex -0.505657 0.4 -1.42165
    endloop
  endfacet
  facet normal -0.906411 0.381985 -0.180295
    outer loop
      vertex -0.725065 0.207055 -0.727389
      vertex -0.645828 0.4 -0.716957
      vertex -0.505657 0.4 -1.42165
    endloop
  endfacet
  facet normal -0.972429 0.130258 -0.193427
    outer loop
      vertex -0.609185 0 -1.44939
      vertex -0.752091 0 -0.730947
      vertex -0.582854 0.207055 -1.44233
    endloop
  endfacet
  facet normal -0.97243 0.130251 -0.193429
    outer loop
      vertex -0.752091 0 -0.730947
      vertex -0.725065 0.207055 -0.727389
      vertex -0.582854 0.207055 -1.44233
    endloop
  endfacet
  facet normal -0.989358 -0.130251 -0.0648465
    outer loop
      vertex -0.725065 -0.207055 -0.727389
      vertex -0.772741 -0.207055 0
      vertex -0.752091 0 -0.730947
    endloop
  endfacet
  facet normal -0.989358 -0.13025 -0.0648462
    outer loop
      vertex -0.772741 -0.207055 0
      vertex -0.8 0 0
      vertex -0.752091 0 -0.730947
    endloop
  endfacet
  facet normal -0.92219 -0.381985 -0.0604437
    outer loop
      vertex -0.645828 -0.4 -0.716957
      vertex -0.69282 -0.4 0
      vertex -0.725065 -0.207055 -0.727389
    endloop
  endfacet
  facet normal -0.922189 -0.381986 -0.060444
    outer loop
      vertex -0.69282 -0.4 0
      vertex -0.772741 -0.207055 0
      vertex -0.725065 -0.207055 -0.727389
    endloop
  endfacet
  facet normal -0.792283 -0.60794 -0.0519287
    outer loop
      vertex -0.519781 -0.565685 -0.700363
      vertex -0.565685 -0.565685 0
      vertex -0.645828 -0.4 -0.716957
    endloop
  endfacet
  facet normal -0.792282 -0.607941 -0.0519291
    outer loop
      vertex -0.565685 -0.565685 0
      vertex -0.69282 -0.4 0
      vertex -0.645828 -0.4 -0.716957
    endloop
  endfacet
  facet normal -0.608278 -0.792722 -0.0398689
    outer loop
      vertex -0.355513 -0.69282 -0.678736
      vertex -0.4 -0.69282 0
      vertex -0.519781 -0.565685 -0.700363
    endloop
  endfacet
  facet normal -0.608279 -0.792722 -0.0398685
    outer loop
      vertex -0.4 -0.69282 0
      vertex -0.565685 -0.565685 0
      vertex -0.519781 -0.565685 -0.700363
    endloop
  endfacet
  facet normal -0.382566 -0.923588 -0.0250747
    outer loop
      vertex -0.164219 -0.772741 -0.653552
      vertex -0.207055 -0.772741 0
      vertex -0.355513 -0.69282 -0.678736
    endloop
  endfacet
  facet normal -0.382565 -0.923588 -0.0250748
    outer loop
      vertex -0.207055 -0.772741 0
      vertex -0.4 -0.69282 0
      vertex -0.355513 -0.69282 -0.678736
    endloop
  endfacet
  facet normal -0.13052 -0.991409 -0.00855473
    outer loop
      vertex 0.0410647 -0.8 -0.626526
      vertex 0 -0.8 0
      vertex -0.164219 -0.772741 -0.653552
    endloop
  endfacet
  facet normal -0.13052 -0.991409 -0.00855472
    outer loop
      vertex 0 -0.8 0
      vertex -0.207055 -0.772741 0
      vertex -0.164219 -0.772741 -0.653552
    endloop
  endfacet
  facet normal 0.13052 -0.991409 0.00855485
    outer loop
      vertex 0.246349 -0.772741 -0.5995
      vertex 0.207055 -0.772741 0
      vertex 0.0410647 -0.8 -0.626526
    endloop
  endfacet
  facet normal 0.13052 -0.991409 0.00855473
    outer loop
      vertex 0.207055 -0.772741 0
      vertex 0 -0.8 0
      vertex 0.0410647 -0.8 -0.626526
    endloop
  endfacet
  facet normal 0.382566 -0.923588 0.025075
    outer loop
      vertex 0.437643 -0.69282 -0.574315
      vertex 0.4 -0.69282 0
      vertex 0.246349 -0.772741 -0.5995
    endloop
  endfacet
  facet normal 0.382565 -0.923588 0.0250751
    outer loop
      vertex 0.4 -0.69282 0
      vertex 0.207055 -0.772741 0
      vertex 0.246349 -0.772741 -0.5995
    endloop
  endfacet
  facet normal 0.608278 -0.792722 0.0398696
    outer loop
      vertex 0.601911 -0.565685 -0.552689
      vertex 0.565685 -0.565685 0
      vertex 0.437643 -0.69282 -0.574315
    endloop
  endfacet
  facet normal 0.608279 -0.792722 0.0398691
    outer loop
      vertex 0.565685 -0.565685 0
      vertex 0.4 -0.69282 0
      vertex 0.437643 -0.69282 -0.574315
    endloop
  endfacet
  facet normal 0.792283 -0.60794 0.0519297
    outer loop
      vertex 0.727958 -0.4 -0.536095
      vertex 0.69282 -0.4 0
      vertex 0.601911 -0.565685 -0.552689
    endloop
  endfacet
  facet normal 0.792282 -0.607941 0.0519301
    outer loop
      vertex 0.69282 -0.4 0
      vertex 0.565685 -0.565685 0
      vertex 0.601911 -0.565685 -0.552689
    endloop
  endfacet
  facet normal 0.922192 -0.381981 0.0604423
    outer loop
      vertex 0.807194 -0.207055 -0.525663
      vertex 0.772741 -0.207055 0
      vertex 0.727958 -0.4 -0.536095
    endloop
  endfacet
  facet normal 0.922189 -0.381986 0.0604443
    outer loop
      vertex 0.772741 -0.207055 0
      vertex 0.69282 -0.4 0
      vertex 0.727958 -0.4 -0.536095
    endloop
  endfacet
  facet normal 0.989358 -0.130256 0.0648467
    outer loop
      vertex 0.834221 0 -0.522105
      vertex 0.8 0 0
      vertex 0.807194 -0.207055 -0.525663
    endloop
  endfacet
  facet normal 0.989358 -0.13025 0.0648445
    outer loop
      vertex 0.8 0 0
      vertex 0.772741 -0.207055 0
      vertex 0.807194 -0.207055 -0.525663
    endloop
  endfacet
  facet normal 0.989358 0.130256 0.0648445
    outer loop
      vertex 0.807194 0.207055 -0.525663
      vertex 0.772741 0.207055 0
      vertex 0.834221 0 -0.522105
    endloop
  endfacet
  facet normal 0.989358 0.13025 0.0648468
    outer loop
      vertex 0.772741 0.207055 0
      vertex 0.8 0 0
      vertex 0.834221 0 -0.522105
    endloop
  endfacet
  facet normal 0.922191 0.381981 0.0604444
    outer loop
      vertex 0.727958 0.4 -0.536095
      vertex 0.69282 0.4 0
      vertex 0.807194 0.207055 -0.525663
    endloop
  endfacet
  facet normal 0.922189 0.381986 0.0604421
    outer loop
      vertex 0.69282 0.4 0
      vertex 0.772741 0.207055 0
      vertex 0.807194 0.207055 -0.525663
    endloop
  endfacet
  facet normal 0.792283 0.60794 0.0519302
    outer loop
      vertex 0.601911 0.565685 -0.552689
      vertex 0.565685 0.565685 0
      vertex 0.727958 0.4 -0.536095
    endloop
  endfacet
  facet normal 0.792282 0.607941 0.0519296
    outer loop
      vertex 0.565685 0.565685 0
      vertex 0.69282 0.4 0
      vertex 0.727958 0.4 -0.536095
    endloop
  endfacet
  facet normal 0.608278 0.792722 0.0398691
    outer loop
      vertex 0.437643 0.69282 -0.574315
      vertex 0.4 0.69282 0
      vertex 0.601911 0.565685 -0.552689
    endloop
  endfacet
  facet normal 0.608279 0.792722 0.0398696
    outer loop
      vertex 0.4 0.69282 0
      vertex 0.565685 0.565685 0
      vertex 0.601911 0.565685 -0.552689
    endloop
  endfacet
  facet normal 0.382566 0.923588 0.0250751
    outer loop
      vertex 0.246349 0.772741 -0.5995
      vertex 0.207055 0.772741 0
      vertex 0.437643 0.69282 -0.574315
    endloop
  endfacet
  facet normal 0.382565 0.923588 0.0250749
    outer loop
      vertex 0.207055 0.772741 0
      vertex 0.4 0.69282 0
      vertex 0.437643 0.69282 -0.574315
    endloop
  endfacet
  facet normal 0.13052 0.991409 0.00855471
    outer loop
      vertex 0.0410647 0.8 -0.626526
      vertex 0 0.8 0
      vertex 0.246349 0.772741 -0.5995
    endloop
  endfacet
  facet normal 0.13052 0.991409 0.00855488
    outer loop
      vertex 0 0.8 0
      vertex 0.207055 0.772741 0
      vertex 0.246349 0.772741 -0.5995
    endloop
  endfacet
  facet normal -0.13052 0.991409 -0.00855472
    outer loop
      vertex -0.164219 0.772741 -0.653552
      vertex -0.207055 0.772741 0
      vertex 0.0410647 0.8 -0.626526
    endloop
  endfacet
  facet normal -0.13052 0.991409 -0.00855473
    outer loop
      vertex -0.207055 0.772741 0
      vertex 0 0.8 0
      vertex 0.0410647 0.8 -0.626526
    endloop
  endfacet
  facet normal -0.382566 0.923588 -0.0250749
    outer loop
      vertex -0.355513 0.69282 -0.678736
      vertex -0.4 0.69282 0
      vertex -0.164219 0.772741 -0.653552
    endloop
  endfacet
  facet normal -0.382565 0.923588 -0.0250746
    outer loop
      vertex -0.4 0.69282 0
      vertex -0.207055 0.772741 0
      vertex -0.164219 0.772741 -0.653552
    endloop
  endfacet
  facet normal -0.608278 0.792722 -0.0398684
    outer loop
      vertex -0.519781 0.565685 -0.700363
      vertex -0.565685 0.565685 0
      vertex -0.355513 0.69282 -0.678736
    endloop
  endfacet
  facet normal -0.608279 0.792722 -0.039869
    outer loop
      vertex -0.565685 0.565685 0
      vertex -0.4 0.69282 0
      vertex -0.355513 0.69282 -0.678736
    endloop
  endfacet
  facet normal -0.792283 0.60794 -0.0519291
    outer loop
      vertex -0.645828 0.4 -0.716957
      vertex -0.69282 0.4 0
      vertex -0.519781 0.565685 -0.700363
    endloop
  endfacet
  facet normal -0.792282 0.607941 -0.0519287
    outer loop
      vertex -0.69282 0.4 0
      vertex -0.565685 0.565685 0
      vertex -0.519781 0.565685 -0.700363
    endloop
  endfacet
  facet normal -0.92219 0.381985 -0.060444
    outer loop
      vertex -0.725065 0.207055 -0.727389
      vertex -0.772741 0.207055 0
      vertex -0.645828 0.4 -0.716957
    endloop
  endfacet
  facet normal -0.922189 0.381986 -0.0604437
    outer loop
      vertex -0.772741 0.207055 0
      vertex -0.69282 0.4 0
      vertex -0.645828 0.4 -0.716957
    endloop
  endfacet
  facet normal -0.989358 0.130251 -0.0648462
    outer loop
      vertex -0.752091 0 -0.730947
      vertex -0.8 0 0
      vertex -0.725065 0.207055 -0.727389
    endloop
  endfacet
  facet normal -0.989358 0.13025 -0.0648465
    outer loop
      vertex -0.8 0 0
      vertex -0.772741 0.207055 0
      vertex -0.725065 0.207055 -0.727389
    endloop
  endfacet
endsolid OpenSCAD_Model
