solid OpenSCAD_Model
  facet normal -0.989357 0.0648519 0.130255
    outer loop
      vertex -5.57274 -0 0.207055
      vertex -5.52506 0.727389 0.207055
      vertex -5.6 -0 0
    endloop
  endfacet
  facet normal -0.989356 0.0648474 0.13027
    outer loop
      vertex -5.52506 0.727389 0.207055
      vertex -5.55209 0.730947 0
      vertex -5.6 -0 0
    endloop
  endfacet
  facet normal -0.922191 0.0604412 0.381982
    outer loop
      vertex -5.49282 -0 0.4
      vertex -5.44583 0.716957 0.4
      vertex -5.57274 -0 0.207055
    endloop
  endfacet
  facet normal -0.922201 0.0604498 0.381957
    outer loop
      vertex -5.44583 0.716957 0.4
      vertex -5.52506 0.727389 0.207055
      vertex -5.57274 -0 0.207055
    endloop
  endfacet
  facet normal -0.792293 0.0519362 0.607926
    outer loop
      vertex -5.36569 -0 0.565685
      vertex -5.31978 0.700363 0.565685
      vertex -5.49282 -0 0.4
    endloop
  endfacet
  facet normal -0.792276 0.0519265 0.607949
    outer loop
      vertex -5.31978 0.700363 0.565685
      vertex -5.44583 0.716957 0.4
      vertex -5.49282 -0 0.4
    endloop
  endfacet
  facet normal -0.608267 0.0398709 0.79273
    outer loop
      vertex -5.2 -0 0.69282
      vertex -5.15551 0.678736 0.69282
      vertex -5.36569 -0 0.565685
    endloop
  endfacet
  facet normal -0.608272 0.0398733 0.792726
    outer loop
      vertex -5.15551 0.678736 0.69282
      vertex -5.31978 0.700363 0.565685
      vertex -5.36569 -0 0.565685
    endloop
  endfacet
  facet normal -0.382574 0.0250775 0.923585
    outer loop
      vertex -5.00706 -0 0.772741
      vertex -4.96422 0.653552 0.772741
      vertex -5.2 -0 0.69282
    endloop
  endfacet
  facet normal -0.382573 0.025077 0.923585
    outer loop
      vertex -4.96422 0.653552 0.772741
      vertex -5.15551 0.678736 0.69282
      vertex -5.2 -0 0.69282
    endloop
  endfacet
  facet normal -0.130517 0.00855355 0.991409
    outer loop
      vertex -4.8 -0 0.8
      vertex -4.75894 0.626526 0.8
      vertex -5.00706 -0 0.772741
    endloop
  endfacet
  facet normal -0.130522 0.00855566 0.991408
    outer loop
      vertex -4.75894 0.626526 0.8
      vertex -4.96422 0.653552 0.772741
      vertex -5.00706 -0 0.772741
    endloop
  endfacet
  facet normal 0.130517 -0.00855381 0.991409
    outer loop
      vertex -4.59294 -0 0.772741
      vertex -4.55365 0.5995 0.772741
      vertex -4.8 -0 0.8
    endloop
  endfacet
  facet normal 0.130516 -0.0085535 0.991409
    outer loop
      vertex -4.55365 0.5995 0.772741
      vertex -4.75894 0.626526 0.8
      vertex -4.8 -0 0.8
    endloop
  endfacet
  facet normal 0.382574 -0.0250735 0.923585
    outer loop
      vertex -4.4 -0 0.69282
      vertex -4.36236 0.574315 0.69282
      vertex -4.59294 -0 0.772741
    endloop
  endfacet
  facet normal 0.382573 -0.025073 0.923585
    outer loop
      vertex -4.36236 0.574315 0.69282
      vertex -4.55365 0.5995 0.772741
      vertex -4.59294 -0 0.772741
    endloop
  endfacet
  facet normal 0.608267 -0.0398623 0.792731
    outer loop
      vertex -4.23431 -0 0.565685
      vertex -4.19809 0.552689 0.565685
      vertex -4.4 -0 0.69282
    endloop
  endfacet
  facet normal 0.608273 -0.0398656 0.792726
    outer loop
      vertex -4.19809 0.552689 0.565685
      vertex -4.36236 0.574315 0.69282
      vertex -4.4 -0 0.69282
    endloop
  endfacet
  facet normal 0.792293 -0.0519333 0.607926
    outer loop
      vertex -4.10718 -0 0.4
      vertex -4.07204 0.536095 0.4
      vertex -4.23431 -0 0.565685
    endloop
  endfacet
  facet normal 0.792277 -0.0519212 0.607949
    outer loop
      vertex -4.07204 0.536095 0.4
      vertex -4.19809 0.552689 0.565685
      vertex -4.23431 -0 0.565685
    endloop
  endfacet
  facet normal 0.922191 -0.060437 0.381982
    outer loop
      vertex -4.02726 -0 0.207055
      vertex -3.99281 0.525663 0.207055
      vertex -4.10718 -0 0.4
    endloop
  endfacet
  facet normal 0.922201 -0.0604485 0.381957
    outer loop
      vertex -3.99281 0.525663 0.207055
      vertex -4.07204 0.536095 0.4
      vertex -4.10718 -0 0.4
    endloop
  endfacet
  facet normal 0.989358 -0.0648449 0.130255
    outer loop
      vertex -4 -0 0
      vertex -3.96578 0.522105 0
      vertex -4.02726 -0 0.207055
    endloop
  endfacet
  facet normal 0.989356 -0.0648387 0.13027
    outer loop
      vertex -3.96578 0.522105 0
      vertex -3.99281 0.525663 0.207055
      vertex -4.02726 -0 0.207055
    endloop
  endfacet
  facet normal 0.989358 -0.0648389 -0.130255
    outer loop
      vertex -4.02726 -0 -0.207055
      vertex -3.99281 0.525663 -0.207055
      vertex -4 -0 0
    endloop
  endfacet
  facet normal 0.989356 -0.0648447 -0.13027
    outer loop
      vertex -3.99281 0.525663 -0.207055
      vertex -3.96578 0.522105 0
      vertex -4 -0 0
    endloop
  endfacet
  facet normal 0.922191 -0.0604478 -0.381982
    outer loop
      vertex -4.10718 -0 -0.4
      vertex -4.07204 0.536095 -0.4
      vertex -4.02726 -0 -0.207055
    endloop
  endfacet
  facet normal 0.922202 -0.0604377 -0.381956
    outer loop
      vertex -4.07204 0.536095 -0.4
      vertex -3.99281 0.525663 -0.207055
      vertex -4.02726 -0 -0.207055
    endloop
  endfacet
  facet normal 0.792294 -0.0519223 -0.607927
    outer loop
      vertex -4.23431 -0 -0.565685
      vertex -4.19809 0.552689 -0.565685
      vertex -4.10718 -0 -0.4
    endloop
  endfacet
  facet normal 0.792276 -0.0519321 -0.607949
    outer loop
      vertex -4.19809 0.552689 -0.565685
      vertex -4.07204 0.536095 -0.4
      vertex -4.10718 -0 -0.4
    endloop
  endfacet
  facet normal 0.608267 -0.0398652 -0.792731
    outer loop
      vertex -4.4 -0 -0.69282
      vertex -4.36236 0.574315 -0.69282
      vertex -4.23431 -0 -0.565685
    endloop
  endfacet
  facet normal 0.608274 -0.0398627 -0.792726
    outer loop
      vertex -4.36236 0.574315 -0.69282
      vertex -4.19809 0.552689 -0.565685
      vertex -4.23431 -0 -0.565685
    endloop
  endfacet
  facet normal 0.382574 -0.0250731 -0.923585
    outer loop
      vertex -4.59294 -0 -0.772741
      vertex -4.55365 0.5995 -0.772741
      vertex -4.4 -0 -0.69282
    endloop
  endfacet
  facet normal 0.382573 -0.0250734 -0.923585
    outer loop
      vertex -4.55365 0.5995 -0.772741
      vertex -4.36236 0.574315 -0.69282
      vertex -4.4 -0 -0.69282
    endloop
  endfacet
  facet normal 0.130517 -0.00855355 -0.991409
    outer loop
      vertex -4.8 -0 -0.8
      vertex -4.75894 0.626526 -0.8
      vertex -4.59294 -0 -0.772741
    endloop
  endfacet
  facet normal 0.130516 -0.00855376 -0.991409
    outer loop
      vertex -4.75894 0.626526 -0.8
      vertex -4.55365 0.5995 -0.772741
      vertex -4.59294 -0 -0.772741
    endloop
  endfacet
  facet normal -0.130517 0.00855531 -0.991409
    outer loop
      vertex -5.00706 -0 -0.772741
      vertex -4.96422 0.653552 -0.772741
      vertex -4.8 -0 -0.8
    endloop
  endfacet
  facet normal -0.130522 0.00855391 -0.991408
    outer loop
      vertex -4.96422 0.653552 -0.772741
      vertex -4.75894 0.626526 -0.8
      vertex -4.8 -0 -0.8
    endloop
  endfacet
  facet normal -0.382574 0.0250771 -0.923585
    outer loop
      vertex -5.2 -0 -0.69282
      vertex -5.15551 0.678736 -0.69282
      vertex -5.00706 -0 -0.772741
    endloop
  endfacet
  facet normal -0.382572 0.0250774 -0.923585
    outer loop
      vertex -5.15551 0.678736 -0.69282
      vertex -4.96422 0.653552 -0.772741
      vertex -5.00706 -0 -0.772741
    endloop
  endfacet
  facet normal -0.608267 0.039873 -0.79273
    outer loop
      vertex -5.36569 -0 -0.565685
      vertex -5.31978 0.700363 -0.565685
      vertex -5.2 -0 -0.69282
    endloop
  endfacet
  facet normal -0.608273 0.0398712 -0.792726
    outer loop
      vertex -5.31978 0.700363 -0.565685
      vertex -5.15551 0.678736 -0.69282
      vertex -5.2 -0 -0.69282
    endloop
  endfacet
  facet normal -0.792294 0.0519276 -0.607926
    outer loop
      vertex -5.49282 -0 -0.4
      vertex -5.44583 0.716957 -0.4
      vertex -5.36569 -0 -0.565685
    endloop
  endfacet
  facet normal -0.792275 0.051935 -0.607949
    outer loop
      vertex -5.44583 0.716957 -0.4
      vertex -5.31978 0.700363 -0.565685
      vertex -5.36569 -0 -0.565685
    endloop
  endfacet
  facet normal -0.922191 0.0604492 -0.381982
    outer loop
      vertex -5.57274 -0 -0.207055
      vertex -5.52506 0.727389 -0.207055
      vertex -5.49282 -0 -0.4
    endloop
  endfacet
  facet normal -0.922202 0.0604419 -0.381956
    outer loop
      vertex -5.52506 0.727389 -0.207055
      vertex -5.44583 0.716957 -0.4
      vertex -5.49282 -0 -0.4
    endloop
  endfacet
  facet normal -0.989358 0.0648476 -0.130255
    outer loop
      vertex -5.6 -0 0
      vertex -5.55209 0.730947 0
      vertex -5.57274 -0 -0.207055
    endloop
  endfacet
  facet normal -0.989355 0.0648518 -0.13027
    outer loop
      vertex -5.55209 0.730947 0
      vertex -5.52506 0.727389 -0.207055
      vertex -5.57274 -0 -0.207055
    endloop
  endfacet
  facet normal -0.972428 0.193427 0.130269
    outer loop
      vertex -5.52506 0.727389 0.207055
      vertex -5.38285 1.44233 0.207055
      vertex -5.55209 0.730947 0
    endloop
  endfacet
  facet normal -0.972429 0.193432 0.130254
    outer loop
      vertex -5.38285 1.44233 0.207055
      vertex -5.40918 1.44939 0
      vertex -5.55209 0.730947 0
    endloop
  endfacet
  facet normal -0.906423 0.180296 0.381957
    outer loop
      vertex -5.44583 0.716957 0.4
      vertex -5.30566 1.42165 0.4
      vertex -5.52506 0.727389 0.207055
    endloop
  endfacet
  facet normal -0.906425 0.180298 0.381951
    outer loop
      vertex -5.30566 1.42165 0.4
      vertex -5.38285 1.44233 0.207055
      vertex -5.52506 0.727389 0.207055
    endloop
  endfacet
  facet normal -0.778719 0.154901 0.607949
    outer loop
      vertex -5.31978 0.700363 0.565685
      vertex -5.18285 1.38874 0.565685
      vertex -5.44583 0.716957 0.4
    endloop
  endfacet
  facet normal -0.778708 0.154892 0.607965
    outer loop
      vertex -5.18285 1.38874 0.565685
      vertex -5.30566 1.42165 0.4
      vertex -5.44583 0.716957 0.4
    endloop
  endfacet
  facet normal -0.597865 0.118923 0.792726
    outer loop
      vertex -5.15551 0.678736 0.69282
      vertex -5.02281 1.34586 0.69282
      vertex -5.31978 0.700363 0.565685
    endloop
  endfacet
  facet normal -0.59787 0.118927 0.792722
    outer loop
      vertex -5.02281 1.34586 0.69282
      vertex -5.18285 1.38874 0.565685
      vertex -5.31978 0.700363 0.565685
    endloop
  endfacet
  facet normal -0.376026 0.0747993 0.923585
    outer loop
      vertex -4.96422 0.653552 0.772741
      vertex -4.83644 1.29592 0.772741
      vertex -5.15551 0.678736 0.69282
    endloop
  endfacet
  facet normal -0.37602 0.0747954 0.923588
    outer loop
      vertex -4.83644 1.29592 0.772741
      vertex -5.02281 1.34586 0.69282
      vertex -5.15551 0.678736 0.69282
    endloop
  endfacet
  facet normal -0.128289 0.0255201 0.991408
    outer loop
      vertex -4.75894 0.626526 0.8
      vertex -4.63644 1.24233 0.8
      vertex -4.96422 0.653552 0.772741
    endloop
  endfacet
  facet normal -0.128286 0.0255187 0.991409
    outer loop
      vertex -4.63644 1.24233 0.8
      vertex -4.83644 1.29592 0.772741
      vertex -4.96422 0.653552 0.772741
    endloop
  endfacet
  facet normal 0.128283 -0.0255177 0.991409
    outer loop
      vertex -4.55365 0.5995 0.772741
      vertex -4.43644 1.18874 0.772741
      vertex -4.75894 0.626526 0.8
    endloop
  endfacet
  facet normal 0.128286 -0.0255196 0.991409
    outer loop
      vertex -4.43644 1.18874 0.772741
      vertex -4.63644 1.24233 0.8
      vertex -4.75894 0.626526 0.8
    endloop
  endfacet
  facet normal 0.376026 -0.0748008 0.923585
    outer loop
      vertex -4.36236 0.574315 0.69282
      vertex -4.25007 1.1388 0.69282
      vertex -4.55365 0.5995 0.772741
    endloop
  endfacet
  facet normal 0.376019 -0.0747967 0.923588
    outer loop
      vertex -4.25007 1.1388 0.69282
      vertex -4.43644 1.18874 0.772741
      vertex -4.55365 0.5995 0.772741
    endloop
  endfacet
  facet normal 0.597865 -0.118928 0.792726
    outer loop
      vertex -4.19809 0.552689 0.565685
      vertex -4.09003 1.09592 0.565685
      vertex -4.36236 0.574315 0.69282
    endloop
  endfacet
  facet normal 0.597869 -0.118931 0.792722
    outer loop
      vertex -4.09003 1.09592 0.565685
      vertex -4.25007 1.1388 0.69282
      vertex -4.36236 0.574315 0.69282
    endloop
  endfacet
  facet normal 0.778721 -0.154894 0.607949
    outer loop
      vertex -4.07204 0.536095 0.4
      vertex -3.96723 1.06302 0.4
      vertex -4.19809 0.552689 0.565685
    endloop
  endfacet
  facet normal 0.778733 -0.154906 0.60793
    outer loop
      vertex -3.96723 1.06302 0.4
      vertex -4.09003 1.09592 0.565685
      vertex -4.19809 0.552689 0.565685
    endloop
  endfacet
  facet normal 0.906419 -0.180313 0.381957
    outer loop
      vertex -3.99281 0.525663 0.207055
      vertex -3.89003 1.04233 0.207055
      vertex -4.07204 0.536095 0.4
    endloop
  endfacet
  facet normal 0.906406 -0.180292 0.381999
    outer loop
      vertex -3.89003 1.04233 0.207055
      vertex -3.96723 1.06302 0.4
      vertex -4.07204 0.536095 0.4
    endloop
  endfacet
  facet normal 0.972427 -0.193434 0.130269
    outer loop
      vertex -3.96578 0.522105 0
      vertex -3.8637 1.03528 0
      vertex -3.99281 0.525663 0.207055
    endloop
  endfacet
  facet normal 0.972428 -0.193444 0.130245
    outer loop
      vertex -3.8637 1.03528 0
      vertex -3.89003 1.04233 0.207055
      vertex -3.99281 0.525663 0.207055
    endloop
  endfacet
  facet normal 0.972425 -0.193443 -0.130269
    outer loop
      vertex -3.99281 0.525663 -0.207055
      vertex -3.89003 1.04233 -0.207055
      vertex -3.96578 0.522105 0
    endloop
  endfacet
  facet normal 0.97243 -0.193434 -0.130245
    outer loop
      vertex -3.89003 1.04233 -0.207055
      vertex -3.8637 1.03528 0
      vertex -3.96578 0.522105 0
    endloop
  endfacet
  facet normal 0.906423 -0.180295 -0.381957
    outer loop
      vertex -4.07204 0.536095 -0.4
      vertex -3.96723 1.06302 -0.4
      vertex -3.99281 0.525663 -0.207055
    endloop
  endfacet
  facet normal 0.906402 -0.18031 -0.381999
    outer loop
      vertex -3.96723 1.06302 -0.4
      vertex -3.89003 1.04233 -0.207055
      vertex -3.99281 0.525663 -0.207055
    endloop
  endfacet
  facet normal 0.778719 -0.154903 -0.607949
    outer loop
      vertex -4.19809 0.552689 -0.565685
      vertex -4.09003 1.09592 -0.565685
      vertex -4.07204 0.536095 -0.4
    endloop
  endfacet
  facet normal 0.778735 -0.154897 -0.60793
    outer loop
      vertex -4.09003 1.09592 -0.565685
      vertex -3.96723 1.06302 -0.4
      vertex -4.07204 0.536095 -0.4
    endloop
  endfacet
  facet normal 0.597864 -0.11893 -0.792726
    outer loop
      vertex -4.36236 0.574315 -0.69282
      vertex -4.25007 1.1388 -0.69282
      vertex -4.19809 0.552689 -0.565685
    endloop
  endfacet
  facet normal 0.59787 -0.118929 -0.792722
    outer loop
      vertex -4.25007 1.1388 -0.69282
      vertex -4.09003 1.09592 -0.565685
      vertex -4.19809 0.552689 -0.565685
    endloop
  endfacet
  facet normal 0.376026 -0.0747981 -0.923585
    outer loop
      vertex -4.55365 0.5995 -0.772741
      vertex -4.43644 1.18874 -0.772741
      vertex -4.36236 0.574315 -0.69282
    endloop
  endfacet
  facet normal 0.376019 -0.0747994 -0.923588
    outer loop
      vertex -4.43644 1.18874 -0.772741
      vertex -4.25007 1.1388 -0.69282
      vertex -4.36236 0.574315 -0.69282
    endloop
  endfacet
  facet normal 0.128283 -0.0255189 -0.991409
    outer loop
      vertex -4.75894 0.626526 -0.8
      vertex -4.63644 1.24233 -0.8
      vertex -4.55365 0.5995 -0.772741
    endloop
  endfacet
  facet normal 0.128286 -0.0255184 -0.991409
    outer loop
      vertex -4.63644 1.24233 -0.8
      vertex -4.43644 1.18874 -0.772741
      vertex -4.55365 0.5995 -0.772741
    endloop
  endfacet
  facet normal -0.128289 0.0255192 -0.991408
    outer loop
      vertex -4.96422 0.653552 -0.772741
      vertex -4.83644 1.29592 -0.772741
      vertex -4.75894 0.626526 -0.8
    endloop
  endfacet
  facet normal -0.128286 0.0255196 -0.991409
    outer loop
      vertex -4.83644 1.29592 -0.772741
      vertex -4.63644 1.24233 -0.8
      vertex -4.75894 0.626526 -0.8
    endloop
  endfacet
  facet normal -0.376027 0.0747968 -0.923585
    outer loop
      vertex -5.15551 0.678736 -0.69282
      vertex -5.02281 1.34586 -0.69282
      vertex -4.96422 0.653552 -0.772741
    endloop
  endfacet
  facet normal -0.376019 0.0747978 -0.923588
    outer loop
      vertex -5.02281 1.34586 -0.69282
      vertex -4.83644 1.29592 -0.772741
      vertex -4.96422 0.653552 -0.772741
    endloop
  endfacet
  facet normal -0.597865 0.118926 -0.792726
    outer loop
      vertex -5.31978 0.700363 -0.565685
      vertex -5.18285 1.38874 -0.565685
      vertex -5.15551 0.678736 -0.69282
    endloop
  endfacet
  facet normal -0.597871 0.118925 -0.792722
    outer loop
      vertex -5.18285 1.38874 -0.565685
      vertex -5.02281 1.34586 -0.69282
      vertex -5.15551 0.678736 -0.69282
    endloop
  endfacet
  facet normal -0.77872 0.154895 -0.607949
    outer loop
      vertex -5.44583 0.716957 -0.4
      vertex -5.30566 1.42165 -0.4
      vertex -5.31978 0.700363 -0.565685
    endloop
  endfacet
  facet normal -0.778707 0.154898 -0.607965
    outer loop
      vertex -5.30566 1.42165 -0.4
      vertex -5.18285 1.38874 -0.565685
      vertex -5.31978 0.700363 -0.565685
    endloop
  endfacet
  facet normal -0.906422 0.180298 -0.381957
    outer loop
      vertex -5.52506 0.727389 -0.207055
      vertex -5.38285 1.44233 -0.207055
      vertex -5.44583 0.716957 -0.4
    endloop
  endfacet
  facet normal -0.906425 0.180296 -0.381951
    outer loop
      vertex -5.38285 1.44233 -0.207055
      vertex -5.30566 1.42165 -0.4
      vertex -5.44583 0.716957 -0.4
    endloop
  endfacet
  facet normal -0.972427 0.193432 -0.130269
    outer loop
      vertex -5.55209 0.730947 0
      vertex -5.40918 1.44939 0
      vertex -5.52506 0.727389 -0.207055
    endloop
  endfacet
  facet normal -0.97243 0.193427 -0.130254
    outer loop
      vertex -5.40918 1.44939 0
      vertex -5.38285 1.44233 -0.207055
      vertex -5.52506 0.727389 -0.207055
    endloop
  endfacet
  facet normal -0.938865 0.318695 0.130257
    outer loop
      vertex -5.38285 1.44233 0.207055
      vertex -5.14854 2.1326 0.207055
      vertex -5.40918 1.44939 0
    endloop
  endfacet
  facet normal -0.938864 0.318689 0.130274
    outer loop
      vertex -5.14854 2.1326 0.207055
      vertex -5.17373 2.14303 0
      vertex -5.40918 1.44939 0
    endloop
  endfacet
  facet normal -0.875134 0.297079 0.381949
    outer loop
      vertex -5.30566 1.42165 0.4
      vertex -5.0747 2.10201 0.4
      vertex -5.38285 1.44233 0.207055
    endloop
  endfacet
  facet normal -0.875118 0.297056 0.382003
    outer loop
      vertex -5.0747 2.10201 0.4
      vertex -5.14854 2.1326 0.207055
      vertex -5.38285 1.44233 0.207055
    endloop
  endfacet
  facet normal -0.75183 0.255203 0.607967
    outer loop
      vertex -5.18285 1.38874 0.565685
      vertex -4.95725 2.05336 0.565685
      vertex -5.30566 1.42165 0.4
    endloop
  endfacet
  facet normal -0.751859 0.255232 0.607918
    outer loop
      vertex -4.95725 2.05336 0.565685
      vertex -5.0747 2.10201 0.4
      vertex -5.30566 1.42165 0.4
    endloop
  endfacet
  facet normal -0.577234 0.195945 0.792721
    outer loop
      vertex -5.02281 1.34586 0.69282
      vertex -4.80417 1.98995 0.69282
      vertex -5.18285 1.38874 0.565685
    endloop
  endfacet
  facet normal -0.577218 0.195932 0.792736
    outer loop
      vertex -4.80417 1.98995 0.69282
      vertex -4.95725 2.05336 0.565685
      vertex -5.18285 1.38874 0.565685
    endloop
  endfacet
  facet normal -0.363041 0.12323 0.923588
    outer loop
      vertex -4.83644 1.29592 0.772741
      vertex -4.62592 1.91612 0.772741
      vertex -5.02281 1.34586 0.69282
    endloop
  endfacet
  facet normal -0.363055 0.123241 0.923581
    outer loop
      vertex -4.62592 1.91612 0.772741
      vertex -4.80417 1.98995 0.69282
      vertex -5.02281 1.34586 0.69282
    endloop
  endfacet
  facet normal -0.123858 0.0420437 0.991409
    outer loop
      vertex -4.63644 1.24233 0.8
      vertex -4.43462 1.83688 0.8
      vertex -4.83644 1.29592 0.772741
    endloop
  endfacet
  facet normal -0.123855 0.0420412 0.991409
    outer loop
      vertex -4.43462 1.83688 0.8
      vertex -4.62592 1.91612 0.772741
      vertex -4.83644 1.29592 0.772741
    endloop
  endfacet
  facet normal 0.123859 -0.0420431 0.991409
    outer loop
      vertex -4.43644 1.18874 0.772741
      vertex -4.24333 1.75764 0.772741
      vertex -4.63644 1.24233 0.8
    endloop
  endfacet
  facet normal 0.12386 -0.0420443 0.991409
    outer loop
      vertex -4.24333 1.75764 0.772741
      vertex -4.43462 1.83688 0.8
      vertex -4.63644 1.24233 0.8
    endloop
  endfacet
  facet normal 0.363041 -0.123232 0.923588
    outer loop
      vertex -4.25007 1.1388 0.69282
      vertex -4.06507 1.68381 0.69282
      vertex -4.43644 1.18874 0.772741
    endloop
  endfacet
  facet normal 0.363042 -0.123233 0.923588
    outer loop
      vertex -4.06507 1.68381 0.69282
      vertex -4.24333 1.75764 0.772741
      vertex -4.43644 1.18874 0.772741
    endloop
  endfacet
  facet normal 0.577236 -0.195938 0.792721
    outer loop
      vertex -4.09003 1.09592 0.565685
      vertex -3.912 1.6204 0.565685
      vertex -4.25007 1.1388 0.69282
    endloop
  endfacet
  facet normal 0.577238 -0.19594 0.792719
    outer loop
      vertex -3.912 1.6204 0.565685
      vertex -4.06507 1.68381 0.69282
      vertex -4.25007 1.1388 0.69282
    endloop
  endfacet
  facet normal 0.751855 -0.25522 0.607928
    outer loop
      vertex -3.96723 1.06302 0.4
      vertex -3.79454 1.57175 0.4
      vertex -4.09003 1.09592 0.565685
    endloop
  endfacet
  facet normal 0.751845 -0.255207 0.607946
    outer loop
      vertex -3.79454 1.57175 0.4
      vertex -3.912 1.6204 0.565685
      vertex -4.09003 1.09592 0.565685
    endloop
  endfacet
  facet normal 0.875118 -0.297057 0.382001
    outer loop
      vertex -3.89003 1.04233 0.207055
      vertex -3.7207 1.54117 0.207055
      vertex -3.96723 1.06302 0.4
    endloop
  endfacet
  facet normal 0.875121 -0.297063 0.38199
    outer loop
      vertex -3.7207 1.54117 0.207055
      vertex -3.79454 1.57175 0.4
      vertex -3.96723 1.06302 0.4
    endloop
  endfacet
  facet normal 0.938866 -0.318697 0.130242
    outer loop
      vertex -3.8637 1.03528 0
      vertex -3.69552 1.53073 0
      vertex -3.89003 1.04233 0.207055
    endloop
  endfacet
  facet normal 0.938866 -0.318696 0.130245
    outer loop
      vertex -3.69552 1.53073 0
      vertex -3.7207 1.54117 0.207055
      vertex -3.89003 1.04233 0.207055
    endloop
  endfacet
  facet normal 0.938866 -0.318696 -0.130242
    outer loop
      vertex -3.89003 1.04233 -0.207055
      vertex -3.7207 1.54117 -0.207055
      vertex -3.8637 1.03528 0
    endloop
  endfacet
  facet normal 0.938866 -0.318697 -0.130245
    outer loop
      vertex -3.7207 1.54117 -0.207055
      vertex -3.69552 1.53073 0
      vertex -3.8637 1.03528 0
    endloop
  endfacet
  facet normal 0.875117 -0.297061 -0.382001
    outer loop
      vertex -3.96723 1.06302 -0.4
      vertex -3.79454 1.57175 -0.4
      vertex -3.89003 1.04233 -0.207055
    endloop
  endfacet
  facet normal 0.875123 -0.297058 -0.38199
    outer loop
      vertex -3.79454 1.57175 -0.4
      vertex -3.7207 1.54117 -0.207055
      vertex -3.89003 1.04233 -0.207055
    endloop
  endfacet
  facet normal 0.751858 -0.255211 -0.607928
    outer loop
      vertex -4.09003 1.09592 -0.565685
      vertex -3.912 1.6204 -0.565685
      vertex -3.96723 1.06302 -0.4
    endloop
  endfacet
  facet normal 0.751842 -0.255215 -0.607946
    outer loop
      vertex -3.912 1.6204 -0.565685
      vertex -3.79454 1.57175 -0.4
      vertex -3.96723 1.06302 -0.4
    endloop
  endfacet
  facet normal 0.577236 -0.195939 -0.792721
    outer loop
      vertex -4.25007 1.1388 -0.69282
      vertex -4.06507 1.68381 -0.69282
      vertex -4.09003 1.09592 -0.565685
    endloop
  endfacet
  facet normal 0.577239 -0.195938 -0.792719
    outer loop
      vertex -4.06507 1.68381 -0.69282
      vertex -3.912 1.6204 -0.565685
      vertex -4.09003 1.09592 -0.565685
    endloop
  endfacet
  facet normal 0.363041 -0.123232 -0.923588
    outer loop
      vertex -4.43644 1.18874 -0.772741
      vertex -4.24333 1.75764 -0.772741
      vertex -4.25007 1.1388 -0.69282
    endloop
  endfacet
  facet normal 0.363042 -0.123232 -0.923588
    outer loop
      vertex -4.24333 1.75764 -0.772741
      vertex -4.06507 1.68381 -0.69282
      vertex -4.25007 1.1388 -0.69282
    endloop
  endfacet
  facet normal 0.123858 -0.0420437 -0.991409
    outer loop
      vertex -4.63644 1.24233 -0.8
      vertex -4.43462 1.83688 -0.8
      vertex -4.43644 1.18874 -0.772741
    endloop
  endfacet
  facet normal 0.12386 -0.0420437 -0.991409
    outer loop
      vertex -4.43462 1.83688 -0.8
      vertex -4.24333 1.75764 -0.772741
      vertex -4.43644 1.18874 -0.772741
    endloop
  endfacet
  facet normal -0.123859 0.0420425 -0.991409
    outer loop
      vertex -4.83644 1.29592 -0.772741
      vertex -4.62592 1.91612 -0.772741
      vertex -4.63644 1.24233 -0.8
    endloop
  endfacet
  facet normal -0.123855 0.0420424 -0.991409
    outer loop
      vertex -4.62592 1.91612 -0.772741
      vertex -4.43462 1.83688 -0.8
      vertex -4.63644 1.24233 -0.8
    endloop
  endfacet
  facet normal -0.36304 0.123236 -0.923588
    outer loop
      vertex -5.02281 1.34586 -0.69282
      vertex -4.80417 1.98995 -0.69282
      vertex -4.83644 1.29592 -0.772741
    endloop
  endfacet
  facet normal -0.363058 0.123236 -0.923581
    outer loop
      vertex -4.80417 1.98995 -0.69282
      vertex -4.62592 1.91612 -0.772741
      vertex -4.83644 1.29592 -0.772741
    endloop
  endfacet
  facet normal -0.577236 0.195938 -0.792721
    outer loop
      vertex -5.18285 1.38874 -0.565685
      vertex -4.95725 2.05336 -0.565685
      vertex -5.02281 1.34586 -0.69282
    endloop
  endfacet
  facet normal -0.577215 0.195939 -0.792736
    outer loop
      vertex -4.95725 2.05336 -0.565685
      vertex -4.80417 1.98995 -0.69282
      vertex -5.02281 1.34586 -0.69282
    endloop
  endfacet
  facet normal -0.751825 0.25522 -0.607966
    outer loop
      vertex -5.30566 1.42165 -0.4
      vertex -5.0747 2.10201 -0.4
      vertex -5.18285 1.38874 -0.565685
    endloop
  endfacet
  facet normal -0.751866 0.255215 -0.607917
    outer loop
      vertex -5.0747 2.10201 -0.4
      vertex -4.95725 2.05336 -0.565685
      vertex -5.18285 1.38874 -0.565685
    endloop
  endfacet
  facet normal -0.875139 0.297063 -0.381949
    outer loop
      vertex -5.38285 1.44233 -0.207055
      vertex -5.14854 2.1326 -0.207055
      vertex -5.30566 1.42165 -0.4
    endloop
  endfacet
  facet normal -0.875112 0.297072 -0.382004
    outer loop
      vertex -5.14854 2.1326 -0.207055
      vertex -5.0747 2.10201 -0.4
      vertex -5.30566 1.42165 -0.4
    endloop
  endfacet
  facet normal -0.938866 0.31869 -0.130257
    outer loop
      vertex -5.40918 1.44939 0
      vertex -5.17373 2.14303 0
      vertex -5.38285 1.44233 -0.207055
    endloop
  endfacet
  facet normal -0.938863 0.318694 -0.130274
    outer loop
      vertex -5.17373 2.14303 0
      vertex -5.14854 2.1326 -0.207055
      vertex -5.38285 1.44233 -0.207055
    endloop
  endfacet
  facet normal -0.889232 0.438516 0.130272
    outer loop
      vertex -5.14854 2.1326 0.207055
      vertex -4.82614 2.78637 0.207055
      vertex -5.17373 2.14303 0
    endloop
  endfacet
  facet normal -0.889231 0.438532 0.130222
    outer loop
      vertex -4.82614 2.78637 0.207055
      vertex -4.84974 2.8 0
      vertex -5.17373 2.14303 0
    endloop
  endfacet
  facet normal -0.828855 0.408742 0.382006
    outer loop
      vertex -5.0747 2.10201 0.4
      vertex -4.75692 2.74641 0.4
      vertex -5.14854 2.1326 0.207055
    endloop
  endfacet
  facet normal -0.828855 0.408741 0.382008
    outer loop
      vertex -4.75692 2.74641 0.4
      vertex -4.82614 2.78637 0.207055
      vertex -5.14854 2.1326 0.207055
    endloop
  endfacet
  facet normal -0.712115 0.351182 0.607918
    outer loop
      vertex -4.95725 2.05336 0.565685
      vertex -4.64682 2.68284 0.565685
      vertex -5.0747 2.10201 0.4
    endloop
  endfacet
  facet normal -0.712104 0.351167 0.607939
    outer loop
      vertex -4.64682 2.68284 0.565685
      vertex -4.75692 2.74641 0.4
      vertex -5.0747 2.10201 0.4
    endloop
  endfacet
  facet normal -0.546702 0.269601 0.792737
    outer loop
      vertex -4.80417 1.98995 0.69282
      vertex -4.50333 2.6 0.69282
      vertex -4.95725 2.05336 0.565685
    endloop
  endfacet
  facet normal -0.546715 0.269614 0.792724
    outer loop
      vertex -4.50333 2.6 0.69282
      vertex -4.64682 2.68284 0.565685
      vertex -4.95725 2.05336 0.565685
    endloop
  endfacet
  facet normal -0.343864 0.169576 0.923581
    outer loop
      vertex -4.62592 1.91612 0.772741
      vertex -4.33624 2.50353 0.772741
      vertex -4.80417 1.98995 0.69282
    endloop
  endfacet
  facet normal -0.343858 0.16957 0.923584
    outer loop
      vertex -4.33624 2.50353 0.772741
      vertex -4.50333 2.6 0.69282
      vertex -4.80417 1.98995 0.69282
    endloop
  endfacet
  facet normal -0.117307 0.0578494 0.991409
    outer loop
      vertex -4.43462 1.83688 0.8
      vertex -4.15692 2.4 0.8
      vertex -4.62592 1.91612 0.772741
    endloop
  endfacet
  facet normal -0.117308 0.05785 0.991409
    outer loop
      vertex -4.15692 2.4 0.8
      vertex -4.33624 2.50353 0.772741
      vertex -4.62592 1.91612 0.772741
    endloop
  endfacet
  facet normal 0.117312 -0.0578516 0.991409
    outer loop
      vertex -4.24333 1.75764 0.772741
      vertex -3.97761 2.29647 0.772741
      vertex -4.43462 1.83688 0.8
    endloop
  endfacet
  facet normal 0.117313 -0.0578523 0.991409
    outer loop
      vertex -3.97761 2.29647 0.772741
      vertex -4.15692 2.4 0.8
      vertex -4.43462 1.83688 0.8
    endloop
  endfacet
  facet normal 0.34385 -0.16957 0.923587
    outer loop
      vertex -4.06507 1.68381 0.69282
      vertex -3.81051 2.2 0.69282
      vertex -4.24333 1.75764 0.772741
    endloop
  endfacet
  facet normal 0.343844 -0.169564 0.92359
    outer loop
      vertex -3.81051 2.2 0.69282
      vertex -3.97761 2.29647 0.772741
      vertex -4.24333 1.75764 0.772741
    endloop
  endfacet
  facet normal 0.546718 -0.269617 0.792721
    outer loop
      vertex -3.912 1.6204 0.565685
      vertex -3.66702 2.11716 0.565685
      vertex -4.06507 1.68381 0.69282
    endloop
  endfacet
  facet normal 0.546715 -0.269614 0.792724
    outer loop
      vertex -3.66702 2.11716 0.565685
      vertex -3.81051 2.2 0.69282
      vertex -4.06507 1.68381 0.69282
    endloop
  endfacet
  facet normal 0.712097 -0.351171 0.607945
    outer loop
      vertex -3.79454 1.57175 0.4
      vertex -3.55692 2.05359 0.4
      vertex -3.912 1.6204 0.565685
    endloop
  endfacet
  facet normal 0.712099 -0.351176 0.607939
    outer loop
      vertex -3.55692 2.05359 0.4
      vertex -3.66702 2.11716 0.565685
      vertex -3.912 1.6204 0.565685
    endloop
  endfacet
  facet normal 0.828862 -0.408747 0.381988
    outer loop
      vertex -3.7207 1.54117 0.207055
      vertex -3.48771 2.01363 0.207055
      vertex -3.79454 1.57175 0.4
    endloop
  endfacet
  facet normal 0.828864 -0.408756 0.381972
    outer loop
      vertex -3.48771 2.01363 0.207055
      vertex -3.55692 2.05359 0.4
      vertex -3.79454 1.57175 0.4
    endloop
  endfacet
  facet normal 0.889231 -0.438523 0.130251
    outer loop
      vertex -3.69552 1.53073 0
      vertex -3.4641 2 0
      vertex -3.7207 1.54117 0.207055
    endloop
  endfacet
  facet normal 0.889232 -0.438518 0.130264
    outer loop
      vertex -3.4641 2 0
      vertex -3.48771 2.01363 0.207055
      vertex -3.7207 1.54117 0.207055
    endloop
  endfacet
  facet normal 0.889233 -0.438519 -0.130251
    outer loop
      vertex -3.7207 1.54117 -0.207055
      vertex -3.48771 2.01363 -0.207055
      vertex -3.69552 1.53073 0
    endloop
  endfacet
  facet normal 0.88923 -0.438523 -0.130264
    outer loop
      vertex -3.48771 2.01363 -0.207055
      vertex -3.4641 2 0
      vertex -3.69552 1.53073 0
    endloop
  endfacet
  facet normal 0.828859 -0.408753 -0.381988
    outer loop
      vertex -3.79454 1.57175 -0.4
      vertex -3.55692 2.05359 -0.4
      vertex -3.7207 1.54117 -0.207055
    endloop
  endfacet
  facet normal 0.828867 -0.40875 -0.381972
    outer loop
      vertex -3.55692 2.05359 -0.4
      vertex -3.48771 2.01363 -0.207055
      vertex -3.7207 1.54117 -0.207055
    endloop
  endfacet
  facet normal 0.712095 -0.351174 -0.607945
    outer loop
      vertex -3.912 1.6204 -0.565685
      vertex -3.66702 2.11716 -0.565685
      vertex -3.79454 1.57175 -0.4
    endloop
  endfacet
  facet normal 0.712101 -0.351173 -0.607939
    outer loop
      vertex -3.66702 2.11716 -0.565685
      vertex -3.55692 2.05359 -0.4
      vertex -3.79454 1.57175 -0.4
    endloop
  endfacet
  facet normal 0.546719 -0.269615 -0.792721
    outer loop
      vertex -4.06507 1.68381 -0.69282
      vertex -3.81051 2.2 -0.69282
      vertex -3.912 1.6204 -0.565685
    endloop
  endfacet
  facet normal 0.546714 -0.269615 -0.792724
    outer loop
      vertex -3.81051 2.2 -0.69282
      vertex -3.66702 2.11716 -0.565685
      vertex -3.912 1.6204 -0.565685
    endloop
  endfacet
  facet normal 0.343851 -0.169567 -0.923587
    outer loop
      vertex -4.24333 1.75764 -0.772741
      vertex -3.97761 2.29647 -0.772741
      vertex -4.06507 1.68381 -0.69282
    endloop
  endfacet
  facet normal 0.343843 -0.169567 -0.92359
    outer loop
      vertex -3.97761 2.29647 -0.772741
      vertex -3.81051 2.2 -0.69282
      vertex -4.06507 1.68381 -0.69282
    endloop
  endfacet
  facet normal 0.117312 -0.0578519 -0.991409
    outer loop
      vertex -4.43462 1.83688 -0.8
      vertex -4.15692 2.4 -0.8
      vertex -4.24333 1.75764 -0.772741
    endloop
  endfacet
  facet normal 0.117313 -0.057852 -0.991409
    outer loop
      vertex -4.15692 2.4 -0.8
      vertex -3.97761 2.29647 -0.772741
      vertex -4.24333 1.75764 -0.772741
    endloop
  endfacet
  facet normal -0.117307 0.0578497 -0.991409
    outer loop
      vertex -4.62592 1.91612 -0.772741
      vertex -4.33624 2.50353 -0.772741
      vertex -4.43462 1.83688 -0.8
    endloop
  endfacet
  facet normal -0.117308 0.0578498 -0.991409
    outer loop
      vertex -4.33624 2.50353 -0.772741
      vertex -4.15692 2.4 -0.8
      vertex -4.43462 1.83688 -0.8
    endloop
  endfacet
  facet normal -0.343865 0.169573 -0.923581
    outer loop
      vertex -4.80417 1.98995 -0.69282
      vertex -4.50333 2.6 -0.69282
      vertex -4.62592 1.91612 -0.772741
    endloop
  endfacet
  facet normal -0.343857 0.169572 -0.923584
    outer loop
      vertex -4.50333 2.6 -0.69282
      vertex -4.33624 2.50353 -0.772741
      vertex -4.62592 1.91612 -0.772741
    endloop
  endfacet
  facet normal -0.5467 0.269607 -0.792737
    outer loop
      vertex -4.95725 2.05336 -0.565685
      vertex -4.64682 2.68284 -0.565685
      vertex -4.80417 1.98995 -0.69282
    endloop
  endfacet
  facet normal -0.546718 0.269608 -0.792724
    outer loop
      vertex -4.64682 2.68284 -0.565685
      vertex -4.50333 2.6 -0.69282
      vertex -4.80417 1.98995 -0.69282
    endloop
  endfacet
  facet normal -0.712118 0.351175 -0.607918
    outer loop
      vertex -5.0747 2.10201 -0.4
      vertex -4.75692 2.74641 -0.4
      vertex -4.95725 2.05336 -0.565685
    endloop
  endfacet
  facet normal -0.7121 0.351174 -0.607939
    outer loop
      vertex -4.75692 2.74641 -0.4
      vertex -4.64682 2.68284 -0.565685
      vertex -4.95725 2.05336 -0.565685
    endloop
  endfacet
  facet normal -0.828856 0.408742 -0.382006
    outer loop
      vertex -5.14854 2.1326 -0.207055
      vertex -4.82614 2.78637 -0.207055
      vertex -5.0747 2.10201 -0.4
    endloop
  endfacet
  facet normal -0.828854 0.408742 -0.382008
    outer loop
      vertex -4.82614 2.78637 -0.207055
      vertex -4.75692 2.74641 -0.4
      vertex -5.0747 2.10201 -0.4
    endloop
  endfacet
  facet normal -0.889225 0.438529 -0.130272
    outer loop
      vertex -5.17373 2.14303 0
      vertex -4.84974 2.8 0
      vertex -5.14854 2.1326 -0.207055
    endloop
  endfacet
  facet normal -0.889238 0.438519 -0.130222
    outer loop
      vertex -4.84974 2.8 0
      vertex -4.82614 2.78637 -0.207055
      vertex -5.14854 2.1326 -0.207055
    endloop
  endfacet
  facet normal -0.824385 0.550846 0.130224
    outer loop
      vertex -4.82614 2.78637 0.207055
      vertex -4.42115 3.39247 0.207055
      vertex -4.84974 2.8 0
    endloop
  endfacet
  facet normal -0.824387 0.550836 0.130255
    outer loop
      vertex -4.42115 3.39247 0.207055
      vertex -4.44278 3.40906 0
      vertex -4.84974 2.8 0
    endloop
  endfacet
  facet normal -0.768414 0.51343 0.382007
    outer loop
      vertex -4.75692 2.74641 0.4
      vertex -4.35775 3.34382 0.4
      vertex -4.82614 2.78637 0.207055
    endloop
  endfacet
  facet normal -0.768422 0.513452 0.381961
    outer loop
      vertex -4.35775 3.34382 0.4
      vertex -4.42115 3.39247 0.207055
      vertex -4.82614 2.78637 0.207055
    endloop
  endfacet
  facet normal -0.66017 0.441117 0.60794
    outer loop
      vertex -4.64682 2.68284 0.565685
      vertex -4.25688 3.26642 0.565685
      vertex -4.75692 2.74641 0.4
    endloop
  endfacet
  facet normal -0.660159 0.441097 0.607967
    outer loop
      vertex -4.25688 3.26642 0.565685
      vertex -4.35775 3.34382 0.4
      vertex -4.75692 2.74641 0.4
    endloop
  endfacet
  facet normal -0.506851 0.338662 0.792723
    outer loop
      vertex -4.50333 2.6 0.69282
      vertex -4.12544 3.16556 0.69282
      vertex -4.64682 2.68284 0.565685
    endloop
  endfacet
  facet normal -0.506862 0.338678 0.792709
    outer loop
      vertex -4.12544 3.16556 0.69282
      vertex -4.25688 3.26642 0.565685
      vertex -4.64682 2.68284 0.565685
    endloop
  endfacet
  facet normal -0.31878 0.213008 0.923584
    outer loop
      vertex -4.33624 2.50353 0.772741
      vertex -3.97236 3.0481 0.772741
      vertex -4.50333 2.6 0.69282
    endloop
  endfacet
  facet normal -0.318766 0.21299 0.923593
    outer loop
      vertex -3.97236 3.0481 0.772741
      vertex -4.12544 3.16556 0.69282
      vertex -4.50333 2.6 0.69282
    endloop
  endfacet
  facet normal -0.108754 0.0726662 0.991409
    outer loop
      vertex -4.15692 2.4 0.8
      vertex -3.8081 2.92205 0.8
      vertex -4.33624 2.50353 0.772741
    endloop
  endfacet
  facet normal -0.108758 0.0726716 0.991408
    outer loop
      vertex -3.8081 2.92205 0.8
      vertex -3.97236 3.0481 0.772741
      vertex -4.33624 2.50353 0.772741
    endloop
  endfacet
  facet normal 0.108758 -0.0726692 0.991409
    outer loop
      vertex -3.97761 2.29647 0.772741
      vertex -3.64383 2.79601 0.772741
      vertex -4.15692 2.4 0.8
    endloop
  endfacet
  facet normal 0.108758 -0.072669 0.991409
    outer loop
      vertex -3.64383 2.79601 0.772741
      vertex -3.8081 2.92205 0.8
      vertex -4.15692 2.4 0.8
    endloop
  endfacet
  facet normal 0.31877 -0.212997 0.92359
    outer loop
      vertex -3.81051 2.2 0.69282
      vertex -3.49075 2.67855 0.69282
      vertex -3.97761 2.29647 0.772741
    endloop
  endfacet
  facet normal 0.318765 -0.212991 0.923593
    outer loop
      vertex -3.49075 2.67855 0.69282
      vertex -3.64383 2.79601 0.772741
      vertex -3.97761 2.29647 0.772741
    endloop
  endfacet
  facet normal 0.506852 -0.338661 0.792723
    outer loop
      vertex -3.66702 2.11716 0.565685
      vertex -3.35931 2.57769 0.565685
      vertex -3.81051 2.2 0.69282
    endloop
  endfacet
  facet normal 0.506862 -0.338678 0.792709
    outer loop
      vertex -3.35931 2.57769 0.565685
      vertex -3.49075 2.67855 0.69282
      vertex -3.81051 2.2 0.69282
    endloop
  endfacet
  facet normal 0.66017 -0.441118 0.60794
    outer loop
      vertex -3.55692 2.05359 0.4
      vertex -3.25844 2.50029 0.4
      vertex -3.66702 2.11716 0.565685
    endloop
  endfacet
  facet normal 0.660159 -0.441095 0.607967
    outer loop
      vertex -3.25844 2.50029 0.4
      vertex -3.35931 2.57769 0.565685
      vertex -3.66702 2.11716 0.565685
    endloop
  endfacet
  facet normal 0.768421 -0.513445 0.381973
    outer loop
      vertex -3.48771 2.01363 0.207055
      vertex -3.19504 2.45164 0.207055
      vertex -3.55692 2.05359 0.4
    endloop
  endfacet
  facet normal 0.768423 -0.513452 0.381961
    outer loop
      vertex -3.19504 2.45164 0.207055
      vertex -3.25844 2.50029 0.4
      vertex -3.55692 2.05359 0.4
    endloop
  endfacet
  facet normal 0.824386 -0.550835 0.130263
    outer loop
      vertex -3.4641 2 0
      vertex -3.17341 2.43505 0
      vertex -3.48771 2.01363 0.207055
    endloop
  endfacet
  facet normal 0.824385 -0.550838 0.130255
    outer loop
      vertex -3.17341 2.43505 0
      vertex -3.19504 2.45164 0.207055
      vertex -3.48771 2.01363 0.207055
    endloop
  endfacet
  facet normal 0.824384 -0.550838 -0.130263
    outer loop
      vertex -3.48771 2.01363 -0.207055
      vertex -3.19504 2.45164 -0.207055
      vertex -3.4641 2 0
    endloop
  endfacet
  facet normal 0.824387 -0.550836 -0.130255
    outer loop
      vertex -3.19504 2.45164 -0.207055
      vertex -3.17341 2.43505 0
      vertex -3.4641 2 0
    endloop
  endfacet
  facet normal 0.768419 -0.513449 -0.381972
    outer loop
      vertex -3.55692 2.05359 -0.4
      vertex -3.25844 2.50029 -0.4
      vertex -3.48771 2.01363 -0.207055
    endloop
  endfacet
  facet normal 0.768426 -0.513447 -0.381961
    outer loop
      vertex -3.25844 2.50029 -0.4
      vertex -3.19504 2.45164 -0.207055
      vertex -3.48771 2.01363 -0.207055
    endloop
  endfacet
  facet normal 0.660177 -0.441107 -0.60794
    outer loop
      vertex -3.66702 2.11716 -0.565685
      vertex -3.35931 2.57769 -0.565685
      vertex -3.55692 2.05359 -0.4
    endloop
  endfacet
  facet normal 0.660152 -0.441106 -0.607968
    outer loop
      vertex -3.35931 2.57769 -0.565685
      vertex -3.25844 2.50029 -0.4
      vertex -3.55692 2.05359 -0.4
    endloop
  endfacet
  facet normal 0.506848 -0.338668 -0.792723
    outer loop
      vertex -3.81051 2.2 -0.69282
      vertex -3.49075 2.67855 -0.69282
      vertex -3.66702 2.11716 -0.565685
    endloop
  endfacet
  facet normal 0.506868 -0.338671 -0.792709
    outer loop
      vertex -3.49075 2.67855 -0.69282
      vertex -3.35931 2.57769 -0.565685
      vertex -3.66702 2.11716 -0.565685
    endloop
  endfacet
  facet normal 0.318771 -0.212995 -0.92359
    outer loop
      vertex -3.97761 2.29647 -0.772741
      vertex -3.64383 2.79601 -0.772741
      vertex -3.81051 2.2 -0.69282
    endloop
  endfacet
  facet normal 0.318763 -0.212993 -0.923593
    outer loop
      vertex -3.64383 2.79601 -0.772741
      vertex -3.49075 2.67855 -0.69282
      vertex -3.81051 2.2 -0.69282
    endloop
  endfacet
  facet normal 0.108758 -0.0726691 -0.991409
    outer loop
      vertex -4.15692 2.4 -0.8
      vertex -3.8081 2.92205 -0.8
      vertex -3.97761 2.29647 -0.772741
    endloop
  endfacet
  facet normal 0.108758 -0.072669 -0.991409
    outer loop
      vertex -3.8081 2.92205 -0.8
      vertex -3.64383 2.79601 -0.772741
      vertex -3.97761 2.29647 -0.772741
    endloop
  endfacet
  facet normal -0.108752 0.0726681 -0.991409
    outer loop
      vertex -4.33624 2.50353 -0.772741
      vertex -3.97236 3.0481 -0.772741
      vertex -4.15692 2.4 -0.8
    endloop
  endfacet
  facet normal -0.108759 0.0726699 -0.991408
    outer loop
      vertex -3.97236 3.0481 -0.772741
      vertex -3.8081 2.92205 -0.8
      vertex -4.15692 2.4 -0.8
    endloop
  endfacet
  facet normal -0.318783 0.213001 -0.923584
    outer loop
      vertex -4.50333 2.6 -0.69282
      vertex -4.12544 3.16556 -0.69282
      vertex -4.33624 2.50353 -0.772741
    endloop
  endfacet
  facet normal -0.318762 0.212996 -0.923593
    outer loop
      vertex -4.12544 3.16556 -0.69282
      vertex -3.97236 3.0481 -0.772741
      vertex -4.33624 2.50353 -0.772741
    endloop
  endfacet
  facet normal -0.506847 0.338668 -0.792723
    outer loop
      vertex -4.64682 2.68284 -0.565685
      vertex -4.25688 3.26642 -0.565685
      vertex -4.50333 2.6 -0.69282
    endloop
  endfacet
  facet normal -0.506866 0.338673 -0.792709
    outer loop
      vertex -4.25688 3.26642 -0.565685
      vertex -4.12544 3.16556 -0.69282
      vertex -4.50333 2.6 -0.69282
    endloop
  endfacet
  facet normal -0.660176 0.441108 -0.60794
    outer loop
      vertex -4.75692 2.74641 -0.4
      vertex -4.35775 3.34382 -0.4
      vertex -4.64682 2.68284 -0.565685
    endloop
  endfacet
  facet normal -0.660153 0.441105 -0.607968
    outer loop
      vertex -4.35775 3.34382 -0.4
      vertex -4.25688 3.26642 -0.565685
      vertex -4.64682 2.68284 -0.565685
    endloop
  endfacet
  facet normal -0.768407 0.513442 -0.382006
    outer loop
      vertex -4.82614 2.78637 -0.207055
      vertex -4.42115 3.39247 -0.207055
      vertex -4.75692 2.74641 -0.4
    endloop
  endfacet
  facet normal -0.76843 0.51344 -0.38196
    outer loop
      vertex -4.42115 3.39247 -0.207055
      vertex -4.35775 3.34382 -0.4
      vertex -4.75692 2.74641 -0.4
    endloop
  endfacet
  facet normal -0.82439 0.550839 -0.130224
    outer loop
      vertex -4.84974 2.8 0
      vertex -4.44278 3.40906 0
      vertex -4.82614 2.78637 -0.207055
    endloop
  endfacet
  facet normal -0.824382 0.550844 -0.130255
    outer loop
      vertex -4.44278 3.40906 0
      vertex -4.42115 3.39247 -0.207055
      vertex -4.82614 2.78637 -0.207055
    endloop
  endfacet
  facet normal -0.745433 0.653731 0.130251
    outer loop
      vertex -4.42115 3.39247 0.207055
      vertex -3.94052 3.94052 0.207055
      vertex -4.44278 3.40906 0
    endloop
  endfacet
  facet normal -0.745436 0.653722 0.130283
    outer loop
      vertex -3.94052 3.94052 0.207055
      vertex -3.9598 3.9598 0
      vertex -4.44278 3.40906 0
    endloop
  endfacet
  facet normal -0.69483 0.609358 0.381961
    outer loop
      vertex -4.35775 3.34382 0.4
      vertex -3.88401 3.88401 0.4
      vertex -4.42115 3.39247 0.207055
    endloop
  endfacet
  facet normal -0.694829 0.609353 0.381971
    outer loop
      vertex -3.88401 3.88401 0.4
      vertex -3.94052 3.94052 0.207055
      vertex -4.42115 3.39247 0.207055
    endloop
  endfacet
  facet normal -0.596933 0.523494 0.607968
    outer loop
      vertex -4.25688 3.26642 0.565685
      vertex -3.79411 3.79411 0.565685
      vertex -4.35775 3.34382 0.4
    endloop
  endfacet
  facet normal -0.596939 0.523508 0.60795
    outer loop
      vertex -3.79411 3.79411 0.565685
      vertex -3.88401 3.88401 0.4
      vertex -4.35775 3.34382 0.4
    endloop
  endfacet
  facet normal -0.458324 0.401934 0.79271
    outer loop
      vertex -4.12544 3.16556 0.69282
      vertex -3.67696 3.67696 0.69282
      vertex -4.25688 3.26642 0.565685
    endloop
  endfacet
  facet normal -0.458327 0.401941 0.792704
    outer loop
      vertex -3.67696 3.67696 0.69282
      vertex -3.79411 3.79411 0.565685
      vertex -4.25688 3.26642 0.565685
    endloop
  endfacet
  facet normal -0.288237 0.252777 0.923593
    outer loop
      vertex -3.97236 3.0481 0.772741
      vertex -3.54052 3.54052 0.772741
      vertex -4.12544 3.16556 0.69282
    endloop
  endfacet
  facet normal -0.288234 0.252771 0.923595
    outer loop
      vertex -3.54052 3.54052 0.772741
      vertex -3.67696 3.67696 0.69282
      vertex -4.12544 3.16556 0.69282
    endloop
  endfacet
  facet normal -0.0983421 0.0862446 0.991408
    outer loop
      vertex -3.8081 2.92205 0.8
      vertex -3.39411 3.39411 0.8
      vertex -3.97236 3.0481 0.772741
    endloop
  endfacet
  facet normal -0.0983407 0.0862424 0.991409
    outer loop
      vertex -3.39411 3.39411 0.8
      vertex -3.54052 3.54052 0.772741
      vertex -3.97236 3.0481 0.772741
    endloop
  endfacet
  facet normal 0.0983412 -0.0862448 0.991409
    outer loop
      vertex -3.64383 2.79601 0.772741
      vertex -3.2477 3.2477 0.772741
      vertex -3.8081 2.92205 0.8
    endloop
  endfacet
  facet normal 0.0983402 -0.0862429 0.991409
    outer loop
      vertex -3.2477 3.2477 0.772741
      vertex -3.39411 3.39411 0.8
      vertex -3.8081 2.92205 0.8
    endloop
  endfacet
  facet normal 0.288238 -0.252775 0.923593
    outer loop
      vertex -3.49075 2.67855 0.69282
      vertex -3.11127 3.11127 0.69282
      vertex -3.64383 2.79601 0.772741
    endloop
  endfacet
  facet normal 0.288247 -0.252791 0.923585
    outer loop
      vertex -3.11127 3.11127 0.69282
      vertex -3.2477 3.2477 0.772741
      vertex -3.64383 2.79601 0.772741
    endloop
  endfacet
  facet normal 0.458316 -0.401943 0.792709
    outer loop
      vertex -3.35931 2.57769 0.565685
      vertex -2.99411 2.99411 0.565685
      vertex -3.49075 2.67855 0.69282
    endloop
  endfacet
  facet normal 0.458305 -0.401917 0.792729
    outer loop
      vertex -2.99411 2.99411 0.565685
      vertex -3.11127 3.11127 0.69282
      vertex -3.49075 2.67855 0.69282
    endloop
  endfacet
  facet normal 0.596931 -0.523497 0.607967
    outer loop
      vertex -3.25844 2.50029 0.4
      vertex -2.90421 2.90421 0.4
      vertex -3.35931 2.57769 0.565685
    endloop
  endfacet
  facet normal 0.596935 -0.523512 0.60795
    outer loop
      vertex -2.90421 2.90421 0.4
      vertex -2.99411 2.99411 0.565685
      vertex -3.35931 2.57769 0.565685
    endloop
  endfacet
  facet normal 0.69483 -0.609358 0.381961
    outer loop
      vertex -3.19504 2.45164 0.207055
      vertex -2.8477 2.8477 0.207055
      vertex -3.25844 2.50029 0.4
    endloop
  endfacet
  facet normal 0.69483 -0.609352 0.381971
    outer loop
      vertex -2.8477 2.8477 0.207055
      vertex -2.90421 2.90421 0.4
      vertex -3.25844 2.50029 0.4
    endloop
  endfacet
  facet normal 0.74544 -0.653724 0.130251
    outer loop
      vertex -3.17341 2.43505 0
      vertex -2.82843 2.82843 0
      vertex -3.19504 2.45164 0.207055
    endloop
  endfacet
  facet normal 0.745434 -0.653737 0.130217
    outer loop
      vertex -2.82843 2.82843 0
      vertex -2.8477 2.8477 0.207055
      vertex -3.19504 2.45164 0.207055
    endloop
  endfacet
  facet normal 0.745431 -0.653734 -0.130251
    outer loop
      vertex -3.19504 2.45164 -0.207055
      vertex -2.8477 2.8477 -0.207055
      vertex -3.17341 2.43505 0
    endloop
  endfacet
  facet normal 0.745443 -0.653727 -0.130217
    outer loop
      vertex -2.8477 2.8477 -0.207055
      vertex -2.82843 2.82843 0
      vertex -3.17341 2.43505 0
    endloop
  endfacet
  facet normal 0.694833 -0.609355 -0.381961
    outer loop
      vertex -3.25844 2.50029 -0.4
      vertex -2.90421 2.90421 -0.4
      vertex -3.19504 2.45164 -0.207055
    endloop
  endfacet
  facet normal 0.694827 -0.609355 -0.381971
    outer loop
      vertex -2.90421 2.90421 -0.4
      vertex -2.8477 2.8477 -0.207055
      vertex -3.19504 2.45164 -0.207055
    endloop
  endfacet
  facet normal 0.596926 -0.523503 -0.607967
    outer loop
      vertex -3.35931 2.57769 -0.565685
      vertex -2.99411 2.99411 -0.565685
      vertex -3.25844 2.50029 -0.4
    endloop
  endfacet
  facet normal 0.596941 -0.523506 -0.60795
    outer loop
      vertex -2.99411 2.99411 -0.565685
      vertex -2.90421 2.90421 -0.4
      vertex -3.25844 2.50029 -0.4
    endloop
  endfacet
  facet normal 0.458324 -0.401934 -0.79271
    outer loop
      vertex -3.49075 2.67855 -0.69282
      vertex -3.11127 3.11127 -0.69282
      vertex -3.35931 2.57769 -0.565685
    endloop
  endfacet
  facet normal 0.458297 -0.401926 -0.792729
    outer loop
      vertex -3.11127 3.11127 -0.69282
      vertex -2.99411 2.99411 -0.565685
      vertex -3.35931 2.57769 -0.565685
    endloop
  endfacet
  facet normal 0.288234 -0.25278 -0.923593
    outer loop
      vertex -3.64383 2.79601 -0.772741
      vertex -3.2477 3.2477 -0.772741
      vertex -3.49075 2.67855 -0.69282
    endloop
  endfacet
  facet normal 0.288252 -0.252787 -0.923585
    outer loop
      vertex -3.2477 3.2477 -0.772741
      vertex -3.11127 3.11127 -0.69282
      vertex -3.49075 2.67855 -0.69282
    endloop
  endfacet
  facet normal 0.0983416 -0.0862442 -0.991409
    outer loop
      vertex -3.8081 2.92205 -0.8
      vertex -3.39411 3.39411 -0.8
      vertex -3.64383 2.79601 -0.772741
    endloop
  endfacet
  facet normal 0.0983397 -0.0862434 -0.991409
    outer loop
      vertex -3.39411 3.39411 -0.8
      vertex -3.2477 3.2477 -0.772741
      vertex -3.64383 2.79601 -0.772741
    endloop
  endfacet
  facet normal -0.0983426 0.086244 -0.991408
    outer loop
      vertex -3.97236 3.0481 -0.772741
      vertex -3.54052 3.54052 -0.772741
      vertex -3.8081 2.92205 -0.8
    endloop
  endfacet
  facet normal -0.0983402 0.0862429 -0.991409
    outer loop
      vertex -3.54052 3.54052 -0.772741
      vertex -3.39411 3.39411 -0.8
      vertex -3.8081 2.92205 -0.8
    endloop
  endfacet
  facet normal -0.288238 0.252775 -0.923593
    outer loop
      vertex -4.12544 3.16556 -0.69282
      vertex -3.67696 3.67696 -0.69282
      vertex -3.97236 3.0481 -0.772741
    endloop
  endfacet
  facet normal -0.288232 0.252772 -0.923595
    outer loop
      vertex -3.67696 3.67696 -0.69282
      vertex -3.54052 3.54052 -0.772741
      vertex -3.97236 3.0481 -0.772741
    endloop
  endfacet
  facet normal -0.458322 0.401936 -0.792709
    outer loop
      vertex -4.25688 3.26642 -0.565685
      vertex -3.79411 3.79411 -0.565685
      vertex -4.12544 3.16556 -0.69282
    endloop
  endfacet
  facet normal -0.458329 0.401939 -0.792704
    outer loop
      vertex -3.79411 3.79411 -0.565685
      vertex -3.67696 3.67696 -0.69282
      vertex -4.12544 3.16556 -0.69282
    endloop
  endfacet
  facet normal -0.596929 0.523499 -0.607967
    outer loop
      vertex -4.35775 3.34382 -0.4
      vertex -3.88401 3.88401 -0.4
      vertex -4.25688 3.26642 -0.565685
    endloop
  endfacet
  facet normal -0.596943 0.523503 -0.60795
    outer loop
      vertex -3.88401 3.88401 -0.4
      vertex -3.79411 3.79411 -0.565685
      vertex -4.25688 3.26642 -0.565685
    endloop
  endfacet
  facet normal -0.694832 0.609355 -0.381961
    outer loop
      vertex -4.42115 3.39247 -0.207055
      vertex -3.94052 3.94052 -0.207055
      vertex -4.35775 3.34382 -0.4
    endloop
  endfacet
  facet normal -0.694827 0.609355 -0.381971
    outer loop
      vertex -3.94052 3.94052 -0.207055
      vertex -3.88401 3.88401 -0.4
      vertex -4.35775 3.34382 -0.4
    endloop
  endfacet
  facet normal -0.745439 0.653724 -0.130251
    outer loop
      vertex -4.44278 3.40906 0
      vertex -3.9598 3.9598 0
      vertex -4.42115 3.39247 -0.207055
    endloop
  endfacet
  facet normal -0.74543 0.653728 -0.130283
    outer loop
      vertex -3.9598 3.9598 0
      vertex -3.94052 3.94052 -0.207055
      vertex -4.42115 3.39247 -0.207055
    endloop
  endfacet
  facet normal -0.653728 0.74543 0.130283
    outer loop
      vertex -3.94052 3.94052 0.207055
      vertex -3.39247 4.42115 0.207055
      vertex -3.9598 3.9598 0
    endloop
  endfacet
  facet normal -0.653724 0.745439 0.130251
    outer loop
      vertex -3.39247 4.42115 0.207055
      vertex -3.40906 4.44278 0
      vertex -3.9598 3.9598 0
    endloop
  endfacet
  facet normal -0.609355 0.694827 0.381971
    outer loop
      vertex -3.88401 3.88401 0.4
      vertex -3.34382 4.35775 0.4
      vertex -3.94052 3.94052 0.207055
    endloop
  endfacet
  facet normal -0.609355 0.694832 0.381961
    outer loop
      vertex -3.34382 4.35775 0.4
      vertex -3.39247 4.42115 0.207055
      vertex -3.94052 3.94052 0.207055
    endloop
  endfacet
  facet normal -0.523503 0.596943 0.60795
    outer loop
      vertex -3.79411 3.79411 0.565685
      vertex -3.26642 4.25688 0.565685
      vertex -3.88401 3.88401 0.4
    endloop
  endfacet
  facet normal -0.523499 0.596929 0.607967
    outer loop
      vertex -3.26642 4.25688 0.565685
      vertex -3.34382 4.35775 0.4
      vertex -3.88401 3.88401 0.4
    endloop
  endfacet
  facet normal -0.401939 0.458329 0.792704
    outer loop
      vertex -3.67696 3.67696 0.69282
      vertex -3.16556 4.12544 0.69282
      vertex -3.79411 3.79411 0.565685
    endloop
  endfacet
  facet normal -0.401936 0.458322 0.792709
    outer loop
      vertex -3.16556 4.12544 0.69282
      vertex -3.26642 4.25688 0.565685
      vertex -3.79411 3.79411 0.565685
    endloop
  endfacet
  facet normal -0.252772 0.288232 0.923595
    outer loop
      vertex -3.54052 3.54052 0.772741
      vertex -3.0481 3.97236 0.772741
      vertex -3.67696 3.67696 0.69282
    endloop
  endfacet
  facet normal -0.252775 0.288238 0.923593
    outer loop
      vertex -3.0481 3.97236 0.772741
      vertex -3.16556 4.12544 0.69282
      vertex -3.67696 3.67696 0.69282
    endloop
  endfacet
  facet normal -0.0862429 0.0983402 0.991409
    outer loop
      vertex -3.39411 3.39411 0.8
      vertex -2.92205 3.8081 0.8
      vertex -3.54052 3.54052 0.772741
    endloop
  endfacet
  facet normal -0.086244 0.0983426 0.991408
    outer loop
      vertex -2.92205 3.8081 0.8
      vertex -3.0481 3.97236 0.772741
      vertex -3.54052 3.54052 0.772741
    endloop
  endfacet
  facet normal 0.0862434 -0.0983397 0.991409
    outer loop
      vertex -3.2477 3.2477 0.772741
      vertex -2.79601 3.64383 0.772741
      vertex -3.39411 3.39411 0.8
    endloop
  endfacet
  facet normal 0.0862442 -0.0983416 0.991409
    outer loop
      vertex -2.79601 3.64383 0.772741
      vertex -2.92205 3.8081 0.8
      vertex -3.39411 3.39411 0.8
    endloop
  endfacet
  facet normal 0.252787 -0.288252 0.923585
    outer loop
      vertex -3.11127 3.11127 0.69282
      vertex -2.67855 3.49075 0.69282
      vertex -3.2477 3.2477 0.772741
    endloop
  endfacet
  facet normal 0.25278 -0.288234 0.923593
    outer loop
      vertex -2.67855 3.49075 0.69282
      vertex -2.79601 3.64383 0.772741
      vertex -3.2477 3.2477 0.772741
    endloop
  endfacet
  facet normal 0.401926 -0.458297 0.792729
    outer loop
      vertex -2.99411 2.99411 0.565685
      vertex -2.57769 3.35931 0.565685
      vertex -3.11127 3.11127 0.69282
    endloop
  endfacet
  facet normal 0.401934 -0.458324 0.79271
    outer loop
      vertex -2.57769 3.35931 0.565685
      vertex -2.67855 3.49075 0.69282
      vertex -3.11127 3.11127 0.69282
    endloop
  endfacet
  facet normal 0.523506 -0.596941 0.60795
    outer loop
      vertex -2.90421 2.90421 0.4
      vertex -2.50029 3.25844 0.4
      vertex -2.99411 2.99411 0.565685
    endloop
  endfacet
  facet normal 0.523503 -0.596926 0.607967
    outer loop
      vertex -2.50029 3.25844 0.4
      vertex -2.57769 3.35931 0.565685
      vertex -2.99411 2.99411 0.565685
    endloop
  endfacet
  facet normal 0.609355 -0.694827 0.381971
    outer loop
      vertex -2.8477 2.8477 0.207055
      vertex -2.45164 3.19504 0.207055
      vertex -2.90421 2.90421 0.4
    endloop
  endfacet
  facet normal 0.609355 -0.694833 0.381961
    outer loop
      vertex -2.45164 3.19504 0.207055
      vertex -2.50029 3.25844 0.4
      vertex -2.90421 2.90421 0.4
    endloop
  endfacet
  facet normal 0.653727 -0.745443 0.130217
    outer loop
      vertex -2.82843 2.82843 0
      vertex -2.43505 3.17341 0
      vertex -2.8477 2.8477 0.207055
    endloop
  endfacet
  facet normal 0.653734 -0.745431 0.130251
    outer loop
      vertex -2.43505 3.17341 0
      vertex -2.45164 3.19504 0.207055
      vertex -2.8477 2.8477 0.207055
    endloop
  endfacet
  facet normal 0.653737 -0.745434 -0.130217
    outer loop
      vertex -2.8477 2.8477 -0.207055
      vertex -2.45164 3.19504 -0.207055
      vertex -2.82843 2.82843 0
    endloop
  endfacet
  facet normal 0.653724 -0.74544 -0.130251
    outer loop
      vertex -2.45164 3.19504 -0.207055
      vertex -2.43505 3.17341 0
      vertex -2.82843 2.82843 0
    endloop
  endfacet
  facet normal 0.609352 -0.69483 -0.381971
    outer loop
      vertex -2.90421 2.90421 -0.4
      vertex -2.50029 3.25844 -0.4
      vertex -2.8477 2.8477 -0.207055
    endloop
  endfacet
  facet normal 0.609358 -0.69483 -0.381961
    outer loop
      vertex -2.50029 3.25844 -0.4
      vertex -2.45164 3.19504 -0.207055
      vertex -2.8477 2.8477 -0.207055
    endloop
  endfacet
  facet normal 0.523512 -0.596935 -0.60795
    outer loop
      vertex -2.99411 2.99411 -0.565685
      vertex -2.57769 3.35931 -0.565685
      vertex -2.90421 2.90421 -0.4
    endloop
  endfacet
  facet normal 0.523497 -0.596931 -0.607967
    outer loop
      vertex -2.57769 3.35931 -0.565685
      vertex -2.50029 3.25844 -0.4
      vertex -2.90421 2.90421 -0.4
    endloop
  endfacet
  facet normal 0.401917 -0.458305 -0.792729
    outer loop
      vertex -3.11127 3.11127 -0.69282
      vertex -2.67855 3.49075 -0.69282
      vertex -2.99411 2.99411 -0.565685
    endloop
  endfacet
  facet normal 0.401943 -0.458316 -0.792709
    outer loop
      vertex -2.67855 3.49075 -0.69282
      vertex -2.57769 3.35931 -0.565685
      vertex -2.99411 2.99411 -0.565685
    endloop
  endfacet
  facet normal 0.252791 -0.288247 -0.923585
    outer loop
      vertex -3.2477 3.2477 -0.772741
      vertex -2.79601 3.64383 -0.772741
      vertex -3.11127 3.11127 -0.69282
    endloop
  endfacet
  facet normal 0.252775 -0.288238 -0.923593
    outer loop
      vertex -2.79601 3.64383 -0.772741
      vertex -2.67855 3.49075 -0.69282
      vertex -3.11127 3.11127 -0.69282
    endloop
  endfacet
  facet normal 0.0862429 -0.0983402 -0.991409
    outer loop
      vertex -3.39411 3.39411 -0.8
      vertex -2.92205 3.8081 -0.8
      vertex -3.2477 3.2477 -0.772741
    endloop
  endfacet
  facet normal 0.0862448 -0.0983412 -0.991409
    outer loop
      vertex -2.92205 3.8081 -0.8
      vertex -2.79601 3.64383 -0.772741
      vertex -3.2477 3.2477 -0.772741
    endloop
  endfacet
  facet normal -0.0862424 0.0983407 -0.991409
    outer loop
      vertex -3.54052 3.54052 -0.772741
      vertex -3.0481 3.97236 -0.772741
      vertex -3.39411 3.39411 -0.8
    endloop
  endfacet
  facet normal -0.0862446 0.0983421 -0.991408
    outer loop
      vertex -3.0481 3.97236 -0.772741
      vertex -2.92205 3.8081 -0.8
      vertex -3.39411 3.39411 -0.8
    endloop
  endfacet
  facet normal -0.252771 0.288234 -0.923595
    outer loop
      vertex -3.67696 3.67696 -0.69282
      vertex -3.16556 4.12544 -0.69282
      vertex -3.54052 3.54052 -0.772741
    endloop
  endfacet
  facet normal -0.252777 0.288237 -0.923593
    outer loop
      vertex -3.16556 4.12544 -0.69282
      vertex -3.0481 3.97236 -0.772741
      vertex -3.54052 3.54052 -0.772741
    endloop
  endfacet
  facet normal -0.401941 0.458327 -0.792704
    outer loop
      vertex -3.79411 3.79411 -0.565685
      vertex -3.26642 4.25688 -0.565685
      vertex -3.67696 3.67696 -0.69282
    endloop
  endfacet
  facet normal -0.401934 0.458324 -0.79271
    outer loop
      vertex -3.26642 4.25688 -0.565685
      vertex -3.16556 4.12544 -0.69282
      vertex -3.67696 3.67696 -0.69282
    endloop
  endfacet
  facet normal -0.523508 0.596939 -0.60795
    outer loop
      vertex -3.88401 3.88401 -0.4
      vertex -3.34382 4.35775 -0.4
      vertex -3.79411 3.79411 -0.565685
    endloop
  endfacet
  facet normal -0.523494 0.596933 -0.607968
    outer loop
      vertex -3.34382 4.35775 -0.4
      vertex -3.26642 4.25688 -0.565685
      vertex -3.79411 3.79411 -0.565685
    endloop
  endfacet
  facet normal -0.609353 0.694829 -0.381971
    outer loop
      vertex -3.94052 3.94052 -0.207055
      vertex -3.39247 4.42115 -0.207055
      vertex -3.88401 3.88401 -0.4
    endloop
  endfacet
  facet normal -0.609358 0.69483 -0.381961
    outer loop
      vertex -3.39247 4.42115 -0.207055
      vertex -3.34382 4.35775 -0.4
      vertex -3.88401 3.88401 -0.4
    endloop
  endfacet
  facet normal -0.653722 0.745436 -0.130283
    outer loop
      vertex -3.9598 3.9598 0
      vertex -3.40906 4.44278 0
      vertex -3.94052 3.94052 -0.207055
    endloop
  endfacet
  facet normal -0.653731 0.745433 -0.130251
    outer loop
      vertex -3.40906 4.44278 0
      vertex -3.39247 4.42115 -0.207055
      vertex -3.94052 3.94052 -0.207055
    endloop
  endfacet
  facet normal -0.550844 0.824382 0.130255
    outer loop
      vertex -3.39247 4.42115 0.207055
      vertex -2.78637 4.82614 0.207055
      vertex -3.40906 4.44278 0
    endloop
  endfacet
  facet normal -0.550839 0.82439 0.130224
    outer loop
      vertex -2.78637 4.82614 0.207055
      vertex -2.8 4.84974 0
      vertex -3.40906 4.44278 0
    endloop
  endfacet
  facet normal -0.51344 0.76843 0.38196
    outer loop
      vertex -3.34382 4.35775 0.4
      vertex -2.74641 4.75692 0.4
      vertex -3.39247 4.42115 0.207055
    endloop
  endfacet
  facet normal -0.513442 0.768407 0.382006
    outer loop
      vertex -2.74641 4.75692 0.4
      vertex -2.78637 4.82614 0.207055
      vertex -3.39247 4.42115 0.207055
    endloop
  endfacet
  facet normal -0.441105 0.660153 0.607968
    outer loop
      vertex -3.26642 4.25688 0.565685
      vertex -2.68284 4.64682 0.565685
      vertex -3.34382 4.35775 0.4
    endloop
  endfacet
  facet normal -0.441108 0.660176 0.60794
    outer loop
      vertex -2.68284 4.64682 0.565685
      vertex -2.74641 4.75692 0.4
      vertex -3.34382 4.35775 0.4
    endloop
  endfacet
  facet normal -0.338673 0.506866 0.792709
    outer loop
      vertex -3.16556 4.12544 0.69282
      vertex -2.6 4.50333 0.69282
      vertex -3.26642 4.25688 0.565685
    endloop
  endfacet
  facet normal -0.338668 0.506847 0.792723
    outer loop
      vertex -2.6 4.50333 0.69282
      vertex -2.68284 4.64682 0.565685
      vertex -3.26642 4.25688 0.565685
    endloop
  endfacet
  facet normal -0.212996 0.318762 0.923593
    outer loop
      vertex -3.0481 3.97236 0.772741
      vertex -2.50353 4.33624 0.772741
      vertex -3.16556 4.12544 0.69282
    endloop
  endfacet
  facet normal -0.213001 0.318783 0.923584
    outer loop
      vertex -2.50353 4.33624 0.772741
      vertex -2.6 4.50333 0.69282
      vertex -3.16556 4.12544 0.69282
    endloop
  endfacet
  facet normal -0.0726699 0.108759 0.991408
    outer loop
      vertex -2.92205 3.8081 0.8
      vertex -2.4 4.15692 0.8
      vertex -3.0481 3.97236 0.772741
    endloop
  endfacet
  facet normal -0.0726681 0.108752 0.991409
    outer loop
      vertex -2.4 4.15692 0.8
      vertex -2.50353 4.33624 0.772741
      vertex -3.0481 3.97236 0.772741
    endloop
  endfacet
  facet normal 0.072669 -0.108758 0.991409
    outer loop
      vertex -2.79601 3.64383 0.772741
      vertex -2.29647 3.97761 0.772741
      vertex -2.92205 3.8081 0.8
    endloop
  endfacet
  facet normal 0.0726691 -0.108758 0.991409
    outer loop
      vertex -2.29647 3.97761 0.772741
      vertex -2.4 4.15692 0.8
      vertex -2.92205 3.8081 0.8
    endloop
  endfacet
  facet normal 0.212993 -0.318763 0.923593
    outer loop
      vertex -2.67855 3.49075 0.69282
      vertex -2.2 3.81051 0.69282
      vertex -2.79601 3.64383 0.772741
    endloop
  endfacet
  facet normal 0.212995 -0.318771 0.92359
    outer loop
      vertex -2.2 3.81051 0.69282
      vertex -2.29647 3.97761 0.772741
      vertex -2.79601 3.64383 0.772741
    endloop
  endfacet
  facet normal 0.338671 -0.506868 0.792709
    outer loop
      vertex -2.57769 3.35931 0.565685
      vertex -2.11716 3.66702 0.565685
      vertex -2.67855 3.49075 0.69282
    endloop
  endfacet
  facet normal 0.338668 -0.506848 0.792723
    outer loop
      vertex -2.11716 3.66702 0.565685
      vertex -2.2 3.81051 0.69282
      vertex -2.67855 3.49075 0.69282
    endloop
  endfacet
  facet normal 0.441106 -0.660152 0.607968
    outer loop
      vertex -2.50029 3.25844 0.4
      vertex -2.05359 3.55692 0.4
      vertex -2.57769 3.35931 0.565685
    endloop
  endfacet
  facet normal 0.441107 -0.660177 0.60794
    outer loop
      vertex -2.05359 3.55692 0.4
      vertex -2.11716 3.66702 0.565685
      vertex -2.57769 3.35931 0.565685
    endloop
  endfacet
  facet normal 0.513447 -0.768426 0.381961
    outer loop
      vertex -2.45164 3.19504 0.207055
      vertex -2.01363 3.48771 0.207055
      vertex -2.50029 3.25844 0.4
    endloop
  endfacet
  facet normal 0.513449 -0.768419 0.381972
    outer loop
      vertex -2.01363 3.48771 0.207055
      vertex -2.05359 3.55692 0.4
      vertex -2.50029 3.25844 0.4
    endloop
  endfacet
  facet normal 0.550836 -0.824387 0.130255
    outer loop
      vertex -2.43505 3.17341 0
      vertex -2 3.4641 0
      vertex -2.45164 3.19504 0.207055
    endloop
  endfacet
  facet normal 0.550838 -0.824384 0.130263
    outer loop
      vertex -2 3.4641 0
      vertex -2.01363 3.48771 0.207055
      vertex -2.45164 3.19504 0.207055
    endloop
  endfacet
  facet normal 0.550838 -0.824385 -0.130255
    outer loop
      vertex -2.45164 3.19504 -0.207055
      vertex -2.01363 3.48771 -0.207055
      vertex -2.43505 3.17341 0
    endloop
  endfacet
  facet normal 0.550835 -0.824386 -0.130263
    outer loop
      vertex -2.01363 3.48771 -0.207055
      vertex -2 3.4641 0
      vertex -2.43505 3.17341 0
    endloop
  endfacet
  facet normal 0.513452 -0.768423 -0.381961
    outer loop
      vertex -2.50029 3.25844 -0.4
      vertex -2.05359 3.55692 -0.4
      vertex -2.45164 3.19504 -0.207055
    endloop
  endfacet
  facet normal 0.513445 -0.768421 -0.381973
    outer loop
      vertex -2.05359 3.55692 -0.4
      vertex -2.01363 3.48771 -0.207055
      vertex -2.45164 3.19504 -0.207055
    endloop
  endfacet
  facet normal 0.441095 -0.660159 -0.607967
    outer loop
      vertex -2.57769 3.35931 -0.565685
      vertex -2.11716 3.66702 -0.565685
      vertex -2.50029 3.25844 -0.4
    endloop
  endfacet
  facet normal 0.441118 -0.66017 -0.60794
    outer loop
      vertex -2.11716 3.66702 -0.565685
      vertex -2.05359 3.55692 -0.4
      vertex -2.50029 3.25844 -0.4
    endloop
  endfacet
  facet normal 0.338678 -0.506862 -0.792709
    outer loop
      vertex -2.67855 3.49075 -0.69282
      vertex -2.2 3.81051 -0.69282
      vertex -2.57769 3.35931 -0.565685
    endloop
  endfacet
  facet normal 0.338661 -0.506852 -0.792723
    outer loop
      vertex -2.2 3.81051 -0.69282
      vertex -2.11716 3.66702 -0.565685
      vertex -2.57769 3.35931 -0.565685
    endloop
  endfacet
  facet normal 0.212991 -0.318765 -0.923593
    outer loop
      vertex -2.79601 3.64383 -0.772741
      vertex -2.29647 3.97761 -0.772741
      vertex -2.67855 3.49075 -0.69282
    endloop
  endfacet
  facet normal 0.212997 -0.31877 -0.92359
    outer loop
      vertex -2.29647 3.97761 -0.772741
      vertex -2.2 3.81051 -0.69282
      vertex -2.67855 3.49075 -0.69282
    endloop
  endfacet
  facet normal 0.072669 -0.108758 -0.991409
    outer loop
      vertex -2.92205 3.8081 -0.8
      vertex -2.4 4.15692 -0.8
      vertex -2.79601 3.64383 -0.772741
    endloop
  endfacet
  facet normal 0.0726692 -0.108758 -0.991409
    outer loop
      vertex -2.4 4.15692 -0.8
      vertex -2.29647 3.97761 -0.772741
      vertex -2.79601 3.64383 -0.772741
    endloop
  endfacet
  facet normal -0.0726716 0.108758 -0.991408
    outer loop
      vertex -3.0481 3.97236 -0.772741
      vertex -2.50353 4.33624 -0.772741
      vertex -2.92205 3.8081 -0.8
    endloop
  endfacet
  facet normal -0.0726662 0.108754 -0.991409
    outer loop
      vertex -2.50353 4.33624 -0.772741
      vertex -2.4 4.15692 -0.8
      vertex -2.92205 3.8081 -0.8
    endloop
  endfacet
  facet normal -0.21299 0.318766 -0.923593
    outer loop
      vertex -3.16556 4.12544 -0.69282
      vertex -2.6 4.50333 -0.69282
      vertex -3.0481 3.97236 -0.772741
    endloop
  endfacet
  facet normal -0.213008 0.31878 -0.923584
    outer loop
      vertex -2.6 4.50333 -0.69282
      vertex -2.50353 4.33624 -0.772741
      vertex -3.0481 3.97236 -0.772741
    endloop
  endfacet
  facet normal -0.338678 0.506862 -0.792709
    outer loop
      vertex -3.26642 4.25688 -0.565685
      vertex -2.68284 4.64682 -0.565685
      vertex -3.16556 4.12544 -0.69282
    endloop
  endfacet
  facet normal -0.338662 0.506851 -0.792723
    outer loop
      vertex -2.68284 4.64682 -0.565685
      vertex -2.6 4.50333 -0.69282
      vertex -3.16556 4.12544 -0.69282
    endloop
  endfacet
  facet normal -0.441097 0.660159 -0.607967
    outer loop
      vertex -3.34382 4.35775 -0.4
      vertex -2.74641 4.75692 -0.4
      vertex -3.26642 4.25688 -0.565685
    endloop
  endfacet
  facet normal -0.441117 0.66017 -0.60794
    outer loop
      vertex -2.74641 4.75692 -0.4
      vertex -2.68284 4.64682 -0.565685
      vertex -3.26642 4.25688 -0.565685
    endloop
  endfacet
  facet normal -0.513452 0.768422 -0.381961
    outer loop
      vertex -3.39247 4.42115 -0.207055
      vertex -2.78637 4.82614 -0.207055
      vertex -3.34382 4.35775 -0.4
    endloop
  endfacet
  facet normal -0.51343 0.768414 -0.382007
    outer loop
      vertex -2.78637 4.82614 -0.207055
      vertex -2.74641 4.75692 -0.4
      vertex -3.34382 4.35775 -0.4
    endloop
  endfacet
  facet normal -0.550836 0.824387 -0.130255
    outer loop
      vertex -3.40906 4.44278 0
      vertex -2.8 4.84974 0
      vertex -3.39247 4.42115 -0.207055
    endloop
  endfacet
  facet normal -0.550846 0.824385 -0.130224
    outer loop
      vertex -2.8 4.84974 0
      vertex -2.78637 4.82614 -0.207055
      vertex -3.39247 4.42115 -0.207055
    endloop
  endfacet
  facet normal -0.438519 0.889238 0.130222
    outer loop
      vertex -2.78637 4.82614 0.207055
      vertex -2.1326 5.14854 0.207055
      vertex -2.8 4.84974 0
    endloop
  endfacet
  facet normal -0.438529 0.889225 0.130272
    outer loop
      vertex -2.1326 5.14854 0.207055
      vertex -2.14303 5.17373 0
      vertex -2.8 4.84974 0
    endloop
  endfacet
  facet normal -0.408742 0.828854 0.382008
    outer loop
      vertex -2.74641 4.75692 0.4
      vertex -2.10201 5.0747 0.4
      vertex -2.78637 4.82614 0.207055
    endloop
  endfacet
  facet normal -0.408742 0.828856 0.382006
    outer loop
      vertex -2.10201 5.0747 0.4
      vertex -2.1326 5.14854 0.207055
      vertex -2.78637 4.82614 0.207055
    endloop
  endfacet
  facet normal -0.351174 0.7121 0.607939
    outer loop
      vertex -2.68284 4.64682 0.565685
      vertex -2.05336 4.95725 0.565685
      vertex -2.74641 4.75692 0.4
    endloop
  endfacet
  facet normal -0.351175 0.712118 0.607918
    outer loop
      vertex -2.05336 4.95725 0.565685
      vertex -2.10201 5.0747 0.4
      vertex -2.74641 4.75692 0.4
    endloop
  endfacet
  facet normal -0.269608 0.546718 0.792724
    outer loop
      vertex -2.6 4.50333 0.69282
      vertex -1.98995 4.80417 0.69282
      vertex -2.68284 4.64682 0.565685
    endloop
  endfacet
  facet normal -0.269607 0.5467 0.792737
    outer loop
      vertex -1.98995 4.80417 0.69282
      vertex -2.05336 4.95725 0.565685
      vertex -2.68284 4.64682 0.565685
    endloop
  endfacet
  facet normal -0.169572 0.343857 0.923584
    outer loop
      vertex -2.50353 4.33624 0.772741
      vertex -1.91612 4.62592 0.772741
      vertex -2.6 4.50333 0.69282
    endloop
  endfacet
  facet normal -0.169573 0.343865 0.923581
    outer loop
      vertex -1.91612 4.62592 0.772741
      vertex -1.98995 4.80417 0.69282
      vertex -2.6 4.50333 0.69282
    endloop
  endfacet
  facet normal -0.0578498 0.117308 0.991409
    outer loop
      vertex -2.4 4.15692 0.8
      vertex -1.83688 4.43462 0.8
      vertex -2.50353 4.33624 0.772741
    endloop
  endfacet
  facet normal -0.0578497 0.117307 0.991409
    outer loop
      vertex -1.83688 4.43462 0.8
      vertex -1.91612 4.62592 0.772741
      vertex -2.50353 4.33624 0.772741
    endloop
  endfacet
  facet normal 0.057852 -0.117313 0.991409
    outer loop
      vertex -2.29647 3.97761 0.772741
      vertex -1.75764 4.24333 0.772741
      vertex -2.4 4.15692 0.8
    endloop
  endfacet
  facet normal 0.0578519 -0.117312 0.991409
    outer loop
      vertex -1.75764 4.24333 0.772741
      vertex -1.83688 4.43462 0.8
      vertex -2.4 4.15692 0.8
    endloop
  endfacet
  facet normal 0.169567 -0.343843 0.92359
    outer loop
      vertex -2.2 3.81051 0.69282
      vertex -1.68381 4.06507 0.69282
      vertex -2.29647 3.97761 0.772741
    endloop
  endfacet
  facet normal 0.169567 -0.343851 0.923587
    outer loop
      vertex -1.68381 4.06507 0.69282
      vertex -1.75764 4.24333 0.772741
      vertex -2.29647 3.97761 0.772741
    endloop
  endfacet
  facet normal 0.269615 -0.546714 0.792724
    outer loop
      vertex -2.11716 3.66702 0.565685
      vertex -1.6204 3.912 0.565685
      vertex -2.2 3.81051 0.69282
    endloop
  endfacet
  facet normal 0.269615 -0.546719 0.792721
    outer loop
      vertex -1.6204 3.912 0.565685
      vertex -1.68381 4.06507 0.69282
      vertex -2.2 3.81051 0.69282
    endloop
  endfacet
  facet normal 0.351173 -0.712101 0.607939
    outer loop
      vertex -2.05359 3.55692 0.4
      vertex -1.57175 3.79454 0.4
      vertex -2.11716 3.66702 0.565685
    endloop
  endfacet
  facet normal 0.351174 -0.712095 0.607945
    outer loop
      vertex -1.57175 3.79454 0.4
      vertex -1.6204 3.912 0.565685
      vertex -2.11716 3.66702 0.565685
    endloop
  endfacet
  facet normal 0.40875 -0.828867 0.381972
    outer loop
      vertex -2.01363 3.48771 0.207055
      vertex -1.54117 3.7207 0.207055
      vertex -2.05359 3.55692 0.4
    endloop
  endfacet
  facet normal 0.408753 -0.828859 0.381988
    outer loop
      vertex -1.54117 3.7207 0.207055
      vertex -1.57175 3.79454 0.4
      vertex -2.05359 3.55692 0.4
    endloop
  endfacet
  facet normal 0.438523 -0.88923 0.130264
    outer loop
      vertex -2 3.4641 0
      vertex -1.53073 3.69552 0
      vertex -2.01363 3.48771 0.207055
    endloop
  endfacet
  facet normal 0.438519 -0.889233 0.130251
    outer loop
      vertex -1.53073 3.69552 0
      vertex -1.54117 3.7207 0.207055
      vertex -2.01363 3.48771 0.207055
    endloop
  endfacet
  facet normal 0.438518 -0.889232 -0.130264
    outer loop
      vertex -2.01363 3.48771 -0.207055
      vertex -1.54117 3.7207 -0.207055
      vertex -2 3.4641 0
    endloop
  endfacet
  facet normal 0.438523 -0.889231 -0.130251
    outer loop
      vertex -1.54117 3.7207 -0.207055
      vertex -1.53073 3.69552 0
      vertex -2 3.4641 0
    endloop
  endfacet
  facet normal 0.408756 -0.828864 -0.381972
    outer loop
      vertex -2.05359 3.55692 -0.4
      vertex -1.57175 3.79454 -0.4
      vertex -2.01363 3.48771 -0.207055
    endloop
  endfacet
  facet normal 0.408747 -0.828862 -0.381988
    outer loop
      vertex -1.57175 3.79454 -0.4
      vertex -1.54117 3.7207 -0.207055
      vertex -2.01363 3.48771 -0.207055
    endloop
  endfacet
  facet normal 0.351176 -0.712099 -0.607939
    outer loop
      vertex -2.11716 3.66702 -0.565685
      vertex -1.6204 3.912 -0.565685
      vertex -2.05359 3.55692 -0.4
    endloop
  endfacet
  facet normal 0.351171 -0.712097 -0.607945
    outer loop
      vertex -1.6204 3.912 -0.565685
      vertex -1.57175 3.79454 -0.4
      vertex -2.05359 3.55692 -0.4
    endloop
  endfacet
  facet normal 0.269614 -0.546715 -0.792724
    outer loop
      vertex -2.2 3.81051 -0.69282
      vertex -1.68381 4.06507 -0.69282
      vertex -2.11716 3.66702 -0.565685
    endloop
  endfacet
  facet normal 0.269617 -0.546718 -0.792721
    outer loop
      vertex -1.68381 4.06507 -0.69282
      vertex -1.6204 3.912 -0.565685
      vertex -2.11716 3.66702 -0.565685
    endloop
  endfacet
  facet normal 0.169564 -0.343844 -0.92359
    outer loop
      vertex -2.29647 3.97761 -0.772741
      vertex -1.75764 4.24333 -0.772741
      vertex -2.2 3.81051 -0.69282
    endloop
  endfacet
  facet normal 0.16957 -0.34385 -0.923587
    outer loop
      vertex -1.75764 4.24333 -0.772741
      vertex -1.68381 4.06507 -0.69282
      vertex -2.2 3.81051 -0.69282
    endloop
  endfacet
  facet normal 0.0578523 -0.117313 -0.991409
    outer loop
      vertex -2.4 4.15692 -0.8
      vertex -1.83688 4.43462 -0.8
      vertex -2.29647 3.97761 -0.772741
    endloop
  endfacet
  facet normal 0.0578516 -0.117312 -0.991409
    outer loop
      vertex -1.83688 4.43462 -0.8
      vertex -1.75764 4.24333 -0.772741
      vertex -2.29647 3.97761 -0.772741
    endloop
  endfacet
  facet normal -0.05785 0.117308 -0.991409
    outer loop
      vertex -2.50353 4.33624 -0.772741
      vertex -1.91612 4.62592 -0.772741
      vertex -2.4 4.15692 -0.8
    endloop
  endfacet
  facet normal -0.0578494 0.117307 -0.991409
    outer loop
      vertex -1.91612 4.62592 -0.772741
      vertex -1.83688 4.43462 -0.8
      vertex -2.4 4.15692 -0.8
    endloop
  endfacet
  facet normal -0.16957 0.343858 -0.923584
    outer loop
      vertex -2.6 4.50333 -0.69282
      vertex -1.98995 4.80417 -0.69282
      vertex -2.50353 4.33624 -0.772741
    endloop
  endfacet
  facet normal -0.169576 0.343864 -0.923581
    outer loop
      vertex -1.98995 4.80417 -0.69282
      vertex -1.91612 4.62592 -0.772741
      vertex -2.50353 4.33624 -0.772741
    endloop
  endfacet
  facet normal -0.269614 0.546715 -0.792724
    outer loop
      vertex -2.68284 4.64682 -0.565685
      vertex -2.05336 4.95725 -0.565685
      vertex -2.6 4.50333 -0.69282
    endloop
  endfacet
  facet normal -0.269601 0.546702 -0.792737
    outer loop
      vertex -2.05336 4.95725 -0.565685
      vertex -1.98995 4.80417 -0.69282
      vertex -2.6 4.50333 -0.69282
    endloop
  endfacet
  facet normal -0.351167 0.712104 -0.607939
    outer loop
      vertex -2.74641 4.75692 -0.4
      vertex -2.10201 5.0747 -0.4
      vertex -2.68284 4.64682 -0.565685
    endloop
  endfacet
  facet normal -0.351182 0.712115 -0.607918
    outer loop
      vertex -2.10201 5.0747 -0.4
      vertex -2.05336 4.95725 -0.565685
      vertex -2.68284 4.64682 -0.565685
    endloop
  endfacet
  facet normal -0.408741 0.828855 -0.382008
    outer loop
      vertex -2.78637 4.82614 -0.207055
      vertex -2.1326 5.14854 -0.207055
      vertex -2.74641 4.75692 -0.4
    endloop
  endfacet
  facet normal -0.408742 0.828855 -0.382006
    outer loop
      vertex -2.1326 5.14854 -0.207055
      vertex -2.10201 5.0747 -0.4
      vertex -2.74641 4.75692 -0.4
    endloop
  endfacet
  facet normal -0.438532 0.889231 -0.130222
    outer loop
      vertex -2.8 4.84974 0
      vertex -2.14303 5.17373 0
      vertex -2.78637 4.82614 -0.207055
    endloop
  endfacet
  facet normal -0.438516 0.889232 -0.130272
    outer loop
      vertex -2.14303 5.17373 0
      vertex -2.1326 5.14854 -0.207055
      vertex -2.78637 4.82614 -0.207055
    endloop
  endfacet
  facet normal -0.318694 0.938863 0.130274
    outer loop
      vertex -2.1326 5.14854 0.207055
      vertex -1.44233 5.38285 0.207055
      vertex -2.14303 5.17373 0
    endloop
  endfacet
  facet normal -0.31869 0.938866 0.130257
    outer loop
      vertex -1.44233 5.38285 0.207055
      vertex -1.44939 5.40918 0
      vertex -2.14303 5.17373 0
    endloop
  endfacet
  facet normal -0.297072 0.875112 0.382004
    outer loop
      vertex -2.10201 5.0747 0.4
      vertex -1.42165 5.30566 0.4
      vertex -2.1326 5.14854 0.207055
    endloop
  endfacet
  facet normal -0.297063 0.875139 0.381949
    outer loop
      vertex -1.42165 5.30566 0.4
      vertex -1.44233 5.38285 0.207055
      vertex -2.1326 5.14854 0.207055
    endloop
  endfacet
  facet normal -0.255215 0.751866 0.607917
    outer loop
      vertex -2.05336 4.95725 0.565685
      vertex -1.38874 5.18285 0.565685
      vertex -2.10201 5.0747 0.4
    endloop
  endfacet
  facet normal -0.25522 0.751825 0.607966
    outer loop
      vertex -1.38874 5.18285 0.565685
      vertex -1.42165 5.30566 0.4
      vertex -2.10201 5.0747 0.4
    endloop
  endfacet
  facet normal -0.195939 0.577215 0.792736
    outer loop
      vertex -1.98995 4.80417 0.69282
      vertex -1.34586 5.02281 0.69282
      vertex -2.05336 4.95725 0.565685
    endloop
  endfacet
  facet normal -0.195938 0.577236 0.792721
    outer loop
      vertex -1.34586 5.02281 0.69282
      vertex -1.38874 5.18285 0.565685
      vertex -2.05336 4.95725 0.565685
    endloop
  endfacet
  facet normal -0.123236 0.363058 0.923581
    outer loop
      vertex -1.91612 4.62592 0.772741
      vertex -1.29592 4.83644 0.772741
      vertex -1.98995 4.80417 0.69282
    endloop
  endfacet
  facet normal -0.123236 0.36304 0.923588
    outer loop
      vertex -1.29592 4.83644 0.772741
      vertex -1.34586 5.02281 0.69282
      vertex -1.98995 4.80417 0.69282
    endloop
  endfacet
  facet normal -0.0420424 0.123855 0.991409
    outer loop
      vertex -1.83688 4.43462 0.8
      vertex -1.24233 4.63644 0.8
      vertex -1.91612 4.62592 0.772741
    endloop
  endfacet
  facet normal -0.0420425 0.123859 0.991409
    outer loop
      vertex -1.24233 4.63644 0.8
      vertex -1.29592 4.83644 0.772741
      vertex -1.91612 4.62592 0.772741
    endloop
  endfacet
  facet normal 0.0420437 -0.12386 0.991409
    outer loop
      vertex -1.75764 4.24333 0.772741
      vertex -1.18874 4.43644 0.772741
      vertex -1.83688 4.43462 0.8
    endloop
  endfacet
  facet normal 0.0420437 -0.123858 0.991409
    outer loop
      vertex -1.18874 4.43644 0.772741
      vertex -1.24233 4.63644 0.8
      vertex -1.83688 4.43462 0.8
    endloop
  endfacet
  facet normal 0.123232 -0.363042 0.923588
    outer loop
      vertex -1.68381 4.06507 0.69282
      vertex -1.1388 4.25007 0.69282
      vertex -1.75764 4.24333 0.772741
    endloop
  endfacet
  facet normal 0.123232 -0.363041 0.923588
    outer loop
      vertex -1.1388 4.25007 0.69282
      vertex -1.18874 4.43644 0.772741
      vertex -1.75764 4.24333 0.772741
    endloop
  endfacet
  facet normal 0.195938 -0.577239 0.792719
    outer loop
      vertex -1.6204 3.912 0.565685
      vertex -1.09592 4.09003 0.565685
      vertex -1.68381 4.06507 0.69282
    endloop
  endfacet
  facet normal 0.195939 -0.577236 0.792721
    outer loop
      vertex -1.09592 4.09003 0.565685
      vertex -1.1388 4.25007 0.69282
      vertex -1.68381 4.06507 0.69282
    endloop
  endfacet
  facet normal 0.255215 -0.751842 0.607946
    outer loop
      vertex -1.57175 3.79454 0.4
      vertex -1.06302 3.96723 0.4
      vertex -1.6204 3.912 0.565685
    endloop
  endfacet
  facet normal 0.255211 -0.751858 0.607928
    outer loop
      vertex -1.06302 3.96723 0.4
      vertex -1.09592 4.09003 0.565685
      vertex -1.6204 3.912 0.565685
    endloop
  endfacet
  facet normal 0.297058 -0.875123 0.38199
    outer loop
      vertex -1.54117 3.7207 0.207055
      vertex -1.04233 3.89003 0.207055
      vertex -1.57175 3.79454 0.4
    endloop
  endfacet
  facet normal 0.297061 -0.875117 0.382001
    outer loop
      vertex -1.04233 3.89003 0.207055
      vertex -1.06302 3.96723 0.4
      vertex -1.57175 3.79454 0.4
    endloop
  endfacet
  facet normal 0.318697 -0.938866 0.130245
    outer loop
      vertex -1.53073 3.69552 0
      vertex -1.03528 3.8637 0
      vertex -1.54117 3.7207 0.207055
    endloop
  endfacet
  facet normal 0.318696 -0.938866 0.130242
    outer loop
      vertex -1.03528 3.8637 0
      vertex -1.04233 3.89003 0.207055
      vertex -1.54117 3.7207 0.207055
    endloop
  endfacet
  facet normal 0.318696 -0.938866 -0.130245
    outer loop
      vertex -1.54117 3.7207 -0.207055
      vertex -1.04233 3.89003 -0.207055
      vertex -1.53073 3.69552 0
    endloop
  endfacet
  facet normal 0.318697 -0.938866 -0.130242
    outer loop
      vertex -1.04233 3.89003 -0.207055
      vertex -1.03528 3.8637 0
      vertex -1.53073 3.69552 0
    endloop
  endfacet
  facet normal 0.297063 -0.875121 -0.38199
    outer loop
      vertex -1.57175 3.79454 -0.4
      vertex -1.06302 3.96723 -0.4
      vertex -1.54117 3.7207 -0.207055
    endloop
  endfacet
  facet normal 0.297057 -0.875118 -0.382001
    outer loop
      vertex -1.06302 3.96723 -0.4
      vertex -1.04233 3.89003 -0.207055
      vertex -1.54117 3.7207 -0.207055
    endloop
  endfacet
  facet normal 0.255207 -0.751845 -0.607946
    outer loop
      vertex -1.6204 3.912 -0.565685
      vertex -1.09592 4.09003 -0.565685
      vertex -1.57175 3.79454 -0.4
    endloop
  endfacet
  facet normal 0.25522 -0.751855 -0.607928
    outer loop
      vertex -1.09592 4.09003 -0.565685
      vertex -1.06302 3.96723 -0.4
      vertex -1.57175 3.79454 -0.4
    endloop
  endfacet
  facet normal 0.19594 -0.577238 -0.792719
    outer loop
      vertex -1.68381 4.06507 -0.69282
      vertex -1.1388 4.25007 -0.69282
      vertex -1.6204 3.912 -0.565685
    endloop
  endfacet
  facet normal 0.195938 -0.577236 -0.792721
    outer loop
      vertex -1.1388 4.25007 -0.69282
      vertex -1.09592 4.09003 -0.565685
      vertex -1.6204 3.912 -0.565685
    endloop
  endfacet
  facet normal 0.123233 -0.363042 -0.923588
    outer loop
      vertex -1.75764 4.24333 -0.772741
      vertex -1.18874 4.43644 -0.772741
      vertex -1.68381 4.06507 -0.69282
    endloop
  endfacet
  facet normal 0.123232 -0.363041 -0.923588
    outer loop
      vertex -1.18874 4.43644 -0.772741
      vertex -1.1388 4.25007 -0.69282
      vertex -1.68381 4.06507 -0.69282
    endloop
  endfacet
  facet normal 0.0420443 -0.12386 -0.991409
    outer loop
      vertex -1.83688 4.43462 -0.8
      vertex -1.24233 4.63644 -0.8
      vertex -1.75764 4.24333 -0.772741
    endloop
  endfacet
  facet normal 0.0420431 -0.123859 -0.991409
    outer loop
      vertex -1.24233 4.63644 -0.8
      vertex -1.18874 4.43644 -0.772741
      vertex -1.75764 4.24333 -0.772741
    endloop
  endfacet
  facet normal -0.0420412 0.123855 -0.991409
    outer loop
      vertex -1.91612 4.62592 -0.772741
      vertex -1.29592 4.83644 -0.772741
      vertex -1.83688 4.43462 -0.8
    endloop
  endfacet
  facet normal -0.0420437 0.123858 -0.991409
    outer loop
      vertex -1.29592 4.83644 -0.772741
      vertex -1.24233 4.63644 -0.8
      vertex -1.83688 4.43462 -0.8
    endloop
  endfacet
  facet normal -0.123241 0.363055 -0.923581
    outer loop
      vertex -1.98995 4.80417 -0.69282
      vertex -1.34586 5.02281 -0.69282
      vertex -1.91612 4.62592 -0.772741
    endloop
  endfacet
  facet normal -0.12323 0.363041 -0.923588
    outer loop
      vertex -1.34586 5.02281 -0.69282
      vertex -1.29592 4.83644 -0.772741
      vertex -1.91612 4.62592 -0.772741
    endloop
  endfacet
  facet normal -0.195932 0.577218 -0.792736
    outer loop
      vertex -2.05336 4.95725 -0.565685
      vertex -1.38874 5.18285 -0.565685
      vertex -1.98995 4.80417 -0.69282
    endloop
  endfacet
  facet normal -0.195945 0.577234 -0.792721
    outer loop
      vertex -1.38874 5.18285 -0.565685
      vertex -1.34586 5.02281 -0.69282
      vertex -1.98995 4.80417 -0.69282
    endloop
  endfacet
  facet normal -0.255232 0.751859 -0.607918
    outer loop
      vertex -2.10201 5.0747 -0.4
      vertex -1.42165 5.30566 -0.4
      vertex -2.05336 4.95725 -0.565685
    endloop
  endfacet
  facet normal -0.255203 0.75183 -0.607967
    outer loop
      vertex -1.42165 5.30566 -0.4
      vertex -1.38874 5.18285 -0.565685
      vertex -2.05336 4.95725 -0.565685
    endloop
  endfacet
  facet normal -0.297056 0.875118 -0.382003
    outer loop
      vertex -2.1326 5.14854 -0.207055
      vertex -1.44233 5.38285 -0.207055
      vertex -2.10201 5.0747 -0.4
    endloop
  endfacet
  facet normal -0.297079 0.875134 -0.381949
    outer loop
      vertex -1.44233 5.38285 -0.207055
      vertex -1.42165 5.30566 -0.4
      vertex -2.10201 5.0747 -0.4
    endloop
  endfacet
  facet normal -0.318689 0.938864 -0.130274
    outer loop
      vertex -2.14303 5.17373 0
      vertex -1.44939 5.40918 0
      vertex -2.1326 5.14854 -0.207055
    endloop
  endfacet
  facet normal -0.318695 0.938865 -0.130257
    outer loop
      vertex -1.44939 5.40918 0
      vertex -1.44233 5.38285 -0.207055
      vertex -2.1326 5.14854 -0.207055
    endloop
  endfacet
  facet normal -0.193427 0.97243 0.130254
    outer loop
      vertex -1.44233 5.38285 0.207055
      vertex -0.727389 5.52506 0.207055
      vertex -1.44939 5.40918 0
    endloop
  endfacet
  facet normal -0.193432 0.972427 0.130269
    outer loop
      vertex -0.727389 5.52506 0.207055
      vertex -0.730947 5.55209 0
      vertex -1.44939 5.40918 0
    endloop
  endfacet
  facet normal -0.180296 0.906425 0.381951
    outer loop
      vertex -1.42165 5.30566 0.4
      vertex -0.716957 5.44583 0.4
      vertex -1.44233 5.38285 0.207055
    endloop
  endfacet
  facet normal -0.180298 0.906422 0.381957
    outer loop
      vertex -0.716957 5.44583 0.4
      vertex -0.727389 5.52506 0.207055
      vertex -1.44233 5.38285 0.207055
    endloop
  endfacet
  facet normal -0.154898 0.778707 0.607965
    outer loop
      vertex -1.38874 5.18285 0.565685
      vertex -0.700363 5.31978 0.565685
      vertex -1.42165 5.30566 0.4
    endloop
  endfacet
  facet normal -0.154895 0.77872 0.607949
    outer loop
      vertex -0.700363 5.31978 0.565685
      vertex -0.716957 5.44583 0.4
      vertex -1.42165 5.30566 0.4
    endloop
  endfacet
  facet normal -0.118925 0.597871 0.792722
    outer loop
      vertex -1.34586 5.02281 0.69282
      vertex -0.678736 5.15551 0.69282
      vertex -1.38874 5.18285 0.565685
    endloop
  endfacet
  facet normal -0.118926 0.597865 0.792726
    outer loop
      vertex -0.678736 5.15551 0.69282
      vertex -0.700363 5.31978 0.565685
      vertex -1.38874 5.18285 0.565685
    endloop
  endfacet
  facet normal -0.0747978 0.376019 0.923588
    outer loop
      vertex -1.29592 4.83644 0.772741
      vertex -0.653552 4.96422 0.772741
      vertex -1.34586 5.02281 0.69282
    endloop
  endfacet
  facet normal -0.0747968 0.376027 0.923585
    outer loop
      vertex -0.653552 4.96422 0.772741
      vertex -0.678736 5.15551 0.69282
      vertex -1.34586 5.02281 0.69282
    endloop
  endfacet
  facet normal -0.0255196 0.128286 0.991409
    outer loop
      vertex -1.24233 4.63644 0.8
      vertex -0.626526 4.75894 0.8
      vertex -1.29592 4.83644 0.772741
    endloop
  endfacet
  facet normal -0.0255192 0.128289 0.991408
    outer loop
      vertex -0.626526 4.75894 0.8
      vertex -0.653552 4.96422 0.772741
      vertex -1.29592 4.83644 0.772741
    endloop
  endfacet
  facet normal 0.0255184 -0.128286 0.991409
    outer loop
      vertex -1.18874 4.43644 0.772741
      vertex -0.5995 4.55365 0.772741
      vertex -1.24233 4.63644 0.8
    endloop
  endfacet
  facet normal 0.0255189 -0.128283 0.991409
    outer loop
      vertex -0.5995 4.55365 0.772741
      vertex -0.626526 4.75894 0.8
      vertex -1.24233 4.63644 0.8
    endloop
  endfacet
  facet normal 0.0747994 -0.376019 0.923588
    outer loop
      vertex -1.1388 4.25007 0.69282
      vertex -0.574315 4.36236 0.69282
      vertex -1.18874 4.43644 0.772741
    endloop
  endfacet
  facet normal 0.0747981 -0.376026 0.923585
    outer loop
      vertex -0.574315 4.36236 0.69282
      vertex -0.5995 4.55365 0.772741
      vertex -1.18874 4.43644 0.772741
    endloop
  endfacet
  facet normal 0.118929 -0.59787 0.792722
    outer loop
      vertex -1.09592 4.09003 0.565685
      vertex -0.552689 4.19809 0.565685
      vertex -1.1388 4.25007 0.69282
    endloop
  endfacet
  facet normal 0.11893 -0.597864 0.792726
    outer loop
      vertex -0.552689 4.19809 0.565685
      vertex -0.574315 4.36236 0.69282
      vertex -1.1388 4.25007 0.69282
    endloop
  endfacet
  facet normal 0.154897 -0.778735 0.60793
    outer loop
      vertex -1.06302 3.96723 0.4
      vertex -0.536095 4.07204 0.4
      vertex -1.09592 4.09003 0.565685
    endloop
  endfacet
  facet normal 0.154903 -0.778719 0.607949
    outer loop
      vertex -0.536095 4.07204 0.4
      vertex -0.552689 4.19809 0.565685
      vertex -1.09592 4.09003 0.565685
    endloop
  endfacet
  facet normal 0.18031 -0.906402 0.381999
    outer loop
      vertex -1.04233 3.89003 0.207055
      vertex -0.525663 3.99281 0.207055
      vertex -1.06302 3.96723 0.4
    endloop
  endfacet
  facet normal 0.180295 -0.906423 0.381957
    outer loop
      vertex -0.525663 3.99281 0.207055
      vertex -0.536095 4.07204 0.4
      vertex -1.06302 3.96723 0.4
    endloop
  endfacet
  facet normal 0.193434 -0.97243 0.130245
    outer loop
      vertex -1.03528 3.8637 0
      vertex -0.522105 3.96578 0
      vertex -1.04233 3.89003 0.207055
    endloop
  endfacet
  facet normal 0.193443 -0.972425 0.130269
    outer loop
      vertex -0.522105 3.96578 0
      vertex -0.525663 3.99281 0.207055
      vertex -1.04233 3.89003 0.207055
    endloop
  endfacet
  facet normal 0.193444 -0.972428 -0.130245
    outer loop
      vertex -1.04233 3.89003 -0.207055
      vertex -0.525663 3.99281 -0.207055
      vertex -1.03528 3.8637 0
    endloop
  endfacet
  facet normal 0.193434 -0.972427 -0.130269
    outer loop
      vertex -0.525663 3.99281 -0.207055
      vertex -0.522105 3.96578 0
      vertex -1.03528 3.8637 0
    endloop
  endfacet
  facet normal 0.180292 -0.906406 -0.381999
    outer loop
      vertex -1.06302 3.96723 -0.4
      vertex -0.536095 4.07204 -0.4
      vertex -1.04233 3.89003 -0.207055
    endloop
  endfacet
  facet normal 0.180313 -0.906419 -0.381957
    outer loop
      vertex -0.536095 4.07204 -0.4
      vertex -0.525663 3.99281 -0.207055
      vertex -1.04233 3.89003 -0.207055
    endloop
  endfacet
  facet normal 0.154906 -0.778733 -0.60793
    outer loop
      vertex -1.09592 4.09003 -0.565685
      vertex -0.552689 4.19809 -0.565685
      vertex -1.06302 3.96723 -0.4
    endloop
  endfacet
  facet normal 0.154894 -0.778721 -0.607949
    outer loop
      vertex -0.552689 4.19809 -0.565685
      vertex -0.536095 4.07204 -0.4
      vertex -1.06302 3.96723 -0.4
    endloop
  endfacet
  facet normal 0.118931 -0.597869 -0.792722
    outer loop
      vertex -1.1388 4.25007 -0.69282
      vertex -0.574315 4.36236 -0.69282
      vertex -1.09592 4.09003 -0.565685
    endloop
  endfacet
  facet normal 0.118928 -0.597865 -0.792726
    outer loop
      vertex -0.574315 4.36236 -0.69282
      vertex -0.552689 4.19809 -0.565685
      vertex -1.09592 4.09003 -0.565685
    endloop
  endfacet
  facet normal 0.0747967 -0.376019 -0.923588
    outer loop
      vertex -1.18874 4.43644 -0.772741
      vertex -0.5995 4.55365 -0.772741
      vertex -1.1388 4.25007 -0.69282
    endloop
  endfacet
  facet normal 0.0748008 -0.376026 -0.923585
    outer loop
      vertex -0.5995 4.55365 -0.772741
      vertex -0.574315 4.36236 -0.69282
      vertex -1.1388 4.25007 -0.69282
    endloop
  endfacet
  facet normal 0.0255196 -0.128286 -0.991409
    outer loop
      vertex -1.24233 4.63644 -0.8
      vertex -0.626526 4.75894 -0.8
      vertex -1.18874 4.43644 -0.772741
    endloop
  endfacet
  facet normal 0.0255177 -0.128283 -0.991409
    outer loop
      vertex -0.626526 4.75894 -0.8
      vertex -0.5995 4.55365 -0.772741
      vertex -1.18874 4.43644 -0.772741
    endloop
  endfacet
  facet normal -0.0255187 0.128286 -0.991409
    outer loop
      vertex -1.29592 4.83644 -0.772741
      vertex -0.653552 4.96422 -0.772741
      vertex -1.24233 4.63644 -0.8
    endloop
  endfacet
  facet normal -0.0255201 0.128289 -0.991408
    outer loop
      vertex -0.653552 4.96422 -0.772741
      vertex -0.626526 4.75894 -0.8
      vertex -1.24233 4.63644 -0.8
    endloop
  endfacet
  facet normal -0.0747954 0.37602 -0.923588
    outer loop
      vertex -1.34586 5.02281 -0.69282
      vertex -0.678736 5.15551 -0.69282
      vertex -1.29592 4.83644 -0.772741
    endloop
  endfacet
  facet normal -0.0747993 0.376026 -0.923585
    outer loop
      vertex -0.678736 5.15551 -0.69282
      vertex -0.653552 4.96422 -0.772741
      vertex -1.29592 4.83644 -0.772741
    endloop
  endfacet
  facet normal -0.118927 0.59787 -0.792722
    outer loop
      vertex -1.38874 5.18285 -0.565685
      vertex -0.700363 5.31978 -0.565685
      vertex -1.34586 5.02281 -0.69282
    endloop
  endfacet
  facet normal -0.118923 0.597865 -0.792726
    outer loop
      vertex -0.700363 5.31978 -0.565685
      vertex -0.678736 5.15551 -0.69282
      vertex -1.34586 5.02281 -0.69282
    endloop
  endfacet
  facet normal -0.154892 0.778708 -0.607965
    outer loop
      vertex -1.42165 5.30566 -0.4
      vertex -0.716957 5.44583 -0.4
      vertex -1.38874 5.18285 -0.565685
    endloop
  endfacet
  facet normal -0.154901 0.778719 -0.607949
    outer loop
      vertex -0.716957 5.44583 -0.4
      vertex -0.700363 5.31978 -0.565685
      vertex -1.38874 5.18285 -0.565685
    endloop
  endfacet
  facet normal -0.180298 0.906425 -0.381951
    outer loop
      vertex -1.44233 5.38285 -0.207055
      vertex -0.727389 5.52506 -0.207055
      vertex -1.42165 5.30566 -0.4
    endloop
  endfacet
  facet normal -0.180296 0.906423 -0.381957
    outer loop
      vertex -0.727389 5.52506 -0.207055
      vertex -0.716957 5.44583 -0.4
      vertex -1.42165 5.30566 -0.4
    endloop
  endfacet
  facet normal -0.193432 0.972429 -0.130254
    outer loop
      vertex -1.44939 5.40918 0
      vertex -0.730947 5.55209 0
      vertex -1.44233 5.38285 -0.207055
    endloop
  endfacet
  facet normal -0.193427 0.972428 -0.130269
    outer loop
      vertex -0.730947 5.55209 0
      vertex -0.727389 5.52506 -0.207055
      vertex -1.44233 5.38285 -0.207055
    endloop
  endfacet
  facet normal -0.0648518 0.989355 0.13027
    outer loop
      vertex -0.727389 5.52506 0.207055
      vertex 0 5.57274 0.207055
      vertex -0.730947 5.55209 0
    endloop
  endfacet
  facet normal -0.0648476 0.989358 0.130255
    outer loop
      vertex 0 5.57274 0.207055
      vertex 0 5.6 0
      vertex -0.730947 5.55209 0
    endloop
  endfacet
  facet normal -0.0604419 0.922202 0.381956
    outer loop
      vertex -0.716957 5.44583 0.4
      vertex 0 5.49282 0.4
      vertex -0.727389 5.52506 0.207055
    endloop
  endfacet
  facet normal -0.0604492 0.922191 0.381982
    outer loop
      vertex 0 5.49282 0.4
      vertex 0 5.57274 0.207055
      vertex -0.727389 5.52506 0.207055
    endloop
  endfacet
  facet normal -0.051935 0.792275 0.607949
    outer loop
      vertex -0.700363 5.31978 0.565685
      vertex 0 5.36569 0.565685
      vertex -0.716957 5.44583 0.4
    endloop
  endfacet
  facet normal -0.0519276 0.792294 0.607926
    outer loop
      vertex 0 5.36569 0.565685
      vertex 0 5.49282 0.4
      vertex -0.716957 5.44583 0.4
    endloop
  endfacet
  facet normal -0.0398712 0.608273 0.792726
    outer loop
      vertex -0.678736 5.15551 0.69282
      vertex 0 5.2 0.69282
      vertex -0.700363 5.31978 0.565685
    endloop
  endfacet
  facet normal -0.039873 0.608267 0.79273
    outer loop
      vertex 0 5.2 0.69282
      vertex 0 5.36569 0.565685
      vertex -0.700363 5.31978 0.565685
    endloop
  endfacet
  facet normal -0.0250774 0.382572 0.923585
    outer loop
      vertex -0.653552 4.96422 0.772741
      vertex 0 5.00706 0.772741
      vertex -0.678736 5.15551 0.69282
    endloop
  endfacet
  facet normal -0.0250771 0.382574 0.923585
    outer loop
      vertex 0 5.00706 0.772741
      vertex 0 5.2 0.69282
      vertex -0.678736 5.15551 0.69282
    endloop
  endfacet
  facet normal -0.00855391 0.130522 0.991408
    outer loop
      vertex -0.626526 4.75894 0.8
      vertex 0 4.8 0.8
      vertex -0.653552 4.96422 0.772741
    endloop
  endfacet
  facet normal -0.00855531 0.130517 0.991409
    outer loop
      vertex 0 4.8 0.8
      vertex 0 5.00706 0.772741
      vertex -0.653552 4.96422 0.772741
    endloop
  endfacet
  facet normal 0.00855376 -0.130516 0.991409
    outer loop
      vertex -0.5995 4.55365 0.772741
      vertex 0 4.59294 0.772741
      vertex -0.626526 4.75894 0.8
    endloop
  endfacet
  facet normal 0.00855355 -0.130517 0.991409
    outer loop
      vertex 0 4.59294 0.772741
      vertex 0 4.8 0.8
      vertex -0.626526 4.75894 0.8
    endloop
  endfacet
  facet normal 0.0250734 -0.382573 0.923585
    outer loop
      vertex -0.574315 4.36236 0.69282
      vertex 0 4.4 0.69282
      vertex -0.5995 4.55365 0.772741
    endloop
  endfacet
  facet normal 0.0250731 -0.382574 0.923585
    outer loop
      vertex 0 4.4 0.69282
      vertex 0 4.59294 0.772741
      vertex -0.5995 4.55365 0.772741
    endloop
  endfacet
  facet normal 0.0398627 -0.608274 0.792726
    outer loop
      vertex -0.552689 4.19809 0.565685
      vertex 0 4.23431 0.565685
      vertex -0.574315 4.36236 0.69282
    endloop
  endfacet
  facet normal 0.0398652 -0.608267 0.792731
    outer loop
      vertex 0 4.23431 0.565685
      vertex 0 4.4 0.69282
      vertex -0.574315 4.36236 0.69282
    endloop
  endfacet
  facet normal 0.0519321 -0.792276 0.607949
    outer loop
      vertex -0.536095 4.07204 0.4
      vertex 0 4.10718 0.4
      vertex -0.552689 4.19809 0.565685
    endloop
  endfacet
  facet normal 0.0519223 -0.792294 0.607927
    outer loop
      vertex 0 4.10718 0.4
      vertex 0 4.23431 0.565685
      vertex -0.552689 4.19809 0.565685
    endloop
  endfacet
  facet normal 0.0604377 -0.922202 0.381956
    outer loop
      vertex -0.525663 3.99281 0.207055
      vertex 0 4.02726 0.207055
      vertex -0.536095 4.07204 0.4
    endloop
  endfacet
  facet normal 0.0604478 -0.922191 0.381982
    outer loop
      vertex 0 4.02726 0.207055
      vertex 0 4.10718 0.4
      vertex -0.536095 4.07204 0.4
    endloop
  endfacet
  facet normal 0.0648447 -0.989356 0.13027
    outer loop
      vertex -0.522105 3.96578 0
      vertex 0 4 0
      vertex -0.525663 3.99281 0.207055
    endloop
  endfacet
  facet normal 0.0648389 -0.989358 0.130255
    outer loop
      vertex 0 4 0
      vertex 0 4.02726 0.207055
      vertex -0.525663 3.99281 0.207055
    endloop
  endfacet
  facet normal 0.0648387 -0.989356 -0.13027
    outer loop
      vertex -0.525663 3.99281 -0.207055
      vertex 0 4.02726 -0.207055
      vertex -0.522105 3.96578 0
    endloop
  endfacet
  facet normal 0.0648449 -0.989358 -0.130255
    outer loop
      vertex 0 4.02726 -0.207055
      vertex 0 4 0
      vertex -0.522105 3.96578 0
    endloop
  endfacet
  facet normal 0.0604485 -0.922201 -0.381957
    outer loop
      vertex -0.536095 4.07204 -0.4
      vertex 0 4.10718 -0.4
      vertex -0.525663 3.99281 -0.207055
    endloop
  endfacet
  facet normal 0.060437 -0.922191 -0.381982
    outer loop
      vertex 0 4.10718 -0.4
      vertex 0 4.02726 -0.207055
      vertex -0.525663 3.99281 -0.207055
    endloop
  endfacet
  facet normal 0.0519212 -0.792277 -0.607949
    outer loop
      vertex -0.552689 4.19809 -0.565685
      vertex 0 4.23431 -0.565685
      vertex -0.536095 4.07204 -0.4
    endloop
  endfacet
  facet normal 0.0519333 -0.792293 -0.607926
    outer loop
      vertex 0 4.23431 -0.565685
      vertex 0 4.10718 -0.4
      vertex -0.536095 4.07204 -0.4
    endloop
  endfacet
  facet normal 0.0398656 -0.608273 -0.792726
    outer loop
      vertex -0.574315 4.36236 -0.69282
      vertex 0 4.4 -0.69282
      vertex -0.552689 4.19809 -0.565685
    endloop
  endfacet
  facet normal 0.0398623 -0.608267 -0.792731
    outer loop
      vertex 0 4.4 -0.69282
      vertex 0 4.23431 -0.565685
      vertex -0.552689 4.19809 -0.565685
    endloop
  endfacet
  facet normal 0.025073 -0.382573 -0.923585
    outer loop
      vertex -0.5995 4.55365 -0.772741
      vertex 0 4.59294 -0.772741
      vertex -0.574315 4.36236 -0.69282
    endloop
  endfacet
  facet normal 0.0250735 -0.382574 -0.923585
    outer loop
      vertex 0 4.59294 -0.772741
      vertex 0 4.4 -0.69282
      vertex -0.574315 4.36236 -0.69282
    endloop
  endfacet
  facet normal 0.0085535 -0.130516 -0.991409
    outer loop
      vertex -0.626526 4.75894 -0.8
      vertex 0 4.8 -0.8
      vertex -0.5995 4.55365 -0.772741
    endloop
  endfacet
  facet normal 0.00855381 -0.130517 -0.991409
    outer loop
      vertex 0 4.8 -0.8
      vertex 0 4.59294 -0.772741
      vertex -0.5995 4.55365 -0.772741
    endloop
  endfacet
  facet normal -0.00855566 0.130522 -0.991408
    outer loop
      vertex -0.653552 4.96422 -0.772741
      vertex 0 5.00706 -0.772741
      vertex -0.626526 4.75894 -0.8
    endloop
  endfacet
  facet normal -0.00855355 0.130517 -0.991409
    outer loop
      vertex 0 5.00706 -0.772741
      vertex 0 4.8 -0.8
      vertex -0.626526 4.75894 -0.8
    endloop
  endfacet
  facet normal -0.025077 0.382573 -0.923585
    outer loop
      vertex -0.678736 5.15551 -0.69282
      vertex 0 5.2 -0.69282
      vertex -0.653552 4.96422 -0.772741
    endloop
  endfacet
  facet normal -0.0250775 0.382574 -0.923585
    outer loop
      vertex 0 5.2 -0.69282
      vertex 0 5.00706 -0.772741
      vertex -0.653552 4.96422 -0.772741
    endloop
  endfacet
  facet normal -0.0398733 0.608272 -0.792726
    outer loop
      vertex -0.700363 5.31978 -0.565685
      vertex 0 5.36569 -0.565685
      vertex -0.678736 5.15551 -0.69282
    endloop
  endfacet
  facet normal -0.0398709 0.608267 -0.79273
    outer loop
      vertex 0 5.36569 -0.565685
      vertex 0 5.2 -0.69282
      vertex -0.678736 5.15551 -0.69282
    endloop
  endfacet
  facet normal -0.0519265 0.792276 -0.607949
    outer loop
      vertex -0.716957 5.44583 -0.4
      vertex 0 5.49282 -0.4
      vertex -0.700363 5.31978 -0.565685
    endloop
  endfacet
  facet normal -0.0519362 0.792293 -0.607926
    outer loop
      vertex 0 5.49282 -0.4
      vertex 0 5.36569 -0.565685
      vertex -0.700363 5.31978 -0.565685
    endloop
  endfacet
  facet normal -0.0604498 0.922201 -0.381957
    outer loop
      vertex -0.727389 5.52506 -0.207055
      vertex 0 5.57274 -0.207055
      vertex -0.716957 5.44583 -0.4
    endloop
  endfacet
  facet normal -0.0604412 0.922191 -0.381982
    outer loop
      vertex 0 5.57274 -0.207055
      vertex 0 5.49282 -0.4
      vertex -0.716957 5.44583 -0.4
    endloop
  endfacet
  facet normal -0.0648474 0.989356 -0.13027
    outer loop
      vertex -0.730947 5.55209 0
      vertex 0 5.6 0
      vertex -0.727389 5.52506 -0.207055
    endloop
  endfacet
  facet normal -0.0648519 0.989357 -0.130255
    outer loop
      vertex 0 5.6 0
      vertex 0 5.57274 -0.207055
      vertex -0.727389 5.52506 -0.207055
    endloop
  endfacet
  facet normal 0.0648519 0.989357 0.130255
    outer loop
      vertex 0 5.57274 0.207055
      vertex 0.727389 5.52506 0.207055
      vertex 0 5.6 0
    endloop
  endfacet
  facet normal 0.0648474 0.989356 0.13027
    outer loop
      vertex 0.727389 5.52506 0.207055
      vertex 0.730947 5.55209 0
      vertex 0 5.6 0
    endloop
  endfacet
  facet normal 0.0604412 0.922191 0.381982
    outer loop
      vertex 0 5.49282 0.4
      vertex 0.716957 5.44583 0.4
      vertex 0 5.57274 0.207055
    endloop
  endfacet
  facet normal 0.0604498 0.922201 0.381957
    outer loop
      vertex 0.716957 5.44583 0.4
      vertex 0.727389 5.52506 0.207055
      vertex 0 5.57274 0.207055
    endloop
  endfacet
  facet normal 0.0519362 0.792293 0.607926
    outer loop
      vertex 0 5.36569 0.565685
      vertex 0.700363 5.31978 0.565685
      vertex 0 5.49282 0.4
    endloop
  endfacet
  facet normal 0.0519265 0.792276 0.607949
    outer loop
      vertex 0.700363 5.31978 0.565685
      vertex 0.716957 5.44583 0.4
      vertex 0 5.49282 0.4
    endloop
  endfacet
  facet normal 0.0398709 0.608267 0.79273
    outer loop
      vertex 0 5.2 0.69282
      vertex 0.678736 5.15551 0.69282
      vertex 0 5.36569 0.565685
    endloop
  endfacet
  facet normal 0.0398733 0.608272 0.792726
    outer loop
      vertex 0.678736 5.15551 0.69282
      vertex 0.700363 5.31978 0.565685
      vertex 0 5.36569 0.565685
    endloop
  endfacet
  facet normal 0.0250775 0.382574 0.923585
    outer loop
      vertex 0 5.00706 0.772741
      vertex 0.653552 4.96422 0.772741
      vertex 0 5.2 0.69282
    endloop
  endfacet
  facet normal 0.025077 0.382573 0.923585
    outer loop
      vertex 0.653552 4.96422 0.772741
      vertex 0.678736 5.15551 0.69282
      vertex 0 5.2 0.69282
    endloop
  endfacet
  facet normal 0.00855355 0.130517 0.991409
    outer loop
      vertex 0 4.8 0.8
      vertex 0.626526 4.75894 0.8
      vertex 0 5.00706 0.772741
    endloop
  endfacet
  facet normal 0.00855566 0.130522 0.991408
    outer loop
      vertex 0.626526 4.75894 0.8
      vertex 0.653552 4.96422 0.772741
      vertex 0 5.00706 0.772741
    endloop
  endfacet
  facet normal -0.00855381 -0.130517 0.991409
    outer loop
      vertex 0 4.59294 0.772741
      vertex 0.5995 4.55365 0.772741
      vertex 0 4.8 0.8
    endloop
  endfacet
  facet normal -0.0085535 -0.130516 0.991409
    outer loop
      vertex 0.5995 4.55365 0.772741
      vertex 0.626526 4.75894 0.8
      vertex 0 4.8 0.8
    endloop
  endfacet
  facet normal -0.0250735 -0.382574 0.923585
    outer loop
      vertex 0 4.4 0.69282
      vertex 0.574315 4.36236 0.69282
      vertex 0 4.59294 0.772741
    endloop
  endfacet
  facet normal -0.025073 -0.382573 0.923585
    outer loop
      vertex 0.574315 4.36236 0.69282
      vertex 0.5995 4.55365 0.772741
      vertex 0 4.59294 0.772741
    endloop
  endfacet
  facet normal -0.0398623 -0.608267 0.792731
    outer loop
      vertex 0 4.23431 0.565685
      vertex 0.552689 4.19809 0.565685
      vertex 0 4.4 0.69282
    endloop
  endfacet
  facet normal -0.0398656 -0.608273 0.792726
    outer loop
      vertex 0.552689 4.19809 0.565685
      vertex 0.574315 4.36236 0.69282
      vertex 0 4.4 0.69282
    endloop
  endfacet
  facet normal -0.0519333 -0.792293 0.607926
    outer loop
      vertex 0 4.10718 0.4
      vertex 0.536095 4.07204 0.4
      vertex 0 4.23431 0.565685
    endloop
  endfacet
  facet normal -0.0519212 -0.792277 0.607949
    outer loop
      vertex 0.536095 4.07204 0.4
      vertex 0.552689 4.19809 0.565685
      vertex 0 4.23431 0.565685
    endloop
  endfacet
  facet normal -0.060437 -0.922191 0.381982
    outer loop
      vertex 0 4.02726 0.207055
      vertex 0.525663 3.99281 0.207055
      vertex 0 4.10718 0.4
    endloop
  endfacet
  facet normal -0.0604485 -0.922201 0.381957
    outer loop
      vertex 0.525663 3.99281 0.207055
      vertex 0.536095 4.07204 0.4
      vertex 0 4.10718 0.4
    endloop
  endfacet
  facet normal -0.0648449 -0.989358 0.130255
    outer loop
      vertex 0 4 0
      vertex 0.522105 3.96578 0
      vertex 0 4.02726 0.207055
    endloop
  endfacet
  facet normal -0.0648387 -0.989356 0.13027
    outer loop
      vertex 0.522105 3.96578 0
      vertex 0.525663 3.99281 0.207055
      vertex 0 4.02726 0.207055
    endloop
  endfacet
  facet normal -0.0648389 -0.989358 -0.130255
    outer loop
      vertex 0 4.02726 -0.207055
      vertex 0.525663 3.99281 -0.207055
      vertex 0 4 0
    endloop
  endfacet
  facet normal -0.0648447 -0.989356 -0.13027
    outer loop
      vertex 0.525663 3.99281 -0.207055
      vertex 0.522105 3.96578 0
      vertex 0 4 0
    endloop
  endfacet
  facet normal -0.0604478 -0.922191 -0.381982
    outer loop
      vertex 0 4.10718 -0.4
      vertex 0.536095 4.07204 -0.4
      vertex 0 4.02726 -0.207055
    endloop
  endfacet
  facet normal -0.0604377 -0.922202 -0.381956
    outer loop
      vertex 0.536095 4.07204 -0.4
      vertex 0.525663 3.99281 -0.207055
      vertex 0 4.02726 -0.207055
    endloop
  endfacet
  facet normal -0.0519223 -0.792294 -0.607927
    outer loop
      vertex 0 4.23431 -0.565685
      vertex 0.552689 4.19809 -0.565685
      vertex 0 4.10718 -0.4
    endloop
  endfacet
  facet normal -0.0519321 -0.792276 -0.607949
    outer loop
      vertex 0.552689 4.19809 -0.565685
      vertex 0.536095 4.07204 -0.4
      vertex 0 4.10718 -0.4
    endloop
  endfacet
  facet normal -0.0398652 -0.608267 -0.792731
    outer loop
      vertex 0 4.4 -0.69282
      vertex 0.574315 4.36236 -0.69282
      vertex 0 4.23431 -0.565685
    endloop
  endfacet
  facet normal -0.0398627 -0.608274 -0.792726
    outer loop
      vertex 0.574315 4.36236 -0.69282
      vertex 0.552689 4.19809 -0.565685
      vertex 0 4.23431 -0.565685
    endloop
  endfacet
  facet normal -0.0250731 -0.382574 -0.923585
    outer loop
      vertex 0 4.59294 -0.772741
      vertex 0.5995 4.55365 -0.772741
      vertex 0 4.4 -0.69282
    endloop
  endfacet
  facet normal -0.0250734 -0.382573 -0.923585
    outer loop
      vertex 0.5995 4.55365 -0.772741
      vertex 0.574315 4.36236 -0.69282
      vertex 0 4.4 -0.69282
    endloop
  endfacet
  facet normal -0.00855355 -0.130517 -0.991409
    outer loop
      vertex 0 4.8 -0.8
      vertex 0.626526 4.75894 -0.8
      vertex 0 4.59294 -0.772741
    endloop
  endfacet
  facet normal -0.00855376 -0.130516 -0.991409
    outer loop
      vertex 0.626526 4.75894 -0.8
      vertex 0.5995 4.55365 -0.772741
      vertex 0 4.59294 -0.772741
    endloop
  endfacet
  facet normal 0.00855531 0.130517 -0.991409
    outer loop
      vertex 0 5.00706 -0.772741
      vertex 0.653552 4.96422 -0.772741
      vertex 0 4.8 -0.8
    endloop
  endfacet
  facet normal 0.00855391 0.130522 -0.991408
    outer loop
      vertex 0.653552 4.96422 -0.772741
      vertex 0.626526 4.75894 -0.8
      vertex 0 4.8 -0.8
    endloop
  endfacet
  facet normal 0.0250771 0.382574 -0.923585
    outer loop
      vertex 0 5.2 -0.69282
      vertex 0.678736 5.15551 -0.69282
      vertex 0 5.00706 -0.772741
    endloop
  endfacet
  facet normal 0.0250774 0.382572 -0.923585
    outer loop
      vertex 0.678736 5.15551 -0.69282
      vertex 0.653552 4.96422 -0.772741
      vertex 0 5.00706 -0.772741
    endloop
  endfacet
  facet normal 0.039873 0.608267 -0.79273
    outer loop
      vertex 0 5.36569 -0.565685
      vertex 0.700363 5.31978 -0.565685
      vertex 0 5.2 -0.69282
    endloop
  endfacet
  facet normal 0.0398712 0.608273 -0.792726
    outer loop
      vertex 0.700363 5.31978 -0.565685
      vertex 0.678736 5.15551 -0.69282
      vertex 0 5.2 -0.69282
    endloop
  endfacet
  facet normal 0.0519276 0.792294 -0.607926
    outer loop
      vertex 0 5.49282 -0.4
      vertex 0.716957 5.44583 -0.4
      vertex 0 5.36569 -0.565685
    endloop
  endfacet
  facet normal 0.051935 0.792275 -0.607949
    outer loop
      vertex 0.716957 5.44583 -0.4
      vertex 0.700363 5.31978 -0.565685
      vertex 0 5.36569 -0.565685
    endloop
  endfacet
  facet normal 0.0604492 0.922191 -0.381982
    outer loop
      vertex 0 5.57274 -0.207055
      vertex 0.727389 5.52506 -0.207055
      vertex 0 5.49282 -0.4
    endloop
  endfacet
  facet normal 0.0604419 0.922202 -0.381956
    outer loop
      vertex 0.727389 5.52506 -0.207055
      vertex 0.716957 5.44583 -0.4
      vertex 0 5.49282 -0.4
    endloop
  endfacet
  facet normal 0.0648476 0.989358 -0.130255
    outer loop
      vertex 0 5.6 0
      vertex 0.730947 5.55209 0
      vertex 0 5.57274 -0.207055
    endloop
  endfacet
  facet normal 0.0648518 0.989355 -0.13027
    outer loop
      vertex 0.730947 5.55209 0
      vertex 0.727389 5.52506 -0.207055
      vertex 0 5.57274 -0.207055
    endloop
  endfacet
  facet normal 0.193427 0.972428 0.130269
    outer loop
      vertex 0.727389 5.52506 0.207055
      vertex 1.44233 5.38285 0.207055
      vertex 0.730947 5.55209 0
    endloop
  endfacet
  facet normal 0.193432 0.972429 0.130254
    outer loop
      vertex 1.44233 5.38285 0.207055
      vertex 1.44939 5.40918 0
      vertex 0.730947 5.55209 0
    endloop
  endfacet
  facet normal 0.180296 0.906423 0.381957
    outer loop
      vertex 0.716957 5.44583 0.4
      vertex 1.42165 5.30566 0.4
      vertex 0.727389 5.52506 0.207055
    endloop
  endfacet
  facet normal 0.180298 0.906425 0.381951
    outer loop
      vertex 1.42165 5.30566 0.4
      vertex 1.44233 5.38285 0.207055
      vertex 0.727389 5.52506 0.207055
    endloop
  endfacet
  facet normal 0.154901 0.778719 0.607949
    outer loop
      vertex 0.700363 5.31978 0.565685
      vertex 1.38874 5.18285 0.565685
      vertex 0.716957 5.44583 0.4
    endloop
  endfacet
  facet normal 0.154892 0.778708 0.607965
    outer loop
      vertex 1.38874 5.18285 0.565685
      vertex 1.42165 5.30566 0.4
      vertex 0.716957 5.44583 0.4
    endloop
  endfacet
  facet normal 0.118923 0.597865 0.792726
    outer loop
      vertex 0.678736 5.15551 0.69282
      vertex 1.34586 5.02281 0.69282
      vertex 0.700363 5.31978 0.565685
    endloop
  endfacet
  facet normal 0.118927 0.59787 0.792722
    outer loop
      vertex 1.34586 5.02281 0.69282
      vertex 1.38874 5.18285 0.565685
      vertex 0.700363 5.31978 0.565685
    endloop
  endfacet
  facet normal 0.0747993 0.376026 0.923585
    outer loop
      vertex 0.653552 4.96422 0.772741
      vertex 1.29592 4.83644 0.772741
      vertex 0.678736 5.15551 0.69282
    endloop
  endfacet
  facet normal 0.0747954 0.37602 0.923588
    outer loop
      vertex 1.29592 4.83644 0.772741
      vertex 1.34586 5.02281 0.69282
      vertex 0.678736 5.15551 0.69282
    endloop
  endfacet
  facet normal 0.0255201 0.128289 0.991408
    outer loop
      vertex 0.626526 4.75894 0.8
      vertex 1.24233 4.63644 0.8
      vertex 0.653552 4.96422 0.772741
    endloop
  endfacet
  facet normal 0.0255187 0.128286 0.991409
    outer loop
      vertex 1.24233 4.63644 0.8
      vertex 1.29592 4.83644 0.772741
      vertex 0.653552 4.96422 0.772741
    endloop
  endfacet
  facet normal -0.0255177 -0.128283 0.991409
    outer loop
      vertex 0.5995 4.55365 0.772741
      vertex 1.18874 4.43644 0.772741
      vertex 0.626526 4.75894 0.8
    endloop
  endfacet
  facet normal -0.0255196 -0.128286 0.991409
    outer loop
      vertex 1.18874 4.43644 0.772741
      vertex 1.24233 4.63644 0.8
      vertex 0.626526 4.75894 0.8
    endloop
  endfacet
  facet normal -0.0748008 -0.376026 0.923585
    outer loop
      vertex 0.574315 4.36236 0.69282
      vertex 1.1388 4.25007 0.69282
      vertex 0.5995 4.55365 0.772741
    endloop
  endfacet
  facet normal -0.0747967 -0.376019 0.923588
    outer loop
      vertex 1.1388 4.25007 0.69282
      vertex 1.18874 4.43644 0.772741
      vertex 0.5995 4.55365 0.772741
    endloop
  endfacet
  facet normal -0.118928 -0.597865 0.792726
    outer loop
      vertex 0.552689 4.19809 0.565685
      vertex 1.09592 4.09003 0.565685
      vertex 0.574315 4.36236 0.69282
    endloop
  endfacet
  facet normal -0.118931 -0.597869 0.792722
    outer loop
      vertex 1.09592 4.09003 0.565685
      vertex 1.1388 4.25007 0.69282
      vertex 0.574315 4.36236 0.69282
    endloop
  endfacet
  facet normal -0.154894 -0.778721 0.607949
    outer loop
      vertex 0.536095 4.07204 0.4
      vertex 1.06302 3.96723 0.4
      vertex 0.552689 4.19809 0.565685
    endloop
  endfacet
  facet normal -0.154906 -0.778733 0.60793
    outer loop
      vertex 1.06302 3.96723 0.4
      vertex 1.09592 4.09003 0.565685
      vertex 0.552689 4.19809 0.565685
    endloop
  endfacet
  facet normal -0.180313 -0.906419 0.381957
    outer loop
      vertex 0.525663 3.99281 0.207055
      vertex 1.04233 3.89003 0.207055
      vertex 0.536095 4.07204 0.4
    endloop
  endfacet
  facet normal -0.180292 -0.906406 0.381999
    outer loop
      vertex 1.04233 3.89003 0.207055
      vertex 1.06302 3.96723 0.4
      vertex 0.536095 4.07204 0.4
    endloop
  endfacet
  facet normal -0.193434 -0.972427 0.130269
    outer loop
      vertex 0.522105 3.96578 0
      vertex 1.03528 3.8637 0
      vertex 0.525663 3.99281 0.207055
    endloop
  endfacet
  facet normal -0.193444 -0.972428 0.130245
    outer loop
      vertex 1.03528 3.8637 0
      vertex 1.04233 3.89003 0.207055
      vertex 0.525663 3.99281 0.207055
    endloop
  endfacet
  facet normal -0.193443 -0.972425 -0.130269
    outer loop
      vertex 0.525663 3.99281 -0.207055
      vertex 1.04233 3.89003 -0.207055
      vertex 0.522105 3.96578 0
    endloop
  endfacet
  facet normal -0.193434 -0.97243 -0.130245
    outer loop
      vertex 1.04233 3.89003 -0.207055
      vertex 1.03528 3.8637 0
      vertex 0.522105 3.96578 0
    endloop
  endfacet
  facet normal -0.180295 -0.906423 -0.381957
    outer loop
      vertex 0.536095 4.07204 -0.4
      vertex 1.06302 3.96723 -0.4
      vertex 0.525663 3.99281 -0.207055
    endloop
  endfacet
  facet normal -0.18031 -0.906402 -0.381999
    outer loop
      vertex 1.06302 3.96723 -0.4
      vertex 1.04233 3.89003 -0.207055
      vertex 0.525663 3.99281 -0.207055
    endloop
  endfacet
  facet normal -0.154903 -0.778719 -0.607949
    outer loop
      vertex 0.552689 4.19809 -0.565685
      vertex 1.09592 4.09003 -0.565685
      vertex 0.536095 4.07204 -0.4
    endloop
  endfacet
  facet normal -0.154897 -0.778735 -0.60793
    outer loop
      vertex 1.09592 4.09003 -0.565685
      vertex 1.06302 3.96723 -0.4
      vertex 0.536095 4.07204 -0.4
    endloop
  endfacet
  facet normal -0.11893 -0.597864 -0.792726
    outer loop
      vertex 0.574315 4.36236 -0.69282
      vertex 1.1388 4.25007 -0.69282
      vertex 0.552689 4.19809 -0.565685
    endloop
  endfacet
  facet normal -0.118929 -0.59787 -0.792722
    outer loop
      vertex 1.1388 4.25007 -0.69282
      vertex 1.09592 4.09003 -0.565685
      vertex 0.552689 4.19809 -0.565685
    endloop
  endfacet
  facet normal -0.0747981 -0.376026 -0.923585
    outer loop
      vertex 0.5995 4.55365 -0.772741
      vertex 1.18874 4.43644 -0.772741
      vertex 0.574315 4.36236 -0.69282
    endloop
  endfacet
  facet normal -0.0747994 -0.376019 -0.923588
    outer loop
      vertex 1.18874 4.43644 -0.772741
      vertex 1.1388 4.25007 -0.69282
      vertex 0.574315 4.36236 -0.69282
    endloop
  endfacet
  facet normal -0.0255189 -0.128283 -0.991409
    outer loop
      vertex 0.626526 4.75894 -0.8
      vertex 1.24233 4.63644 -0.8
      vertex 0.5995 4.55365 -0.772741
    endloop
  endfacet
  facet normal -0.0255184 -0.128286 -0.991409
    outer loop
      vertex 1.24233 4.63644 -0.8
      vertex 1.18874 4.43644 -0.772741
      vertex 0.5995 4.55365 -0.772741
    endloop
  endfacet
  facet normal 0.0255192 0.128289 -0.991408
    outer loop
      vertex 0.653552 4.96422 -0.772741
      vertex 1.29592 4.83644 -0.772741
      vertex 0.626526 4.75894 -0.8
    endloop
  endfacet
  facet normal 0.0255196 0.128286 -0.991409
    outer loop
      vertex 1.29592 4.83644 -0.772741
      vertex 1.24233 4.63644 -0.8
      vertex 0.626526 4.75894 -0.8
    endloop
  endfacet
  facet normal 0.0747968 0.376027 -0.923585
    outer loop
      vertex 0.678736 5.15551 -0.69282
      vertex 1.34586 5.02281 -0.69282
      vertex 0.653552 4.96422 -0.772741
    endloop
  endfacet
  facet normal 0.0747978 0.376019 -0.923588
    outer loop
      vertex 1.34586 5.02281 -0.69282
      vertex 1.29592 4.83644 -0.772741
      vertex 0.653552 4.96422 -0.772741
    endloop
  endfacet
  facet normal 0.118926 0.597865 -0.792726
    outer loop
      vertex 0.700363 5.31978 -0.565685
      vertex 1.38874 5.18285 -0.565685
      vertex 0.678736 5.15551 -0.69282
    endloop
  endfacet
  facet normal 0.118925 0.597871 -0.792722
    outer loop
      vertex 1.38874 5.18285 -0.565685
      vertex 1.34586 5.02281 -0.69282
      vertex 0.678736 5.15551 -0.69282
    endloop
  endfacet
  facet normal 0.154895 0.77872 -0.607949
    outer loop
      vertex 0.716957 5.44583 -0.4
      vertex 1.42165 5.30566 -0.4
      vertex 0.700363 5.31978 -0.565685
    endloop
  endfacet
  facet normal 0.154898 0.778707 -0.607965
    outer loop
      vertex 1.42165 5.30566 -0.4
      vertex 1.38874 5.18285 -0.565685
      vertex 0.700363 5.31978 -0.565685
    endloop
  endfacet
  facet normal 0.180298 0.906422 -0.381957
    outer loop
      vertex 0.727389 5.52506 -0.207055
      vertex 1.44233 5.38285 -0.207055
      vertex 0.716957 5.44583 -0.4
    endloop
  endfacet
  facet normal 0.180296 0.906425 -0.381951
    outer loop
      vertex 1.44233 5.38285 -0.207055
      vertex 1.42165 5.30566 -0.4
      vertex 0.716957 5.44583 -0.4
    endloop
  endfacet
  facet normal 0.193432 0.972427 -0.130269
    outer loop
      vertex 0.730947 5.55209 0
      vertex 1.44939 5.40918 0
      vertex 0.727389 5.52506 -0.207055
    endloop
  endfacet
  facet normal 0.193427 0.97243 -0.130254
    outer loop
      vertex 1.44939 5.40918 0
      vertex 1.44233 5.38285 -0.207055
      vertex 0.727389 5.52506 -0.207055
    endloop
  endfacet
  facet normal 0.318695 0.938865 0.130257
    outer loop
      vertex 1.44233 5.38285 0.207055
      vertex 2.1326 5.14854 0.207055
      vertex 1.44939 5.40918 0
    endloop
  endfacet
  facet normal 0.318689 0.938864 0.130274
    outer loop
      vertex 2.1326 5.14854 0.207055
      vertex 2.14303 5.17373 0
      vertex 1.44939 5.40918 0
    endloop
  endfacet
  facet normal 0.297079 0.875134 0.381949
    outer loop
      vertex 1.42165 5.30566 0.4
      vertex 2.10201 5.0747 0.4
      vertex 1.44233 5.38285 0.207055
    endloop
  endfacet
  facet normal 0.297056 0.875118 0.382003
    outer loop
      vertex 2.10201 5.0747 0.4
      vertex 2.1326 5.14854 0.207055
      vertex 1.44233 5.38285 0.207055
    endloop
  endfacet
  facet normal 0.255203 0.75183 0.607967
    outer loop
      vertex 1.38874 5.18285 0.565685
      vertex 2.05336 4.95725 0.565685
      vertex 1.42165 5.30566 0.4
    endloop
  endfacet
  facet normal 0.255232 0.751859 0.607918
    outer loop
      vertex 2.05336 4.95725 0.565685
      vertex 2.10201 5.0747 0.4
      vertex 1.42165 5.30566 0.4
    endloop
  endfacet
  facet normal 0.195945 0.577234 0.792721
    outer loop
      vertex 1.34586 5.02281 0.69282
      vertex 1.98995 4.80417 0.69282
      vertex 1.38874 5.18285 0.565685
    endloop
  endfacet
  facet normal 0.195932 0.577218 0.792736
    outer loop
      vertex 1.98995 4.80417 0.69282
      vertex 2.05336 4.95725 0.565685
      vertex 1.38874 5.18285 0.565685
    endloop
  endfacet
  facet normal 0.12323 0.363041 0.923588
    outer loop
      vertex 1.29592 4.83644 0.772741
      vertex 1.91612 4.62592 0.772741
      vertex 1.34586 5.02281 0.69282
    endloop
  endfacet
  facet normal 0.123241 0.363055 0.923581
    outer loop
      vertex 1.91612 4.62592 0.772741
      vertex 1.98995 4.80417 0.69282
      vertex 1.34586 5.02281 0.69282
    endloop
  endfacet
  facet normal 0.0420437 0.123858 0.991409
    outer loop
      vertex 1.24233 4.63644 0.8
      vertex 1.83688 4.43462 0.8
      vertex 1.29592 4.83644 0.772741
    endloop
  endfacet
  facet normal 0.0420412 0.123855 0.991409
    outer loop
      vertex 1.83688 4.43462 0.8
      vertex 1.91612 4.62592 0.772741
      vertex 1.29592 4.83644 0.772741
    endloop
  endfacet
  facet normal -0.0420431 -0.123859 0.991409
    outer loop
      vertex 1.18874 4.43644 0.772741
      vertex 1.75764 4.24333 0.772741
      vertex 1.24233 4.63644 0.8
    endloop
  endfacet
  facet normal -0.0420443 -0.12386 0.991409
    outer loop
      vertex 1.75764 4.24333 0.772741
      vertex 1.83688 4.43462 0.8
      vertex 1.24233 4.63644 0.8
    endloop
  endfacet
  facet normal -0.123232 -0.363041 0.923588
    outer loop
      vertex 1.1388 4.25007 0.69282
      vertex 1.68381 4.06507 0.69282
      vertex 1.18874 4.43644 0.772741
    endloop
  endfacet
  facet normal -0.123233 -0.363042 0.923588
    outer loop
      vertex 1.68381 4.06507 0.69282
      vertex 1.75764 4.24333 0.772741
      vertex 1.18874 4.43644 0.772741
    endloop
  endfacet
  facet normal -0.195938 -0.577236 0.792721
    outer loop
      vertex 1.09592 4.09003 0.565685
      vertex 1.6204 3.912 0.565685
      vertex 1.1388 4.25007 0.69282
    endloop
  endfacet
  facet normal -0.19594 -0.577238 0.792719
    outer loop
      vertex 1.6204 3.912 0.565685
      vertex 1.68381 4.06507 0.69282
      vertex 1.1388 4.25007 0.69282
    endloop
  endfacet
  facet normal -0.25522 -0.751855 0.607928
    outer loop
      vertex 1.06302 3.96723 0.4
      vertex 1.57175 3.79454 0.4
      vertex 1.09592 4.09003 0.565685
    endloop
  endfacet
  facet normal -0.255207 -0.751845 0.607946
    outer loop
      vertex 1.57175 3.79454 0.4
      vertex 1.6204 3.912 0.565685
      vertex 1.09592 4.09003 0.565685
    endloop
  endfacet
  facet normal -0.297057 -0.875118 0.382001
    outer loop
      vertex 1.04233 3.89003 0.207055
      vertex 1.54117 3.7207 0.207055
      vertex 1.06302 3.96723 0.4
    endloop
  endfacet
  facet normal -0.297063 -0.875121 0.38199
    outer loop
      vertex 1.54117 3.7207 0.207055
      vertex 1.57175 3.79454 0.4
      vertex 1.06302 3.96723 0.4
    endloop
  endfacet
  facet normal -0.318697 -0.938866 0.130242
    outer loop
      vertex 1.03528 3.8637 0
      vertex 1.53073 3.69552 0
      vertex 1.04233 3.89003 0.207055
    endloop
  endfacet
  facet normal -0.318696 -0.938866 0.130245
    outer loop
      vertex 1.53073 3.69552 0
      vertex 1.54117 3.7207 0.207055
      vertex 1.04233 3.89003 0.207055
    endloop
  endfacet
  facet normal -0.318696 -0.938866 -0.130242
    outer loop
      vertex 1.04233 3.89003 -0.207055
      vertex 1.54117 3.7207 -0.207055
      vertex 1.03528 3.8637 0
    endloop
  endfacet
  facet normal -0.318697 -0.938866 -0.130245
    outer loop
      vertex 1.54117 3.7207 -0.207055
      vertex 1.53073 3.69552 0
      vertex 1.03528 3.8637 0
    endloop
  endfacet
  facet normal -0.297061 -0.875117 -0.382001
    outer loop
      vertex 1.06302 3.96723 -0.4
      vertex 1.57175 3.79454 -0.4
      vertex 1.04233 3.89003 -0.207055
    endloop
  endfacet
  facet normal -0.297058 -0.875123 -0.38199
    outer loop
      vertex 1.57175 3.79454 -0.4
      vertex 1.54117 3.7207 -0.207055
      vertex 1.04233 3.89003 -0.207055
    endloop
  endfacet
  facet normal -0.255211 -0.751858 -0.607928
    outer loop
      vertex 1.09592 4.09003 -0.565685
      vertex 1.6204 3.912 -0.565685
      vertex 1.06302 3.96723 -0.4
    endloop
  endfacet
  facet normal -0.255215 -0.751842 -0.607946
    outer loop
      vertex 1.6204 3.912 -0.565685
      vertex 1.57175 3.79454 -0.4
      vertex 1.06302 3.96723 -0.4
    endloop
  endfacet
  facet normal -0.195939 -0.577236 -0.792721
    outer loop
      vertex 1.1388 4.25007 -0.69282
      vertex 1.68381 4.06507 -0.69282
      vertex 1.09592 4.09003 -0.565685
    endloop
  endfacet
  facet normal -0.195938 -0.577239 -0.792719
    outer loop
      vertex 1.68381 4.06507 -0.69282
      vertex 1.6204 3.912 -0.565685
      vertex 1.09592 4.09003 -0.565685
    endloop
  endfacet
  facet normal -0.123232 -0.363041 -0.923588
    outer loop
      vertex 1.18874 4.43644 -0.772741
      vertex 1.75764 4.24333 -0.772741
      vertex 1.1388 4.25007 -0.69282
    endloop
  endfacet
  facet normal -0.123232 -0.363042 -0.923588
    outer loop
      vertex 1.75764 4.24333 -0.772741
      vertex 1.68381 4.06507 -0.69282
      vertex 1.1388 4.25007 -0.69282
    endloop
  endfacet
  facet normal -0.0420437 -0.123858 -0.991409
    outer loop
      vertex 1.24233 4.63644 -0.8
      vertex 1.83688 4.43462 -0.8
      vertex 1.18874 4.43644 -0.772741
    endloop
  endfacet
  facet normal -0.0420437 -0.12386 -0.991409
    outer loop
      vertex 1.83688 4.43462 -0.8
      vertex 1.75764 4.24333 -0.772741
      vertex 1.18874 4.43644 -0.772741
    endloop
  endfacet
  facet normal 0.0420425 0.123859 -0.991409
    outer loop
      vertex 1.29592 4.83644 -0.772741
      vertex 1.91612 4.62592 -0.772741
      vertex 1.24233 4.63644 -0.8
    endloop
  endfacet
  facet normal 0.0420424 0.123855 -0.991409
    outer loop
      vertex 1.91612 4.62592 -0.772741
      vertex 1.83688 4.43462 -0.8
      vertex 1.24233 4.63644 -0.8
    endloop
  endfacet
  facet normal 0.123236 0.36304 -0.923588
    outer loop
      vertex 1.34586 5.02281 -0.69282
      vertex 1.98995 4.80417 -0.69282
      vertex 1.29592 4.83644 -0.772741
    endloop
  endfacet
  facet normal 0.123236 0.363058 -0.923581
    outer loop
      vertex 1.98995 4.80417 -0.69282
      vertex 1.91612 4.62592 -0.772741
      vertex 1.29592 4.83644 -0.772741
    endloop
  endfacet
  facet normal 0.195938 0.577236 -0.792721
    outer loop
      vertex 1.38874 5.18285 -0.565685
      vertex 2.05336 4.95725 -0.565685
      vertex 1.34586 5.02281 -0.69282
    endloop
  endfacet
  facet normal 0.195939 0.577215 -0.792736
    outer loop
      vertex 2.05336 4.95725 -0.565685
      vertex 1.98995 4.80417 -0.69282
      vertex 1.34586 5.02281 -0.69282
    endloop
  endfacet
  facet normal 0.25522 0.751825 -0.607966
    outer loop
      vertex 1.42165 5.30566 -0.4
      vertex 2.10201 5.0747 -0.4
      vertex 1.38874 5.18285 -0.565685
    endloop
  endfacet
  facet normal 0.255215 0.751866 -0.607917
    outer loop
      vertex 2.10201 5.0747 -0.4
      vertex 2.05336 4.95725 -0.565685
      vertex 1.38874 5.18285 -0.565685
    endloop
  endfacet
  facet normal 0.297063 0.875139 -0.381949
    outer loop
      vertex 1.44233 5.38285 -0.207055
      vertex 2.1326 5.14854 -0.207055
      vertex 1.42165 5.30566 -0.4
    endloop
  endfacet
  facet normal 0.297072 0.875112 -0.382004
    outer loop
      vertex 2.1326 5.14854 -0.207055
      vertex 2.10201 5.0747 -0.4
      vertex 1.42165 5.30566 -0.4
    endloop
  endfacet
  facet normal 0.31869 0.938866 -0.130257
    outer loop
      vertex 1.44939 5.40918 0
      vertex 2.14303 5.17373 0
      vertex 1.44233 5.38285 -0.207055
    endloop
  endfacet
  facet normal 0.318694 0.938863 -0.130274
    outer loop
      vertex 2.14303 5.17373 0
      vertex 2.1326 5.14854 -0.207055
      vertex 1.44233 5.38285 -0.207055
    endloop
  endfacet
  facet normal 0.438516 0.889232 0.130272
    outer loop
      vertex 2.1326 5.14854 0.207055
      vertex 2.78637 4.82614 0.207055
      vertex 2.14303 5.17373 0
    endloop
  endfacet
  facet normal 0.438532 0.889231 0.130222
    outer loop
      vertex 2.78637 4.82614 0.207055
      vertex 2.8 4.84974 0
      vertex 2.14303 5.17373 0
    endloop
  endfacet
  facet normal 0.408742 0.828855 0.382006
    outer loop
      vertex 2.10201 5.0747 0.4
      vertex 2.74641 4.75692 0.4
      vertex 2.1326 5.14854 0.207055
    endloop
  endfacet
  facet normal 0.408741 0.828855 0.382008
    outer loop
      vertex 2.74641 4.75692 0.4
      vertex 2.78637 4.82614 0.207055
      vertex 2.1326 5.14854 0.207055
    endloop
  endfacet
  facet normal 0.351182 0.712115 0.607918
    outer loop
      vertex 2.05336 4.95725 0.565685
      vertex 2.68284 4.64682 0.565685
      vertex 2.10201 5.0747 0.4
    endloop
  endfacet
  facet normal 0.351167 0.712104 0.607939
    outer loop
      vertex 2.68284 4.64682 0.565685
      vertex 2.74641 4.75692 0.4
      vertex 2.10201 5.0747 0.4
    endloop
  endfacet
  facet normal 0.269601 0.546702 0.792737
    outer loop
      vertex 1.98995 4.80417 0.69282
      vertex 2.6 4.50333 0.69282
      vertex 2.05336 4.95725 0.565685
    endloop
  endfacet
  facet normal 0.269614 0.546715 0.792724
    outer loop
      vertex 2.6 4.50333 0.69282
      vertex 2.68284 4.64682 0.565685
      vertex 2.05336 4.95725 0.565685
    endloop
  endfacet
  facet normal 0.169576 0.343864 0.923581
    outer loop
      vertex 1.91612 4.62592 0.772741
      vertex 2.50353 4.33624 0.772741
      vertex 1.98995 4.80417 0.69282
    endloop
  endfacet
  facet normal 0.16957 0.343858 0.923584
    outer loop
      vertex 2.50353 4.33624 0.772741
      vertex 2.6 4.50333 0.69282
      vertex 1.98995 4.80417 0.69282
    endloop
  endfacet
  facet normal 0.0578494 0.117307 0.991409
    outer loop
      vertex 1.83688 4.43462 0.8
      vertex 2.4 4.15692 0.8
      vertex 1.91612 4.62592 0.772741
    endloop
  endfacet
  facet normal 0.05785 0.117308 0.991409
    outer loop
      vertex 2.4 4.15692 0.8
      vertex 2.50353 4.33624 0.772741
      vertex 1.91612 4.62592 0.772741
    endloop
  endfacet
  facet normal -0.0578516 -0.117312 0.991409
    outer loop
      vertex 1.75764 4.24333 0.772741
      vertex 2.29647 3.97761 0.772741
      vertex 1.83688 4.43462 0.8
    endloop
  endfacet
  facet normal -0.0578523 -0.117313 0.991409
    outer loop
      vertex 2.29647 3.97761 0.772741
      vertex 2.4 4.15692 0.8
      vertex 1.83688 4.43462 0.8
    endloop
  endfacet
  facet normal -0.16957 -0.34385 0.923587
    outer loop
      vertex 1.68381 4.06507 0.69282
      vertex 2.2 3.81051 0.69282
      vertex 1.75764 4.24333 0.772741
    endloop
  endfacet
  facet normal -0.169564 -0.343844 0.92359
    outer loop
      vertex 2.2 3.81051 0.69282
      vertex 2.29647 3.97761 0.772741
      vertex 1.75764 4.24333 0.772741
    endloop
  endfacet
  facet normal -0.269617 -0.546718 0.792721
    outer loop
      vertex 1.6204 3.912 0.565685
      vertex 2.11716 3.66702 0.565685
      vertex 1.68381 4.06507 0.69282
    endloop
  endfacet
  facet normal -0.269614 -0.546715 0.792724
    outer loop
      vertex 2.11716 3.66702 0.565685
      vertex 2.2 3.81051 0.69282
      vertex 1.68381 4.06507 0.69282
    endloop
  endfacet
  facet normal -0.351171 -0.712097 0.607945
    outer loop
      vertex 1.57175 3.79454 0.4
      vertex 2.05359 3.55692 0.4
      vertex 1.6204 3.912 0.565685
    endloop
  endfacet
  facet normal -0.351176 -0.712099 0.607939
    outer loop
      vertex 2.05359 3.55692 0.4
      vertex 2.11716 3.66702 0.565685
      vertex 1.6204 3.912 0.565685
    endloop
  endfacet
  facet normal -0.408747 -0.828862 0.381988
    outer loop
      vertex 1.54117 3.7207 0.207055
      vertex 2.01363 3.48771 0.207055
      vertex 1.57175 3.79454 0.4
    endloop
  endfacet
  facet normal -0.408756 -0.828864 0.381972
    outer loop
      vertex 2.01363 3.48771 0.207055
      vertex 2.05359 3.55692 0.4
      vertex 1.57175 3.79454 0.4
    endloop
  endfacet
  facet normal -0.438523 -0.889231 0.130251
    outer loop
      vertex 1.53073 3.69552 0
      vertex 2 3.4641 0
      vertex 1.54117 3.7207 0.207055
    endloop
  endfacet
  facet normal -0.438518 -0.889232 0.130264
    outer loop
      vertex 2 3.4641 0
      vertex 2.01363 3.48771 0.207055
      vertex 1.54117 3.7207 0.207055
    endloop
  endfacet
  facet normal -0.438519 -0.889233 -0.130251
    outer loop
      vertex 1.54117 3.7207 -0.207055
      vertex 2.01363 3.48771 -0.207055
      vertex 1.53073 3.69552 0
    endloop
  endfacet
  facet normal -0.438523 -0.88923 -0.130264
    outer loop
      vertex 2.01363 3.48771 -0.207055
      vertex 2 3.4641 0
      vertex 1.53073 3.69552 0
    endloop
  endfacet
  facet normal -0.408753 -0.828859 -0.381988
    outer loop
      vertex 1.57175 3.79454 -0.4
      vertex 2.05359 3.55692 -0.4
      vertex 1.54117 3.7207 -0.207055
    endloop
  endfacet
  facet normal -0.40875 -0.828867 -0.381972
    outer loop
      vertex 2.05359 3.55692 -0.4
      vertex 2.01363 3.48771 -0.207055
      vertex 1.54117 3.7207 -0.207055
    endloop
  endfacet
  facet normal -0.351174 -0.712095 -0.607945
    outer loop
      vertex 1.6204 3.912 -0.565685
      vertex 2.11716 3.66702 -0.565685
      vertex 1.57175 3.79454 -0.4
    endloop
  endfacet
  facet normal -0.351173 -0.712101 -0.607939
    outer loop
      vertex 2.11716 3.66702 -0.565685
      vertex 2.05359 3.55692 -0.4
      vertex 1.57175 3.79454 -0.4
    endloop
  endfacet
  facet normal -0.269615 -0.546719 -0.792721
    outer loop
      vertex 1.68381 4.06507 -0.69282
      vertex 2.2 3.81051 -0.69282
      vertex 1.6204 3.912 -0.565685
    endloop
  endfacet
  facet normal -0.269615 -0.546714 -0.792724
    outer loop
      vertex 2.2 3.81051 -0.69282
      vertex 2.11716 3.66702 -0.565685
      vertex 1.6204 3.912 -0.565685
    endloop
  endfacet
  facet normal -0.169567 -0.343851 -0.923587
    outer loop
      vertex 1.75764 4.24333 -0.772741
      vertex 2.29647 3.97761 -0.772741
      vertex 1.68381 4.06507 -0.69282
    endloop
  endfacet
  facet normal -0.169567 -0.343843 -0.92359
    outer loop
      vertex 2.29647 3.97761 -0.772741
      vertex 2.2 3.81051 -0.69282
      vertex 1.68381 4.06507 -0.69282
    endloop
  endfacet
  facet normal -0.0578519 -0.117312 -0.991409
    outer loop
      vertex 1.83688 4.43462 -0.8
      vertex 2.4 4.15692 -0.8
      vertex 1.75764 4.24333 -0.772741
    endloop
  endfacet
  facet normal -0.057852 -0.117313 -0.991409
    outer loop
      vertex 2.4 4.15692 -0.8
      vertex 2.29647 3.97761 -0.772741
      vertex 1.75764 4.24333 -0.772741
    endloop
  endfacet
  facet normal 0.0578497 0.117307 -0.991409
    outer loop
      vertex 1.91612 4.62592 -0.772741
      vertex 2.50353 4.33624 -0.772741
      vertex 1.83688 4.43462 -0.8
    endloop
  endfacet
  facet normal 0.0578498 0.117308 -0.991409
    outer loop
      vertex 2.50353 4.33624 -0.772741
      vertex 2.4 4.15692 -0.8
      vertex 1.83688 4.43462 -0.8
    endloop
  endfacet
  facet normal 0.169573 0.343865 -0.923581
    outer loop
      vertex 1.98995 4.80417 -0.69282
      vertex 2.6 4.50333 -0.69282
      vertex 1.91612 4.62592 -0.772741
    endloop
  endfacet
  facet normal 0.169572 0.343857 -0.923584
    outer loop
      vertex 2.6 4.50333 -0.69282
      vertex 2.50353 4.33624 -0.772741
      vertex 1.91612 4.62592 -0.772741
    endloop
  endfacet
  facet normal 0.269607 0.5467 -0.792737
    outer loop
      vertex 2.05336 4.95725 -0.565685
      vertex 2.68284 4.64682 -0.565685
      vertex 1.98995 4.80417 -0.69282
    endloop
  endfacet
  facet normal 0.269608 0.546718 -0.792724
    outer loop
      vertex 2.68284 4.64682 -0.565685
      vertex 2.6 4.50333 -0.69282
      vertex 1.98995 4.80417 -0.69282
    endloop
  endfacet
  facet normal 0.351175 0.712118 -0.607918
    outer loop
      vertex 2.10201 5.0747 -0.4
      vertex 2.74641 4.75692 -0.4
      vertex 2.05336 4.95725 -0.565685
    endloop
  endfacet
  facet normal 0.351174 0.7121 -0.607939
    outer loop
      vertex 2.74641 4.75692 -0.4
      vertex 2.68284 4.64682 -0.565685
      vertex 2.05336 4.95725 -0.565685
    endloop
  endfacet
  facet normal 0.408742 0.828856 -0.382006
    outer loop
      vertex 2.1326 5.14854 -0.207055
      vertex 2.78637 4.82614 -0.207055
      vertex 2.10201 5.0747 -0.4
    endloop
  endfacet
  facet normal 0.408742 0.828854 -0.382008
    outer loop
      vertex 2.78637 4.82614 -0.207055
      vertex 2.74641 4.75692 -0.4
      vertex 2.10201 5.0747 -0.4
    endloop
  endfacet
  facet normal 0.438529 0.889225 -0.130272
    outer loop
      vertex 2.14303 5.17373 0
      vertex 2.8 4.84974 0
      vertex 2.1326 5.14854 -0.207055
    endloop
  endfacet
  facet normal 0.438519 0.889238 -0.130222
    outer loop
      vertex 2.8 4.84974 0
      vertex 2.78637 4.82614 -0.207055
      vertex 2.1326 5.14854 -0.207055
    endloop
  endfacet
  facet normal 0.550846 0.824385 0.130224
    outer loop
      vertex 2.78637 4.82614 0.207055
      vertex 3.39247 4.42115 0.207055
      vertex 2.8 4.84974 0
    endloop
  endfacet
  facet normal 0.550836 0.824387 0.130255
    outer loop
      vertex 3.39247 4.42115 0.207055
      vertex 3.40906 4.44278 0
      vertex 2.8 4.84974 0
    endloop
  endfacet
  facet normal 0.51343 0.768414 0.382007
    outer loop
      vertex 2.74641 4.75692 0.4
      vertex 3.34382 4.35775 0.4
      vertex 2.78637 4.82614 0.207055
    endloop
  endfacet
  facet normal 0.513452 0.768422 0.381961
    outer loop
      vertex 3.34382 4.35775 0.4
      vertex 3.39247 4.42115 0.207055
      vertex 2.78637 4.82614 0.207055
    endloop
  endfacet
  facet normal 0.441117 0.66017 0.60794
    outer loop
      vertex 2.68284 4.64682 0.565685
      vertex 3.26642 4.25688 0.565685
      vertex 2.74641 4.75692 0.4
    endloop
  endfacet
  facet normal 0.441097 0.660159 0.607967
    outer loop
      vertex 3.26642 4.25688 0.565685
      vertex 3.34382 4.35775 0.4
      vertex 2.74641 4.75692 0.4
    endloop
  endfacet
  facet normal 0.338662 0.506851 0.792723
    outer loop
      vertex 2.6 4.50333 0.69282
      vertex 3.16556 4.12544 0.69282
      vertex 2.68284 4.64682 0.565685
    endloop
  endfacet
  facet normal 0.338678 0.506862 0.792709
    outer loop
      vertex 3.16556 4.12544 0.69282
      vertex 3.26642 4.25688 0.565685
      vertex 2.68284 4.64682 0.565685
    endloop
  endfacet
  facet normal 0.213008 0.31878 0.923584
    outer loop
      vertex 2.50353 4.33624 0.772741
      vertex 3.0481 3.97236 0.772741
      vertex 2.6 4.50333 0.69282
    endloop
  endfacet
  facet normal 0.21299 0.318766 0.923593
    outer loop
      vertex 3.0481 3.97236 0.772741
      vertex 3.16556 4.12544 0.69282
      vertex 2.6 4.50333 0.69282
    endloop
  endfacet
  facet normal 0.0726662 0.108754 0.991409
    outer loop
      vertex 2.4 4.15692 0.8
      vertex 2.92205 3.8081 0.8
      vertex 2.50353 4.33624 0.772741
    endloop
  endfacet
  facet normal 0.0726716 0.108758 0.991408
    outer loop
      vertex 2.92205 3.8081 0.8
      vertex 3.0481 3.97236 0.772741
      vertex 2.50353 4.33624 0.772741
    endloop
  endfacet
  facet normal -0.0726692 -0.108758 0.991409
    outer loop
      vertex 2.29647 3.97761 0.772741
      vertex 2.79601 3.64383 0.772741
      vertex 2.4 4.15692 0.8
    endloop
  endfacet
  facet normal -0.072669 -0.108758 0.991409
    outer loop
      vertex 2.79601 3.64383 0.772741
      vertex 2.92205 3.8081 0.8
      vertex 2.4 4.15692 0.8
    endloop
  endfacet
  facet normal -0.212997 -0.31877 0.92359
    outer loop
      vertex 2.2 3.81051 0.69282
      vertex 2.67855 3.49075 0.69282
      vertex 2.29647 3.97761 0.772741
    endloop
  endfacet
  facet normal -0.212991 -0.318765 0.923593
    outer loop
      vertex 2.67855 3.49075 0.69282
      vertex 2.79601 3.64383 0.772741
      vertex 2.29647 3.97761 0.772741
    endloop
  endfacet
  facet normal -0.338661 -0.506852 0.792723
    outer loop
      vertex 2.11716 3.66702 0.565685
      vertex 2.57769 3.35931 0.565685
      vertex 2.2 3.81051 0.69282
    endloop
  endfacet
  facet normal -0.338678 -0.506862 0.792709
    outer loop
      vertex 2.57769 3.35931 0.565685
      vertex 2.67855 3.49075 0.69282
      vertex 2.2 3.81051 0.69282
    endloop
  endfacet
  facet normal -0.441118 -0.66017 0.60794
    outer loop
      vertex 2.05359 3.55692 0.4
      vertex 2.50029 3.25844 0.4
      vertex 2.11716 3.66702 0.565685
    endloop
  endfacet
  facet normal -0.441095 -0.660159 0.607967
    outer loop
      vertex 2.50029 3.25844 0.4
      vertex 2.57769 3.35931 0.565685
      vertex 2.11716 3.66702 0.565685
    endloop
  endfacet
  facet normal -0.513445 -0.768421 0.381973
    outer loop
      vertex 2.01363 3.48771 0.207055
      vertex 2.45164 3.19504 0.207055
      vertex 2.05359 3.55692 0.4
    endloop
  endfacet
  facet normal -0.513452 -0.768423 0.381961
    outer loop
      vertex 2.45164 3.19504 0.207055
      vertex 2.50029 3.25844 0.4
      vertex 2.05359 3.55692 0.4
    endloop
  endfacet
  facet normal -0.550835 -0.824386 0.130263
    outer loop
      vertex 2 3.4641 0
      vertex 2.43505 3.17341 0
      vertex 2.01363 3.48771 0.207055
    endloop
  endfacet
  facet normal -0.550838 -0.824385 0.130255
    outer loop
      vertex 2.43505 3.17341 0
      vertex 2.45164 3.19504 0.207055
      vertex 2.01363 3.48771 0.207055
    endloop
  endfacet
  facet normal -0.550838 -0.824384 -0.130263
    outer loop
      vertex 2.01363 3.48771 -0.207055
      vertex 2.45164 3.19504 -0.207055
      vertex 2 3.4641 0
    endloop
  endfacet
  facet normal -0.550836 -0.824387 -0.130255
    outer loop
      vertex 2.45164 3.19504 -0.207055
      vertex 2.43505 3.17341 0
      vertex 2 3.4641 0
    endloop
  endfacet
  facet normal -0.513449 -0.768419 -0.381972
    outer loop
      vertex 2.05359 3.55692 -0.4
      vertex 2.50029 3.25844 -0.4
      vertex 2.01363 3.48771 -0.207055
    endloop
  endfacet
  facet normal -0.513447 -0.768426 -0.381961
    outer loop
      vertex 2.50029 3.25844 -0.4
      vertex 2.45164 3.19504 -0.207055
      vertex 2.01363 3.48771 -0.207055
    endloop
  endfacet
  facet normal -0.441107 -0.660177 -0.60794
    outer loop
      vertex 2.11716 3.66702 -0.565685
      vertex 2.57769 3.35931 -0.565685
      vertex 2.05359 3.55692 -0.4
    endloop
  endfacet
  facet normal -0.441106 -0.660152 -0.607968
    outer loop
      vertex 2.57769 3.35931 -0.565685
      vertex 2.50029 3.25844 -0.4
      vertex 2.05359 3.55692 -0.4
    endloop
  endfacet
  facet normal -0.338668 -0.506848 -0.792723
    outer loop
      vertex 2.2 3.81051 -0.69282
      vertex 2.67855 3.49075 -0.69282
      vertex 2.11716 3.66702 -0.565685
    endloop
  endfacet
  facet normal -0.338671 -0.506868 -0.792709
    outer loop
      vertex 2.67855 3.49075 -0.69282
      vertex 2.57769 3.35931 -0.565685
      vertex 2.11716 3.66702 -0.565685
    endloop
  endfacet
  facet normal -0.212995 -0.318771 -0.92359
    outer loop
      vertex 2.29647 3.97761 -0.772741
      vertex 2.79601 3.64383 -0.772741
      vertex 2.2 3.81051 -0.69282
    endloop
  endfacet
  facet normal -0.212993 -0.318763 -0.923593
    outer loop
      vertex 2.79601 3.64383 -0.772741
      vertex 2.67855 3.49075 -0.69282
      vertex 2.2 3.81051 -0.69282
    endloop
  endfacet
  facet normal -0.0726691 -0.108758 -0.991409
    outer loop
      vertex 2.4 4.15692 -0.8
      vertex 2.92205 3.8081 -0.8
      vertex 2.29647 3.97761 -0.772741
    endloop
  endfacet
  facet normal -0.072669 -0.108758 -0.991409
    outer loop
      vertex 2.92205 3.8081 -0.8
      vertex 2.79601 3.64383 -0.772741
      vertex 2.29647 3.97761 -0.772741
    endloop
  endfacet
  facet normal 0.0726681 0.108752 -0.991409
    outer loop
      vertex 2.50353 4.33624 -0.772741
      vertex 3.0481 3.97236 -0.772741
      vertex 2.4 4.15692 -0.8
    endloop
  endfacet
  facet normal 0.0726699 0.108759 -0.991408
    outer loop
      vertex 3.0481 3.97236 -0.772741
      vertex 2.92205 3.8081 -0.8
      vertex 2.4 4.15692 -0.8
    endloop
  endfacet
  facet normal 0.213001 0.318783 -0.923584
    outer loop
      vertex 2.6 4.50333 -0.69282
      vertex 3.16556 4.12544 -0.69282
      vertex 2.50353 4.33624 -0.772741
    endloop
  endfacet
  facet normal 0.212996 0.318762 -0.923593
    outer loop
      vertex 3.16556 4.12544 -0.69282
      vertex 3.0481 3.97236 -0.772741
      vertex 2.50353 4.33624 -0.772741
    endloop
  endfacet
  facet normal 0.338668 0.506847 -0.792723
    outer loop
      vertex 2.68284 4.64682 -0.565685
      vertex 3.26642 4.25688 -0.565685
      vertex 2.6 4.50333 -0.69282
    endloop
  endfacet
  facet normal 0.338673 0.506866 -0.792709
    outer loop
      vertex 3.26642 4.25688 -0.565685
      vertex 3.16556 4.12544 -0.69282
      vertex 2.6 4.50333 -0.69282
    endloop
  endfacet
  facet normal 0.441108 0.660176 -0.60794
    outer loop
      vertex 2.74641 4.75692 -0.4
      vertex 3.34382 4.35775 -0.4
      vertex 2.68284 4.64682 -0.565685
    endloop
  endfacet
  facet normal 0.441105 0.660153 -0.607968
    outer loop
      vertex 3.34382 4.35775 -0.4
      vertex 3.26642 4.25688 -0.565685
      vertex 2.68284 4.64682 -0.565685
    endloop
  endfacet
  facet normal 0.513442 0.768407 -0.382006
    outer loop
      vertex 2.78637 4.82614 -0.207055
      vertex 3.39247 4.42115 -0.207055
      vertex 2.74641 4.75692 -0.4
    endloop
  endfacet
  facet normal 0.51344 0.76843 -0.38196
    outer loop
      vertex 3.39247 4.42115 -0.207055
      vertex 3.34382 4.35775 -0.4
      vertex 2.74641 4.75692 -0.4
    endloop
  endfacet
  facet normal 0.550839 0.82439 -0.130224
    outer loop
      vertex 2.8 4.84974 0
      vertex 3.40906 4.44278 0
      vertex 2.78637 4.82614 -0.207055
    endloop
  endfacet
  facet normal 0.550844 0.824382 -0.130255
    outer loop
      vertex 3.40906 4.44278 0
      vertex 3.39247 4.42115 -0.207055
      vertex 2.78637 4.82614 -0.207055
    endloop
  endfacet
  facet normal 0.653731 0.745433 0.130251
    outer loop
      vertex 3.39247 4.42115 0.207055
      vertex 3.94052 3.94052 0.207055
      vertex 3.40906 4.44278 0
    endloop
  endfacet
  facet normal 0.653722 0.745436 0.130283
    outer loop
      vertex 3.94052 3.94052 0.207055
      vertex 3.9598 3.9598 0
      vertex 3.40906 4.44278 0
    endloop
  endfacet
  facet normal 0.609358 0.69483 0.381961
    outer loop
      vertex 3.34382 4.35775 0.4
      vertex 3.88401 3.88401 0.4
      vertex 3.39247 4.42115 0.207055
    endloop
  endfacet
  facet normal 0.609353 0.694829 0.381971
    outer loop
      vertex 3.88401 3.88401 0.4
      vertex 3.94052 3.94052 0.207055
      vertex 3.39247 4.42115 0.207055
    endloop
  endfacet
  facet normal 0.523494 0.596933 0.607968
    outer loop
      vertex 3.26642 4.25688 0.565685
      vertex 3.79411 3.79411 0.565685
      vertex 3.34382 4.35775 0.4
    endloop
  endfacet
  facet normal 0.523508 0.596939 0.60795
    outer loop
      vertex 3.79411 3.79411 0.565685
      vertex 3.88401 3.88401 0.4
      vertex 3.34382 4.35775 0.4
    endloop
  endfacet
  facet normal 0.401934 0.458324 0.79271
    outer loop
      vertex 3.16556 4.12544 0.69282
      vertex 3.67696 3.67696 0.69282
      vertex 3.26642 4.25688 0.565685
    endloop
  endfacet
  facet normal 0.401941 0.458327 0.792704
    outer loop
      vertex 3.67696 3.67696 0.69282
      vertex 3.79411 3.79411 0.565685
      vertex 3.26642 4.25688 0.565685
    endloop
  endfacet
  facet normal 0.252777 0.288237 0.923593
    outer loop
      vertex 3.0481 3.97236 0.772741
      vertex 3.54052 3.54052 0.772741
      vertex 3.16556 4.12544 0.69282
    endloop
  endfacet
  facet normal 0.252771 0.288234 0.923595
    outer loop
      vertex 3.54052 3.54052 0.772741
      vertex 3.67696 3.67696 0.69282
      vertex 3.16556 4.12544 0.69282
    endloop
  endfacet
  facet normal 0.0862446 0.0983421 0.991408
    outer loop
      vertex 2.92205 3.8081 0.8
      vertex 3.39411 3.39411 0.8
      vertex 3.0481 3.97236 0.772741
    endloop
  endfacet
  facet normal 0.0862424 0.0983407 0.991409
    outer loop
      vertex 3.39411 3.39411 0.8
      vertex 3.54052 3.54052 0.772741
      vertex 3.0481 3.97236 0.772741
    endloop
  endfacet
  facet normal -0.0862448 -0.0983412 0.991409
    outer loop
      vertex 2.79601 3.64383 0.772741
      vertex 3.2477 3.2477 0.772741
      vertex 2.92205 3.8081 0.8
    endloop
  endfacet
  facet normal -0.0862429 -0.0983402 0.991409
    outer loop
      vertex 3.2477 3.2477 0.772741
      vertex 3.39411 3.39411 0.8
      vertex 2.92205 3.8081 0.8
    endloop
  endfacet
  facet normal -0.252775 -0.288238 0.923593
    outer loop
      vertex 2.67855 3.49075 0.69282
      vertex 3.11127 3.11127 0.69282
      vertex 2.79601 3.64383 0.772741
    endloop
  endfacet
  facet normal -0.252791 -0.288247 0.923585
    outer loop
      vertex 3.11127 3.11127 0.69282
      vertex 3.2477 3.2477 0.772741
      vertex 2.79601 3.64383 0.772741
    endloop
  endfacet
  facet normal -0.401943 -0.458316 0.792709
    outer loop
      vertex 2.57769 3.35931 0.565685
      vertex 2.99411 2.99411 0.565685
      vertex 2.67855 3.49075 0.69282
    endloop
  endfacet
  facet normal -0.401917 -0.458305 0.792729
    outer loop
      vertex 2.99411 2.99411 0.565685
      vertex 3.11127 3.11127 0.69282
      vertex 2.67855 3.49075 0.69282
    endloop
  endfacet
  facet normal -0.523497 -0.596931 0.607967
    outer loop
      vertex 2.50029 3.25844 0.4
      vertex 2.90421 2.90421 0.4
      vertex 2.57769 3.35931 0.565685
    endloop
  endfacet
  facet normal -0.523512 -0.596935 0.60795
    outer loop
      vertex 2.90421 2.90421 0.4
      vertex 2.99411 2.99411 0.565685
      vertex 2.57769 3.35931 0.565685
    endloop
  endfacet
  facet normal -0.609358 -0.69483 0.381961
    outer loop
      vertex 2.45164 3.19504 0.207055
      vertex 2.8477 2.8477 0.207055
      vertex 2.50029 3.25844 0.4
    endloop
  endfacet
  facet normal -0.609352 -0.69483 0.381971
    outer loop
      vertex 2.8477 2.8477 0.207055
      vertex 2.90421 2.90421 0.4
      vertex 2.50029 3.25844 0.4
    endloop
  endfacet
  facet normal -0.653724 -0.74544 0.130251
    outer loop
      vertex 2.43505 3.17341 0
      vertex 2.82843 2.82843 0
      vertex 2.45164 3.19504 0.207055
    endloop
  endfacet
  facet normal -0.653737 -0.745434 0.130217
    outer loop
      vertex 2.82843 2.82843 0
      vertex 2.8477 2.8477 0.207055
      vertex 2.45164 3.19504 0.207055
    endloop
  endfacet
  facet normal -0.653734 -0.745431 -0.130251
    outer loop
      vertex 2.45164 3.19504 -0.207055
      vertex 2.8477 2.8477 -0.207055
      vertex 2.43505 3.17341 0
    endloop
  endfacet
  facet normal -0.653727 -0.745443 -0.130217
    outer loop
      vertex 2.8477 2.8477 -0.207055
      vertex 2.82843 2.82843 0
      vertex 2.43505 3.17341 0
    endloop
  endfacet
  facet normal -0.609355 -0.694833 -0.381961
    outer loop
      vertex 2.50029 3.25844 -0.4
      vertex 2.90421 2.90421 -0.4
      vertex 2.45164 3.19504 -0.207055
    endloop
  endfacet
  facet normal -0.609355 -0.694827 -0.381971
    outer loop
      vertex 2.90421 2.90421 -0.4
      vertex 2.8477 2.8477 -0.207055
      vertex 2.45164 3.19504 -0.207055
    endloop
  endfacet
  facet normal -0.523503 -0.596926 -0.607967
    outer loop
      vertex 2.57769 3.35931 -0.565685
      vertex 2.99411 2.99411 -0.565685
      vertex 2.50029 3.25844 -0.4
    endloop
  endfacet
  facet normal -0.523506 -0.596941 -0.60795
    outer loop
      vertex 2.99411 2.99411 -0.565685
      vertex 2.90421 2.90421 -0.4
      vertex 2.50029 3.25844 -0.4
    endloop
  endfacet
  facet normal -0.401934 -0.458324 -0.79271
    outer loop
      vertex 2.67855 3.49075 -0.69282
      vertex 3.11127 3.11127 -0.69282
      vertex 2.57769 3.35931 -0.565685
    endloop
  endfacet
  facet normal -0.401926 -0.458297 -0.792729
    outer loop
      vertex 3.11127 3.11127 -0.69282
      vertex 2.99411 2.99411 -0.565685
      vertex 2.57769 3.35931 -0.565685
    endloop
  endfacet
  facet normal -0.25278 -0.288234 -0.923593
    outer loop
      vertex 2.79601 3.64383 -0.772741
      vertex 3.2477 3.2477 -0.772741
      vertex 2.67855 3.49075 -0.69282
    endloop
  endfacet
  facet normal -0.252787 -0.288252 -0.923585
    outer loop
      vertex 3.2477 3.2477 -0.772741
      vertex 3.11127 3.11127 -0.69282
      vertex 2.67855 3.49075 -0.69282
    endloop
  endfacet
  facet normal -0.0862442 -0.0983416 -0.991409
    outer loop
      vertex 2.92205 3.8081 -0.8
      vertex 3.39411 3.39411 -0.8
      vertex 2.79601 3.64383 -0.772741
    endloop
  endfacet
  facet normal -0.0862434 -0.0983397 -0.991409
    outer loop
      vertex 3.39411 3.39411 -0.8
      vertex 3.2477 3.2477 -0.772741
      vertex 2.79601 3.64383 -0.772741
    endloop
  endfacet
  facet normal 0.086244 0.0983426 -0.991408
    outer loop
      vertex 3.0481 3.97236 -0.772741
      vertex 3.54052 3.54052 -0.772741
      vertex 2.92205 3.8081 -0.8
    endloop
  endfacet
  facet normal 0.0862429 0.0983402 -0.991409
    outer loop
      vertex 3.54052 3.54052 -0.772741
      vertex 3.39411 3.39411 -0.8
      vertex 2.92205 3.8081 -0.8
    endloop
  endfacet
  facet normal 0.252775 0.288238 -0.923593
    outer loop
      vertex 3.16556 4.12544 -0.69282
      vertex 3.67696 3.67696 -0.69282
      vertex 3.0481 3.97236 -0.772741
    endloop
  endfacet
  facet normal 0.252772 0.288232 -0.923595
    outer loop
      vertex 3.67696 3.67696 -0.69282
      vertex 3.54052 3.54052 -0.772741
      vertex 3.0481 3.97236 -0.772741
    endloop
  endfacet
  facet normal 0.401936 0.458322 -0.792709
    outer loop
      vertex 3.26642 4.25688 -0.565685
      vertex 3.79411 3.79411 -0.565685
      vertex 3.16556 4.12544 -0.69282
    endloop
  endfacet
  facet normal 0.401939 0.458329 -0.792704
    outer loop
      vertex 3.79411 3.79411 -0.565685
      vertex 3.67696 3.67696 -0.69282
      vertex 3.16556 4.12544 -0.69282
    endloop
  endfacet
  facet normal 0.523499 0.596929 -0.607967
    outer loop
      vertex 3.34382 4.35775 -0.4
      vertex 3.88401 3.88401 -0.4
      vertex 3.26642 4.25688 -0.565685
    endloop
  endfacet
  facet normal 0.523503 0.596943 -0.60795
    outer loop
      vertex 3.88401 3.88401 -0.4
      vertex 3.79411 3.79411 -0.565685
      vertex 3.26642 4.25688 -0.565685
    endloop
  endfacet
  facet normal 0.609355 0.694832 -0.381961
    outer loop
      vertex 3.39247 4.42115 -0.207055
      vertex 3.94052 3.94052 -0.207055
      vertex 3.34382 4.35775 -0.4
    endloop
  endfacet
  facet normal 0.609355 0.694827 -0.381971
    outer loop
      vertex 3.94052 3.94052 -0.207055
      vertex 3.88401 3.88401 -0.4
      vertex 3.34382 4.35775 -0.4
    endloop
  endfacet
  facet normal 0.653724 0.745439 -0.130251
    outer loop
      vertex 3.40906 4.44278 0
      vertex 3.9598 3.9598 0
      vertex 3.39247 4.42115 -0.207055
    endloop
  endfacet
  facet normal 0.653728 0.74543 -0.130283
    outer loop
      vertex 3.9598 3.9598 0
      vertex 3.94052 3.94052 -0.207055
      vertex 3.39247 4.42115 -0.207055
    endloop
  endfacet
  facet normal 0.74543 0.653728 0.130283
    outer loop
      vertex 3.94052 3.94052 0.207055
      vertex 4.42115 3.39247 0.207055
      vertex 3.9598 3.9598 0
    endloop
  endfacet
  facet normal 0.745439 0.653724 0.130251
    outer loop
      vertex 4.42115 3.39247 0.207055
      vertex 4.44278 3.40906 0
      vertex 3.9598 3.9598 0
    endloop
  endfacet
  facet normal 0.694827 0.609355 0.381971
    outer loop
      vertex 3.88401 3.88401 0.4
      vertex 4.35775 3.34382 0.4
      vertex 3.94052 3.94052 0.207055
    endloop
  endfacet
  facet normal 0.694832 0.609355 0.381961
    outer loop
      vertex 4.35775 3.34382 0.4
      vertex 4.42115 3.39247 0.207055
      vertex 3.94052 3.94052 0.207055
    endloop
  endfacet
  facet normal 0.596943 0.523503 0.60795
    outer loop
      vertex 3.79411 3.79411 0.565685
      vertex 4.25688 3.26642 0.565685
      vertex 3.88401 3.88401 0.4
    endloop
  endfacet
  facet normal 0.596929 0.523499 0.607967
    outer loop
      vertex 4.25688 3.26642 0.565685
      vertex 4.35775 3.34382 0.4
      vertex 3.88401 3.88401 0.4
    endloop
  endfacet
  facet normal 0.458329 0.401939 0.792704
    outer loop
      vertex 3.67696 3.67696 0.69282
      vertex 4.12544 3.16556 0.69282
      vertex 3.79411 3.79411 0.565685
    endloop
  endfacet
  facet normal 0.458322 0.401936 0.792709
    outer loop
      vertex 4.12544 3.16556 0.69282
      vertex 4.25688 3.26642 0.565685
      vertex 3.79411 3.79411 0.565685
    endloop
  endfacet
  facet normal 0.288232 0.252772 0.923595
    outer loop
      vertex 3.54052 3.54052 0.772741
      vertex 3.97236 3.0481 0.772741
      vertex 3.67696 3.67696 0.69282
    endloop
  endfacet
  facet normal 0.288238 0.252775 0.923593
    outer loop
      vertex 3.97236 3.0481 0.772741
      vertex 4.12544 3.16556 0.69282
      vertex 3.67696 3.67696 0.69282
    endloop
  endfacet
  facet normal 0.0983402 0.0862429 0.991409
    outer loop
      vertex 3.39411 3.39411 0.8
      vertex 3.8081 2.92205 0.8
      vertex 3.54052 3.54052 0.772741
    endloop
  endfacet
  facet normal 0.0983426 0.086244 0.991408
    outer loop
      vertex 3.8081 2.92205 0.8
      vertex 3.97236 3.0481 0.772741
      vertex 3.54052 3.54052 0.772741
    endloop
  endfacet
  facet normal -0.0983397 -0.0862434 0.991409
    outer loop
      vertex 3.2477 3.2477 0.772741
      vertex 3.64383 2.79601 0.772741
      vertex 3.39411 3.39411 0.8
    endloop
  endfacet
  facet normal -0.0983416 -0.0862442 0.991409
    outer loop
      vertex 3.64383 2.79601 0.772741
      vertex 3.8081 2.92205 0.8
      vertex 3.39411 3.39411 0.8
    endloop
  endfacet
  facet normal -0.288252 -0.252787 0.923585
    outer loop
      vertex 3.11127 3.11127 0.69282
      vertex 3.49075 2.67855 0.69282
      vertex 3.2477 3.2477 0.772741
    endloop
  endfacet
  facet normal -0.288234 -0.25278 0.923593
    outer loop
      vertex 3.49075 2.67855 0.69282
      vertex 3.64383 2.79601 0.772741
      vertex 3.2477 3.2477 0.772741
    endloop
  endfacet
  facet normal -0.458297 -0.401926 0.792729
    outer loop
      vertex 2.99411 2.99411 0.565685
      vertex 3.35931 2.57769 0.565685
      vertex 3.11127 3.11127 0.69282
    endloop
  endfacet
  facet normal -0.458324 -0.401934 0.79271
    outer loop
      vertex 3.35931 2.57769 0.565685
      vertex 3.49075 2.67855 0.69282
      vertex 3.11127 3.11127 0.69282
    endloop
  endfacet
  facet normal -0.596941 -0.523506 0.60795
    outer loop
      vertex 2.90421 2.90421 0.4
      vertex 3.25844 2.50029 0.4
      vertex 2.99411 2.99411 0.565685
    endloop
  endfacet
  facet normal -0.596926 -0.523503 0.607967
    outer loop
      vertex 3.25844 2.50029 0.4
      vertex 3.35931 2.57769 0.565685
      vertex 2.99411 2.99411 0.565685
    endloop
  endfacet
  facet normal -0.694827 -0.609355 0.381971
    outer loop
      vertex 2.8477 2.8477 0.207055
      vertex 3.19504 2.45164 0.207055
      vertex 2.90421 2.90421 0.4
    endloop
  endfacet
  facet normal -0.694833 -0.609355 0.381961
    outer loop
      vertex 3.19504 2.45164 0.207055
      vertex 3.25844 2.50029 0.4
      vertex 2.90421 2.90421 0.4
    endloop
  endfacet
  facet normal -0.745443 -0.653727 0.130217
    outer loop
      vertex 2.82843 2.82843 0
      vertex 3.17341 2.43505 0
      vertex 2.8477 2.8477 0.207055
    endloop
  endfacet
  facet normal -0.745431 -0.653734 0.130251
    outer loop
      vertex 3.17341 2.43505 0
      vertex 3.19504 2.45164 0.207055
      vertex 2.8477 2.8477 0.207055
    endloop
  endfacet
  facet normal -0.745434 -0.653737 -0.130217
    outer loop
      vertex 2.8477 2.8477 -0.207055
      vertex 3.19504 2.45164 -0.207055
      vertex 2.82843 2.82843 0
    endloop
  endfacet
  facet normal -0.74544 -0.653724 -0.130251
    outer loop
      vertex 3.19504 2.45164 -0.207055
      vertex 3.17341 2.43505 0
      vertex 2.82843 2.82843 0
    endloop
  endfacet
  facet normal -0.69483 -0.609352 -0.381971
    outer loop
      vertex 2.90421 2.90421 -0.4
      vertex 3.25844 2.50029 -0.4
      vertex 2.8477 2.8477 -0.207055
    endloop
  endfacet
  facet normal -0.69483 -0.609358 -0.381961
    outer loop
      vertex 3.25844 2.50029 -0.4
      vertex 3.19504 2.45164 -0.207055
      vertex 2.8477 2.8477 -0.207055
    endloop
  endfacet
  facet normal -0.596935 -0.523512 -0.60795
    outer loop
      vertex 2.99411 2.99411 -0.565685
      vertex 3.35931 2.57769 -0.565685
      vertex 2.90421 2.90421 -0.4
    endloop
  endfacet
  facet normal -0.596931 -0.523497 -0.607967
    outer loop
      vertex 3.35931 2.57769 -0.565685
      vertex 3.25844 2.50029 -0.4
      vertex 2.90421 2.90421 -0.4
    endloop
  endfacet
  facet normal -0.458305 -0.401917 -0.792729
    outer loop
      vertex 3.11127 3.11127 -0.69282
      vertex 3.49075 2.67855 -0.69282
      vertex 2.99411 2.99411 -0.565685
    endloop
  endfacet
  facet normal -0.458316 -0.401943 -0.792709
    outer loop
      vertex 3.49075 2.67855 -0.69282
      vertex 3.35931 2.57769 -0.565685
      vertex 2.99411 2.99411 -0.565685
    endloop
  endfacet
  facet normal -0.288247 -0.252791 -0.923585
    outer loop
      vertex 3.2477 3.2477 -0.772741
      vertex 3.64383 2.79601 -0.772741
      vertex 3.11127 3.11127 -0.69282
    endloop
  endfacet
  facet normal -0.288238 -0.252775 -0.923593
    outer loop
      vertex 3.64383 2.79601 -0.772741
      vertex 3.49075 2.67855 -0.69282
      vertex 3.11127 3.11127 -0.69282
    endloop
  endfacet
  facet normal -0.0983402 -0.0862429 -0.991409
    outer loop
      vertex 3.39411 3.39411 -0.8
      vertex 3.8081 2.92205 -0.8
      vertex 3.2477 3.2477 -0.772741
    endloop
  endfacet
  facet normal -0.0983412 -0.0862448 -0.991409
    outer loop
      vertex 3.8081 2.92205 -0.8
      vertex 3.64383 2.79601 -0.772741
      vertex 3.2477 3.2477 -0.772741
    endloop
  endfacet
  facet normal 0.0983407 0.0862424 -0.991409
    outer loop
      vertex 3.54052 3.54052 -0.772741
      vertex 3.97236 3.0481 -0.772741
      vertex 3.39411 3.39411 -0.8
    endloop
  endfacet
  facet normal 0.0983421 0.0862446 -0.991408
    outer loop
      vertex 3.97236 3.0481 -0.772741
      vertex 3.8081 2.92205 -0.8
      vertex 3.39411 3.39411 -0.8
    endloop
  endfacet
  facet normal 0.288234 0.252771 -0.923595
    outer loop
      vertex 3.67696 3.67696 -0.69282
      vertex 4.12544 3.16556 -0.69282
      vertex 3.54052 3.54052 -0.772741
    endloop
  endfacet
  facet normal 0.288237 0.252777 -0.923593
    outer loop
      vertex 4.12544 3.16556 -0.69282
      vertex 3.97236 3.0481 -0.772741
      vertex 3.54052 3.54052 -0.772741
    endloop
  endfacet
  facet normal 0.458327 0.401941 -0.792704
    outer loop
      vertex 3.79411 3.79411 -0.565685
      vertex 4.25688 3.26642 -0.565685
      vertex 3.67696 3.67696 -0.69282
    endloop
  endfacet
  facet normal 0.458324 0.401934 -0.79271
    outer loop
      vertex 4.25688 3.26642 -0.565685
      vertex 4.12544 3.16556 -0.69282
      vertex 3.67696 3.67696 -0.69282
    endloop
  endfacet
  facet normal 0.596939 0.523508 -0.60795
    outer loop
      vertex 3.88401 3.88401 -0.4
      vertex 4.35775 3.34382 -0.4
      vertex 3.79411 3.79411 -0.565685
    endloop
  endfacet
  facet normal 0.596933 0.523494 -0.607968
    outer loop
      vertex 4.35775 3.34382 -0.4
      vertex 4.25688 3.26642 -0.565685
      vertex 3.79411 3.79411 -0.565685
    endloop
  endfacet
  facet normal 0.694829 0.609353 -0.381971
    outer loop
      vertex 3.94052 3.94052 -0.207055
      vertex 4.42115 3.39247 -0.207055
      vertex 3.88401 3.88401 -0.4
    endloop
  endfacet
  facet normal 0.69483 0.609358 -0.381961
    outer loop
      vertex 4.42115 3.39247 -0.207055
      vertex 4.35775 3.34382 -0.4
      vertex 3.88401 3.88401 -0.4
    endloop
  endfacet
  facet normal 0.745436 0.653722 -0.130283
    outer loop
      vertex 3.9598 3.9598 0
      vertex 4.44278 3.40906 0
      vertex 3.94052 3.94052 -0.207055
    endloop
  endfacet
  facet normal 0.745433 0.653731 -0.130251
    outer loop
      vertex 4.44278 3.40906 0
      vertex 4.42115 3.39247 -0.207055
      vertex 3.94052 3.94052 -0.207055
    endloop
  endfacet
  facet normal 0.824382 0.550844 0.130255
    outer loop
      vertex 4.42115 3.39247 0.207055
      vertex 4.82614 2.78637 0.207055
      vertex 4.44278 3.40906 0
    endloop
  endfacet
  facet normal 0.82439 0.550839 0.130224
    outer loop
      vertex 4.82614 2.78637 0.207055
      vertex 4.84974 2.8 0
      vertex 4.44278 3.40906 0
    endloop
  endfacet
  facet normal 0.76843 0.51344 0.38196
    outer loop
      vertex 4.35775 3.34382 0.4
      vertex 4.75692 2.74641 0.4
      vertex 4.42115 3.39247 0.207055
    endloop
  endfacet
  facet normal 0.768407 0.513442 0.382006
    outer loop
      vertex 4.75692 2.74641 0.4
      vertex 4.82614 2.78637 0.207055
      vertex 4.42115 3.39247 0.207055
    endloop
  endfacet
  facet normal 0.660153 0.441105 0.607968
    outer loop
      vertex 4.25688 3.26642 0.565685
      vertex 4.64682 2.68284 0.565685
      vertex 4.35775 3.34382 0.4
    endloop
  endfacet
  facet normal 0.660176 0.441108 0.60794
    outer loop
      vertex 4.64682 2.68284 0.565685
      vertex 4.75692 2.74641 0.4
      vertex 4.35775 3.34382 0.4
    endloop
  endfacet
  facet normal 0.506866 0.338673 0.792709
    outer loop
      vertex 4.12544 3.16556 0.69282
      vertex 4.50333 2.6 0.69282
      vertex 4.25688 3.26642 0.565685
    endloop
  endfacet
  facet normal 0.506847 0.338668 0.792723
    outer loop
      vertex 4.50333 2.6 0.69282
      vertex 4.64682 2.68284 0.565685
      vertex 4.25688 3.26642 0.565685
    endloop
  endfacet
  facet normal 0.318762 0.212996 0.923593
    outer loop
      vertex 3.97236 3.0481 0.772741
      vertex 4.33624 2.50353 0.772741
      vertex 4.12544 3.16556 0.69282
    endloop
  endfacet
  facet normal 0.318783 0.213001 0.923584
    outer loop
      vertex 4.33624 2.50353 0.772741
      vertex 4.50333 2.6 0.69282
      vertex 4.12544 3.16556 0.69282
    endloop
  endfacet
  facet normal 0.108759 0.0726699 0.991408
    outer loop
      vertex 3.8081 2.92205 0.8
      vertex 4.15692 2.4 0.8
      vertex 3.97236 3.0481 0.772741
    endloop
  endfacet
  facet normal 0.108752 0.0726681 0.991409
    outer loop
      vertex 4.15692 2.4 0.8
      vertex 4.33624 2.50353 0.772741
      vertex 3.97236 3.0481 0.772741
    endloop
  endfacet
  facet normal -0.108758 -0.072669 0.991409
    outer loop
      vertex 3.64383 2.79601 0.772741
      vertex 3.97761 2.29647 0.772741
      vertex 3.8081 2.92205 0.8
    endloop
  endfacet
  facet normal -0.108758 -0.0726691 0.991409
    outer loop
      vertex 3.97761 2.29647 0.772741
      vertex 4.15692 2.4 0.8
      vertex 3.8081 2.92205 0.8
    endloop
  endfacet
  facet normal -0.318763 -0.212993 0.923593
    outer loop
      vertex 3.49075 2.67855 0.69282
      vertex 3.81051 2.2 0.69282
      vertex 3.64383 2.79601 0.772741
    endloop
  endfacet
  facet normal -0.318771 -0.212995 0.92359
    outer loop
      vertex 3.81051 2.2 0.69282
      vertex 3.97761 2.29647 0.772741
      vertex 3.64383 2.79601 0.772741
    endloop
  endfacet
  facet normal -0.506868 -0.338671 0.792709
    outer loop
      vertex 3.35931 2.57769 0.565685
      vertex 3.66702 2.11716 0.565685
      vertex 3.49075 2.67855 0.69282
    endloop
  endfacet
  facet normal -0.506848 -0.338668 0.792723
    outer loop
      vertex 3.66702 2.11716 0.565685
      vertex 3.81051 2.2 0.69282
      vertex 3.49075 2.67855 0.69282
    endloop
  endfacet
  facet normal -0.660152 -0.441106 0.607968
    outer loop
      vertex 3.25844 2.50029 0.4
      vertex 3.55692 2.05359 0.4
      vertex 3.35931 2.57769 0.565685
    endloop
  endfacet
  facet normal -0.660177 -0.441107 0.60794
    outer loop
      vertex 3.55692 2.05359 0.4
      vertex 3.66702 2.11716 0.565685
      vertex 3.35931 2.57769 0.565685
    endloop
  endfacet
  facet normal -0.768426 -0.513447 0.381961
    outer loop
      vertex 3.19504 2.45164 0.207055
      vertex 3.48771 2.01363 0.207055
      vertex 3.25844 2.50029 0.4
    endloop
  endfacet
  facet normal -0.768419 -0.513449 0.381972
    outer loop
      vertex 3.48771 2.01363 0.207055
      vertex 3.55692 2.05359 0.4
      vertex 3.25844 2.50029 0.4
    endloop
  endfacet
  facet normal -0.824387 -0.550836 0.130255
    outer loop
      vertex 3.17341 2.43505 0
      vertex 3.4641 2 0
      vertex 3.19504 2.45164 0.207055
    endloop
  endfacet
  facet normal -0.824384 -0.550838 0.130263
    outer loop
      vertex 3.4641 2 0
      vertex 3.48771 2.01363 0.207055
      vertex 3.19504 2.45164 0.207055
    endloop
  endfacet
  facet normal -0.824385 -0.550838 -0.130255
    outer loop
      vertex 3.19504 2.45164 -0.207055
      vertex 3.48771 2.01363 -0.207055
      vertex 3.17341 2.43505 0
    endloop
  endfacet
  facet normal -0.824386 -0.550835 -0.130263
    outer loop
      vertex 3.48771 2.01363 -0.207055
      vertex 3.4641 2 0
      vertex 3.17341 2.43505 0
    endloop
  endfacet
  facet normal -0.768423 -0.513452 -0.381961
    outer loop
      vertex 3.25844 2.50029 -0.4
      vertex 3.55692 2.05359 -0.4
      vertex 3.19504 2.45164 -0.207055
    endloop
  endfacet
  facet normal -0.768421 -0.513445 -0.381973
    outer loop
      vertex 3.55692 2.05359 -0.4
      vertex 3.48771 2.01363 -0.207055
      vertex 3.19504 2.45164 -0.207055
    endloop
  endfacet
  facet normal -0.660159 -0.441095 -0.607967
    outer loop
      vertex 3.35931 2.57769 -0.565685
      vertex 3.66702 2.11716 -0.565685
      vertex 3.25844 2.50029 -0.4
    endloop
  endfacet
  facet normal -0.66017 -0.441118 -0.60794
    outer loop
      vertex 3.66702 2.11716 -0.565685
      vertex 3.55692 2.05359 -0.4
      vertex 3.25844 2.50029 -0.4
    endloop
  endfacet
  facet normal -0.506862 -0.338678 -0.792709
    outer loop
      vertex 3.49075 2.67855 -0.69282
      vertex 3.81051 2.2 -0.69282
      vertex 3.35931 2.57769 -0.565685
    endloop
  endfacet
  facet normal -0.506852 -0.338661 -0.792723
    outer loop
      vertex 3.81051 2.2 -0.69282
      vertex 3.66702 2.11716 -0.565685
      vertex 3.35931 2.57769 -0.565685
    endloop
  endfacet
  facet normal -0.318765 -0.212991 -0.923593
    outer loop
      vertex 3.64383 2.79601 -0.772741
      vertex 3.97761 2.29647 -0.772741
      vertex 3.49075 2.67855 -0.69282
    endloop
  endfacet
  facet normal -0.31877 -0.212997 -0.92359
    outer loop
      vertex 3.97761 2.29647 -0.772741
      vertex 3.81051 2.2 -0.69282
      vertex 3.49075 2.67855 -0.69282
    endloop
  endfacet
  facet normal -0.108758 -0.072669 -0.991409
    outer loop
      vertex 3.8081 2.92205 -0.8
      vertex 4.15692 2.4 -0.8
      vertex 3.64383 2.79601 -0.772741
    endloop
  endfacet
  facet normal -0.108758 -0.0726692 -0.991409
    outer loop
      vertex 4.15692 2.4 -0.8
      vertex 3.97761 2.29647 -0.772741
      vertex 3.64383 2.79601 -0.772741
    endloop
  endfacet
  facet normal 0.108758 0.0726716 -0.991408
    outer loop
      vertex 3.97236 3.0481 -0.772741
      vertex 4.33624 2.50353 -0.772741
      vertex 3.8081 2.92205 -0.8
    endloop
  endfacet
  facet normal 0.108754 0.0726662 -0.991409
    outer loop
      vertex 4.33624 2.50353 -0.772741
      vertex 4.15692 2.4 -0.8
      vertex 3.8081 2.92205 -0.8
    endloop
  endfacet
  facet normal 0.318766 0.21299 -0.923593
    outer loop
      vertex 4.12544 3.16556 -0.69282
      vertex 4.50333 2.6 -0.69282
      vertex 3.97236 3.0481 -0.772741
    endloop
  endfacet
  facet normal 0.31878 0.213008 -0.923584
    outer loop
      vertex 4.50333 2.6 -0.69282
      vertex 4.33624 2.50353 -0.772741
      vertex 3.97236 3.0481 -0.772741
    endloop
  endfacet
  facet normal 0.506862 0.338678 -0.792709
    outer loop
      vertex 4.25688 3.26642 -0.565685
      vertex 4.64682 2.68284 -0.565685
      vertex 4.12544 3.16556 -0.69282
    endloop
  endfacet
  facet normal 0.506851 0.338662 -0.792723
    outer loop
      vertex 4.64682 2.68284 -0.565685
      vertex 4.50333 2.6 -0.69282
      vertex 4.12544 3.16556 -0.69282
    endloop
  endfacet
  facet normal 0.660159 0.441097 -0.607967
    outer loop
      vertex 4.35775 3.34382 -0.4
      vertex 4.75692 2.74641 -0.4
      vertex 4.25688 3.26642 -0.565685
    endloop
  endfacet
  facet normal 0.66017 0.441117 -0.60794
    outer loop
      vertex 4.75692 2.74641 -0.4
      vertex 4.64682 2.68284 -0.565685
      vertex 4.25688 3.26642 -0.565685
    endloop
  endfacet
  facet normal 0.768422 0.513452 -0.381961
    outer loop
      vertex 4.42115 3.39247 -0.207055
      vertex 4.82614 2.78637 -0.207055
      vertex 4.35775 3.34382 -0.4
    endloop
  endfacet
  facet normal 0.768414 0.51343 -0.382007
    outer loop
      vertex 4.82614 2.78637 -0.207055
      vertex 4.75692 2.74641 -0.4
      vertex 4.35775 3.34382 -0.4
    endloop
  endfacet
  facet normal 0.824387 0.550836 -0.130255
    outer loop
      vertex 4.44278 3.40906 0
      vertex 4.84974 2.8 0
      vertex 4.42115 3.39247 -0.207055
    endloop
  endfacet
  facet normal 0.824385 0.550846 -0.130224
    outer loop
      vertex 4.84974 2.8 0
      vertex 4.82614 2.78637 -0.207055
      vertex 4.42115 3.39247 -0.207055
    endloop
  endfacet
  facet normal 0.889238 0.438519 0.130222
    outer loop
      vertex 4.82614 2.78637 0.207055
      vertex 5.14854 2.1326 0.207055
      vertex 4.84974 2.8 0
    endloop
  endfacet
  facet normal 0.889225 0.438529 0.130272
    outer loop
      vertex 5.14854 2.1326 0.207055
      vertex 5.17373 2.14303 0
      vertex 4.84974 2.8 0
    endloop
  endfacet
  facet normal 0.828854 0.408742 0.382008
    outer loop
      vertex 4.75692 2.74641 0.4
      vertex 5.0747 2.10201 0.4
      vertex 4.82614 2.78637 0.207055
    endloop
  endfacet
  facet normal 0.828856 0.408742 0.382006
    outer loop
      vertex 5.0747 2.10201 0.4
      vertex 5.14854 2.1326 0.207055
      vertex 4.82614 2.78637 0.207055
    endloop
  endfacet
  facet normal 0.7121 0.351174 0.607939
    outer loop
      vertex 4.64682 2.68284 0.565685
      vertex 4.95725 2.05336 0.565685
      vertex 4.75692 2.74641 0.4
    endloop
  endfacet
  facet normal 0.712118 0.351175 0.607918
    outer loop
      vertex 4.95725 2.05336 0.565685
      vertex 5.0747 2.10201 0.4
      vertex 4.75692 2.74641 0.4
    endloop
  endfacet
  facet normal 0.546718 0.269608 0.792724
    outer loop
      vertex 4.50333 2.6 0.69282
      vertex 4.80417 1.98995 0.69282
      vertex 4.64682 2.68284 0.565685
    endloop
  endfacet
  facet normal 0.5467 0.269607 0.792737
    outer loop
      vertex 4.80417 1.98995 0.69282
      vertex 4.95725 2.05336 0.565685
      vertex 4.64682 2.68284 0.565685
    endloop
  endfacet
  facet normal 0.343857 0.169572 0.923584
    outer loop
      vertex 4.33624 2.50353 0.772741
      vertex 4.62592 1.91612 0.772741
      vertex 4.50333 2.6 0.69282
    endloop
  endfacet
  facet normal 0.343865 0.169573 0.923581
    outer loop
      vertex 4.62592 1.91612 0.772741
      vertex 4.80417 1.98995 0.69282
      vertex 4.50333 2.6 0.69282
    endloop
  endfacet
  facet normal 0.117308 0.0578498 0.991409
    outer loop
      vertex 4.15692 2.4 0.8
      vertex 4.43462 1.83688 0.8
      vertex 4.33624 2.50353 0.772741
    endloop
  endfacet
  facet normal 0.117307 0.0578497 0.991409
    outer loop
      vertex 4.43462 1.83688 0.8
      vertex 4.62592 1.91612 0.772741
      vertex 4.33624 2.50353 0.772741
    endloop
  endfacet
  facet normal -0.117313 -0.057852 0.991409
    outer loop
      vertex 3.97761 2.29647 0.772741
      vertex 4.24333 1.75764 0.772741
      vertex 4.15692 2.4 0.8
    endloop
  endfacet
  facet normal -0.117312 -0.0578519 0.991409
    outer loop
      vertex 4.24333 1.75764 0.772741
      vertex 4.43462 1.83688 0.8
      vertex 4.15692 2.4 0.8
    endloop
  endfacet
  facet normal -0.343843 -0.169567 0.92359
    outer loop
      vertex 3.81051 2.2 0.69282
      vertex 4.06507 1.68381 0.69282
      vertex 3.97761 2.29647 0.772741
    endloop
  endfacet
  facet normal -0.343851 -0.169567 0.923587
    outer loop
      vertex 4.06507 1.68381 0.69282
      vertex 4.24333 1.75764 0.772741
      vertex 3.97761 2.29647 0.772741
    endloop
  endfacet
  facet normal -0.546714 -0.269615 0.792724
    outer loop
      vertex 3.66702 2.11716 0.565685
      vertex 3.912 1.6204 0.565685
      vertex 3.81051 2.2 0.69282
    endloop
  endfacet
  facet normal -0.546719 -0.269615 0.792721
    outer loop
      vertex 3.912 1.6204 0.565685
      vertex 4.06507 1.68381 0.69282
      vertex 3.81051 2.2 0.69282
    endloop
  endfacet
  facet normal -0.712101 -0.351173 0.607939
    outer loop
      vertex 3.55692 2.05359 0.4
      vertex 3.79454 1.57175 0.4
      vertex 3.66702 2.11716 0.565685
    endloop
  endfacet
  facet normal -0.712095 -0.351174 0.607945
    outer loop
      vertex 3.79454 1.57175 0.4
      vertex 3.912 1.6204 0.565685
      vertex 3.66702 2.11716 0.565685
    endloop
  endfacet
  facet normal -0.828867 -0.40875 0.381972
    outer loop
      vertex 3.48771 2.01363 0.207055
      vertex 3.7207 1.54117 0.207055
      vertex 3.55692 2.05359 0.4
    endloop
  endfacet
  facet normal -0.828859 -0.408753 0.381988
    outer loop
      vertex 3.7207 1.54117 0.207055
      vertex 3.79454 1.57175 0.4
      vertex 3.55692 2.05359 0.4
    endloop
  endfacet
  facet normal -0.88923 -0.438523 0.130264
    outer loop
      vertex 3.4641 2 0
      vertex 3.69552 1.53073 0
      vertex 3.48771 2.01363 0.207055
    endloop
  endfacet
  facet normal -0.889233 -0.438519 0.130251
    outer loop
      vertex 3.69552 1.53073 0
      vertex 3.7207 1.54117 0.207055
      vertex 3.48771 2.01363 0.207055
    endloop
  endfacet
  facet normal -0.889232 -0.438518 -0.130264
    outer loop
      vertex 3.48771 2.01363 -0.207055
      vertex 3.7207 1.54117 -0.207055
      vertex 3.4641 2 0
    endloop
  endfacet
  facet normal -0.889231 -0.438523 -0.130251
    outer loop
      vertex 3.7207 1.54117 -0.207055
      vertex 3.69552 1.53073 0
      vertex 3.4641 2 0
    endloop
  endfacet
  facet normal -0.828864 -0.408756 -0.381972
    outer loop
      vertex 3.55692 2.05359 -0.4
      vertex 3.79454 1.57175 -0.4
      vertex 3.48771 2.01363 -0.207055
    endloop
  endfacet
  facet normal -0.828862 -0.408747 -0.381988
    outer loop
      vertex 3.79454 1.57175 -0.4
      vertex 3.7207 1.54117 -0.207055
      vertex 3.48771 2.01363 -0.207055
    endloop
  endfacet
  facet normal -0.712099 -0.351176 -0.607939
    outer loop
      vertex 3.66702 2.11716 -0.565685
      vertex 3.912 1.6204 -0.565685
      vertex 3.55692 2.05359 -0.4
    endloop
  endfacet
  facet normal -0.712097 -0.351171 -0.607945
    outer loop
      vertex 3.912 1.6204 -0.565685
      vertex 3.79454 1.57175 -0.4
      vertex 3.55692 2.05359 -0.4
    endloop
  endfacet
  facet normal -0.546715 -0.269614 -0.792724
    outer loop
      vertex 3.81051 2.2 -0.69282
      vertex 4.06507 1.68381 -0.69282
      vertex 3.66702 2.11716 -0.565685
    endloop
  endfacet
  facet normal -0.546718 -0.269617 -0.792721
    outer loop
      vertex 4.06507 1.68381 -0.69282
      vertex 3.912 1.6204 -0.565685
      vertex 3.66702 2.11716 -0.565685
    endloop
  endfacet
  facet normal -0.343844 -0.169564 -0.92359
    outer loop
      vertex 3.97761 2.29647 -0.772741
      vertex 4.24333 1.75764 -0.772741
      vertex 3.81051 2.2 -0.69282
    endloop
  endfacet
  facet normal -0.34385 -0.16957 -0.923587
    outer loop
      vertex 4.24333 1.75764 -0.772741
      vertex 4.06507 1.68381 -0.69282
      vertex 3.81051 2.2 -0.69282
    endloop
  endfacet
  facet normal -0.117313 -0.0578523 -0.991409
    outer loop
      vertex 4.15692 2.4 -0.8
      vertex 4.43462 1.83688 -0.8
      vertex 3.97761 2.29647 -0.772741
    endloop
  endfacet
  facet normal -0.117312 -0.0578516 -0.991409
    outer loop
      vertex 4.43462 1.83688 -0.8
      vertex 4.24333 1.75764 -0.772741
      vertex 3.97761 2.29647 -0.772741
    endloop
  endfacet
  facet normal 0.117308 0.05785 -0.991409
    outer loop
      vertex 4.33624 2.50353 -0.772741
      vertex 4.62592 1.91612 -0.772741
      vertex 4.15692 2.4 -0.8
    endloop
  endfacet
  facet normal 0.117307 0.0578494 -0.991409
    outer loop
      vertex 4.62592 1.91612 -0.772741
      vertex 4.43462 1.83688 -0.8
      vertex 4.15692 2.4 -0.8
    endloop
  endfacet
  facet normal 0.343858 0.16957 -0.923584
    outer loop
      vertex 4.50333 2.6 -0.69282
      vertex 4.80417 1.98995 -0.69282
      vertex 4.33624 2.50353 -0.772741
    endloop
  endfacet
  facet normal 0.343864 0.169576 -0.923581
    outer loop
      vertex 4.80417 1.98995 -0.69282
      vertex 4.62592 1.91612 -0.772741
      vertex 4.33624 2.50353 -0.772741
    endloop
  endfacet
  facet normal 0.546715 0.269614 -0.792724
    outer loop
      vertex 4.64682 2.68284 -0.565685
      vertex 4.95725 2.05336 -0.565685
      vertex 4.50333 2.6 -0.69282
    endloop
  endfacet
  facet normal 0.546702 0.269601 -0.792737
    outer loop
      vertex 4.95725 2.05336 -0.565685
      vertex 4.80417 1.98995 -0.69282
      vertex 4.50333 2.6 -0.69282
    endloop
  endfacet
  facet normal 0.712104 0.351167 -0.607939
    outer loop
      vertex 4.75692 2.74641 -0.4
      vertex 5.0747 2.10201 -0.4
      vertex 4.64682 2.68284 -0.565685
    endloop
  endfacet
  facet normal 0.712115 0.351182 -0.607918
    outer loop
      vertex 5.0747 2.10201 -0.4
      vertex 4.95725 2.05336 -0.565685
      vertex 4.64682 2.68284 -0.565685
    endloop
  endfacet
  facet normal 0.828855 0.408741 -0.382008
    outer loop
      vertex 4.82614 2.78637 -0.207055
      vertex 5.14854 2.1326 -0.207055
      vertex 4.75692 2.74641 -0.4
    endloop
  endfacet
  facet normal 0.828855 0.408742 -0.382006
    outer loop
      vertex 5.14854 2.1326 -0.207055
      vertex 5.0747 2.10201 -0.4
      vertex 4.75692 2.74641 -0.4
    endloop
  endfacet
  facet normal 0.889231 0.438532 -0.130222
    outer loop
      vertex 4.84974 2.8 0
      vertex 5.17373 2.14303 0
      vertex 4.82614 2.78637 -0.207055
    endloop
  endfacet
  facet normal 0.889232 0.438516 -0.130272
    outer loop
      vertex 5.17373 2.14303 0
      vertex 5.14854 2.1326 -0.207055
      vertex 4.82614 2.78637 -0.207055
    endloop
  endfacet
  facet normal 0.938863 0.318694 0.130274
    outer loop
      vertex 5.14854 2.1326 0.207055
      vertex 5.38285 1.44233 0.207055
      vertex 5.17373 2.14303 0
    endloop
  endfacet
  facet normal 0.938866 0.31869 0.130257
    outer loop
      vertex 5.38285 1.44233 0.207055
      vertex 5.40918 1.44939 0
      vertex 5.17373 2.14303 0
    endloop
  endfacet
  facet normal 0.875112 0.297072 0.382004
    outer loop
      vertex 5.0747 2.10201 0.4
      vertex 5.30566 1.42165 0.4
      vertex 5.14854 2.1326 0.207055
    endloop
  endfacet
  facet normal 0.875139 0.297063 0.381949
    outer loop
      vertex 5.30566 1.42165 0.4
      vertex 5.38285 1.44233 0.207055
      vertex 5.14854 2.1326 0.207055
    endloop
  endfacet
  facet normal 0.751866 0.255215 0.607917
    outer loop
      vertex 4.95725 2.05336 0.565685
      vertex 5.18285 1.38874 0.565685
      vertex 5.0747 2.10201 0.4
    endloop
  endfacet
  facet normal 0.751825 0.25522 0.607966
    outer loop
      vertex 5.18285 1.38874 0.565685
      vertex 5.30566 1.42165 0.4
      vertex 5.0747 2.10201 0.4
    endloop
  endfacet
  facet normal 0.577215 0.195939 0.792736
    outer loop
      vertex 4.80417 1.98995 0.69282
      vertex 5.02281 1.34586 0.69282
      vertex 4.95725 2.05336 0.565685
    endloop
  endfacet
  facet normal 0.577236 0.195938 0.792721
    outer loop
      vertex 5.02281 1.34586 0.69282
      vertex 5.18285 1.38874 0.565685
      vertex 4.95725 2.05336 0.565685
    endloop
  endfacet
  facet normal 0.363058 0.123236 0.923581
    outer loop
      vertex 4.62592 1.91612 0.772741
      vertex 4.83644 1.29592 0.772741
      vertex 4.80417 1.98995 0.69282
    endloop
  endfacet
  facet normal 0.36304 0.123236 0.923588
    outer loop
      vertex 4.83644 1.29592 0.772741
      vertex 5.02281 1.34586 0.69282
      vertex 4.80417 1.98995 0.69282
    endloop
  endfacet
  facet normal 0.123855 0.0420424 0.991409
    outer loop
      vertex 4.43462 1.83688 0.8
      vertex 4.63644 1.24233 0.8
      vertex 4.62592 1.91612 0.772741
    endloop
  endfacet
  facet normal 0.123859 0.0420425 0.991409
    outer loop
      vertex 4.63644 1.24233 0.8
      vertex 4.83644 1.29592 0.772741
      vertex 4.62592 1.91612 0.772741
    endloop
  endfacet
  facet normal -0.12386 -0.0420437 0.991409
    outer loop
      vertex 4.24333 1.75764 0.772741
      vertex 4.43644 1.18874 0.772741
      vertex 4.43462 1.83688 0.8
    endloop
  endfacet
  facet normal -0.123858 -0.0420437 0.991409
    outer loop
      vertex 4.43644 1.18874 0.772741
      vertex 4.63644 1.24233 0.8
      vertex 4.43462 1.83688 0.8
    endloop
  endfacet
  facet normal -0.363042 -0.123232 0.923588
    outer loop
      vertex 4.06507 1.68381 0.69282
      vertex 4.25007 1.1388 0.69282
      vertex 4.24333 1.75764 0.772741
    endloop
  endfacet
  facet normal -0.363041 -0.123232 0.923588
    outer loop
      vertex 4.25007 1.1388 0.69282
      vertex 4.43644 1.18874 0.772741
      vertex 4.24333 1.75764 0.772741
    endloop
  endfacet
  facet normal -0.577239 -0.195938 0.792719
    outer loop
      vertex 3.912 1.6204 0.565685
      vertex 4.09003 1.09592 0.565685
      vertex 4.06507 1.68381 0.69282
    endloop
  endfacet
  facet normal -0.577236 -0.195939 0.792721
    outer loop
      vertex 4.09003 1.09592 0.565685
      vertex 4.25007 1.1388 0.69282
      vertex 4.06507 1.68381 0.69282
    endloop
  endfacet
  facet normal -0.751842 -0.255215 0.607946
    outer loop
      vertex 3.79454 1.57175 0.4
      vertex 3.96723 1.06302 0.4
      vertex 3.912 1.6204 0.565685
    endloop
  endfacet
  facet normal -0.751858 -0.255211 0.607928
    outer loop
      vertex 3.96723 1.06302 0.4
      vertex 4.09003 1.09592 0.565685
      vertex 3.912 1.6204 0.565685
    endloop
  endfacet
  facet normal -0.875123 -0.297058 0.38199
    outer loop
      vertex 3.7207 1.54117 0.207055
      vertex 3.89003 1.04233 0.207055
      vertex 3.79454 1.57175 0.4
    endloop
  endfacet
  facet normal -0.875117 -0.297061 0.382001
    outer loop
      vertex 3.89003 1.04233 0.207055
      vertex 3.96723 1.06302 0.4
      vertex 3.79454 1.57175 0.4
    endloop
  endfacet
  facet normal -0.938866 -0.318697 0.130245
    outer loop
      vertex 3.69552 1.53073 0
      vertex 3.8637 1.03528 0
      vertex 3.7207 1.54117 0.207055
    endloop
  endfacet
  facet normal -0.938866 -0.318696 0.130242
    outer loop
      vertex 3.8637 1.03528 0
      vertex 3.89003 1.04233 0.207055
      vertex 3.7207 1.54117 0.207055
    endloop
  endfacet
  facet normal -0.938866 -0.318696 -0.130245
    outer loop
      vertex 3.7207 1.54117 -0.207055
      vertex 3.89003 1.04233 -0.207055
      vertex 3.69552 1.53073 0
    endloop
  endfacet
  facet normal -0.938866 -0.318697 -0.130242
    outer loop
      vertex 3.89003 1.04233 -0.207055
      vertex 3.8637 1.03528 0
      vertex 3.69552 1.53073 0
    endloop
  endfacet
  facet normal -0.875121 -0.297063 -0.38199
    outer loop
      vertex 3.79454 1.57175 -0.4
      vertex 3.96723 1.06302 -0.4
      vertex 3.7207 1.54117 -0.207055
    endloop
  endfacet
  facet normal -0.875118 -0.297057 -0.382001
    outer loop
      vertex 3.96723 1.06302 -0.4
      vertex 3.89003 1.04233 -0.207055
      vertex 3.7207 1.54117 -0.207055
    endloop
  endfacet
  facet normal -0.751845 -0.255207 -0.607946
    outer loop
      vertex 3.912 1.6204 -0.565685
      vertex 4.09003 1.09592 -0.565685
      vertex 3.79454 1.57175 -0.4
    endloop
  endfacet
  facet normal -0.751855 -0.25522 -0.607928
    outer loop
      vertex 4.09003 1.09592 -0.565685
      vertex 3.96723 1.06302 -0.4
      vertex 3.79454 1.57175 -0.4
    endloop
  endfacet
  facet normal -0.577238 -0.19594 -0.792719
    outer loop
      vertex 4.06507 1.68381 -0.69282
      vertex 4.25007 1.1388 -0.69282
      vertex 3.912 1.6204 -0.565685
    endloop
  endfacet
  facet normal -0.577236 -0.195938 -0.792721
    outer loop
      vertex 4.25007 1.1388 -0.69282
      vertex 4.09003 1.09592 -0.565685
      vertex 3.912 1.6204 -0.565685
    endloop
  endfacet
  facet normal -0.363042 -0.123233 -0.923588
    outer loop
      vertex 4.24333 1.75764 -0.772741
      vertex 4.43644 1.18874 -0.772741
      vertex 4.06507 1.68381 -0.69282
    endloop
  endfacet
  facet normal -0.363041 -0.123232 -0.923588
    outer loop
      vertex 4.43644 1.18874 -0.772741
      vertex 4.25007 1.1388 -0.69282
      vertex 4.06507 1.68381 -0.69282
    endloop
  endfacet
  facet normal -0.12386 -0.0420443 -0.991409
    outer loop
      vertex 4.43462 1.83688 -0.8
      vertex 4.63644 1.24233 -0.8
      vertex 4.24333 1.75764 -0.772741
    endloop
  endfacet
  facet normal -0.123859 -0.0420431 -0.991409
    outer loop
      vertex 4.63644 1.24233 -0.8
      vertex 4.43644 1.18874 -0.772741
      vertex 4.24333 1.75764 -0.772741
    endloop
  endfacet
  facet normal 0.123855 0.0420412 -0.991409
    outer loop
      vertex 4.62592 1.91612 -0.772741
      vertex 4.83644 1.29592 -0.772741
      vertex 4.43462 1.83688 -0.8
    endloop
  endfacet
  facet normal 0.123858 0.0420437 -0.991409
    outer loop
      vertex 4.83644 1.29592 -0.772741
      vertex 4.63644 1.24233 -0.8
      vertex 4.43462 1.83688 -0.8
    endloop
  endfacet
  facet normal 0.363055 0.123241 -0.923581
    outer loop
      vertex 4.80417 1.98995 -0.69282
      vertex 5.02281 1.34586 -0.69282
      vertex 4.62592 1.91612 -0.772741
    endloop
  endfacet
  facet normal 0.363041 0.12323 -0.923588
    outer loop
      vertex 5.02281 1.34586 -0.69282
      vertex 4.83644 1.29592 -0.772741
      vertex 4.62592 1.91612 -0.772741
    endloop
  endfacet
  facet normal 0.577218 0.195932 -0.792736
    outer loop
      vertex 4.95725 2.05336 -0.565685
      vertex 5.18285 1.38874 -0.565685
      vertex 4.80417 1.98995 -0.69282
    endloop
  endfacet
  facet normal 0.577234 0.195945 -0.792721
    outer loop
      vertex 5.18285 1.38874 -0.565685
      vertex 5.02281 1.34586 -0.69282
      vertex 4.80417 1.98995 -0.69282
    endloop
  endfacet
  facet normal 0.751859 0.255232 -0.607918
    outer loop
      vertex 5.0747 2.10201 -0.4
      vertex 5.30566 1.42165 -0.4
      vertex 4.95725 2.05336 -0.565685
    endloop
  endfacet
  facet normal 0.75183 0.255203 -0.607967
    outer loop
      vertex 5.30566 1.42165 -0.4
      vertex 5.18285 1.38874 -0.565685
      vertex 4.95725 2.05336 -0.565685
    endloop
  endfacet
  facet normal 0.875118 0.297056 -0.382003
    outer loop
      vertex 5.14854 2.1326 -0.207055
      vertex 5.38285 1.44233 -0.207055
      vertex 5.0747 2.10201 -0.4
    endloop
  endfacet
  facet normal 0.875134 0.297079 -0.381949
    outer loop
      vertex 5.38285 1.44233 -0.207055
      vertex 5.30566 1.42165 -0.4
      vertex 5.0747 2.10201 -0.4
    endloop
  endfacet
  facet normal 0.938864 0.318689 -0.130274
    outer loop
      vertex 5.17373 2.14303 0
      vertex 5.40918 1.44939 0
      vertex 5.14854 2.1326 -0.207055
    endloop
  endfacet
  facet normal 0.938865 0.318695 -0.130257
    outer loop
      vertex 5.40918 1.44939 0
      vertex 5.38285 1.44233 -0.207055
      vertex 5.14854 2.1326 -0.207055
    endloop
  endfacet
  facet normal 0.97243 0.193427 0.130254
    outer loop
      vertex 5.38285 1.44233 0.207055
      vertex 5.52506 0.727389 0.207055
      vertex 5.40918 1.44939 0
    endloop
  endfacet
  facet normal 0.972427 0.193432 0.130269
    outer loop
      vertex 5.52506 0.727389 0.207055
      vertex 5.55209 0.730947 0
      vertex 5.40918 1.44939 0
    endloop
  endfacet
  facet normal 0.906425 0.180296 0.381951
    outer loop
      vertex 5.30566 1.42165 0.4
      vertex 5.44583 0.716957 0.4
      vertex 5.38285 1.44233 0.207055
    endloop
  endfacet
  facet normal 0.906422 0.180298 0.381957
    outer loop
      vertex 5.44583 0.716957 0.4
      vertex 5.52506 0.727389 0.207055
      vertex 5.38285 1.44233 0.207055
    endloop
  endfacet
  facet normal 0.778707 0.154898 0.607965
    outer loop
      vertex 5.18285 1.38874 0.565685
      vertex 5.31978 0.700363 0.565685
      vertex 5.30566 1.42165 0.4
    endloop
  endfacet
  facet normal 0.77872 0.154895 0.607949
    outer loop
      vertex 5.31978 0.700363 0.565685
      vertex 5.44583 0.716957 0.4
      vertex 5.30566 1.42165 0.4
    endloop
  endfacet
  facet normal 0.597871 0.118925 0.792722
    outer loop
      vertex 5.02281 1.34586 0.69282
      vertex 5.15551 0.678736 0.69282
      vertex 5.18285 1.38874 0.565685
    endloop
  endfacet
  facet normal 0.597865 0.118926 0.792726
    outer loop
      vertex 5.15551 0.678736 0.69282
      vertex 5.31978 0.700363 0.565685
      vertex 5.18285 1.38874 0.565685
    endloop
  endfacet
  facet normal 0.376019 0.0747978 0.923588
    outer loop
      vertex 4.83644 1.29592 0.772741
      vertex 4.96422 0.653552 0.772741
      vertex 5.02281 1.34586 0.69282
    endloop
  endfacet
  facet normal 0.376027 0.0747968 0.923585
    outer loop
      vertex 4.96422 0.653552 0.772741
      vertex 5.15551 0.678736 0.69282
      vertex 5.02281 1.34586 0.69282
    endloop
  endfacet
  facet normal 0.128286 0.0255196 0.991409
    outer loop
      vertex 4.63644 1.24233 0.8
      vertex 4.75894 0.626526 0.8
      vertex 4.83644 1.29592 0.772741
    endloop
  endfacet
  facet normal 0.128289 0.0255192 0.991408
    outer loop
      vertex 4.75894 0.626526 0.8
      vertex 4.96422 0.653552 0.772741
      vertex 4.83644 1.29592 0.772741
    endloop
  endfacet
  facet normal -0.128286 -0.0255184 0.991409
    outer loop
      vertex 4.43644 1.18874 0.772741
      vertex 4.55365 0.5995 0.772741
      vertex 4.63644 1.24233 0.8
    endloop
  endfacet
  facet normal -0.128283 -0.0255189 0.991409
    outer loop
      vertex 4.55365 0.5995 0.772741
      vertex 4.75894 0.626526 0.8
      vertex 4.63644 1.24233 0.8
    endloop
  endfacet
  facet normal -0.376019 -0.0747994 0.923588
    outer loop
      vertex 4.25007 1.1388 0.69282
      vertex 4.36236 0.574315 0.69282
      vertex 4.43644 1.18874 0.772741
    endloop
  endfacet
  facet normal -0.376026 -0.0747981 0.923585
    outer loop
      vertex 4.36236 0.574315 0.69282
      vertex 4.55365 0.5995 0.772741
      vertex 4.43644 1.18874 0.772741
    endloop
  endfacet
  facet normal -0.59787 -0.118929 0.792722
    outer loop
      vertex 4.09003 1.09592 0.565685
      vertex 4.19809 0.552689 0.565685
      vertex 4.25007 1.1388 0.69282
    endloop
  endfacet
  facet normal -0.597864 -0.11893 0.792726
    outer loop
      vertex 4.19809 0.552689 0.565685
      vertex 4.36236 0.574315 0.69282
      vertex 4.25007 1.1388 0.69282
    endloop
  endfacet
  facet normal -0.778735 -0.154897 0.60793
    outer loop
      vertex 3.96723 1.06302 0.4
      vertex 4.07204 0.536095 0.4
      vertex 4.09003 1.09592 0.565685
    endloop
  endfacet
  facet normal -0.778719 -0.154903 0.607949
    outer loop
      vertex 4.07204 0.536095 0.4
      vertex 4.19809 0.552689 0.565685
      vertex 4.09003 1.09592 0.565685
    endloop
  endfacet
  facet normal -0.906402 -0.18031 0.381999
    outer loop
      vertex 3.89003 1.04233 0.207055
      vertex 3.99281 0.525663 0.207055
      vertex 3.96723 1.06302 0.4
    endloop
  endfacet
  facet normal -0.906423 -0.180295 0.381957
    outer loop
      vertex 3.99281 0.525663 0.207055
      vertex 4.07204 0.536095 0.4
      vertex 3.96723 1.06302 0.4
    endloop
  endfacet
  facet normal -0.97243 -0.193434 0.130245
    outer loop
      vertex 3.8637 1.03528 0
      vertex 3.96578 0.522105 0
      vertex 3.89003 1.04233 0.207055
    endloop
  endfacet
  facet normal -0.972425 -0.193443 0.130269
    outer loop
      vertex 3.96578 0.522105 0
      vertex 3.99281 0.525663 0.207055
      vertex 3.89003 1.04233 0.207055
    endloop
  endfacet
  facet normal -0.972428 -0.193444 -0.130245
    outer loop
      vertex 3.89003 1.04233 -0.207055
      vertex 3.99281 0.525663 -0.207055
      vertex 3.8637 1.03528 0
    endloop
  endfacet
  facet normal -0.972427 -0.193434 -0.130269
    outer loop
      vertex 3.99281 0.525663 -0.207055
      vertex 3.96578 0.522105 0
      vertex 3.8637 1.03528 0
    endloop
  endfacet
  facet normal -0.906406 -0.180292 -0.381999
    outer loop
      vertex 3.96723 1.06302 -0.4
      vertex 4.07204 0.536095 -0.4
      vertex 3.89003 1.04233 -0.207055
    endloop
  endfacet
  facet normal -0.906419 -0.180313 -0.381957
    outer loop
      vertex 4.07204 0.536095 -0.4
      vertex 3.99281 0.525663 -0.207055
      vertex 3.89003 1.04233 -0.207055
    endloop
  endfacet
  facet normal -0.778733 -0.154906 -0.60793
    outer loop
      vertex 4.09003 1.09592 -0.565685
      vertex 4.19809 0.552689 -0.565685
      vertex 3.96723 1.06302 -0.4
    endloop
  endfacet
  facet normal -0.778721 -0.154894 -0.607949
    outer loop
      vertex 4.19809 0.552689 -0.565685
      vertex 4.07204 0.536095 -0.4
      vertex 3.96723 1.06302 -0.4
    endloop
  endfacet
  facet normal -0.597869 -0.118931 -0.792722
    outer loop
      vertex 4.25007 1.1388 -0.69282
      vertex 4.36236 0.574315 -0.69282
      vertex 4.09003 1.09592 -0.565685
    endloop
  endfacet
  facet normal -0.597865 -0.118928 -0.792726
    outer loop
      vertex 4.36236 0.574315 -0.69282
      vertex 4.19809 0.552689 -0.565685
      vertex 4.09003 1.09592 -0.565685
    endloop
  endfacet
  facet normal -0.376019 -0.0747967 -0.923588
    outer loop
      vertex 4.43644 1.18874 -0.772741
      vertex 4.55365 0.5995 -0.772741
      vertex 4.25007 1.1388 -0.69282
    endloop
  endfacet
  facet normal -0.376026 -0.0748008 -0.923585
    outer loop
      vertex 4.55365 0.5995 -0.772741
      vertex 4.36236 0.574315 -0.69282
      vertex 4.25007 1.1388 -0.69282
    endloop
  endfacet
  facet normal -0.128286 -0.0255196 -0.991409
    outer loop
      vertex 4.63644 1.24233 -0.8
      vertex 4.75894 0.626526 -0.8
      vertex 4.43644 1.18874 -0.772741
    endloop
  endfacet
  facet normal -0.128283 -0.0255177 -0.991409
    outer loop
      vertex 4.75894 0.626526 -0.8
      vertex 4.55365 0.5995 -0.772741
      vertex 4.43644 1.18874 -0.772741
    endloop
  endfacet
  facet normal 0.128286 0.0255187 -0.991409
    outer loop
      vertex 4.83644 1.29592 -0.772741
      vertex 4.96422 0.653552 -0.772741
      vertex 4.63644 1.24233 -0.8
    endloop
  endfacet
  facet normal 0.128289 0.0255201 -0.991408
    outer loop
      vertex 4.96422 0.653552 -0.772741
      vertex 4.75894 0.626526 -0.8
      vertex 4.63644 1.24233 -0.8
    endloop
  endfacet
  facet normal 0.37602 0.0747954 -0.923588
    outer loop
      vertex 5.02281 1.34586 -0.69282
      vertex 5.15551 0.678736 -0.69282
      vertex 4.83644 1.29592 -0.772741
    endloop
  endfacet
  facet normal 0.376026 0.0747993 -0.923585
    outer loop
      vertex 5.15551 0.678736 -0.69282
      vertex 4.96422 0.653552 -0.772741
      vertex 4.83644 1.29592 -0.772741
    endloop
  endfacet
  facet normal 0.59787 0.118927 -0.792722
    outer loop
      vertex 5.18285 1.38874 -0.565685
      vertex 5.31978 0.700363 -0.565685
      vertex 5.02281 1.34586 -0.69282
    endloop
  endfacet
  facet normal 0.597865 0.118923 -0.792726
    outer loop
      vertex 5.31978 0.700363 -0.565685
      vertex 5.15551 0.678736 -0.69282
      vertex 5.02281 1.34586 -0.69282
    endloop
  endfacet
  facet normal 0.778708 0.154892 -0.607965
    outer loop
      vertex 5.30566 1.42165 -0.4
      vertex 5.44583 0.716957 -0.4
      vertex 5.18285 1.38874 -0.565685
    endloop
  endfacet
  facet normal 0.778719 0.154901 -0.607949
    outer loop
      vertex 5.44583 0.716957 -0.4
      vertex 5.31978 0.700363 -0.565685
      vertex 5.18285 1.38874 -0.565685
    endloop
  endfacet
  facet normal 0.906425 0.180298 -0.381951
    outer loop
      vertex 5.38285 1.44233 -0.207055
      vertex 5.52506 0.727389 -0.207055
      vertex 5.30566 1.42165 -0.4
    endloop
  endfacet
  facet normal 0.906423 0.180296 -0.381957
    outer loop
      vertex 5.52506 0.727389 -0.207055
      vertex 5.44583 0.716957 -0.4
      vertex 5.30566 1.42165 -0.4
    endloop
  endfacet
  facet normal 0.972429 0.193432 -0.130254
    outer loop
      vertex 5.40918 1.44939 0
      vertex 5.55209 0.730947 0
      vertex 5.38285 1.44233 -0.207055
    endloop
  endfacet
  facet normal 0.972428 0.193427 -0.130269
    outer loop
      vertex 5.55209 0.730947 0
      vertex 5.52506 0.727389 -0.207055
      vertex 5.38285 1.44233 -0.207055
    endloop
  endfacet
  facet normal 0.989355 0.0648518 0.13027
    outer loop
      vertex 5.52506 0.727389 0.207055
      vertex 5.57274 0 0.207055
      vertex 5.55209 0.730947 0
    endloop
  endfacet
  facet normal 0.989358 0.0648476 0.130255
    outer loop
      vertex 5.57274 0 0.207055
      vertex 5.6 0 0
      vertex 5.55209 0.730947 0
    endloop
  endfacet
  facet normal 0.922202 0.0604419 0.381956
    outer loop
      vertex 5.44583 0.716957 0.4
      vertex 5.49282 0 0.4
      vertex 5.52506 0.727389 0.207055
    endloop
  endfacet
  facet normal 0.922191 0.0604492 0.381982
    outer loop
      vertex 5.49282 0 0.4
      vertex 5.57274 0 0.207055
      vertex 5.52506 0.727389 0.207055
    endloop
  endfacet
  facet normal 0.792275 0.051935 0.607949
    outer loop
      vertex 5.31978 0.700363 0.565685
      vertex 5.36569 0 0.565685
      vertex 5.44583 0.716957 0.4
    endloop
  endfacet
  facet normal 0.792294 0.0519276 0.607926
    outer loop
      vertex 5.36569 0 0.565685
      vertex 5.49282 0 0.4
      vertex 5.44583 0.716957 0.4
    endloop
  endfacet
  facet normal 0.608273 0.0398712 0.792726
    outer loop
      vertex 5.15551 0.678736 0.69282
      vertex 5.2 0 0.69282
      vertex 5.31978 0.700363 0.565685
    endloop
  endfacet
  facet normal 0.608267 0.039873 0.79273
    outer loop
      vertex 5.2 0 0.69282
      vertex 5.36569 0 0.565685
      vertex 5.31978 0.700363 0.565685
    endloop
  endfacet
  facet normal 0.382572 0.0250774 0.923585
    outer loop
      vertex 4.96422 0.653552 0.772741
      vertex 5.00706 0 0.772741
      vertex 5.15551 0.678736 0.69282
    endloop
  endfacet
  facet normal 0.382574 0.0250771 0.923585
    outer loop
      vertex 5.00706 0 0.772741
      vertex 5.2 0 0.69282
      vertex 5.15551 0.678736 0.69282
    endloop
  endfacet
  facet normal 0.130522 0.00855391 0.991408
    outer loop
      vertex 4.75894 0.626526 0.8
      vertex 4.8 0 0.8
      vertex 4.96422 0.653552 0.772741
    endloop
  endfacet
  facet normal 0.130517 0.00855531 0.991409
    outer loop
      vertex 4.8 0 0.8
      vertex 5.00706 0 0.772741
      vertex 4.96422 0.653552 0.772741
    endloop
  endfacet
  facet normal -0.130516 -0.00855376 0.991409
    outer loop
      vertex 4.55365 0.5995 0.772741
      vertex 4.59294 0 0.772741
      vertex 4.75894 0.626526 0.8
    endloop
  endfacet
  facet normal -0.130517 -0.00855355 0.991409
    outer loop
      vertex 4.59294 0 0.772741
      vertex 4.8 0 0.8
      vertex 4.75894 0.626526 0.8
    endloop
  endfacet
  facet normal -0.382573 -0.0250734 0.923585
    outer loop
      vertex 4.36236 0.574315 0.69282
      vertex 4.4 0 0.69282
      vertex 4.55365 0.5995 0.772741
    endloop
  endfacet
  facet normal -0.382574 -0.0250731 0.923585
    outer loop
      vertex 4.4 0 0.69282
      vertex 4.59294 0 0.772741
      vertex 4.55365 0.5995 0.772741
    endloop
  endfacet
  facet normal -0.608274 -0.0398627 0.792726
    outer loop
      vertex 4.19809 0.552689 0.565685
      vertex 4.23431 0 0.565685
      vertex 4.36236 0.574315 0.69282
    endloop
  endfacet
  facet normal -0.608267 -0.0398652 0.792731
    outer loop
      vertex 4.23431 0 0.565685
      vertex 4.4 0 0.69282
      vertex 4.36236 0.574315 0.69282
    endloop
  endfacet
  facet normal -0.792276 -0.0519321 0.607949
    outer loop
      vertex 4.07204 0.536095 0.4
      vertex 4.10718 0 0.4
      vertex 4.19809 0.552689 0.565685
    endloop
  endfacet
  facet normal -0.792294 -0.0519223 0.607927
    outer loop
      vertex 4.10718 0 0.4
      vertex 4.23431 0 0.565685
      vertex 4.19809 0.552689 0.565685
    endloop
  endfacet
  facet normal -0.922202 -0.0604377 0.381956
    outer loop
      vertex 3.99281 0.525663 0.207055
      vertex 4.02726 0 0.207055
      vertex 4.07204 0.536095 0.4
    endloop
  endfacet
  facet normal -0.922191 -0.0604478 0.381982
    outer loop
      vertex 4.02726 0 0.207055
      vertex 4.10718 0 0.4
      vertex 4.07204 0.536095 0.4
    endloop
  endfacet
  facet normal -0.989356 -0.0648447 0.13027
    outer loop
      vertex 3.96578 0.522105 0
      vertex 4 0 0
      vertex 3.99281 0.525663 0.207055
    endloop
  endfacet
  facet normal -0.989358 -0.0648389 0.130255
    outer loop
      vertex 4 0 0
      vertex 4.02726 0 0.207055
      vertex 3.99281 0.525663 0.207055
    endloop
  endfacet
  facet normal -0.989356 -0.0648387 -0.13027
    outer loop
      vertex 3.99281 0.525663 -0.207055
      vertex 4.02726 0 -0.207055
      vertex 3.96578 0.522105 0
    endloop
  endfacet
  facet normal -0.989358 -0.0648449 -0.130255
    outer loop
      vertex 4.02726 0 -0.207055
      vertex 4 0 0
      vertex 3.96578 0.522105 0
    endloop
  endfacet
  facet normal -0.922201 -0.0604485 -0.381957
    outer loop
      vertex 4.07204 0.536095 -0.4
      vertex 4.10718 0 -0.4
      vertex 3.99281 0.525663 -0.207055
    endloop
  endfacet
  facet normal -0.922191 -0.060437 -0.381982
    outer loop
      vertex 4.10718 0 -0.4
      vertex 4.02726 0 -0.207055
      vertex 3.99281 0.525663 -0.207055
    endloop
  endfacet
  facet normal -0.792277 -0.0519212 -0.607949
    outer loop
      vertex 4.19809 0.552689 -0.565685
      vertex 4.23431 0 -0.565685
      vertex 4.07204 0.536095 -0.4
    endloop
  endfacet
  facet normal -0.792293 -0.0519333 -0.607926
    outer loop
      vertex 4.23431 0 -0.565685
      vertex 4.10718 0 -0.4
      vertex 4.07204 0.536095 -0.4
    endloop
  endfacet
  facet normal -0.608273 -0.0398656 -0.792726
    outer loop
      vertex 4.36236 0.574315 -0.69282
      vertex 4.4 0 -0.69282
      vertex 4.19809 0.552689 -0.565685
    endloop
  endfacet
  facet normal -0.608267 -0.0398623 -0.792731
    outer loop
      vertex 4.4 0 -0.69282
      vertex 4.23431 0 -0.565685
      vertex 4.19809 0.552689 -0.565685
    endloop
  endfacet
  facet normal -0.382573 -0.025073 -0.923585
    outer loop
      vertex 4.55365 0.5995 -0.772741
      vertex 4.59294 0 -0.772741
      vertex 4.36236 0.574315 -0.69282
    endloop
  endfacet
  facet normal -0.382574 -0.0250735 -0.923585
    outer loop
      vertex 4.59294 0 -0.772741
      vertex 4.4 0 -0.69282
      vertex 4.36236 0.574315 -0.69282
    endloop
  endfacet
  facet normal -0.130516 -0.0085535 -0.991409
    outer loop
      vertex 4.75894 0.626526 -0.8
      vertex 4.8 0 -0.8
      vertex 4.55365 0.5995 -0.772741
    endloop
  endfacet
  facet normal -0.130517 -0.00855381 -0.991409
    outer loop
      vertex 4.8 0 -0.8
      vertex 4.59294 0 -0.772741
      vertex 4.55365 0.5995 -0.772741
    endloop
  endfacet
  facet normal 0.130522 0.00855566 -0.991408
    outer loop
      vertex 4.96422 0.653552 -0.772741
      vertex 5.00706 0 -0.772741
      vertex 4.75894 0.626526 -0.8
    endloop
  endfacet
  facet normal 0.130517 0.00855355 -0.991409
    outer loop
      vertex 5.00706 0 -0.772741
      vertex 4.8 0 -0.8
      vertex 4.75894 0.626526 -0.8
    endloop
  endfacet
  facet normal 0.382573 0.025077 -0.923585
    outer loop
      vertex 5.15551 0.678736 -0.69282
      vertex 5.2 0 -0.69282
      vertex 4.96422 0.653552 -0.772741
    endloop
  endfacet
  facet normal 0.382574 0.0250775 -0.923585
    outer loop
      vertex 5.2 0 -0.69282
      vertex 5.00706 0 -0.772741
      vertex 4.96422 0.653552 -0.772741
    endloop
  endfacet
  facet normal 0.608272 0.0398733 -0.792726
    outer loop
      vertex 5.31978 0.700363 -0.565685
      vertex 5.36569 0 -0.565685
      vertex 5.15551 0.678736 -0.69282
    endloop
  endfacet
  facet normal 0.608267 0.0398709 -0.79273
    outer loop
      vertex 5.36569 0 -0.565685
      vertex 5.2 0 -0.69282
      vertex 5.15551 0.678736 -0.69282
    endloop
  endfacet
  facet normal 0.792276 0.0519265 -0.607949
    outer loop
      vertex 5.44583 0.716957 -0.4
      vertex 5.49282 0 -0.4
      vertex 5.31978 0.700363 -0.565685
    endloop
  endfacet
  facet normal 0.792293 0.0519362 -0.607926
    outer loop
      vertex 5.49282 0 -0.4
      vertex 5.36569 0 -0.565685
      vertex 5.31978 0.700363 -0.565685
    endloop
  endfacet
  facet normal 0.922201 0.0604498 -0.381957
    outer loop
      vertex 5.52506 0.727389 -0.207055
      vertex 5.57274 0 -0.207055
      vertex 5.44583 0.716957 -0.4
    endloop
  endfacet
  facet normal 0.922191 0.0604412 -0.381982
    outer loop
      vertex 5.57274 0 -0.207055
      vertex 5.49282 0 -0.4
      vertex 5.44583 0.716957 -0.4
    endloop
  endfacet
  facet normal 0.989356 0.0648474 -0.13027
    outer loop
      vertex 5.55209 0.730947 0
      vertex 5.6 0 0
      vertex 5.52506 0.727389 -0.207055
    endloop
  endfacet
  facet normal 0.989357 0.0648519 -0.130255
    outer loop
      vertex 5.6 0 0
      vertex 5.57274 0 -0.207055
      vertex 5.52506 0.727389 -0.207055
    endloop
  endfacet
  facet normal 0.989357 -0.0648519 0.130255
    outer loop
      vertex 5.57274 0 0.207055
      vertex 5.52506 -0.727389 0.207055
      vertex 5.6 0 0
    endloop
  endfacet
  facet normal 0.989356 -0.0648474 0.13027
    outer loop
      vertex 5.52506 -0.727389 0.207055
      vertex 5.55209 -0.730947 0
      vertex 5.6 0 0
    endloop
  endfacet
  facet normal 0.922191 -0.0604412 0.381982
    outer loop
      vertex 5.49282 0 0.4
      vertex 5.44583 -0.716957 0.4
      vertex 5.57274 0 0.207055
    endloop
  endfacet
  facet normal 0.922201 -0.0604498 0.381957
    outer loop
      vertex 5.44583 -0.716957 0.4
      vertex 5.52506 -0.727389 0.207055
      vertex 5.57274 0 0.207055
    endloop
  endfacet
  facet normal 0.792293 -0.0519362 0.607926
    outer loop
      vertex 5.36569 0 0.565685
      vertex 5.31978 -0.700363 0.565685
      vertex 5.49282 0 0.4
    endloop
  endfacet
  facet normal 0.792276 -0.0519265 0.607949
    outer loop
      vertex 5.31978 -0.700363 0.565685
      vertex 5.44583 -0.716957 0.4
      vertex 5.49282 0 0.4
    endloop
  endfacet
  facet normal 0.608267 -0.0398709 0.79273
    outer loop
      vertex 5.2 0 0.69282
      vertex 5.15551 -0.678736 0.69282
      vertex 5.36569 0 0.565685
    endloop
  endfacet
  facet normal 0.608272 -0.0398733 0.792726
    outer loop
      vertex 5.15551 -0.678736 0.69282
      vertex 5.31978 -0.700363 0.565685
      vertex 5.36569 0 0.565685
    endloop
  endfacet
  facet normal 0.382574 -0.0250775 0.923585
    outer loop
      vertex 5.00706 0 0.772741
      vertex 4.96422 -0.653552 0.772741
      vertex 5.2 0 0.69282
    endloop
  endfacet
  facet normal 0.382573 -0.025077 0.923585
    outer loop
      vertex 4.96422 -0.653552 0.772741
      vertex 5.15551 -0.678736 0.69282
      vertex 5.2 0 0.69282
    endloop
  endfacet
  facet normal 0.130517 -0.00855355 0.991409
    outer loop
      vertex 4.8 0 0.8
      vertex 4.75894 -0.626526 0.8
      vertex 5.00706 0 0.772741
    endloop
  endfacet
  facet normal 0.130522 -0.00855566 0.991408
    outer loop
      vertex 4.75894 -0.626526 0.8
      vertex 4.96422 -0.653552 0.772741
      vertex 5.00706 0 0.772741
    endloop
  endfacet
  facet normal -0.130517 0.00855381 0.991409
    outer loop
      vertex 4.59294 0 0.772741
      vertex 4.55365 -0.5995 0.772741
      vertex 4.8 0 0.8
    endloop
  endfacet
  facet normal -0.130516 0.0085535 0.991409
    outer loop
      vertex 4.55365 -0.5995 0.772741
      vertex 4.75894 -0.626526 0.8
      vertex 4.8 0 0.8
    endloop
  endfacet
  facet normal -0.382574 0.0250735 0.923585
    outer loop
      vertex 4.4 0 0.69282
      vertex 4.36236 -0.574315 0.69282
      vertex 4.59294 0 0.772741
    endloop
  endfacet
  facet normal -0.382573 0.025073 0.923585
    outer loop
      vertex 4.36236 -0.574315 0.69282
      vertex 4.55365 -0.5995 0.772741
      vertex 4.59294 0 0.772741
    endloop
  endfacet
  facet normal -0.608267 0.0398623 0.792731
    outer loop
      vertex 4.23431 0 0.565685
      vertex 4.19809 -0.552689 0.565685
      vertex 4.4 0 0.69282
    endloop
  endfacet
  facet normal -0.608273 0.0398656 0.792726
    outer loop
      vertex 4.19809 -0.552689 0.565685
      vertex 4.36236 -0.574315 0.69282
      vertex 4.4 0 0.69282
    endloop
  endfacet
  facet normal -0.792293 0.0519333 0.607926
    outer loop
      vertex 4.10718 0 0.4
      vertex 4.07204 -0.536095 0.4
      vertex 4.23431 0 0.565685
    endloop
  endfacet
  facet normal -0.792277 0.0519212 0.607949
    outer loop
      vertex 4.07204 -0.536095 0.4
      vertex 4.19809 -0.552689 0.565685
      vertex 4.23431 0 0.565685
    endloop
  endfacet
  facet normal -0.922191 0.060437 0.381982
    outer loop
      vertex 4.02726 0 0.207055
      vertex 3.99281 -0.525663 0.207055
      vertex 4.10718 0 0.4
    endloop
  endfacet
  facet normal -0.922201 0.0604485 0.381957
    outer loop
      vertex 3.99281 -0.525663 0.207055
      vertex 4.07204 -0.536095 0.4
      vertex 4.10718 0 0.4
    endloop
  endfacet
  facet normal -0.989358 0.0648449 0.130255
    outer loop
      vertex 4 0 0
      vertex 3.96578 -0.522105 0
      vertex 4.02726 0 0.207055
    endloop
  endfacet
  facet normal -0.989356 0.0648387 0.13027
    outer loop
      vertex 3.96578 -0.522105 0
      vertex 3.99281 -0.525663 0.207055
      vertex 4.02726 0 0.207055
    endloop
  endfacet
  facet normal -0.989358 0.0648389 -0.130255
    outer loop
      vertex 4.02726 0 -0.207055
      vertex 3.99281 -0.525663 -0.207055
      vertex 4 0 0
    endloop
  endfacet
  facet normal -0.989356 0.0648447 -0.13027
    outer loop
      vertex 3.99281 -0.525663 -0.207055
      vertex 3.96578 -0.522105 0
      vertex 4 0 0
    endloop
  endfacet
  facet normal -0.922191 0.0604478 -0.381982
    outer loop
      vertex 4.10718 0 -0.4
      vertex 4.07204 -0.536095 -0.4
      vertex 4.02726 0 -0.207055
    endloop
  endfacet
  facet normal -0.922202 0.0604377 -0.381956
    outer loop
      vertex 4.07204 -0.536095 -0.4
      vertex 3.99281 -0.525663 -0.207055
      vertex 4.02726 0 -0.207055
    endloop
  endfacet
  facet normal -0.792294 0.0519223 -0.607927
    outer loop
      vertex 4.23431 0 -0.565685
      vertex 4.19809 -0.552689 -0.565685
      vertex 4.10718 0 -0.4
    endloop
  endfacet
  facet normal -0.792276 0.0519321 -0.607949
    outer loop
      vertex 4.19809 -0.552689 -0.565685
      vertex 4.07204 -0.536095 -0.4
      vertex 4.10718 0 -0.4
    endloop
  endfacet
  facet normal -0.608267 0.0398652 -0.792731
    outer loop
      vertex 4.4 0 -0.69282
      vertex 4.36236 -0.574315 -0.69282
      vertex 4.23431 0 -0.565685
    endloop
  endfacet
  facet normal -0.608274 0.0398627 -0.792726
    outer loop
      vertex 4.36236 -0.574315 -0.69282
      vertex 4.19809 -0.552689 -0.565685
      vertex 4.23431 0 -0.565685
    endloop
  endfacet
  facet normal -0.382574 0.0250731 -0.923585
    outer loop
      vertex 4.59294 0 -0.772741
      vertex 4.55365 -0.5995 -0.772741
      vertex 4.4 0 -0.69282
    endloop
  endfacet
  facet normal -0.382573 0.0250734 -0.923585
    outer loop
      vertex 4.55365 -0.5995 -0.772741
      vertex 4.36236 -0.574315 -0.69282
      vertex 4.4 0 -0.69282
    endloop
  endfacet
  facet normal -0.130517 0.00855355 -0.991409
    outer loop
      vertex 4.8 0 -0.8
      vertex 4.75894 -0.626526 -0.8
      vertex 4.59294 0 -0.772741
    endloop
  endfacet
  facet normal -0.130516 0.00855376 -0.991409
    outer loop
      vertex 4.75894 -0.626526 -0.8
      vertex 4.55365 -0.5995 -0.772741
      vertex 4.59294 0 -0.772741
    endloop
  endfacet
  facet normal 0.130517 -0.00855531 -0.991409
    outer loop
      vertex 5.00706 0 -0.772741
      vertex 4.96422 -0.653552 -0.772741
      vertex 4.8 0 -0.8
    endloop
  endfacet
  facet normal 0.130522 -0.00855391 -0.991408
    outer loop
      vertex 4.96422 -0.653552 -0.772741
      vertex 4.75894 -0.626526 -0.8
      vertex 4.8 0 -0.8
    endloop
  endfacet
  facet normal 0.382574 -0.0250771 -0.923585
    outer loop
      vertex 5.2 0 -0.69282
      vertex 5.15551 -0.678736 -0.69282
      vertex 5.00706 0 -0.772741
    endloop
  endfacet
  facet normal 0.382572 -0.0250774 -0.923585
    outer loop
      vertex 5.15551 -0.678736 -0.69282
      vertex 4.96422 -0.653552 -0.772741
      vertex 5.00706 0 -0.772741
    endloop
  endfacet
  facet normal 0.608267 -0.039873 -0.79273
    outer loop
      vertex 5.36569 0 -0.565685
      vertex 5.31978 -0.700363 -0.565685
      vertex 5.2 0 -0.69282
    endloop
  endfacet
  facet normal 0.608273 -0.0398712 -0.792726
    outer loop
      vertex 5.31978 -0.700363 -0.565685
      vertex 5.15551 -0.678736 -0.69282
      vertex 5.2 0 -0.69282
    endloop
  endfacet
  facet normal 0.792294 -0.0519276 -0.607926
    outer loop
      vertex 5.49282 0 -0.4
      vertex 5.44583 -0.716957 -0.4
      vertex 5.36569 0 -0.565685
    endloop
  endfacet
  facet normal 0.792275 -0.051935 -0.607949
    outer loop
      vertex 5.44583 -0.716957 -0.4
      vertex 5.31978 -0.700363 -0.565685
      vertex 5.36569 0 -0.565685
    endloop
  endfacet
  facet normal 0.922191 -0.0604492 -0.381982
    outer loop
      vertex 5.57274 0 -0.207055
      vertex 5.52506 -0.727389 -0.207055
      vertex 5.49282 0 -0.4
    endloop
  endfacet
  facet normal 0.922202 -0.0604419 -0.381956
    outer loop
      vertex 5.52506 -0.727389 -0.207055
      vertex 5.44583 -0.716957 -0.4
      vertex 5.49282 0 -0.4
    endloop
  endfacet
  facet normal 0.989358 -0.0648476 -0.130255
    outer loop
      vertex 5.6 0 0
      vertex 5.55209 -0.730947 0
      vertex 5.57274 0 -0.207055
    endloop
  endfacet
  facet normal 0.989355 -0.0648518 -0.13027
    outer loop
      vertex 5.55209 -0.730947 0
      vertex 5.52506 -0.727389 -0.207055
      vertex 5.57274 0 -0.207055
    endloop
  endfacet
  facet normal 0.972428 -0.193427 0.130269
    outer loop
      vertex 5.52506 -0.727389 0.207055
      vertex 5.38285 -1.44233 0.207055
      vertex 5.55209 -0.730947 0
    endloop
  endfacet
  facet normal 0.972429 -0.193432 0.130254
    outer loop
      vertex 5.38285 -1.44233 0.207055
      vertex 5.40918 -1.44939 0
      vertex 5.55209 -0.730947 0
    endloop
  endfacet
  facet normal 0.906423 -0.180296 0.381957
    outer loop
      vertex 5.44583 -0.716957 0.4
      vertex 5.30566 -1.42165 0.4
      vertex 5.52506 -0.727389 0.207055
    endloop
  endfacet
  facet normal 0.906425 -0.180298 0.381951
    outer loop
      vertex 5.30566 -1.42165 0.4
      vertex 5.38285 -1.44233 0.207055
      vertex 5.52506 -0.727389 0.207055
    endloop
  endfacet
  facet normal 0.778719 -0.154901 0.607949
    outer loop
      vertex 5.31978 -0.700363 0.565685
      vertex 5.18285 -1.38874 0.565685
      vertex 5.44583 -0.716957 0.4
    endloop
  endfacet
  facet normal 0.778708 -0.154892 0.607965
    outer loop
      vertex 5.18285 -1.38874 0.565685
      vertex 5.30566 -1.42165 0.4
      vertex 5.44583 -0.716957 0.4
    endloop
  endfacet
  facet normal 0.597865 -0.118923 0.792726
    outer loop
      vertex 5.15551 -0.678736 0.69282
      vertex 5.02281 -1.34586 0.69282
      vertex 5.31978 -0.700363 0.565685
    endloop
  endfacet
  facet normal 0.59787 -0.118927 0.792722
    outer loop
      vertex 5.02281 -1.34586 0.69282
      vertex 5.18285 -1.38874 0.565685
      vertex 5.31978 -0.700363 0.565685
    endloop
  endfacet
  facet normal 0.376026 -0.0747993 0.923585
    outer loop
      vertex 4.96422 -0.653552 0.772741
      vertex 4.83644 -1.29592 0.772741
      vertex 5.15551 -0.678736 0.69282
    endloop
  endfacet
  facet normal 0.37602 -0.0747954 0.923588
    outer loop
      vertex 4.83644 -1.29592 0.772741
      vertex 5.02281 -1.34586 0.69282
      vertex 5.15551 -0.678736 0.69282
    endloop
  endfacet
  facet normal 0.128289 -0.0255201 0.991408
    outer loop
      vertex 4.75894 -0.626526 0.8
      vertex 4.63644 -1.24233 0.8
      vertex 4.96422 -0.653552 0.772741
    endloop
  endfacet
  facet normal 0.128286 -0.0255187 0.991409
    outer loop
      vertex 4.63644 -1.24233 0.8
      vertex 4.83644 -1.29592 0.772741
      vertex 4.96422 -0.653552 0.772741
    endloop
  endfacet
  facet normal -0.128283 0.0255177 0.991409
    outer loop
      vertex 4.55365 -0.5995 0.772741
      vertex 4.43644 -1.18874 0.772741
      vertex 4.75894 -0.626526 0.8
    endloop
  endfacet
  facet normal -0.128286 0.0255196 0.991409
    outer loop
      vertex 4.43644 -1.18874 0.772741
      vertex 4.63644 -1.24233 0.8
      vertex 4.75894 -0.626526 0.8
    endloop
  endfacet
  facet normal -0.376026 0.0748008 0.923585
    outer loop
      vertex 4.36236 -0.574315 0.69282
      vertex 4.25007 -1.1388 0.69282
      vertex 4.55365 -0.5995 0.772741
    endloop
  endfacet
  facet normal -0.376019 0.0747967 0.923588
    outer loop
      vertex 4.25007 -1.1388 0.69282
      vertex 4.43644 -1.18874 0.772741
      vertex 4.55365 -0.5995 0.772741
    endloop
  endfacet
  facet normal -0.597865 0.118928 0.792726
    outer loop
      vertex 4.19809 -0.552689 0.565685
      vertex 4.09003 -1.09592 0.565685
      vertex 4.36236 -0.574315 0.69282
    endloop
  endfacet
  facet normal -0.597869 0.118931 0.792722
    outer loop
      vertex 4.09003 -1.09592 0.565685
      vertex 4.25007 -1.1388 0.69282
      vertex 4.36236 -0.574315 0.69282
    endloop
  endfacet
  facet normal -0.778721 0.154894 0.607949
    outer loop
      vertex 4.07204 -0.536095 0.4
      vertex 3.96723 -1.06302 0.4
      vertex 4.19809 -0.552689 0.565685
    endloop
  endfacet
  facet normal -0.778733 0.154906 0.60793
    outer loop
      vertex 3.96723 -1.06302 0.4
      vertex 4.09003 -1.09592 0.565685
      vertex 4.19809 -0.552689 0.565685
    endloop
  endfacet
  facet normal -0.906419 0.180313 0.381957
    outer loop
      vertex 3.99281 -0.525663 0.207055
      vertex 3.89003 -1.04233 0.207055
      vertex 4.07204 -0.536095 0.4
    endloop
  endfacet
  facet normal -0.906406 0.180292 0.381999
    outer loop
      vertex 3.89003 -1.04233 0.207055
      vertex 3.96723 -1.06302 0.4
      vertex 4.07204 -0.536095 0.4
    endloop
  endfacet
  facet normal -0.972427 0.193434 0.130269
    outer loop
      vertex 3.96578 -0.522105 0
      vertex 3.8637 -1.03528 0
      vertex 3.99281 -0.525663 0.207055
    endloop
  endfacet
  facet normal -0.972428 0.193444 0.130245
    outer loop
      vertex 3.8637 -1.03528 0
      vertex 3.89003 -1.04233 0.207055
      vertex 3.99281 -0.525663 0.207055
    endloop
  endfacet
  facet normal -0.972425 0.193443 -0.130269
    outer loop
      vertex 3.99281 -0.525663 -0.207055
      vertex 3.89003 -1.04233 -0.207055
      vertex 3.96578 -0.522105 0
    endloop
  endfacet
  facet normal -0.97243 0.193434 -0.130245
    outer loop
      vertex 3.89003 -1.04233 -0.207055
      vertex 3.8637 -1.03528 0
      vertex 3.96578 -0.522105 0
    endloop
  endfacet
  facet normal -0.906423 0.180295 -0.381957
    outer loop
      vertex 4.07204 -0.536095 -0.4
      vertex 3.96723 -1.06302 -0.4
      vertex 3.99281 -0.525663 -0.207055
    endloop
  endfacet
  facet normal -0.906402 0.18031 -0.381999
    outer loop
      vertex 3.96723 -1.06302 -0.4
      vertex 3.89003 -1.04233 -0.207055
      vertex 3.99281 -0.525663 -0.207055
    endloop
  endfacet
  facet normal -0.778719 0.154903 -0.607949
    outer loop
      vertex 4.19809 -0.552689 -0.565685
      vertex 4.09003 -1.09592 -0.565685
      vertex 4.07204 -0.536095 -0.4
    endloop
  endfacet
  facet normal -0.778735 0.154897 -0.60793
    outer loop
      vertex 4.09003 -1.09592 -0.565685
      vertex 3.96723 -1.06302 -0.4
      vertex 4.07204 -0.536095 -0.4
    endloop
  endfacet
  facet normal -0.597864 0.11893 -0.792726
    outer loop
      vertex 4.36236 -0.574315 -0.69282
      vertex 4.25007 -1.1388 -0.69282
      vertex 4.19809 -0.552689 -0.565685
    endloop
  endfacet
  facet normal -0.59787 0.118929 -0.792722
    outer loop
      vertex 4.25007 -1.1388 -0.69282
      vertex 4.09003 -1.09592 -0.565685
      vertex 4.19809 -0.552689 -0.565685
    endloop
  endfacet
  facet normal -0.376026 0.0747981 -0.923585
    outer loop
      vertex 4.55365 -0.5995 -0.772741
      vertex 4.43644 -1.18874 -0.772741
      vertex 4.36236 -0.574315 -0.69282
    endloop
  endfacet
  facet normal -0.376019 0.0747994 -0.923588
    outer loop
      vertex 4.43644 -1.18874 -0.772741
      vertex 4.25007 -1.1388 -0.69282
      vertex 4.36236 -0.574315 -0.69282
    endloop
  endfacet
  facet normal -0.128283 0.0255189 -0.991409
    outer loop
      vertex 4.75894 -0.626526 -0.8
      vertex 4.63644 -1.24233 -0.8
      vertex 4.55365 -0.5995 -0.772741
    endloop
  endfacet
  facet normal -0.128286 0.0255184 -0.991409
    outer loop
      vertex 4.63644 -1.24233 -0.8
      vertex 4.43644 -1.18874 -0.772741
      vertex 4.55365 -0.5995 -0.772741
    endloop
  endfacet
  facet normal 0.128289 -0.0255192 -0.991408
    outer loop
      vertex 4.96422 -0.653552 -0.772741
      vertex 4.83644 -1.29592 -0.772741
      vertex 4.75894 -0.626526 -0.8
    endloop
  endfacet
  facet normal 0.128286 -0.0255196 -0.991409
    outer loop
      vertex 4.83644 -1.29592 -0.772741
      vertex 4.63644 -1.24233 -0.8
      vertex 4.75894 -0.626526 -0.8
    endloop
  endfacet
  facet normal 0.376027 -0.0747968 -0.923585
    outer loop
      vertex 5.15551 -0.678736 -0.69282
      vertex 5.02281 -1.34586 -0.69282
      vertex 4.96422 -0.653552 -0.772741
    endloop
  endfacet
  facet normal 0.376019 -0.0747978 -0.923588
    outer loop
      vertex 5.02281 -1.34586 -0.69282
      vertex 4.83644 -1.29592 -0.772741
      vertex 4.96422 -0.653552 -0.772741
    endloop
  endfacet
  facet normal 0.597865 -0.118926 -0.792726
    outer loop
      vertex 5.31978 -0.700363 -0.565685
      vertex 5.18285 -1.38874 -0.565685
      vertex 5.15551 -0.678736 -0.69282
    endloop
  endfacet
  facet normal 0.597871 -0.118925 -0.792722
    outer loop
      vertex 5.18285 -1.38874 -0.565685
      vertex 5.02281 -1.34586 -0.69282
      vertex 5.15551 -0.678736 -0.69282
    endloop
  endfacet
  facet normal 0.77872 -0.154895 -0.607949
    outer loop
      vertex 5.44583 -0.716957 -0.4
      vertex 5.30566 -1.42165 -0.4
      vertex 5.31978 -0.700363 -0.565685
    endloop
  endfacet
  facet normal 0.778707 -0.154898 -0.607965
    outer loop
      vertex 5.30566 -1.42165 -0.4
      vertex 5.18285 -1.38874 -0.565685
      vertex 5.31978 -0.700363 -0.565685
    endloop
  endfacet
  facet normal 0.906422 -0.180298 -0.381957
    outer loop
      vertex 5.52506 -0.727389 -0.207055
      vertex 5.38285 -1.44233 -0.207055
      vertex 5.44583 -0.716957 -0.4
    endloop
  endfacet
  facet normal 0.906425 -0.180296 -0.381951
    outer loop
      vertex 5.38285 -1.44233 -0.207055
      vertex 5.30566 -1.42165 -0.4
      vertex 5.44583 -0.716957 -0.4
    endloop
  endfacet
  facet normal 0.972427 -0.193432 -0.130269
    outer loop
      vertex 5.55209 -0.730947 0
      vertex 5.40918 -1.44939 0
      vertex 5.52506 -0.727389 -0.207055
    endloop
  endfacet
  facet normal 0.97243 -0.193427 -0.130254
    outer loop
      vertex 5.40918 -1.44939 0
      vertex 5.38285 -1.44233 -0.207055
      vertex 5.52506 -0.727389 -0.207055
    endloop
  endfacet
  facet normal 0.938865 -0.318695 0.130257
    outer loop
      vertex 5.38285 -1.44233 0.207055
      vertex 5.14854 -2.1326 0.207055
      vertex 5.40918 -1.44939 0
    endloop
  endfacet
  facet normal 0.938864 -0.318689 0.130274
    outer loop
      vertex 5.14854 -2.1326 0.207055
      vertex 5.17373 -2.14303 0
      vertex 5.40918 -1.44939 0
    endloop
  endfacet
  facet normal 0.875134 -0.297079 0.381949
    outer loop
      vertex 5.30566 -1.42165 0.4
      vertex 5.0747 -2.10201 0.4
      vertex 5.38285 -1.44233 0.207055
    endloop
  endfacet
  facet normal 0.875118 -0.297056 0.382003
    outer loop
      vertex 5.0747 -2.10201 0.4
      vertex 5.14854 -2.1326 0.207055
      vertex 5.38285 -1.44233 0.207055
    endloop
  endfacet
  facet normal 0.75183 -0.255203 0.607967
    outer loop
      vertex 5.18285 -1.38874 0.565685
      vertex 4.95725 -2.05336 0.565685
      vertex 5.30566 -1.42165 0.4
    endloop
  endfacet
  facet normal 0.751859 -0.255232 0.607918
    outer loop
      vertex 4.95725 -2.05336 0.565685
      vertex 5.0747 -2.10201 0.4
      vertex 5.30566 -1.42165 0.4
    endloop
  endfacet
  facet normal 0.577234 -0.195945 0.792721
    outer loop
      vertex 5.02281 -1.34586 0.69282
      vertex 4.80417 -1.98995 0.69282
      vertex 5.18285 -1.38874 0.565685
    endloop
  endfacet
  facet normal 0.577218 -0.195932 0.792736
    outer loop
      vertex 4.80417 -1.98995 0.69282
      vertex 4.95725 -2.05336 0.565685
      vertex 5.18285 -1.38874 0.565685
    endloop
  endfacet
  facet normal 0.363041 -0.12323 0.923588
    outer loop
      vertex 4.83644 -1.29592 0.772741
      vertex 4.62592 -1.91612 0.772741
      vertex 5.02281 -1.34586 0.69282
    endloop
  endfacet
  facet normal 0.363055 -0.123241 0.923581
    outer loop
      vertex 4.62592 -1.91612 0.772741
      vertex 4.80417 -1.98995 0.69282
      vertex 5.02281 -1.34586 0.69282
    endloop
  endfacet
  facet normal 0.123858 -0.0420437 0.991409
    outer loop
      vertex 4.63644 -1.24233 0.8
      vertex 4.43462 -1.83688 0.8
      vertex 4.83644 -1.29592 0.772741
    endloop
  endfacet
  facet normal 0.123855 -0.0420412 0.991409
    outer loop
      vertex 4.43462 -1.83688 0.8
      vertex 4.62592 -1.91612 0.772741
      vertex 4.83644 -1.29592 0.772741
    endloop
  endfacet
  facet normal -0.123859 0.0420431 0.991409
    outer loop
      vertex 4.43644 -1.18874 0.772741
      vertex 4.24333 -1.75764 0.772741
      vertex 4.63644 -1.24233 0.8
    endloop
  endfacet
  facet normal -0.12386 0.0420443 0.991409
    outer loop
      vertex 4.24333 -1.75764 0.772741
      vertex 4.43462 -1.83688 0.8
      vertex 4.63644 -1.24233 0.8
    endloop
  endfacet
  facet normal -0.363041 0.123232 0.923588
    outer loop
      vertex 4.25007 -1.1388 0.69282
      vertex 4.06507 -1.68381 0.69282
      vertex 4.43644 -1.18874 0.772741
    endloop
  endfacet
  facet normal -0.363042 0.123233 0.923588
    outer loop
      vertex 4.06507 -1.68381 0.69282
      vertex 4.24333 -1.75764 0.772741
      vertex 4.43644 -1.18874 0.772741
    endloop
  endfacet
  facet normal -0.577236 0.195938 0.792721
    outer loop
      vertex 4.09003 -1.09592 0.565685
      vertex 3.912 -1.6204 0.565685
      vertex 4.25007 -1.1388 0.69282
    endloop
  endfacet
  facet normal -0.577238 0.19594 0.792719
    outer loop
      vertex 3.912 -1.6204 0.565685
      vertex 4.06507 -1.68381 0.69282
      vertex 4.25007 -1.1388 0.69282
    endloop
  endfacet
  facet normal -0.751855 0.25522 0.607928
    outer loop
      vertex 3.96723 -1.06302 0.4
      vertex 3.79454 -1.57175 0.4
      vertex 4.09003 -1.09592 0.565685
    endloop
  endfacet
  facet normal -0.751845 0.255207 0.607946
    outer loop
      vertex 3.79454 -1.57175 0.4
      vertex 3.912 -1.6204 0.565685
      vertex 4.09003 -1.09592 0.565685
    endloop
  endfacet
  facet normal -0.875118 0.297057 0.382001
    outer loop
      vertex 3.89003 -1.04233 0.207055
      vertex 3.7207 -1.54117 0.207055
      vertex 3.96723 -1.06302 0.4
    endloop
  endfacet
  facet normal -0.875121 0.297063 0.38199
    outer loop
      vertex 3.7207 -1.54117 0.207055
      vertex 3.79454 -1.57175 0.4
      vertex 3.96723 -1.06302 0.4
    endloop
  endfacet
  facet normal -0.938866 0.318697 0.130242
    outer loop
      vertex 3.8637 -1.03528 0
      vertex 3.69552 -1.53073 0
      vertex 3.89003 -1.04233 0.207055
    endloop
  endfacet
  facet normal -0.938866 0.318696 0.130245
    outer loop
      vertex 3.69552 -1.53073 0
      vertex 3.7207 -1.54117 0.207055
      vertex 3.89003 -1.04233 0.207055
    endloop
  endfacet
  facet normal -0.938866 0.318696 -0.130242
    outer loop
      vertex 3.89003 -1.04233 -0.207055
      vertex 3.7207 -1.54117 -0.207055
      vertex 3.8637 -1.03528 0
    endloop
  endfacet
  facet normal -0.938866 0.318697 -0.130245
    outer loop
      vertex 3.7207 -1.54117 -0.207055
      vertex 3.69552 -1.53073 0
      vertex 3.8637 -1.03528 0
    endloop
  endfacet
  facet normal -0.875117 0.297061 -0.382001
    outer loop
      vertex 3.96723 -1.06302 -0.4
      vertex 3.79454 -1.57175 -0.4
      vertex 3.89003 -1.04233 -0.207055
    endloop
  endfacet
  facet normal -0.875123 0.297058 -0.38199
    outer loop
      vertex 3.79454 -1.57175 -0.4
      vertex 3.7207 -1.54117 -0.207055
      vertex 3.89003 -1.04233 -0.207055
    endloop
  endfacet
  facet normal -0.751858 0.255211 -0.607928
    outer loop
      vertex 4.09003 -1.09592 -0.565685
      vertex 3.912 -1.6204 -0.565685
      vertex 3.96723 -1.06302 -0.4
    endloop
  endfacet
  facet normal -0.751842 0.255215 -0.607946
    outer loop
      vertex 3.912 -1.6204 -0.565685
      vertex 3.79454 -1.57175 -0.4
      vertex 3.96723 -1.06302 -0.4
    endloop
  endfacet
  facet normal -0.577236 0.195939 -0.792721
    outer loop
      vertex 4.25007 -1.1388 -0.69282
      vertex 4.06507 -1.68381 -0.69282
      vertex 4.09003 -1.09592 -0.565685
    endloop
  endfacet
  facet normal -0.577239 0.195938 -0.792719
    outer loop
      vertex 4.06507 -1.68381 -0.69282
      vertex 3.912 -1.6204 -0.565685
      vertex 4.09003 -1.09592 -0.565685
    endloop
  endfacet
  facet normal -0.363041 0.123232 -0.923588
    outer loop
      vertex 4.43644 -1.18874 -0.772741
      vertex 4.24333 -1.75764 -0.772741
      vertex 4.25007 -1.1388 -0.69282
    endloop
  endfacet
  facet normal -0.363042 0.123232 -0.923588
    outer loop
      vertex 4.24333 -1.75764 -0.772741
      vertex 4.06507 -1.68381 -0.69282
      vertex 4.25007 -1.1388 -0.69282
    endloop
  endfacet
  facet normal -0.123858 0.0420437 -0.991409
    outer loop
      vertex 4.63644 -1.24233 -0.8
      vertex 4.43462 -1.83688 -0.8
      vertex 4.43644 -1.18874 -0.772741
    endloop
  endfacet
  facet normal -0.12386 0.0420437 -0.991409
    outer loop
      vertex 4.43462 -1.83688 -0.8
      vertex 4.24333 -1.75764 -0.772741
      vertex 4.43644 -1.18874 -0.772741
    endloop
  endfacet
  facet normal 0.123859 -0.0420425 -0.991409
    outer loop
      vertex 4.83644 -1.29592 -0.772741
      vertex 4.62592 -1.91612 -0.772741
      vertex 4.63644 -1.24233 -0.8
    endloop
  endfacet
  facet normal 0.123855 -0.0420424 -0.991409
    outer loop
      vertex 4.62592 -1.91612 -0.772741
      vertex 4.43462 -1.83688 -0.8
      vertex 4.63644 -1.24233 -0.8
    endloop
  endfacet
  facet normal 0.36304 -0.123236 -0.923588
    outer loop
      vertex 5.02281 -1.34586 -0.69282
      vertex 4.80417 -1.98995 -0.69282
      vertex 4.83644 -1.29592 -0.772741
    endloop
  endfacet
  facet normal 0.363058 -0.123236 -0.923581
    outer loop
      vertex 4.80417 -1.98995 -0.69282
      vertex 4.62592 -1.91612 -0.772741
      vertex 4.83644 -1.29592 -0.772741
    endloop
  endfacet
  facet normal 0.577236 -0.195938 -0.792721
    outer loop
      vertex 5.18285 -1.38874 -0.565685
      vertex 4.95725 -2.05336 -0.565685
      vertex 5.02281 -1.34586 -0.69282
    endloop
  endfacet
  facet normal 0.577215 -0.195939 -0.792736
    outer loop
      vertex 4.95725 -2.05336 -0.565685
      vertex 4.80417 -1.98995 -0.69282
      vertex 5.02281 -1.34586 -0.69282
    endloop
  endfacet
  facet normal 0.751825 -0.25522 -0.607966
    outer loop
      vertex 5.30566 -1.42165 -0.4
      vertex 5.0747 -2.10201 -0.4
      vertex 5.18285 -1.38874 -0.565685
    endloop
  endfacet
  facet normal 0.751866 -0.255215 -0.607917
    outer loop
      vertex 5.0747 -2.10201 -0.4
      vertex 4.95725 -2.05336 -0.565685
      vertex 5.18285 -1.38874 -0.565685
    endloop
  endfacet
  facet normal 0.875139 -0.297063 -0.381949
    outer loop
      vertex 5.38285 -1.44233 -0.207055
      vertex 5.14854 -2.1326 -0.207055
      vertex 5.30566 -1.42165 -0.4
    endloop
  endfacet
  facet normal 0.875112 -0.297072 -0.382004
    outer loop
      vertex 5.14854 -2.1326 -0.207055
      vertex 5.0747 -2.10201 -0.4
      vertex 5.30566 -1.42165 -0.4
    endloop
  endfacet
  facet normal 0.938866 -0.31869 -0.130257
    outer loop
      vertex 5.40918 -1.44939 0
      vertex 5.17373 -2.14303 0
      vertex 5.38285 -1.44233 -0.207055
    endloop
  endfacet
  facet normal 0.938863 -0.318694 -0.130274
    outer loop
      vertex 5.17373 -2.14303 0
      vertex 5.14854 -2.1326 -0.207055
      vertex 5.38285 -1.44233 -0.207055
    endloop
  endfacet
  facet normal 0.889232 -0.438516 0.130272
    outer loop
      vertex 5.14854 -2.1326 0.207055
      vertex 4.82614 -2.78637 0.207055
      vertex 5.17373 -2.14303 0
    endloop
  endfacet
  facet normal 0.889231 -0.438532 0.130222
    outer loop
      vertex 4.82614 -2.78637 0.207055
      vertex 4.84974 -2.8 0
      vertex 5.17373 -2.14303 0
    endloop
  endfacet
  facet normal 0.828855 -0.408742 0.382006
    outer loop
      vertex 5.0747 -2.10201 0.4
      vertex 4.75692 -2.74641 0.4
      vertex 5.14854 -2.1326 0.207055
    endloop
  endfacet
  facet normal 0.828855 -0.408741 0.382008
    outer loop
      vertex 4.75692 -2.74641 0.4
      vertex 4.82614 -2.78637 0.207055
      vertex 5.14854 -2.1326 0.207055
    endloop
  endfacet
  facet normal 0.712115 -0.351182 0.607918
    outer loop
      vertex 4.95725 -2.05336 0.565685
      vertex 4.64682 -2.68284 0.565685
      vertex 5.0747 -2.10201 0.4
    endloop
  endfacet
  facet normal 0.712104 -0.351167 0.607939
    outer loop
      vertex 4.64682 -2.68284 0.565685
      vertex 4.75692 -2.74641 0.4
      vertex 5.0747 -2.10201 0.4
    endloop
  endfacet
  facet normal 0.546702 -0.269601 0.792737
    outer loop
      vertex 4.80417 -1.98995 0.69282
      vertex 4.50333 -2.6 0.69282
      vertex 4.95725 -2.05336 0.565685
    endloop
  endfacet
  facet normal 0.546715 -0.269614 0.792724
    outer loop
      vertex 4.50333 -2.6 0.69282
      vertex 4.64682 -2.68284 0.565685
      vertex 4.95725 -2.05336 0.565685
    endloop
  endfacet
  facet normal 0.343864 -0.169576 0.923581
    outer loop
      vertex 4.62592 -1.91612 0.772741
      vertex 4.33624 -2.50353 0.772741
      vertex 4.80417 -1.98995 0.69282
    endloop
  endfacet
  facet normal 0.343858 -0.16957 0.923584
    outer loop
      vertex 4.33624 -2.50353 0.772741
      vertex 4.50333 -2.6 0.69282
      vertex 4.80417 -1.98995 0.69282
    endloop
  endfacet
  facet normal 0.117307 -0.0578494 0.991409
    outer loop
      vertex 4.43462 -1.83688 0.8
      vertex 4.15692 -2.4 0.8
      vertex 4.62592 -1.91612 0.772741
    endloop
  endfacet
  facet normal 0.117308 -0.05785 0.991409
    outer loop
      vertex 4.15692 -2.4 0.8
      vertex 4.33624 -2.50353 0.772741
      vertex 4.62592 -1.91612 0.772741
    endloop
  endfacet
  facet normal -0.117312 0.0578516 0.991409
    outer loop
      vertex 4.24333 -1.75764 0.772741
      vertex 3.97761 -2.29647 0.772741
      vertex 4.43462 -1.83688 0.8
    endloop
  endfacet
  facet normal -0.117313 0.0578523 0.991409
    outer loop
      vertex 3.97761 -2.29647 0.772741
      vertex 4.15692 -2.4 0.8
      vertex 4.43462 -1.83688 0.8
    endloop
  endfacet
  facet normal -0.34385 0.16957 0.923587
    outer loop
      vertex 4.06507 -1.68381 0.69282
      vertex 3.81051 -2.2 0.69282
      vertex 4.24333 -1.75764 0.772741
    endloop
  endfacet
  facet normal -0.343844 0.169564 0.92359
    outer loop
      vertex 3.81051 -2.2 0.69282
      vertex 3.97761 -2.29647 0.772741
      vertex 4.24333 -1.75764 0.772741
    endloop
  endfacet
  facet normal -0.546718 0.269617 0.792721
    outer loop
      vertex 3.912 -1.6204 0.565685
      vertex 3.66702 -2.11716 0.565685
      vertex 4.06507 -1.68381 0.69282
    endloop
  endfacet
  facet normal -0.546715 0.269614 0.792724
    outer loop
      vertex 3.66702 -2.11716 0.565685
      vertex 3.81051 -2.2 0.69282
      vertex 4.06507 -1.68381 0.69282
    endloop
  endfacet
  facet normal -0.712097 0.351171 0.607945
    outer loop
      vertex 3.79454 -1.57175 0.4
      vertex 3.55692 -2.05359 0.4
      vertex 3.912 -1.6204 0.565685
    endloop
  endfacet
  facet normal -0.712099 0.351176 0.607939
    outer loop
      vertex 3.55692 -2.05359 0.4
      vertex 3.66702 -2.11716 0.565685
      vertex 3.912 -1.6204 0.565685
    endloop
  endfacet
  facet normal -0.828862 0.408747 0.381988
    outer loop
      vertex 3.7207 -1.54117 0.207055
      vertex 3.48771 -2.01363 0.207055
      vertex 3.79454 -1.57175 0.4
    endloop
  endfacet
  facet normal -0.828864 0.408756 0.381972
    outer loop
      vertex 3.48771 -2.01363 0.207055
      vertex 3.55692 -2.05359 0.4
      vertex 3.79454 -1.57175 0.4
    endloop
  endfacet
  facet normal -0.889231 0.438523 0.130251
    outer loop
      vertex 3.69552 -1.53073 0
      vertex 3.4641 -2 0
      vertex 3.7207 -1.54117 0.207055
    endloop
  endfacet
  facet normal -0.889232 0.438518 0.130264
    outer loop
      vertex 3.4641 -2 0
      vertex 3.48771 -2.01363 0.207055
      vertex 3.7207 -1.54117 0.207055
    endloop
  endfacet
  facet normal -0.889233 0.438519 -0.130251
    outer loop
      vertex 3.7207 -1.54117 -0.207055
      vertex 3.48771 -2.01363 -0.207055
      vertex 3.69552 -1.53073 0
    endloop
  endfacet
  facet normal -0.88923 0.438523 -0.130264
    outer loop
      vertex 3.48771 -2.01363 -0.207055
      vertex 3.4641 -2 0
      vertex 3.69552 -1.53073 0
    endloop
  endfacet
  facet normal -0.828859 0.408753 -0.381988
    outer loop
      vertex 3.79454 -1.57175 -0.4
      vertex 3.55692 -2.05359 -0.4
      vertex 3.7207 -1.54117 -0.207055
    endloop
  endfacet
  facet normal -0.828867 0.40875 -0.381972
    outer loop
      vertex 3.55692 -2.05359 -0.4
      vertex 3.48771 -2.01363 -0.207055
      vertex 3.7207 -1.54117 -0.207055
    endloop
  endfacet
  facet normal -0.712095 0.351174 -0.607945
    outer loop
      vertex 3.912 -1.6204 -0.565685
      vertex 3.66702 -2.11716 -0.565685
      vertex 3.79454 -1.57175 -0.4
    endloop
  endfacet
  facet normal -0.712101 0.351173 -0.607939
    outer loop
      vertex 3.66702 -2.11716 -0.565685
      vertex 3.55692 -2.05359 -0.4
      vertex 3.79454 -1.57175 -0.4
    endloop
  endfacet
  facet normal -0.546719 0.269615 -0.792721
    outer loop
      vertex 4.06507 -1.68381 -0.69282
      vertex 3.81051 -2.2 -0.69282
      vertex 3.912 -1.6204 -0.565685
    endloop
  endfacet
  facet normal -0.546714 0.269615 -0.792724
    outer loop
      vertex 3.81051 -2.2 -0.69282
      vertex 3.66702 -2.11716 -0.565685
      vertex 3.912 -1.6204 -0.565685
    endloop
  endfacet
  facet normal -0.343851 0.169567 -0.923587
    outer loop
      vertex 4.24333 -1.75764 -0.772741
      vertex 3.97761 -2.29647 -0.772741
      vertex 4.06507 -1.68381 -0.69282
    endloop
  endfacet
  facet normal -0.343843 0.169567 -0.92359
    outer loop
      vertex 3.97761 -2.29647 -0.772741
      vertex 3.81051 -2.2 -0.69282
      vertex 4.06507 -1.68381 -0.69282
    endloop
  endfacet
  facet normal -0.117312 0.0578519 -0.991409
    outer loop
      vertex 4.43462 -1.83688 -0.8
      vertex 4.15692 -2.4 -0.8
      vertex 4.24333 -1.75764 -0.772741
    endloop
  endfacet
  facet normal -0.117313 0.057852 -0.991409
    outer loop
      vertex 4.15692 -2.4 -0.8
      vertex 3.97761 -2.29647 -0.772741
      vertex 4.24333 -1.75764 -0.772741
    endloop
  endfacet
  facet normal 0.117307 -0.0578497 -0.991409
    outer loop
      vertex 4.62592 -1.91612 -0.772741
      vertex 4.33624 -2.50353 -0.772741
      vertex 4.43462 -1.83688 -0.8
    endloop
  endfacet
  facet normal 0.117308 -0.0578498 -0.991409
    outer loop
      vertex 4.33624 -2.50353 -0.772741
      vertex 4.15692 -2.4 -0.8
      vertex 4.43462 -1.83688 -0.8
    endloop
  endfacet
  facet normal 0.343865 -0.169573 -0.923581
    outer loop
      vertex 4.80417 -1.98995 -0.69282
      vertex 4.50333 -2.6 -0.69282
      vertex 4.62592 -1.91612 -0.772741
    endloop
  endfacet
  facet normal 0.343857 -0.169572 -0.923584
    outer loop
      vertex 4.50333 -2.6 -0.69282
      vertex 4.33624 -2.50353 -0.772741
      vertex 4.62592 -1.91612 -0.772741
    endloop
  endfacet
  facet normal 0.5467 -0.269607 -0.792737
    outer loop
      vertex 4.95725 -2.05336 -0.565685
      vertex 4.64682 -2.68284 -0.565685
      vertex 4.80417 -1.98995 -0.69282
    endloop
  endfacet
  facet normal 0.546718 -0.269608 -0.792724
    outer loop
      vertex 4.64682 -2.68284 -0.565685
      vertex 4.50333 -2.6 -0.69282
      vertex 4.80417 -1.98995 -0.69282
    endloop
  endfacet
  facet normal 0.712118 -0.351175 -0.607918
    outer loop
      vertex 5.0747 -2.10201 -0.4
      vertex 4.75692 -2.74641 -0.4
      vertex 4.95725 -2.05336 -0.565685
    endloop
  endfacet
  facet normal 0.7121 -0.351174 -0.607939
    outer loop
      vertex 4.75692 -2.74641 -0.4
      vertex 4.64682 -2.68284 -0.565685
      vertex 4.95725 -2.05336 -0.565685
    endloop
  endfacet
  facet normal 0.828856 -0.408742 -0.382006
    outer loop
      vertex 5.14854 -2.1326 -0.207055
      vertex 4.82614 -2.78637 -0.207055
      vertex 5.0747 -2.10201 -0.4
    endloop
  endfacet
  facet normal 0.828854 -0.408742 -0.382008
    outer loop
      vertex 4.82614 -2.78637 -0.207055
      vertex 4.75692 -2.74641 -0.4
      vertex 5.0747 -2.10201 -0.4
    endloop
  endfacet
  facet normal 0.889225 -0.438529 -0.130272
    outer loop
      vertex 5.17373 -2.14303 0
      vertex 4.84974 -2.8 0
      vertex 5.14854 -2.1326 -0.207055
    endloop
  endfacet
  facet normal 0.889238 -0.438519 -0.130222
    outer loop
      vertex 4.84974 -2.8 0
      vertex 4.82614 -2.78637 -0.207055
      vertex 5.14854 -2.1326 -0.207055
    endloop
  endfacet
  facet normal 0.824385 -0.550846 0.130224
    outer loop
      vertex 4.82614 -2.78637 0.207055
      vertex 4.42115 -3.39247 0.207055
      vertex 4.84974 -2.8 0
    endloop
  endfacet
  facet normal 0.824387 -0.550836 0.130255
    outer loop
      vertex 4.42115 -3.39247 0.207055
      vertex 4.44278 -3.40906 0
      vertex 4.84974 -2.8 0
    endloop
  endfacet
  facet normal 0.768414 -0.51343 0.382007
    outer loop
      vertex 4.75692 -2.74641 0.4
      vertex 4.35775 -3.34382 0.4
      vertex 4.82614 -2.78637 0.207055
    endloop
  endfacet
  facet normal 0.768422 -0.513452 0.381961
    outer loop
      vertex 4.35775 -3.34382 0.4
      vertex 4.42115 -3.39247 0.207055
      vertex 4.82614 -2.78637 0.207055
    endloop
  endfacet
  facet normal 0.66017 -0.441117 0.60794
    outer loop
      vertex 4.64682 -2.68284 0.565685
      vertex 4.25688 -3.26642 0.565685
      vertex 4.75692 -2.74641 0.4
    endloop
  endfacet
  facet normal 0.660159 -0.441097 0.607967
    outer loop
      vertex 4.25688 -3.26642 0.565685
      vertex 4.35775 -3.34382 0.4
      vertex 4.75692 -2.74641 0.4
    endloop
  endfacet
  facet normal 0.506851 -0.338662 0.792723
    outer loop
      vertex 4.50333 -2.6 0.69282
      vertex 4.12544 -3.16556 0.69282
      vertex 4.64682 -2.68284 0.565685
    endloop
  endfacet
  facet normal 0.506862 -0.338678 0.792709
    outer loop
      vertex 4.12544 -3.16556 0.69282
      vertex 4.25688 -3.26642 0.565685
      vertex 4.64682 -2.68284 0.565685
    endloop
  endfacet
  facet normal 0.31878 -0.213008 0.923584
    outer loop
      vertex 4.33624 -2.50353 0.772741
      vertex 3.97236 -3.0481 0.772741
      vertex 4.50333 -2.6 0.69282
    endloop
  endfacet
  facet normal 0.318766 -0.21299 0.923593
    outer loop
      vertex 3.97236 -3.0481 0.772741
      vertex 4.12544 -3.16556 0.69282
      vertex 4.50333 -2.6 0.69282
    endloop
  endfacet
  facet normal 0.108754 -0.0726662 0.991409
    outer loop
      vertex 4.15692 -2.4 0.8
      vertex 3.8081 -2.92205 0.8
      vertex 4.33624 -2.50353 0.772741
    endloop
  endfacet
  facet normal 0.108758 -0.0726716 0.991408
    outer loop
      vertex 3.8081 -2.92205 0.8
      vertex 3.97236 -3.0481 0.772741
      vertex 4.33624 -2.50353 0.772741
    endloop
  endfacet
  facet normal -0.108758 0.0726692 0.991409
    outer loop
      vertex 3.97761 -2.29647 0.772741
      vertex 3.64383 -2.79601 0.772741
      vertex 4.15692 -2.4 0.8
    endloop
  endfacet
  facet normal -0.108758 0.072669 0.991409
    outer loop
      vertex 3.64383 -2.79601 0.772741
      vertex 3.8081 -2.92205 0.8
      vertex 4.15692 -2.4 0.8
    endloop
  endfacet
  facet normal -0.31877 0.212997 0.92359
    outer loop
      vertex 3.81051 -2.2 0.69282
      vertex 3.49075 -2.67855 0.69282
      vertex 3.97761 -2.29647 0.772741
    endloop
  endfacet
  facet normal -0.318765 0.212991 0.923593
    outer loop
      vertex 3.49075 -2.67855 0.69282
      vertex 3.64383 -2.79601 0.772741
      vertex 3.97761 -2.29647 0.772741
    endloop
  endfacet
  facet normal -0.506852 0.338661 0.792723
    outer loop
      vertex 3.66702 -2.11716 0.565685
      vertex 3.35931 -2.57769 0.565685
      vertex 3.81051 -2.2 0.69282
    endloop
  endfacet
  facet normal -0.506862 0.338678 0.792709
    outer loop
      vertex 3.35931 -2.57769 0.565685
      vertex 3.49075 -2.67855 0.69282
      vertex 3.81051 -2.2 0.69282
    endloop
  endfacet
  facet normal -0.66017 0.441118 0.60794
    outer loop
      vertex 3.55692 -2.05359 0.4
      vertex 3.25844 -2.50029 0.4
      vertex 3.66702 -2.11716 0.565685
    endloop
  endfacet
  facet normal -0.660159 0.441095 0.607967
    outer loop
      vertex 3.25844 -2.50029 0.4
      vertex 3.35931 -2.57769 0.565685
      vertex 3.66702 -2.11716 0.565685
    endloop
  endfacet
  facet normal -0.768421 0.513445 0.381973
    outer loop
      vertex 3.48771 -2.01363 0.207055
      vertex 3.19504 -2.45164 0.207055
      vertex 3.55692 -2.05359 0.4
    endloop
  endfacet
  facet normal -0.768423 0.513452 0.381961
    outer loop
      vertex 3.19504 -2.45164 0.207055
      vertex 3.25844 -2.50029 0.4
      vertex 3.55692 -2.05359 0.4
    endloop
  endfacet
  facet normal -0.824386 0.550835 0.130263
    outer loop
      vertex 3.4641 -2 0
      vertex 3.17341 -2.43505 0
      vertex 3.48771 -2.01363 0.207055
    endloop
  endfacet
  facet normal -0.824385 0.550838 0.130255
    outer loop
      vertex 3.17341 -2.43505 0
      vertex 3.19504 -2.45164 0.207055
      vertex 3.48771 -2.01363 0.207055
    endloop
  endfacet
  facet normal -0.824384 0.550838 -0.130263
    outer loop
      vertex 3.48771 -2.01363 -0.207055
      vertex 3.19504 -2.45164 -0.207055
      vertex 3.4641 -2 0
    endloop
  endfacet
  facet normal -0.824387 0.550836 -0.130255
    outer loop
      vertex 3.19504 -2.45164 -0.207055
      vertex 3.17341 -2.43505 0
      vertex 3.4641 -2 0
    endloop
  endfacet
  facet normal -0.768419 0.513449 -0.381972
    outer loop
      vertex 3.55692 -2.05359 -0.4
      vertex 3.25844 -2.50029 -0.4
      vertex 3.48771 -2.01363 -0.207055
    endloop
  endfacet
  facet normal -0.768426 0.513447 -0.381961
    outer loop
      vertex 3.25844 -2.50029 -0.4
      vertex 3.19504 -2.45164 -0.207055
      vertex 3.48771 -2.01363 -0.207055
    endloop
  endfacet
  facet normal -0.660177 0.441107 -0.60794
    outer loop
      vertex 3.66702 -2.11716 -0.565685
      vertex 3.35931 -2.57769 -0.565685
      vertex 3.55692 -2.05359 -0.4
    endloop
  endfacet
  facet normal -0.660152 0.441106 -0.607968
    outer loop
      vertex 3.35931 -2.57769 -0.565685
      vertex 3.25844 -2.50029 -0.4
      vertex 3.55692 -2.05359 -0.4
    endloop
  endfacet
  facet normal -0.506848 0.338668 -0.792723
    outer loop
      vertex 3.81051 -2.2 -0.69282
      vertex 3.49075 -2.67855 -0.69282
      vertex 3.66702 -2.11716 -0.565685
    endloop
  endfacet
  facet normal -0.506868 0.338671 -0.792709
    outer loop
      vertex 3.49075 -2.67855 -0.69282
      vertex 3.35931 -2.57769 -0.565685
      vertex 3.66702 -2.11716 -0.565685
    endloop
  endfacet
  facet normal -0.318771 0.212995 -0.92359
    outer loop
      vertex 3.97761 -2.29647 -0.772741
      vertex 3.64383 -2.79601 -0.772741
      vertex 3.81051 -2.2 -0.69282
    endloop
  endfacet
  facet normal -0.318763 0.212993 -0.923593
    outer loop
      vertex 3.64383 -2.79601 -0.772741
      vertex 3.49075 -2.67855 -0.69282
      vertex 3.81051 -2.2 -0.69282
    endloop
  endfacet
  facet normal -0.108758 0.0726691 -0.991409
    outer loop
      vertex 4.15692 -2.4 -0.8
      vertex 3.8081 -2.92205 -0.8
      vertex 3.97761 -2.29647 -0.772741
    endloop
  endfacet
  facet normal -0.108758 0.072669 -0.991409
    outer loop
      vertex 3.8081 -2.92205 -0.8
      vertex 3.64383 -2.79601 -0.772741
      vertex 3.97761 -2.29647 -0.772741
    endloop
  endfacet
  facet normal 0.108752 -0.0726681 -0.991409
    outer loop
      vertex 4.33624 -2.50353 -0.772741
      vertex 3.97236 -3.0481 -0.772741
      vertex 4.15692 -2.4 -0.8
    endloop
  endfacet
  facet normal 0.108759 -0.0726699 -0.991408
    outer loop
      vertex 3.97236 -3.0481 -0.772741
      vertex 3.8081 -2.92205 -0.8
      vertex 4.15692 -2.4 -0.8
    endloop
  endfacet
  facet normal 0.318783 -0.213001 -0.923584
    outer loop
      vertex 4.50333 -2.6 -0.69282
      vertex 4.12544 -3.16556 -0.69282
      vertex 4.33624 -2.50353 -0.772741
    endloop
  endfacet
  facet normal 0.318762 -0.212996 -0.923593
    outer loop
      vertex 4.12544 -3.16556 -0.69282
      vertex 3.97236 -3.0481 -0.772741
      vertex 4.33624 -2.50353 -0.772741
    endloop
  endfacet
  facet normal 0.506847 -0.338668 -0.792723
    outer loop
      vertex 4.64682 -2.68284 -0.565685
      vertex 4.25688 -3.26642 -0.565685
      vertex 4.50333 -2.6 -0.69282
    endloop
  endfacet
  facet normal 0.506866 -0.338673 -0.792709
    outer loop
      vertex 4.25688 -3.26642 -0.565685
      vertex 4.12544 -3.16556 -0.69282
      vertex 4.50333 -2.6 -0.69282
    endloop
  endfacet
  facet normal 0.660176 -0.441108 -0.60794
    outer loop
      vertex 4.75692 -2.74641 -0.4
      vertex 4.35775 -3.34382 -0.4
      vertex 4.64682 -2.68284 -0.565685
    endloop
  endfacet
  facet normal 0.660153 -0.441105 -0.607968
    outer loop
      vertex 4.35775 -3.34382 -0.4
      vertex 4.25688 -3.26642 -0.565685
      vertex 4.64682 -2.68284 -0.565685
    endloop
  endfacet
  facet normal 0.768407 -0.513442 -0.382006
    outer loop
      vertex 4.82614 -2.78637 -0.207055
      vertex 4.42115 -3.39247 -0.207055
      vertex 4.75692 -2.74641 -0.4
    endloop
  endfacet
  facet normal 0.76843 -0.51344 -0.38196
    outer loop
      vertex 4.42115 -3.39247 -0.207055
      vertex 4.35775 -3.34382 -0.4
      vertex 4.75692 -2.74641 -0.4
    endloop
  endfacet
  facet normal 0.82439 -0.550839 -0.130224
    outer loop
      vertex 4.84974 -2.8 0
      vertex 4.44278 -3.40906 0
      vertex 4.82614 -2.78637 -0.207055
    endloop
  endfacet
  facet normal 0.824382 -0.550844 -0.130255
    outer loop
      vertex 4.44278 -3.40906 0
      vertex 4.42115 -3.39247 -0.207055
      vertex 4.82614 -2.78637 -0.207055
    endloop
  endfacet
  facet normal 0.745433 -0.653731 0.130251
    outer loop
      vertex 4.42115 -3.39247 0.207055
      vertex 3.94052 -3.94052 0.207055
      vertex 4.44278 -3.40906 0
    endloop
  endfacet
  facet normal 0.745436 -0.653722 0.130283
    outer loop
      vertex 3.94052 -3.94052 0.207055
      vertex 3.9598 -3.9598 0
      vertex 4.44278 -3.40906 0
    endloop
  endfacet
  facet normal 0.69483 -0.609358 0.381961
    outer loop
      vertex 4.35775 -3.34382 0.4
      vertex 3.88401 -3.88401 0.4
      vertex 4.42115 -3.39247 0.207055
    endloop
  endfacet
  facet normal 0.694829 -0.609353 0.381971
    outer loop
      vertex 3.88401 -3.88401 0.4
      vertex 3.94052 -3.94052 0.207055
      vertex 4.42115 -3.39247 0.207055
    endloop
  endfacet
  facet normal 0.596933 -0.523494 0.607968
    outer loop
      vertex 4.25688 -3.26642 0.565685
      vertex 3.79411 -3.79411 0.565685
      vertex 4.35775 -3.34382 0.4
    endloop
  endfacet
  facet normal 0.596939 -0.523508 0.60795
    outer loop
      vertex 3.79411 -3.79411 0.565685
      vertex 3.88401 -3.88401 0.4
      vertex 4.35775 -3.34382 0.4
    endloop
  endfacet
  facet normal 0.458324 -0.401934 0.79271
    outer loop
      vertex 4.12544 -3.16556 0.69282
      vertex 3.67696 -3.67696 0.69282
      vertex 4.25688 -3.26642 0.565685
    endloop
  endfacet
  facet normal 0.458327 -0.401941 0.792704
    outer loop
      vertex 3.67696 -3.67696 0.69282
      vertex 3.79411 -3.79411 0.565685
      vertex 4.25688 -3.26642 0.565685
    endloop
  endfacet
  facet normal 0.288237 -0.252777 0.923593
    outer loop
      vertex 3.97236 -3.0481 0.772741
      vertex 3.54052 -3.54052 0.772741
      vertex 4.12544 -3.16556 0.69282
    endloop
  endfacet
  facet normal 0.288234 -0.252771 0.923595
    outer loop
      vertex 3.54052 -3.54052 0.772741
      vertex 3.67696 -3.67696 0.69282
      vertex 4.12544 -3.16556 0.69282
    endloop
  endfacet
  facet normal 0.0983421 -0.0862446 0.991408
    outer loop
      vertex 3.8081 -2.92205 0.8
      vertex 3.39411 -3.39411 0.8
      vertex 3.97236 -3.0481 0.772741
    endloop
  endfacet
  facet normal 0.0983407 -0.0862424 0.991409
    outer loop
      vertex 3.39411 -3.39411 0.8
      vertex 3.54052 -3.54052 0.772741
      vertex 3.97236 -3.0481 0.772741
    endloop
  endfacet
  facet normal -0.0983412 0.0862448 0.991409
    outer loop
      vertex 3.64383 -2.79601 0.772741
      vertex 3.2477 -3.2477 0.772741
      vertex 3.8081 -2.92205 0.8
    endloop
  endfacet
  facet normal -0.0983402 0.0862429 0.991409
    outer loop
      vertex 3.2477 -3.2477 0.772741
      vertex 3.39411 -3.39411 0.8
      vertex 3.8081 -2.92205 0.8
    endloop
  endfacet
  facet normal -0.288238 0.252775 0.923593
    outer loop
      vertex 3.49075 -2.67855 0.69282
      vertex 3.11127 -3.11127 0.69282
      vertex 3.64383 -2.79601 0.772741
    endloop
  endfacet
  facet normal -0.288247 0.252791 0.923585
    outer loop
      vertex 3.11127 -3.11127 0.69282
      vertex 3.2477 -3.2477 0.772741
      vertex 3.64383 -2.79601 0.772741
    endloop
  endfacet
  facet normal -0.458316 0.401943 0.792709
    outer loop
      vertex 3.35931 -2.57769 0.565685
      vertex 2.99411 -2.99411 0.565685
      vertex 3.49075 -2.67855 0.69282
    endloop
  endfacet
  facet normal -0.458305 0.401917 0.792729
    outer loop
      vertex 2.99411 -2.99411 0.565685
      vertex 3.11127 -3.11127 0.69282
      vertex 3.49075 -2.67855 0.69282
    endloop
  endfacet
  facet normal -0.596931 0.523497 0.607967
    outer loop
      vertex 3.25844 -2.50029 0.4
      vertex 2.90421 -2.90421 0.4
      vertex 3.35931 -2.57769 0.565685
    endloop
  endfacet
  facet normal -0.596935 0.523512 0.60795
    outer loop
      vertex 2.90421 -2.90421 0.4
      vertex 2.99411 -2.99411 0.565685
      vertex 3.35931 -2.57769 0.565685
    endloop
  endfacet
  facet normal -0.69483 0.609358 0.381961
    outer loop
      vertex 3.19504 -2.45164 0.207055
      vertex 2.8477 -2.8477 0.207055
      vertex 3.25844 -2.50029 0.4
    endloop
  endfacet
  facet normal -0.69483 0.609352 0.381971
    outer loop
      vertex 2.8477 -2.8477 0.207055
      vertex 2.90421 -2.90421 0.4
      vertex 3.25844 -2.50029 0.4
    endloop
  endfacet
  facet normal -0.74544 0.653724 0.130251
    outer loop
      vertex 3.17341 -2.43505 0
      vertex 2.82843 -2.82843 0
      vertex 3.19504 -2.45164 0.207055
    endloop
  endfacet
  facet normal -0.745434 0.653737 0.130217
    outer loop
      vertex 2.82843 -2.82843 0
      vertex 2.8477 -2.8477 0.207055
      vertex 3.19504 -2.45164 0.207055
    endloop
  endfacet
  facet normal -0.745431 0.653734 -0.130251
    outer loop
      vertex 3.19504 -2.45164 -0.207055
      vertex 2.8477 -2.8477 -0.207055
      vertex 3.17341 -2.43505 0
    endloop
  endfacet
  facet normal -0.745443 0.653727 -0.130217
    outer loop
      vertex 2.8477 -2.8477 -0.207055
      vertex 2.82843 -2.82843 0
      vertex 3.17341 -2.43505 0
    endloop
  endfacet
  facet normal -0.694833 0.609355 -0.381961
    outer loop
      vertex 3.25844 -2.50029 -0.4
      vertex 2.90421 -2.90421 -0.4
      vertex 3.19504 -2.45164 -0.207055
    endloop
  endfacet
  facet normal -0.694827 0.609355 -0.381971
    outer loop
      vertex 2.90421 -2.90421 -0.4
      vertex 2.8477 -2.8477 -0.207055
      vertex 3.19504 -2.45164 -0.207055
    endloop
  endfacet
  facet normal -0.596926 0.523503 -0.607967
    outer loop
      vertex 3.35931 -2.57769 -0.565685
      vertex 2.99411 -2.99411 -0.565685
      vertex 3.25844 -2.50029 -0.4
    endloop
  endfacet
  facet normal -0.596941 0.523506 -0.60795
    outer loop
      vertex 2.99411 -2.99411 -0.565685
      vertex 2.90421 -2.90421 -0.4
      vertex 3.25844 -2.50029 -0.4
    endloop
  endfacet
  facet normal -0.458324 0.401934 -0.79271
    outer loop
      vertex 3.49075 -2.67855 -0.69282
      vertex 3.11127 -3.11127 -0.69282
      vertex 3.35931 -2.57769 -0.565685
    endloop
  endfacet
  facet normal -0.458297 0.401926 -0.792729
    outer loop
      vertex 3.11127 -3.11127 -0.69282
      vertex 2.99411 -2.99411 -0.565685
      vertex 3.35931 -2.57769 -0.565685
    endloop
  endfacet
  facet normal -0.288234 0.25278 -0.923593
    outer loop
      vertex 3.64383 -2.79601 -0.772741
      vertex 3.2477 -3.2477 -0.772741
      vertex 3.49075 -2.67855 -0.69282
    endloop
  endfacet
  facet normal -0.288252 0.252787 -0.923585
    outer loop
      vertex 3.2477 -3.2477 -0.772741
      vertex 3.11127 -3.11127 -0.69282
      vertex 3.49075 -2.67855 -0.69282
    endloop
  endfacet
  facet normal -0.0983416 0.0862442 -0.991409
    outer loop
      vertex 3.8081 -2.92205 -0.8
      vertex 3.39411 -3.39411 -0.8
      vertex 3.64383 -2.79601 -0.772741
    endloop
  endfacet
  facet normal -0.0983397 0.0862434 -0.991409
    outer loop
      vertex 3.39411 -3.39411 -0.8
      vertex 3.2477 -3.2477 -0.772741
      vertex 3.64383 -2.79601 -0.772741
    endloop
  endfacet
  facet normal 0.0983426 -0.086244 -0.991408
    outer loop
      vertex 3.97236 -3.0481 -0.772741
      vertex 3.54052 -3.54052 -0.772741
      vertex 3.8081 -2.92205 -0.8
    endloop
  endfacet
  facet normal 0.0983402 -0.0862429 -0.991409
    outer loop
      vertex 3.54052 -3.54052 -0.772741
      vertex 3.39411 -3.39411 -0.8
      vertex 3.8081 -2.92205 -0.8
    endloop
  endfacet
  facet normal 0.288238 -0.252775 -0.923593
    outer loop
      vertex 4.12544 -3.16556 -0.69282
      vertex 3.67696 -3.67696 -0.69282
      vertex 3.97236 -3.0481 -0.772741
    endloop
  endfacet
  facet normal 0.288232 -0.252772 -0.923595
    outer loop
      vertex 3.67696 -3.67696 -0.69282
      vertex 3.54052 -3.54052 -0.772741
      vertex 3.97236 -3.0481 -0.772741
    endloop
  endfacet
  facet normal 0.458322 -0.401936 -0.792709
    outer loop
      vertex 4.25688 -3.26642 -0.565685
      vertex 3.79411 -3.79411 -0.565685
      vertex 4.12544 -3.16556 -0.69282
    endloop
  endfacet
  facet normal 0.458329 -0.401939 -0.792704
    outer loop
      vertex 3.79411 -3.79411 -0.565685
      vertex 3.67696 -3.67696 -0.69282
      vertex 4.12544 -3.16556 -0.69282
    endloop
  endfacet
  facet normal 0.596929 -0.523499 -0.607967
    outer loop
      vertex 4.35775 -3.34382 -0.4
      vertex 3.88401 -3.88401 -0.4
      vertex 4.25688 -3.26642 -0.565685
    endloop
  endfacet
  facet normal 0.596943 -0.523503 -0.60795
    outer loop
      vertex 3.88401 -3.88401 -0.4
      vertex 3.79411 -3.79411 -0.565685
      vertex 4.25688 -3.26642 -0.565685
    endloop
  endfacet
  facet normal 0.694832 -0.609355 -0.381961
    outer loop
      vertex 4.42115 -3.39247 -0.207055
      vertex 3.94052 -3.94052 -0.207055
      vertex 4.35775 -3.34382 -0.4
    endloop
  endfacet
  facet normal 0.694827 -0.609355 -0.381971
    outer loop
      vertex 3.94052 -3.94052 -0.207055
      vertex 3.88401 -3.88401 -0.4
      vertex 4.35775 -3.34382 -0.4
    endloop
  endfacet
  facet normal 0.745439 -0.653724 -0.130251
    outer loop
      vertex 4.44278 -3.40906 0
      vertex 3.9598 -3.9598 0
      vertex 4.42115 -3.39247 -0.207055
    endloop
  endfacet
  facet normal 0.74543 -0.653728 -0.130283
    outer loop
      vertex 3.9598 -3.9598 0
      vertex 3.94052 -3.94052 -0.207055
      vertex 4.42115 -3.39247 -0.207055
    endloop
  endfacet
  facet normal 0.653728 -0.74543 0.130283
    outer loop
      vertex 3.94052 -3.94052 0.207055
      vertex 3.39247 -4.42115 0.207055
      vertex 3.9598 -3.9598 0
    endloop
  endfacet
  facet normal 0.653724 -0.745439 0.130251
    outer loop
      vertex 3.39247 -4.42115 0.207055
      vertex 3.40906 -4.44278 0
      vertex 3.9598 -3.9598 0
    endloop
  endfacet
  facet normal 0.609355 -0.694827 0.381971
    outer loop
      vertex 3.88401 -3.88401 0.4
      vertex 3.34382 -4.35775 0.4
      vertex 3.94052 -3.94052 0.207055
    endloop
  endfacet
  facet normal 0.609355 -0.694832 0.381961
    outer loop
      vertex 3.34382 -4.35775 0.4
      vertex 3.39247 -4.42115 0.207055
      vertex 3.94052 -3.94052 0.207055
    endloop
  endfacet
  facet normal 0.523503 -0.596943 0.60795
    outer loop
      vertex 3.79411 -3.79411 0.565685
      vertex 3.26642 -4.25688 0.565685
      vertex 3.88401 -3.88401 0.4
    endloop
  endfacet
  facet normal 0.523499 -0.596929 0.607967
    outer loop
      vertex 3.26642 -4.25688 0.565685
      vertex 3.34382 -4.35775 0.4
      vertex 3.88401 -3.88401 0.4
    endloop
  endfacet
  facet normal 0.401939 -0.458329 0.792704
    outer loop
      vertex 3.67696 -3.67696 0.69282
      vertex 3.16556 -4.12544 0.69282
      vertex 3.79411 -3.79411 0.565685
    endloop
  endfacet
  facet normal 0.401936 -0.458322 0.792709
    outer loop
      vertex 3.16556 -4.12544 0.69282
      vertex 3.26642 -4.25688 0.565685
      vertex 3.79411 -3.79411 0.565685
    endloop
  endfacet
  facet normal 0.252772 -0.288232 0.923595
    outer loop
      vertex 3.54052 -3.54052 0.772741
      vertex 3.0481 -3.97236 0.772741
      vertex 3.67696 -3.67696 0.69282
    endloop
  endfacet
  facet normal 0.252775 -0.288238 0.923593
    outer loop
      vertex 3.0481 -3.97236 0.772741
      vertex 3.16556 -4.12544 0.69282
      vertex 3.67696 -3.67696 0.69282
    endloop
  endfacet
  facet normal 0.0862429 -0.0983402 0.991409
    outer loop
      vertex 3.39411 -3.39411 0.8
      vertex 2.92205 -3.8081 0.8
      vertex 3.54052 -3.54052 0.772741
    endloop
  endfacet
  facet normal 0.086244 -0.0983426 0.991408
    outer loop
      vertex 2.92205 -3.8081 0.8
      vertex 3.0481 -3.97236 0.772741
      vertex 3.54052 -3.54052 0.772741
    endloop
  endfacet
  facet normal -0.0862434 0.0983397 0.991409
    outer loop
      vertex 3.2477 -3.2477 0.772741
      vertex 2.79601 -3.64383 0.772741
      vertex 3.39411 -3.39411 0.8
    endloop
  endfacet
  facet normal -0.0862442 0.0983416 0.991409
    outer loop
      vertex 2.79601 -3.64383 0.772741
      vertex 2.92205 -3.8081 0.8
      vertex 3.39411 -3.39411 0.8
    endloop
  endfacet
  facet normal -0.252787 0.288252 0.923585
    outer loop
      vertex 3.11127 -3.11127 0.69282
      vertex 2.67855 -3.49075 0.69282
      vertex 3.2477 -3.2477 0.772741
    endloop
  endfacet
  facet normal -0.25278 0.288234 0.923593
    outer loop
      vertex 2.67855 -3.49075 0.69282
      vertex 2.79601 -3.64383 0.772741
      vertex 3.2477 -3.2477 0.772741
    endloop
  endfacet
  facet normal -0.401926 0.458297 0.792729
    outer loop
      vertex 2.99411 -2.99411 0.565685
      vertex 2.57769 -3.35931 0.565685
      vertex 3.11127 -3.11127 0.69282
    endloop
  endfacet
  facet normal -0.401934 0.458324 0.79271
    outer loop
      vertex 2.57769 -3.35931 0.565685
      vertex 2.67855 -3.49075 0.69282
      vertex 3.11127 -3.11127 0.69282
    endloop
  endfacet
  facet normal -0.523506 0.596941 0.60795
    outer loop
      vertex 2.90421 -2.90421 0.4
      vertex 2.50029 -3.25844 0.4
      vertex 2.99411 -2.99411 0.565685
    endloop
  endfacet
  facet normal -0.523503 0.596926 0.607967
    outer loop
      vertex 2.50029 -3.25844 0.4
      vertex 2.57769 -3.35931 0.565685
      vertex 2.99411 -2.99411 0.565685
    endloop
  endfacet
  facet normal -0.609355 0.694827 0.381971
    outer loop
      vertex 2.8477 -2.8477 0.207055
      vertex 2.45164 -3.19504 0.207055
      vertex 2.90421 -2.90421 0.4
    endloop
  endfacet
  facet normal -0.609355 0.694833 0.381961
    outer loop
      vertex 2.45164 -3.19504 0.207055
      vertex 2.50029 -3.25844 0.4
      vertex 2.90421 -2.90421 0.4
    endloop
  endfacet
  facet normal -0.653727 0.745443 0.130217
    outer loop
      vertex 2.82843 -2.82843 0
      vertex 2.43505 -3.17341 0
      vertex 2.8477 -2.8477 0.207055
    endloop
  endfacet
  facet normal -0.653734 0.745431 0.130251
    outer loop
      vertex 2.43505 -3.17341 0
      vertex 2.45164 -3.19504 0.207055
      vertex 2.8477 -2.8477 0.207055
    endloop
  endfacet
  facet normal -0.653737 0.745434 -0.130217
    outer loop
      vertex 2.8477 -2.8477 -0.207055
      vertex 2.45164 -3.19504 -0.207055
      vertex 2.82843 -2.82843 0
    endloop
  endfacet
  facet normal -0.653724 0.74544 -0.130251
    outer loop
      vertex 2.45164 -3.19504 -0.207055
      vertex 2.43505 -3.17341 0
      vertex 2.82843 -2.82843 0
    endloop
  endfacet
  facet normal -0.609352 0.69483 -0.381971
    outer loop
      vertex 2.90421 -2.90421 -0.4
      vertex 2.50029 -3.25844 -0.4
      vertex 2.8477 -2.8477 -0.207055
    endloop
  endfacet
  facet normal -0.609358 0.69483 -0.381961
    outer loop
      vertex 2.50029 -3.25844 -0.4
      vertex 2.45164 -3.19504 -0.207055
      vertex 2.8477 -2.8477 -0.207055
    endloop
  endfacet
  facet normal -0.523512 0.596935 -0.60795
    outer loop
      vertex 2.99411 -2.99411 -0.565685
      vertex 2.57769 -3.35931 -0.565685
      vertex 2.90421 -2.90421 -0.4
    endloop
  endfacet
  facet normal -0.523497 0.596931 -0.607967
    outer loop
      vertex 2.57769 -3.35931 -0.565685
      vertex 2.50029 -3.25844 -0.4
      vertex 2.90421 -2.90421 -0.4
    endloop
  endfacet
  facet normal -0.401917 0.458305 -0.792729
    outer loop
      vertex 3.11127 -3.11127 -0.69282
      vertex 2.67855 -3.49075 -0.69282
      vertex 2.99411 -2.99411 -0.565685
    endloop
  endfacet
  facet normal -0.401943 0.458316 -0.792709
    outer loop
      vertex 2.67855 -3.49075 -0.69282
      vertex 2.57769 -3.35931 -0.565685
      vertex 2.99411 -2.99411 -0.565685
    endloop
  endfacet
  facet normal -0.252791 0.288247 -0.923585
    outer loop
      vertex 3.2477 -3.2477 -0.772741
      vertex 2.79601 -3.64383 -0.772741
      vertex 3.11127 -3.11127 -0.69282
    endloop
  endfacet
  facet normal -0.252775 0.288238 -0.923593
    outer loop
      vertex 2.79601 -3.64383 -0.772741
      vertex 2.67855 -3.49075 -0.69282
      vertex 3.11127 -3.11127 -0.69282
    endloop
  endfacet
  facet normal -0.0862429 0.0983402 -0.991409
    outer loop
      vertex 3.39411 -3.39411 -0.8
      vertex 2.92205 -3.8081 -0.8
      vertex 3.2477 -3.2477 -0.772741
    endloop
  endfacet
  facet normal -0.0862448 0.0983412 -0.991409
    outer loop
      vertex 2.92205 -3.8081 -0.8
      vertex 2.79601 -3.64383 -0.772741
      vertex 3.2477 -3.2477 -0.772741
    endloop
  endfacet
  facet normal 0.0862424 -0.0983407 -0.991409
    outer loop
      vertex 3.54052 -3.54052 -0.772741
      vertex 3.0481 -3.97236 -0.772741
      vertex 3.39411 -3.39411 -0.8
    endloop
  endfacet
  facet normal 0.0862446 -0.0983421 -0.991408
    outer loop
      vertex 3.0481 -3.97236 -0.772741
      vertex 2.92205 -3.8081 -0.8
      vertex 3.39411 -3.39411 -0.8
    endloop
  endfacet
  facet normal 0.252771 -0.288234 -0.923595
    outer loop
      vertex 3.67696 -3.67696 -0.69282
      vertex 3.16556 -4.12544 -0.69282
      vertex 3.54052 -3.54052 -0.772741
    endloop
  endfacet
  facet normal 0.252777 -0.288237 -0.923593
    outer loop
      vertex 3.16556 -4.12544 -0.69282
      vertex 3.0481 -3.97236 -0.772741
      vertex 3.54052 -3.54052 -0.772741
    endloop
  endfacet
  facet normal 0.401941 -0.458327 -0.792704
    outer loop
      vertex 3.79411 -3.79411 -0.565685
      vertex 3.26642 -4.25688 -0.565685
      vertex 3.67696 -3.67696 -0.69282
    endloop
  endfacet
  facet normal 0.401934 -0.458324 -0.79271
    outer loop
      vertex 3.26642 -4.25688 -0.565685
      vertex 3.16556 -4.12544 -0.69282
      vertex 3.67696 -3.67696 -0.69282
    endloop
  endfacet
  facet normal 0.523508 -0.596939 -0.60795
    outer loop
      vertex 3.88401 -3.88401 -0.4
      vertex 3.34382 -4.35775 -0.4
      vertex 3.79411 -3.79411 -0.565685
    endloop
  endfacet
  facet normal 0.523494 -0.596933 -0.607968
    outer loop
      vertex 3.34382 -4.35775 -0.4
      vertex 3.26642 -4.25688 -0.565685
      vertex 3.79411 -3.79411 -0.565685
    endloop
  endfacet
  facet normal 0.609353 -0.694829 -0.381971
    outer loop
      vertex 3.94052 -3.94052 -0.207055
      vertex 3.39247 -4.42115 -0.207055
      vertex 3.88401 -3.88401 -0.4
    endloop
  endfacet
  facet normal 0.609358 -0.69483 -0.381961
    outer loop
      vertex 3.39247 -4.42115 -0.207055
      vertex 3.34382 -4.35775 -0.4
      vertex 3.88401 -3.88401 -0.4
    endloop
  endfacet
  facet normal 0.653722 -0.745436 -0.130283
    outer loop
      vertex 3.9598 -3.9598 0
      vertex 3.40906 -4.44278 0
      vertex 3.94052 -3.94052 -0.207055
    endloop
  endfacet
  facet normal 0.653731 -0.745433 -0.130251
    outer loop
      vertex 3.40906 -4.44278 0
      vertex 3.39247 -4.42115 -0.207055
      vertex 3.94052 -3.94052 -0.207055
    endloop
  endfacet
  facet normal 0.550844 -0.824382 0.130255
    outer loop
      vertex 3.39247 -4.42115 0.207055
      vertex 2.78637 -4.82614 0.207055
      vertex 3.40906 -4.44278 0
    endloop
  endfacet
  facet normal 0.550839 -0.82439 0.130224
    outer loop
      vertex 2.78637 -4.82614 0.207055
      vertex 2.8 -4.84974 0
      vertex 3.40906 -4.44278 0
    endloop
  endfacet
  facet normal 0.51344 -0.76843 0.38196
    outer loop
      vertex 3.34382 -4.35775 0.4
      vertex 2.74641 -4.75692 0.4
      vertex 3.39247 -4.42115 0.207055
    endloop
  endfacet
  facet normal 0.513442 -0.768407 0.382006
    outer loop
      vertex 2.74641 -4.75692 0.4
      vertex 2.78637 -4.82614 0.207055
      vertex 3.39247 -4.42115 0.207055
    endloop
  endfacet
  facet normal 0.441105 -0.660153 0.607968
    outer loop
      vertex 3.26642 -4.25688 0.565685
      vertex 2.68284 -4.64682 0.565685
      vertex 3.34382 -4.35775 0.4
    endloop
  endfacet
  facet normal 0.441108 -0.660176 0.60794
    outer loop
      vertex 2.68284 -4.64682 0.565685
      vertex 2.74641 -4.75692 0.4
      vertex 3.34382 -4.35775 0.4
    endloop
  endfacet
  facet normal 0.338673 -0.506866 0.792709
    outer loop
      vertex 3.16556 -4.12544 0.69282
      vertex 2.6 -4.50333 0.69282
      vertex 3.26642 -4.25688 0.565685
    endloop
  endfacet
  facet normal 0.338668 -0.506847 0.792723
    outer loop
      vertex 2.6 -4.50333 0.69282
      vertex 2.68284 -4.64682 0.565685
      vertex 3.26642 -4.25688 0.565685
    endloop
  endfacet
  facet normal 0.212996 -0.318762 0.923593
    outer loop
      vertex 3.0481 -3.97236 0.772741
      vertex 2.50353 -4.33624 0.772741
      vertex 3.16556 -4.12544 0.69282
    endloop
  endfacet
  facet normal 0.213001 -0.318783 0.923584
    outer loop
      vertex 2.50353 -4.33624 0.772741
      vertex 2.6 -4.50333 0.69282
      vertex 3.16556 -4.12544 0.69282
    endloop
  endfacet
  facet normal 0.0726699 -0.108759 0.991408
    outer loop
      vertex 2.92205 -3.8081 0.8
      vertex 2.4 -4.15692 0.8
      vertex 3.0481 -3.97236 0.772741
    endloop
  endfacet
  facet normal 0.0726681 -0.108752 0.991409
    outer loop
      vertex 2.4 -4.15692 0.8
      vertex 2.50353 -4.33624 0.772741
      vertex 3.0481 -3.97236 0.772741
    endloop
  endfacet
  facet normal -0.072669 0.108758 0.991409
    outer loop
      vertex 2.79601 -3.64383 0.772741
      vertex 2.29647 -3.97761 0.772741
      vertex 2.92205 -3.8081 0.8
    endloop
  endfacet
  facet normal -0.0726691 0.108758 0.991409
    outer loop
      vertex 2.29647 -3.97761 0.772741
      vertex 2.4 -4.15692 0.8
      vertex 2.92205 -3.8081 0.8
    endloop
  endfacet
  facet normal -0.212993 0.318763 0.923593
    outer loop
      vertex 2.67855 -3.49075 0.69282
      vertex 2.2 -3.81051 0.69282
      vertex 2.79601 -3.64383 0.772741
    endloop
  endfacet
  facet normal -0.212995 0.318771 0.92359
    outer loop
      vertex 2.2 -3.81051 0.69282
      vertex 2.29647 -3.97761 0.772741
      vertex 2.79601 -3.64383 0.772741
    endloop
  endfacet
  facet normal -0.338671 0.506868 0.792709
    outer loop
      vertex 2.57769 -3.35931 0.565685
      vertex 2.11716 -3.66702 0.565685
      vertex 2.67855 -3.49075 0.69282
    endloop
  endfacet
  facet normal -0.338668 0.506848 0.792723
    outer loop
      vertex 2.11716 -3.66702 0.565685
      vertex 2.2 -3.81051 0.69282
      vertex 2.67855 -3.49075 0.69282
    endloop
  endfacet
  facet normal -0.441106 0.660152 0.607968
    outer loop
      vertex 2.50029 -3.25844 0.4
      vertex 2.05359 -3.55692 0.4
      vertex 2.57769 -3.35931 0.565685
    endloop
  endfacet
  facet normal -0.441107 0.660177 0.60794
    outer loop
      vertex 2.05359 -3.55692 0.4
      vertex 2.11716 -3.66702 0.565685
      vertex 2.57769 -3.35931 0.565685
    endloop
  endfacet
  facet normal -0.513447 0.768426 0.381961
    outer loop
      vertex 2.45164 -3.19504 0.207055
      vertex 2.01363 -3.48771 0.207055
      vertex 2.50029 -3.25844 0.4
    endloop
  endfacet
  facet normal -0.513449 0.768419 0.381972
    outer loop
      vertex 2.01363 -3.48771 0.207055
      vertex 2.05359 -3.55692 0.4
      vertex 2.50029 -3.25844 0.4
    endloop
  endfacet
  facet normal -0.550836 0.824387 0.130255
    outer loop
      vertex 2.43505 -3.17341 0
      vertex 2 -3.4641 0
      vertex 2.45164 -3.19504 0.207055
    endloop
  endfacet
  facet normal -0.550838 0.824384 0.130263
    outer loop
      vertex 2 -3.4641 0
      vertex 2.01363 -3.48771 0.207055
      vertex 2.45164 -3.19504 0.207055
    endloop
  endfacet
  facet normal -0.550838 0.824385 -0.130255
    outer loop
      vertex 2.45164 -3.19504 -0.207055
      vertex 2.01363 -3.48771 -0.207055
      vertex 2.43505 -3.17341 0
    endloop
  endfacet
  facet normal -0.550835 0.824386 -0.130263
    outer loop
      vertex 2.01363 -3.48771 -0.207055
      vertex 2 -3.4641 0
      vertex 2.43505 -3.17341 0
    endloop
  endfacet
  facet normal -0.513452 0.768423 -0.381961
    outer loop
      vertex 2.50029 -3.25844 -0.4
      vertex 2.05359 -3.55692 -0.4
      vertex 2.45164 -3.19504 -0.207055
    endloop
  endfacet
  facet normal -0.513445 0.768421 -0.381973
    outer loop
      vertex 2.05359 -3.55692 -0.4
      vertex 2.01363 -3.48771 -0.207055
      vertex 2.45164 -3.19504 -0.207055
    endloop
  endfacet
  facet normal -0.441095 0.660159 -0.607967
    outer loop
      vertex 2.57769 -3.35931 -0.565685
      vertex 2.11716 -3.66702 -0.565685
      vertex 2.50029 -3.25844 -0.4
    endloop
  endfacet
  facet normal -0.441118 0.66017 -0.60794
    outer loop
      vertex 2.11716 -3.66702 -0.565685
      vertex 2.05359 -3.55692 -0.4
      vertex 2.50029 -3.25844 -0.4
    endloop
  endfacet
  facet normal -0.338678 0.506862 -0.792709
    outer loop
      vertex 2.67855 -3.49075 -0.69282
      vertex 2.2 -3.81051 -0.69282
      vertex 2.57769 -3.35931 -0.565685
    endloop
  endfacet
  facet normal -0.338661 0.506852 -0.792723
    outer loop
      vertex 2.2 -3.81051 -0.69282
      vertex 2.11716 -3.66702 -0.565685
      vertex 2.57769 -3.35931 -0.565685
    endloop
  endfacet
  facet normal -0.212991 0.318765 -0.923593
    outer loop
      vertex 2.79601 -3.64383 -0.772741
      vertex 2.29647 -3.97761 -0.772741
      vertex 2.67855 -3.49075 -0.69282
    endloop
  endfacet
  facet normal -0.212997 0.31877 -0.92359
    outer loop
      vertex 2.29647 -3.97761 -0.772741
      vertex 2.2 -3.81051 -0.69282
      vertex 2.67855 -3.49075 -0.69282
    endloop
  endfacet
  facet normal -0.072669 0.108758 -0.991409
    outer loop
      vertex 2.92205 -3.8081 -0.8
      vertex 2.4 -4.15692 -0.8
      vertex 2.79601 -3.64383 -0.772741
    endloop
  endfacet
  facet normal -0.0726692 0.108758 -0.991409
    outer loop
      vertex 2.4 -4.15692 -0.8
      vertex 2.29647 -3.97761 -0.772741
      vertex 2.79601 -3.64383 -0.772741
    endloop
  endfacet
  facet normal 0.0726716 -0.108758 -0.991408
    outer loop
      vertex 3.0481 -3.97236 -0.772741
      vertex 2.50353 -4.33624 -0.772741
      vertex 2.92205 -3.8081 -0.8
    endloop
  endfacet
  facet normal 0.0726662 -0.108754 -0.991409
    outer loop
      vertex 2.50353 -4.33624 -0.772741
      vertex 2.4 -4.15692 -0.8
      vertex 2.92205 -3.8081 -0.8
    endloop
  endfacet
  facet normal 0.21299 -0.318766 -0.923593
    outer loop
      vertex 3.16556 -4.12544 -0.69282
      vertex 2.6 -4.50333 -0.69282
      vertex 3.0481 -3.97236 -0.772741
    endloop
  endfacet
  facet normal 0.213008 -0.31878 -0.923584
    outer loop
      vertex 2.6 -4.50333 -0.69282
      vertex 2.50353 -4.33624 -0.772741
      vertex 3.0481 -3.97236 -0.772741
    endloop
  endfacet
  facet normal 0.338678 -0.506862 -0.792709
    outer loop
      vertex 3.26642 -4.25688 -0.565685
      vertex 2.68284 -4.64682 -0.565685
      vertex 3.16556 -4.12544 -0.69282
    endloop
  endfacet
  facet normal 0.338662 -0.506851 -0.792723
    outer loop
      vertex 2.68284 -4.64682 -0.565685
      vertex 2.6 -4.50333 -0.69282
      vertex 3.16556 -4.12544 -0.69282
    endloop
  endfacet
  facet normal 0.441097 -0.660159 -0.607967
    outer loop
      vertex 3.34382 -4.35775 -0.4
      vertex 2.74641 -4.75692 -0.4
      vertex 3.26642 -4.25688 -0.565685
    endloop
  endfacet
  facet normal 0.441117 -0.66017 -0.60794
    outer loop
      vertex 2.74641 -4.75692 -0.4
      vertex 2.68284 -4.64682 -0.565685
      vertex 3.26642 -4.25688 -0.565685
    endloop
  endfacet
  facet normal 0.513452 -0.768422 -0.381961
    outer loop
      vertex 3.39247 -4.42115 -0.207055
      vertex 2.78637 -4.82614 -0.207055
      vertex 3.34382 -4.35775 -0.4
    endloop
  endfacet
  facet normal 0.51343 -0.768414 -0.382007
    outer loop
      vertex 2.78637 -4.82614 -0.207055
      vertex 2.74641 -4.75692 -0.4
      vertex 3.34382 -4.35775 -0.4
    endloop
  endfacet
  facet normal 0.550836 -0.824387 -0.130255
    outer loop
      vertex 3.40906 -4.44278 0
      vertex 2.8 -4.84974 0
      vertex 3.39247 -4.42115 -0.207055
    endloop
  endfacet
  facet normal 0.550846 -0.824385 -0.130224
    outer loop
      vertex 2.8 -4.84974 0
      vertex 2.78637 -4.82614 -0.207055
      vertex 3.39247 -4.42115 -0.207055
    endloop
  endfacet
  facet normal 0.438519 -0.889238 0.130222
    outer loop
      vertex 2.78637 -4.82614 0.207055
      vertex 2.1326 -5.14854 0.207055
      vertex 2.8 -4.84974 0
    endloop
  endfacet
  facet normal 0.438529 -0.889225 0.130272
    outer loop
      vertex 2.1326 -5.14854 0.207055
      vertex 2.14303 -5.17373 0
      vertex 2.8 -4.84974 0
    endloop
  endfacet
  facet normal 0.408742 -0.828854 0.382008
    outer loop
      vertex 2.74641 -4.75692 0.4
      vertex 2.10201 -5.0747 0.4
      vertex 2.78637 -4.82614 0.207055
    endloop
  endfacet
  facet normal 0.408742 -0.828856 0.382006
    outer loop
      vertex 2.10201 -5.0747 0.4
      vertex 2.1326 -5.14854 0.207055
      vertex 2.78637 -4.82614 0.207055
    endloop
  endfacet
  facet normal 0.351174 -0.7121 0.607939
    outer loop
      vertex 2.68284 -4.64682 0.565685
      vertex 2.05336 -4.95725 0.565685
      vertex 2.74641 -4.75692 0.4
    endloop
  endfacet
  facet normal 0.351175 -0.712118 0.607918
    outer loop
      vertex 2.05336 -4.95725 0.565685
      vertex 2.10201 -5.0747 0.4
      vertex 2.74641 -4.75692 0.4
    endloop
  endfacet
  facet normal 0.269608 -0.546718 0.792724
    outer loop
      vertex 2.6 -4.50333 0.69282
      vertex 1.98995 -4.80417 0.69282
      vertex 2.68284 -4.64682 0.565685
    endloop
  endfacet
  facet normal 0.269607 -0.5467 0.792737
    outer loop
      vertex 1.98995 -4.80417 0.69282
      vertex 2.05336 -4.95725 0.565685
      vertex 2.68284 -4.64682 0.565685
    endloop
  endfacet
  facet normal 0.169572 -0.343857 0.923584
    outer loop
      vertex 2.50353 -4.33624 0.772741
      vertex 1.91612 -4.62592 0.772741
      vertex 2.6 -4.50333 0.69282
    endloop
  endfacet
  facet normal 0.169573 -0.343865 0.923581
    outer loop
      vertex 1.91612 -4.62592 0.772741
      vertex 1.98995 -4.80417 0.69282
      vertex 2.6 -4.50333 0.69282
    endloop
  endfacet
  facet normal 0.0578498 -0.117308 0.991409
    outer loop
      vertex 2.4 -4.15692 0.8
      vertex 1.83688 -4.43462 0.8
      vertex 2.50353 -4.33624 0.772741
    endloop
  endfacet
  facet normal 0.0578497 -0.117307 0.991409
    outer loop
      vertex 1.83688 -4.43462 0.8
      vertex 1.91612 -4.62592 0.772741
      vertex 2.50353 -4.33624 0.772741
    endloop
  endfacet
  facet normal -0.057852 0.117313 0.991409
    outer loop
      vertex 2.29647 -3.97761 0.772741
      vertex 1.75764 -4.24333 0.772741
      vertex 2.4 -4.15692 0.8
    endloop
  endfacet
  facet normal -0.0578519 0.117312 0.991409
    outer loop
      vertex 1.75764 -4.24333 0.772741
      vertex 1.83688 -4.43462 0.8
      vertex 2.4 -4.15692 0.8
    endloop
  endfacet
  facet normal -0.169567 0.343843 0.92359
    outer loop
      vertex 2.2 -3.81051 0.69282
      vertex 1.68381 -4.06507 0.69282
      vertex 2.29647 -3.97761 0.772741
    endloop
  endfacet
  facet normal -0.169567 0.343851 0.923587
    outer loop
      vertex 1.68381 -4.06507 0.69282
      vertex 1.75764 -4.24333 0.772741
      vertex 2.29647 -3.97761 0.772741
    endloop
  endfacet
  facet normal -0.269615 0.546714 0.792724
    outer loop
      vertex 2.11716 -3.66702 0.565685
      vertex 1.6204 -3.912 0.565685
      vertex 2.2 -3.81051 0.69282
    endloop
  endfacet
  facet normal -0.269615 0.546719 0.792721
    outer loop
      vertex 1.6204 -3.912 0.565685
      vertex 1.68381 -4.06507 0.69282
      vertex 2.2 -3.81051 0.69282
    endloop
  endfacet
  facet normal -0.351173 0.712101 0.607939
    outer loop
      vertex 2.05359 -3.55692 0.4
      vertex 1.57175 -3.79454 0.4
      vertex 2.11716 -3.66702 0.565685
    endloop
  endfacet
  facet normal -0.351174 0.712095 0.607945
    outer loop
      vertex 1.57175 -3.79454 0.4
      vertex 1.6204 -3.912 0.565685
      vertex 2.11716 -3.66702 0.565685
    endloop
  endfacet
  facet normal -0.40875 0.828867 0.381972
    outer loop
      vertex 2.01363 -3.48771 0.207055
      vertex 1.54117 -3.7207 0.207055
      vertex 2.05359 -3.55692 0.4
    endloop
  endfacet
  facet normal -0.408753 0.828859 0.381988
    outer loop
      vertex 1.54117 -3.7207 0.207055
      vertex 1.57175 -3.79454 0.4
      vertex 2.05359 -3.55692 0.4
    endloop
  endfacet
  facet normal -0.438523 0.88923 0.130264
    outer loop
      vertex 2 -3.4641 0
      vertex 1.53073 -3.69552 0
      vertex 2.01363 -3.48771 0.207055
    endloop
  endfacet
  facet normal -0.438519 0.889233 0.130251
    outer loop
      vertex 1.53073 -3.69552 0
      vertex 1.54117 -3.7207 0.207055
      vertex 2.01363 -3.48771 0.207055
    endloop
  endfacet
  facet normal -0.438518 0.889232 -0.130264
    outer loop
      vertex 2.01363 -3.48771 -0.207055
      vertex 1.54117 -3.7207 -0.207055
      vertex 2 -3.4641 0
    endloop
  endfacet
  facet normal -0.438523 0.889231 -0.130251
    outer loop
      vertex 1.54117 -3.7207 -0.207055
      vertex 1.53073 -3.69552 0
      vertex 2 -3.4641 0
    endloop
  endfacet
  facet normal -0.408756 0.828864 -0.381972
    outer loop
      vertex 2.05359 -3.55692 -0.4
      vertex 1.57175 -3.79454 -0.4
      vertex 2.01363 -3.48771 -0.207055
    endloop
  endfacet
  facet normal -0.408747 0.828862 -0.381988
    outer loop
      vertex 1.57175 -3.79454 -0.4
      vertex 1.54117 -3.7207 -0.207055
      vertex 2.01363 -3.48771 -0.207055
    endloop
  endfacet
  facet normal -0.351176 0.712099 -0.607939
    outer loop
      vertex 2.11716 -3.66702 -0.565685
      vertex 1.6204 -3.912 -0.565685
      vertex 2.05359 -3.55692 -0.4
    endloop
  endfacet
  facet normal -0.351171 0.712097 -0.607945
    outer loop
      vertex 1.6204 -3.912 -0.565685
      vertex 1.57175 -3.79454 -0.4
      vertex 2.05359 -3.55692 -0.4
    endloop
  endfacet
  facet normal -0.269614 0.546715 -0.792724
    outer loop
      vertex 2.2 -3.81051 -0.69282
      vertex 1.68381 -4.06507 -0.69282
      vertex 2.11716 -3.66702 -0.565685
    endloop
  endfacet
  facet normal -0.269617 0.546718 -0.792721
    outer loop
      vertex 1.68381 -4.06507 -0.69282
      vertex 1.6204 -3.912 -0.565685
      vertex 2.11716 -3.66702 -0.565685
    endloop
  endfacet
  facet normal -0.169564 0.343844 -0.92359
    outer loop
      vertex 2.29647 -3.97761 -0.772741
      vertex 1.75764 -4.24333 -0.772741
      vertex 2.2 -3.81051 -0.69282
    endloop
  endfacet
  facet normal -0.16957 0.34385 -0.923587
    outer loop
      vertex 1.75764 -4.24333 -0.772741
      vertex 1.68381 -4.06507 -0.69282
      vertex 2.2 -3.81051 -0.69282
    endloop
  endfacet
  facet normal -0.0578523 0.117313 -0.991409
    outer loop
      vertex 2.4 -4.15692 -0.8
      vertex 1.83688 -4.43462 -0.8
      vertex 2.29647 -3.97761 -0.772741
    endloop
  endfacet
  facet normal -0.0578516 0.117312 -0.991409
    outer loop
      vertex 1.83688 -4.43462 -0.8
      vertex 1.75764 -4.24333 -0.772741
      vertex 2.29647 -3.97761 -0.772741
    endloop
  endfacet
  facet normal 0.05785 -0.117308 -0.991409
    outer loop
      vertex 2.50353 -4.33624 -0.772741
      vertex 1.91612 -4.62592 -0.772741
      vertex 2.4 -4.15692 -0.8
    endloop
  endfacet
  facet normal 0.0578494 -0.117307 -0.991409
    outer loop
      vertex 1.91612 -4.62592 -0.772741
      vertex 1.83688 -4.43462 -0.8
      vertex 2.4 -4.15692 -0.8
    endloop
  endfacet
  facet normal 0.16957 -0.343858 -0.923584
    outer loop
      vertex 2.6 -4.50333 -0.69282
      vertex 1.98995 -4.80417 -0.69282
      vertex 2.50353 -4.33624 -0.772741
    endloop
  endfacet
  facet normal 0.169576 -0.343864 -0.923581
    outer loop
      vertex 1.98995 -4.80417 -0.69282
      vertex 1.91612 -4.62592 -0.772741
      vertex 2.50353 -4.33624 -0.772741
    endloop
  endfacet
  facet normal 0.269614 -0.546715 -0.792724
    outer loop
      vertex 2.68284 -4.64682 -0.565685
      vertex 2.05336 -4.95725 -0.565685
      vertex 2.6 -4.50333 -0.69282
    endloop
  endfacet
  facet normal 0.269601 -0.546702 -0.792737
    outer loop
      vertex 2.05336 -4.95725 -0.565685
      vertex 1.98995 -4.80417 -0.69282
      vertex 2.6 -4.50333 -0.69282
    endloop
  endfacet
  facet normal 0.351167 -0.712104 -0.607939
    outer loop
      vertex 2.74641 -4.75692 -0.4
      vertex 2.10201 -5.0747 -0.4
      vertex 2.68284 -4.64682 -0.565685
    endloop
  endfacet
  facet normal 0.351182 -0.712115 -0.607918
    outer loop
      vertex 2.10201 -5.0747 -0.4
      vertex 2.05336 -4.95725 -0.565685
      vertex 2.68284 -4.64682 -0.565685
    endloop
  endfacet
  facet normal 0.408741 -0.828855 -0.382008
    outer loop
      vertex 2.78637 -4.82614 -0.207055
      vertex 2.1326 -5.14854 -0.207055
      vertex 2.74641 -4.75692 -0.4
    endloop
  endfacet
  facet normal 0.408742 -0.828855 -0.382006
    outer loop
      vertex 2.1326 -5.14854 -0.207055
      vertex 2.10201 -5.0747 -0.4
      vertex 2.74641 -4.75692 -0.4
    endloop
  endfacet
  facet normal 0.438532 -0.889231 -0.130222
    outer loop
      vertex 2.8 -4.84974 0
      vertex 2.14303 -5.17373 0
      vertex 2.78637 -4.82614 -0.207055
    endloop
  endfacet
  facet normal 0.438516 -0.889232 -0.130272
    outer loop
      vertex 2.14303 -5.17373 0
      vertex 2.1326 -5.14854 -0.207055
      vertex 2.78637 -4.82614 -0.207055
    endloop
  endfacet
  facet normal 0.318694 -0.938863 0.130274
    outer loop
      vertex 2.1326 -5.14854 0.207055
      vertex 1.44233 -5.38285 0.207055
      vertex 2.14303 -5.17373 0
    endloop
  endfacet
  facet normal 0.31869 -0.938866 0.130257
    outer loop
      vertex 1.44233 -5.38285 0.207055
      vertex 1.44939 -5.40918 0
      vertex 2.14303 -5.17373 0
    endloop
  endfacet
  facet normal 0.297072 -0.875112 0.382004
    outer loop
      vertex 2.10201 -5.0747 0.4
      vertex 1.42165 -5.30566 0.4
      vertex 2.1326 -5.14854 0.207055
    endloop
  endfacet
  facet normal 0.297063 -0.875139 0.381949
    outer loop
      vertex 1.42165 -5.30566 0.4
      vertex 1.44233 -5.38285 0.207055
      vertex 2.1326 -5.14854 0.207055
    endloop
  endfacet
  facet normal 0.255215 -0.751866 0.607917
    outer loop
      vertex 2.05336 -4.95725 0.565685
      vertex 1.38874 -5.18285 0.565685
      vertex 2.10201 -5.0747 0.4
    endloop
  endfacet
  facet normal 0.25522 -0.751825 0.607966
    outer loop
      vertex 1.38874 -5.18285 0.565685
      vertex 1.42165 -5.30566 0.4
      vertex 2.10201 -5.0747 0.4
    endloop
  endfacet
  facet normal 0.195939 -0.577215 0.792736
    outer loop
      vertex 1.98995 -4.80417 0.69282
      vertex 1.34586 -5.02281 0.69282
      vertex 2.05336 -4.95725 0.565685
    endloop
  endfacet
  facet normal 0.195938 -0.577236 0.792721
    outer loop
      vertex 1.34586 -5.02281 0.69282
      vertex 1.38874 -5.18285 0.565685
      vertex 2.05336 -4.95725 0.565685
    endloop
  endfacet
  facet normal 0.123236 -0.363058 0.923581
    outer loop
      vertex 1.91612 -4.62592 0.772741
      vertex 1.29592 -4.83644 0.772741
      vertex 1.98995 -4.80417 0.69282
    endloop
  endfacet
  facet normal 0.123236 -0.36304 0.923588
    outer loop
      vertex 1.29592 -4.83644 0.772741
      vertex 1.34586 -5.02281 0.69282
      vertex 1.98995 -4.80417 0.69282
    endloop
  endfacet
  facet normal 0.0420424 -0.123855 0.991409
    outer loop
      vertex 1.83688 -4.43462 0.8
      vertex 1.24233 -4.63644 0.8
      vertex 1.91612 -4.62592 0.772741
    endloop
  endfacet
  facet normal 0.0420425 -0.123859 0.991409
    outer loop
      vertex 1.24233 -4.63644 0.8
      vertex 1.29592 -4.83644 0.772741
      vertex 1.91612 -4.62592 0.772741
    endloop
  endfacet
  facet normal -0.0420437 0.12386 0.991409
    outer loop
      vertex 1.75764 -4.24333 0.772741
      vertex 1.18874 -4.43644 0.772741
      vertex 1.83688 -4.43462 0.8
    endloop
  endfacet
  facet normal -0.0420437 0.123858 0.991409
    outer loop
      vertex 1.18874 -4.43644 0.772741
      vertex 1.24233 -4.63644 0.8
      vertex 1.83688 -4.43462 0.8
    endloop
  endfacet
  facet normal -0.123232 0.363042 0.923588
    outer loop
      vertex 1.68381 -4.06507 0.69282
      vertex 1.1388 -4.25007 0.69282
      vertex 1.75764 -4.24333 0.772741
    endloop
  endfacet
  facet normal -0.123232 0.363041 0.923588
    outer loop
      vertex 1.1388 -4.25007 0.69282
      vertex 1.18874 -4.43644 0.772741
      vertex 1.75764 -4.24333 0.772741
    endloop
  endfacet
  facet normal -0.195938 0.577239 0.792719
    outer loop
      vertex 1.6204 -3.912 0.565685
      vertex 1.09592 -4.09003 0.565685
      vertex 1.68381 -4.06507 0.69282
    endloop
  endfacet
  facet normal -0.195939 0.577236 0.792721
    outer loop
      vertex 1.09592 -4.09003 0.565685
      vertex 1.1388 -4.25007 0.69282
      vertex 1.68381 -4.06507 0.69282
    endloop
  endfacet
  facet normal -0.255215 0.751842 0.607946
    outer loop
      vertex 1.57175 -3.79454 0.4
      vertex 1.06302 -3.96723 0.4
      vertex 1.6204 -3.912 0.565685
    endloop
  endfacet
  facet normal -0.255211 0.751858 0.607928
    outer loop
      vertex 1.06302 -3.96723 0.4
      vertex 1.09592 -4.09003 0.565685
      vertex 1.6204 -3.912 0.565685
    endloop
  endfacet
  facet normal -0.297058 0.875123 0.38199
    outer loop
      vertex 1.54117 -3.7207 0.207055
      vertex 1.04233 -3.89003 0.207055
      vertex 1.57175 -3.79454 0.4
    endloop
  endfacet
  facet normal -0.297061 0.875117 0.382001
    outer loop
      vertex 1.04233 -3.89003 0.207055
      vertex 1.06302 -3.96723 0.4
      vertex 1.57175 -3.79454 0.4
    endloop
  endfacet
  facet normal -0.318697 0.938866 0.130245
    outer loop
      vertex 1.53073 -3.69552 0
      vertex 1.03528 -3.8637 0
      vertex 1.54117 -3.7207 0.207055
    endloop
  endfacet
  facet normal -0.318696 0.938866 0.130242
    outer loop
      vertex 1.03528 -3.8637 0
      vertex 1.04233 -3.89003 0.207055
      vertex 1.54117 -3.7207 0.207055
    endloop
  endfacet
  facet normal -0.318696 0.938866 -0.130245
    outer loop
      vertex 1.54117 -3.7207 -0.207055
      vertex 1.04233 -3.89003 -0.207055
      vertex 1.53073 -3.69552 0
    endloop
  endfacet
  facet normal -0.318697 0.938866 -0.130242
    outer loop
      vertex 1.04233 -3.89003 -0.207055
      vertex 1.03528 -3.8637 0
      vertex 1.53073 -3.69552 0
    endloop
  endfacet
  facet normal -0.297063 0.875121 -0.38199
    outer loop
      vertex 1.57175 -3.79454 -0.4
      vertex 1.06302 -3.96723 -0.4
      vertex 1.54117 -3.7207 -0.207055
    endloop
  endfacet
  facet normal -0.297057 0.875118 -0.382001
    outer loop
      vertex 1.06302 -3.96723 -0.4
      vertex 1.04233 -3.89003 -0.207055
      vertex 1.54117 -3.7207 -0.207055
    endloop
  endfacet
  facet normal -0.255207 0.751845 -0.607946
    outer loop
      vertex 1.6204 -3.912 -0.565685
      vertex 1.09592 -4.09003 -0.565685
      vertex 1.57175 -3.79454 -0.4
    endloop
  endfacet
  facet normal -0.25522 0.751855 -0.607928
    outer loop
      vertex 1.09592 -4.09003 -0.565685
      vertex 1.06302 -3.96723 -0.4
      vertex 1.57175 -3.79454 -0.4
    endloop
  endfacet
  facet normal -0.19594 0.577238 -0.792719
    outer loop
      vertex 1.68381 -4.06507 -0.69282
      vertex 1.1388 -4.25007 -0.69282
      vertex 1.6204 -3.912 -0.565685
    endloop
  endfacet
  facet normal -0.195938 0.577236 -0.792721
    outer loop
      vertex 1.1388 -4.25007 -0.69282
      vertex 1.09592 -4.09003 -0.565685
      vertex 1.6204 -3.912 -0.565685
    endloop
  endfacet
  facet normal -0.123233 0.363042 -0.923588
    outer loop
      vertex 1.75764 -4.24333 -0.772741
      vertex 1.18874 -4.43644 -0.772741
      vertex 1.68381 -4.06507 -0.69282
    endloop
  endfacet
  facet normal -0.123232 0.363041 -0.923588
    outer loop
      vertex 1.18874 -4.43644 -0.772741
      vertex 1.1388 -4.25007 -0.69282
      vertex 1.68381 -4.06507 -0.69282
    endloop
  endfacet
  facet normal -0.0420443 0.12386 -0.991409
    outer loop
      vertex 1.83688 -4.43462 -0.8
      vertex 1.24233 -4.63644 -0.8
      vertex 1.75764 -4.24333 -0.772741
    endloop
  endfacet
  facet normal -0.0420431 0.123859 -0.991409
    outer loop
      vertex 1.24233 -4.63644 -0.8
      vertex 1.18874 -4.43644 -0.772741
      vertex 1.75764 -4.24333 -0.772741
    endloop
  endfacet
  facet normal 0.0420412 -0.123855 -0.991409
    outer loop
      vertex 1.91612 -4.62592 -0.772741
      vertex 1.29592 -4.83644 -0.772741
      vertex 1.83688 -4.43462 -0.8
    endloop
  endfacet
  facet normal 0.0420437 -0.123858 -0.991409
    outer loop
      vertex 1.29592 -4.83644 -0.772741
      vertex 1.24233 -4.63644 -0.8
      vertex 1.83688 -4.43462 -0.8
    endloop
  endfacet
  facet normal 0.123241 -0.363055 -0.923581
    outer loop
      vertex 1.98995 -4.80417 -0.69282
      vertex 1.34586 -5.02281 -0.69282
      vertex 1.91612 -4.62592 -0.772741
    endloop
  endfacet
  facet normal 0.12323 -0.363041 -0.923588
    outer loop
      vertex 1.34586 -5.02281 -0.69282
      vertex 1.29592 -4.83644 -0.772741
      vertex 1.91612 -4.62592 -0.772741
    endloop
  endfacet
  facet normal 0.195932 -0.577218 -0.792736
    outer loop
      vertex 2.05336 -4.95725 -0.565685
      vertex 1.38874 -5.18285 -0.565685
      vertex 1.98995 -4.80417 -0.69282
    endloop
  endfacet
  facet normal 0.195945 -0.577234 -0.792721
    outer loop
      vertex 1.38874 -5.18285 -0.565685
      vertex 1.34586 -5.02281 -0.69282
      vertex 1.98995 -4.80417 -0.69282
    endloop
  endfacet
  facet normal 0.255232 -0.751859 -0.607918
    outer loop
      vertex 2.10201 -5.0747 -0.4
      vertex 1.42165 -5.30566 -0.4
      vertex 2.05336 -4.95725 -0.565685
    endloop
  endfacet
  facet normal 0.255203 -0.75183 -0.607967
    outer loop
      vertex 1.42165 -5.30566 -0.4
      vertex 1.38874 -5.18285 -0.565685
      vertex 2.05336 -4.95725 -0.565685
    endloop
  endfacet
  facet normal 0.297056 -0.875118 -0.382003
    outer loop
      vertex 2.1326 -5.14854 -0.207055
      vertex 1.44233 -5.38285 -0.207055
      vertex 2.10201 -5.0747 -0.4
    endloop
  endfacet
  facet normal 0.297079 -0.875134 -0.381949
    outer loop
      vertex 1.44233 -5.38285 -0.207055
      vertex 1.42165 -5.30566 -0.4
      vertex 2.10201 -5.0747 -0.4
    endloop
  endfacet
  facet normal 0.318689 -0.938864 -0.130274
    outer loop
      vertex 2.14303 -5.17373 0
      vertex 1.44939 -5.40918 0
      vertex 2.1326 -5.14854 -0.207055
    endloop
  endfacet
  facet normal 0.318695 -0.938865 -0.130257
    outer loop
      vertex 1.44939 -5.40918 0
      vertex 1.44233 -5.38285 -0.207055
      vertex 2.1326 -5.14854 -0.207055
    endloop
  endfacet
  facet normal 0.193427 -0.97243 0.130254
    outer loop
      vertex 1.44233 -5.38285 0.207055
      vertex 0.727389 -5.52506 0.207055
      vertex 1.44939 -5.40918 0
    endloop
  endfacet
  facet normal 0.193432 -0.972427 0.130269
    outer loop
      vertex 0.727389 -5.52506 0.207055
      vertex 0.730947 -5.55209 0
      vertex 1.44939 -5.40918 0
    endloop
  endfacet
  facet normal 0.180296 -0.906425 0.381951
    outer loop
      vertex 1.42165 -5.30566 0.4
      vertex 0.716957 -5.44583 0.4
      vertex 1.44233 -5.38285 0.207055
    endloop
  endfacet
  facet normal 0.180298 -0.906422 0.381957
    outer loop
      vertex 0.716957 -5.44583 0.4
      vertex 0.727389 -5.52506 0.207055
      vertex 1.44233 -5.38285 0.207055
    endloop
  endfacet
  facet normal 0.154898 -0.778707 0.607965
    outer loop
      vertex 1.38874 -5.18285 0.565685
      vertex 0.700363 -5.31978 0.565685
      vertex 1.42165 -5.30566 0.4
    endloop
  endfacet
  facet normal 0.154895 -0.77872 0.607949
    outer loop
      vertex 0.700363 -5.31978 0.565685
      vertex 0.716957 -5.44583 0.4
      vertex 1.42165 -5.30566 0.4
    endloop
  endfacet
  facet normal 0.118925 -0.597871 0.792722
    outer loop
      vertex 1.34586 -5.02281 0.69282
      vertex 0.678736 -5.15551 0.69282
      vertex 1.38874 -5.18285 0.565685
    endloop
  endfacet
  facet normal 0.118926 -0.597865 0.792726
    outer loop
      vertex 0.678736 -5.15551 0.69282
      vertex 0.700363 -5.31978 0.565685
      vertex 1.38874 -5.18285 0.565685
    endloop
  endfacet
  facet normal 0.0747978 -0.376019 0.923588
    outer loop
      vertex 1.29592 -4.83644 0.772741
      vertex 0.653552 -4.96422 0.772741
      vertex 1.34586 -5.02281 0.69282
    endloop
  endfacet
  facet normal 0.0747968 -0.376027 0.923585
    outer loop
      vertex 0.653552 -4.96422 0.772741
      vertex 0.678736 -5.15551 0.69282
      vertex 1.34586 -5.02281 0.69282
    endloop
  endfacet
  facet normal 0.0255196 -0.128286 0.991409
    outer loop
      vertex 1.24233 -4.63644 0.8
      vertex 0.626526 -4.75894 0.8
      vertex 1.29592 -4.83644 0.772741
    endloop
  endfacet
  facet normal 0.0255192 -0.128289 0.991408
    outer loop
      vertex 0.626526 -4.75894 0.8
      vertex 0.653552 -4.96422 0.772741
      vertex 1.29592 -4.83644 0.772741
    endloop
  endfacet
  facet normal -0.0255184 0.128286 0.991409
    outer loop
      vertex 1.18874 -4.43644 0.772741
      vertex 0.5995 -4.55365 0.772741
      vertex 1.24233 -4.63644 0.8
    endloop
  endfacet
  facet normal -0.0255189 0.128283 0.991409
    outer loop
      vertex 0.5995 -4.55365 0.772741
      vertex 0.626526 -4.75894 0.8
      vertex 1.24233 -4.63644 0.8
    endloop
  endfacet
  facet normal -0.0747994 0.376019 0.923588
    outer loop
      vertex 1.1388 -4.25007 0.69282
      vertex 0.574315 -4.36236 0.69282
      vertex 1.18874 -4.43644 0.772741
    endloop
  endfacet
  facet normal -0.0747981 0.376026 0.923585
    outer loop
      vertex 0.574315 -4.36236 0.69282
      vertex 0.5995 -4.55365 0.772741
      vertex 1.18874 -4.43644 0.772741
    endloop
  endfacet
  facet normal -0.118929 0.59787 0.792722
    outer loop
      vertex 1.09592 -4.09003 0.565685
      vertex 0.552689 -4.19809 0.565685
      vertex 1.1388 -4.25007 0.69282
    endloop
  endfacet
  facet normal -0.11893 0.597864 0.792726
    outer loop
      vertex 0.552689 -4.19809 0.565685
      vertex 0.574315 -4.36236 0.69282
      vertex 1.1388 -4.25007 0.69282
    endloop
  endfacet
  facet normal -0.154897 0.778735 0.60793
    outer loop
      vertex 1.06302 -3.96723 0.4
      vertex 0.536095 -4.07204 0.4
      vertex 1.09592 -4.09003 0.565685
    endloop
  endfacet
  facet normal -0.154903 0.778719 0.607949
    outer loop
      vertex 0.536095 -4.07204 0.4
      vertex 0.552689 -4.19809 0.565685
      vertex 1.09592 -4.09003 0.565685
    endloop
  endfacet
  facet normal -0.18031 0.906402 0.381999
    outer loop
      vertex 1.04233 -3.89003 0.207055
      vertex 0.525663 -3.99281 0.207055
      vertex 1.06302 -3.96723 0.4
    endloop
  endfacet
  facet normal -0.180295 0.906423 0.381957
    outer loop
      vertex 0.525663 -3.99281 0.207055
      vertex 0.536095 -4.07204 0.4
      vertex 1.06302 -3.96723 0.4
    endloop
  endfacet
  facet normal -0.193434 0.97243 0.130245
    outer loop
      vertex 1.03528 -3.8637 0
      vertex 0.522105 -3.96578 0
      vertex 1.04233 -3.89003 0.207055
    endloop
  endfacet
  facet normal -0.193443 0.972425 0.130269
    outer loop
      vertex 0.522105 -3.96578 0
      vertex 0.525663 -3.99281 0.207055
      vertex 1.04233 -3.89003 0.207055
    endloop
  endfacet
  facet normal -0.193444 0.972428 -0.130245
    outer loop
      vertex 1.04233 -3.89003 -0.207055
      vertex 0.525663 -3.99281 -0.207055
      vertex 1.03528 -3.8637 0
    endloop
  endfacet
  facet normal -0.193434 0.972427 -0.130269
    outer loop
      vertex 0.525663 -3.99281 -0.207055
      vertex 0.522105 -3.96578 0
      vertex 1.03528 -3.8637 0
    endloop
  endfacet
  facet normal -0.180292 0.906406 -0.381999
    outer loop
      vertex 1.06302 -3.96723 -0.4
      vertex 0.536095 -4.07204 -0.4
      vertex 1.04233 -3.89003 -0.207055
    endloop
  endfacet
  facet normal -0.180313 0.906419 -0.381957
    outer loop
      vertex 0.536095 -4.07204 -0.4
      vertex 0.525663 -3.99281 -0.207055
      vertex 1.04233 -3.89003 -0.207055
    endloop
  endfacet
  facet normal -0.154906 0.778733 -0.60793
    outer loop
      vertex 1.09592 -4.09003 -0.565685
      vertex 0.552689 -4.19809 -0.565685
      vertex 1.06302 -3.96723 -0.4
    endloop
  endfacet
  facet normal -0.154894 0.778721 -0.607949
    outer loop
      vertex 0.552689 -4.19809 -0.565685
      vertex 0.536095 -4.07204 -0.4
      vertex 1.06302 -3.96723 -0.4
    endloop
  endfacet
  facet normal -0.118931 0.597869 -0.792722
    outer loop
      vertex 1.1388 -4.25007 -0.69282
      vertex 0.574315 -4.36236 -0.69282
      vertex 1.09592 -4.09003 -0.565685
    endloop
  endfacet
  facet normal -0.118928 0.597865 -0.792726
    outer loop
      vertex 0.574315 -4.36236 -0.69282
      vertex 0.552689 -4.19809 -0.565685
      vertex 1.09592 -4.09003 -0.565685
    endloop
  endfacet
  facet normal -0.0747967 0.376019 -0.923588
    outer loop
      vertex 1.18874 -4.43644 -0.772741
      vertex 0.5995 -4.55365 -0.772741
      vertex 1.1388 -4.25007 -0.69282
    endloop
  endfacet
  facet normal -0.0748008 0.376026 -0.923585
    outer loop
      vertex 0.5995 -4.55365 -0.772741
      vertex 0.574315 -4.36236 -0.69282
      vertex 1.1388 -4.25007 -0.69282
    endloop
  endfacet
  facet normal -0.0255196 0.128286 -0.991409
    outer loop
      vertex 1.24233 -4.63644 -0.8
      vertex 0.626526 -4.75894 -0.8
      vertex 1.18874 -4.43644 -0.772741
    endloop
  endfacet
  facet normal -0.0255177 0.128283 -0.991409
    outer loop
      vertex 0.626526 -4.75894 -0.8
      vertex 0.5995 -4.55365 -0.772741
      vertex 1.18874 -4.43644 -0.772741
    endloop
  endfacet
  facet normal 0.0255187 -0.128286 -0.991409
    outer loop
      vertex 1.29592 -4.83644 -0.772741
      vertex 0.653552 -4.96422 -0.772741
      vertex 1.24233 -4.63644 -0.8
    endloop
  endfacet
  facet normal 0.0255201 -0.128289 -0.991408
    outer loop
      vertex 0.653552 -4.96422 -0.772741
      vertex 0.626526 -4.75894 -0.8
      vertex 1.24233 -4.63644 -0.8
    endloop
  endfacet
  facet normal 0.0747954 -0.37602 -0.923588
    outer loop
      vertex 1.34586 -5.02281 -0.69282
      vertex 0.678736 -5.15551 -0.69282
      vertex 1.29592 -4.83644 -0.772741
    endloop
  endfacet
  facet normal 0.0747993 -0.376026 -0.923585
    outer loop
      vertex 0.678736 -5.15551 -0.69282
      vertex 0.653552 -4.96422 -0.772741
      vertex 1.29592 -4.83644 -0.772741
    endloop
  endfacet
  facet normal 0.118927 -0.59787 -0.792722
    outer loop
      vertex 1.38874 -5.18285 -0.565685
      vertex 0.700363 -5.31978 -0.565685
      vertex 1.34586 -5.02281 -0.69282
    endloop
  endfacet
  facet normal 0.118923 -0.597865 -0.792726
    outer loop
      vertex 0.700363 -5.31978 -0.565685
      vertex 0.678736 -5.15551 -0.69282
      vertex 1.34586 -5.02281 -0.69282
    endloop
  endfacet
  facet normal 0.154892 -0.778708 -0.607965
    outer loop
      vertex 1.42165 -5.30566 -0.4
      vertex 0.716957 -5.44583 -0.4
      vertex 1.38874 -5.18285 -0.565685
    endloop
  endfacet
  facet normal 0.154901 -0.778719 -0.607949
    outer loop
      vertex 0.716957 -5.44583 -0.4
      vertex 0.700363 -5.31978 -0.565685
      vertex 1.38874 -5.18285 -0.565685
    endloop
  endfacet
  facet normal 0.180298 -0.906425 -0.381951
    outer loop
      vertex 1.44233 -5.38285 -0.207055
      vertex 0.727389 -5.52506 -0.207055
      vertex 1.42165 -5.30566 -0.4
    endloop
  endfacet
  facet normal 0.180296 -0.906423 -0.381957
    outer loop
      vertex 0.727389 -5.52506 -0.207055
      vertex 0.716957 -5.44583 -0.4
      vertex 1.42165 -5.30566 -0.4
    endloop
  endfacet
  facet normal 0.193432 -0.972429 -0.130254
    outer loop
      vertex 1.44939 -5.40918 0
      vertex 0.730947 -5.55209 0
      vertex 1.44233 -5.38285 -0.207055
    endloop
  endfacet
  facet normal 0.193427 -0.972428 -0.130269
    outer loop
      vertex 0.730947 -5.55209 0
      vertex 0.727389 -5.52506 -0.207055
      vertex 1.44233 -5.38285 -0.207055
    endloop
  endfacet
  facet normal 0.0648518 -0.989355 0.13027
    outer loop
      vertex 0.727389 -5.52506 0.207055
      vertex -0 -5.57274 0.207055
      vertex 0.730947 -5.55209 0
    endloop
  endfacet
  facet normal 0.0648476 -0.989358 0.130255
    outer loop
      vertex -0 -5.57274 0.207055
      vertex -0 -5.6 0
      vertex 0.730947 -5.55209 0
    endloop
  endfacet
  facet normal 0.0604419 -0.922202 0.381956
    outer loop
      vertex 0.716957 -5.44583 0.4
      vertex -0 -5.49282 0.4
      vertex 0.727389 -5.52506 0.207055
    endloop
  endfacet
  facet normal 0.0604492 -0.922191 0.381982
    outer loop
      vertex -0 -5.49282 0.4
      vertex -0 -5.57274 0.207055
      vertex 0.727389 -5.52506 0.207055
    endloop
  endfacet
  facet normal 0.051935 -0.792275 0.607949
    outer loop
      vertex 0.700363 -5.31978 0.565685
      vertex -0 -5.36569 0.565685
      vertex 0.716957 -5.44583 0.4
    endloop
  endfacet
  facet normal 0.0519276 -0.792294 0.607926
    outer loop
      vertex -0 -5.36569 0.565685
      vertex -0 -5.49282 0.4
      vertex 0.716957 -5.44583 0.4
    endloop
  endfacet
  facet normal 0.0398712 -0.608273 0.792726
    outer loop
      vertex 0.678736 -5.15551 0.69282
      vertex -0 -5.2 0.69282
      vertex 0.700363 -5.31978 0.565685
    endloop
  endfacet
  facet normal 0.039873 -0.608267 0.79273
    outer loop
      vertex -0 -5.2 0.69282
      vertex -0 -5.36569 0.565685
      vertex 0.700363 -5.31978 0.565685
    endloop
  endfacet
  facet normal 0.0250774 -0.382572 0.923585
    outer loop
      vertex 0.653552 -4.96422 0.772741
      vertex -0 -5.00706 0.772741
      vertex 0.678736 -5.15551 0.69282
    endloop
  endfacet
  facet normal 0.0250771 -0.382574 0.923585
    outer loop
      vertex -0 -5.00706 0.772741
      vertex -0 -5.2 0.69282
      vertex 0.678736 -5.15551 0.69282
    endloop
  endfacet
  facet normal 0.00855391 -0.130522 0.991408
    outer loop
      vertex 0.626526 -4.75894 0.8
      vertex -0 -4.8 0.8
      vertex 0.653552 -4.96422 0.772741
    endloop
  endfacet
  facet normal 0.00855531 -0.130517 0.991409
    outer loop
      vertex -0 -4.8 0.8
      vertex -0 -5.00706 0.772741
      vertex 0.653552 -4.96422 0.772741
    endloop
  endfacet
  facet normal -0.00855376 0.130516 0.991409
    outer loop
      vertex 0.5995 -4.55365 0.772741
      vertex -0 -4.59294 0.772741
      vertex 0.626526 -4.75894 0.8
    endloop
  endfacet
  facet normal -0.00855355 0.130517 0.991409
    outer loop
      vertex -0 -4.59294 0.772741
      vertex -0 -4.8 0.8
      vertex 0.626526 -4.75894 0.8
    endloop
  endfacet
  facet normal -0.0250734 0.382573 0.923585
    outer loop
      vertex 0.574315 -4.36236 0.69282
      vertex -0 -4.4 0.69282
      vertex 0.5995 -4.55365 0.772741
    endloop
  endfacet
  facet normal -0.0250731 0.382574 0.923585
    outer loop
      vertex -0 -4.4 0.69282
      vertex -0 -4.59294 0.772741
      vertex 0.5995 -4.55365 0.772741
    endloop
  endfacet
  facet normal -0.0398627 0.608274 0.792726
    outer loop
      vertex 0.552689 -4.19809 0.565685
      vertex -0 -4.23431 0.565685
      vertex 0.574315 -4.36236 0.69282
    endloop
  endfacet
  facet normal -0.0398652 0.608267 0.792731
    outer loop
      vertex -0 -4.23431 0.565685
      vertex -0 -4.4 0.69282
      vertex 0.574315 -4.36236 0.69282
    endloop
  endfacet
  facet normal -0.0519321 0.792276 0.607949
    outer loop
      vertex 0.536095 -4.07204 0.4
      vertex -0 -4.10718 0.4
      vertex 0.552689 -4.19809 0.565685
    endloop
  endfacet
  facet normal -0.0519223 0.792294 0.607927
    outer loop
      vertex -0 -4.10718 0.4
      vertex -0 -4.23431 0.565685
      vertex 0.552689 -4.19809 0.565685
    endloop
  endfacet
  facet normal -0.0604377 0.922202 0.381956
    outer loop
      vertex 0.525663 -3.99281 0.207055
      vertex -0 -4.02726 0.207055
      vertex 0.536095 -4.07204 0.4
    endloop
  endfacet
  facet normal -0.0604478 0.922191 0.381982
    outer loop
      vertex -0 -4.02726 0.207055
      vertex -0 -4.10718 0.4
      vertex 0.536095 -4.07204 0.4
    endloop
  endfacet
  facet normal -0.0648447 0.989356 0.13027
    outer loop
      vertex 0.522105 -3.96578 0
      vertex -0 -4 0
      vertex 0.525663 -3.99281 0.207055
    endloop
  endfacet
  facet normal -0.0648389 0.989358 0.130255
    outer loop
      vertex -0 -4 0
      vertex -0 -4.02726 0.207055
      vertex 0.525663 -3.99281 0.207055
    endloop
  endfacet
  facet normal -0.0648387 0.989356 -0.13027
    outer loop
      vertex 0.525663 -3.99281 -0.207055
      vertex -0 -4.02726 -0.207055
      vertex 0.522105 -3.96578 0
    endloop
  endfacet
  facet normal -0.0648449 0.989358 -0.130255
    outer loop
      vertex -0 -4.02726 -0.207055
      vertex -0 -4 0
      vertex 0.522105 -3.96578 0
    endloop
  endfacet
  facet normal -0.0604485 0.922201 -0.381957
    outer loop
      vertex 0.536095 -4.07204 -0.4
      vertex -0 -4.10718 -0.4
      vertex 0.525663 -3.99281 -0.207055
    endloop
  endfacet
  facet normal -0.060437 0.922191 -0.381982
    outer loop
      vertex -0 -4.10718 -0.4
      vertex -0 -4.02726 -0.207055
      vertex 0.525663 -3.99281 -0.207055
    endloop
  endfacet
  facet normal -0.0519212 0.792277 -0.607949
    outer loop
      vertex 0.552689 -4.19809 -0.565685
      vertex -0 -4.23431 -0.565685
      vertex 0.536095 -4.07204 -0.4
    endloop
  endfacet
  facet normal -0.0519333 0.792293 -0.607926
    outer loop
      vertex -0 -4.23431 -0.565685
      vertex -0 -4.10718 -0.4
      vertex 0.536095 -4.07204 -0.4
    endloop
  endfacet
  facet normal -0.0398656 0.608273 -0.792726
    outer loop
      vertex 0.574315 -4.36236 -0.69282
      vertex -0 -4.4 -0.69282
      vertex 0.552689 -4.19809 -0.565685
    endloop
  endfacet
  facet normal -0.0398623 0.608267 -0.792731
    outer loop
      vertex -0 -4.4 -0.69282
      vertex -0 -4.23431 -0.565685
      vertex 0.552689 -4.19809 -0.565685
    endloop
  endfacet
  facet normal -0.025073 0.382573 -0.923585
    outer loop
      vertex 0.5995 -4.55365 -0.772741
      vertex -0 -4.59294 -0.772741
      vertex 0.574315 -4.36236 -0.69282
    endloop
  endfacet
  facet normal -0.0250735 0.382574 -0.923585
    outer loop
      vertex -0 -4.59294 -0.772741
      vertex -0 -4.4 -0.69282
      vertex 0.574315 -4.36236 -0.69282
    endloop
  endfacet
  facet normal -0.0085535 0.130516 -0.991409
    outer loop
      vertex 0.626526 -4.75894 -0.8
      vertex -0 -4.8 -0.8
      vertex 0.5995 -4.55365 -0.772741
    endloop
  endfacet
  facet normal -0.00855381 0.130517 -0.991409
    outer loop
      vertex -0 -4.8 -0.8
      vertex -0 -4.59294 -0.772741
      vertex 0.5995 -4.55365 -0.772741
    endloop
  endfacet
  facet normal 0.00855566 -0.130522 -0.991408
    outer loop
      vertex 0.653552 -4.96422 -0.772741
      vertex -0 -5.00706 -0.772741
      vertex 0.626526 -4.75894 -0.8
    endloop
  endfacet
  facet normal 0.00855355 -0.130517 -0.991409
    outer loop
      vertex -0 -5.00706 -0.772741
      vertex -0 -4.8 -0.8
      vertex 0.626526 -4.75894 -0.8
    endloop
  endfacet
  facet normal 0.025077 -0.382573 -0.923585
    outer loop
      vertex 0.678736 -5.15551 -0.69282
      vertex -0 -5.2 -0.69282
      vertex 0.653552 -4.96422 -0.772741
    endloop
  endfacet
  facet normal 0.0250775 -0.382574 -0.923585
    outer loop
      vertex -0 -5.2 -0.69282
      vertex -0 -5.00706 -0.772741
      vertex 0.653552 -4.96422 -0.772741
    endloop
  endfacet
  facet normal 0.0398733 -0.608272 -0.792726
    outer loop
      vertex 0.700363 -5.31978 -0.565685
      vertex -0 -5.36569 -0.565685
      vertex 0.678736 -5.15551 -0.69282
    endloop
  endfacet
  facet normal 0.0398709 -0.608267 -0.79273
    outer loop
      vertex -0 -5.36569 -0.565685
      vertex -0 -5.2 -0.69282
      vertex 0.678736 -5.15551 -0.69282
    endloop
  endfacet
  facet normal 0.0519265 -0.792276 -0.607949
    outer loop
      vertex 0.716957 -5.44583 -0.4
      vertex -0 -5.49282 -0.4
      vertex 0.700363 -5.31978 -0.565685
    endloop
  endfacet
  facet normal 0.0519362 -0.792293 -0.607926
    outer loop
      vertex -0 -5.49282 -0.4
      vertex -0 -5.36569 -0.565685
      vertex 0.700363 -5.31978 -0.565685
    endloop
  endfacet
  facet normal 0.0604498 -0.922201 -0.381957
    outer loop
      vertex 0.727389 -5.52506 -0.207055
      vertex -0 -5.57274 -0.207055
      vertex 0.716957 -5.44583 -0.4
    endloop
  endfacet
  facet normal 0.0604412 -0.922191 -0.381982
    outer loop
      vertex -0 -5.57274 -0.207055
      vertex -0 -5.49282 -0.4
      vertex 0.716957 -5.44583 -0.4
    endloop
  endfacet
  facet normal 0.0648474 -0.989356 -0.13027
    outer loop
      vertex 0.730947 -5.55209 0
      vertex -0 -5.6 0
      vertex 0.727389 -5.52506 -0.207055
    endloop
  endfacet
  facet normal 0.0648519 -0.989357 -0.130255
    outer loop
      vertex -0 -5.6 0
      vertex -0 -5.57274 -0.207055
      vertex 0.727389 -5.52506 -0.207055
    endloop
  endfacet
  facet normal -0.0648519 -0.989357 0.130255
    outer loop
      vertex -0 -5.57274 0.207055
      vertex -0.727389 -5.52506 0.207055
      vertex -0 -5.6 0
    endloop
  endfacet
  facet normal -0.0648474 -0.989356 0.13027
    outer loop
      vertex -0.727389 -5.52506 0.207055
      vertex -0.730947 -5.55209 0
      vertex -0 -5.6 0
    endloop
  endfacet
  facet normal -0.0604412 -0.922191 0.381982
    outer loop
      vertex -0 -5.49282 0.4
      vertex -0.716957 -5.44583 0.4
      vertex -0 -5.57274 0.207055
    endloop
  endfacet
  facet normal -0.0604498 -0.922201 0.381957
    outer loop
      vertex -0.716957 -5.44583 0.4
      vertex -0.727389 -5.52506 0.207055
      vertex -0 -5.57274 0.207055
    endloop
  endfacet
  facet normal -0.0519362 -0.792293 0.607926
    outer loop
      vertex -0 -5.36569 0.565685
      vertex -0.700363 -5.31978 0.565685
      vertex -0 -5.49282 0.4
    endloop
  endfacet
  facet normal -0.0519265 -0.792276 0.607949
    outer loop
      vertex -0.700363 -5.31978 0.565685
      vertex -0.716957 -5.44583 0.4
      vertex -0 -5.49282 0.4
    endloop
  endfacet
  facet normal -0.0398709 -0.608267 0.79273
    outer loop
      vertex -0 -5.2 0.69282
      vertex -0.678736 -5.15551 0.69282
      vertex -0 -5.36569 0.565685
    endloop
  endfacet
  facet normal -0.0398733 -0.608272 0.792726
    outer loop
      vertex -0.678736 -5.15551 0.69282
      vertex -0.700363 -5.31978 0.565685
      vertex -0 -5.36569 0.565685
    endloop
  endfacet
  facet normal -0.0250775 -0.382574 0.923585
    outer loop
      vertex -0 -5.00706 0.772741
      vertex -0.653552 -4.96422 0.772741
      vertex -0 -5.2 0.69282
    endloop
  endfacet
  facet normal -0.025077 -0.382573 0.923585
    outer loop
      vertex -0.653552 -4.96422 0.772741
      vertex -0.678736 -5.15551 0.69282
      vertex -0 -5.2 0.69282
    endloop
  endfacet
  facet normal -0.00855355 -0.130517 0.991409
    outer loop
      vertex -0 -4.8 0.8
      vertex -0.626526 -4.75894 0.8
      vertex -0 -5.00706 0.772741
    endloop
  endfacet
  facet normal -0.00855566 -0.130522 0.991408
    outer loop
      vertex -0.626526 -4.75894 0.8
      vertex -0.653552 -4.96422 0.772741
      vertex -0 -5.00706 0.772741
    endloop
  endfacet
  facet normal 0.00855381 0.130517 0.991409
    outer loop
      vertex -0 -4.59294 0.772741
      vertex -0.5995 -4.55365 0.772741
      vertex -0 -4.8 0.8
    endloop
  endfacet
  facet normal 0.0085535 0.130516 0.991409
    outer loop
      vertex -0.5995 -4.55365 0.772741
      vertex -0.626526 -4.75894 0.8
      vertex -0 -4.8 0.8
    endloop
  endfacet
  facet normal 0.0250735 0.382574 0.923585
    outer loop
      vertex -0 -4.4 0.69282
      vertex -0.574315 -4.36236 0.69282
      vertex -0 -4.59294 0.772741
    endloop
  endfacet
  facet normal 0.025073 0.382573 0.923585
    outer loop
      vertex -0.574315 -4.36236 0.69282
      vertex -0.5995 -4.55365 0.772741
      vertex -0 -4.59294 0.772741
    endloop
  endfacet
  facet normal 0.0398623 0.608267 0.792731
    outer loop
      vertex -0 -4.23431 0.565685
      vertex -0.552689 -4.19809 0.565685
      vertex -0 -4.4 0.69282
    endloop
  endfacet
  facet normal 0.0398656 0.608273 0.792726
    outer loop
      vertex -0.552689 -4.19809 0.565685
      vertex -0.574315 -4.36236 0.69282
      vertex -0 -4.4 0.69282
    endloop
  endfacet
  facet normal 0.0519333 0.792293 0.607926
    outer loop
      vertex -0 -4.10718 0.4
      vertex -0.536095 -4.07204 0.4
      vertex -0 -4.23431 0.565685
    endloop
  endfacet
  facet normal 0.0519212 0.792277 0.607949
    outer loop
      vertex -0.536095 -4.07204 0.4
      vertex -0.552689 -4.19809 0.565685
      vertex -0 -4.23431 0.565685
    endloop
  endfacet
  facet normal 0.060437 0.922191 0.381982
    outer loop
      vertex -0 -4.02726 0.207055
      vertex -0.525663 -3.99281 0.207055
      vertex -0 -4.10718 0.4
    endloop
  endfacet
  facet normal 0.0604485 0.922201 0.381957
    outer loop
      vertex -0.525663 -3.99281 0.207055
      vertex -0.536095 -4.07204 0.4
      vertex -0 -4.10718 0.4
    endloop
  endfacet
  facet normal 0.0648449 0.989358 0.130255
    outer loop
      vertex -0 -4 0
      vertex -0.522105 -3.96578 0
      vertex -0 -4.02726 0.207055
    endloop
  endfacet
  facet normal 0.0648387 0.989356 0.13027
    outer loop
      vertex -0.522105 -3.96578 0
      vertex -0.525663 -3.99281 0.207055
      vertex -0 -4.02726 0.207055
    endloop
  endfacet
  facet normal 0.0648389 0.989358 -0.130255
    outer loop
      vertex -0 -4.02726 -0.207055
      vertex -0.525663 -3.99281 -0.207055
      vertex -0 -4 0
    endloop
  endfacet
  facet normal 0.0648447 0.989356 -0.13027
    outer loop
      vertex -0.525663 -3.99281 -0.207055
      vertex -0.522105 -3.96578 0
      vertex -0 -4 0
    endloop
  endfacet
  facet normal 0.0604478 0.922191 -0.381982
    outer loop
      vertex -0 -4.10718 -0.4
      vertex -0.536095 -4.07204 -0.4
      vertex -0 -4.02726 -0.207055
    endloop
  endfacet
  facet normal 0.0604377 0.922202 -0.381956
    outer loop
      vertex -0.536095 -4.07204 -0.4
      vertex -0.525663 -3.99281 -0.207055
      vertex -0 -4.02726 -0.207055
    endloop
  endfacet
  facet normal 0.0519223 0.792294 -0.607927
    outer loop
      vertex -0 -4.23431 -0.565685
      vertex -0.552689 -4.19809 -0.565685
      vertex -0 -4.10718 -0.4
    endloop
  endfacet
  facet normal 0.0519321 0.792276 -0.607949
    outer loop
      vertex -0.552689 -4.19809 -0.565685
      vertex -0.536095 -4.07204 -0.4
      vertex -0 -4.10718 -0.4
    endloop
  endfacet
  facet normal 0.0398652 0.608267 -0.792731
    outer loop
      vertex -0 -4.4 -0.69282
      vertex -0.574315 -4.36236 -0.69282
      vertex -0 -4.23431 -0.565685
    endloop
  endfacet
  facet normal 0.0398627 0.608274 -0.792726
    outer loop
      vertex -0.574315 -4.36236 -0.69282
      vertex -0.552689 -4.19809 -0.565685
      vertex -0 -4.23431 -0.565685
    endloop
  endfacet
  facet normal 0.0250731 0.382574 -0.923585
    outer loop
      vertex -0 -4.59294 -0.772741
      vertex -0.5995 -4.55365 -0.772741
      vertex -0 -4.4 -0.69282
    endloop
  endfacet
  facet normal 0.0250734 0.382573 -0.923585
    outer loop
      vertex -0.5995 -4.55365 -0.772741
      vertex -0.574315 -4.36236 -0.69282
      vertex -0 -4.4 -0.69282
    endloop
  endfacet
  facet normal 0.00855355 0.130517 -0.991409
    outer loop
      vertex -0 -4.8 -0.8
      vertex -0.626526 -4.75894 -0.8
      vertex -0 -4.59294 -0.772741
    endloop
  endfacet
  facet normal 0.00855376 0.130516 -0.991409
    outer loop
      vertex -0.626526 -4.75894 -0.8
      vertex -0.5995 -4.55365 -0.772741
      vertex -0 -4.59294 -0.772741
    endloop
  endfacet
  facet normal -0.00855531 -0.130517 -0.991409
    outer loop
      vertex -0 -5.00706 -0.772741
      vertex -0.653552 -4.96422 -0.772741
      vertex -0 -4.8 -0.8
    endloop
  endfacet
  facet normal -0.00855391 -0.130522 -0.991408
    outer loop
      vertex -0.653552 -4.96422 -0.772741
      vertex -0.626526 -4.75894 -0.8
      vertex -0 -4.8 -0.8
    endloop
  endfacet
  facet normal -0.0250771 -0.382574 -0.923585
    outer loop
      vertex -0 -5.2 -0.69282
      vertex -0.678736 -5.15551 -0.69282
      vertex -0 -5.00706 -0.772741
    endloop
  endfacet
  facet normal -0.0250774 -0.382572 -0.923585
    outer loop
      vertex -0.678736 -5.15551 -0.69282
      vertex -0.653552 -4.96422 -0.772741
      vertex -0 -5.00706 -0.772741
    endloop
  endfacet
  facet normal -0.039873 -0.608267 -0.79273
    outer loop
      vertex -0 -5.36569 -0.565685
      vertex -0.700363 -5.31978 -0.565685
      vertex -0 -5.2 -0.69282
    endloop
  endfacet
  facet normal -0.0398712 -0.608273 -0.792726
    outer loop
      vertex -0.700363 -5.31978 -0.565685
      vertex -0.678736 -5.15551 -0.69282
      vertex -0 -5.2 -0.69282
    endloop
  endfacet
  facet normal -0.0519276 -0.792294 -0.607926
    outer loop
      vertex -0 -5.49282 -0.4
      vertex -0.716957 -5.44583 -0.4
      vertex -0 -5.36569 -0.565685
    endloop
  endfacet
  facet normal -0.051935 -0.792275 -0.607949
    outer loop
      vertex -0.716957 -5.44583 -0.4
      vertex -0.700363 -5.31978 -0.565685
      vertex -0 -5.36569 -0.565685
    endloop
  endfacet
  facet normal -0.0604492 -0.922191 -0.381982
    outer loop
      vertex -0 -5.57274 -0.207055
      vertex -0.727389 -5.52506 -0.207055
      vertex -0 -5.49282 -0.4
    endloop
  endfacet
  facet normal -0.0604419 -0.922202 -0.381956
    outer loop
      vertex -0.727389 -5.52506 -0.207055
      vertex -0.716957 -5.44583 -0.4
      vertex -0 -5.49282 -0.4
    endloop
  endfacet
  facet normal -0.0648476 -0.989358 -0.130255
    outer loop
      vertex -0 -5.6 0
      vertex -0.730947 -5.55209 0
      vertex -0 -5.57274 -0.207055
    endloop
  endfacet
  facet normal -0.0648518 -0.989355 -0.13027
    outer loop
      vertex -0.730947 -5.55209 0
      vertex -0.727389 -5.52506 -0.207055
      vertex -0 -5.57274 -0.207055
    endloop
  endfacet
  facet normal -0.193427 -0.972428 0.130269
    outer loop
      vertex -0.727389 -5.52506 0.207055
      vertex -1.44233 -5.38285 0.207055
      vertex -0.730947 -5.55209 0
    endloop
  endfacet
  facet normal -0.193432 -0.972429 0.130254
    outer loop
      vertex -1.44233 -5.38285 0.207055
      vertex -1.44939 -5.40918 0
      vertex -0.730947 -5.55209 0
    endloop
  endfacet
  facet normal -0.180296 -0.906423 0.381957
    outer loop
      vertex -0.716957 -5.44583 0.4
      vertex -1.42165 -5.30566 0.4
      vertex -0.727389 -5.52506 0.207055
    endloop
  endfacet
  facet normal -0.180298 -0.906425 0.381951
    outer loop
      vertex -1.42165 -5.30566 0.4
      vertex -1.44233 -5.38285 0.207055
      vertex -0.727389 -5.52506 0.207055
    endloop
  endfacet
  facet normal -0.154901 -0.778719 0.607949
    outer loop
      vertex -0.700363 -5.31978 0.565685
      vertex -1.38874 -5.18285 0.565685
      vertex -0.716957 -5.44583 0.4
    endloop
  endfacet
  facet normal -0.154892 -0.778708 0.607965
    outer loop
      vertex -1.38874 -5.18285 0.565685
      vertex -1.42165 -5.30566 0.4
      vertex -0.716957 -5.44583 0.4
    endloop
  endfacet
  facet normal -0.118923 -0.597865 0.792726
    outer loop
      vertex -0.678736 -5.15551 0.69282
      vertex -1.34586 -5.02281 0.69282
      vertex -0.700363 -5.31978 0.565685
    endloop
  endfacet
  facet normal -0.118927 -0.59787 0.792722
    outer loop
      vertex -1.34586 -5.02281 0.69282
      vertex -1.38874 -5.18285 0.565685
      vertex -0.700363 -5.31978 0.565685
    endloop
  endfacet
  facet normal -0.0747993 -0.376026 0.923585
    outer loop
      vertex -0.653552 -4.96422 0.772741
      vertex -1.29592 -4.83644 0.772741
      vertex -0.678736 -5.15551 0.69282
    endloop
  endfacet
  facet normal -0.0747954 -0.37602 0.923588
    outer loop
      vertex -1.29592 -4.83644 0.772741
      vertex -1.34586 -5.02281 0.69282
      vertex -0.678736 -5.15551 0.69282
    endloop
  endfacet
  facet normal -0.0255201 -0.128289 0.991408
    outer loop
      vertex -0.626526 -4.75894 0.8
      vertex -1.24233 -4.63644 0.8
      vertex -0.653552 -4.96422 0.772741
    endloop
  endfacet
  facet normal -0.0255187 -0.128286 0.991409
    outer loop
      vertex -1.24233 -4.63644 0.8
      vertex -1.29592 -4.83644 0.772741
      vertex -0.653552 -4.96422 0.772741
    endloop
  endfacet
  facet normal 0.0255177 0.128283 0.991409
    outer loop
      vertex -0.5995 -4.55365 0.772741
      vertex -1.18874 -4.43644 0.772741
      vertex -0.626526 -4.75894 0.8
    endloop
  endfacet
  facet normal 0.0255196 0.128286 0.991409
    outer loop
      vertex -1.18874 -4.43644 0.772741
      vertex -1.24233 -4.63644 0.8
      vertex -0.626526 -4.75894 0.8
    endloop
  endfacet
  facet normal 0.0748008 0.376026 0.923585
    outer loop
      vertex -0.574315 -4.36236 0.69282
      vertex -1.1388 -4.25007 0.69282
      vertex -0.5995 -4.55365 0.772741
    endloop
  endfacet
  facet normal 0.0747967 0.376019 0.923588
    outer loop
      vertex -1.1388 -4.25007 0.69282
      vertex -1.18874 -4.43644 0.772741
      vertex -0.5995 -4.55365 0.772741
    endloop
  endfacet
  facet normal 0.118928 0.597865 0.792726
    outer loop
      vertex -0.552689 -4.19809 0.565685
      vertex -1.09592 -4.09003 0.565685
      vertex -0.574315 -4.36236 0.69282
    endloop
  endfacet
  facet normal 0.118931 0.597869 0.792722
    outer loop
      vertex -1.09592 -4.09003 0.565685
      vertex -1.1388 -4.25007 0.69282
      vertex -0.574315 -4.36236 0.69282
    endloop
  endfacet
  facet normal 0.154894 0.778721 0.607949
    outer loop
      vertex -0.536095 -4.07204 0.4
      vertex -1.06302 -3.96723 0.4
      vertex -0.552689 -4.19809 0.565685
    endloop
  endfacet
  facet normal 0.154906 0.778733 0.60793
    outer loop
      vertex -1.06302 -3.96723 0.4
      vertex -1.09592 -4.09003 0.565685
      vertex -0.552689 -4.19809 0.565685
    endloop
  endfacet
  facet normal 0.180313 0.906419 0.381957
    outer loop
      vertex -0.525663 -3.99281 0.207055
      vertex -1.04233 -3.89003 0.207055
      vertex -0.536095 -4.07204 0.4
    endloop
  endfacet
  facet normal 0.180292 0.906406 0.381999
    outer loop
      vertex -1.04233 -3.89003 0.207055
      vertex -1.06302 -3.96723 0.4
      vertex -0.536095 -4.07204 0.4
    endloop
  endfacet
  facet normal 0.193434 0.972427 0.130269
    outer loop
      vertex -0.522105 -3.96578 0
      vertex -1.03528 -3.8637 0
      vertex -0.525663 -3.99281 0.207055
    endloop
  endfacet
  facet normal 0.193444 0.972428 0.130245
    outer loop
      vertex -1.03528 -3.8637 0
      vertex -1.04233 -3.89003 0.207055
      vertex -0.525663 -3.99281 0.207055
    endloop
  endfacet
  facet normal 0.193443 0.972425 -0.130269
    outer loop
      vertex -0.525663 -3.99281 -0.207055
      vertex -1.04233 -3.89003 -0.207055
      vertex -0.522105 -3.96578 0
    endloop
  endfacet
  facet normal 0.193434 0.97243 -0.130245
    outer loop
      vertex -1.04233 -3.89003 -0.207055
      vertex -1.03528 -3.8637 0
      vertex -0.522105 -3.96578 0
    endloop
  endfacet
  facet normal 0.180295 0.906423 -0.381957
    outer loop
      vertex -0.536095 -4.07204 -0.4
      vertex -1.06302 -3.96723 -0.4
      vertex -0.525663 -3.99281 -0.207055
    endloop
  endfacet
  facet normal 0.18031 0.906402 -0.381999
    outer loop
      vertex -1.06302 -3.96723 -0.4
      vertex -1.04233 -3.89003 -0.207055
      vertex -0.525663 -3.99281 -0.207055
    endloop
  endfacet
  facet normal 0.154903 0.778719 -0.607949
    outer loop
      vertex -0.552689 -4.19809 -0.565685
      vertex -1.09592 -4.09003 -0.565685
      vertex -0.536095 -4.07204 -0.4
    endloop
  endfacet
  facet normal 0.154897 0.778735 -0.60793
    outer loop
      vertex -1.09592 -4.09003 -0.565685
      vertex -1.06302 -3.96723 -0.4
      vertex -0.536095 -4.07204 -0.4
    endloop
  endfacet
  facet normal 0.11893 0.597864 -0.792726
    outer loop
      vertex -0.574315 -4.36236 -0.69282
      vertex -1.1388 -4.25007 -0.69282
      vertex -0.552689 -4.19809 -0.565685
    endloop
  endfacet
  facet normal 0.118929 0.59787 -0.792722
    outer loop
      vertex -1.1388 -4.25007 -0.69282
      vertex -1.09592 -4.09003 -0.565685
      vertex -0.552689 -4.19809 -0.565685
    endloop
  endfacet
  facet normal 0.0747981 0.376026 -0.923585
    outer loop
      vertex -0.5995 -4.55365 -0.772741
      vertex -1.18874 -4.43644 -0.772741
      vertex -0.574315 -4.36236 -0.69282
    endloop
  endfacet
  facet normal 0.0747994 0.376019 -0.923588
    outer loop
      vertex -1.18874 -4.43644 -0.772741
      vertex -1.1388 -4.25007 -0.69282
      vertex -0.574315 -4.36236 -0.69282
    endloop
  endfacet
  facet normal 0.0255189 0.128283 -0.991409
    outer loop
      vertex -0.626526 -4.75894 -0.8
      vertex -1.24233 -4.63644 -0.8
      vertex -0.5995 -4.55365 -0.772741
    endloop
  endfacet
  facet normal 0.0255184 0.128286 -0.991409
    outer loop
      vertex -1.24233 -4.63644 -0.8
      vertex -1.18874 -4.43644 -0.772741
      vertex -0.5995 -4.55365 -0.772741
    endloop
  endfacet
  facet normal -0.0255192 -0.128289 -0.991408
    outer loop
      vertex -0.653552 -4.96422 -0.772741
      vertex -1.29592 -4.83644 -0.772741
      vertex -0.626526 -4.75894 -0.8
    endloop
  endfacet
  facet normal -0.0255196 -0.128286 -0.991409
    outer loop
      vertex -1.29592 -4.83644 -0.772741
      vertex -1.24233 -4.63644 -0.8
      vertex -0.626526 -4.75894 -0.8
    endloop
  endfacet
  facet normal -0.0747968 -0.376027 -0.923585
    outer loop
      vertex -0.678736 -5.15551 -0.69282
      vertex -1.34586 -5.02281 -0.69282
      vertex -0.653552 -4.96422 -0.772741
    endloop
  endfacet
  facet normal -0.0747978 -0.376019 -0.923588
    outer loop
      vertex -1.34586 -5.02281 -0.69282
      vertex -1.29592 -4.83644 -0.772741
      vertex -0.653552 -4.96422 -0.772741
    endloop
  endfacet
  facet normal -0.118926 -0.597865 -0.792726
    outer loop
      vertex -0.700363 -5.31978 -0.565685
      vertex -1.38874 -5.18285 -0.565685
      vertex -0.678736 -5.15551 -0.69282
    endloop
  endfacet
  facet normal -0.118925 -0.597871 -0.792722
    outer loop
      vertex -1.38874 -5.18285 -0.565685
      vertex -1.34586 -5.02281 -0.69282
      vertex -0.678736 -5.15551 -0.69282
    endloop
  endfacet
  facet normal -0.154895 -0.77872 -0.607949
    outer loop
      vertex -0.716957 -5.44583 -0.4
      vertex -1.42165 -5.30566 -0.4
      vertex -0.700363 -5.31978 -0.565685
    endloop
  endfacet
  facet normal -0.154898 -0.778707 -0.607965
    outer loop
      vertex -1.42165 -5.30566 -0.4
      vertex -1.38874 -5.18285 -0.565685
      vertex -0.700363 -5.31978 -0.565685
    endloop
  endfacet
  facet normal -0.180298 -0.906422 -0.381957
    outer loop
      vertex -0.727389 -5.52506 -0.207055
      vertex -1.44233 -5.38285 -0.207055
      vertex -0.716957 -5.44583 -0.4
    endloop
  endfacet
  facet normal -0.180296 -0.906425 -0.381951
    outer loop
      vertex -1.44233 -5.38285 -0.207055
      vertex -1.42165 -5.30566 -0.4
      vertex -0.716957 -5.44583 -0.4
    endloop
  endfacet
  facet normal -0.193432 -0.972427 -0.130269
    outer loop
      vertex -0.730947 -5.55209 0
      vertex -1.44939 -5.40918 0
      vertex -0.727389 -5.52506 -0.207055
    endloop
  endfacet
  facet normal -0.193427 -0.97243 -0.130254
    outer loop
      vertex -1.44939 -5.40918 0
      vertex -1.44233 -5.38285 -0.207055
      vertex -0.727389 -5.52506 -0.207055
    endloop
  endfacet
  facet normal -0.318695 -0.938865 0.130257
    outer loop
      vertex -1.44233 -5.38285 0.207055
      vertex -2.1326 -5.14854 0.207055
      vertex -1.44939 -5.40918 0
    endloop
  endfacet
  facet normal -0.318689 -0.938864 0.130274
    outer loop
      vertex -2.1326 -5.14854 0.207055
      vertex -2.14303 -5.17373 0
      vertex -1.44939 -5.40918 0
    endloop
  endfacet
  facet normal -0.297079 -0.875134 0.381949
    outer loop
      vertex -1.42165 -5.30566 0.4
      vertex -2.10201 -5.0747 0.4
      vertex -1.44233 -5.38285 0.207055
    endloop
  endfacet
  facet normal -0.297056 -0.875118 0.382003
    outer loop
      vertex -2.10201 -5.0747 0.4
      vertex -2.1326 -5.14854 0.207055
      vertex -1.44233 -5.38285 0.207055
    endloop
  endfacet
  facet normal -0.255203 -0.75183 0.607967
    outer loop
      vertex -1.38874 -5.18285 0.565685
      vertex -2.05336 -4.95725 0.565685
      vertex -1.42165 -5.30566 0.4
    endloop
  endfacet
  facet normal -0.255232 -0.751859 0.607918
    outer loop
      vertex -2.05336 -4.95725 0.565685
      vertex -2.10201 -5.0747 0.4
      vertex -1.42165 -5.30566 0.4
    endloop
  endfacet
  facet normal -0.195945 -0.577234 0.792721
    outer loop
      vertex -1.34586 -5.02281 0.69282
      vertex -1.98995 -4.80417 0.69282
      vertex -1.38874 -5.18285 0.565685
    endloop
  endfacet
  facet normal -0.195932 -0.577218 0.792736
    outer loop
      vertex -1.98995 -4.80417 0.69282
      vertex -2.05336 -4.95725 0.565685
      vertex -1.38874 -5.18285 0.565685
    endloop
  endfacet
  facet normal -0.12323 -0.363041 0.923588
    outer loop
      vertex -1.29592 -4.83644 0.772741
      vertex -1.91612 -4.62592 0.772741
      vertex -1.34586 -5.02281 0.69282
    endloop
  endfacet
  facet normal -0.123241 -0.363055 0.923581
    outer loop
      vertex -1.91612 -4.62592 0.772741
      vertex -1.98995 -4.80417 0.69282
      vertex -1.34586 -5.02281 0.69282
    endloop
  endfacet
  facet normal -0.0420437 -0.123858 0.991409
    outer loop
      vertex -1.24233 -4.63644 0.8
      vertex -1.83688 -4.43462 0.8
      vertex -1.29592 -4.83644 0.772741
    endloop
  endfacet
  facet normal -0.0420412 -0.123855 0.991409
    outer loop
      vertex -1.83688 -4.43462 0.8
      vertex -1.91612 -4.62592 0.772741
      vertex -1.29592 -4.83644 0.772741
    endloop
  endfacet
  facet normal 0.0420431 0.123859 0.991409
    outer loop
      vertex -1.18874 -4.43644 0.772741
      vertex -1.75764 -4.24333 0.772741
      vertex -1.24233 -4.63644 0.8
    endloop
  endfacet
  facet normal 0.0420443 0.12386 0.991409
    outer loop
      vertex -1.75764 -4.24333 0.772741
      vertex -1.83688 -4.43462 0.8
      vertex -1.24233 -4.63644 0.8
    endloop
  endfacet
  facet normal 0.123232 0.363041 0.923588
    outer loop
      vertex -1.1388 -4.25007 0.69282
      vertex -1.68381 -4.06507 0.69282
      vertex -1.18874 -4.43644 0.772741
    endloop
  endfacet
  facet normal 0.123233 0.363042 0.923588
    outer loop
      vertex -1.68381 -4.06507 0.69282
      vertex -1.75764 -4.24333 0.772741
      vertex -1.18874 -4.43644 0.772741
    endloop
  endfacet
  facet normal 0.195938 0.577236 0.792721
    outer loop
      vertex -1.09592 -4.09003 0.565685
      vertex -1.6204 -3.912 0.565685
      vertex -1.1388 -4.25007 0.69282
    endloop
  endfacet
  facet normal 0.19594 0.577238 0.792719
    outer loop
      vertex -1.6204 -3.912 0.565685
      vertex -1.68381 -4.06507 0.69282
      vertex -1.1388 -4.25007 0.69282
    endloop
  endfacet
  facet normal 0.25522 0.751855 0.607928
    outer loop
      vertex -1.06302 -3.96723 0.4
      vertex -1.57175 -3.79454 0.4
      vertex -1.09592 -4.09003 0.565685
    endloop
  endfacet
  facet normal 0.255207 0.751845 0.607946
    outer loop
      vertex -1.57175 -3.79454 0.4
      vertex -1.6204 -3.912 0.565685
      vertex -1.09592 -4.09003 0.565685
    endloop
  endfacet
  facet normal 0.297057 0.875118 0.382001
    outer loop
      vertex -1.04233 -3.89003 0.207055
      vertex -1.54117 -3.7207 0.207055
      vertex -1.06302 -3.96723 0.4
    endloop
  endfacet
  facet normal 0.297063 0.875121 0.38199
    outer loop
      vertex -1.54117 -3.7207 0.207055
      vertex -1.57175 -3.79454 0.4
      vertex -1.06302 -3.96723 0.4
    endloop
  endfacet
  facet normal 0.318697 0.938866 0.130242
    outer loop
      vertex -1.03528 -3.8637 0
      vertex -1.53073 -3.69552 0
      vertex -1.04233 -3.89003 0.207055
    endloop
  endfacet
  facet normal 0.318696 0.938866 0.130245
    outer loop
      vertex -1.53073 -3.69552 0
      vertex -1.54117 -3.7207 0.207055
      vertex -1.04233 -3.89003 0.207055
    endloop
  endfacet
  facet normal 0.318696 0.938866 -0.130242
    outer loop
      vertex -1.04233 -3.89003 -0.207055
      vertex -1.54117 -3.7207 -0.207055
      vertex -1.03528 -3.8637 0
    endloop
  endfacet
  facet normal 0.318697 0.938866 -0.130245
    outer loop
      vertex -1.54117 -3.7207 -0.207055
      vertex -1.53073 -3.69552 0
      vertex -1.03528 -3.8637 0
    endloop
  endfacet
  facet normal 0.297061 0.875117 -0.382001
    outer loop
      vertex -1.06302 -3.96723 -0.4
      vertex -1.57175 -3.79454 -0.4
      vertex -1.04233 -3.89003 -0.207055
    endloop
  endfacet
  facet normal 0.297058 0.875123 -0.38199
    outer loop
      vertex -1.57175 -3.79454 -0.4
      vertex -1.54117 -3.7207 -0.207055
      vertex -1.04233 -3.89003 -0.207055
    endloop
  endfacet
  facet normal 0.255211 0.751858 -0.607928
    outer loop
      vertex -1.09592 -4.09003 -0.565685
      vertex -1.6204 -3.912 -0.565685
      vertex -1.06302 -3.96723 -0.4
    endloop
  endfacet
  facet normal 0.255215 0.751842 -0.607946
    outer loop
      vertex -1.6204 -3.912 -0.565685
      vertex -1.57175 -3.79454 -0.4
      vertex -1.06302 -3.96723 -0.4
    endloop
  endfacet
  facet normal 0.195939 0.577236 -0.792721
    outer loop
      vertex -1.1388 -4.25007 -0.69282
      vertex -1.68381 -4.06507 -0.69282
      vertex -1.09592 -4.09003 -0.565685
    endloop
  endfacet
  facet normal 0.195938 0.577239 -0.792719
    outer loop
      vertex -1.68381 -4.06507 -0.69282
      vertex -1.6204 -3.912 -0.565685
      vertex -1.09592 -4.09003 -0.565685
    endloop
  endfacet
  facet normal 0.123232 0.363041 -0.923588
    outer loop
      vertex -1.18874 -4.43644 -0.772741
      vertex -1.75764 -4.24333 -0.772741
      vertex -1.1388 -4.25007 -0.69282
    endloop
  endfacet
  facet normal 0.123232 0.363042 -0.923588
    outer loop
      vertex -1.75764 -4.24333 -0.772741
      vertex -1.68381 -4.06507 -0.69282
      vertex -1.1388 -4.25007 -0.69282
    endloop
  endfacet
  facet normal 0.0420437 0.123858 -0.991409
    outer loop
      vertex -1.24233 -4.63644 -0.8
      vertex -1.83688 -4.43462 -0.8
      vertex -1.18874 -4.43644 -0.772741
    endloop
  endfacet
  facet normal 0.0420437 0.12386 -0.991409
    outer loop
      vertex -1.83688 -4.43462 -0.8
      vertex -1.75764 -4.24333 -0.772741
      vertex -1.18874 -4.43644 -0.772741
    endloop
  endfacet
  facet normal -0.0420425 -0.123859 -0.991409
    outer loop
      vertex -1.29592 -4.83644 -0.772741
      vertex -1.91612 -4.62592 -0.772741
      vertex -1.24233 -4.63644 -0.8
    endloop
  endfacet
  facet normal -0.0420424 -0.123855 -0.991409
    outer loop
      vertex -1.91612 -4.62592 -0.772741
      vertex -1.83688 -4.43462 -0.8
      vertex -1.24233 -4.63644 -0.8
    endloop
  endfacet
  facet normal -0.123236 -0.36304 -0.923588
    outer loop
      vertex -1.34586 -5.02281 -0.69282
      vertex -1.98995 -4.80417 -0.69282
      vertex -1.29592 -4.83644 -0.772741
    endloop
  endfacet
  facet normal -0.123236 -0.363058 -0.923581
    outer loop
      vertex -1.98995 -4.80417 -0.69282
      vertex -1.91612 -4.62592 -0.772741
      vertex -1.29592 -4.83644 -0.772741
    endloop
  endfacet
  facet normal -0.195938 -0.577236 -0.792721
    outer loop
      vertex -1.38874 -5.18285 -0.565685
      vertex -2.05336 -4.95725 -0.565685
      vertex -1.34586 -5.02281 -0.69282
    endloop
  endfacet
  facet normal -0.195939 -0.577215 -0.792736
    outer loop
      vertex -2.05336 -4.95725 -0.565685
      vertex -1.98995 -4.80417 -0.69282
      vertex -1.34586 -5.02281 -0.69282
    endloop
  endfacet
  facet normal -0.25522 -0.751825 -0.607966
    outer loop
      vertex -1.42165 -5.30566 -0.4
      vertex -2.10201 -5.0747 -0.4
      vertex -1.38874 -5.18285 -0.565685
    endloop
  endfacet
  facet normal -0.255215 -0.751866 -0.607917
    outer loop
      vertex -2.10201 -5.0747 -0.4
      vertex -2.05336 -4.95725 -0.565685
      vertex -1.38874 -5.18285 -0.565685
    endloop
  endfacet
  facet normal -0.297063 -0.875139 -0.381949
    outer loop
      vertex -1.44233 -5.38285 -0.207055
      vertex -2.1326 -5.14854 -0.207055
      vertex -1.42165 -5.30566 -0.4
    endloop
  endfacet
  facet normal -0.297072 -0.875112 -0.382004
    outer loop
      vertex -2.1326 -5.14854 -0.207055
      vertex -2.10201 -5.0747 -0.4
      vertex -1.42165 -5.30566 -0.4
    endloop
  endfacet
  facet normal -0.31869 -0.938866 -0.130257
    outer loop
      vertex -1.44939 -5.40918 0
      vertex -2.14303 -5.17373 0
      vertex -1.44233 -5.38285 -0.207055
    endloop
  endfacet
  facet normal -0.318694 -0.938863 -0.130274
    outer loop
      vertex -2.14303 -5.17373 0
      vertex -2.1326 -5.14854 -0.207055
      vertex -1.44233 -5.38285 -0.207055
    endloop
  endfacet
  facet normal -0.438516 -0.889232 0.130272
    outer loop
      vertex -2.1326 -5.14854 0.207055
      vertex -2.78637 -4.82614 0.207055
      vertex -2.14303 -5.17373 0
    endloop
  endfacet
  facet normal -0.438532 -0.889231 0.130222
    outer loop
      vertex -2.78637 -4.82614 0.207055
      vertex -2.8 -4.84974 0
      vertex -2.14303 -5.17373 0
    endloop
  endfacet
  facet normal -0.408742 -0.828855 0.382006
    outer loop
      vertex -2.10201 -5.0747 0.4
      vertex -2.74641 -4.75692 0.4
      vertex -2.1326 -5.14854 0.207055
    endloop
  endfacet
  facet normal -0.408741 -0.828855 0.382008
    outer loop
      vertex -2.74641 -4.75692 0.4
      vertex -2.78637 -4.82614 0.207055
      vertex -2.1326 -5.14854 0.207055
    endloop
  endfacet
  facet normal -0.351182 -0.712115 0.607918
    outer loop
      vertex -2.05336 -4.95725 0.565685
      vertex -2.68284 -4.64682 0.565685
      vertex -2.10201 -5.0747 0.4
    endloop
  endfacet
  facet normal -0.351167 -0.712104 0.607939
    outer loop
      vertex -2.68284 -4.64682 0.565685
      vertex -2.74641 -4.75692 0.4
      vertex -2.10201 -5.0747 0.4
    endloop
  endfacet
  facet normal -0.269601 -0.546702 0.792737
    outer loop
      vertex -1.98995 -4.80417 0.69282
      vertex -2.6 -4.50333 0.69282
      vertex -2.05336 -4.95725 0.565685
    endloop
  endfacet
  facet normal -0.269614 -0.546715 0.792724
    outer loop
      vertex -2.6 -4.50333 0.69282
      vertex -2.68284 -4.64682 0.565685
      vertex -2.05336 -4.95725 0.565685
    endloop
  endfacet
  facet normal -0.169576 -0.343864 0.923581
    outer loop
      vertex -1.91612 -4.62592 0.772741
      vertex -2.50353 -4.33624 0.772741
      vertex -1.98995 -4.80417 0.69282
    endloop
  endfacet
  facet normal -0.16957 -0.343858 0.923584
    outer loop
      vertex -2.50353 -4.33624 0.772741
      vertex -2.6 -4.50333 0.69282
      vertex -1.98995 -4.80417 0.69282
    endloop
  endfacet
  facet normal -0.0578494 -0.117307 0.991409
    outer loop
      vertex -1.83688 -4.43462 0.8
      vertex -2.4 -4.15692 0.8
      vertex -1.91612 -4.62592 0.772741
    endloop
  endfacet
  facet normal -0.05785 -0.117308 0.991409
    outer loop
      vertex -2.4 -4.15692 0.8
      vertex -2.50353 -4.33624 0.772741
      vertex -1.91612 -4.62592 0.772741
    endloop
  endfacet
  facet normal 0.0578516 0.117312 0.991409
    outer loop
      vertex -1.75764 -4.24333 0.772741
      vertex -2.29647 -3.97761 0.772741
      vertex -1.83688 -4.43462 0.8
    endloop
  endfacet
  facet normal 0.0578523 0.117313 0.991409
    outer loop
      vertex -2.29647 -3.97761 0.772741
      vertex -2.4 -4.15692 0.8
      vertex -1.83688 -4.43462 0.8
    endloop
  endfacet
  facet normal 0.16957 0.34385 0.923587
    outer loop
      vertex -1.68381 -4.06507 0.69282
      vertex -2.2 -3.81051 0.69282
      vertex -1.75764 -4.24333 0.772741
    endloop
  endfacet
  facet normal 0.169564 0.343844 0.92359
    outer loop
      vertex -2.2 -3.81051 0.69282
      vertex -2.29647 -3.97761 0.772741
      vertex -1.75764 -4.24333 0.772741
    endloop
  endfacet
  facet normal 0.269617 0.546718 0.792721
    outer loop
      vertex -1.6204 -3.912 0.565685
      vertex -2.11716 -3.66702 0.565685
      vertex -1.68381 -4.06507 0.69282
    endloop
  endfacet
  facet normal 0.269614 0.546715 0.792724
    outer loop
      vertex -2.11716 -3.66702 0.565685
      vertex -2.2 -3.81051 0.69282
      vertex -1.68381 -4.06507 0.69282
    endloop
  endfacet
  facet normal 0.351171 0.712097 0.607945
    outer loop
      vertex -1.57175 -3.79454 0.4
      vertex -2.05359 -3.55692 0.4
      vertex -1.6204 -3.912 0.565685
    endloop
  endfacet
  facet normal 0.351176 0.712099 0.607939
    outer loop
      vertex -2.05359 -3.55692 0.4
      vertex -2.11716 -3.66702 0.565685
      vertex -1.6204 -3.912 0.565685
    endloop
  endfacet
  facet normal 0.408747 0.828862 0.381988
    outer loop
      vertex -1.54117 -3.7207 0.207055
      vertex -2.01363 -3.48771 0.207055
      vertex -1.57175 -3.79454 0.4
    endloop
  endfacet
  facet normal 0.408756 0.828864 0.381972
    outer loop
      vertex -2.01363 -3.48771 0.207055
      vertex -2.05359 -3.55692 0.4
      vertex -1.57175 -3.79454 0.4
    endloop
  endfacet
  facet normal 0.438523 0.889231 0.130251
    outer loop
      vertex -1.53073 -3.69552 0
      vertex -2 -3.4641 0
      vertex -1.54117 -3.7207 0.207055
    endloop
  endfacet
  facet normal 0.438518 0.889232 0.130264
    outer loop
      vertex -2 -3.4641 0
      vertex -2.01363 -3.48771 0.207055
      vertex -1.54117 -3.7207 0.207055
    endloop
  endfacet
  facet normal 0.438519 0.889233 -0.130251
    outer loop
      vertex -1.54117 -3.7207 -0.207055
      vertex -2.01363 -3.48771 -0.207055
      vertex -1.53073 -3.69552 0
    endloop
  endfacet
  facet normal 0.438523 0.88923 -0.130264
    outer loop
      vertex -2.01363 -3.48771 -0.207055
      vertex -2 -3.4641 0
      vertex -1.53073 -3.69552 0
    endloop
  endfacet
  facet normal 0.408753 0.828859 -0.381988
    outer loop
      vertex -1.57175 -3.79454 -0.4
      vertex -2.05359 -3.55692 -0.4
      vertex -1.54117 -3.7207 -0.207055
    endloop
  endfacet
  facet normal 0.40875 0.828867 -0.381972
    outer loop
      vertex -2.05359 -3.55692 -0.4
      vertex -2.01363 -3.48771 -0.207055
      vertex -1.54117 -3.7207 -0.207055
    endloop
  endfacet
  facet normal 0.351174 0.712095 -0.607945
    outer loop
      vertex -1.6204 -3.912 -0.565685
      vertex -2.11716 -3.66702 -0.565685
      vertex -1.57175 -3.79454 -0.4
    endloop
  endfacet
  facet normal 0.351173 0.712101 -0.607939
    outer loop
      vertex -2.11716 -3.66702 -0.565685
      vertex -2.05359 -3.55692 -0.4
      vertex -1.57175 -3.79454 -0.4
    endloop
  endfacet
  facet normal 0.269615 0.546719 -0.792721
    outer loop
      vertex -1.68381 -4.06507 -0.69282
      vertex -2.2 -3.81051 -0.69282
      vertex -1.6204 -3.912 -0.565685
    endloop
  endfacet
  facet normal 0.269615 0.546714 -0.792724
    outer loop
      vertex -2.2 -3.81051 -0.69282
      vertex -2.11716 -3.66702 -0.565685
      vertex -1.6204 -3.912 -0.565685
    endloop
  endfacet
  facet normal 0.169567 0.343851 -0.923587
    outer loop
      vertex -1.75764 -4.24333 -0.772741
      vertex -2.29647 -3.97761 -0.772741
      vertex -1.68381 -4.06507 -0.69282
    endloop
  endfacet
  facet normal 0.169567 0.343843 -0.92359
    outer loop
      vertex -2.29647 -3.97761 -0.772741
      vertex -2.2 -3.81051 -0.69282
      vertex -1.68381 -4.06507 -0.69282
    endloop
  endfacet
  facet normal 0.0578519 0.117312 -0.991409
    outer loop
      vertex -1.83688 -4.43462 -0.8
      vertex -2.4 -4.15692 -0.8
      vertex -1.75764 -4.24333 -0.772741
    endloop
  endfacet
  facet normal 0.057852 0.117313 -0.991409
    outer loop
      vertex -2.4 -4.15692 -0.8
      vertex -2.29647 -3.97761 -0.772741
      vertex -1.75764 -4.24333 -0.772741
    endloop
  endfacet
  facet normal -0.0578497 -0.117307 -0.991409
    outer loop
      vertex -1.91612 -4.62592 -0.772741
      vertex -2.50353 -4.33624 -0.772741
      vertex -1.83688 -4.43462 -0.8
    endloop
  endfacet
  facet normal -0.0578498 -0.117308 -0.991409
    outer loop
      vertex -2.50353 -4.33624 -0.772741
      vertex -2.4 -4.15692 -0.8
      vertex -1.83688 -4.43462 -0.8
    endloop
  endfacet
  facet normal -0.169573 -0.343865 -0.923581
    outer loop
      vertex -1.98995 -4.80417 -0.69282
      vertex -2.6 -4.50333 -0.69282
      vertex -1.91612 -4.62592 -0.772741
    endloop
  endfacet
  facet normal -0.169572 -0.343857 -0.923584
    outer loop
      vertex -2.6 -4.50333 -0.69282
      vertex -2.50353 -4.33624 -0.772741
      vertex -1.91612 -4.62592 -0.772741
    endloop
  endfacet
  facet normal -0.269607 -0.5467 -0.792737
    outer loop
      vertex -2.05336 -4.95725 -0.565685
      vertex -2.68284 -4.64682 -0.565685
      vertex -1.98995 -4.80417 -0.69282
    endloop
  endfacet
  facet normal -0.269608 -0.546718 -0.792724
    outer loop
      vertex -2.68284 -4.64682 -0.565685
      vertex -2.6 -4.50333 -0.69282
      vertex -1.98995 -4.80417 -0.69282
    endloop
  endfacet
  facet normal -0.351175 -0.712118 -0.607918
    outer loop
      vertex -2.10201 -5.0747 -0.4
      vertex -2.74641 -4.75692 -0.4
      vertex -2.05336 -4.95725 -0.565685
    endloop
  endfacet
  facet normal -0.351174 -0.7121 -0.607939
    outer loop
      vertex -2.74641 -4.75692 -0.4
      vertex -2.68284 -4.64682 -0.565685
      vertex -2.05336 -4.95725 -0.565685
    endloop
  endfacet
  facet normal -0.408742 -0.828856 -0.382006
    outer loop
      vertex -2.1326 -5.14854 -0.207055
      vertex -2.78637 -4.82614 -0.207055
      vertex -2.10201 -5.0747 -0.4
    endloop
  endfacet
  facet normal -0.408742 -0.828854 -0.382008
    outer loop
      vertex -2.78637 -4.82614 -0.207055
      vertex -2.74641 -4.75692 -0.4
      vertex -2.10201 -5.0747 -0.4
    endloop
  endfacet
  facet normal -0.438529 -0.889225 -0.130272
    outer loop
      vertex -2.14303 -5.17373 0
      vertex -2.8 -4.84974 0
      vertex -2.1326 -5.14854 -0.207055
    endloop
  endfacet
  facet normal -0.438519 -0.889238 -0.130222
    outer loop
      vertex -2.8 -4.84974 0
      vertex -2.78637 -4.82614 -0.207055
      vertex -2.1326 -5.14854 -0.207055
    endloop
  endfacet
  facet normal -0.550846 -0.824385 0.130224
    outer loop
      vertex -2.78637 -4.82614 0.207055
      vertex -3.39247 -4.42115 0.207055
      vertex -2.8 -4.84974 0
    endloop
  endfacet
  facet normal -0.550836 -0.824387 0.130255
    outer loop
      vertex -3.39247 -4.42115 0.207055
      vertex -3.40906 -4.44278 0
      vertex -2.8 -4.84974 0
    endloop
  endfacet
  facet normal -0.51343 -0.768414 0.382007
    outer loop
      vertex -2.74641 -4.75692 0.4
      vertex -3.34382 -4.35775 0.4
      vertex -2.78637 -4.82614 0.207055
    endloop
  endfacet
  facet normal -0.513452 -0.768422 0.381961
    outer loop
      vertex -3.34382 -4.35775 0.4
      vertex -3.39247 -4.42115 0.207055
      vertex -2.78637 -4.82614 0.207055
    endloop
  endfacet
  facet normal -0.441117 -0.66017 0.60794
    outer loop
      vertex -2.68284 -4.64682 0.565685
      vertex -3.26642 -4.25688 0.565685
      vertex -2.74641 -4.75692 0.4
    endloop
  endfacet
  facet normal -0.441097 -0.660159 0.607967
    outer loop
      vertex -3.26642 -4.25688 0.565685
      vertex -3.34382 -4.35775 0.4
      vertex -2.74641 -4.75692 0.4
    endloop
  endfacet
  facet normal -0.338662 -0.506851 0.792723
    outer loop
      vertex -2.6 -4.50333 0.69282
      vertex -3.16556 -4.12544 0.69282
      vertex -2.68284 -4.64682 0.565685
    endloop
  endfacet
  facet normal -0.338678 -0.506862 0.792709
    outer loop
      vertex -3.16556 -4.12544 0.69282
      vertex -3.26642 -4.25688 0.565685
      vertex -2.68284 -4.64682 0.565685
    endloop
  endfacet
  facet normal -0.213008 -0.31878 0.923584
    outer loop
      vertex -2.50353 -4.33624 0.772741
      vertex -3.0481 -3.97236 0.772741
      vertex -2.6 -4.50333 0.69282
    endloop
  endfacet
  facet normal -0.21299 -0.318766 0.923593
    outer loop
      vertex -3.0481 -3.97236 0.772741
      vertex -3.16556 -4.12544 0.69282
      vertex -2.6 -4.50333 0.69282
    endloop
  endfacet
  facet normal -0.0726662 -0.108754 0.991409
    outer loop
      vertex -2.4 -4.15692 0.8
      vertex -2.92205 -3.8081 0.8
      vertex -2.50353 -4.33624 0.772741
    endloop
  endfacet
  facet normal -0.0726716 -0.108758 0.991408
    outer loop
      vertex -2.92205 -3.8081 0.8
      vertex -3.0481 -3.97236 0.772741
      vertex -2.50353 -4.33624 0.772741
    endloop
  endfacet
  facet normal 0.0726692 0.108758 0.991409
    outer loop
      vertex -2.29647 -3.97761 0.772741
      vertex -2.79601 -3.64383 0.772741
      vertex -2.4 -4.15692 0.8
    endloop
  endfacet
  facet normal 0.072669 0.108758 0.991409
    outer loop
      vertex -2.79601 -3.64383 0.772741
      vertex -2.92205 -3.8081 0.8
      vertex -2.4 -4.15692 0.8
    endloop
  endfacet
  facet normal 0.212997 0.31877 0.92359
    outer loop
      vertex -2.2 -3.81051 0.69282
      vertex -2.67855 -3.49075 0.69282
      vertex -2.29647 -3.97761 0.772741
    endloop
  endfacet
  facet normal 0.212991 0.318765 0.923593
    outer loop
      vertex -2.67855 -3.49075 0.69282
      vertex -2.79601 -3.64383 0.772741
      vertex -2.29647 -3.97761 0.772741
    endloop
  endfacet
  facet normal 0.338661 0.506852 0.792723
    outer loop
      vertex -2.11716 -3.66702 0.565685
      vertex -2.57769 -3.35931 0.565685
      vertex -2.2 -3.81051 0.69282
    endloop
  endfacet
  facet normal 0.338678 0.506862 0.792709
    outer loop
      vertex -2.57769 -3.35931 0.565685
      vertex -2.67855 -3.49075 0.69282
      vertex -2.2 -3.81051 0.69282
    endloop
  endfacet
  facet normal 0.441118 0.66017 0.60794
    outer loop
      vertex -2.05359 -3.55692 0.4
      vertex -2.50029 -3.25844 0.4
      vertex -2.11716 -3.66702 0.565685
    endloop
  endfacet
  facet normal 0.441095 0.660159 0.607967
    outer loop
      vertex -2.50029 -3.25844 0.4
      vertex -2.57769 -3.35931 0.565685
      vertex -2.11716 -3.66702 0.565685
    endloop
  endfacet
  facet normal 0.513445 0.768421 0.381973
    outer loop
      vertex -2.01363 -3.48771 0.207055
      vertex -2.45164 -3.19504 0.207055
      vertex -2.05359 -3.55692 0.4
    endloop
  endfacet
  facet normal 0.513452 0.768423 0.381961
    outer loop
      vertex -2.45164 -3.19504 0.207055
      vertex -2.50029 -3.25844 0.4
      vertex -2.05359 -3.55692 0.4
    endloop
  endfacet
  facet normal 0.550835 0.824386 0.130263
    outer loop
      vertex -2 -3.4641 0
      vertex -2.43505 -3.17341 0
      vertex -2.01363 -3.48771 0.207055
    endloop
  endfacet
  facet normal 0.550838 0.824385 0.130255
    outer loop
      vertex -2.43505 -3.17341 0
      vertex -2.45164 -3.19504 0.207055
      vertex -2.01363 -3.48771 0.207055
    endloop
  endfacet
  facet normal 0.550838 0.824384 -0.130263
    outer loop
      vertex -2.01363 -3.48771 -0.207055
      vertex -2.45164 -3.19504 -0.207055
      vertex -2 -3.4641 0
    endloop
  endfacet
  facet normal 0.550836 0.824387 -0.130255
    outer loop
      vertex -2.45164 -3.19504 -0.207055
      vertex -2.43505 -3.17341 0
      vertex -2 -3.4641 0
    endloop
  endfacet
  facet normal 0.513449 0.768419 -0.381972
    outer loop
      vertex -2.05359 -3.55692 -0.4
      vertex -2.50029 -3.25844 -0.4
      vertex -2.01363 -3.48771 -0.207055
    endloop
  endfacet
  facet normal 0.513447 0.768426 -0.381961
    outer loop
      vertex -2.50029 -3.25844 -0.4
      vertex -2.45164 -3.19504 -0.207055
      vertex -2.01363 -3.48771 -0.207055
    endloop
  endfacet
  facet normal 0.441107 0.660177 -0.60794
    outer loop
      vertex -2.11716 -3.66702 -0.565685
      vertex -2.57769 -3.35931 -0.565685
      vertex -2.05359 -3.55692 -0.4
    endloop
  endfacet
  facet normal 0.441106 0.660152 -0.607968
    outer loop
      vertex -2.57769 -3.35931 -0.565685
      vertex -2.50029 -3.25844 -0.4
      vertex -2.05359 -3.55692 -0.4
    endloop
  endfacet
  facet normal 0.338668 0.506848 -0.792723
    outer loop
      vertex -2.2 -3.81051 -0.69282
      vertex -2.67855 -3.49075 -0.69282
      vertex -2.11716 -3.66702 -0.565685
    endloop
  endfacet
  facet normal 0.338671 0.506868 -0.792709
    outer loop
      vertex -2.67855 -3.49075 -0.69282
      vertex -2.57769 -3.35931 -0.565685
      vertex -2.11716 -3.66702 -0.565685
    endloop
  endfacet
  facet normal 0.212995 0.318771 -0.92359
    outer loop
      vertex -2.29647 -3.97761 -0.772741
      vertex -2.79601 -3.64383 -0.772741
      vertex -2.2 -3.81051 -0.69282
    endloop
  endfacet
  facet normal 0.212993 0.318763 -0.923593
    outer loop
      vertex -2.79601 -3.64383 -0.772741
      vertex -2.67855 -3.49075 -0.69282
      vertex -2.2 -3.81051 -0.69282
    endloop
  endfacet
  facet normal 0.0726691 0.108758 -0.991409
    outer loop
      vertex -2.4 -4.15692 -0.8
      vertex -2.92205 -3.8081 -0.8
      vertex -2.29647 -3.97761 -0.772741
    endloop
  endfacet
  facet normal 0.072669 0.108758 -0.991409
    outer loop
      vertex -2.92205 -3.8081 -0.8
      vertex -2.79601 -3.64383 -0.772741
      vertex -2.29647 -3.97761 -0.772741
    endloop
  endfacet
  facet normal -0.0726681 -0.108752 -0.991409
    outer loop
      vertex -2.50353 -4.33624 -0.772741
      vertex -3.0481 -3.97236 -0.772741
      vertex -2.4 -4.15692 -0.8
    endloop
  endfacet
  facet normal -0.0726699 -0.108759 -0.991408
    outer loop
      vertex -3.0481 -3.97236 -0.772741
      vertex -2.92205 -3.8081 -0.8
      vertex -2.4 -4.15692 -0.8
    endloop
  endfacet
  facet normal -0.213001 -0.318783 -0.923584
    outer loop
      vertex -2.6 -4.50333 -0.69282
      vertex -3.16556 -4.12544 -0.69282
      vertex -2.50353 -4.33624 -0.772741
    endloop
  endfacet
  facet normal -0.212996 -0.318762 -0.923593
    outer loop
      vertex -3.16556 -4.12544 -0.69282
      vertex -3.0481 -3.97236 -0.772741
      vertex -2.50353 -4.33624 -0.772741
    endloop
  endfacet
  facet normal -0.338668 -0.506847 -0.792723
    outer loop
      vertex -2.68284 -4.64682 -0.565685
      vertex -3.26642 -4.25688 -0.565685
      vertex -2.6 -4.50333 -0.69282
    endloop
  endfacet
  facet normal -0.338673 -0.506866 -0.792709
    outer loop
      vertex -3.26642 -4.25688 -0.565685
      vertex -3.16556 -4.12544 -0.69282
      vertex -2.6 -4.50333 -0.69282
    endloop
  endfacet
  facet normal -0.441108 -0.660176 -0.60794
    outer loop
      vertex -2.74641 -4.75692 -0.4
      vertex -3.34382 -4.35775 -0.4
      vertex -2.68284 -4.64682 -0.565685
    endloop
  endfacet
  facet normal -0.441105 -0.660153 -0.607968
    outer loop
      vertex -3.34382 -4.35775 -0.4
      vertex -3.26642 -4.25688 -0.565685
      vertex -2.68284 -4.64682 -0.565685
    endloop
  endfacet
  facet normal -0.513442 -0.768407 -0.382006
    outer loop
      vertex -2.78637 -4.82614 -0.207055
      vertex -3.39247 -4.42115 -0.207055
      vertex -2.74641 -4.75692 -0.4
    endloop
  endfacet
  facet normal -0.51344 -0.76843 -0.38196
    outer loop
      vertex -3.39247 -4.42115 -0.207055
      vertex -3.34382 -4.35775 -0.4
      vertex -2.74641 -4.75692 -0.4
    endloop
  endfacet
  facet normal -0.550839 -0.82439 -0.130224
    outer loop
      vertex -2.8 -4.84974 0
      vertex -3.40906 -4.44278 0
      vertex -2.78637 -4.82614 -0.207055
    endloop
  endfacet
  facet normal -0.550844 -0.824382 -0.130255
    outer loop
      vertex -3.40906 -4.44278 0
      vertex -3.39247 -4.42115 -0.207055
      vertex -2.78637 -4.82614 -0.207055
    endloop
  endfacet
  facet normal -0.653731 -0.745433 0.130251
    outer loop
      vertex -3.39247 -4.42115 0.207055
      vertex -3.94052 -3.94052 0.207055
      vertex -3.40906 -4.44278 0
    endloop
  endfacet
  facet normal -0.653722 -0.745436 0.130283
    outer loop
      vertex -3.94052 -3.94052 0.207055
      vertex -3.9598 -3.9598 0
      vertex -3.40906 -4.44278 0
    endloop
  endfacet
  facet normal -0.609358 -0.69483 0.381961
    outer loop
      vertex -3.34382 -4.35775 0.4
      vertex -3.88401 -3.88401 0.4
      vertex -3.39247 -4.42115 0.207055
    endloop
  endfacet
  facet normal -0.609353 -0.694829 0.381971
    outer loop
      vertex -3.88401 -3.88401 0.4
      vertex -3.94052 -3.94052 0.207055
      vertex -3.39247 -4.42115 0.207055
    endloop
  endfacet
  facet normal -0.523494 -0.596933 0.607968
    outer loop
      vertex -3.26642 -4.25688 0.565685
      vertex -3.79411 -3.79411 0.565685
      vertex -3.34382 -4.35775 0.4
    endloop
  endfacet
  facet normal -0.523508 -0.596939 0.60795
    outer loop
      vertex -3.79411 -3.79411 0.565685
      vertex -3.88401 -3.88401 0.4
      vertex -3.34382 -4.35775 0.4
    endloop
  endfacet
  facet normal -0.401934 -0.458324 0.79271
    outer loop
      vertex -3.16556 -4.12544 0.69282
      vertex -3.67696 -3.67696 0.69282
      vertex -3.26642 -4.25688 0.565685
    endloop
  endfacet
  facet normal -0.401941 -0.458327 0.792704
    outer loop
      vertex -3.67696 -3.67696 0.69282
      vertex -3.79411 -3.79411 0.565685
      vertex -3.26642 -4.25688 0.565685
    endloop
  endfacet
  facet normal -0.252777 -0.288237 0.923593
    outer loop
      vertex -3.0481 -3.97236 0.772741
      vertex -3.54052 -3.54052 0.772741
      vertex -3.16556 -4.12544 0.69282
    endloop
  endfacet
  facet normal -0.252771 -0.288234 0.923595
    outer loop
      vertex -3.54052 -3.54052 0.772741
      vertex -3.67696 -3.67696 0.69282
      vertex -3.16556 -4.12544 0.69282
    endloop
  endfacet
  facet normal -0.0862446 -0.0983421 0.991408
    outer loop
      vertex -2.92205 -3.8081 0.8
      vertex -3.39411 -3.39411 0.8
      vertex -3.0481 -3.97236 0.772741
    endloop
  endfacet
  facet normal -0.0862424 -0.0983407 0.991409
    outer loop
      vertex -3.39411 -3.39411 0.8
      vertex -3.54052 -3.54052 0.772741
      vertex -3.0481 -3.97236 0.772741
    endloop
  endfacet
  facet normal 0.0862448 0.0983412 0.991409
    outer loop
      vertex -2.79601 -3.64383 0.772741
      vertex -3.2477 -3.2477 0.772741
      vertex -2.92205 -3.8081 0.8
    endloop
  endfacet
  facet normal 0.0862429 0.0983402 0.991409
    outer loop
      vertex -3.2477 -3.2477 0.772741
      vertex -3.39411 -3.39411 0.8
      vertex -2.92205 -3.8081 0.8
    endloop
  endfacet
  facet normal 0.252775 0.288238 0.923593
    outer loop
      vertex -2.67855 -3.49075 0.69282
      vertex -3.11127 -3.11127 0.69282
      vertex -2.79601 -3.64383 0.772741
    endloop
  endfacet
  facet normal 0.252791 0.288247 0.923585
    outer loop
      vertex -3.11127 -3.11127 0.69282
      vertex -3.2477 -3.2477 0.772741
      vertex -2.79601 -3.64383 0.772741
    endloop
  endfacet
  facet normal 0.401943 0.458316 0.792709
    outer loop
      vertex -2.57769 -3.35931 0.565685
      vertex -2.99411 -2.99411 0.565685
      vertex -2.67855 -3.49075 0.69282
    endloop
  endfacet
  facet normal 0.401917 0.458305 0.792729
    outer loop
      vertex -2.99411 -2.99411 0.565685
      vertex -3.11127 -3.11127 0.69282
      vertex -2.67855 -3.49075 0.69282
    endloop
  endfacet
  facet normal 0.523497 0.596931 0.607967
    outer loop
      vertex -2.50029 -3.25844 0.4
      vertex -2.90421 -2.90421 0.4
      vertex -2.57769 -3.35931 0.565685
    endloop
  endfacet
  facet normal 0.523512 0.596935 0.60795
    outer loop
      vertex -2.90421 -2.90421 0.4
      vertex -2.99411 -2.99411 0.565685
      vertex -2.57769 -3.35931 0.565685
    endloop
  endfacet
  facet normal 0.609358 0.69483 0.381961
    outer loop
      vertex -2.45164 -3.19504 0.207055
      vertex -2.8477 -2.8477 0.207055
      vertex -2.50029 -3.25844 0.4
    endloop
  endfacet
  facet normal 0.609352 0.69483 0.381971
    outer loop
      vertex -2.8477 -2.8477 0.207055
      vertex -2.90421 -2.90421 0.4
      vertex -2.50029 -3.25844 0.4
    endloop
  endfacet
  facet normal 0.653724 0.74544 0.130251
    outer loop
      vertex -2.43505 -3.17341 0
      vertex -2.82843 -2.82843 0
      vertex -2.45164 -3.19504 0.207055
    endloop
  endfacet
  facet normal 0.653737 0.745434 0.130217
    outer loop
      vertex -2.82843 -2.82843 0
      vertex -2.8477 -2.8477 0.207055
      vertex -2.45164 -3.19504 0.207055
    endloop
  endfacet
  facet normal 0.653734 0.745431 -0.130251
    outer loop
      vertex -2.45164 -3.19504 -0.207055
      vertex -2.8477 -2.8477 -0.207055
      vertex -2.43505 -3.17341 0
    endloop
  endfacet
  facet normal 0.653727 0.745443 -0.130217
    outer loop
      vertex -2.8477 -2.8477 -0.207055
      vertex -2.82843 -2.82843 0
      vertex -2.43505 -3.17341 0
    endloop
  endfacet
  facet normal 0.609355 0.694833 -0.381961
    outer loop
      vertex -2.50029 -3.25844 -0.4
      vertex -2.90421 -2.90421 -0.4
      vertex -2.45164 -3.19504 -0.207055
    endloop
  endfacet
  facet normal 0.609355 0.694827 -0.381971
    outer loop
      vertex -2.90421 -2.90421 -0.4
      vertex -2.8477 -2.8477 -0.207055
      vertex -2.45164 -3.19504 -0.207055
    endloop
  endfacet
  facet normal 0.523503 0.596926 -0.607967
    outer loop
      vertex -2.57769 -3.35931 -0.565685
      vertex -2.99411 -2.99411 -0.565685
      vertex -2.50029 -3.25844 -0.4
    endloop
  endfacet
  facet normal 0.523506 0.596941 -0.60795
    outer loop
      vertex -2.99411 -2.99411 -0.565685
      vertex -2.90421 -2.90421 -0.4
      vertex -2.50029 -3.25844 -0.4
    endloop
  endfacet
  facet normal 0.401934 0.458324 -0.79271
    outer loop
      vertex -2.67855 -3.49075 -0.69282
      vertex -3.11127 -3.11127 -0.69282
      vertex -2.57769 -3.35931 -0.565685
    endloop
  endfacet
  facet normal 0.401926 0.458297 -0.792729
    outer loop
      vertex -3.11127 -3.11127 -0.69282
      vertex -2.99411 -2.99411 -0.565685
      vertex -2.57769 -3.35931 -0.565685
    endloop
  endfacet
  facet normal 0.25278 0.288234 -0.923593
    outer loop
      vertex -2.79601 -3.64383 -0.772741
      vertex -3.2477 -3.2477 -0.772741
      vertex -2.67855 -3.49075 -0.69282
    endloop
  endfacet
  facet normal 0.252787 0.288252 -0.923585
    outer loop
      vertex -3.2477 -3.2477 -0.772741
      vertex -3.11127 -3.11127 -0.69282
      vertex -2.67855 -3.49075 -0.69282
    endloop
  endfacet
  facet normal 0.0862442 0.0983416 -0.991409
    outer loop
      vertex -2.92205 -3.8081 -0.8
      vertex -3.39411 -3.39411 -0.8
      vertex -2.79601 -3.64383 -0.772741
    endloop
  endfacet
  facet normal 0.0862434 0.0983397 -0.991409
    outer loop
      vertex -3.39411 -3.39411 -0.8
      vertex -3.2477 -3.2477 -0.772741
      vertex -2.79601 -3.64383 -0.772741
    endloop
  endfacet
  facet normal -0.086244 -0.0983426 -0.991408
    outer loop
      vertex -3.0481 -3.97236 -0.772741
      vertex -3.54052 -3.54052 -0.772741
      vertex -2.92205 -3.8081 -0.8
    endloop
  endfacet
  facet normal -0.0862429 -0.0983402 -0.991409
    outer loop
      vertex -3.54052 -3.54052 -0.772741
      vertex -3.39411 -3.39411 -0.8
      vertex -2.92205 -3.8081 -0.8
    endloop
  endfacet
  facet normal -0.252775 -0.288238 -0.923593
    outer loop
      vertex -3.16556 -4.12544 -0.69282
      vertex -3.67696 -3.67696 -0.69282
      vertex -3.0481 -3.97236 -0.772741
    endloop
  endfacet
  facet normal -0.252772 -0.288232 -0.923595
    outer loop
      vertex -3.67696 -3.67696 -0.69282
      vertex -3.54052 -3.54052 -0.772741
      vertex -3.0481 -3.97236 -0.772741
    endloop
  endfacet
  facet normal -0.401936 -0.458322 -0.792709
    outer loop
      vertex -3.26642 -4.25688 -0.565685
      vertex -3.79411 -3.79411 -0.565685
      vertex -3.16556 -4.12544 -0.69282
    endloop
  endfacet
  facet normal -0.401939 -0.458329 -0.792704
    outer loop
      vertex -3.79411 -3.79411 -0.565685
      vertex -3.67696 -3.67696 -0.69282
      vertex -3.16556 -4.12544 -0.69282
    endloop
  endfacet
  facet normal -0.523499 -0.596929 -0.607967
    outer loop
      vertex -3.34382 -4.35775 -0.4
      vertex -3.88401 -3.88401 -0.4
      vertex -3.26642 -4.25688 -0.565685
    endloop
  endfacet
  facet normal -0.523503 -0.596943 -0.60795
    outer loop
      vertex -3.88401 -3.88401 -0.4
      vertex -3.79411 -3.79411 -0.565685
      vertex -3.26642 -4.25688 -0.565685
    endloop
  endfacet
  facet normal -0.609355 -0.694832 -0.381961
    outer loop
      vertex -3.39247 -4.42115 -0.207055
      vertex -3.94052 -3.94052 -0.207055
      vertex -3.34382 -4.35775 -0.4
    endloop
  endfacet
  facet normal -0.609355 -0.694827 -0.381971
    outer loop
      vertex -3.94052 -3.94052 -0.207055
      vertex -3.88401 -3.88401 -0.4
      vertex -3.34382 -4.35775 -0.4
    endloop
  endfacet
  facet normal -0.653724 -0.745439 -0.130251
    outer loop
      vertex -3.40906 -4.44278 0
      vertex -3.9598 -3.9598 0
      vertex -3.39247 -4.42115 -0.207055
    endloop
  endfacet
  facet normal -0.653728 -0.74543 -0.130283
    outer loop
      vertex -3.9598 -3.9598 0
      vertex -3.94052 -3.94052 -0.207055
      vertex -3.39247 -4.42115 -0.207055
    endloop
  endfacet
  facet normal -0.74543 -0.653728 0.130283
    outer loop
      vertex -3.94052 -3.94052 0.207055
      vertex -4.42115 -3.39247 0.207055
      vertex -3.9598 -3.9598 0
    endloop
  endfacet
  facet normal -0.745439 -0.653724 0.130251
    outer loop
      vertex -4.42115 -3.39247 0.207055
      vertex -4.44278 -3.40906 0
      vertex -3.9598 -3.9598 0
    endloop
  endfacet
  facet normal -0.694827 -0.609355 0.381971
    outer loop
      vertex -3.88401 -3.88401 0.4
      vertex -4.35775 -3.34382 0.4
      vertex -3.94052 -3.94052 0.207055
    endloop
  endfacet
  facet normal -0.694832 -0.609355 0.381961
    outer loop
      vertex -4.35775 -3.34382 0.4
      vertex -4.42115 -3.39247 0.207055
      vertex -3.94052 -3.94052 0.207055
    endloop
  endfacet
  facet normal -0.596943 -0.523503 0.60795
    outer loop
      vertex -3.79411 -3.79411 0.565685
      vertex -4.25688 -3.26642 0.565685
      vertex -3.88401 -3.88401 0.4
    endloop
  endfacet
  facet normal -0.596929 -0.523499 0.607967
    outer loop
      vertex -4.25688 -3.26642 0.565685
      vertex -4.35775 -3.34382 0.4
      vertex -3.88401 -3.88401 0.4
    endloop
  endfacet
  facet normal -0.458329 -0.401939 0.792704
    outer loop
      vertex -3.67696 -3.67696 0.69282
      vertex -4.12544 -3.16556 0.69282
      vertex -3.79411 -3.79411 0.565685
    endloop
  endfacet
  facet normal -0.458322 -0.401936 0.792709
    outer loop
      vertex -4.12544 -3.16556 0.69282
      vertex -4.25688 -3.26642 0.565685
      vertex -3.79411 -3.79411 0.565685
    endloop
  endfacet
  facet normal -0.288232 -0.252772 0.923595
    outer loop
      vertex -3.54052 -3.54052 0.772741
      vertex -3.97236 -3.0481 0.772741
      vertex -3.67696 -3.67696 0.69282
    endloop
  endfacet
  facet normal -0.288238 -0.252775 0.923593
    outer loop
      vertex -3.97236 -3.0481 0.772741
      vertex -4.12544 -3.16556 0.69282
      vertex -3.67696 -3.67696 0.69282
    endloop
  endfacet
  facet normal -0.0983402 -0.0862429 0.991409
    outer loop
      vertex -3.39411 -3.39411 0.8
      vertex -3.8081 -2.92205 0.8
      vertex -3.54052 -3.54052 0.772741
    endloop
  endfacet
  facet normal -0.0983426 -0.086244 0.991408
    outer loop
      vertex -3.8081 -2.92205 0.8
      vertex -3.97236 -3.0481 0.772741
      vertex -3.54052 -3.54052 0.772741
    endloop
  endfacet
  facet normal 0.0983397 0.0862434 0.991409
    outer loop
      vertex -3.2477 -3.2477 0.772741
      vertex -3.64383 -2.79601 0.772741
      vertex -3.39411 -3.39411 0.8
    endloop
  endfacet
  facet normal 0.0983416 0.0862442 0.991409
    outer loop
      vertex -3.64383 -2.79601 0.772741
      vertex -3.8081 -2.92205 0.8
      vertex -3.39411 -3.39411 0.8
    endloop
  endfacet
  facet normal 0.288252 0.252787 0.923585
    outer loop
      vertex -3.11127 -3.11127 0.69282
      vertex -3.49075 -2.67855 0.69282
      vertex -3.2477 -3.2477 0.772741
    endloop
  endfacet
  facet normal 0.288234 0.25278 0.923593
    outer loop
      vertex -3.49075 -2.67855 0.69282
      vertex -3.64383 -2.79601 0.772741
      vertex -3.2477 -3.2477 0.772741
    endloop
  endfacet
  facet normal 0.458297 0.401926 0.792729
    outer loop
      vertex -2.99411 -2.99411 0.565685
      vertex -3.35931 -2.57769 0.565685
      vertex -3.11127 -3.11127 0.69282
    endloop
  endfacet
  facet normal 0.458324 0.401934 0.79271
    outer loop
      vertex -3.35931 -2.57769 0.565685
      vertex -3.49075 -2.67855 0.69282
      vertex -3.11127 -3.11127 0.69282
    endloop
  endfacet
  facet normal 0.596941 0.523506 0.60795
    outer loop
      vertex -2.90421 -2.90421 0.4
      vertex -3.25844 -2.50029 0.4
      vertex -2.99411 -2.99411 0.565685
    endloop
  endfacet
  facet normal 0.596926 0.523503 0.607967
    outer loop
      vertex -3.25844 -2.50029 0.4
      vertex -3.35931 -2.57769 0.565685
      vertex -2.99411 -2.99411 0.565685
    endloop
  endfacet
  facet normal 0.694827 0.609355 0.381971
    outer loop
      vertex -2.8477 -2.8477 0.207055
      vertex -3.19504 -2.45164 0.207055
      vertex -2.90421 -2.90421 0.4
    endloop
  endfacet
  facet normal 0.694833 0.609355 0.381961
    outer loop
      vertex -3.19504 -2.45164 0.207055
      vertex -3.25844 -2.50029 0.4
      vertex -2.90421 -2.90421 0.4
    endloop
  endfacet
  facet normal 0.745443 0.653727 0.130217
    outer loop
      vertex -2.82843 -2.82843 0
      vertex -3.17341 -2.43505 0
      vertex -2.8477 -2.8477 0.207055
    endloop
  endfacet
  facet normal 0.745431 0.653734 0.130251
    outer loop
      vertex -3.17341 -2.43505 0
      vertex -3.19504 -2.45164 0.207055
      vertex -2.8477 -2.8477 0.207055
    endloop
  endfacet
  facet normal 0.745434 0.653737 -0.130217
    outer loop
      vertex -2.8477 -2.8477 -0.207055
      vertex -3.19504 -2.45164 -0.207055
      vertex -2.82843 -2.82843 0
    endloop
  endfacet
  facet normal 0.74544 0.653724 -0.130251
    outer loop
      vertex -3.19504 -2.45164 -0.207055
      vertex -3.17341 -2.43505 0
      vertex -2.82843 -2.82843 0
    endloop
  endfacet
  facet normal 0.69483 0.609352 -0.381971
    outer loop
      vertex -2.90421 -2.90421 -0.4
      vertex -3.25844 -2.50029 -0.4
      vertex -2.8477 -2.8477 -0.207055
    endloop
  endfacet
  facet normal 0.69483 0.609358 -0.381961
    outer loop
      vertex -3.25844 -2.50029 -0.4
      vertex -3.19504 -2.45164 -0.207055
      vertex -2.8477 -2.8477 -0.207055
    endloop
  endfacet
  facet normal 0.596935 0.523512 -0.60795
    outer loop
      vertex -2.99411 -2.99411 -0.565685
      vertex -3.35931 -2.57769 -0.565685
      vertex -2.90421 -2.90421 -0.4
    endloop
  endfacet
  facet normal 0.596931 0.523497 -0.607967
    outer loop
      vertex -3.35931 -2.57769 -0.565685
      vertex -3.25844 -2.50029 -0.4
      vertex -2.90421 -2.90421 -0.4
    endloop
  endfacet
  facet normal 0.458305 0.401917 -0.792729
    outer loop
      vertex -3.11127 -3.11127 -0.69282
      vertex -3.49075 -2.67855 -0.69282
      vertex -2.99411 -2.99411 -0.565685
    endloop
  endfacet
  facet normal 0.458316 0.401943 -0.792709
    outer loop
      vertex -3.49075 -2.67855 -0.69282
      vertex -3.35931 -2.57769 -0.565685
      vertex -2.99411 -2.99411 -0.565685
    endloop
  endfacet
  facet normal 0.288247 0.252791 -0.923585
    outer loop
      vertex -3.2477 -3.2477 -0.772741
      vertex -3.64383 -2.79601 -0.772741
      vertex -3.11127 -3.11127 -0.69282
    endloop
  endfacet
  facet normal 0.288238 0.252775 -0.923593
    outer loop
      vertex -3.64383 -2.79601 -0.772741
      vertex -3.49075 -2.67855 -0.69282
      vertex -3.11127 -3.11127 -0.69282
    endloop
  endfacet
  facet normal 0.0983402 0.0862429 -0.991409
    outer loop
      vertex -3.39411 -3.39411 -0.8
      vertex -3.8081 -2.92205 -0.8
      vertex -3.2477 -3.2477 -0.772741
    endloop
  endfacet
  facet normal 0.0983412 0.0862448 -0.991409
    outer loop
      vertex -3.8081 -2.92205 -0.8
      vertex -3.64383 -2.79601 -0.772741
      vertex -3.2477 -3.2477 -0.772741
    endloop
  endfacet
  facet normal -0.0983407 -0.0862424 -0.991409
    outer loop
      vertex -3.54052 -3.54052 -0.772741
      vertex -3.97236 -3.0481 -0.772741
      vertex -3.39411 -3.39411 -0.8
    endloop
  endfacet
  facet normal -0.0983421 -0.0862446 -0.991408
    outer loop
      vertex -3.97236 -3.0481 -0.772741
      vertex -3.8081 -2.92205 -0.8
      vertex -3.39411 -3.39411 -0.8
    endloop
  endfacet
  facet normal -0.288234 -0.252771 -0.923595
    outer loop
      vertex -3.67696 -3.67696 -0.69282
      vertex -4.12544 -3.16556 -0.69282
      vertex -3.54052 -3.54052 -0.772741
    endloop
  endfacet
  facet normal -0.288237 -0.252777 -0.923593
    outer loop
      vertex -4.12544 -3.16556 -0.69282
      vertex -3.97236 -3.0481 -0.772741
      vertex -3.54052 -3.54052 -0.772741
    endloop
  endfacet
  facet normal -0.458327 -0.401941 -0.792704
    outer loop
      vertex -3.79411 -3.79411 -0.565685
      vertex -4.25688 -3.26642 -0.565685
      vertex -3.67696 -3.67696 -0.69282
    endloop
  endfacet
  facet normal -0.458324 -0.401934 -0.79271
    outer loop
      vertex -4.25688 -3.26642 -0.565685
      vertex -4.12544 -3.16556 -0.69282
      vertex -3.67696 -3.67696 -0.69282
    endloop
  endfacet
  facet normal -0.596939 -0.523508 -0.60795
    outer loop
      vertex -3.88401 -3.88401 -0.4
      vertex -4.35775 -3.34382 -0.4
      vertex -3.79411 -3.79411 -0.565685
    endloop
  endfacet
  facet normal -0.596933 -0.523494 -0.607968
    outer loop
      vertex -4.35775 -3.34382 -0.4
      vertex -4.25688 -3.26642 -0.565685
      vertex -3.79411 -3.79411 -0.565685
    endloop
  endfacet
  facet normal -0.694829 -0.609353 -0.381971
    outer loop
      vertex -3.94052 -3.94052 -0.207055
      vertex -4.42115 -3.39247 -0.207055
      vertex -3.88401 -3.88401 -0.4
    endloop
  endfacet
  facet normal -0.69483 -0.609358 -0.381961
    outer loop
      vertex -4.42115 -3.39247 -0.207055
      vertex -4.35775 -3.34382 -0.4
      vertex -3.88401 -3.88401 -0.4
    endloop
  endfacet
  facet normal -0.745436 -0.653722 -0.130283
    outer loop
      vertex -3.9598 -3.9598 0
      vertex -4.44278 -3.40906 0
      vertex -3.94052 -3.94052 -0.207055
    endloop
  endfacet
  facet normal -0.745433 -0.653731 -0.130251
    outer loop
      vertex -4.44278 -3.40906 0
      vertex -4.42115 -3.39247 -0.207055
      vertex -3.94052 -3.94052 -0.207055
    endloop
  endfacet
  facet normal -0.824382 -0.550844 0.130255
    outer loop
      vertex -4.42115 -3.39247 0.207055
      vertex -4.82614 -2.78637 0.207055
      vertex -4.44278 -3.40906 0
    endloop
  endfacet
  facet normal -0.82439 -0.550839 0.130224
    outer loop
      vertex -4.82614 -2.78637 0.207055
      vertex -4.84974 -2.8 0
      vertex -4.44278 -3.40906 0
    endloop
  endfacet
  facet normal -0.76843 -0.51344 0.38196
    outer loop
      vertex -4.35775 -3.34382 0.4
      vertex -4.75692 -2.74641 0.4
      vertex -4.42115 -3.39247 0.207055
    endloop
  endfacet
  facet normal -0.768407 -0.513442 0.382006
    outer loop
      vertex -4.75692 -2.74641 0.4
      vertex -4.82614 -2.78637 0.207055
      vertex -4.42115 -3.39247 0.207055
    endloop
  endfacet
  facet normal -0.660153 -0.441105 0.607968
    outer loop
      vertex -4.25688 -3.26642 0.565685
      vertex -4.64682 -2.68284 0.565685
      vertex -4.35775 -3.34382 0.4
    endloop
  endfacet
  facet normal -0.660176 -0.441108 0.60794
    outer loop
      vertex -4.64682 -2.68284 0.565685
      vertex -4.75692 -2.74641 0.4
      vertex -4.35775 -3.34382 0.4
    endloop
  endfacet
  facet normal -0.506866 -0.338673 0.792709
    outer loop
      vertex -4.12544 -3.16556 0.69282
      vertex -4.50333 -2.6 0.69282
      vertex -4.25688 -3.26642 0.565685
    endloop
  endfacet
  facet normal -0.506847 -0.338668 0.792723
    outer loop
      vertex -4.50333 -2.6 0.69282
      vertex -4.64682 -2.68284 0.565685
      vertex -4.25688 -3.26642 0.565685
    endloop
  endfacet
  facet normal -0.318762 -0.212996 0.923593
    outer loop
      vertex -3.97236 -3.0481 0.772741
      vertex -4.33624 -2.50353 0.772741
      vertex -4.12544 -3.16556 0.69282
    endloop
  endfacet
  facet normal -0.318783 -0.213001 0.923584
    outer loop
      vertex -4.33624 -2.50353 0.772741
      vertex -4.50333 -2.6 0.69282
      vertex -4.12544 -3.16556 0.69282
    endloop
  endfacet
  facet normal -0.108759 -0.0726699 0.991408
    outer loop
      vertex -3.8081 -2.92205 0.8
      vertex -4.15692 -2.4 0.8
      vertex -3.97236 -3.0481 0.772741
    endloop
  endfacet
  facet normal -0.108752 -0.0726681 0.991409
    outer loop
      vertex -4.15692 -2.4 0.8
      vertex -4.33624 -2.50353 0.772741
      vertex -3.97236 -3.0481 0.772741
    endloop
  endfacet
  facet normal 0.108758 0.072669 0.991409
    outer loop
      vertex -3.64383 -2.79601 0.772741
      vertex -3.97761 -2.29647 0.772741
      vertex -3.8081 -2.92205 0.8
    endloop
  endfacet
  facet normal 0.108758 0.0726691 0.991409
    outer loop
      vertex -3.97761 -2.29647 0.772741
      vertex -4.15692 -2.4 0.8
      vertex -3.8081 -2.92205 0.8
    endloop
  endfacet
  facet normal 0.318763 0.212993 0.923593
    outer loop
      vertex -3.49075 -2.67855 0.69282
      vertex -3.81051 -2.2 0.69282
      vertex -3.64383 -2.79601 0.772741
    endloop
  endfacet
  facet normal 0.318771 0.212995 0.92359
    outer loop
      vertex -3.81051 -2.2 0.69282
      vertex -3.97761 -2.29647 0.772741
      vertex -3.64383 -2.79601 0.772741
    endloop
  endfacet
  facet normal 0.506868 0.338671 0.792709
    outer loop
      vertex -3.35931 -2.57769 0.565685
      vertex -3.66702 -2.11716 0.565685
      vertex -3.49075 -2.67855 0.69282
    endloop
  endfacet
  facet normal 0.506848 0.338668 0.792723
    outer loop
      vertex -3.66702 -2.11716 0.565685
      vertex -3.81051 -2.2 0.69282
      vertex -3.49075 -2.67855 0.69282
    endloop
  endfacet
  facet normal 0.660152 0.441106 0.607968
    outer loop
      vertex -3.25844 -2.50029 0.4
      vertex -3.55692 -2.05359 0.4
      vertex -3.35931 -2.57769 0.565685
    endloop
  endfacet
  facet normal 0.660177 0.441107 0.60794
    outer loop
      vertex -3.55692 -2.05359 0.4
      vertex -3.66702 -2.11716 0.565685
      vertex -3.35931 -2.57769 0.565685
    endloop
  endfacet
  facet normal 0.768426 0.513447 0.381961
    outer loop
      vertex -3.19504 -2.45164 0.207055
      vertex -3.48771 -2.01363 0.207055
      vertex -3.25844 -2.50029 0.4
    endloop
  endfacet
  facet normal 0.768419 0.513449 0.381972
    outer loop
      vertex -3.48771 -2.01363 0.207055
      vertex -3.55692 -2.05359 0.4
      vertex -3.25844 -2.50029 0.4
    endloop
  endfacet
  facet normal 0.824387 0.550836 0.130255
    outer loop
      vertex -3.17341 -2.43505 0
      vertex -3.4641 -2 0
      vertex -3.19504 -2.45164 0.207055
    endloop
  endfacet
  facet normal 0.824384 0.550838 0.130263
    outer loop
      vertex -3.4641 -2 0
      vertex -3.48771 -2.01363 0.207055
      vertex -3.19504 -2.45164 0.207055
    endloop
  endfacet
  facet normal 0.824385 0.550838 -0.130255
    outer loop
      vertex -3.19504 -2.45164 -0.207055
      vertex -3.48771 -2.01363 -0.207055
      vertex -3.17341 -2.43505 0
    endloop
  endfacet
  facet normal 0.824386 0.550835 -0.130263
    outer loop
      vertex -3.48771 -2.01363 -0.207055
      vertex -3.4641 -2 0
      vertex -3.17341 -2.43505 0
    endloop
  endfacet
  facet normal 0.768423 0.513452 -0.381961
    outer loop
      vertex -3.25844 -2.50029 -0.4
      vertex -3.55692 -2.05359 -0.4
      vertex -3.19504 -2.45164 -0.207055
    endloop
  endfacet
  facet normal 0.768421 0.513445 -0.381973
    outer loop
      vertex -3.55692 -2.05359 -0.4
      vertex -3.48771 -2.01363 -0.207055
      vertex -3.19504 -2.45164 -0.207055
    endloop
  endfacet
  facet normal 0.660159 0.441095 -0.607967
    outer loop
      vertex -3.35931 -2.57769 -0.565685
      vertex -3.66702 -2.11716 -0.565685
      vertex -3.25844 -2.50029 -0.4
    endloop
  endfacet
  facet normal 0.66017 0.441118 -0.60794
    outer loop
      vertex -3.66702 -2.11716 -0.565685
      vertex -3.55692 -2.05359 -0.4
      vertex -3.25844 -2.50029 -0.4
    endloop
  endfacet
  facet normal 0.506862 0.338678 -0.792709
    outer loop
      vertex -3.49075 -2.67855 -0.69282
      vertex -3.81051 -2.2 -0.69282
      vertex -3.35931 -2.57769 -0.565685
    endloop
  endfacet
  facet normal 0.506852 0.338661 -0.792723
    outer loop
      vertex -3.81051 -2.2 -0.69282
      vertex -3.66702 -2.11716 -0.565685
      vertex -3.35931 -2.57769 -0.565685
    endloop
  endfacet
  facet normal 0.318765 0.212991 -0.923593
    outer loop
      vertex -3.64383 -2.79601 -0.772741
      vertex -3.97761 -2.29647 -0.772741
      vertex -3.49075 -2.67855 -0.69282
    endloop
  endfacet
  facet normal 0.31877 0.212997 -0.92359
    outer loop
      vertex -3.97761 -2.29647 -0.772741
      vertex -3.81051 -2.2 -0.69282
      vertex -3.49075 -2.67855 -0.69282
    endloop
  endfacet
  facet normal 0.108758 0.072669 -0.991409
    outer loop
      vertex -3.8081 -2.92205 -0.8
      vertex -4.15692 -2.4 -0.8
      vertex -3.64383 -2.79601 -0.772741
    endloop
  endfacet
  facet normal 0.108758 0.0726692 -0.991409
    outer loop
      vertex -4.15692 -2.4 -0.8
      vertex -3.97761 -2.29647 -0.772741
      vertex -3.64383 -2.79601 -0.772741
    endloop
  endfacet
  facet normal -0.108758 -0.0726716 -0.991408
    outer loop
      vertex -3.97236 -3.0481 -0.772741
      vertex -4.33624 -2.50353 -0.772741
      vertex -3.8081 -2.92205 -0.8
    endloop
  endfacet
  facet normal -0.108754 -0.0726662 -0.991409
    outer loop
      vertex -4.33624 -2.50353 -0.772741
      vertex -4.15692 -2.4 -0.8
      vertex -3.8081 -2.92205 -0.8
    endloop
  endfacet
  facet normal -0.318766 -0.21299 -0.923593
    outer loop
      vertex -4.12544 -3.16556 -0.69282
      vertex -4.50333 -2.6 -0.69282
      vertex -3.97236 -3.0481 -0.772741
    endloop
  endfacet
  facet normal -0.31878 -0.213008 -0.923584
    outer loop
      vertex -4.50333 -2.6 -0.69282
      vertex -4.33624 -2.50353 -0.772741
      vertex -3.97236 -3.0481 -0.772741
    endloop
  endfacet
  facet normal -0.506862 -0.338678 -0.792709
    outer loop
      vertex -4.25688 -3.26642 -0.565685
      vertex -4.64682 -2.68284 -0.565685
      vertex -4.12544 -3.16556 -0.69282
    endloop
  endfacet
  facet normal -0.506851 -0.338662 -0.792723
    outer loop
      vertex -4.64682 -2.68284 -0.565685
      vertex -4.50333 -2.6 -0.69282
      vertex -4.12544 -3.16556 -0.69282
    endloop
  endfacet
  facet normal -0.660159 -0.441097 -0.607967
    outer loop
      vertex -4.35775 -3.34382 -0.4
      vertex -4.75692 -2.74641 -0.4
      vertex -4.25688 -3.26642 -0.565685
    endloop
  endfacet
  facet normal -0.66017 -0.441117 -0.60794
    outer loop
      vertex -4.75692 -2.74641 -0.4
      vertex -4.64682 -2.68284 -0.565685
      vertex -4.25688 -3.26642 -0.565685
    endloop
  endfacet
  facet normal -0.768422 -0.513452 -0.381961
    outer loop
      vertex -4.42115 -3.39247 -0.207055
      vertex -4.82614 -2.78637 -0.207055
      vertex -4.35775 -3.34382 -0.4
    endloop
  endfacet
  facet normal -0.768414 -0.51343 -0.382007
    outer loop
      vertex -4.82614 -2.78637 -0.207055
      vertex -4.75692 -2.74641 -0.4
      vertex -4.35775 -3.34382 -0.4
    endloop
  endfacet
  facet normal -0.824387 -0.550836 -0.130255
    outer loop
      vertex -4.44278 -3.40906 0
      vertex -4.84974 -2.8 0
      vertex -4.42115 -3.39247 -0.207055
    endloop
  endfacet
  facet normal -0.824385 -0.550846 -0.130224
    outer loop
      vertex -4.84974 -2.8 0
      vertex -4.82614 -2.78637 -0.207055
      vertex -4.42115 -3.39247 -0.207055
    endloop
  endfacet
  facet normal -0.889238 -0.438519 0.130222
    outer loop
      vertex -4.82614 -2.78637 0.207055
      vertex -5.14854 -2.1326 0.207055
      vertex -4.84974 -2.8 0
    endloop
  endfacet
  facet normal -0.889225 -0.438529 0.130272
    outer loop
      vertex -5.14854 -2.1326 0.207055
      vertex -5.17373 -2.14303 0
      vertex -4.84974 -2.8 0
    endloop
  endfacet
  facet normal -0.828854 -0.408742 0.382008
    outer loop
      vertex -4.75692 -2.74641 0.4
      vertex -5.0747 -2.10201 0.4
      vertex -4.82614 -2.78637 0.207055
    endloop
  endfacet
  facet normal -0.828856 -0.408742 0.382006
    outer loop
      vertex -5.0747 -2.10201 0.4
      vertex -5.14854 -2.1326 0.207055
      vertex -4.82614 -2.78637 0.207055
    endloop
  endfacet
  facet normal -0.7121 -0.351174 0.607939
    outer loop
      vertex -4.64682 -2.68284 0.565685
      vertex -4.95725 -2.05336 0.565685
      vertex -4.75692 -2.74641 0.4
    endloop
  endfacet
  facet normal -0.712118 -0.351175 0.607918
    outer loop
      vertex -4.95725 -2.05336 0.565685
      vertex -5.0747 -2.10201 0.4
      vertex -4.75692 -2.74641 0.4
    endloop
  endfacet
  facet normal -0.546718 -0.269608 0.792724
    outer loop
      vertex -4.50333 -2.6 0.69282
      vertex -4.80417 -1.98995 0.69282
      vertex -4.64682 -2.68284 0.565685
    endloop
  endfacet
  facet normal -0.5467 -0.269607 0.792737
    outer loop
      vertex -4.80417 -1.98995 0.69282
      vertex -4.95725 -2.05336 0.565685
      vertex -4.64682 -2.68284 0.565685
    endloop
  endfacet
  facet normal -0.343857 -0.169572 0.923584
    outer loop
      vertex -4.33624 -2.50353 0.772741
      vertex -4.62592 -1.91612 0.772741
      vertex -4.50333 -2.6 0.69282
    endloop
  endfacet
  facet normal -0.343865 -0.169573 0.923581
    outer loop
      vertex -4.62592 -1.91612 0.772741
      vertex -4.80417 -1.98995 0.69282
      vertex -4.50333 -2.6 0.69282
    endloop
  endfacet
  facet normal -0.117308 -0.0578498 0.991409
    outer loop
      vertex -4.15692 -2.4 0.8
      vertex -4.43462 -1.83688 0.8
      vertex -4.33624 -2.50353 0.772741
    endloop
  endfacet
  facet normal -0.117307 -0.0578497 0.991409
    outer loop
      vertex -4.43462 -1.83688 0.8
      vertex -4.62592 -1.91612 0.772741
      vertex -4.33624 -2.50353 0.772741
    endloop
  endfacet
  facet normal 0.117313 0.057852 0.991409
    outer loop
      vertex -3.97761 -2.29647 0.772741
      vertex -4.24333 -1.75764 0.772741
      vertex -4.15692 -2.4 0.8
    endloop
  endfacet
  facet normal 0.117312 0.0578519 0.991409
    outer loop
      vertex -4.24333 -1.75764 0.772741
      vertex -4.43462 -1.83688 0.8
      vertex -4.15692 -2.4 0.8
    endloop
  endfacet
  facet normal 0.343843 0.169567 0.92359
    outer loop
      vertex -3.81051 -2.2 0.69282
      vertex -4.06507 -1.68381 0.69282
      vertex -3.97761 -2.29647 0.772741
    endloop
  endfacet
  facet normal 0.343851 0.169567 0.923587
    outer loop
      vertex -4.06507 -1.68381 0.69282
      vertex -4.24333 -1.75764 0.772741
      vertex -3.97761 -2.29647 0.772741
    endloop
  endfacet
  facet normal 0.546714 0.269615 0.792724
    outer loop
      vertex -3.66702 -2.11716 0.565685
      vertex -3.912 -1.6204 0.565685
      vertex -3.81051 -2.2 0.69282
    endloop
  endfacet
  facet normal 0.546719 0.269615 0.792721
    outer loop
      vertex -3.912 -1.6204 0.565685
      vertex -4.06507 -1.68381 0.69282
      vertex -3.81051 -2.2 0.69282
    endloop
  endfacet
  facet normal 0.712101 0.351173 0.607939
    outer loop
      vertex -3.55692 -2.05359 0.4
      vertex -3.79454 -1.57175 0.4
      vertex -3.66702 -2.11716 0.565685
    endloop
  endfacet
  facet normal 0.712095 0.351174 0.607945
    outer loop
      vertex -3.79454 -1.57175 0.4
      vertex -3.912 -1.6204 0.565685
      vertex -3.66702 -2.11716 0.565685
    endloop
  endfacet
  facet normal 0.828867 0.40875 0.381972
    outer loop
      vertex -3.48771 -2.01363 0.207055
      vertex -3.7207 -1.54117 0.207055
      vertex -3.55692 -2.05359 0.4
    endloop
  endfacet
  facet normal 0.828859 0.408753 0.381988
    outer loop
      vertex -3.7207 -1.54117 0.207055
      vertex -3.79454 -1.57175 0.4
      vertex -3.55692 -2.05359 0.4
    endloop
  endfacet
  facet normal 0.88923 0.438523 0.130264
    outer loop
      vertex -3.4641 -2 0
      vertex -3.69552 -1.53073 0
      vertex -3.48771 -2.01363 0.207055
    endloop
  endfacet
  facet normal 0.889233 0.438519 0.130251
    outer loop
      vertex -3.69552 -1.53073 0
      vertex -3.7207 -1.54117 0.207055
      vertex -3.48771 -2.01363 0.207055
    endloop
  endfacet
  facet normal 0.889232 0.438518 -0.130264
    outer loop
      vertex -3.48771 -2.01363 -0.207055
      vertex -3.7207 -1.54117 -0.207055
      vertex -3.4641 -2 0
    endloop
  endfacet
  facet normal 0.889231 0.438523 -0.130251
    outer loop
      vertex -3.7207 -1.54117 -0.207055
      vertex -3.69552 -1.53073 0
      vertex -3.4641 -2 0
    endloop
  endfacet
  facet normal 0.828864 0.408756 -0.381972
    outer loop
      vertex -3.55692 -2.05359 -0.4
      vertex -3.79454 -1.57175 -0.4
      vertex -3.48771 -2.01363 -0.207055
    endloop
  endfacet
  facet normal 0.828862 0.408747 -0.381988
    outer loop
      vertex -3.79454 -1.57175 -0.4
      vertex -3.7207 -1.54117 -0.207055
      vertex -3.48771 -2.01363 -0.207055
    endloop
  endfacet
  facet normal 0.712099 0.351176 -0.607939
    outer loop
      vertex -3.66702 -2.11716 -0.565685
      vertex -3.912 -1.6204 -0.565685
      vertex -3.55692 -2.05359 -0.4
    endloop
  endfacet
  facet normal 0.712097 0.351171 -0.607945
    outer loop
      vertex -3.912 -1.6204 -0.565685
      vertex -3.79454 -1.57175 -0.4
      vertex -3.55692 -2.05359 -0.4
    endloop
  endfacet
  facet normal 0.546715 0.269614 -0.792724
    outer loop
      vertex -3.81051 -2.2 -0.69282
      vertex -4.06507 -1.68381 -0.69282
      vertex -3.66702 -2.11716 -0.565685
    endloop
  endfacet
  facet normal 0.546718 0.269617 -0.792721
    outer loop
      vertex -4.06507 -1.68381 -0.69282
      vertex -3.912 -1.6204 -0.565685
      vertex -3.66702 -2.11716 -0.565685
    endloop
  endfacet
  facet normal 0.343844 0.169564 -0.92359
    outer loop
      vertex -3.97761 -2.29647 -0.772741
      vertex -4.24333 -1.75764 -0.772741
      vertex -3.81051 -2.2 -0.69282
    endloop
  endfacet
  facet normal 0.34385 0.16957 -0.923587
    outer loop
      vertex -4.24333 -1.75764 -0.772741
      vertex -4.06507 -1.68381 -0.69282
      vertex -3.81051 -2.2 -0.69282
    endloop
  endfacet
  facet normal 0.117313 0.0578523 -0.991409
    outer loop
      vertex -4.15692 -2.4 -0.8
      vertex -4.43462 -1.83688 -0.8
      vertex -3.97761 -2.29647 -0.772741
    endloop
  endfacet
  facet normal 0.117312 0.0578516 -0.991409
    outer loop
      vertex -4.43462 -1.83688 -0.8
      vertex -4.24333 -1.75764 -0.772741
      vertex -3.97761 -2.29647 -0.772741
    endloop
  endfacet
  facet normal -0.117308 -0.05785 -0.991409
    outer loop
      vertex -4.33624 -2.50353 -0.772741
      vertex -4.62592 -1.91612 -0.772741
      vertex -4.15692 -2.4 -0.8
    endloop
  endfacet
  facet normal -0.117307 -0.0578494 -0.991409
    outer loop
      vertex -4.62592 -1.91612 -0.772741
      vertex -4.43462 -1.83688 -0.8
      vertex -4.15692 -2.4 -0.8
    endloop
  endfacet
  facet normal -0.343858 -0.16957 -0.923584
    outer loop
      vertex -4.50333 -2.6 -0.69282
      vertex -4.80417 -1.98995 -0.69282
      vertex -4.33624 -2.50353 -0.772741
    endloop
  endfacet
  facet normal -0.343864 -0.169576 -0.923581
    outer loop
      vertex -4.80417 -1.98995 -0.69282
      vertex -4.62592 -1.91612 -0.772741
      vertex -4.33624 -2.50353 -0.772741
    endloop
  endfacet
  facet normal -0.546715 -0.269614 -0.792724
    outer loop
      vertex -4.64682 -2.68284 -0.565685
      vertex -4.95725 -2.05336 -0.565685
      vertex -4.50333 -2.6 -0.69282
    endloop
  endfacet
  facet normal -0.546702 -0.269601 -0.792737
    outer loop
      vertex -4.95725 -2.05336 -0.565685
      vertex -4.80417 -1.98995 -0.69282
      vertex -4.50333 -2.6 -0.69282
    endloop
  endfacet
  facet normal -0.712104 -0.351167 -0.607939
    outer loop
      vertex -4.75692 -2.74641 -0.4
      vertex -5.0747 -2.10201 -0.4
      vertex -4.64682 -2.68284 -0.565685
    endloop
  endfacet
  facet normal -0.712115 -0.351182 -0.607918
    outer loop
      vertex -5.0747 -2.10201 -0.4
      vertex -4.95725 -2.05336 -0.565685
      vertex -4.64682 -2.68284 -0.565685
    endloop
  endfacet
  facet normal -0.828855 -0.408741 -0.382008
    outer loop
      vertex -4.82614 -2.78637 -0.207055
      vertex -5.14854 -2.1326 -0.207055
      vertex -4.75692 -2.74641 -0.4
    endloop
  endfacet
  facet normal -0.828855 -0.408742 -0.382006
    outer loop
      vertex -5.14854 -2.1326 -0.207055
      vertex -5.0747 -2.10201 -0.4
      vertex -4.75692 -2.74641 -0.4
    endloop
  endfacet
  facet normal -0.889231 -0.438532 -0.130222
    outer loop
      vertex -4.84974 -2.8 0
      vertex -5.17373 -2.14303 0
      vertex -4.82614 -2.78637 -0.207055
    endloop
  endfacet
  facet normal -0.889232 -0.438516 -0.130272
    outer loop
      vertex -5.17373 -2.14303 0
      vertex -5.14854 -2.1326 -0.207055
      vertex -4.82614 -2.78637 -0.207055
    endloop
  endfacet
  facet normal -0.938863 -0.318694 0.130274
    outer loop
      vertex -5.14854 -2.1326 0.207055
      vertex -5.38285 -1.44233 0.207055
      vertex -5.17373 -2.14303 0
    endloop
  endfacet
  facet normal -0.938866 -0.31869 0.130257
    outer loop
      vertex -5.38285 -1.44233 0.207055
      vertex -5.40918 -1.44939 0
      vertex -5.17373 -2.14303 0
    endloop
  endfacet
  facet normal -0.875112 -0.297072 0.382004
    outer loop
      vertex -5.0747 -2.10201 0.4
      vertex -5.30566 -1.42165 0.4
      vertex -5.14854 -2.1326 0.207055
    endloop
  endfacet
  facet normal -0.875139 -0.297063 0.381949
    outer loop
      vertex -5.30566 -1.42165 0.4
      vertex -5.38285 -1.44233 0.207055
      vertex -5.14854 -2.1326 0.207055
    endloop
  endfacet
  facet normal -0.751866 -0.255215 0.607917
    outer loop
      vertex -4.95725 -2.05336 0.565685
      vertex -5.18285 -1.38874 0.565685
      vertex -5.0747 -2.10201 0.4
    endloop
  endfacet
  facet normal -0.751825 -0.25522 0.607966
    outer loop
      vertex -5.18285 -1.38874 0.565685
      vertex -5.30566 -1.42165 0.4
      vertex -5.0747 -2.10201 0.4
    endloop
  endfacet
  facet normal -0.577215 -0.195939 0.792736
    outer loop
      vertex -4.80417 -1.98995 0.69282
      vertex -5.02281 -1.34586 0.69282
      vertex -4.95725 -2.05336 0.565685
    endloop
  endfacet
  facet normal -0.577236 -0.195938 0.792721
    outer loop
      vertex -5.02281 -1.34586 0.69282
      vertex -5.18285 -1.38874 0.565685
      vertex -4.95725 -2.05336 0.565685
    endloop
  endfacet
  facet normal -0.363058 -0.123236 0.923581
    outer loop
      vertex -4.62592 -1.91612 0.772741
      vertex -4.83644 -1.29592 0.772741
      vertex -4.80417 -1.98995 0.69282
    endloop
  endfacet
  facet normal -0.36304 -0.123236 0.923588
    outer loop
      vertex -4.83644 -1.29592 0.772741
      vertex -5.02281 -1.34586 0.69282
      vertex -4.80417 -1.98995 0.69282
    endloop
  endfacet
  facet normal -0.123855 -0.0420424 0.991409
    outer loop
      vertex -4.43462 -1.83688 0.8
      vertex -4.63644 -1.24233 0.8
      vertex -4.62592 -1.91612 0.772741
    endloop
  endfacet
  facet normal -0.123859 -0.0420425 0.991409
    outer loop
      vertex -4.63644 -1.24233 0.8
      vertex -4.83644 -1.29592 0.772741
      vertex -4.62592 -1.91612 0.772741
    endloop
  endfacet
  facet normal 0.12386 0.0420437 0.991409
    outer loop
      vertex -4.24333 -1.75764 0.772741
      vertex -4.43644 -1.18874 0.772741
      vertex -4.43462 -1.83688 0.8
    endloop
  endfacet
  facet normal 0.123858 0.0420437 0.991409
    outer loop
      vertex -4.43644 -1.18874 0.772741
      vertex -4.63644 -1.24233 0.8
      vertex -4.43462 -1.83688 0.8
    endloop
  endfacet
  facet normal 0.363042 0.123232 0.923588
    outer loop
      vertex -4.06507 -1.68381 0.69282
      vertex -4.25007 -1.1388 0.69282
      vertex -4.24333 -1.75764 0.772741
    endloop
  endfacet
  facet normal 0.363041 0.123232 0.923588
    outer loop
      vertex -4.25007 -1.1388 0.69282
      vertex -4.43644 -1.18874 0.772741
      vertex -4.24333 -1.75764 0.772741
    endloop
  endfacet
  facet normal 0.577239 0.195938 0.792719
    outer loop
      vertex -3.912 -1.6204 0.565685
      vertex -4.09003 -1.09592 0.565685
      vertex -4.06507 -1.68381 0.69282
    endloop
  endfacet
  facet normal 0.577236 0.195939 0.792721
    outer loop
      vertex -4.09003 -1.09592 0.565685
      vertex -4.25007 -1.1388 0.69282
      vertex -4.06507 -1.68381 0.69282
    endloop
  endfacet
  facet normal 0.751842 0.255215 0.607946
    outer loop
      vertex -3.79454 -1.57175 0.4
      vertex -3.96723 -1.06302 0.4
      vertex -3.912 -1.6204 0.565685
    endloop
  endfacet
  facet normal 0.751858 0.255211 0.607928
    outer loop
      vertex -3.96723 -1.06302 0.4
      vertex -4.09003 -1.09592 0.565685
      vertex -3.912 -1.6204 0.565685
    endloop
  endfacet
  facet normal 0.875123 0.297058 0.38199
    outer loop
      vertex -3.7207 -1.54117 0.207055
      vertex -3.89003 -1.04233 0.207055
      vertex -3.79454 -1.57175 0.4
    endloop
  endfacet
  facet normal 0.875117 0.297061 0.382001
    outer loop
      vertex -3.89003 -1.04233 0.207055
      vertex -3.96723 -1.06302 0.4
      vertex -3.79454 -1.57175 0.4
    endloop
  endfacet
  facet normal 0.938866 0.318697 0.130245
    outer loop
      vertex -3.69552 -1.53073 0
      vertex -3.8637 -1.03528 0
      vertex -3.7207 -1.54117 0.207055
    endloop
  endfacet
  facet normal 0.938866 0.318696 0.130242
    outer loop
      vertex -3.8637 -1.03528 0
      vertex -3.89003 -1.04233 0.207055
      vertex -3.7207 -1.54117 0.207055
    endloop
  endfacet
  facet normal 0.938866 0.318696 -0.130245
    outer loop
      vertex -3.7207 -1.54117 -0.207055
      vertex -3.89003 -1.04233 -0.207055
      vertex -3.69552 -1.53073 0
    endloop
  endfacet
  facet normal 0.938866 0.318697 -0.130242
    outer loop
      vertex -3.89003 -1.04233 -0.207055
      vertex -3.8637 -1.03528 0
      vertex -3.69552 -1.53073 0
    endloop
  endfacet
  facet normal 0.875121 0.297063 -0.38199
    outer loop
      vertex -3.79454 -1.57175 -0.4
      vertex -3.96723 -1.06302 -0.4
      vertex -3.7207 -1.54117 -0.207055
    endloop
  endfacet
  facet normal 0.875118 0.297057 -0.382001
    outer loop
      vertex -3.96723 -1.06302 -0.4
      vertex -3.89003 -1.04233 -0.207055
      vertex -3.7207 -1.54117 -0.207055
    endloop
  endfacet
  facet normal 0.751845 0.255207 -0.607946
    outer loop
      vertex -3.912 -1.6204 -0.565685
      vertex -4.09003 -1.09592 -0.565685
      vertex -3.79454 -1.57175 -0.4
    endloop
  endfacet
  facet normal 0.751855 0.25522 -0.607928
    outer loop
      vertex -4.09003 -1.09592 -0.565685
      vertex -3.96723 -1.06302 -0.4
      vertex -3.79454 -1.57175 -0.4
    endloop
  endfacet
  facet normal 0.577238 0.19594 -0.792719
    outer loop
      vertex -4.06507 -1.68381 -0.69282
      vertex -4.25007 -1.1388 -0.69282
      vertex -3.912 -1.6204 -0.565685
    endloop
  endfacet
  facet normal 0.577236 0.195938 -0.792721
    outer loop
      vertex -4.25007 -1.1388 -0.69282
      vertex -4.09003 -1.09592 -0.565685
      vertex -3.912 -1.6204 -0.565685
    endloop
  endfacet
  facet normal 0.363042 0.123233 -0.923588
    outer loop
      vertex -4.24333 -1.75764 -0.772741
      vertex -4.43644 -1.18874 -0.772741
      vertex -4.06507 -1.68381 -0.69282
    endloop
  endfacet
  facet normal 0.363041 0.123232 -0.923588
    outer loop
      vertex -4.43644 -1.18874 -0.772741
      vertex -4.25007 -1.1388 -0.69282
      vertex -4.06507 -1.68381 -0.69282
    endloop
  endfacet
  facet normal 0.12386 0.0420443 -0.991409
    outer loop
      vertex -4.43462 -1.83688 -0.8
      vertex -4.63644 -1.24233 -0.8
      vertex -4.24333 -1.75764 -0.772741
    endloop
  endfacet
  facet normal 0.123859 0.0420431 -0.991409
    outer loop
      vertex -4.63644 -1.24233 -0.8
      vertex -4.43644 -1.18874 -0.772741
      vertex -4.24333 -1.75764 -0.772741
    endloop
  endfacet
  facet normal -0.123855 -0.0420412 -0.991409
    outer loop
      vertex -4.62592 -1.91612 -0.772741
      vertex -4.83644 -1.29592 -0.772741
      vertex -4.43462 -1.83688 -0.8
    endloop
  endfacet
  facet normal -0.123858 -0.0420437 -0.991409
    outer loop
      vertex -4.83644 -1.29592 -0.772741
      vertex -4.63644 -1.24233 -0.8
      vertex -4.43462 -1.83688 -0.8
    endloop
  endfacet
  facet normal -0.363055 -0.123241 -0.923581
    outer loop
      vertex -4.80417 -1.98995 -0.69282
      vertex -5.02281 -1.34586 -0.69282
      vertex -4.62592 -1.91612 -0.772741
    endloop
  endfacet
  facet normal -0.363041 -0.12323 -0.923588
    outer loop
      vertex -5.02281 -1.34586 -0.69282
      vertex -4.83644 -1.29592 -0.772741
      vertex -4.62592 -1.91612 -0.772741
    endloop
  endfacet
  facet normal -0.577218 -0.195932 -0.792736
    outer loop
      vertex -4.95725 -2.05336 -0.565685
      vertex -5.18285 -1.38874 -0.565685
      vertex -4.80417 -1.98995 -0.69282
    endloop
  endfacet
  facet normal -0.577234 -0.195945 -0.792721
    outer loop
      vertex -5.18285 -1.38874 -0.565685
      vertex -5.02281 -1.34586 -0.69282
      vertex -4.80417 -1.98995 -0.69282
    endloop
  endfacet
  facet normal -0.751859 -0.255232 -0.607918
    outer loop
      vertex -5.0747 -2.10201 -0.4
      vertex -5.30566 -1.42165 -0.4
      vertex -4.95725 -2.05336 -0.565685
    endloop
  endfacet
  facet normal -0.75183 -0.255203 -0.607967
    outer loop
      vertex -5.30566 -1.42165 -0.4
      vertex -5.18285 -1.38874 -0.565685
      vertex -4.95725 -2.05336 -0.565685
    endloop
  endfacet
  facet normal -0.875118 -0.297056 -0.382003
    outer loop
      vertex -5.14854 -2.1326 -0.207055
      vertex -5.38285 -1.44233 -0.207055
      vertex -5.0747 -2.10201 -0.4
    endloop
  endfacet
  facet normal -0.875134 -0.297079 -0.381949
    outer loop
      vertex -5.38285 -1.44233 -0.207055
      vertex -5.30566 -1.42165 -0.4
      vertex -5.0747 -2.10201 -0.4
    endloop
  endfacet
  facet normal -0.938864 -0.318689 -0.130274
    outer loop
      vertex -5.17373 -2.14303 0
      vertex -5.40918 -1.44939 0
      vertex -5.14854 -2.1326 -0.207055
    endloop
  endfacet
  facet normal -0.938865 -0.318695 -0.130257
    outer loop
      vertex -5.40918 -1.44939 0
      vertex -5.38285 -1.44233 -0.207055
      vertex -5.14854 -2.1326 -0.207055
    endloop
  endfacet
  facet normal -0.97243 -0.193427 0.130254
    outer loop
      vertex -5.38285 -1.44233 0.207055
      vertex -5.52506 -0.727389 0.207055
      vertex -5.40918 -1.44939 0
    endloop
  endfacet
  facet normal -0.972427 -0.193432 0.130269
    outer loop
      vertex -5.52506 -0.727389 0.207055
      vertex -5.55209 -0.730947 0
      vertex -5.40918 -1.44939 0
    endloop
  endfacet
  facet normal -0.906425 -0.180296 0.381951
    outer loop
      vertex -5.30566 -1.42165 0.4
      vertex -5.44583 -0.716957 0.4
      vertex -5.38285 -1.44233 0.207055
    endloop
  endfacet
  facet normal -0.906422 -0.180298 0.381957
    outer loop
      vertex -5.44583 -0.716957 0.4
      vertex -5.52506 -0.727389 0.207055
      vertex -5.38285 -1.44233 0.207055
    endloop
  endfacet
  facet normal -0.778707 -0.154898 0.607965
    outer loop
      vertex -5.18285 -1.38874 0.565685
      vertex -5.31978 -0.700363 0.565685
      vertex -5.30566 -1.42165 0.4
    endloop
  endfacet
  facet normal -0.77872 -0.154895 0.607949
    outer loop
      vertex -5.31978 -0.700363 0.565685
      vertex -5.44583 -0.716957 0.4
      vertex -5.30566 -1.42165 0.4
    endloop
  endfacet
  facet normal -0.597871 -0.118925 0.792722
    outer loop
      vertex -5.02281 -1.34586 0.69282
      vertex -5.15551 -0.678736 0.69282
      vertex -5.18285 -1.38874 0.565685
    endloop
  endfacet
  facet normal -0.597865 -0.118926 0.792726
    outer loop
      vertex -5.15551 -0.678736 0.69282
      vertex -5.31978 -0.700363 0.565685
      vertex -5.18285 -1.38874 0.565685
    endloop
  endfacet
  facet normal -0.376019 -0.0747978 0.923588
    outer loop
      vertex -4.83644 -1.29592 0.772741
      vertex -4.96422 -0.653552 0.772741
      vertex -5.02281 -1.34586 0.69282
    endloop
  endfacet
  facet normal -0.376027 -0.0747968 0.923585
    outer loop
      vertex -4.96422 -0.653552 0.772741
      vertex -5.15551 -0.678736 0.69282
      vertex -5.02281 -1.34586 0.69282
    endloop
  endfacet
  facet normal -0.128286 -0.0255196 0.991409
    outer loop
      vertex -4.63644 -1.24233 0.8
      vertex -4.75894 -0.626526 0.8
      vertex -4.83644 -1.29592 0.772741
    endloop
  endfacet
  facet normal -0.128289 -0.0255192 0.991408
    outer loop
      vertex -4.75894 -0.626526 0.8
      vertex -4.96422 -0.653552 0.772741
      vertex -4.83644 -1.29592 0.772741
    endloop
  endfacet
  facet normal 0.128286 0.0255184 0.991409
    outer loop
      vertex -4.43644 -1.18874 0.772741
      vertex -4.55365 -0.5995 0.772741
      vertex -4.63644 -1.24233 0.8
    endloop
  endfacet
  facet normal 0.128283 0.0255189 0.991409
    outer loop
      vertex -4.55365 -0.5995 0.772741
      vertex -4.75894 -0.626526 0.8
      vertex -4.63644 -1.24233 0.8
    endloop
  endfacet
  facet normal 0.376019 0.0747994 0.923588
    outer loop
      vertex -4.25007 -1.1388 0.69282
      vertex -4.36236 -0.574315 0.69282
      vertex -4.43644 -1.18874 0.772741
    endloop
  endfacet
  facet normal 0.376026 0.0747981 0.923585
    outer loop
      vertex -4.36236 -0.574315 0.69282
      vertex -4.55365 -0.5995 0.772741
      vertex -4.43644 -1.18874 0.772741
    endloop
  endfacet
  facet normal 0.59787 0.118929 0.792722
    outer loop
      vertex -4.09003 -1.09592 0.565685
      vertex -4.19809 -0.552689 0.565685
      vertex -4.25007 -1.1388 0.69282
    endloop
  endfacet
  facet normal 0.597864 0.11893 0.792726
    outer loop
      vertex -4.19809 -0.552689 0.565685
      vertex -4.36236 -0.574315 0.69282
      vertex -4.25007 -1.1388 0.69282
    endloop
  endfacet
  facet normal 0.778735 0.154897 0.60793
    outer loop
      vertex -3.96723 -1.06302 0.4
      vertex -4.07204 -0.536095 0.4
      vertex -4.09003 -1.09592 0.565685
    endloop
  endfacet
  facet normal 0.778719 0.154903 0.607949
    outer loop
      vertex -4.07204 -0.536095 0.4
      vertex -4.19809 -0.552689 0.565685
      vertex -4.09003 -1.09592 0.565685
    endloop
  endfacet
  facet normal 0.906402 0.18031 0.381999
    outer loop
      vertex -3.89003 -1.04233 0.207055
      vertex -3.99281 -0.525663 0.207055
      vertex -3.96723 -1.06302 0.4
    endloop
  endfacet
  facet normal 0.906423 0.180295 0.381957
    outer loop
      vertex -3.99281 -0.525663 0.207055
      vertex -4.07204 -0.536095 0.4
      vertex -3.96723 -1.06302 0.4
    endloop
  endfacet
  facet normal 0.97243 0.193434 0.130245
    outer loop
      vertex -3.8637 -1.03528 0
      vertex -3.96578 -0.522105 0
      vertex -3.89003 -1.04233 0.207055
    endloop
  endfacet
  facet normal 0.972425 0.193443 0.130269
    outer loop
      vertex -3.96578 -0.522105 0
      vertex -3.99281 -0.525663 0.207055
      vertex -3.89003 -1.04233 0.207055
    endloop
  endfacet
  facet normal 0.972428 0.193444 -0.130245
    outer loop
      vertex -3.89003 -1.04233 -0.207055
      vertex -3.99281 -0.525663 -0.207055
      vertex -3.8637 -1.03528 0
    endloop
  endfacet
  facet normal 0.972427 0.193434 -0.130269
    outer loop
      vertex -3.99281 -0.525663 -0.207055
      vertex -3.96578 -0.522105 0
      vertex -3.8637 -1.03528 0
    endloop
  endfacet
  facet normal 0.906406 0.180292 -0.381999
    outer loop
      vertex -3.96723 -1.06302 -0.4
      vertex -4.07204 -0.536095 -0.4
      vertex -3.89003 -1.04233 -0.207055
    endloop
  endfacet
  facet normal 0.906419 0.180313 -0.381957
    outer loop
      vertex -4.07204 -0.536095 -0.4
      vertex -3.99281 -0.525663 -0.207055
      vertex -3.89003 -1.04233 -0.207055
    endloop
  endfacet
  facet normal 0.778733 0.154906 -0.60793
    outer loop
      vertex -4.09003 -1.09592 -0.565685
      vertex -4.19809 -0.552689 -0.565685
      vertex -3.96723 -1.06302 -0.4
    endloop
  endfacet
  facet normal 0.778721 0.154894 -0.607949
    outer loop
      vertex -4.19809 -0.552689 -0.565685
      vertex -4.07204 -0.536095 -0.4
      vertex -3.96723 -1.06302 -0.4
    endloop
  endfacet
  facet normal 0.597869 0.118931 -0.792722
    outer loop
      vertex -4.25007 -1.1388 -0.69282
      vertex -4.36236 -0.574315 -0.69282
      vertex -4.09003 -1.09592 -0.565685
    endloop
  endfacet
  facet normal 0.597865 0.118928 -0.792726
    outer loop
      vertex -4.36236 -0.574315 -0.69282
      vertex -4.19809 -0.552689 -0.565685
      vertex -4.09003 -1.09592 -0.565685
    endloop
  endfacet
  facet normal 0.376019 0.0747967 -0.923588
    outer loop
      vertex -4.43644 -1.18874 -0.772741
      vertex -4.55365 -0.5995 -0.772741
      vertex -4.25007 -1.1388 -0.69282
    endloop
  endfacet
  facet normal 0.376026 0.0748008 -0.923585
    outer loop
      vertex -4.55365 -0.5995 -0.772741
      vertex -4.36236 -0.574315 -0.69282
      vertex -4.25007 -1.1388 -0.69282
    endloop
  endfacet
  facet normal 0.128286 0.0255196 -0.991409
    outer loop
      vertex -4.63644 -1.24233 -0.8
      vertex -4.75894 -0.626526 -0.8
      vertex -4.43644 -1.18874 -0.772741
    endloop
  endfacet
  facet normal 0.128283 0.0255177 -0.991409
    outer loop
      vertex -4.75894 -0.626526 -0.8
      vertex -4.55365 -0.5995 -0.772741
      vertex -4.43644 -1.18874 -0.772741
    endloop
  endfacet
  facet normal -0.128286 -0.0255187 -0.991409
    outer loop
      vertex -4.83644 -1.29592 -0.772741
      vertex -4.96422 -0.653552 -0.772741
      vertex -4.63644 -1.24233 -0.8
    endloop
  endfacet
  facet normal -0.128289 -0.0255201 -0.991408
    outer loop
      vertex -4.96422 -0.653552 -0.772741
      vertex -4.75894 -0.626526 -0.8
      vertex -4.63644 -1.24233 -0.8
    endloop
  endfacet
  facet normal -0.37602 -0.0747954 -0.923588
    outer loop
      vertex -5.02281 -1.34586 -0.69282
      vertex -5.15551 -0.678736 -0.69282
      vertex -4.83644 -1.29592 -0.772741
    endloop
  endfacet
  facet normal -0.376026 -0.0747993 -0.923585
    outer loop
      vertex -5.15551 -0.678736 -0.69282
      vertex -4.96422 -0.653552 -0.772741
      vertex -4.83644 -1.29592 -0.772741
    endloop
  endfacet
  facet normal -0.59787 -0.118927 -0.792722
    outer loop
      vertex -5.18285 -1.38874 -0.565685
      vertex -5.31978 -0.700363 -0.565685
      vertex -5.02281 -1.34586 -0.69282
    endloop
  endfacet
  facet normal -0.597865 -0.118923 -0.792726
    outer loop
      vertex -5.31978 -0.700363 -0.565685
      vertex -5.15551 -0.678736 -0.69282
      vertex -5.02281 -1.34586 -0.69282
    endloop
  endfacet
  facet normal -0.778708 -0.154892 -0.607965
    outer loop
      vertex -5.30566 -1.42165 -0.4
      vertex -5.44583 -0.716957 -0.4
      vertex -5.18285 -1.38874 -0.565685
    endloop
  endfacet
  facet normal -0.778719 -0.154901 -0.607949
    outer loop
      vertex -5.44583 -0.716957 -0.4
      vertex -5.31978 -0.700363 -0.565685
      vertex -5.18285 -1.38874 -0.565685
    endloop
  endfacet
  facet normal -0.906425 -0.180298 -0.381951
    outer loop
      vertex -5.38285 -1.44233 -0.207055
      vertex -5.52506 -0.727389 -0.207055
      vertex -5.30566 -1.42165 -0.4
    endloop
  endfacet
  facet normal -0.906423 -0.180296 -0.381957
    outer loop
      vertex -5.52506 -0.727389 -0.207055
      vertex -5.44583 -0.716957 -0.4
      vertex -5.30566 -1.42165 -0.4
    endloop
  endfacet
  facet normal -0.972429 -0.193432 -0.130254
    outer loop
      vertex -5.40918 -1.44939 0
      vertex -5.55209 -0.730947 0
      vertex -5.38285 -1.44233 -0.207055
    endloop
  endfacet
  facet normal -0.972428 -0.193427 -0.130269
    outer loop
      vertex -5.55209 -0.730947 0
      vertex -5.52506 -0.727389 -0.207055
      vertex -5.38285 -1.44233 -0.207055
    endloop
  endfacet
  facet normal -0.989355 -0.0648518 0.13027
    outer loop
      vertex -5.52506 -0.727389 0.207055
      vertex -5.57274 -0 0.207055
      vertex -5.55209 -0.730947 0
    endloop
  endfacet
  facet normal -0.989358 -0.0648476 0.130255
    outer loop
      vertex -5.57274 -0 0.207055
      vertex -5.6 -0 0
      vertex -5.55209 -0.730947 0
    endloop
  endfacet
  facet normal -0.922202 -0.0604419 0.381956
    outer loop
      vertex -5.44583 -0.716957 0.4
      vertex -5.49282 -0 0.4
      vertex -5.52506 -0.727389 0.207055
    endloop
  endfacet
  facet normal -0.922191 -0.0604492 0.381982
    outer loop
      vertex -5.49282 -0 0.4
      vertex -5.57274 -0 0.207055
      vertex -5.52506 -0.727389 0.207055
    endloop
  endfacet
  facet normal -0.792275 -0.051935 0.607949
    outer loop
      vertex -5.31978 -0.700363 0.565685
      vertex -5.36569 -0 0.565685
      vertex -5.44583 -0.716957 0.4
    endloop
  endfacet
  facet normal -0.792294 -0.0519276 0.607926
    outer loop
      vertex -5.36569 -0 0.565685
      vertex -5.49282 -0 0.4
      vertex -5.44583 -0.716957 0.4
    endloop
  endfacet
  facet normal -0.608273 -0.0398712 0.792726
    outer loop
      vertex -5.15551 -0.678736 0.69282
      vertex -5.2 -0 0.69282
      vertex -5.31978 -0.700363 0.565685
    endloop
  endfacet
  facet normal -0.608267 -0.039873 0.79273
    outer loop
      vertex -5.2 -0 0.69282
      vertex -5.36569 -0 0.565685
      vertex -5.31978 -0.700363 0.565685
    endloop
  endfacet
  facet normal -0.382572 -0.0250774 0.923585
    outer loop
      vertex -4.96422 -0.653552 0.772741
      vertex -5.00706 -0 0.772741
      vertex -5.15551 -0.678736 0.69282
    endloop
  endfacet
  facet normal -0.382574 -0.0250771 0.923585
    outer loop
      vertex -5.00706 -0 0.772741
      vertex -5.2 -0 0.69282
      vertex -5.15551 -0.678736 0.69282
    endloop
  endfacet
  facet normal -0.130522 -0.00855391 0.991408
    outer loop
      vertex -4.75894 -0.626526 0.8
      vertex -4.8 -0 0.8
      vertex -4.96422 -0.653552 0.772741
    endloop
  endfacet
  facet normal -0.130517 -0.00855531 0.991409
    outer loop
      vertex -4.8 -0 0.8
      vertex -5.00706 -0 0.772741
      vertex -4.96422 -0.653552 0.772741
    endloop
  endfacet
  facet normal 0.130516 0.00855376 0.991409
    outer loop
      vertex -4.55365 -0.5995 0.772741
      vertex -4.59294 -0 0.772741
      vertex -4.75894 -0.626526 0.8
    endloop
  endfacet
  facet normal 0.130517 0.00855355 0.991409
    outer loop
      vertex -4.59294 -0 0.772741
      vertex -4.8 -0 0.8
      vertex -4.75894 -0.626526 0.8
    endloop
  endfacet
  facet normal 0.382573 0.0250734 0.923585
    outer loop
      vertex -4.36236 -0.574315 0.69282
      vertex -4.4 -0 0.69282
      vertex -4.55365 -0.5995 0.772741
    endloop
  endfacet
  facet normal 0.382574 0.0250731 0.923585
    outer loop
      vertex -4.4 -0 0.69282
      vertex -4.59294 -0 0.772741
      vertex -4.55365 -0.5995 0.772741
    endloop
  endfacet
  facet normal 0.608274 0.0398627 0.792726
    outer loop
      vertex -4.19809 -0.552689 0.565685
      vertex -4.23431 -0 0.565685
      vertex -4.36236 -0.574315 0.69282
    endloop
  endfacet
  facet normal 0.608267 0.0398652 0.792731
    outer loop
      vertex -4.23431 -0 0.565685
      vertex -4.4 -0 0.69282
      vertex -4.36236 -0.574315 0.69282
    endloop
  endfacet
  facet normal 0.792276 0.0519321 0.607949
    outer loop
      vertex -4.07204 -0.536095 0.4
      vertex -4.10718 -0 0.4
      vertex -4.19809 -0.552689 0.565685
    endloop
  endfacet
  facet normal 0.792294 0.0519223 0.607927
    outer loop
      vertex -4.10718 -0 0.4
      vertex -4.23431 -0 0.565685
      vertex -4.19809 -0.552689 0.565685
    endloop
  endfacet
  facet normal 0.922202 0.0604377 0.381956
    outer loop
      vertex -3.99281 -0.525663 0.207055
      vertex -4.02726 -0 0.207055
      vertex -4.07204 -0.536095 0.4
    endloop
  endfacet
  facet normal 0.922191 0.0604478 0.381982
    outer loop
      vertex -4.02726 -0 0.207055
      vertex -4.10718 -0 0.4
      vertex -4.07204 -0.536095 0.4
    endloop
  endfacet
  facet normal 0.989356 0.0648447 0.13027
    outer loop
      vertex -3.96578 -0.522105 0
      vertex -4 -0 0
      vertex -3.99281 -0.525663 0.207055
    endloop
  endfacet
  facet normal 0.989358 0.0648389 0.130255
    outer loop
      vertex -4 -0 0
      vertex -4.02726 -0 0.207055
      vertex -3.99281 -0.525663 0.207055
    endloop
  endfacet
  facet normal 0.989356 0.0648387 -0.13027
    outer loop
      vertex -3.99281 -0.525663 -0.207055
      vertex -4.02726 -0 -0.207055
      vertex -3.96578 -0.522105 0
    endloop
  endfacet
  facet normal 0.989358 0.0648449 -0.130255
    outer loop
      vertex -4.02726 -0 -0.207055
      vertex -4 -0 0
      vertex -3.96578 -0.522105 0
    endloop
  endfacet
  facet normal 0.922201 0.0604485 -0.381957
    outer loop
      vertex -4.07204 -0.536095 -0.4
      vertex -4.10718 -0 -0.4
      vertex -3.99281 -0.525663 -0.207055
    endloop
  endfacet
  facet normal 0.922191 0.060437 -0.381982
    outer loop
      vertex -4.10718 -0 -0.4
      vertex -4.02726 -0 -0.207055
      vertex -3.99281 -0.525663 -0.207055
    endloop
  endfacet
  facet normal 0.792277 0.0519212 -0.607949
    outer loop
      vertex -4.19809 -0.552689 -0.565685
      vertex -4.23431 -0 -0.565685
      vertex -4.07204 -0.536095 -0.4
    endloop
  endfacet
  facet normal 0.792293 0.0519333 -0.607926
    outer loop
      vertex -4.23431 -0 -0.565685
      vertex -4.10718 -0 -0.4
      vertex -4.07204 -0.536095 -0.4
    endloop
  endfacet
  facet normal 0.608273 0.0398656 -0.792726
    outer loop
      vertex -4.36236 -0.574315 -0.69282
      vertex -4.4 -0 -0.69282
      vertex -4.19809 -0.552689 -0.565685
    endloop
  endfacet
  facet normal 0.608267 0.0398623 -0.792731
    outer loop
      vertex -4.4 -0 -0.69282
      vertex -4.23431 -0 -0.565685
      vertex -4.19809 -0.552689 -0.565685
    endloop
  endfacet
  facet normal 0.382573 0.025073 -0.923585
    outer loop
      vertex -4.55365 -0.5995 -0.772741
      vertex -4.59294 -0 -0.772741
      vertex -4.36236 -0.574315 -0.69282
    endloop
  endfacet
  facet normal 0.382574 0.0250735 -0.923585
    outer loop
      vertex -4.59294 -0 -0.772741
      vertex -4.4 -0 -0.69282
      vertex -4.36236 -0.574315 -0.69282
    endloop
  endfacet
  facet normal 0.130516 0.0085535 -0.991409
    outer loop
      vertex -4.75894 -0.626526 -0.8
      vertex -4.8 -0 -0.8
      vertex -4.55365 -0.5995 -0.772741
    endloop
  endfacet
  facet normal 0.130517 0.00855381 -0.991409
    outer loop
      vertex -4.8 -0 -0.8
      vertex -4.59294 -0 -0.772741
      vertex -4.55365 -0.5995 -0.772741
    endloop
  endfacet
  facet normal -0.130522 -0.00855566 -0.991408
    outer loop
      vertex -4.96422 -0.653552 -0.772741
      vertex -5.00706 -0 -0.772741
      vertex -4.75894 -0.626526 -0.8
    endloop
  endfacet
  facet normal -0.130517 -0.00855355 -0.991409
    outer loop
      vertex -5.00706 -0 -0.772741
      vertex -4.8 -0 -0.8
      vertex -4.75894 -0.626526 -0.8
    endloop
  endfacet
  facet normal -0.382573 -0.025077 -0.923585
    outer loop
      vertex -5.15551 -0.678736 -0.69282
      vertex -5.2 -0 -0.69282
      vertex -4.96422 -0.653552 -0.772741
    endloop
  endfacet
  facet normal -0.382574 -0.0250775 -0.923585
    outer loop
      vertex -5.2 -0 -0.69282
      vertex -5.00706 -0 -0.772741
      vertex -4.96422 -0.653552 -0.772741
    endloop
  endfacet
  facet normal -0.608272 -0.0398733 -0.792726
    outer loop
      vertex -5.31978 -0.700363 -0.565685
      vertex -5.36569 -0 -0.565685
      vertex -5.15551 -0.678736 -0.69282
    endloop
  endfacet
  facet normal -0.608267 -0.0398709 -0.79273
    outer loop
      vertex -5.36569 -0 -0.565685
      vertex -5.2 -0 -0.69282
      vertex -5.15551 -0.678736 -0.69282
    endloop
  endfacet
  facet normal -0.792276 -0.0519265 -0.607949
    outer loop
      vertex -5.44583 -0.716957 -0.4
      vertex -5.49282 -0 -0.4
      vertex -5.31978 -0.700363 -0.565685
    endloop
  endfacet
  facet normal -0.792293 -0.0519362 -0.607926
    outer loop
      vertex -5.49282 -0 -0.4
      vertex -5.36569 -0 -0.565685
      vertex -5.31978 -0.700363 -0.565685
    endloop
  endfacet
  facet normal -0.922201 -0.0604498 -0.381957
    outer loop
      vertex -5.52506 -0.727389 -0.207055
      vertex -5.57274 -0 -0.207055
      vertex -5.44583 -0.716957 -0.4
    endloop
  endfacet
  facet normal -0.922191 -0.0604412 -0.381982
    outer loop
      vertex -5.57274 -0 -0.207055
      vertex -5.49282 -0 -0.4
      vertex -5.44583 -0.716957 -0.4
    endloop
  endfacet
  facet normal -0.989356 -0.0648474 -0.13027
    outer loop
      vertex -5.55209 -0.730947 0
      vertex -5.6 -0 0
      vertex -5.52506 -0.727389 -0.207055
    endloop
  endfacet
  facet normal -0.989357 -0.0648519 -0.130255
    outer loop
      vertex -5.6 -0 0
      vertex -5.57274 -0 -0.207055
      vertex -5.52506 -0.727389 -0.207055
    endloop
  endfacet
endsolid OpenSCAD_Model
