solid OpenSCAD_Model
  facet normal -0.888827 -0.0699448 -0.452873
    outer loop
      vertex -5.44721 -2.6 -0.470228
      vertex -5.41216 -3.0454 -0.470228
      vertex -5.56084 -2.6 -0.247213
    endloop
  endfacet
  facet normal -0.888828 -0.0699465 -0.45287
    outer loop
      vertex -5.41216 -3.0454 -0.470228
      vertex -5.52439 -3.06318 -0.247213
      vertex -5.56084 -2.6 -0.247213
    endloop
  endfacet
  facet normal -0.706024 -0.0555733 -0.706004
    outer loop
      vertex -5.27023 -2.6 -0.647213
      vertex -5.23735 -3.01772 -0.647213
      vertex -5.44721 -2.6 -0.470228
    endloop
  endfacet
  facet normal -0.706008 -0.0555581 -0.706021
    outer loop
      vertex -5.23735 -3.01772 -0.647213
      vertex -5.41216 -3.0454 -0.470228
      vertex -5.44721 -2.6 -0.470228
    endloop
  endfacet
  facet normal -0.453693 -0.0357072 -0.890442
    outer loop
      vertex -5.04721 -2.6 -0.760845
      vertex -5.01708 -2.98283 -0.760845
      vertex -5.27023 -2.6 -0.647213
    endloop
  endfacet
  facet normal -0.453699 -0.035712 -0.890439
    outer loop
      vertex -5.01708 -2.98283 -0.760845
      vertex -5.23735 -3.01772 -0.647213
      vertex -5.27023 -2.6 -0.647213
    endloop
  endfacet
  facet normal -0.156422 -0.0123125 -0.987614
    outer loop
      vertex -4.8 -2.6 -0.799999
      vertex -4.77291 -2.94416 -0.799999
      vertex -5.04721 -2.6 -0.760845
    endloop
  endfacet
  facet normal -0.15642 -0.0123107 -0.987614
    outer loop
      vertex -4.77291 -2.94416 -0.799999
      vertex -5.01708 -2.98283 -0.760845
      vertex -5.04721 -2.6 -0.760845
    endloop
  endfacet
  facet normal 0.156422 0.0123149 -0.987614
    outer loop
      vertex -4.55279 -2.6 -0.760845
      vertex -4.52874 -2.90548 -0.760845
      vertex -4.8 -2.6 -0.799999
    endloop
  endfacet
  facet normal 0.156419 0.0123123 -0.987614
    outer loop
      vertex -4.52874 -2.90548 -0.760845
      vertex -4.77291 -2.94416 -0.799999
      vertex -4.8 -2.6 -0.799999
    endloop
  endfacet
  facet normal 0.453693 0.0357133 -0.890442
    outer loop
      vertex -4.32977 -2.6 -0.647213
      vertex -4.30847 -2.87059 -0.647213
      vertex -4.55279 -2.6 -0.760845
    endloop
  endfacet
  facet normal 0.453698 0.035719 -0.890439
    outer loop
      vertex -4.30847 -2.87059 -0.647213
      vertex -4.52874 -2.90548 -0.760845
      vertex -4.55279 -2.6 -0.760845
    endloop
  endfacet
  facet normal 0.706024 0.0555728 -0.706004
    outer loop
      vertex -4.15279 -2.6 -0.470228
      vertex -4.13367 -2.84291 -0.470228
      vertex -4.32977 -2.6 -0.647213
    endloop
  endfacet
  facet normal 0.706026 0.0555762 -0.706002
    outer loop
      vertex -4.13367 -2.84291 -0.470228
      vertex -4.30847 -2.87059 -0.647213
      vertex -4.32977 -2.6 -0.647213
    endloop
  endfacet
  facet normal 0.888813 0.069919 -0.452905
    outer loop
      vertex -4.03915 -2.6 -0.247213
      vertex -4.02144 -2.82513 -0.247213
      vertex -4.15279 -2.6 -0.470228
    endloop
  endfacet
  facet normal 0.888827 0.0699616 -0.452871
    outer loop
      vertex -4.02144 -2.82513 -0.247213
      vertex -4.13367 -2.84291 -0.470228
      vertex -4.15279 -2.6 -0.470228
    endloop
  endfacet
  facet normal 0.984719 0.077515 -0.155946
    outer loop
      vertex -4 -2.6 0
      vertex -3.98276 -2.81901 0
      vertex -4.03915 -2.6 -0.247213
    endloop
  endfacet
  facet normal 0.984716 0.0774634 -0.155991
    outer loop
      vertex -3.98276 -2.81901 0
      vertex -4.02144 -2.82513 -0.247213
      vertex -4.03915 -2.6 -0.247213
    endloop
  endfacet
  facet normal 0.984723 0.0774639 0.155946
    outer loop
      vertex -4.02144 -2.82513 0.247213
      vertex -4 -2.6 0
      vertex -4.03915 -2.6 0.247213
    endloop
  endfacet
  facet normal 0.984712 0.0775144 0.155991
    outer loop
      vertex -3.98276 -2.81901 0
      vertex -4 -2.6 0
      vertex -4.02144 -2.82513 0.247213
    endloop
  endfacet
  facet normal 0.88881 0.0699603 0.452904
    outer loop
      vertex -4.13367 -2.84291 0.470228
      vertex -4.03915 -2.6 0.247213
      vertex -4.15279 -2.6 0.470228
    endloop
  endfacet
  facet normal 0.888831 0.0699205 0.452869
    outer loop
      vertex -4.02144 -2.82513 0.247213
      vertex -4.03915 -2.6 0.247213
      vertex -4.13367 -2.84291 0.470228
    endloop
  endfacet
  facet normal 0.706024 0.055576 0.706004
    outer loop
      vertex -4.30847 -2.87059 0.647213
      vertex -4.15279 -2.6 0.470228
      vertex -4.32977 -2.6 0.647213
    endloop
  endfacet
  facet normal 0.706026 0.055573 0.706002
    outer loop
      vertex -4.13367 -2.84291 0.470228
      vertex -4.15279 -2.6 0.470228
      vertex -4.30847 -2.87059 0.647213
    endloop
  endfacet
  facet normal 0.453693 0.0357186 0.890442
    outer loop
      vertex -4.52874 -2.90548 0.760845
      vertex -4.32977 -2.6 0.647213
      vertex -4.55279 -2.6 0.760845
    endloop
  endfacet
  facet normal 0.453699 0.0357138 0.890439
    outer loop
      vertex -4.30847 -2.87059 0.647213
      vertex -4.32977 -2.6 0.647213
      vertex -4.52874 -2.90548 0.760845
    endloop
  endfacet
  facet normal 0.156422 0.0123125 0.987614
    outer loop
      vertex -4.77291 -2.94416 0.799999
      vertex -4.55279 -2.6 0.760845
      vertex -4.8 -2.6 0.799999
    endloop
  endfacet
  facet normal 0.156419 0.0123146 0.987614
    outer loop
      vertex -4.52874 -2.90548 0.760845
      vertex -4.55279 -2.6 0.760845
      vertex -4.77291 -2.94416 0.799999
    endloop
  endfacet
  facet normal -0.156422 -0.0123109 0.987614
    outer loop
      vertex -5.01708 -2.98283 0.760845
      vertex -4.8 -2.6 0.799999
      vertex -5.04721 -2.6 0.760845
    endloop
  endfacet
  facet normal -0.156419 -0.0123123 0.987614
    outer loop
      vertex -4.77291 -2.94416 0.799999
      vertex -4.8 -2.6 0.799999
      vertex -5.01708 -2.98283 0.760845
    endloop
  endfacet
  facet normal -0.453693 -0.0357116 0.890442
    outer loop
      vertex -5.23735 -3.01772 0.647213
      vertex -5.04721 -2.6 0.760845
      vertex -5.27023 -2.6 0.647213
    endloop
  endfacet
  facet normal -0.4537 -0.0357077 0.890439
    outer loop
      vertex -5.01708 -2.98283 0.760845
      vertex -5.04721 -2.6 0.760845
      vertex -5.23735 -3.01772 0.647213
    endloop
  endfacet
  facet normal -0.706025 -0.0555594 0.706005
    outer loop
      vertex -5.41216 -3.0454 0.470228
      vertex -5.27023 -2.6 0.647213
      vertex -5.44721 -2.6 0.470228
    endloop
  endfacet
  facet normal -0.706007 -0.0555719 0.706022
    outer loop
      vertex -5.23735 -3.01772 0.647213
      vertex -5.27023 -2.6 0.647213
      vertex -5.41216 -3.0454 0.470228
    endloop
  endfacet
  facet normal -0.888827 -0.0699463 0.452873
    outer loop
      vertex -5.52439 -3.06318 0.247213
      vertex -5.44721 -2.6 0.470228
      vertex -5.56084 -2.6 0.247213
    endloop
  endfacet
  facet normal -0.888829 -0.0699449 0.45287
    outer loop
      vertex -5.41216 -3.0454 0.470228
      vertex -5.44721 -2.6 0.470228
      vertex -5.52439 -3.06318 0.247213
    endloop
  endfacet
  facet normal -0.984714 -0.0775097 0.155984
    outer loop
      vertex -5.56306 -3.0693 0
      vertex -5.56084 -2.6 0.247213
      vertex -5.6 -2.6 0
    endloop
  endfacet
  facet normal -0.98472 -0.0774927 0.155952
    outer loop
      vertex -5.52439 -3.06318 0.247213
      vertex -5.56084 -2.6 0.247213
      vertex -5.56306 -3.0693 0
    endloop
  endfacet
  facet normal -0.984715 -0.0774923 -0.155985
    outer loop
      vertex -5.56084 -2.6 -0.247213
      vertex -5.52439 -3.06318 -0.247213
      vertex -5.6 -2.6 0
    endloop
  endfacet
  facet normal -0.984719 -0.0775101 -0.155952
    outer loop
      vertex -5.52439 -3.06318 -0.247213
      vertex -5.56306 -3.0693 0
      vertex -5.6 -2.6 0
    endloop
  endfacet
  facet normal -0.866941 -0.208134 -0.452873
    outer loop
      vertex -5.41216 -3.0454 -0.470228
      vertex -5.30786 -3.47984 -0.470228
      vertex -5.52439 -3.06318 -0.247213
    endloop
  endfacet
  facet normal -0.86694 -0.208133 -0.452874
    outer loop
      vertex -5.30786 -3.47984 -0.470228
      vertex -5.41593 -3.51495 -0.247213
      vertex -5.52439 -3.06318 -0.247213
    endloop
  endfacet
  facet normal -0.688627 -0.165316 -0.706019
    outer loop
      vertex -5.23735 -3.01772 -0.647213
      vertex -5.13954 -3.42515 -0.647213
      vertex -5.41216 -3.0454 -0.470228
    endloop
  endfacet
  facet normal -0.688636 -0.165327 -0.706008
    outer loop
      vertex -5.13954 -3.42515 -0.647213
      vertex -5.30786 -3.47984 -0.470228
      vertex -5.41216 -3.0454 -0.470228
    endloop
  endfacet
  facet normal -0.442529 -0.106235 -0.890439
    outer loop
      vertex -5.01708 -2.98283 -0.760845
      vertex -4.92744 -3.35623 -0.760845
      vertex -5.23735 -3.01772 -0.647213
    endloop
  endfacet
  facet normal -0.44253 -0.106236 -0.890439
    outer loop
      vertex -4.92744 -3.35623 -0.760845
      vertex -5.13954 -3.42515 -0.647213
      vertex -5.23735 -3.01772 -0.647213
    endloop
  endfacet
  facet normal -0.152568 -0.0366286 -0.987614
    outer loop
      vertex -4.77291 -2.94416 -0.799999
      vertex -4.69232 -3.27984 -0.799999
      vertex -5.01708 -2.98283 -0.760845
    endloop
  endfacet
  facet normal -0.152566 -0.0366256 -0.987614
    outer loop
      vertex -4.69232 -3.27984 -0.799999
      vertex -4.92744 -3.35623 -0.760845
      vertex -5.01708 -2.98283 -0.760845
    endloop
  endfacet
  facet normal 0.152567 0.0366262 -0.987614
    outer loop
      vertex -4.52874 -2.90548 -0.760845
      vertex -4.45721 -3.20344 -0.760845
      vertex -4.77291 -2.94416 -0.799999
    endloop
  endfacet
  facet normal 0.152569 0.0366288 -0.987614
    outer loop
      vertex -4.45721 -3.20344 -0.760845
      vertex -4.69232 -3.27984 -0.799999
      vertex -4.77291 -2.94416 -0.799999
    endloop
  endfacet
  facet normal 0.44253 0.106231 -0.890439
    outer loop
      vertex -4.30847 -2.87059 -0.647213
      vertex -4.24511 -3.13453 -0.647213
      vertex -4.52874 -2.90548 -0.760845
    endloop
  endfacet
  facet normal 0.442533 0.106237 -0.890437
    outer loop
      vertex -4.24511 -3.13453 -0.647213
      vertex -4.45721 -3.20344 -0.760845
      vertex -4.52874 -2.90548 -0.760845
    endloop
  endfacet
  facet normal 0.688645 0.165324 -0.706
    outer loop
      vertex -4.13367 -2.84291 -0.470228
      vertex -4.07679 -3.07984 -0.470228
      vertex -4.30847 -2.87059 -0.647213
    endloop
  endfacet
  facet normal 0.68864 0.165311 -0.706008
    outer loop
      vertex -4.07679 -3.07984 -0.470228
      vertex -4.24511 -3.13453 -0.647213
      vertex -4.30847 -2.87059 -0.647213
    endloop
  endfacet
  facet normal 0.86694 0.208138 -0.452873
    outer loop
      vertex -4.02144 -2.82513 -0.247213
      vertex -3.96872 -3.04472 -0.247213
      vertex -4.13367 -2.84291 -0.470228
    endloop
  endfacet
  facet normal 0.866938 0.208127 -0.452882
    outer loop
      vertex -3.96872 -3.04472 -0.247213
      vertex -4.07679 -3.07984 -0.470228
      vertex -4.13367 -2.84291 -0.470228
    endloop
  endfacet
  facet normal 0.96047 0.230574 -0.155987
    outer loop
      vertex -3.98276 -2.81901 0
      vertex -3.93148 -3.03262 0
      vertex -4.02144 -2.82513 -0.247213
    endloop
  endfacet
  facet normal 0.960469 0.230593 -0.155971
    outer loop
      vertex -3.93148 -3.03262 0
      vertex -3.96872 -3.04472 -0.247213
      vertex -4.02144 -2.82513 -0.247213
    endloop
  endfacet
  facet normal 0.960466 0.230592 0.155987
    outer loop
      vertex -3.96872 -3.04472 0.247213
      vertex -3.98276 -2.81901 0
      vertex -4.02144 -2.82513 0.247213
    endloop
  endfacet
  facet normal 0.960473 0.230575 0.155971
    outer loop
      vertex -3.96872 -3.04472 0.247213
      vertex -3.93148 -3.03262 0
      vertex -3.98276 -2.81901 0
    endloop
  endfacet
  facet normal 0.866942 0.208128 0.452873
    outer loop
      vertex -4.07679 -3.07984 0.470228
      vertex -4.02144 -2.82513 0.247213
      vertex -4.13367 -2.84291 0.470228
    endloop
  endfacet
  facet normal 0.866935 0.208137 0.452882
    outer loop
      vertex -3.96872 -3.04472 0.247213
      vertex -4.02144 -2.82513 0.247213
      vertex -4.07679 -3.07984 0.470228
    endloop
  endfacet
  facet normal 0.688647 0.165313 0.706
    outer loop
      vertex -4.24511 -3.13453 0.647213
      vertex -4.13367 -2.84291 0.470228
      vertex -4.30847 -2.87059 0.647213
    endloop
  endfacet
  facet normal 0.688637 0.165322 0.706008
    outer loop
      vertex -4.07679 -3.07984 0.470228
      vertex -4.13367 -2.84291 0.470228
      vertex -4.24511 -3.13453 0.647213
    endloop
  endfacet
  facet normal 0.442529 0.106236 0.890439
    outer loop
      vertex -4.45721 -3.20344 0.760845
      vertex -4.30847 -2.87059 0.647213
      vertex -4.52874 -2.90548 0.760845
    endloop
  endfacet
  facet normal 0.442535 0.106232 0.890437
    outer loop
      vertex -4.24511 -3.13453 0.647213
      vertex -4.30847 -2.87059 0.647213
      vertex -4.45721 -3.20344 0.760845
    endloop
  endfacet
  facet normal 0.152567 0.0366282 0.987614
    outer loop
      vertex -4.69232 -3.27984 0.799999
      vertex -4.52874 -2.90548 0.760845
      vertex -4.77291 -2.94416 0.799999
    endloop
  endfacet
  facet normal 0.15257 0.0366268 0.987614
    outer loop
      vertex -4.45721 -3.20344 0.760845
      vertex -4.52874 -2.90548 0.760845
      vertex -4.69232 -3.27984 0.799999
    endloop
  endfacet
  facet normal -0.152569 -0.0366263 0.987614
    outer loop
      vertex -4.92744 -3.35623 0.760845
      vertex -4.77291 -2.94416 0.799999
      vertex -5.01708 -2.98283 0.760845
    endloop
  endfacet
  facet normal -0.152565 -0.0366278 0.987614
    outer loop
      vertex -4.69232 -3.27984 0.799999
      vertex -4.77291 -2.94416 0.799999
      vertex -4.92744 -3.35623 0.760845
    endloop
  endfacet
  facet normal -0.442529 -0.106236 0.890439
    outer loop
      vertex -5.13954 -3.42515 0.647213
      vertex -5.01708 -2.98283 0.760845
      vertex -5.23735 -3.01772 0.647213
    endloop
  endfacet
  facet normal -0.44253 -0.106236 0.890439
    outer loop
      vertex -4.92744 -3.35623 0.760845
      vertex -5.01708 -2.98283 0.760845
      vertex -5.13954 -3.42515 0.647213
    endloop
  endfacet
  facet normal -0.688625 -0.165325 0.706019
    outer loop
      vertex -5.30786 -3.47984 0.470228
      vertex -5.23735 -3.01772 0.647213
      vertex -5.41216 -3.0454 0.470228
    endloop
  endfacet
  facet normal -0.688638 -0.165318 0.706008
    outer loop
      vertex -5.13954 -3.42515 0.647213
      vertex -5.23735 -3.01772 0.647213
      vertex -5.30786 -3.47984 0.470228
    endloop
  endfacet
  facet normal -0.866941 -0.208133 0.452873
    outer loop
      vertex -5.41593 -3.51495 0.247213
      vertex -5.41216 -3.0454 0.470228
      vertex -5.52439 -3.06318 0.247213
    endloop
  endfacet
  facet normal -0.86694 -0.208134 0.452874
    outer loop
      vertex -5.30786 -3.47984 0.470228
      vertex -5.41216 -3.0454 0.470228
      vertex -5.41593 -3.51495 0.247213
    endloop
  endfacet
  facet normal -0.960476 -0.230577 0.155949
    outer loop
      vertex -5.45317 -3.52705 0
      vertex -5.52439 -3.06318 0.247213
      vertex -5.56306 -3.0693 0
    endloop
  endfacet
  facet normal -0.96047 -0.230588 0.155971
    outer loop
      vertex -5.45317 -3.52705 0
      vertex -5.41593 -3.51495 0.247213
      vertex -5.52439 -3.06318 0.247213
    endloop
  endfacet
  facet normal -0.960473 -0.230588 -0.155949
    outer loop
      vertex -5.52439 -3.06318 -0.247213
      vertex -5.41593 -3.51495 -0.247213
      vertex -5.56306 -3.0693 0
    endloop
  endfacet
  facet normal -0.960473 -0.230576 -0.155971
    outer loop
      vertex -5.41593 -3.51495 -0.247213
      vertex -5.45317 -3.52705 0
      vertex -5.56306 -3.0693 0
    endloop
  endfacet
  facet normal -0.823712 -0.341183 -0.452873
    outer loop
      vertex -5.30786 -3.47984 -0.470228
      vertex -5.13689 -3.89261 -0.470228
      vertex -5.41593 -3.51495 -0.247213
    endloop
  endfacet
  facet normal -0.823717 -0.3412 -0.452849
    outer loop
      vertex -5.13689 -3.89261 -0.470228
      vertex -5.23813 -3.94419 -0.247213
      vertex -5.41593 -3.51495 -0.247213
    endloop
  endfacet
  facet normal -0.654293 -0.271023 -0.706008
    outer loop
      vertex -5.13954 -3.42515 -0.647213
      vertex -4.97919 -3.81226 -0.647213
      vertex -5.30786 -3.47984 -0.470228
    endloop
  endfacet
  facet normal -0.654283 -0.271005 -0.706024
    outer loop
      vertex -4.97919 -3.81226 -0.647213
      vertex -5.13689 -3.89261 -0.470228
      vertex -5.30786 -3.47984 -0.470228
    endloop
  endfacet
  facet normal -0.420457 -0.174165 -0.890439
    outer loop
      vertex -4.92744 -3.35623 -0.760845
      vertex -4.78048 -3.71101 -0.760845
      vertex -5.13954 -3.42515 -0.647213
    endloop
  endfacet
  facet normal -0.420455 -0.174162 -0.890441
    outer loop
      vertex -4.78048 -3.71101 -0.760845
      vertex -4.97919 -3.81226 -0.647213
      vertex -5.13954 -3.42515 -0.647213
    endloop
  endfacet
  facet normal -0.144957 -0.0600436 -0.987614
    outer loop
      vertex -4.69232 -3.27984 -0.799999
      vertex -4.56021 -3.59878 -0.799999
      vertex -4.92744 -3.35623 -0.760845
    endloop
  endfacet
  facet normal -0.144959 -0.0600461 -0.987614
    outer loop
      vertex -4.56021 -3.59878 -0.799999
      vertex -4.78048 -3.71101 -0.760845
      vertex -4.92744 -3.35623 -0.760845
    endloop
  endfacet
  facet normal 0.14496 0.0600454 -0.987614
    outer loop
      vertex -4.45721 -3.20344 -0.760845
      vertex -4.33994 -3.48655 -0.760845
      vertex -4.69232 -3.27984 -0.799999
    endloop
  endfacet
  facet normal 0.14496 0.0600445 -0.987614
    outer loop
      vertex -4.33994 -3.48655 -0.760845
      vertex -4.56021 -3.59878 -0.799999
      vertex -4.69232 -3.27984 -0.799999
    endloop
  endfacet
  facet normal 0.420466 0.174159 -0.890437
    outer loop
      vertex -4.24511 -3.13453 -0.647213
      vertex -4.14124 -3.3853 -0.647213
      vertex -4.45721 -3.20344 -0.760845
    endloop
  endfacet
  facet normal 0.420469 0.174167 -0.890433
    outer loop
      vertex -4.14124 -3.3853 -0.647213
      vertex -4.33994 -3.48655 -0.760845
      vertex -4.45721 -3.20344 -0.760845
    endloop
  endfacet
  facet normal 0.654289 0.271034 -0.706008
    outer loop
      vertex -4.07679 -3.07984 -0.470228
      vertex -3.98354 -3.30495 -0.470228
      vertex -4.24511 -3.13453 -0.647213
    endloop
  endfacet
  facet normal 0.654282 0.271007 -0.706024
    outer loop
      vertex -3.98354 -3.30495 -0.470228
      vertex -4.14124 -3.3853 -0.647213
      vertex -4.24511 -3.13453 -0.647213
    endloop
  endfacet
  facet normal 0.823704 0.341184 -0.452885
    outer loop
      vertex -3.96872 -3.04472 -0.247213
      vertex -3.8823 -3.25336 -0.247213
      vertex -4.07679 -3.07984 -0.470228
    endloop
  endfacet
  facet normal 0.823705 0.341213 -0.452862
    outer loop
      vertex -3.8823 -3.25336 -0.247213
      vertex -3.98354 -3.30495 -0.470228
      vertex -4.07679 -3.07984 -0.470228
    endloop
  endfacet
  facet normal 0.912577 0.377989 -0.155971
    outer loop
      vertex -3.93148 -3.03262 0
      vertex -3.84741 -3.23559 0
      vertex -3.96872 -3.04472 -0.247213
    endloop
  endfacet
  facet normal 0.912576 0.377995 -0.155966
    outer loop
      vertex -3.84741 -3.23559 0
      vertex -3.8823 -3.25336 -0.247213
      vertex -3.96872 -3.04472 -0.247213
    endloop
  endfacet
  facet normal 0.912575 0.377994 0.155971
    outer loop
      vertex -3.8823 -3.25336 0.247213
      vertex -3.93148 -3.03262 0
      vertex -3.96872 -3.04472 0.247213
    endloop
  endfacet
  facet normal 0.912578 0.377989 0.155966
    outer loop
      vertex -3.8823 -3.25336 0.247213
      vertex -3.84741 -3.23559 0
      vertex -3.93148 -3.03262 0
    endloop
  endfacet
  facet normal 0.823695 0.341209 0.452884
    outer loop
      vertex -3.98354 -3.30495 0.470228
      vertex -3.96872 -3.04472 0.247213
      vertex -4.07679 -3.07984 0.470228
    endloop
  endfacet
  facet normal 0.823716 0.341188 0.452861
    outer loop
      vertex -3.8823 -3.25336 0.247213
      vertex -3.96872 -3.04472 0.247213
      vertex -3.98354 -3.30495 0.470228
    endloop
  endfacet
  facet normal 0.654297 0.271013 0.706008
    outer loop
      vertex -4.14124 -3.3853 0.647213
      vertex -4.07679 -3.07984 0.470228
      vertex -4.24511 -3.13453 0.647213
    endloop
  endfacet
  facet normal 0.654273 0.271027 0.706025
    outer loop
      vertex -3.98354 -3.30495 0.470228
      vertex -4.07679 -3.07984 0.470228
      vertex -4.14124 -3.3853 0.647213
    endloop
  endfacet
  facet normal 0.420464 0.174165 0.890436
    outer loop
      vertex -4.33994 -3.48655 0.760845
      vertex -4.24511 -3.13453 0.647213
      vertex -4.45721 -3.20344 0.760845
    endloop
  endfacet
  facet normal 0.420472 0.174161 0.890433
    outer loop
      vertex -4.14124 -3.3853 0.647213
      vertex -4.24511 -3.13453 0.647213
      vertex -4.33994 -3.48655 0.760845
    endloop
  endfacet
  facet normal 0.14496 0.0600448 0.987614
    outer loop
      vertex -4.56021 -3.59878 0.799999
      vertex -4.45721 -3.20344 0.760845
      vertex -4.69232 -3.27984 0.799999
    endloop
  endfacet
  facet normal 0.144959 0.0600451 0.987614
    outer loop
      vertex -4.33994 -3.48655 0.760845
      vertex -4.45721 -3.20344 0.760845
      vertex -4.56021 -3.59878 0.799999
    endloop
  endfacet
  facet normal -0.144957 -0.0600452 0.987614
    outer loop
      vertex -4.78048 -3.71101 0.760845
      vertex -4.69232 -3.27984 0.799999
      vertex -4.92744 -3.35623 0.760845
    endloop
  endfacet
  facet normal -0.14496 -0.0600445 0.987614
    outer loop
      vertex -4.56021 -3.59878 0.799999
      vertex -4.69232 -3.27984 0.799999
      vertex -4.78048 -3.71101 0.760845
    endloop
  endfacet
  facet normal -0.420458 -0.174163 0.890439
    outer loop
      vertex -4.97919 -3.81226 0.647213
      vertex -4.92744 -3.35623 0.760845
      vertex -5.13954 -3.42515 0.647213
    endloop
  endfacet
  facet normal -0.420454 -0.174164 0.890441
    outer loop
      vertex -4.78048 -3.71101 0.760845
      vertex -4.92744 -3.35623 0.760845
      vertex -4.97919 -3.81226 0.647213
    endloop
  endfacet
  facet normal -0.654297 -0.271011 0.706009
    outer loop
      vertex -5.13689 -3.89261 0.470228
      vertex -5.13954 -3.42515 0.647213
      vertex -5.30786 -3.47984 0.470228
    endloop
  endfacet
  facet normal -0.654277 -0.271017 0.706025
    outer loop
      vertex -5.13689 -3.89261 0.470228
      vertex -4.97919 -3.81226 0.647213
      vertex -5.13954 -3.42515 0.647213
    endloop
  endfacet
  facet normal -0.823706 -0.341196 0.452872
    outer loop
      vertex -5.23813 -3.94419 0.247213
      vertex -5.30786 -3.47984 0.470228
      vertex -5.41593 -3.51495 0.247213
    endloop
  endfacet
  facet normal -0.823723 -0.341187 0.452849
    outer loop
      vertex -5.23813 -3.94419 0.247213
      vertex -5.13689 -3.89261 0.470228
      vertex -5.30786 -3.47984 0.470228
    endloop
  endfacet
  facet normal -0.912573 -0.378 0.155971
    outer loop
      vertex -5.27302 -3.96197 0
      vertex -5.41593 -3.51495 0.247213
      vertex -5.45317 -3.52705 0
    endloop
  endfacet
  facet normal -0.912569 -0.378005 0.155981
    outer loop
      vertex -5.27302 -3.96197 0
      vertex -5.23813 -3.94419 0.247213
      vertex -5.41593 -3.51495 0.247213
    endloop
  endfacet
  facet normal -0.912571 -0.378005 -0.155971
    outer loop
      vertex -5.41593 -3.51495 -0.247213
      vertex -5.23813 -3.94419 -0.247213
      vertex -5.45317 -3.52705 0
    endloop
  endfacet
  facet normal -0.912571 -0.378 -0.155981
    outer loop
      vertex -5.23813 -3.94419 -0.247213
      vertex -5.27302 -3.96197 0
      vertex -5.45317 -3.52705 0
    endloop
  endfacet
  facet normal -0.760195 -0.465868 -0.452847
    outer loop
      vertex -5.13689 -3.89261 -0.470228
      vertex -4.90344 -4.27355 -0.470228
      vertex -5.23813 -3.94419 -0.247213
    endloop
  endfacet
  facet normal -0.760192 -0.465844 -0.452876
    outer loop
      vertex -4.90344 -4.27355 -0.470228
      vertex -4.99537 -4.34034 -0.247213
      vertex -5.23813 -3.94419 -0.247213
    endloop
  endfacet
  facet normal -0.603829 -0.370028 -0.706024
    outer loop
      vertex -4.97919 -3.81226 -0.647213
      vertex -4.76026 -4.16952 -0.647213
      vertex -5.13689 -3.89261 -0.470228
    endloop
  endfacet
  facet normal -0.603835 -0.370046 -0.706009
    outer loop
      vertex -4.76026 -4.16952 -0.647213
      vertex -4.90344 -4.27355 -0.470228
      vertex -5.13689 -3.89261 -0.470228
    endloop
  endfacet
  facet normal -0.38804 -0.23778 -0.890441
    outer loop
      vertex -4.78048 -3.71101 -0.760845
      vertex -4.57984 -4.03844 -0.760845
      vertex -4.97919 -3.81226 -0.647213
    endloop
  endfacet
  facet normal -0.388047 -0.237796 -0.890434
    outer loop
      vertex -4.57984 -4.03844 -0.760845
      vertex -4.76026 -4.16952 -0.647213
      vertex -4.97919 -3.81226 -0.647213
    endloop
  endfacet
  facet normal -0.133784 -0.0819791 -0.987614
    outer loop
      vertex -4.56021 -3.59878 -0.799999
      vertex -4.37984 -3.89313 -0.799999
      vertex -4.78048 -3.71101 -0.760845
    endloop
  endfacet
  facet normal -0.133783 -0.0819788 -0.987614
    outer loop
      vertex -4.37984 -3.89313 -0.799999
      vertex -4.57984 -4.03844 -0.760845
      vertex -4.78048 -3.71101 -0.760845
    endloop
  endfacet
  facet normal 0.133784 0.0819793 -0.987614
    outer loop
      vertex -4.33994 -3.48655 -0.760845
      vertex -4.17984 -3.74782 -0.760845
      vertex -4.56021 -3.59878 -0.799999
    endloop
  endfacet
  facet normal 0.133783 0.081979 -0.987614
    outer loop
      vertex -4.17984 -3.74782 -0.760845
      vertex -4.37984 -3.89313 -0.799999
      vertex -4.56021 -3.59878 -0.799999
    endloop
  endfacet
  facet normal 0.388041 0.237808 -0.890434
    outer loop
      vertex -4.14124 -3.3853 -0.647213
      vertex -3.99941 -3.61673 -0.647213
      vertex -4.33994 -3.48655 -0.760845
    endloop
  endfacet
  facet normal 0.388033 0.237777 -0.890445
    outer loop
      vertex -3.99941 -3.61673 -0.647213
      vertex -4.17984 -3.74782 -0.760845
      vertex -4.33994 -3.48655 -0.760845
    endloop
  endfacet
  facet normal 0.603829 0.370029 -0.706024
    outer loop
      vertex -3.98354 -3.30495 -0.470228
      vertex -3.85623 -3.5127 -0.470228
      vertex -4.14124 -3.3853 -0.647213
    endloop
  endfacet
  facet normal 0.603831 0.370053 -0.706009
    outer loop
      vertex -3.85623 -3.5127 -0.470228
      vertex -3.99941 -3.61673 -0.647213
      vertex -4.14124 -3.3853 -0.647213
    endloop
  endfacet
  facet normal 0.760188 0.465864 -0.452863
    outer loop
      vertex -3.8823 -3.25336 -0.247213
      vertex -3.7643 -3.44591 -0.247213
      vertex -3.98354 -3.30495 -0.470228
    endloop
  endfacet
  facet normal 0.76019 0.465847 -0.452876
    outer loop
      vertex -3.7643 -3.44591 -0.247213
      vertex -3.85623 -3.5127 -0.470228
      vertex -3.98354 -3.30495 -0.470228
    endloop
  endfacet
  facet normal 0.842194 0.516125 -0.155961
    outer loop
      vertex -3.84741 -3.23559 0
      vertex -3.73262 -3.4229 0
      vertex -3.8823 -3.25336 -0.247213
    endloop
  endfacet
  facet normal 0.842196 0.516121 -0.155966
    outer loop
      vertex -3.73262 -3.4229 0
      vertex -3.7643 -3.44591 -0.247213
      vertex -3.8823 -3.25336 -0.247213
    endloop
  endfacet
  facet normal 0.842196 0.516121 0.155961
    outer loop
      vertex -3.7643 -3.44591 0.247213
      vertex -3.84741 -3.23559 0
      vertex -3.8823 -3.25336 0.247213
    endloop
  endfacet
  facet normal 0.842193 0.516125 0.155966
    outer loop
      vertex -3.7643 -3.44591 0.247213
      vertex -3.73262 -3.4229 0
      vertex -3.84741 -3.23559 0
    endloop
  endfacet
  facet normal 0.760196 0.465851 0.452864
    outer loop
      vertex -3.85623 -3.5127 0.470228
      vertex -3.8823 -3.25336 0.247213
      vertex -3.98354 -3.30495 0.470228
    endloop
  endfacet
  facet normal 0.760182 0.465861 0.452877
    outer loop
      vertex -3.85623 -3.5127 0.470228
      vertex -3.7643 -3.44591 0.247213
      vertex -3.8823 -3.25336 0.247213
    endloop
  endfacet
  facet normal 0.603819 0.370046 0.706023
    outer loop
      vertex -3.99941 -3.61673 0.647213
      vertex -3.98354 -3.30495 0.470228
      vertex -4.14124 -3.3853 0.647213
    endloop
  endfacet
  facet normal 0.603842 0.370036 0.706009
    outer loop
      vertex -3.85623 -3.5127 0.470228
      vertex -3.98354 -3.30495 0.470228
      vertex -3.99941 -3.61673 0.647213
    endloop
  endfacet
  facet normal 0.388051 0.237788 0.890434
    outer loop
      vertex -4.17984 -3.74782 0.760845
      vertex -4.14124 -3.3853 0.647213
      vertex -4.33994 -3.48655 0.760845
    endloop
  endfacet
  facet normal 0.388021 0.237795 0.890446
    outer loop
      vertex -3.99941 -3.61673 0.647213
      vertex -4.14124 -3.3853 0.647213
      vertex -4.17984 -3.74782 0.760845
    endloop
  endfacet
  facet normal 0.133784 0.0819791 0.987614
    outer loop
      vertex -4.37984 -3.89313 0.799999
      vertex -4.33994 -3.48655 0.760845
      vertex -4.56021 -3.59878 0.799999
    endloop
  endfacet
  facet normal 0.133783 0.0819792 0.987614
    outer loop
      vertex -4.17984 -3.74782 0.760845
      vertex -4.33994 -3.48655 0.760845
      vertex -4.37984 -3.89313 0.799999
    endloop
  endfacet
  facet normal -0.133784 -0.0819789 0.987614
    outer loop
      vertex -4.57984 -4.03844 0.760845
      vertex -4.56021 -3.59878 0.799999
      vertex -4.78048 -3.71101 0.760845
    endloop
  endfacet
  facet normal -0.133783 -0.081979 0.987614
    outer loop
      vertex -4.37984 -3.89313 0.799999
      vertex -4.56021 -3.59878 0.799999
      vertex -4.57984 -4.03844 0.760845
    endloop
  endfacet
  facet normal -0.388035 -0.237789 0.890441
    outer loop
      vertex -4.76026 -4.16952 0.647213
      vertex -4.78048 -3.71101 0.760845
      vertex -4.97919 -3.81226 0.647213
    endloop
  endfacet
  facet normal -0.388053 -0.237788 0.890434
    outer loop
      vertex -4.76026 -4.16952 0.647213
      vertex -4.57984 -4.03844 0.760845
      vertex -4.78048 -3.71101 0.760845
    endloop
  endfacet
  facet normal -0.603823 -0.370039 0.706023
    outer loop
      vertex -4.90344 -4.27355 0.470228
      vertex -4.97919 -3.81226 0.647213
      vertex -5.13689 -3.89261 0.470228
    endloop
  endfacet
  facet normal -0.603842 -0.370036 0.706009
    outer loop
      vertex -4.90344 -4.27355 0.470228
      vertex -4.76026 -4.16952 0.647213
      vertex -4.97919 -3.81226 0.647213
    endloop
  endfacet
  facet normal -0.760205 -0.465852 0.452847
    outer loop
      vertex -4.99537 -4.34034 0.247213
      vertex -5.13689 -3.89261 0.470228
      vertex -5.23813 -3.94419 0.247213
    endloop
  endfacet
  facet normal -0.760182 -0.46586 0.452877
    outer loop
      vertex -4.99537 -4.34034 0.247213
      vertex -4.90344 -4.27355 0.470228
      vertex -5.13689 -3.89261 0.470228
    endloop
  endfacet
  facet normal -0.842206 -0.5161 0.155982
    outer loop
      vertex -5.02705 -4.36336 0
      vertex -5.23813 -3.94419 0.247213
      vertex -5.27302 -3.96197 0
    endloop
  endfacet
  facet normal -0.842204 -0.516101 0.155986
    outer loop
      vertex -5.02705 -4.36336 0
      vertex -4.99537 -4.34034 0.247213
      vertex -5.23813 -3.94419 0.247213
    endloop
  endfacet
  facet normal -0.842205 -0.516102 -0.155982
    outer loop
      vertex -5.23813 -3.94419 -0.247213
      vertex -4.99537 -4.34034 -0.247213
      vertex -5.27302 -3.96197 0
    endloop
  endfacet
  facet normal -0.842205 -0.5161 -0.155986
    outer loop
      vertex -4.99537 -4.34034 -0.247213
      vertex -5.02705 -4.36336 0
      vertex -5.27302 -3.96197 0
    endloop
  endfacet
  facet normal -0.677955 -0.579034 -0.452876
    outer loop
      vertex -4.90344 -4.27355 -0.470228
      vertex -4.61328 -4.61328 -0.470228
      vertex -4.99537 -4.34034 -0.247213
    endloop
  endfacet
  facet normal -0.677955 -0.579032 -0.452879
    outer loop
      vertex -4.61328 -4.61328 -0.470228
      vertex -4.69363 -4.69363 -0.247213
      vertex -4.99537 -4.34034 -0.247213
    endloop
  endfacet
  facet normal -0.538527 -0.459933 -0.70601
    outer loop
      vertex -4.76026 -4.16952 -0.647213
      vertex -4.48814 -4.48814 -0.647213
      vertex -4.90344 -4.27355 -0.470228
    endloop
  endfacet
  facet normal -0.538531 -0.459954 -0.705994
    outer loop
      vertex -4.48814 -4.48814 -0.647213
      vertex -4.61328 -4.61328 -0.470228
      vertex -4.90344 -4.27355 -0.470228
    endloop
  endfacet
  facet normal -0.346066 -0.295579 -0.890433
    outer loop
      vertex -4.57984 -4.03844 -0.760845
      vertex -4.33044 -4.33044 -0.760845
      vertex -4.76026 -4.16952 -0.647213
    endloop
  endfacet
  facet normal -0.34606 -0.295556 -0.890443
    outer loop
      vertex -4.33044 -4.33044 -0.760845
      vertex -4.48814 -4.48814 -0.647213
      vertex -4.76026 -4.16952 -0.647213
    endloop
  endfacet
  facet normal -0.119307 -0.101904 -0.987614
    outer loop
      vertex -4.37984 -3.89313 -0.799999
      vertex -4.15563 -4.15563 -0.799999
      vertex -4.57984 -4.03844 -0.760845
    endloop
  endfacet
  facet normal -0.119306 -0.1019 -0.987615
    outer loop
      vertex -4.15563 -4.15563 -0.799999
      vertex -4.33044 -4.33044 -0.760845
      vertex -4.57984 -4.03844 -0.760845
    endloop
  endfacet
  facet normal 0.11931 0.1019 -0.987614
    outer loop
      vertex -4.17984 -3.74782 -0.760845
      vertex -3.98083 -3.98083 -0.760845
      vertex -4.37984 -3.89313 -0.799999
    endloop
  endfacet
  facet normal 0.119311 0.101908 -0.987613
    outer loop
      vertex -3.98083 -3.98083 -0.760845
      vertex -4.15563 -4.15563 -0.799999
      vertex -4.37984 -3.89313 -0.799999
    endloop
  endfacet
  facet normal 0.346055 0.295555 -0.890445
    outer loop
      vertex -3.99941 -3.61673 -0.647213
      vertex -3.82313 -3.82313 -0.647213
      vertex -4.17984 -3.74782 -0.760845
    endloop
  endfacet
  facet normal 0.346056 0.29556 -0.890443
    outer loop
      vertex -3.82313 -3.82313 -0.647213
      vertex -3.98083 -3.98083 -0.760845
      vertex -4.17984 -3.74782 -0.760845
    endloop
  endfacet
  facet normal 0.538539 0.459919 -0.706011
    outer loop
      vertex -3.85623 -3.5127 -0.470228
      vertex -3.69799 -3.69799 -0.470228
      vertex -3.99941 -3.61673 -0.647213
    endloop
  endfacet
  facet normal 0.538536 0.459948 -0.705994
    outer loop
      vertex -3.69799 -3.69799 -0.470228
      vertex -3.82313 -3.82313 -0.647213
      vertex -3.99941 -3.61673 -0.647213
    endloop
  endfacet
  facet normal 0.677979 0.579005 -0.452877
    outer loop
      vertex -3.7643 -3.44591 -0.247213
      vertex -3.61764 -3.61764 -0.247213
      vertex -3.85623 -3.5127 -0.470228
    endloop
  endfacet
  facet normal 0.67798 0.579003 -0.452878
    outer loop
      vertex -3.61764 -3.61764 -0.247213
      vertex -3.69799 -3.69799 -0.470228
      vertex -3.85623 -3.5127 -0.470228
    endloop
  endfacet
  facet normal 0.75111 0.64149 -0.155962
    outer loop
      vertex -3.73262 -3.4229 0
      vertex -3.58995 -3.58995 0
      vertex -3.7643 -3.44591 -0.247213
    endloop
  endfacet
  facet normal 0.751123 0.64147 -0.155982
    outer loop
      vertex -3.58995 -3.58995 0
      vertex -3.61764 -3.61764 -0.247213
      vertex -3.7643 -3.44591 -0.247213
    endloop
  endfacet
  facet normal 0.751125 0.641472 0.155962
    outer loop
      vertex -3.61764 -3.61764 0.247213
      vertex -3.73262 -3.4229 0
      vertex -3.7643 -3.44591 0.247213
    endloop
  endfacet
  facet normal 0.751108 0.641488 0.155983
    outer loop
      vertex -3.61764 -3.61764 0.247213
      vertex -3.58995 -3.58995 0
      vertex -3.73262 -3.4229 0
    endloop
  endfacet
  facet normal 0.67798 0.579004 0.452877
    outer loop
      vertex -3.69799 -3.69799 0.470228
      vertex -3.7643 -3.44591 0.247213
      vertex -3.85623 -3.5127 0.470228
    endloop
  endfacet
  facet normal 0.677979 0.579004 0.452878
    outer loop
      vertex -3.69799 -3.69799 0.470228
      vertex -3.61764 -3.61764 0.247213
      vertex -3.7643 -3.44591 0.247213
    endloop
  endfacet
  facet normal 0.538524 0.459937 0.70601
    outer loop
      vertex -3.82313 -3.82313 0.647213
      vertex -3.85623 -3.5127 0.470228
      vertex -3.99941 -3.61673 0.647213
    endloop
  endfacet
  facet normal 0.538552 0.45993 0.705993
    outer loop
      vertex -3.82313 -3.82313 0.647213
      vertex -3.69799 -3.69799 0.470228
      vertex -3.85623 -3.5127 0.470228
    endloop
  endfacet
  facet normal 0.346053 0.295558 0.890445
    outer loop
      vertex -3.98083 -3.98083 0.760845
      vertex -3.99941 -3.61673 0.647213
      vertex -4.17984 -3.74782 0.760845
    endloop
  endfacet
  facet normal 0.346058 0.295558 0.890443
    outer loop
      vertex -3.98083 -3.98083 0.760845
      vertex -3.82313 -3.82313 0.647213
      vertex -3.99941 -3.61673 0.647213
    endloop
  endfacet
  facet normal 0.119307 0.101904 0.987614
    outer loop
      vertex -4.15563 -4.15563 0.799999
      vertex -4.17984 -3.74782 0.760845
      vertex -4.37984 -3.89313 0.799999
    endloop
  endfacet
  facet normal 0.119314 0.101904 0.987613
    outer loop
      vertex -4.15563 -4.15563 0.799999
      vertex -3.98083 -3.98083 0.760845
      vertex -4.17984 -3.74782 0.760845
    endloop
  endfacet
  facet normal -0.119308 -0.101902 0.987614
    outer loop
      vertex -4.33044 -4.33044 0.760845
      vertex -4.37984 -3.89313 0.799999
      vertex -4.57984 -4.03844 0.760845
    endloop
  endfacet
  facet normal -0.119304 -0.101902 0.987615
    outer loop
      vertex -4.33044 -4.33044 0.760845
      vertex -4.15563 -4.15563 0.799999
      vertex -4.37984 -3.89313 0.799999
    endloop
  endfacet
  facet normal -0.346074 -0.295568 0.890434
    outer loop
      vertex -4.48814 -4.48814 0.647213
      vertex -4.57984 -4.03844 0.760845
      vertex -4.76026 -4.16952 0.647213
    endloop
  endfacet
  facet normal -0.346051 -0.295565 0.890444
    outer loop
      vertex -4.48814 -4.48814 0.647213
      vertex -4.33044 -4.33044 0.760845
      vertex -4.57984 -4.03844 0.760845
    endloop
  endfacet
  facet normal -0.538519 -0.459944 0.706009
    outer loop
      vertex -4.61328 -4.61328 0.470228
      vertex -4.76026 -4.16952 0.647213
      vertex -4.90344 -4.27355 0.470228
    endloop
  endfacet
  facet normal -0.53854 -0.459944 0.705993
    outer loop
      vertex -4.61328 -4.61328 0.470228
      vertex -4.48814 -4.48814 0.647213
      vertex -4.76026 -4.16952 0.647213
    endloop
  endfacet
  facet normal -0.677956 -0.579033 0.452876
    outer loop
      vertex -4.69363 -4.69363 0.247213
      vertex -4.90344 -4.27355 0.470228
      vertex -4.99537 -4.34034 0.247213
    endloop
  endfacet
  facet normal -0.677953 -0.579033 0.452879
    outer loop
      vertex -4.69363 -4.69363 0.247213
      vertex -4.61328 -4.61328 0.470228
      vertex -4.90344 -4.27355 0.470228
    endloop
  endfacet
  facet normal -0.751095 -0.641502 0.155987
    outer loop
      vertex -4.72132 -4.72132 0
      vertex -4.99537 -4.34034 0.247213
      vertex -5.02705 -4.36336 0
    endloop
  endfacet
  facet normal -0.751096 -0.641501 0.155983
    outer loop
      vertex -4.72132 -4.72132 0
      vertex -4.69363 -4.69363 0.247213
      vertex -4.99537 -4.34034 0.247213
    endloop
  endfacet
  facet normal -0.751096 -0.6415 -0.155987
    outer loop
      vertex -4.99537 -4.34034 -0.247213
      vertex -4.69363 -4.69363 -0.247213
      vertex -5.02705 -4.36336 0
    endloop
  endfacet
  facet normal -0.751095 -0.641503 -0.155983
    outer loop
      vertex -4.69363 -4.69363 -0.247213
      vertex -4.72132 -4.72132 0
      vertex -5.02705 -4.36336 0
    endloop
  endfacet
  facet normal -0.579033 -0.677953 -0.452879
    outer loop
      vertex -4.61328 -4.61328 -0.470228
      vertex -4.27355 -4.90344 -0.470228
      vertex -4.69363 -4.69363 -0.247213
    endloop
  endfacet
  facet normal -0.579033 -0.677956 -0.452876
    outer loop
      vertex -4.27355 -4.90344 -0.470228
      vertex -4.34034 -4.99537 -0.247213
      vertex -4.69363 -4.69363 -0.247213
    endloop
  endfacet
  facet normal -0.459944 -0.53854 -0.705993
    outer loop
      vertex -4.48814 -4.48814 -0.647213
      vertex -4.16952 -4.76026 -0.647213
      vertex -4.61328 -4.61328 -0.470228
    endloop
  endfacet
  facet normal -0.459944 -0.538519 -0.706009
    outer loop
      vertex -4.16952 -4.76026 -0.647213
      vertex -4.27355 -4.90344 -0.470228
      vertex -4.61328 -4.61328 -0.470228
    endloop
  endfacet
  facet normal -0.295565 -0.346051 -0.890444
    outer loop
      vertex -4.33044 -4.33044 -0.760845
      vertex -4.03844 -4.57984 -0.760845
      vertex -4.48814 -4.48814 -0.647213
    endloop
  endfacet
  facet normal -0.295568 -0.346074 -0.890434
    outer loop
      vertex -4.03844 -4.57984 -0.760845
      vertex -4.16952 -4.76026 -0.647213
      vertex -4.48814 -4.48814 -0.647213
    endloop
  endfacet
  facet normal -0.101902 -0.119304 -0.987615
    outer loop
      vertex -4.15563 -4.15563 -0.799999
      vertex -3.89313 -4.37984 -0.799999
      vertex -4.33044 -4.33044 -0.760845
    endloop
  endfacet
  facet normal -0.101902 -0.119308 -0.987614
    outer loop
      vertex -3.89313 -4.37984 -0.799999
      vertex -4.03844 -4.57984 -0.760845
      vertex -4.33044 -4.33044 -0.760845
    endloop
  endfacet
  facet normal 0.101904 0.119314 -0.987613
    outer loop
      vertex -3.98083 -3.98083 -0.760845
      vertex -3.74782 -4.17984 -0.760845
      vertex -4.15563 -4.15563 -0.799999
    endloop
  endfacet
  facet normal 0.101904 0.119307 -0.987614
    outer loop
      vertex -3.74782 -4.17984 -0.760845
      vertex -3.89313 -4.37984 -0.799999
      vertex -4.15563 -4.15563 -0.799999
    endloop
  endfacet
  facet normal 0.295558 0.346058 -0.890443
    outer loop
      vertex -3.82313 -3.82313 -0.647213
      vertex -3.61673 -3.99941 -0.647213
      vertex -3.98083 -3.98083 -0.760845
    endloop
  endfacet
  facet normal 0.295558 0.346053 -0.890445
    outer loop
      vertex -3.61673 -3.99941 -0.647213
      vertex -3.74782 -4.17984 -0.760845
      vertex -3.98083 -3.98083 -0.760845
    endloop
  endfacet
  facet normal 0.45993 0.538552 -0.705993
    outer loop
      vertex -3.69799 -3.69799 -0.470228
      vertex -3.5127 -3.85623 -0.470228
      vertex -3.82313 -3.82313 -0.647213
    endloop
  endfacet
  facet normal 0.459937 0.538524 -0.70601
    outer loop
      vertex -3.5127 -3.85623 -0.470228
      vertex -3.61673 -3.99941 -0.647213
      vertex -3.82313 -3.82313 -0.647213
    endloop
  endfacet
  facet normal 0.579004 0.677979 -0.452878
    outer loop
      vertex -3.61764 -3.61764 -0.247213
      vertex -3.44591 -3.7643 -0.247213
      vertex -3.69799 -3.69799 -0.470228
    endloop
  endfacet
  facet normal 0.579004 0.67798 -0.452877
    outer loop
      vertex -3.44591 -3.7643 -0.247213
      vertex -3.5127 -3.85623 -0.470228
      vertex -3.69799 -3.69799 -0.470228
    endloop
  endfacet
  facet normal 0.641488 0.751108 -0.155983
    outer loop
      vertex -3.58995 -3.58995 0
      vertex -3.4229 -3.73262 0
      vertex -3.61764 -3.61764 -0.247213
    endloop
  endfacet
  facet normal 0.641472 0.751125 -0.155962
    outer loop
      vertex -3.4229 -3.73262 0
      vertex -3.44591 -3.7643 -0.247213
      vertex -3.61764 -3.61764 -0.247213
    endloop
  endfacet
  facet normal 0.64147 0.751123 0.155982
    outer loop
      vertex -3.44591 -3.7643 0.247213
      vertex -3.58995 -3.58995 0
      vertex -3.61764 -3.61764 0.247213
    endloop
  endfacet
  facet normal 0.64149 0.75111 0.155962
    outer loop
      vertex -3.44591 -3.7643 0.247213
      vertex -3.4229 -3.73262 0
      vertex -3.58995 -3.58995 0
    endloop
  endfacet
  facet normal 0.579003 0.67798 0.452878
    outer loop
      vertex -3.5127 -3.85623 0.470228
      vertex -3.61764 -3.61764 0.247213
      vertex -3.69799 -3.69799 0.470228
    endloop
  endfacet
  facet normal 0.579005 0.677979 0.452877
    outer loop
      vertex -3.5127 -3.85623 0.470228
      vertex -3.44591 -3.7643 0.247213
      vertex -3.61764 -3.61764 0.247213
    endloop
  endfacet
  facet normal 0.459948 0.538536 0.705994
    outer loop
      vertex -3.61673 -3.99941 0.647213
      vertex -3.69799 -3.69799 0.470228
      vertex -3.82313 -3.82313 0.647213
    endloop
  endfacet
  facet normal 0.459919 0.538539 0.706011
    outer loop
      vertex -3.61673 -3.99941 0.647213
      vertex -3.5127 -3.85623 0.470228
      vertex -3.69799 -3.69799 0.470228
    endloop
  endfacet
  facet normal 0.29556 0.346056 0.890443
    outer loop
      vertex -3.74782 -4.17984 0.760845
      vertex -3.82313 -3.82313 0.647213
      vertex -3.98083 -3.98083 0.760845
    endloop
  endfacet
  facet normal 0.295555 0.346055 0.890445
    outer loop
      vertex -3.74782 -4.17984 0.760845
      vertex -3.61673 -3.99941 0.647213
      vertex -3.82313 -3.82313 0.647213
    endloop
  endfacet
  facet normal 0.101908 0.119311 0.987613
    outer loop
      vertex -3.89313 -4.37984 0.799999
      vertex -3.98083 -3.98083 0.760845
      vertex -4.15563 -4.15563 0.799999
    endloop
  endfacet
  facet normal 0.1019 0.11931 0.987614
    outer loop
      vertex -3.89313 -4.37984 0.799999
      vertex -3.74782 -4.17984 0.760845
      vertex -3.98083 -3.98083 0.760845
    endloop
  endfacet
  facet normal -0.1019 -0.119306 0.987615
    outer loop
      vertex -4.03844 -4.57984 0.760845
      vertex -4.15563 -4.15563 0.799999
      vertex -4.33044 -4.33044 0.760845
    endloop
  endfacet
  facet normal -0.101904 -0.119307 0.987614
    outer loop
      vertex -4.03844 -4.57984 0.760845
      vertex -3.89313 -4.37984 0.799999
      vertex -4.15563 -4.15563 0.799999
    endloop
  endfacet
  facet normal -0.295556 -0.34606 0.890443
    outer loop
      vertex -4.16952 -4.76026 0.647213
      vertex -4.33044 -4.33044 0.760845
      vertex -4.48814 -4.48814 0.647213
    endloop
  endfacet
  facet normal -0.295579 -0.346066 0.890433
    outer loop
      vertex -4.16952 -4.76026 0.647213
      vertex -4.03844 -4.57984 0.760845
      vertex -4.33044 -4.33044 0.760845
    endloop
  endfacet
  facet normal -0.459954 -0.538531 0.705994
    outer loop
      vertex -4.27355 -4.90344 0.470228
      vertex -4.48814 -4.48814 0.647213
      vertex -4.61328 -4.61328 0.470228
    endloop
  endfacet
  facet normal -0.459933 -0.538527 0.70601
    outer loop
      vertex -4.27355 -4.90344 0.470228
      vertex -4.16952 -4.76026 0.647213
      vertex -4.48814 -4.48814 0.647213
    endloop
  endfacet
  facet normal -0.579032 -0.677955 0.452879
    outer loop
      vertex -4.34034 -4.99537 0.247213
      vertex -4.61328 -4.61328 0.470228
      vertex -4.69363 -4.69363 0.247213
    endloop
  endfacet
  facet normal -0.579034 -0.677955 0.452876
    outer loop
      vertex -4.34034 -4.99537 0.247213
      vertex -4.27355 -4.90344 0.470228
      vertex -4.61328 -4.61328 0.470228
    endloop
  endfacet
  facet normal -0.641503 -0.751095 0.155983
    outer loop
      vertex -4.36336 -5.02705 0
      vertex -4.69363 -4.69363 0.247213
      vertex -4.72132 -4.72132 0
    endloop
  endfacet
  facet normal -0.6415 -0.751096 0.155987
    outer loop
      vertex -4.36336 -5.02705 0
      vertex -4.34034 -4.99537 0.247213
      vertex -4.69363 -4.69363 0.247213
    endloop
  endfacet
  facet normal -0.641501 -0.751096 -0.155983
    outer loop
      vertex -4.69363 -4.69363 -0.247213
      vertex -4.34034 -4.99537 -0.247213
      vertex -4.72132 -4.72132 0
    endloop
  endfacet
  facet normal -0.641502 -0.751095 -0.155987
    outer loop
      vertex -4.34034 -4.99537 -0.247213
      vertex -4.36336 -5.02705 0
      vertex -4.72132 -4.72132 0
    endloop
  endfacet
  facet normal -0.46586 -0.760182 -0.452877
    outer loop
      vertex -4.27355 -4.90344 -0.470228
      vertex -3.89261 -5.13689 -0.470228
      vertex -4.34034 -4.99537 -0.247213
    endloop
  endfacet
  facet normal -0.465852 -0.760205 -0.452847
    outer loop
      vertex -3.89261 -5.13689 -0.470228
      vertex -3.94419 -5.23813 -0.247213
      vertex -4.34034 -4.99537 -0.247213
    endloop
  endfacet
  facet normal -0.370036 -0.603842 -0.706009
    outer loop
      vertex -4.16952 -4.76026 -0.647213
      vertex -3.81226 -4.97919 -0.647213
      vertex -4.27355 -4.90344 -0.470228
    endloop
  endfacet
  facet normal -0.370039 -0.603823 -0.706023
    outer loop
      vertex -3.81226 -4.97919 -0.647213
      vertex -3.89261 -5.13689 -0.470228
      vertex -4.27355 -4.90344 -0.470228
    endloop
  endfacet
  facet normal -0.237788 -0.388053 -0.890434
    outer loop
      vertex -4.03844 -4.57984 -0.760845
      vertex -3.71101 -4.78048 -0.760845
      vertex -4.16952 -4.76026 -0.647213
    endloop
  endfacet
  facet normal -0.237789 -0.388035 -0.890441
    outer loop
      vertex -3.71101 -4.78048 -0.760845
      vertex -3.81226 -4.97919 -0.647213
      vertex -4.16952 -4.76026 -0.647213
    endloop
  endfacet
  facet normal -0.081979 -0.133783 -0.987614
    outer loop
      vertex -3.89313 -4.37984 -0.799999
      vertex -3.59878 -4.56021 -0.799999
      vertex -4.03844 -4.57984 -0.760845
    endloop
  endfacet
  facet normal -0.0819789 -0.133784 -0.987614
    outer loop
      vertex -3.59878 -4.56021 -0.799999
      vertex -3.71101 -4.78048 -0.760845
      vertex -4.03844 -4.57984 -0.760845
    endloop
  endfacet
  facet normal 0.0819792 0.133783 -0.987614
    outer loop
      vertex -3.74782 -4.17984 -0.760845
      vertex -3.48655 -4.33994 -0.760845
      vertex -3.89313 -4.37984 -0.799999
    endloop
  endfacet
  facet normal 0.0819791 0.133784 -0.987614
    outer loop
      vertex -3.48655 -4.33994 -0.760845
      vertex -3.59878 -4.56021 -0.799999
      vertex -3.89313 -4.37984 -0.799999
    endloop
  endfacet
  facet normal 0.237795 0.388021 -0.890446
    outer loop
      vertex -3.61673 -3.99941 -0.647213
      vertex -3.3853 -4.14124 -0.647213
      vertex -3.74782 -4.17984 -0.760845
    endloop
  endfacet
  facet normal 0.237788 0.388051 -0.890434
    outer loop
      vertex -3.3853 -4.14124 -0.647213
      vertex -3.48655 -4.33994 -0.760845
      vertex -3.74782 -4.17984 -0.760845
    endloop
  endfacet
  facet normal 0.370036 0.603842 -0.706009
    outer loop
      vertex -3.5127 -3.85623 -0.470228
      vertex -3.30495 -3.98354 -0.470228
      vertex -3.61673 -3.99941 -0.647213
    endloop
  endfacet
  facet normal 0.370046 0.603819 -0.706023
    outer loop
      vertex -3.30495 -3.98354 -0.470228
      vertex -3.3853 -4.14124 -0.647213
      vertex -3.61673 -3.99941 -0.647213
    endloop
  endfacet
  facet normal 0.465861 0.760182 -0.452877
    outer loop
      vertex -3.44591 -3.7643 -0.247213
      vertex -3.25336 -3.8823 -0.247213
      vertex -3.5127 -3.85623 -0.470228
    endloop
  endfacet
  facet normal 0.465851 0.760196 -0.452864
    outer loop
      vertex -3.25336 -3.8823 -0.247213
      vertex -3.30495 -3.98354 -0.470228
      vertex -3.5127 -3.85623 -0.470228
    endloop
  endfacet
  facet normal 0.516125 0.842193 -0.155966
    outer loop
      vertex -3.4229 -3.73262 0
      vertex -3.23559 -3.84741 0
      vertex -3.44591 -3.7643 -0.247213
    endloop
  endfacet
  facet normal 0.516121 0.842196 -0.155961
    outer loop
      vertex -3.23559 -3.84741 0
      vertex -3.25336 -3.8823 -0.247213
      vertex -3.44591 -3.7643 -0.247213
    endloop
  endfacet
  facet normal 0.516121 0.842196 0.155966
    outer loop
      vertex -3.25336 -3.8823 0.247213
      vertex -3.4229 -3.73262 0
      vertex -3.44591 -3.7643 0.247213
    endloop
  endfacet
  facet normal 0.516125 0.842194 0.155961
    outer loop
      vertex -3.25336 -3.8823 0.247213
      vertex -3.23559 -3.84741 0
      vertex -3.4229 -3.73262 0
    endloop
  endfacet
  facet normal 0.465847 0.76019 0.452876
    outer loop
      vertex -3.30495 -3.98354 0.470228
      vertex -3.44591 -3.7643 0.247213
      vertex -3.5127 -3.85623 0.470228
    endloop
  endfacet
  facet normal 0.465864 0.760188 0.452863
    outer loop
      vertex -3.30495 -3.98354 0.470228
      vertex -3.25336 -3.8823 0.247213
      vertex -3.44591 -3.7643 0.247213
    endloop
  endfacet
  facet normal 0.370053 0.603831 0.706009
    outer loop
      vertex -3.3853 -4.14124 0.647213
      vertex -3.5127 -3.85623 0.470228
      vertex -3.61673 -3.99941 0.647213
    endloop
  endfacet
  facet normal 0.370029 0.603829 0.706024
    outer loop
      vertex -3.3853 -4.14124 0.647213
      vertex -3.30495 -3.98354 0.470228
      vertex -3.5127 -3.85623 0.470228
    endloop
  endfacet
  facet normal 0.237777 0.388033 0.890445
    outer loop
      vertex -3.48655 -4.33994 0.760845
      vertex -3.61673 -3.99941 0.647213
      vertex -3.74782 -4.17984 0.760845
    endloop
  endfacet
  facet normal 0.237808 0.388041 0.890434
    outer loop
      vertex -3.48655 -4.33994 0.760845
      vertex -3.3853 -4.14124 0.647213
      vertex -3.61673 -3.99941 0.647213
    endloop
  endfacet
  facet normal 0.081979 0.133783 0.987614
    outer loop
      vertex -3.59878 -4.56021 0.799999
      vertex -3.74782 -4.17984 0.760845
      vertex -3.89313 -4.37984 0.799999
    endloop
  endfacet
  facet normal 0.0819793 0.133784 0.987614
    outer loop
      vertex -3.59878 -4.56021 0.799999
      vertex -3.48655 -4.33994 0.760845
      vertex -3.74782 -4.17984 0.760845
    endloop
  endfacet
  facet normal -0.0819788 -0.133783 0.987614
    outer loop
      vertex -3.71101 -4.78048 0.760845
      vertex -3.89313 -4.37984 0.799999
      vertex -4.03844 -4.57984 0.760845
    endloop
  endfacet
  facet normal -0.0819791 -0.133784 0.987614
    outer loop
      vertex -3.71101 -4.78048 0.760845
      vertex -3.59878 -4.56021 0.799999
      vertex -3.89313 -4.37984 0.799999
    endloop
  endfacet
  facet normal -0.237796 -0.388047 0.890434
    outer loop
      vertex -3.81226 -4.97919 0.647213
      vertex -4.03844 -4.57984 0.760845
      vertex -4.16952 -4.76026 0.647213
    endloop
  endfacet
  facet normal -0.23778 -0.38804 0.890441
    outer loop
      vertex -3.81226 -4.97919 0.647213
      vertex -3.71101 -4.78048 0.760845
      vertex -4.03844 -4.57984 0.760845
    endloop
  endfacet
  facet normal -0.370046 -0.603835 0.706009
    outer loop
      vertex -3.89261 -5.13689 0.470228
      vertex -4.16952 -4.76026 0.647213
      vertex -4.27355 -4.90344 0.470228
    endloop
  endfacet
  facet normal -0.370028 -0.603829 0.706024
    outer loop
      vertex -3.89261 -5.13689 0.470228
      vertex -3.81226 -4.97919 0.647213
      vertex -4.16952 -4.76026 0.647213
    endloop
  endfacet
  facet normal -0.465844 -0.760192 0.452876
    outer loop
      vertex -3.94419 -5.23813 0.247213
      vertex -4.27355 -4.90344 0.470228
      vertex -4.34034 -4.99537 0.247213
    endloop
  endfacet
  facet normal -0.465868 -0.760195 0.452847
    outer loop
      vertex -3.94419 -5.23813 0.247213
      vertex -3.89261 -5.13689 0.470228
      vertex -4.27355 -4.90344 0.470228
    endloop
  endfacet
  facet normal -0.5161 -0.842205 0.155986
    outer loop
      vertex -3.96197 -5.27302 0
      vertex -4.34034 -4.99537 0.247213
      vertex -4.36336 -5.02705 0
    endloop
  endfacet
  facet normal -0.516102 -0.842205 0.155982
    outer loop
      vertex -3.96197 -5.27302 0
      vertex -3.94419 -5.23813 0.247213
      vertex -4.34034 -4.99537 0.247213
    endloop
  endfacet
  facet normal -0.516101 -0.842204 -0.155986
    outer loop
      vertex -4.34034 -4.99537 -0.247213
      vertex -3.94419 -5.23813 -0.247213
      vertex -4.36336 -5.02705 0
    endloop
  endfacet
  facet normal -0.5161 -0.842206 -0.155982
    outer loop
      vertex -3.94419 -5.23813 -0.247213
      vertex -3.96197 -5.27302 0
      vertex -4.36336 -5.02705 0
    endloop
  endfacet
  facet normal -0.341187 -0.823723 -0.452849
    outer loop
      vertex -3.89261 -5.13689 -0.470228
      vertex -3.47984 -5.30786 -0.470228
      vertex -3.94419 -5.23813 -0.247213
    endloop
  endfacet
  facet normal -0.341196 -0.823706 -0.452872
    outer loop
      vertex -3.47984 -5.30786 -0.470228
      vertex -3.51495 -5.41593 -0.247213
      vertex -3.94419 -5.23813 -0.247213
    endloop
  endfacet
  facet normal -0.271017 -0.654277 -0.706025
    outer loop
      vertex -3.81226 -4.97919 -0.647213
      vertex -3.42515 -5.13954 -0.647213
      vertex -3.89261 -5.13689 -0.470228
    endloop
  endfacet
  facet normal -0.271011 -0.654297 -0.706009
    outer loop
      vertex -3.42515 -5.13954 -0.647213
      vertex -3.47984 -5.30786 -0.470228
      vertex -3.89261 -5.13689 -0.470228
    endloop
  endfacet
  facet normal -0.174164 -0.420454 -0.890441
    outer loop
      vertex -3.71101 -4.78048 -0.760845
      vertex -3.35623 -4.92744 -0.760845
      vertex -3.81226 -4.97919 -0.647213
    endloop
  endfacet
  facet normal -0.174163 -0.420458 -0.890439
    outer loop
      vertex -3.35623 -4.92744 -0.760845
      vertex -3.42515 -5.13954 -0.647213
      vertex -3.81226 -4.97919 -0.647213
    endloop
  endfacet
  facet normal -0.0600445 -0.14496 -0.987614
    outer loop
      vertex -3.59878 -4.56021 -0.799999
      vertex -3.27984 -4.69232 -0.799999
      vertex -3.71101 -4.78048 -0.760845
    endloop
  endfacet
  facet normal -0.0600452 -0.144957 -0.987614
    outer loop
      vertex -3.27984 -4.69232 -0.799999
      vertex -3.35623 -4.92744 -0.760845
      vertex -3.71101 -4.78048 -0.760845
    endloop
  endfacet
  facet normal 0.0600451 0.144959 -0.987614
    outer loop
      vertex -3.48655 -4.33994 -0.760845
      vertex -3.20344 -4.45721 -0.760845
      vertex -3.59878 -4.56021 -0.799999
    endloop
  endfacet
  facet normal 0.0600448 0.14496 -0.987614
    outer loop
      vertex -3.20344 -4.45721 -0.760845
      vertex -3.27984 -4.69232 -0.799999
      vertex -3.59878 -4.56021 -0.799999
    endloop
  endfacet
  facet normal 0.174161 0.420472 -0.890433
    outer loop
      vertex -3.3853 -4.14124 -0.647213
      vertex -3.13453 -4.24511 -0.647213
      vertex -3.48655 -4.33994 -0.760845
    endloop
  endfacet
  facet normal 0.174165 0.420464 -0.890436
    outer loop
      vertex -3.13453 -4.24511 -0.647213
      vertex -3.20344 -4.45721 -0.760845
      vertex -3.48655 -4.33994 -0.760845
    endloop
  endfacet
  facet normal 0.271027 0.654273 -0.706025
    outer loop
      vertex -3.30495 -3.98354 -0.470228
      vertex -3.07984 -4.07679 -0.470228
      vertex -3.3853 -4.14124 -0.647213
    endloop
  endfacet
  facet normal 0.271013 0.654297 -0.706008
    outer loop
      vertex -3.07984 -4.07679 -0.470228
      vertex -3.13453 -4.24511 -0.647213
      vertex -3.3853 -4.14124 -0.647213
    endloop
  endfacet
  facet normal 0.341188 0.823716 -0.452861
    outer loop
      vertex -3.25336 -3.8823 -0.247213
      vertex -3.04472 -3.96872 -0.247213
      vertex -3.30495 -3.98354 -0.470228
    endloop
  endfacet
  facet normal 0.341209 0.823695 -0.452884
    outer loop
      vertex -3.04472 -3.96872 -0.247213
      vertex -3.07984 -4.07679 -0.470228
      vertex -3.30495 -3.98354 -0.470228
    endloop
  endfacet
  facet normal 0.377989 0.912578 -0.155966
    outer loop
      vertex -3.23559 -3.84741 0
      vertex -3.03262 -3.93148 0
      vertex -3.25336 -3.8823 -0.247213
    endloop
  endfacet
  facet normal 0.377994 0.912575 -0.155971
    outer loop
      vertex -3.03262 -3.93148 0
      vertex -3.04472 -3.96872 -0.247213
      vertex -3.25336 -3.8823 -0.247213
    endloop
  endfacet
  facet normal 0.377995 0.912576 0.155966
    outer loop
      vertex -3.04472 -3.96872 0.247213
      vertex -3.23559 -3.84741 0
      vertex -3.25336 -3.8823 0.247213
    endloop
  endfacet
  facet normal 0.377989 0.912577 0.155971
    outer loop
      vertex -3.04472 -3.96872 0.247213
      vertex -3.03262 -3.93148 0
      vertex -3.23559 -3.84741 0
    endloop
  endfacet
  facet normal 0.341213 0.823705 0.452862
    outer loop
      vertex -3.07984 -4.07679 0.470228
      vertex -3.25336 -3.8823 0.247213
      vertex -3.30495 -3.98354 0.470228
    endloop
  endfacet
  facet normal 0.341184 0.823704 0.452885
    outer loop
      vertex -3.07984 -4.07679 0.470228
      vertex -3.04472 -3.96872 0.247213
      vertex -3.25336 -3.8823 0.247213
    endloop
  endfacet
  facet normal 0.271007 0.654282 0.706024
    outer loop
      vertex -3.13453 -4.24511 0.647213
      vertex -3.30495 -3.98354 0.470228
      vertex -3.3853 -4.14124 0.647213
    endloop
  endfacet
  facet normal 0.271034 0.654289 0.706008
    outer loop
      vertex -3.13453 -4.24511 0.647213
      vertex -3.07984 -4.07679 0.470228
      vertex -3.30495 -3.98354 0.470228
    endloop
  endfacet
  facet normal 0.174167 0.420469 0.890433
    outer loop
      vertex -3.20344 -4.45721 0.760845
      vertex -3.3853 -4.14124 0.647213
      vertex -3.48655 -4.33994 0.760845
    endloop
  endfacet
  facet normal 0.174159 0.420466 0.890437
    outer loop
      vertex -3.20344 -4.45721 0.760845
      vertex -3.13453 -4.24511 0.647213
      vertex -3.3853 -4.14124 0.647213
    endloop
  endfacet
  facet normal 0.0600445 0.14496 0.987614
    outer loop
      vertex -3.27984 -4.69232 0.799999
      vertex -3.48655 -4.33994 0.760845
      vertex -3.59878 -4.56021 0.799999
    endloop
  endfacet
  facet normal 0.0600454 0.14496 0.987614
    outer loop
      vertex -3.27984 -4.69232 0.799999
      vertex -3.20344 -4.45721 0.760845
      vertex -3.48655 -4.33994 0.760845
    endloop
  endfacet
  facet normal -0.0600461 -0.144959 0.987614
    outer loop
      vertex -3.35623 -4.92744 0.760845
      vertex -3.59878 -4.56021 0.799999
      vertex -3.71101 -4.78048 0.760845
    endloop
  endfacet
  facet normal -0.0600436 -0.144957 0.987614
    outer loop
      vertex -3.35623 -4.92744 0.760845
      vertex -3.27984 -4.69232 0.799999
      vertex -3.59878 -4.56021 0.799999
    endloop
  endfacet
  facet normal -0.174162 -0.420455 0.890441
    outer loop
      vertex -3.42515 -5.13954 0.647213
      vertex -3.71101 -4.78048 0.760845
      vertex -3.81226 -4.97919 0.647213
    endloop
  endfacet
  facet normal -0.174165 -0.420457 0.890439
    outer loop
      vertex -3.42515 -5.13954 0.647213
      vertex -3.35623 -4.92744 0.760845
      vertex -3.71101 -4.78048 0.760845
    endloop
  endfacet
  facet normal -0.271005 -0.654283 0.706024
    outer loop
      vertex -3.47984 -5.30786 0.470228
      vertex -3.81226 -4.97919 0.647213
      vertex -3.89261 -5.13689 0.470228
    endloop
  endfacet
  facet normal -0.271023 -0.654293 0.706008
    outer loop
      vertex -3.47984 -5.30786 0.470228
      vertex -3.42515 -5.13954 0.647213
      vertex -3.81226 -4.97919 0.647213
    endloop
  endfacet
  facet normal -0.3412 -0.823717 0.452849
    outer loop
      vertex -3.51495 -5.41593 0.247213
      vertex -3.89261 -5.13689 0.470228
      vertex -3.94419 -5.23813 0.247213
    endloop
  endfacet
  facet normal -0.341183 -0.823712 0.452873
    outer loop
      vertex -3.51495 -5.41593 0.247213
      vertex -3.47984 -5.30786 0.470228
      vertex -3.89261 -5.13689 0.470228
    endloop
  endfacet
  facet normal -0.378 -0.912571 0.155981
    outer loop
      vertex -3.52705 -5.45317 0
      vertex -3.94419 -5.23813 0.247213
      vertex -3.96197 -5.27302 0
    endloop
  endfacet
  facet normal -0.378005 -0.912571 0.155971
    outer loop
      vertex -3.52705 -5.45317 0
      vertex -3.51495 -5.41593 0.247213
      vertex -3.94419 -5.23813 0.247213
    endloop
  endfacet
  facet normal -0.378005 -0.912569 -0.155981
    outer loop
      vertex -3.94419 -5.23813 -0.247213
      vertex -3.51495 -5.41593 -0.247213
      vertex -3.96197 -5.27302 0
    endloop
  endfacet
  facet normal -0.378 -0.912573 -0.155971
    outer loop
      vertex -3.51495 -5.41593 -0.247213
      vertex -3.52705 -5.45317 0
      vertex -3.96197 -5.27302 0
    endloop
  endfacet
  facet normal -0.208134 -0.86694 -0.452874
    outer loop
      vertex -3.47984 -5.30786 -0.470228
      vertex -3.0454 -5.41216 -0.470228
      vertex -3.51495 -5.41593 -0.247213
    endloop
  endfacet
  facet normal -0.208133 -0.866941 -0.452873
    outer loop
      vertex -3.0454 -5.41216 -0.470228
      vertex -3.06318 -5.52439 -0.247213
      vertex -3.51495 -5.41593 -0.247213
    endloop
  endfacet
  facet normal -0.165318 -0.688638 -0.706008
    outer loop
      vertex -3.42515 -5.13954 -0.647213
      vertex -3.01772 -5.23735 -0.647213
      vertex -3.47984 -5.30786 -0.470228
    endloop
  endfacet
  facet normal -0.165325 -0.688625 -0.706019
    outer loop
      vertex -3.01772 -5.23735 -0.647213
      vertex -3.0454 -5.41216 -0.470228
      vertex -3.47984 -5.30786 -0.470228
    endloop
  endfacet
  facet normal -0.106236 -0.44253 -0.890439
    outer loop
      vertex -3.35623 -4.92744 -0.760845
      vertex -2.98283 -5.01708 -0.760845
      vertex -3.42515 -5.13954 -0.647213
    endloop
  endfacet
  facet normal -0.106236 -0.442529 -0.890439
    outer loop
      vertex -2.98283 -5.01708 -0.760845
      vertex -3.01772 -5.23735 -0.647213
      vertex -3.42515 -5.13954 -0.647213
    endloop
  endfacet
  facet normal -0.0366278 -0.152565 -0.987614
    outer loop
      vertex -3.27984 -4.69232 -0.799999
      vertex -2.94416 -4.77291 -0.799999
      vertex -3.35623 -4.92744 -0.760845
    endloop
  endfacet
  facet normal -0.0366263 -0.152569 -0.987614
    outer loop
      vertex -2.94416 -4.77291 -0.799999
      vertex -2.98283 -5.01708 -0.760845
      vertex -3.35623 -4.92744 -0.760845
    endloop
  endfacet
  facet normal 0.0366268 0.15257 -0.987614
    outer loop
      vertex -3.20344 -4.45721 -0.760845
      vertex -2.90548 -4.52874 -0.760845
      vertex -3.27984 -4.69232 -0.799999
    endloop
  endfacet
  facet normal 0.0366282 0.152567 -0.987614
    outer loop
      vertex -2.90548 -4.52874 -0.760845
      vertex -2.94416 -4.77291 -0.799999
      vertex -3.27984 -4.69232 -0.799999
    endloop
  endfacet
  facet normal 0.106232 0.442535 -0.890437
    outer loop
      vertex -3.13453 -4.24511 -0.647213
      vertex -2.87059 -4.30847 -0.647213
      vertex -3.20344 -4.45721 -0.760845
    endloop
  endfacet
  facet normal 0.106236 0.442529 -0.890439
    outer loop
      vertex -2.87059 -4.30847 -0.647213
      vertex -2.90548 -4.52874 -0.760845
      vertex -3.20344 -4.45721 -0.760845
    endloop
  endfacet
  facet normal 0.165322 0.688637 -0.706008
    outer loop
      vertex -3.07984 -4.07679 -0.470228
      vertex -2.84291 -4.13367 -0.470228
      vertex -3.13453 -4.24511 -0.647213
    endloop
  endfacet
  facet normal 0.165313 0.688647 -0.706
    outer loop
      vertex -2.84291 -4.13367 -0.470228
      vertex -2.87059 -4.30847 -0.647213
      vertex -3.13453 -4.24511 -0.647213
    endloop
  endfacet
  facet normal 0.208137 0.866935 -0.452882
    outer loop
      vertex -3.04472 -3.96872 -0.247213
      vertex -2.82513 -4.02144 -0.247213
      vertex -3.07984 -4.07679 -0.470228
    endloop
  endfacet
  facet normal 0.208128 0.866942 -0.452873
    outer loop
      vertex -2.82513 -4.02144 -0.247213
      vertex -2.84291 -4.13367 -0.470228
      vertex -3.07984 -4.07679 -0.470228
    endloop
  endfacet
  facet normal 0.230575 0.960473 -0.155971
    outer loop
      vertex -3.03262 -3.93148 0
      vertex -2.81901 -3.98276 0
      vertex -3.04472 -3.96872 -0.247213
    endloop
  endfacet
  facet normal 0.230592 0.960466 -0.155987
    outer loop
      vertex -2.81901 -3.98276 0
      vertex -2.82513 -4.02144 -0.247213
      vertex -3.04472 -3.96872 -0.247213
    endloop
  endfacet
  facet normal 0.230593 0.960469 0.155971
    outer loop
      vertex -2.82513 -4.02144 0.247213
      vertex -3.03262 -3.93148 0
      vertex -3.04472 -3.96872 0.247213
    endloop
  endfacet
  facet normal 0.230574 0.96047 0.155987
    outer loop
      vertex -2.82513 -4.02144 0.247213
      vertex -2.81901 -3.98276 0
      vertex -3.03262 -3.93148 0
    endloop
  endfacet
  facet normal 0.208127 0.866938 0.452882
    outer loop
      vertex -2.84291 -4.13367 0.470228
      vertex -3.04472 -3.96872 0.247213
      vertex -3.07984 -4.07679 0.470228
    endloop
  endfacet
  facet normal 0.208138 0.86694 0.452873
    outer loop
      vertex -2.84291 -4.13367 0.470228
      vertex -2.82513 -4.02144 0.247213
      vertex -3.04472 -3.96872 0.247213
    endloop
  endfacet
  facet normal 0.165311 0.68864 0.706008
    outer loop
      vertex -2.87059 -4.30847 0.647213
      vertex -3.07984 -4.07679 0.470228
      vertex -3.13453 -4.24511 0.647213
    endloop
  endfacet
  facet normal 0.165324 0.688645 0.706
    outer loop
      vertex -2.87059 -4.30847 0.647213
      vertex -2.84291 -4.13367 0.470228
      vertex -3.07984 -4.07679 0.470228
    endloop
  endfacet
  facet normal 0.106237 0.442533 0.890437
    outer loop
      vertex -2.90548 -4.52874 0.760845
      vertex -3.13453 -4.24511 0.647213
      vertex -3.20344 -4.45721 0.760845
    endloop
  endfacet
  facet normal 0.106231 0.44253 0.890439
    outer loop
      vertex -2.90548 -4.52874 0.760845
      vertex -2.87059 -4.30847 0.647213
      vertex -3.13453 -4.24511 0.647213
    endloop
  endfacet
  facet normal 0.0366288 0.152569 0.987614
    outer loop
      vertex -2.94416 -4.77291 0.799999
      vertex -3.20344 -4.45721 0.760845
      vertex -3.27984 -4.69232 0.799999
    endloop
  endfacet
  facet normal 0.0366262 0.152567 0.987614
    outer loop
      vertex -2.94416 -4.77291 0.799999
      vertex -2.90548 -4.52874 0.760845
      vertex -3.20344 -4.45721 0.760845
    endloop
  endfacet
  facet normal -0.0366256 -0.152566 0.987614
    outer loop
      vertex -2.98283 -5.01708 0.760845
      vertex -3.27984 -4.69232 0.799999
      vertex -3.35623 -4.92744 0.760845
    endloop
  endfacet
  facet normal -0.0366286 -0.152568 0.987614
    outer loop
      vertex -2.98283 -5.01708 0.760845
      vertex -2.94416 -4.77291 0.799999
      vertex -3.27984 -4.69232 0.799999
    endloop
  endfacet
  facet normal -0.106236 -0.44253 0.890439
    outer loop
      vertex -3.01772 -5.23735 0.647213
      vertex -3.35623 -4.92744 0.760845
      vertex -3.42515 -5.13954 0.647213
    endloop
  endfacet
  facet normal -0.106235 -0.442529 0.890439
    outer loop
      vertex -3.01772 -5.23735 0.647213
      vertex -2.98283 -5.01708 0.760845
      vertex -3.35623 -4.92744 0.760845
    endloop
  endfacet
  facet normal -0.165327 -0.688636 0.706008
    outer loop
      vertex -3.0454 -5.41216 0.470228
      vertex -3.42515 -5.13954 0.647213
      vertex -3.47984 -5.30786 0.470228
    endloop
  endfacet
  facet normal -0.165316 -0.688627 0.706019
    outer loop
      vertex -3.0454 -5.41216 0.470228
      vertex -3.01772 -5.23735 0.647213
      vertex -3.42515 -5.13954 0.647213
    endloop
  endfacet
  facet normal -0.208133 -0.86694 0.452874
    outer loop
      vertex -3.06318 -5.52439 0.247213
      vertex -3.47984 -5.30786 0.470228
      vertex -3.51495 -5.41593 0.247213
    endloop
  endfacet
  facet normal -0.208134 -0.866941 0.452873
    outer loop
      vertex -3.06318 -5.52439 0.247213
      vertex -3.0454 -5.41216 0.470228
      vertex -3.47984 -5.30786 0.470228
    endloop
  endfacet
  facet normal -0.230576 -0.960473 0.155971
    outer loop
      vertex -3.0693 -5.56306 0
      vertex -3.51495 -5.41593 0.247213
      vertex -3.52705 -5.45317 0
    endloop
  endfacet
  facet normal -0.230588 -0.960473 0.155949
    outer loop
      vertex -3.0693 -5.56306 0
      vertex -3.06318 -5.52439 0.247213
      vertex -3.51495 -5.41593 0.247213
    endloop
  endfacet
  facet normal -0.230588 -0.96047 -0.155971
    outer loop
      vertex -3.51495 -5.41593 -0.247213
      vertex -3.06318 -5.52439 -0.247213
      vertex -3.52705 -5.45317 0
    endloop
  endfacet
  facet normal -0.230577 -0.960476 -0.155949
    outer loop
      vertex -3.06318 -5.52439 -0.247213
      vertex -3.0693 -5.56306 0
      vertex -3.52705 -5.45317 0
    endloop
  endfacet
  facet normal -0.0699449 -0.888829 -0.45287
    outer loop
      vertex -3.0454 -5.41216 -0.470228
      vertex -2.6 -5.44721 -0.470228
      vertex -3.06318 -5.52439 -0.247213
    endloop
  endfacet
  facet normal -0.0699463 -0.888827 -0.452873
    outer loop
      vertex -2.6 -5.44721 -0.470228
      vertex -2.6 -5.56084 -0.247213
      vertex -3.06318 -5.52439 -0.247213
    endloop
  endfacet
  facet normal -0.0555719 -0.706007 -0.706022
    outer loop
      vertex -3.01772 -5.23735 -0.647213
      vertex -2.6 -5.27023 -0.647213
      vertex -3.0454 -5.41216 -0.470228
    endloop
  endfacet
  facet normal -0.0555594 -0.706025 -0.706005
    outer loop
      vertex -2.6 -5.27023 -0.647213
      vertex -2.6 -5.44721 -0.470228
      vertex -3.0454 -5.41216 -0.470228
    endloop
  endfacet
  facet normal -0.0357077 -0.4537 -0.890439
    outer loop
      vertex -2.98283 -5.01708 -0.760845
      vertex -2.6 -5.04721 -0.760845
      vertex -3.01772 -5.23735 -0.647213
    endloop
  endfacet
  facet normal -0.0357116 -0.453693 -0.890442
    outer loop
      vertex -2.6 -5.04721 -0.760845
      vertex -2.6 -5.27023 -0.647213
      vertex -3.01772 -5.23735 -0.647213
    endloop
  endfacet
  facet normal -0.0123123 -0.156419 -0.987614
    outer loop
      vertex -2.94416 -4.77291 -0.799999
      vertex -2.6 -4.8 -0.799999
      vertex -2.98283 -5.01708 -0.760845
    endloop
  endfacet
  facet normal -0.0123109 -0.156422 -0.987614
    outer loop
      vertex -2.6 -4.8 -0.799999
      vertex -2.6 -5.04721 -0.760845
      vertex -2.98283 -5.01708 -0.760845
    endloop
  endfacet
  facet normal 0.0123146 0.156419 -0.987614
    outer loop
      vertex -2.90548 -4.52874 -0.760845
      vertex -2.6 -4.55279 -0.760845
      vertex -2.94416 -4.77291 -0.799999
    endloop
  endfacet
  facet normal 0.0123125 0.156422 -0.987614
    outer loop
      vertex -2.6 -4.55279 -0.760845
      vertex -2.6 -4.8 -0.799999
      vertex -2.94416 -4.77291 -0.799999
    endloop
  endfacet
  facet normal 0.0357138 0.453699 -0.890439
    outer loop
      vertex -2.87059 -4.30847 -0.647213
      vertex -2.6 -4.32977 -0.647213
      vertex -2.90548 -4.52874 -0.760845
    endloop
  endfacet
  facet normal 0.0357186 0.453693 -0.890442
    outer loop
      vertex -2.6 -4.32977 -0.647213
      vertex -2.6 -4.55279 -0.760845
      vertex -2.90548 -4.52874 -0.760845
    endloop
  endfacet
  facet normal 0.055573 0.706026 -0.706002
    outer loop
      vertex -2.84291 -4.13367 -0.470228
      vertex -2.6 -4.15279 -0.470228
      vertex -2.87059 -4.30847 -0.647213
    endloop
  endfacet
  facet normal 0.055576 0.706024 -0.706004
    outer loop
      vertex -2.6 -4.15279 -0.470228
      vertex -2.6 -4.32977 -0.647213
      vertex -2.87059 -4.30847 -0.647213
    endloop
  endfacet
  facet normal 0.0699205 0.888831 -0.452869
    outer loop
      vertex -2.82513 -4.02144 -0.247213
      vertex -2.6 -4.03915 -0.247213
      vertex -2.84291 -4.13367 -0.470228
    endloop
  endfacet
  facet normal 0.0699603 0.88881 -0.452904
    outer loop
      vertex -2.6 -4.03915 -0.247213
      vertex -2.6 -4.15279 -0.470228
      vertex -2.84291 -4.13367 -0.470228
    endloop
  endfacet
  facet normal 0.0775144 0.984712 -0.155991
    outer loop
      vertex -2.81901 -3.98276 0
      vertex -2.6 -4 0
      vertex -2.82513 -4.02144 -0.247213
    endloop
  endfacet
  facet normal 0.0774639 0.984723 -0.155946
    outer loop
      vertex -2.6 -4 0
      vertex -2.6 -4.03915 -0.247213
      vertex -2.82513 -4.02144 -0.247213
    endloop
  endfacet
  facet normal 0.0774634 0.984716 0.155991
    outer loop
      vertex -2.6 -4.03915 0.247213
      vertex -2.81901 -3.98276 0
      vertex -2.82513 -4.02144 0.247213
    endloop
  endfacet
  facet normal 0.077515 0.984719 0.155946
    outer loop
      vertex -2.6 -4.03915 0.247213
      vertex -2.6 -4 0
      vertex -2.81901 -3.98276 0
    endloop
  endfacet
  facet normal 0.0699616 0.888827 0.452871
    outer loop
      vertex -2.6 -4.15279 0.470228
      vertex -2.82513 -4.02144 0.247213
      vertex -2.84291 -4.13367 0.470228
    endloop
  endfacet
  facet normal 0.069919 0.888813 0.452905
    outer loop
      vertex -2.6 -4.15279 0.470228
      vertex -2.6 -4.03915 0.247213
      vertex -2.82513 -4.02144 0.247213
    endloop
  endfacet
  facet normal 0.0555762 0.706026 0.706002
    outer loop
      vertex -2.6 -4.32977 0.647213
      vertex -2.84291 -4.13367 0.470228
      vertex -2.87059 -4.30847 0.647213
    endloop
  endfacet
  facet normal 0.0555728 0.706024 0.706004
    outer loop
      vertex -2.6 -4.32977 0.647213
      vertex -2.6 -4.15279 0.470228
      vertex -2.84291 -4.13367 0.470228
    endloop
  endfacet
  facet normal 0.035719 0.453698 0.890439
    outer loop
      vertex -2.6 -4.55279 0.760845
      vertex -2.87059 -4.30847 0.647213
      vertex -2.90548 -4.52874 0.760845
    endloop
  endfacet
  facet normal 0.0357133 0.453693 0.890442
    outer loop
      vertex -2.6 -4.55279 0.760845
      vertex -2.6 -4.32977 0.647213
      vertex -2.87059 -4.30847 0.647213
    endloop
  endfacet
  facet normal 0.0123123 0.156419 0.987614
    outer loop
      vertex -2.6 -4.8 0.799999
      vertex -2.90548 -4.52874 0.760845
      vertex -2.94416 -4.77291 0.799999
    endloop
  endfacet
  facet normal 0.0123149 0.156422 0.987614
    outer loop
      vertex -2.6 -4.8 0.799999
      vertex -2.6 -4.55279 0.760845
      vertex -2.90548 -4.52874 0.760845
    endloop
  endfacet
  facet normal -0.0123107 -0.15642 0.987614
    outer loop
      vertex -2.6 -5.04721 0.760845
      vertex -2.94416 -4.77291 0.799999
      vertex -2.98283 -5.01708 0.760845
    endloop
  endfacet
  facet normal -0.0123125 -0.156422 0.987614
    outer loop
      vertex -2.6 -5.04721 0.760845
      vertex -2.6 -4.8 0.799999
      vertex -2.94416 -4.77291 0.799999
    endloop
  endfacet
  facet normal -0.035712 -0.453699 0.890439
    outer loop
      vertex -2.6 -5.27023 0.647213
      vertex -2.98283 -5.01708 0.760845
      vertex -3.01772 -5.23735 0.647213
    endloop
  endfacet
  facet normal -0.0357072 -0.453693 0.890442
    outer loop
      vertex -2.6 -5.27023 0.647213
      vertex -2.6 -5.04721 0.760845
      vertex -2.98283 -5.01708 0.760845
    endloop
  endfacet
  facet normal -0.0555581 -0.706008 0.706021
    outer loop
      vertex -2.6 -5.44721 0.470228
      vertex -3.01772 -5.23735 0.647213
      vertex -3.0454 -5.41216 0.470228
    endloop
  endfacet
  facet normal -0.0555733 -0.706024 0.706004
    outer loop
      vertex -2.6 -5.44721 0.470228
      vertex -2.6 -5.27023 0.647213
      vertex -3.01772 -5.23735 0.647213
    endloop
  endfacet
  facet normal -0.0699465 -0.888828 0.45287
    outer loop
      vertex -2.6 -5.56084 0.247213
      vertex -3.0454 -5.41216 0.470228
      vertex -3.06318 -5.52439 0.247213
    endloop
  endfacet
  facet normal -0.0699448 -0.888827 0.452873
    outer loop
      vertex -2.6 -5.56084 0.247213
      vertex -2.6 -5.44721 0.470228
      vertex -3.0454 -5.41216 0.470228
    endloop
  endfacet
  facet normal -0.0775101 -0.984719 0.155952
    outer loop
      vertex -2.6 -5.6 0
      vertex -3.06318 -5.52439 0.247213
      vertex -3.0693 -5.56306 0
    endloop
  endfacet
  facet normal -0.0774923 -0.984715 0.155985
    outer loop
      vertex -2.6 -5.6 0
      vertex -2.6 -5.56084 0.247213
      vertex -3.06318 -5.52439 0.247213
    endloop
  endfacet
  facet normal -0.0774927 -0.98472 -0.155952
    outer loop
      vertex -3.06318 -5.52439 -0.247213
      vertex -2.6 -5.56084 -0.247213
      vertex -3.0693 -5.56306 0
    endloop
  endfacet
  facet normal -0.0775097 -0.984714 -0.155984
    outer loop
      vertex -2.6 -5.56084 -0.247213
      vertex -2.6 -5.6 0
      vertex -3.0693 -5.56306 0
    endloop
  endfacet
  facet normal -0.0699448 0.888827 -0.452873
    outer loop
      vertex -2.6 5.56084 -0.247213
      vertex -2.6 5.44721 -0.470228
      vertex -3.0454 5.41216 -0.470228
    endloop
  endfacet
  facet normal -0.0699465 0.888828 -0.45287
    outer loop
      vertex -2.6 5.56084 -0.247213
      vertex -3.0454 5.41216 -0.470228
      vertex -3.06318 5.52439 -0.247213
    endloop
  endfacet
  facet normal -0.0555733 0.706024 -0.706004
    outer loop
      vertex -2.6 5.44721 -0.470228
      vertex -2.6 5.27023 -0.647213
      vertex -3.01772 5.23735 -0.647213
    endloop
  endfacet
  facet normal -0.0555581 0.706008 -0.706021
    outer loop
      vertex -2.6 5.44721 -0.470228
      vertex -3.01772 5.23735 -0.647213
      vertex -3.0454 5.41216 -0.470228
    endloop
  endfacet
  facet normal -0.0357072 0.453693 -0.890442
    outer loop
      vertex -2.6 5.27023 -0.647213
      vertex -2.6 5.04721 -0.760845
      vertex -2.98283 5.01708 -0.760845
    endloop
  endfacet
  facet normal -0.035712 0.453699 -0.890439
    outer loop
      vertex -2.6 5.27023 -0.647213
      vertex -2.98283 5.01708 -0.760845
      vertex -3.01772 5.23735 -0.647213
    endloop
  endfacet
  facet normal -0.0123125 0.156422 -0.987614
    outer loop
      vertex -2.6 5.04721 -0.760845
      vertex -2.6 4.8 -0.799999
      vertex -2.94416 4.77291 -0.799999
    endloop
  endfacet
  facet normal -0.0123107 0.15642 -0.987614
    outer loop
      vertex -2.6 5.04721 -0.760845
      vertex -2.94416 4.77291 -0.799999
      vertex -2.98283 5.01708 -0.760845
    endloop
  endfacet
  facet normal 0.0123149 -0.156422 -0.987614
    outer loop
      vertex -2.6 4.8 -0.799999
      vertex -2.6 4.55279 -0.760845
      vertex -2.90548 4.52874 -0.760845
    endloop
  endfacet
  facet normal 0.0123123 -0.156419 -0.987614
    outer loop
      vertex -2.6 4.8 -0.799999
      vertex -2.90548 4.52874 -0.760845
      vertex -2.94416 4.77291 -0.799999
    endloop
  endfacet
  facet normal 0.0357133 -0.453693 -0.890442
    outer loop
      vertex -2.6 4.55279 -0.760845
      vertex -2.6 4.32977 -0.647213
      vertex -2.87059 4.30847 -0.647213
    endloop
  endfacet
  facet normal 0.035719 -0.453698 -0.890439
    outer loop
      vertex -2.6 4.55279 -0.760845
      vertex -2.87059 4.30847 -0.647213
      vertex -2.90548 4.52874 -0.760845
    endloop
  endfacet
  facet normal 0.0555728 -0.706024 -0.706004
    outer loop
      vertex -2.6 4.32977 -0.647213
      vertex -2.6 4.15279 -0.470228
      vertex -2.84291 4.13367 -0.470228
    endloop
  endfacet
  facet normal 0.0555762 -0.706026 -0.706002
    outer loop
      vertex -2.6 4.32977 -0.647213
      vertex -2.84291 4.13367 -0.470228
      vertex -2.87059 4.30847 -0.647213
    endloop
  endfacet
  facet normal 0.069919 -0.888813 -0.452905
    outer loop
      vertex -2.6 4.15279 -0.470228
      vertex -2.6 4.03915 -0.247213
      vertex -2.82513 4.02144 -0.247213
    endloop
  endfacet
  facet normal 0.0699616 -0.888827 -0.452871
    outer loop
      vertex -2.6 4.15279 -0.470228
      vertex -2.82513 4.02144 -0.247213
      vertex -2.84291 4.13367 -0.470228
    endloop
  endfacet
  facet normal 0.077515 -0.984719 -0.155946
    outer loop
      vertex -2.6 4.03915 -0.247213
      vertex -2.6 4 0
      vertex -2.81901 3.98276 0
    endloop
  endfacet
  facet normal 0.0774634 -0.984716 -0.155991
    outer loop
      vertex -2.6 4.03915 -0.247213
      vertex -2.81901 3.98276 0
      vertex -2.82513 4.02144 -0.247213
    endloop
  endfacet
  facet normal 0.0774639 -0.984723 0.155946
    outer loop
      vertex -2.6 4 0
      vertex -2.6 4.03915 0.247213
      vertex -2.82513 4.02144 0.247213
    endloop
  endfacet
  facet normal 0.0775144 -0.984712 0.155991
    outer loop
      vertex -2.81901 3.98276 0
      vertex -2.6 4 0
      vertex -2.82513 4.02144 0.247213
    endloop
  endfacet
  facet normal 0.0699603 -0.88881 0.452904
    outer loop
      vertex -2.6 4.03915 0.247213
      vertex -2.6 4.15279 0.470228
      vertex -2.84291 4.13367 0.470228
    endloop
  endfacet
  facet normal 0.0699205 -0.888831 0.452869
    outer loop
      vertex -2.82513 4.02144 0.247213
      vertex -2.6 4.03915 0.247213
      vertex -2.84291 4.13367 0.470228
    endloop
  endfacet
  facet normal 0.055576 -0.706024 0.706004
    outer loop
      vertex -2.6 4.15279 0.470228
      vertex -2.6 4.32977 0.647213
      vertex -2.87059 4.30847 0.647213
    endloop
  endfacet
  facet normal 0.055573 -0.706026 0.706002
    outer loop
      vertex -2.84291 4.13367 0.470228
      vertex -2.6 4.15279 0.470228
      vertex -2.87059 4.30847 0.647213
    endloop
  endfacet
  facet normal 0.0357186 -0.453693 0.890442
    outer loop
      vertex -2.6 4.32977 0.647213
      vertex -2.6 4.55279 0.760845
      vertex -2.90548 4.52874 0.760845
    endloop
  endfacet
  facet normal 0.0357138 -0.453699 0.890439
    outer loop
      vertex -2.87059 4.30847 0.647213
      vertex -2.6 4.32977 0.647213
      vertex -2.90548 4.52874 0.760845
    endloop
  endfacet
  facet normal 0.0123125 -0.156422 0.987614
    outer loop
      vertex -2.6 4.55279 0.760845
      vertex -2.6 4.8 0.799999
      vertex -2.94416 4.77291 0.799999
    endloop
  endfacet
  facet normal 0.0123146 -0.156419 0.987614
    outer loop
      vertex -2.90548 4.52874 0.760845
      vertex -2.6 4.55279 0.760845
      vertex -2.94416 4.77291 0.799999
    endloop
  endfacet
  facet normal -0.0123109 0.156422 0.987614
    outer loop
      vertex -2.6 4.8 0.799999
      vertex -2.6 5.04721 0.760845
      vertex -2.98283 5.01708 0.760845
    endloop
  endfacet
  facet normal -0.0123123 0.156419 0.987614
    outer loop
      vertex -2.94416 4.77291 0.799999
      vertex -2.6 4.8 0.799999
      vertex -2.98283 5.01708 0.760845
    endloop
  endfacet
  facet normal -0.0357116 0.453693 0.890442
    outer loop
      vertex -2.6 5.04721 0.760845
      vertex -2.6 5.27023 0.647213
      vertex -3.01772 5.23735 0.647213
    endloop
  endfacet
  facet normal -0.0357077 0.4537 0.890439
    outer loop
      vertex -2.98283 5.01708 0.760845
      vertex -2.6 5.04721 0.760845
      vertex -3.01772 5.23735 0.647213
    endloop
  endfacet
  facet normal -0.0555594 0.706025 0.706005
    outer loop
      vertex -2.6 5.27023 0.647213
      vertex -2.6 5.44721 0.470228
      vertex -3.0454 5.41216 0.470228
    endloop
  endfacet
  facet normal -0.0555719 0.706007 0.706022
    outer loop
      vertex -3.01772 5.23735 0.647213
      vertex -2.6 5.27023 0.647213
      vertex -3.0454 5.41216 0.470228
    endloop
  endfacet
  facet normal -0.0699463 0.888827 0.452873
    outer loop
      vertex -2.6 5.44721 0.470228
      vertex -2.6 5.56084 0.247213
      vertex -3.06318 5.52439 0.247213
    endloop
  endfacet
  facet normal -0.0699449 0.888829 0.45287
    outer loop
      vertex -3.0454 5.41216 0.470228
      vertex -2.6 5.44721 0.470228
      vertex -3.06318 5.52439 0.247213
    endloop
  endfacet
  facet normal -0.0775097 0.984714 0.155984
    outer loop
      vertex -2.6 5.56084 0.247213
      vertex -2.6 5.6 0
      vertex -3.0693 5.56306 0
    endloop
  endfacet
  facet normal -0.0774927 0.98472 0.155952
    outer loop
      vertex -3.06318 5.52439 0.247213
      vertex -2.6 5.56084 0.247213
      vertex -3.0693 5.56306 0
    endloop
  endfacet
  facet normal -0.0774923 0.984715 -0.155985
    outer loop
      vertex -2.6 5.6 0
      vertex -2.6 5.56084 -0.247213
      vertex -3.06318 5.52439 -0.247213
    endloop
  endfacet
  facet normal -0.0775101 0.984719 -0.155952
    outer loop
      vertex -2.6 5.6 0
      vertex -3.06318 5.52439 -0.247213
      vertex -3.0693 5.56306 0
    endloop
  endfacet
  facet normal -0.208134 0.866941 -0.452873
    outer loop
      vertex -3.06318 5.52439 -0.247213
      vertex -3.0454 5.41216 -0.470228
      vertex -3.47984 5.30786 -0.470228
    endloop
  endfacet
  facet normal -0.208133 0.86694 -0.452874
    outer loop
      vertex -3.06318 5.52439 -0.247213
      vertex -3.47984 5.30786 -0.470228
      vertex -3.51495 5.41593 -0.247213
    endloop
  endfacet
  facet normal -0.165316 0.688627 -0.706019
    outer loop
      vertex -3.0454 5.41216 -0.470228
      vertex -3.01772 5.23735 -0.647213
      vertex -3.42515 5.13954 -0.647213
    endloop
  endfacet
  facet normal -0.165327 0.688636 -0.706008
    outer loop
      vertex -3.0454 5.41216 -0.470228
      vertex -3.42515 5.13954 -0.647213
      vertex -3.47984 5.30786 -0.470228
    endloop
  endfacet
  facet normal -0.106235 0.442529 -0.890439
    outer loop
      vertex -3.01772 5.23735 -0.647213
      vertex -2.98283 5.01708 -0.760845
      vertex -3.35623 4.92744 -0.760845
    endloop
  endfacet
  facet normal -0.106236 0.44253 -0.890439
    outer loop
      vertex -3.01772 5.23735 -0.647213
      vertex -3.35623 4.92744 -0.760845
      vertex -3.42515 5.13954 -0.647213
    endloop
  endfacet
  facet normal -0.0366286 0.152568 -0.987614
    outer loop
      vertex -2.98283 5.01708 -0.760845
      vertex -2.94416 4.77291 -0.799999
      vertex -3.27984 4.69232 -0.799999
    endloop
  endfacet
  facet normal -0.0366256 0.152566 -0.987614
    outer loop
      vertex -2.98283 5.01708 -0.760845
      vertex -3.27984 4.69232 -0.799999
      vertex -3.35623 4.92744 -0.760845
    endloop
  endfacet
  facet normal 0.0366262 -0.152567 -0.987614
    outer loop
      vertex -2.94416 4.77291 -0.799999
      vertex -2.90548 4.52874 -0.760845
      vertex -3.20344 4.45721 -0.760845
    endloop
  endfacet
  facet normal 0.0366288 -0.152569 -0.987614
    outer loop
      vertex -2.94416 4.77291 -0.799999
      vertex -3.20344 4.45721 -0.760845
      vertex -3.27984 4.69232 -0.799999
    endloop
  endfacet
  facet normal 0.106231 -0.44253 -0.890439
    outer loop
      vertex -2.90548 4.52874 -0.760845
      vertex -2.87059 4.30847 -0.647213
      vertex -3.13453 4.24511 -0.647213
    endloop
  endfacet
  facet normal 0.106237 -0.442533 -0.890437
    outer loop
      vertex -2.90548 4.52874 -0.760845
      vertex -3.13453 4.24511 -0.647213
      vertex -3.20344 4.45721 -0.760845
    endloop
  endfacet
  facet normal 0.165324 -0.688645 -0.706
    outer loop
      vertex -2.87059 4.30847 -0.647213
      vertex -2.84291 4.13367 -0.470228
      vertex -3.07984 4.07679 -0.470228
    endloop
  endfacet
  facet normal 0.165311 -0.68864 -0.706008
    outer loop
      vertex -2.87059 4.30847 -0.647213
      vertex -3.07984 4.07679 -0.470228
      vertex -3.13453 4.24511 -0.647213
    endloop
  endfacet
  facet normal 0.208138 -0.86694 -0.452873
    outer loop
      vertex -2.84291 4.13367 -0.470228
      vertex -2.82513 4.02144 -0.247213
      vertex -3.04472 3.96872 -0.247213
    endloop
  endfacet
  facet normal 0.208127 -0.866938 -0.452882
    outer loop
      vertex -2.84291 4.13367 -0.470228
      vertex -3.04472 3.96872 -0.247213
      vertex -3.07984 4.07679 -0.470228
    endloop
  endfacet
  facet normal 0.230574 -0.96047 -0.155987
    outer loop
      vertex -2.82513 4.02144 -0.247213
      vertex -2.81901 3.98276 0
      vertex -3.03262 3.93148 0
    endloop
  endfacet
  facet normal 0.230593 -0.960469 -0.155971
    outer loop
      vertex -2.82513 4.02144 -0.247213
      vertex -3.03262 3.93148 0
      vertex -3.04472 3.96872 -0.247213
    endloop
  endfacet
  facet normal 0.230592 -0.960466 0.155987
    outer loop
      vertex -2.81901 3.98276 0
      vertex -2.82513 4.02144 0.247213
      vertex -3.04472 3.96872 0.247213
    endloop
  endfacet
  facet normal 0.230575 -0.960473 0.155971
    outer loop
      vertex -3.03262 3.93148 0
      vertex -2.81901 3.98276 0
      vertex -3.04472 3.96872 0.247213
    endloop
  endfacet
  facet normal 0.208128 -0.866942 0.452873
    outer loop
      vertex -2.82513 4.02144 0.247213
      vertex -2.84291 4.13367 0.470228
      vertex -3.07984 4.07679 0.470228
    endloop
  endfacet
  facet normal 0.208137 -0.866935 0.452882
    outer loop
      vertex -3.04472 3.96872 0.247213
      vertex -2.82513 4.02144 0.247213
      vertex -3.07984 4.07679 0.470228
    endloop
  endfacet
  facet normal 0.165313 -0.688647 0.706
    outer loop
      vertex -2.84291 4.13367 0.470228
      vertex -2.87059 4.30847 0.647213
      vertex -3.13453 4.24511 0.647213
    endloop
  endfacet
  facet normal 0.165322 -0.688637 0.706008
    outer loop
      vertex -3.07984 4.07679 0.470228
      vertex -2.84291 4.13367 0.470228
      vertex -3.13453 4.24511 0.647213
    endloop
  endfacet
  facet normal 0.106236 -0.442529 0.890439
    outer loop
      vertex -2.87059 4.30847 0.647213
      vertex -2.90548 4.52874 0.760845
      vertex -3.20344 4.45721 0.760845
    endloop
  endfacet
  facet normal 0.106232 -0.442535 0.890437
    outer loop
      vertex -3.13453 4.24511 0.647213
      vertex -2.87059 4.30847 0.647213
      vertex -3.20344 4.45721 0.760845
    endloop
  endfacet
  facet normal 0.0366282 -0.152567 0.987614
    outer loop
      vertex -2.90548 4.52874 0.760845
      vertex -2.94416 4.77291 0.799999
      vertex -3.27984 4.69232 0.799999
    endloop
  endfacet
  facet normal 0.0366268 -0.15257 0.987614
    outer loop
      vertex -3.20344 4.45721 0.760845
      vertex -2.90548 4.52874 0.760845
      vertex -3.27984 4.69232 0.799999
    endloop
  endfacet
  facet normal -0.0366263 0.152569 0.987614
    outer loop
      vertex -2.94416 4.77291 0.799999
      vertex -2.98283 5.01708 0.760845
      vertex -3.35623 4.92744 0.760845
    endloop
  endfacet
  facet normal -0.0366278 0.152565 0.987614
    outer loop
      vertex -3.27984 4.69232 0.799999
      vertex -2.94416 4.77291 0.799999
      vertex -3.35623 4.92744 0.760845
    endloop
  endfacet
  facet normal -0.106236 0.442529 0.890439
    outer loop
      vertex -2.98283 5.01708 0.760845
      vertex -3.01772 5.23735 0.647213
      vertex -3.42515 5.13954 0.647213
    endloop
  endfacet
  facet normal -0.106236 0.44253 0.890439
    outer loop
      vertex -3.35623 4.92744 0.760845
      vertex -2.98283 5.01708 0.760845
      vertex -3.42515 5.13954 0.647213
    endloop
  endfacet
  facet normal -0.165325 0.688625 0.706019
    outer loop
      vertex -3.01772 5.23735 0.647213
      vertex -3.0454 5.41216 0.470228
      vertex -3.47984 5.30786 0.470228
    endloop
  endfacet
  facet normal -0.165318 0.688638 0.706008
    outer loop
      vertex -3.42515 5.13954 0.647213
      vertex -3.01772 5.23735 0.647213
      vertex -3.47984 5.30786 0.470228
    endloop
  endfacet
  facet normal -0.208133 0.866941 0.452873
    outer loop
      vertex -3.0454 5.41216 0.470228
      vertex -3.06318 5.52439 0.247213
      vertex -3.51495 5.41593 0.247213
    endloop
  endfacet
  facet normal -0.208134 0.86694 0.452874
    outer loop
      vertex -3.47984 5.30786 0.470228
      vertex -3.0454 5.41216 0.470228
      vertex -3.51495 5.41593 0.247213
    endloop
  endfacet
  facet normal -0.230577 0.960476 0.155949
    outer loop
      vertex -3.06318 5.52439 0.247213
      vertex -3.0693 5.56306 0
      vertex -3.52705 5.45317 0
    endloop
  endfacet
  facet normal -0.230588 0.96047 0.155971
    outer loop
      vertex -3.51495 5.41593 0.247213
      vertex -3.06318 5.52439 0.247213
      vertex -3.52705 5.45317 0
    endloop
  endfacet
  facet normal -0.230588 0.960473 -0.155949
    outer loop
      vertex -3.0693 5.56306 0
      vertex -3.06318 5.52439 -0.247213
      vertex -3.51495 5.41593 -0.247213
    endloop
  endfacet
  facet normal -0.230576 0.960473 -0.155971
    outer loop
      vertex -3.0693 5.56306 0
      vertex -3.51495 5.41593 -0.247213
      vertex -3.52705 5.45317 0
    endloop
  endfacet
  facet normal -0.341183 0.823712 -0.452873
    outer loop
      vertex -3.51495 5.41593 -0.247213
      vertex -3.47984 5.30786 -0.470228
      vertex -3.89261 5.13689 -0.470228
    endloop
  endfacet
  facet normal -0.3412 0.823717 -0.452849
    outer loop
      vertex -3.51495 5.41593 -0.247213
      vertex -3.89261 5.13689 -0.470228
      vertex -3.94419 5.23813 -0.247213
    endloop
  endfacet
  facet normal -0.271023 0.654293 -0.706008
    outer loop
      vertex -3.47984 5.30786 -0.470228
      vertex -3.42515 5.13954 -0.647213
      vertex -3.81226 4.97919 -0.647213
    endloop
  endfacet
  facet normal -0.271005 0.654283 -0.706024
    outer loop
      vertex -3.47984 5.30786 -0.470228
      vertex -3.81226 4.97919 -0.647213
      vertex -3.89261 5.13689 -0.470228
    endloop
  endfacet
  facet normal -0.174165 0.420457 -0.890439
    outer loop
      vertex -3.42515 5.13954 -0.647213
      vertex -3.35623 4.92744 -0.760845
      vertex -3.71101 4.78048 -0.760845
    endloop
  endfacet
  facet normal -0.174162 0.420455 -0.890441
    outer loop
      vertex -3.42515 5.13954 -0.647213
      vertex -3.71101 4.78048 -0.760845
      vertex -3.81226 4.97919 -0.647213
    endloop
  endfacet
  facet normal -0.0600436 0.144957 -0.987614
    outer loop
      vertex -3.35623 4.92744 -0.760845
      vertex -3.27984 4.69232 -0.799999
      vertex -3.59878 4.56021 -0.799999
    endloop
  endfacet
  facet normal -0.0600461 0.144959 -0.987614
    outer loop
      vertex -3.35623 4.92744 -0.760845
      vertex -3.59878 4.56021 -0.799999
      vertex -3.71101 4.78048 -0.760845
    endloop
  endfacet
  facet normal 0.0600454 -0.14496 -0.987614
    outer loop
      vertex -3.27984 4.69232 -0.799999
      vertex -3.20344 4.45721 -0.760845
      vertex -3.48655 4.33994 -0.760845
    endloop
  endfacet
  facet normal 0.0600445 -0.14496 -0.987614
    outer loop
      vertex -3.27984 4.69232 -0.799999
      vertex -3.48655 4.33994 -0.760845
      vertex -3.59878 4.56021 -0.799999
    endloop
  endfacet
  facet normal 0.174159 -0.420466 -0.890437
    outer loop
      vertex -3.20344 4.45721 -0.760845
      vertex -3.13453 4.24511 -0.647213
      vertex -3.3853 4.14124 -0.647213
    endloop
  endfacet
  facet normal 0.174167 -0.420469 -0.890433
    outer loop
      vertex -3.20344 4.45721 -0.760845
      vertex -3.3853 4.14124 -0.647213
      vertex -3.48655 4.33994 -0.760845
    endloop
  endfacet
  facet normal 0.271034 -0.654289 -0.706008
    outer loop
      vertex -3.13453 4.24511 -0.647213
      vertex -3.07984 4.07679 -0.470228
      vertex -3.30495 3.98354 -0.470228
    endloop
  endfacet
  facet normal 0.271007 -0.654282 -0.706024
    outer loop
      vertex -3.13453 4.24511 -0.647213
      vertex -3.30495 3.98354 -0.470228
      vertex -3.3853 4.14124 -0.647213
    endloop
  endfacet
  facet normal 0.341184 -0.823704 -0.452885
    outer loop
      vertex -3.07984 4.07679 -0.470228
      vertex -3.04472 3.96872 -0.247213
      vertex -3.25336 3.8823 -0.247213
    endloop
  endfacet
  facet normal 0.341213 -0.823705 -0.452862
    outer loop
      vertex -3.07984 4.07679 -0.470228
      vertex -3.25336 3.8823 -0.247213
      vertex -3.30495 3.98354 -0.470228
    endloop
  endfacet
  facet normal 0.377989 -0.912577 -0.155971
    outer loop
      vertex -3.04472 3.96872 -0.247213
      vertex -3.03262 3.93148 0
      vertex -3.23559 3.84741 0
    endloop
  endfacet
  facet normal 0.377995 -0.912576 -0.155966
    outer loop
      vertex -3.04472 3.96872 -0.247213
      vertex -3.23559 3.84741 0
      vertex -3.25336 3.8823 -0.247213
    endloop
  endfacet
  facet normal 0.377994 -0.912575 0.155971
    outer loop
      vertex -3.03262 3.93148 0
      vertex -3.04472 3.96872 0.247213
      vertex -3.25336 3.8823 0.247213
    endloop
  endfacet
  facet normal 0.377989 -0.912578 0.155966
    outer loop
      vertex -3.23559 3.84741 0
      vertex -3.03262 3.93148 0
      vertex -3.25336 3.8823 0.247213
    endloop
  endfacet
  facet normal 0.341209 -0.823695 0.452884
    outer loop
      vertex -3.04472 3.96872 0.247213
      vertex -3.07984 4.07679 0.470228
      vertex -3.30495 3.98354 0.470228
    endloop
  endfacet
  facet normal 0.341188 -0.823716 0.452861
    outer loop
      vertex -3.25336 3.8823 0.247213
      vertex -3.04472 3.96872 0.247213
      vertex -3.30495 3.98354 0.470228
    endloop
  endfacet
  facet normal 0.271013 -0.654297 0.706008
    outer loop
      vertex -3.07984 4.07679 0.470228
      vertex -3.13453 4.24511 0.647213
      vertex -3.3853 4.14124 0.647213
    endloop
  endfacet
  facet normal 0.271027 -0.654273 0.706025
    outer loop
      vertex -3.30495 3.98354 0.470228
      vertex -3.07984 4.07679 0.470228
      vertex -3.3853 4.14124 0.647213
    endloop
  endfacet
  facet normal 0.174165 -0.420464 0.890436
    outer loop
      vertex -3.13453 4.24511 0.647213
      vertex -3.20344 4.45721 0.760845
      vertex -3.48655 4.33994 0.760845
    endloop
  endfacet
  facet normal 0.174161 -0.420472 0.890433
    outer loop
      vertex -3.3853 4.14124 0.647213
      vertex -3.13453 4.24511 0.647213
      vertex -3.48655 4.33994 0.760845
    endloop
  endfacet
  facet normal 0.0600448 -0.14496 0.987614
    outer loop
      vertex -3.20344 4.45721 0.760845
      vertex -3.27984 4.69232 0.799999
      vertex -3.59878 4.56021 0.799999
    endloop
  endfacet
  facet normal 0.0600451 -0.144959 0.987614
    outer loop
      vertex -3.48655 4.33994 0.760845
      vertex -3.20344 4.45721 0.760845
      vertex -3.59878 4.56021 0.799999
    endloop
  endfacet
  facet normal -0.0600452 0.144957 0.987614
    outer loop
      vertex -3.27984 4.69232 0.799999
      vertex -3.35623 4.92744 0.760845
      vertex -3.71101 4.78048 0.760845
    endloop
  endfacet
  facet normal -0.0600445 0.14496 0.987614
    outer loop
      vertex -3.59878 4.56021 0.799999
      vertex -3.27984 4.69232 0.799999
      vertex -3.71101 4.78048 0.760845
    endloop
  endfacet
  facet normal -0.174163 0.420458 0.890439
    outer loop
      vertex -3.35623 4.92744 0.760845
      vertex -3.42515 5.13954 0.647213
      vertex -3.81226 4.97919 0.647213
    endloop
  endfacet
  facet normal -0.174164 0.420454 0.890441
    outer loop
      vertex -3.71101 4.78048 0.760845
      vertex -3.35623 4.92744 0.760845
      vertex -3.81226 4.97919 0.647213
    endloop
  endfacet
  facet normal -0.271011 0.654297 0.706009
    outer loop
      vertex -3.42515 5.13954 0.647213
      vertex -3.47984 5.30786 0.470228
      vertex -3.89261 5.13689 0.470228
    endloop
  endfacet
  facet normal -0.271017 0.654277 0.706025
    outer loop
      vertex -3.81226 4.97919 0.647213
      vertex -3.42515 5.13954 0.647213
      vertex -3.89261 5.13689 0.470228
    endloop
  endfacet
  facet normal -0.341196 0.823706 0.452872
    outer loop
      vertex -3.47984 5.30786 0.470228
      vertex -3.51495 5.41593 0.247213
      vertex -3.94419 5.23813 0.247213
    endloop
  endfacet
  facet normal -0.341187 0.823723 0.452849
    outer loop
      vertex -3.89261 5.13689 0.470228
      vertex -3.47984 5.30786 0.470228
      vertex -3.94419 5.23813 0.247213
    endloop
  endfacet
  facet normal -0.378 0.912573 0.155971
    outer loop
      vertex -3.51495 5.41593 0.247213
      vertex -3.52705 5.45317 0
      vertex -3.96197 5.27302 0
    endloop
  endfacet
  facet normal -0.378005 0.912569 0.155981
    outer loop
      vertex -3.94419 5.23813 0.247213
      vertex -3.51495 5.41593 0.247213
      vertex -3.96197 5.27302 0
    endloop
  endfacet
  facet normal -0.378005 0.912571 -0.155971
    outer loop
      vertex -3.52705 5.45317 0
      vertex -3.51495 5.41593 -0.247213
      vertex -3.94419 5.23813 -0.247213
    endloop
  endfacet
  facet normal -0.378 0.912571 -0.155981
    outer loop
      vertex -3.52705 5.45317 0
      vertex -3.94419 5.23813 -0.247213
      vertex -3.96197 5.27302 0
    endloop
  endfacet
  facet normal -0.465868 0.760195 -0.452847
    outer loop
      vertex -3.94419 5.23813 -0.247213
      vertex -3.89261 5.13689 -0.470228
      vertex -4.27355 4.90344 -0.470228
    endloop
  endfacet
  facet normal -0.465844 0.760192 -0.452876
    outer loop
      vertex -3.94419 5.23813 -0.247213
      vertex -4.27355 4.90344 -0.470228
      vertex -4.34034 4.99537 -0.247213
    endloop
  endfacet
  facet normal -0.370028 0.603829 -0.706024
    outer loop
      vertex -3.89261 5.13689 -0.470228
      vertex -3.81226 4.97919 -0.647213
      vertex -4.16952 4.76026 -0.647213
    endloop
  endfacet
  facet normal -0.370046 0.603835 -0.706009
    outer loop
      vertex -3.89261 5.13689 -0.470228
      vertex -4.16952 4.76026 -0.647213
      vertex -4.27355 4.90344 -0.470228
    endloop
  endfacet
  facet normal -0.23778 0.38804 -0.890441
    outer loop
      vertex -3.81226 4.97919 -0.647213
      vertex -3.71101 4.78048 -0.760845
      vertex -4.03844 4.57984 -0.760845
    endloop
  endfacet
  facet normal -0.237796 0.388047 -0.890434
    outer loop
      vertex -3.81226 4.97919 -0.647213
      vertex -4.03844 4.57984 -0.760845
      vertex -4.16952 4.76026 -0.647213
    endloop
  endfacet
  facet normal -0.0819791 0.133784 -0.987614
    outer loop
      vertex -3.71101 4.78048 -0.760845
      vertex -3.59878 4.56021 -0.799999
      vertex -3.89313 4.37984 -0.799999
    endloop
  endfacet
  facet normal -0.0819788 0.133783 -0.987614
    outer loop
      vertex -3.71101 4.78048 -0.760845
      vertex -3.89313 4.37984 -0.799999
      vertex -4.03844 4.57984 -0.760845
    endloop
  endfacet
  facet normal 0.0819793 -0.133784 -0.987614
    outer loop
      vertex -3.59878 4.56021 -0.799999
      vertex -3.48655 4.33994 -0.760845
      vertex -3.74782 4.17984 -0.760845
    endloop
  endfacet
  facet normal 0.081979 -0.133783 -0.987614
    outer loop
      vertex -3.59878 4.56021 -0.799999
      vertex -3.74782 4.17984 -0.760845
      vertex -3.89313 4.37984 -0.799999
    endloop
  endfacet
  facet normal 0.237808 -0.388041 -0.890434
    outer loop
      vertex -3.48655 4.33994 -0.760845
      vertex -3.3853 4.14124 -0.647213
      vertex -3.61673 3.99941 -0.647213
    endloop
  endfacet
  facet normal 0.237777 -0.388033 -0.890445
    outer loop
      vertex -3.48655 4.33994 -0.760845
      vertex -3.61673 3.99941 -0.647213
      vertex -3.74782 4.17984 -0.760845
    endloop
  endfacet
  facet normal 0.370029 -0.603829 -0.706024
    outer loop
      vertex -3.3853 4.14124 -0.647213
      vertex -3.30495 3.98354 -0.470228
      vertex -3.5127 3.85623 -0.470228
    endloop
  endfacet
  facet normal 0.370053 -0.603831 -0.706009
    outer loop
      vertex -3.3853 4.14124 -0.647213
      vertex -3.5127 3.85623 -0.470228
      vertex -3.61673 3.99941 -0.647213
    endloop
  endfacet
  facet normal 0.465864 -0.760188 -0.452863
    outer loop
      vertex -3.30495 3.98354 -0.470228
      vertex -3.25336 3.8823 -0.247213
      vertex -3.44591 3.7643 -0.247213
    endloop
  endfacet
  facet normal 0.465847 -0.76019 -0.452876
    outer loop
      vertex -3.30495 3.98354 -0.470228
      vertex -3.44591 3.7643 -0.247213
      vertex -3.5127 3.85623 -0.470228
    endloop
  endfacet
  facet normal 0.516125 -0.842194 -0.155961
    outer loop
      vertex -3.25336 3.8823 -0.247213
      vertex -3.23559 3.84741 0
      vertex -3.4229 3.73262 0
    endloop
  endfacet
  facet normal 0.516121 -0.842196 -0.155966
    outer loop
      vertex -3.25336 3.8823 -0.247213
      vertex -3.4229 3.73262 0
      vertex -3.44591 3.7643 -0.247213
    endloop
  endfacet
  facet normal 0.516121 -0.842196 0.155961
    outer loop
      vertex -3.23559 3.84741 0
      vertex -3.25336 3.8823 0.247213
      vertex -3.44591 3.7643 0.247213
    endloop
  endfacet
  facet normal 0.516125 -0.842193 0.155966
    outer loop
      vertex -3.4229 3.73262 0
      vertex -3.23559 3.84741 0
      vertex -3.44591 3.7643 0.247213
    endloop
  endfacet
  facet normal 0.465851 -0.760196 0.452864
    outer loop
      vertex -3.25336 3.8823 0.247213
      vertex -3.30495 3.98354 0.470228
      vertex -3.5127 3.85623 0.470228
    endloop
  endfacet
  facet normal 0.465861 -0.760182 0.452877
    outer loop
      vertex -3.44591 3.7643 0.247213
      vertex -3.25336 3.8823 0.247213
      vertex -3.5127 3.85623 0.470228
    endloop
  endfacet
  facet normal 0.370046 -0.603819 0.706023
    outer loop
      vertex -3.30495 3.98354 0.470228
      vertex -3.3853 4.14124 0.647213
      vertex -3.61673 3.99941 0.647213
    endloop
  endfacet
  facet normal 0.370036 -0.603842 0.706009
    outer loop
      vertex -3.5127 3.85623 0.470228
      vertex -3.30495 3.98354 0.470228
      vertex -3.61673 3.99941 0.647213
    endloop
  endfacet
  facet normal 0.237788 -0.388051 0.890434
    outer loop
      vertex -3.3853 4.14124 0.647213
      vertex -3.48655 4.33994 0.760845
      vertex -3.74782 4.17984 0.760845
    endloop
  endfacet
  facet normal 0.237795 -0.388021 0.890446
    outer loop
      vertex -3.61673 3.99941 0.647213
      vertex -3.3853 4.14124 0.647213
      vertex -3.74782 4.17984 0.760845
    endloop
  endfacet
  facet normal 0.0819791 -0.133784 0.987614
    outer loop
      vertex -3.48655 4.33994 0.760845
      vertex -3.59878 4.56021 0.799999
      vertex -3.89313 4.37984 0.799999
    endloop
  endfacet
  facet normal 0.0819792 -0.133783 0.987614
    outer loop
      vertex -3.74782 4.17984 0.760845
      vertex -3.48655 4.33994 0.760845
      vertex -3.89313 4.37984 0.799999
    endloop
  endfacet
  facet normal -0.0819789 0.133784 0.987614
    outer loop
      vertex -3.59878 4.56021 0.799999
      vertex -3.71101 4.78048 0.760845
      vertex -4.03844 4.57984 0.760845
    endloop
  endfacet
  facet normal -0.081979 0.133783 0.987614
    outer loop
      vertex -3.89313 4.37984 0.799999
      vertex -3.59878 4.56021 0.799999
      vertex -4.03844 4.57984 0.760845
    endloop
  endfacet
  facet normal -0.237789 0.388035 0.890441
    outer loop
      vertex -3.71101 4.78048 0.760845
      vertex -3.81226 4.97919 0.647213
      vertex -4.16952 4.76026 0.647213
    endloop
  endfacet
  facet normal -0.237788 0.388053 0.890434
    outer loop
      vertex -4.03844 4.57984 0.760845
      vertex -3.71101 4.78048 0.760845
      vertex -4.16952 4.76026 0.647213
    endloop
  endfacet
  facet normal -0.370039 0.603823 0.706023
    outer loop
      vertex -3.81226 4.97919 0.647213
      vertex -3.89261 5.13689 0.470228
      vertex -4.27355 4.90344 0.470228
    endloop
  endfacet
  facet normal -0.370036 0.603842 0.706009
    outer loop
      vertex -4.16952 4.76026 0.647213
      vertex -3.81226 4.97919 0.647213
      vertex -4.27355 4.90344 0.470228
    endloop
  endfacet
  facet normal -0.465852 0.760205 0.452847
    outer loop
      vertex -3.89261 5.13689 0.470228
      vertex -3.94419 5.23813 0.247213
      vertex -4.34034 4.99537 0.247213
    endloop
  endfacet
  facet normal -0.46586 0.760182 0.452877
    outer loop
      vertex -4.27355 4.90344 0.470228
      vertex -3.89261 5.13689 0.470228
      vertex -4.34034 4.99537 0.247213
    endloop
  endfacet
  facet normal -0.5161 0.842206 0.155982
    outer loop
      vertex -3.94419 5.23813 0.247213
      vertex -3.96197 5.27302 0
      vertex -4.36336 5.02705 0
    endloop
  endfacet
  facet normal -0.516101 0.842204 0.155986
    outer loop
      vertex -4.34034 4.99537 0.247213
      vertex -3.94419 5.23813 0.247213
      vertex -4.36336 5.02705 0
    endloop
  endfacet
  facet normal -0.516102 0.842205 -0.155982
    outer loop
      vertex -3.96197 5.27302 0
      vertex -3.94419 5.23813 -0.247213
      vertex -4.34034 4.99537 -0.247213
    endloop
  endfacet
  facet normal -0.5161 0.842205 -0.155986
    outer loop
      vertex -3.96197 5.27302 0
      vertex -4.34034 4.99537 -0.247213
      vertex -4.36336 5.02705 0
    endloop
  endfacet
  facet normal -0.579034 0.677955 -0.452876
    outer loop
      vertex -4.34034 4.99537 -0.247213
      vertex -4.27355 4.90344 -0.470228
      vertex -4.61328 4.61328 -0.470228
    endloop
  endfacet
  facet normal -0.579032 0.677955 -0.452879
    outer loop
      vertex -4.34034 4.99537 -0.247213
      vertex -4.61328 4.61328 -0.470228
      vertex -4.69363 4.69363 -0.247213
    endloop
  endfacet
  facet normal -0.459933 0.538527 -0.70601
    outer loop
      vertex -4.27355 4.90344 -0.470228
      vertex -4.16952 4.76026 -0.647213
      vertex -4.48814 4.48814 -0.647213
    endloop
  endfacet
  facet normal -0.459954 0.538531 -0.705994
    outer loop
      vertex -4.27355 4.90344 -0.470228
      vertex -4.48814 4.48814 -0.647213
      vertex -4.61328 4.61328 -0.470228
    endloop
  endfacet
  facet normal -0.295579 0.346066 -0.890433
    outer loop
      vertex -4.16952 4.76026 -0.647213
      vertex -4.03844 4.57984 -0.760845
      vertex -4.33044 4.33044 -0.760845
    endloop
  endfacet
  facet normal -0.295556 0.34606 -0.890443
    outer loop
      vertex -4.16952 4.76026 -0.647213
      vertex -4.33044 4.33044 -0.760845
      vertex -4.48814 4.48814 -0.647213
    endloop
  endfacet
  facet normal -0.101904 0.119307 -0.987614
    outer loop
      vertex -4.03844 4.57984 -0.760845
      vertex -3.89313 4.37984 -0.799999
      vertex -4.15563 4.15563 -0.799999
    endloop
  endfacet
  facet normal -0.1019 0.119306 -0.987615
    outer loop
      vertex -4.03844 4.57984 -0.760845
      vertex -4.15563 4.15563 -0.799999
      vertex -4.33044 4.33044 -0.760845
    endloop
  endfacet
  facet normal 0.1019 -0.11931 -0.987614
    outer loop
      vertex -3.89313 4.37984 -0.799999
      vertex -3.74782 4.17984 -0.760845
      vertex -3.98083 3.98083 -0.760845
    endloop
  endfacet
  facet normal 0.101908 -0.119311 -0.987613
    outer loop
      vertex -3.89313 4.37984 -0.799999
      vertex -3.98083 3.98083 -0.760845
      vertex -4.15563 4.15563 -0.799999
    endloop
  endfacet
  facet normal 0.295555 -0.346055 -0.890445
    outer loop
      vertex -3.74782 4.17984 -0.760845
      vertex -3.61673 3.99941 -0.647213
      vertex -3.82313 3.82313 -0.647213
    endloop
  endfacet
  facet normal 0.29556 -0.346056 -0.890443
    outer loop
      vertex -3.74782 4.17984 -0.760845
      vertex -3.82313 3.82313 -0.647213
      vertex -3.98083 3.98083 -0.760845
    endloop
  endfacet
  facet normal 0.459919 -0.538539 -0.706011
    outer loop
      vertex -3.61673 3.99941 -0.647213
      vertex -3.5127 3.85623 -0.470228
      vertex -3.69799 3.69799 -0.470228
    endloop
  endfacet
  facet normal 0.459948 -0.538536 -0.705994
    outer loop
      vertex -3.61673 3.99941 -0.647213
      vertex -3.69799 3.69799 -0.470228
      vertex -3.82313 3.82313 -0.647213
    endloop
  endfacet
  facet normal 0.579005 -0.677979 -0.452877
    outer loop
      vertex -3.5127 3.85623 -0.470228
      vertex -3.44591 3.7643 -0.247213
      vertex -3.61764 3.61764 -0.247213
    endloop
  endfacet
  facet normal 0.579003 -0.67798 -0.452878
    outer loop
      vertex -3.5127 3.85623 -0.470228
      vertex -3.61764 3.61764 -0.247213
      vertex -3.69799 3.69799 -0.470228
    endloop
  endfacet
  facet normal 0.64149 -0.75111 -0.155962
    outer loop
      vertex -3.44591 3.7643 -0.247213
      vertex -3.4229 3.73262 0
      vertex -3.58995 3.58995 0
    endloop
  endfacet
  facet normal 0.64147 -0.751123 -0.155982
    outer loop
      vertex -3.44591 3.7643 -0.247213
      vertex -3.58995 3.58995 0
      vertex -3.61764 3.61764 -0.247213
    endloop
  endfacet
  facet normal 0.641472 -0.751125 0.155962
    outer loop
      vertex -3.4229 3.73262 0
      vertex -3.44591 3.7643 0.247213
      vertex -3.61764 3.61764 0.247213
    endloop
  endfacet
  facet normal 0.641488 -0.751108 0.155983
    outer loop
      vertex -3.58995 3.58995 0
      vertex -3.4229 3.73262 0
      vertex -3.61764 3.61764 0.247213
    endloop
  endfacet
  facet normal 0.579004 -0.67798 0.452877
    outer loop
      vertex -3.44591 3.7643 0.247213
      vertex -3.5127 3.85623 0.470228
      vertex -3.69799 3.69799 0.470228
    endloop
  endfacet
  facet normal 0.579004 -0.677979 0.452878
    outer loop
      vertex -3.61764 3.61764 0.247213
      vertex -3.44591 3.7643 0.247213
      vertex -3.69799 3.69799 0.470228
    endloop
  endfacet
  facet normal 0.459937 -0.538524 0.70601
    outer loop
      vertex -3.5127 3.85623 0.470228
      vertex -3.61673 3.99941 0.647213
      vertex -3.82313 3.82313 0.647213
    endloop
  endfacet
  facet normal 0.45993 -0.538552 0.705993
    outer loop
      vertex -3.69799 3.69799 0.470228
      vertex -3.5127 3.85623 0.470228
      vertex -3.82313 3.82313 0.647213
    endloop
  endfacet
  facet normal 0.295558 -0.346053 0.890445
    outer loop
      vertex -3.61673 3.99941 0.647213
      vertex -3.74782 4.17984 0.760845
      vertex -3.98083 3.98083 0.760845
    endloop
  endfacet
  facet normal 0.295558 -0.346058 0.890443
    outer loop
      vertex -3.82313 3.82313 0.647213
      vertex -3.61673 3.99941 0.647213
      vertex -3.98083 3.98083 0.760845
    endloop
  endfacet
  facet normal 0.101904 -0.119307 0.987614
    outer loop
      vertex -3.74782 4.17984 0.760845
      vertex -3.89313 4.37984 0.799999
      vertex -4.15563 4.15563 0.799999
    endloop
  endfacet
  facet normal 0.101904 -0.119314 0.987613
    outer loop
      vertex -3.98083 3.98083 0.760845
      vertex -3.74782 4.17984 0.760845
      vertex -4.15563 4.15563 0.799999
    endloop
  endfacet
  facet normal -0.101902 0.119308 0.987614
    outer loop
      vertex -3.89313 4.37984 0.799999
      vertex -4.03844 4.57984 0.760845
      vertex -4.33044 4.33044 0.760845
    endloop
  endfacet
  facet normal -0.101902 0.119304 0.987615
    outer loop
      vertex -4.15563 4.15563 0.799999
      vertex -3.89313 4.37984 0.799999
      vertex -4.33044 4.33044 0.760845
    endloop
  endfacet
  facet normal -0.295568 0.346074 0.890434
    outer loop
      vertex -4.03844 4.57984 0.760845
      vertex -4.16952 4.76026 0.647213
      vertex -4.48814 4.48814 0.647213
    endloop
  endfacet
  facet normal -0.295565 0.346051 0.890444
    outer loop
      vertex -4.33044 4.33044 0.760845
      vertex -4.03844 4.57984 0.760845
      vertex -4.48814 4.48814 0.647213
    endloop
  endfacet
  facet normal -0.459944 0.538519 0.706009
    outer loop
      vertex -4.16952 4.76026 0.647213
      vertex -4.27355 4.90344 0.470228
      vertex -4.61328 4.61328 0.470228
    endloop
  endfacet
  facet normal -0.459944 0.53854 0.705993
    outer loop
      vertex -4.48814 4.48814 0.647213
      vertex -4.16952 4.76026 0.647213
      vertex -4.61328 4.61328 0.470228
    endloop
  endfacet
  facet normal -0.579033 0.677956 0.452876
    outer loop
      vertex -4.27355 4.90344 0.470228
      vertex -4.34034 4.99537 0.247213
      vertex -4.69363 4.69363 0.247213
    endloop
  endfacet
  facet normal -0.579033 0.677953 0.452879
    outer loop
      vertex -4.61328 4.61328 0.470228
      vertex -4.27355 4.90344 0.470228
      vertex -4.69363 4.69363 0.247213
    endloop
  endfacet
  facet normal -0.641502 0.751095 0.155987
    outer loop
      vertex -4.34034 4.99537 0.247213
      vertex -4.36336 5.02705 0
      vertex -4.72132 4.72132 0
    endloop
  endfacet
  facet normal -0.641501 0.751096 0.155983
    outer loop
      vertex -4.69363 4.69363 0.247213
      vertex -4.34034 4.99537 0.247213
      vertex -4.72132 4.72132 0
    endloop
  endfacet
  facet normal -0.6415 0.751096 -0.155987
    outer loop
      vertex -4.36336 5.02705 0
      vertex -4.34034 4.99537 -0.247213
      vertex -4.69363 4.69363 -0.247213
    endloop
  endfacet
  facet normal -0.641503 0.751095 -0.155983
    outer loop
      vertex -4.36336 5.02705 0
      vertex -4.69363 4.69363 -0.247213
      vertex -4.72132 4.72132 0
    endloop
  endfacet
  facet normal -0.677953 0.579033 -0.452879
    outer loop
      vertex -4.69363 4.69363 -0.247213
      vertex -4.61328 4.61328 -0.470228
      vertex -4.90344 4.27355 -0.470228
    endloop
  endfacet
  facet normal -0.677956 0.579033 -0.452876
    outer loop
      vertex -4.69363 4.69363 -0.247213
      vertex -4.90344 4.27355 -0.470228
      vertex -4.99537 4.34034 -0.247213
    endloop
  endfacet
  facet normal -0.53854 0.459944 -0.705993
    outer loop
      vertex -4.61328 4.61328 -0.470228
      vertex -4.48814 4.48814 -0.647213
      vertex -4.76026 4.16952 -0.647213
    endloop
  endfacet
  facet normal -0.538519 0.459944 -0.706009
    outer loop
      vertex -4.61328 4.61328 -0.470228
      vertex -4.76026 4.16952 -0.647213
      vertex -4.90344 4.27355 -0.470228
    endloop
  endfacet
  facet normal -0.346051 0.295565 -0.890444
    outer loop
      vertex -4.48814 4.48814 -0.647213
      vertex -4.33044 4.33044 -0.760845
      vertex -4.57984 4.03844 -0.760845
    endloop
  endfacet
  facet normal -0.346074 0.295568 -0.890434
    outer loop
      vertex -4.48814 4.48814 -0.647213
      vertex -4.57984 4.03844 -0.760845
      vertex -4.76026 4.16952 -0.647213
    endloop
  endfacet
  facet normal -0.119304 0.101902 -0.987615
    outer loop
      vertex -4.33044 4.33044 -0.760845
      vertex -4.15563 4.15563 -0.799999
      vertex -4.37984 3.89313 -0.799999
    endloop
  endfacet
  facet normal -0.119308 0.101902 -0.987614
    outer loop
      vertex -4.33044 4.33044 -0.760845
      vertex -4.37984 3.89313 -0.799999
      vertex -4.57984 4.03844 -0.760845
    endloop
  endfacet
  facet normal 0.119314 -0.101904 -0.987613
    outer loop
      vertex -4.15563 4.15563 -0.799999
      vertex -3.98083 3.98083 -0.760845
      vertex -4.17984 3.74782 -0.760845
    endloop
  endfacet
  facet normal 0.119307 -0.101904 -0.987614
    outer loop
      vertex -4.15563 4.15563 -0.799999
      vertex -4.17984 3.74782 -0.760845
      vertex -4.37984 3.89313 -0.799999
    endloop
  endfacet
  facet normal 0.346058 -0.295558 -0.890443
    outer loop
      vertex -3.98083 3.98083 -0.760845
      vertex -3.82313 3.82313 -0.647213
      vertex -3.99941 3.61673 -0.647213
    endloop
  endfacet
  facet normal 0.346053 -0.295558 -0.890445
    outer loop
      vertex -3.98083 3.98083 -0.760845
      vertex -3.99941 3.61673 -0.647213
      vertex -4.17984 3.74782 -0.760845
    endloop
  endfacet
  facet normal 0.538552 -0.45993 -0.705993
    outer loop
      vertex -3.82313 3.82313 -0.647213
      vertex -3.69799 3.69799 -0.470228
      vertex -3.85623 3.5127 -0.470228
    endloop
  endfacet
  facet normal 0.538524 -0.459937 -0.70601
    outer loop
      vertex -3.82313 3.82313 -0.647213
      vertex -3.85623 3.5127 -0.470228
      vertex -3.99941 3.61673 -0.647213
    endloop
  endfacet
  facet normal 0.677979 -0.579004 -0.452878
    outer loop
      vertex -3.69799 3.69799 -0.470228
      vertex -3.61764 3.61764 -0.247213
      vertex -3.7643 3.44591 -0.247213
    endloop
  endfacet
  facet normal 0.67798 -0.579004 -0.452877
    outer loop
      vertex -3.69799 3.69799 -0.470228
      vertex -3.7643 3.44591 -0.247213
      vertex -3.85623 3.5127 -0.470228
    endloop
  endfacet
  facet normal 0.751108 -0.641488 -0.155983
    outer loop
      vertex -3.61764 3.61764 -0.247213
      vertex -3.58995 3.58995 0
      vertex -3.73262 3.4229 0
    endloop
  endfacet
  facet normal 0.751125 -0.641472 -0.155962
    outer loop
      vertex -3.61764 3.61764 -0.247213
      vertex -3.73262 3.4229 0
      vertex -3.7643 3.44591 -0.247213
    endloop
  endfacet
  facet normal 0.751123 -0.64147 0.155982
    outer loop
      vertex -3.58995 3.58995 0
      vertex -3.61764 3.61764 0.247213
      vertex -3.7643 3.44591 0.247213
    endloop
  endfacet
  facet normal 0.75111 -0.64149 0.155962
    outer loop
      vertex -3.73262 3.4229 0
      vertex -3.58995 3.58995 0
      vertex -3.7643 3.44591 0.247213
    endloop
  endfacet
  facet normal 0.67798 -0.579003 0.452878
    outer loop
      vertex -3.61764 3.61764 0.247213
      vertex -3.69799 3.69799 0.470228
      vertex -3.85623 3.5127 0.470228
    endloop
  endfacet
  facet normal 0.677979 -0.579005 0.452877
    outer loop
      vertex -3.7643 3.44591 0.247213
      vertex -3.61764 3.61764 0.247213
      vertex -3.85623 3.5127 0.470228
    endloop
  endfacet
  facet normal 0.538536 -0.459948 0.705994
    outer loop
      vertex -3.69799 3.69799 0.470228
      vertex -3.82313 3.82313 0.647213
      vertex -3.99941 3.61673 0.647213
    endloop
  endfacet
  facet normal 0.538539 -0.459919 0.706011
    outer loop
      vertex -3.85623 3.5127 0.470228
      vertex -3.69799 3.69799 0.470228
      vertex -3.99941 3.61673 0.647213
    endloop
  endfacet
  facet normal 0.346056 -0.29556 0.890443
    outer loop
      vertex -3.82313 3.82313 0.647213
      vertex -3.98083 3.98083 0.760845
      vertex -4.17984 3.74782 0.760845
    endloop
  endfacet
  facet normal 0.346055 -0.295555 0.890445
    outer loop
      vertex -3.99941 3.61673 0.647213
      vertex -3.82313 3.82313 0.647213
      vertex -4.17984 3.74782 0.760845
    endloop
  endfacet
  facet normal 0.119311 -0.101908 0.987613
    outer loop
      vertex -3.98083 3.98083 0.760845
      vertex -4.15563 4.15563 0.799999
      vertex -4.37984 3.89313 0.799999
    endloop
  endfacet
  facet normal 0.11931 -0.1019 0.987614
    outer loop
      vertex -4.17984 3.74782 0.760845
      vertex -3.98083 3.98083 0.760845
      vertex -4.37984 3.89313 0.799999
    endloop
  endfacet
  facet normal -0.119306 0.1019 0.987615
    outer loop
      vertex -4.15563 4.15563 0.799999
      vertex -4.33044 4.33044 0.760845
      vertex -4.57984 4.03844 0.760845
    endloop
  endfacet
  facet normal -0.119307 0.101904 0.987614
    outer loop
      vertex -4.37984 3.89313 0.799999
      vertex -4.15563 4.15563 0.799999
      vertex -4.57984 4.03844 0.760845
    endloop
  endfacet
  facet normal -0.34606 0.295556 0.890443
    outer loop
      vertex -4.33044 4.33044 0.760845
      vertex -4.48814 4.48814 0.647213
      vertex -4.76026 4.16952 0.647213
    endloop
  endfacet
  facet normal -0.346066 0.295579 0.890433
    outer loop
      vertex -4.57984 4.03844 0.760845
      vertex -4.33044 4.33044 0.760845
      vertex -4.76026 4.16952 0.647213
    endloop
  endfacet
  facet normal -0.538531 0.459954 0.705994
    outer loop
      vertex -4.48814 4.48814 0.647213
      vertex -4.61328 4.61328 0.470228
      vertex -4.90344 4.27355 0.470228
    endloop
  endfacet
  facet normal -0.538527 0.459933 0.70601
    outer loop
      vertex -4.76026 4.16952 0.647213
      vertex -4.48814 4.48814 0.647213
      vertex -4.90344 4.27355 0.470228
    endloop
  endfacet
  facet normal -0.677955 0.579032 0.452879
    outer loop
      vertex -4.61328 4.61328 0.470228
      vertex -4.69363 4.69363 0.247213
      vertex -4.99537 4.34034 0.247213
    endloop
  endfacet
  facet normal -0.677955 0.579034 0.452876
    outer loop
      vertex -4.90344 4.27355 0.470228
      vertex -4.61328 4.61328 0.470228
      vertex -4.99537 4.34034 0.247213
    endloop
  endfacet
  facet normal -0.751095 0.641503 0.155983
    outer loop
      vertex -4.69363 4.69363 0.247213
      vertex -4.72132 4.72132 0
      vertex -5.02705 4.36336 0
    endloop
  endfacet
  facet normal -0.751096 0.6415 0.155987
    outer loop
      vertex -4.99537 4.34034 0.247213
      vertex -4.69363 4.69363 0.247213
      vertex -5.02705 4.36336 0
    endloop
  endfacet
  facet normal -0.751096 0.641501 -0.155983
    outer loop
      vertex -4.72132 4.72132 0
      vertex -4.69363 4.69363 -0.247213
      vertex -4.99537 4.34034 -0.247213
    endloop
  endfacet
  facet normal -0.751095 0.641502 -0.155987
    outer loop
      vertex -4.72132 4.72132 0
      vertex -4.99537 4.34034 -0.247213
      vertex -5.02705 4.36336 0
    endloop
  endfacet
  facet normal -0.760182 0.46586 -0.452877
    outer loop
      vertex -4.99537 4.34034 -0.247213
      vertex -4.90344 4.27355 -0.470228
      vertex -5.13689 3.89261 -0.470228
    endloop
  endfacet
  facet normal -0.760205 0.465852 -0.452847
    outer loop
      vertex -4.99537 4.34034 -0.247213
      vertex -5.13689 3.89261 -0.470228
      vertex -5.23813 3.94419 -0.247213
    endloop
  endfacet
  facet normal -0.603842 0.370036 -0.706009
    outer loop
      vertex -4.90344 4.27355 -0.470228
      vertex -4.76026 4.16952 -0.647213
      vertex -4.97919 3.81226 -0.647213
    endloop
  endfacet
  facet normal -0.603823 0.370039 -0.706023
    outer loop
      vertex -4.90344 4.27355 -0.470228
      vertex -4.97919 3.81226 -0.647213
      vertex -5.13689 3.89261 -0.470228
    endloop
  endfacet
  facet normal -0.388053 0.237788 -0.890434
    outer loop
      vertex -4.76026 4.16952 -0.647213
      vertex -4.57984 4.03844 -0.760845
      vertex -4.78048 3.71101 -0.760845
    endloop
  endfacet
  facet normal -0.388035 0.237789 -0.890441
    outer loop
      vertex -4.76026 4.16952 -0.647213
      vertex -4.78048 3.71101 -0.760845
      vertex -4.97919 3.81226 -0.647213
    endloop
  endfacet
  facet normal -0.133783 0.081979 -0.987614
    outer loop
      vertex -4.37984 3.89313 -0.799999
      vertex -4.56021 3.59878 -0.799999
      vertex -4.57984 4.03844 -0.760845
    endloop
  endfacet
  facet normal -0.133784 0.0819789 -0.987614
    outer loop
      vertex -4.57984 4.03844 -0.760845
      vertex -4.56021 3.59878 -0.799999
      vertex -4.78048 3.71101 -0.760845
    endloop
  endfacet
  facet normal 0.133783 -0.0819792 -0.987614
    outer loop
      vertex -4.17984 3.74782 -0.760845
      vertex -4.33994 3.48655 -0.760845
      vertex -4.37984 3.89313 -0.799999
    endloop
  endfacet
  facet normal 0.133784 -0.0819791 -0.987614
    outer loop
      vertex -4.37984 3.89313 -0.799999
      vertex -4.33994 3.48655 -0.760845
      vertex -4.56021 3.59878 -0.799999
    endloop
  endfacet
  facet normal 0.388021 -0.237795 -0.890446
    outer loop
      vertex -3.99941 3.61673 -0.647213
      vertex -4.14124 3.3853 -0.647213
      vertex -4.17984 3.74782 -0.760845
    endloop
  endfacet
  facet normal 0.388051 -0.237788 -0.890434
    outer loop
      vertex -4.17984 3.74782 -0.760845
      vertex -4.14124 3.3853 -0.647213
      vertex -4.33994 3.48655 -0.760845
    endloop
  endfacet
  facet normal 0.603842 -0.370036 -0.706009
    outer loop
      vertex -3.85623 3.5127 -0.470228
      vertex -3.98354 3.30495 -0.470228
      vertex -3.99941 3.61673 -0.647213
    endloop
  endfacet
  facet normal 0.603819 -0.370046 -0.706023
    outer loop
      vertex -3.99941 3.61673 -0.647213
      vertex -3.98354 3.30495 -0.470228
      vertex -4.14124 3.3853 -0.647213
    endloop
  endfacet
  facet normal 0.760182 -0.465861 -0.452877
    outer loop
      vertex -3.85623 3.5127 -0.470228
      vertex -3.7643 3.44591 -0.247213
      vertex -3.8823 3.25336 -0.247213
    endloop
  endfacet
  facet normal 0.760196 -0.465851 -0.452864
    outer loop
      vertex -3.85623 3.5127 -0.470228
      vertex -3.8823 3.25336 -0.247213
      vertex -3.98354 3.30495 -0.470228
    endloop
  endfacet
  facet normal 0.842193 -0.516125 -0.155966
    outer loop
      vertex -3.7643 3.44591 -0.247213
      vertex -3.73262 3.4229 0
      vertex -3.84741 3.23559 0
    endloop
  endfacet
  facet normal 0.842196 -0.516121 -0.155961
    outer loop
      vertex -3.7643 3.44591 -0.247213
      vertex -3.84741 3.23559 0
      vertex -3.8823 3.25336 -0.247213
    endloop
  endfacet
  facet normal 0.842196 -0.516121 0.155966
    outer loop
      vertex -3.73262 3.4229 0
      vertex -3.7643 3.44591 0.247213
      vertex -3.8823 3.25336 0.247213
    endloop
  endfacet
  facet normal 0.842194 -0.516125 0.155961
    outer loop
      vertex -3.84741 3.23559 0
      vertex -3.73262 3.4229 0
      vertex -3.8823 3.25336 0.247213
    endloop
  endfacet
  facet normal 0.76019 -0.465847 0.452876
    outer loop
      vertex -3.7643 3.44591 0.247213
      vertex -3.85623 3.5127 0.470228
      vertex -3.98354 3.30495 0.470228
    endloop
  endfacet
  facet normal 0.760188 -0.465864 0.452863
    outer loop
      vertex -3.8823 3.25336 0.247213
      vertex -3.7643 3.44591 0.247213
      vertex -3.98354 3.30495 0.470228
    endloop
  endfacet
  facet normal 0.603831 -0.370053 0.706009
    outer loop
      vertex -3.85623 3.5127 0.470228
      vertex -3.99941 3.61673 0.647213
      vertex -4.14124 3.3853 0.647213
    endloop
  endfacet
  facet normal 0.603829 -0.370029 0.706024
    outer loop
      vertex -3.98354 3.30495 0.470228
      vertex -3.85623 3.5127 0.470228
      vertex -4.14124 3.3853 0.647213
    endloop
  endfacet
  facet normal 0.388033 -0.237777 0.890445
    outer loop
      vertex -3.99941 3.61673 0.647213
      vertex -4.17984 3.74782 0.760845
      vertex -4.33994 3.48655 0.760845
    endloop
  endfacet
  facet normal 0.388041 -0.237808 0.890434
    outer loop
      vertex -4.14124 3.3853 0.647213
      vertex -3.99941 3.61673 0.647213
      vertex -4.33994 3.48655 0.760845
    endloop
  endfacet
  facet normal 0.133783 -0.081979 0.987614
    outer loop
      vertex -4.17984 3.74782 0.760845
      vertex -4.37984 3.89313 0.799999
      vertex -4.56021 3.59878 0.799999
    endloop
  endfacet
  facet normal 0.133784 -0.0819793 0.987614
    outer loop
      vertex -4.33994 3.48655 0.760845
      vertex -4.17984 3.74782 0.760845
      vertex -4.56021 3.59878 0.799999
    endloop
  endfacet
  facet normal -0.133783 0.0819788 0.987614
    outer loop
      vertex -4.37984 3.89313 0.799999
      vertex -4.57984 4.03844 0.760845
      vertex -4.78048 3.71101 0.760845
    endloop
  endfacet
  facet normal -0.133784 0.0819791 0.987614
    outer loop
      vertex -4.56021 3.59878 0.799999
      vertex -4.37984 3.89313 0.799999
      vertex -4.78048 3.71101 0.760845
    endloop
  endfacet
  facet normal -0.388047 0.237796 0.890434
    outer loop
      vertex -4.57984 4.03844 0.760845
      vertex -4.76026 4.16952 0.647213
      vertex -4.97919 3.81226 0.647213
    endloop
  endfacet
  facet normal -0.38804 0.23778 0.890441
    outer loop
      vertex -4.78048 3.71101 0.760845
      vertex -4.57984 4.03844 0.760845
      vertex -4.97919 3.81226 0.647213
    endloop
  endfacet
  facet normal -0.603835 0.370046 0.706009
    outer loop
      vertex -4.76026 4.16952 0.647213
      vertex -4.90344 4.27355 0.470228
      vertex -5.13689 3.89261 0.470228
    endloop
  endfacet
  facet normal -0.603829 0.370028 0.706024
    outer loop
      vertex -4.97919 3.81226 0.647213
      vertex -4.76026 4.16952 0.647213
      vertex -5.13689 3.89261 0.470228
    endloop
  endfacet
  facet normal -0.760192 0.465844 0.452876
    outer loop
      vertex -4.90344 4.27355 0.470228
      vertex -4.99537 4.34034 0.247213
      vertex -5.23813 3.94419 0.247213
    endloop
  endfacet
  facet normal -0.760195 0.465868 0.452847
    outer loop
      vertex -5.13689 3.89261 0.470228
      vertex -4.90344 4.27355 0.470228
      vertex -5.23813 3.94419 0.247213
    endloop
  endfacet
  facet normal -0.842205 0.5161 0.155986
    outer loop
      vertex -4.99537 4.34034 0.247213
      vertex -5.02705 4.36336 0
      vertex -5.27302 3.96197 0
    endloop
  endfacet
  facet normal -0.842205 0.516102 0.155982
    outer loop
      vertex -5.23813 3.94419 0.247213
      vertex -4.99537 4.34034 0.247213
      vertex -5.27302 3.96197 0
    endloop
  endfacet
  facet normal -0.842204 0.516101 -0.155986
    outer loop
      vertex -5.02705 4.36336 0
      vertex -4.99537 4.34034 -0.247213
      vertex -5.23813 3.94419 -0.247213
    endloop
  endfacet
  facet normal -0.842206 0.5161 -0.155982
    outer loop
      vertex -5.02705 4.36336 0
      vertex -5.23813 3.94419 -0.247213
      vertex -5.27302 3.96197 0
    endloop
  endfacet
  facet normal -0.823723 0.341187 -0.452849
    outer loop
      vertex -5.23813 3.94419 -0.247213
      vertex -5.13689 3.89261 -0.470228
      vertex -5.30786 3.47984 -0.470228
    endloop
  endfacet
  facet normal -0.823706 0.341196 -0.452872
    outer loop
      vertex -5.23813 3.94419 -0.247213
      vertex -5.30786 3.47984 -0.470228
      vertex -5.41593 3.51495 -0.247213
    endloop
  endfacet
  facet normal -0.654277 0.271017 -0.706025
    outer loop
      vertex -5.13689 3.89261 -0.470228
      vertex -4.97919 3.81226 -0.647213
      vertex -5.13954 3.42515 -0.647213
    endloop
  endfacet
  facet normal -0.654297 0.271011 -0.706009
    outer loop
      vertex -5.13689 3.89261 -0.470228
      vertex -5.13954 3.42515 -0.647213
      vertex -5.30786 3.47984 -0.470228
    endloop
  endfacet
  facet normal -0.420454 0.174164 -0.890441
    outer loop
      vertex -4.78048 3.71101 -0.760845
      vertex -4.92744 3.35623 -0.760845
      vertex -4.97919 3.81226 -0.647213
    endloop
  endfacet
  facet normal -0.420458 0.174163 -0.890439
    outer loop
      vertex -4.97919 3.81226 -0.647213
      vertex -4.92744 3.35623 -0.760845
      vertex -5.13954 3.42515 -0.647213
    endloop
  endfacet
  facet normal -0.14496 0.0600445 -0.987614
    outer loop
      vertex -4.56021 3.59878 -0.799999
      vertex -4.69232 3.27984 -0.799999
      vertex -4.78048 3.71101 -0.760845
    endloop
  endfacet
  facet normal -0.144957 0.0600452 -0.987614
    outer loop
      vertex -4.78048 3.71101 -0.760845
      vertex -4.69232 3.27984 -0.799999
      vertex -4.92744 3.35623 -0.760845
    endloop
  endfacet
  facet normal 0.144959 -0.0600451 -0.987614
    outer loop
      vertex -4.33994 3.48655 -0.760845
      vertex -4.45721 3.20344 -0.760845
      vertex -4.56021 3.59878 -0.799999
    endloop
  endfacet
  facet normal 0.14496 -0.0600448 -0.987614
    outer loop
      vertex -4.56021 3.59878 -0.799999
      vertex -4.45721 3.20344 -0.760845
      vertex -4.69232 3.27984 -0.799999
    endloop
  endfacet
  facet normal 0.420472 -0.174161 -0.890433
    outer loop
      vertex -4.14124 3.3853 -0.647213
      vertex -4.24511 3.13453 -0.647213
      vertex -4.33994 3.48655 -0.760845
    endloop
  endfacet
  facet normal 0.420464 -0.174165 -0.890436
    outer loop
      vertex -4.33994 3.48655 -0.760845
      vertex -4.24511 3.13453 -0.647213
      vertex -4.45721 3.20344 -0.760845
    endloop
  endfacet
  facet normal 0.654273 -0.271027 -0.706025
    outer loop
      vertex -3.98354 3.30495 -0.470228
      vertex -4.07679 3.07984 -0.470228
      vertex -4.14124 3.3853 -0.647213
    endloop
  endfacet
  facet normal 0.654297 -0.271013 -0.706008
    outer loop
      vertex -4.14124 3.3853 -0.647213
      vertex -4.07679 3.07984 -0.470228
      vertex -4.24511 3.13453 -0.647213
    endloop
  endfacet
  facet normal 0.823716 -0.341188 -0.452861
    outer loop
      vertex -3.8823 3.25336 -0.247213
      vertex -3.96872 3.04472 -0.247213
      vertex -3.98354 3.30495 -0.470228
    endloop
  endfacet
  facet normal 0.823695 -0.341209 -0.452884
    outer loop
      vertex -3.98354 3.30495 -0.470228
      vertex -3.96872 3.04472 -0.247213
      vertex -4.07679 3.07984 -0.470228
    endloop
  endfacet
  facet normal 0.912578 -0.377989 -0.155966
    outer loop
      vertex -3.8823 3.25336 -0.247213
      vertex -3.84741 3.23559 0
      vertex -3.93148 3.03262 0
    endloop
  endfacet
  facet normal 0.912575 -0.377994 -0.155971
    outer loop
      vertex -3.8823 3.25336 -0.247213
      vertex -3.93148 3.03262 0
      vertex -3.96872 3.04472 -0.247213
    endloop
  endfacet
  facet normal 0.912576 -0.377995 0.155966
    outer loop
      vertex -3.84741 3.23559 0
      vertex -3.8823 3.25336 0.247213
      vertex -3.96872 3.04472 0.247213
    endloop
  endfacet
  facet normal 0.912577 -0.377989 0.155971
    outer loop
      vertex -3.93148 3.03262 0
      vertex -3.84741 3.23559 0
      vertex -3.96872 3.04472 0.247213
    endloop
  endfacet
  facet normal 0.823705 -0.341213 0.452862
    outer loop
      vertex -3.8823 3.25336 0.247213
      vertex -3.98354 3.30495 0.470228
      vertex -4.07679 3.07984 0.470228
    endloop
  endfacet
  facet normal 0.823704 -0.341184 0.452885
    outer loop
      vertex -3.96872 3.04472 0.247213
      vertex -3.8823 3.25336 0.247213
      vertex -4.07679 3.07984 0.470228
    endloop
  endfacet
  facet normal 0.654282 -0.271007 0.706024
    outer loop
      vertex -3.98354 3.30495 0.470228
      vertex -4.14124 3.3853 0.647213
      vertex -4.24511 3.13453 0.647213
    endloop
  endfacet
  facet normal 0.654289 -0.271034 0.706008
    outer loop
      vertex -4.07679 3.07984 0.470228
      vertex -3.98354 3.30495 0.470228
      vertex -4.24511 3.13453 0.647213
    endloop
  endfacet
  facet normal 0.420469 -0.174167 0.890433
    outer loop
      vertex -4.14124 3.3853 0.647213
      vertex -4.33994 3.48655 0.760845
      vertex -4.45721 3.20344 0.760845
    endloop
  endfacet
  facet normal 0.420466 -0.174159 0.890437
    outer loop
      vertex -4.24511 3.13453 0.647213
      vertex -4.14124 3.3853 0.647213
      vertex -4.45721 3.20344 0.760845
    endloop
  endfacet
  facet normal 0.14496 -0.0600445 0.987614
    outer loop
      vertex -4.33994 3.48655 0.760845
      vertex -4.56021 3.59878 0.799999
      vertex -4.69232 3.27984 0.799999
    endloop
  endfacet
  facet normal 0.14496 -0.0600454 0.987614
    outer loop
      vertex -4.45721 3.20344 0.760845
      vertex -4.33994 3.48655 0.760845
      vertex -4.69232 3.27984 0.799999
    endloop
  endfacet
  facet normal -0.144959 0.0600461 0.987614
    outer loop
      vertex -4.56021 3.59878 0.799999
      vertex -4.78048 3.71101 0.760845
      vertex -4.92744 3.35623 0.760845
    endloop
  endfacet
  facet normal -0.144957 0.0600436 0.987614
    outer loop
      vertex -4.69232 3.27984 0.799999
      vertex -4.56021 3.59878 0.799999
      vertex -4.92744 3.35623 0.760845
    endloop
  endfacet
  facet normal -0.420455 0.174162 0.890441
    outer loop
      vertex -4.78048 3.71101 0.760845
      vertex -4.97919 3.81226 0.647213
      vertex -5.13954 3.42515 0.647213
    endloop
  endfacet
  facet normal -0.420457 0.174165 0.890439
    outer loop
      vertex -4.92744 3.35623 0.760845
      vertex -4.78048 3.71101 0.760845
      vertex -5.13954 3.42515 0.647213
    endloop
  endfacet
  facet normal -0.654283 0.271005 0.706024
    outer loop
      vertex -4.97919 3.81226 0.647213
      vertex -5.13689 3.89261 0.470228
      vertex -5.30786 3.47984 0.470228
    endloop
  endfacet
  facet normal -0.654293 0.271023 0.706008
    outer loop
      vertex -5.13954 3.42515 0.647213
      vertex -4.97919 3.81226 0.647213
      vertex -5.30786 3.47984 0.470228
    endloop
  endfacet
  facet normal -0.823717 0.3412 0.452849
    outer loop
      vertex -5.13689 3.89261 0.470228
      vertex -5.23813 3.94419 0.247213
      vertex -5.41593 3.51495 0.247213
    endloop
  endfacet
  facet normal -0.823712 0.341183 0.452873
    outer loop
      vertex -5.30786 3.47984 0.470228
      vertex -5.13689 3.89261 0.470228
      vertex -5.41593 3.51495 0.247213
    endloop
  endfacet
  facet normal -0.912571 0.378 0.155981
    outer loop
      vertex -5.23813 3.94419 0.247213
      vertex -5.27302 3.96197 0
      vertex -5.45317 3.52705 0
    endloop
  endfacet
  facet normal -0.912571 0.378005 0.155971
    outer loop
      vertex -5.41593 3.51495 0.247213
      vertex -5.23813 3.94419 0.247213
      vertex -5.45317 3.52705 0
    endloop
  endfacet
  facet normal -0.912569 0.378005 -0.155981
    outer loop
      vertex -5.27302 3.96197 0
      vertex -5.23813 3.94419 -0.247213
      vertex -5.41593 3.51495 -0.247213
    endloop
  endfacet
  facet normal -0.912573 0.378 -0.155971
    outer loop
      vertex -5.27302 3.96197 0
      vertex -5.41593 3.51495 -0.247213
      vertex -5.45317 3.52705 0
    endloop
  endfacet
  facet normal -0.86694 0.208134 -0.452874
    outer loop
      vertex -5.30786 3.47984 -0.470228
      vertex -5.41216 3.0454 -0.470228
      vertex -5.41593 3.51495 -0.247213
    endloop
  endfacet
  facet normal -0.866941 0.208133 -0.452873
    outer loop
      vertex -5.41593 3.51495 -0.247213
      vertex -5.41216 3.0454 -0.470228
      vertex -5.52439 3.06318 -0.247213
    endloop
  endfacet
  facet normal -0.688638 0.165318 -0.706008
    outer loop
      vertex -5.13954 3.42515 -0.647213
      vertex -5.23735 3.01772 -0.647213
      vertex -5.30786 3.47984 -0.470228
    endloop
  endfacet
  facet normal -0.688625 0.165325 -0.706019
    outer loop
      vertex -5.30786 3.47984 -0.470228
      vertex -5.23735 3.01772 -0.647213
      vertex -5.41216 3.0454 -0.470228
    endloop
  endfacet
  facet normal -0.44253 0.106236 -0.890439
    outer loop
      vertex -4.92744 3.35623 -0.760845
      vertex -5.01708 2.98283 -0.760845
      vertex -5.13954 3.42515 -0.647213
    endloop
  endfacet
  facet normal -0.442529 0.106236 -0.890439
    outer loop
      vertex -5.13954 3.42515 -0.647213
      vertex -5.01708 2.98283 -0.760845
      vertex -5.23735 3.01772 -0.647213
    endloop
  endfacet
  facet normal -0.152565 0.0366278 -0.987614
    outer loop
      vertex -4.69232 3.27984 -0.799999
      vertex -4.77291 2.94416 -0.799999
      vertex -4.92744 3.35623 -0.760845
    endloop
  endfacet
  facet normal -0.152569 0.0366263 -0.987614
    outer loop
      vertex -4.92744 3.35623 -0.760845
      vertex -4.77291 2.94416 -0.799999
      vertex -5.01708 2.98283 -0.760845
    endloop
  endfacet
  facet normal 0.15257 -0.0366268 -0.987614
    outer loop
      vertex -4.45721 3.20344 -0.760845
      vertex -4.52874 2.90548 -0.760845
      vertex -4.69232 3.27984 -0.799999
    endloop
  endfacet
  facet normal 0.152567 -0.0366282 -0.987614
    outer loop
      vertex -4.69232 3.27984 -0.799999
      vertex -4.52874 2.90548 -0.760845
      vertex -4.77291 2.94416 -0.799999
    endloop
  endfacet
  facet normal 0.442535 -0.106232 -0.890437
    outer loop
      vertex -4.24511 3.13453 -0.647213
      vertex -4.30847 2.87059 -0.647213
      vertex -4.45721 3.20344 -0.760845
    endloop
  endfacet
  facet normal 0.442529 -0.106236 -0.890439
    outer loop
      vertex -4.45721 3.20344 -0.760845
      vertex -4.30847 2.87059 -0.647213
      vertex -4.52874 2.90548 -0.760845
    endloop
  endfacet
  facet normal 0.688637 -0.165322 -0.706008
    outer loop
      vertex -4.07679 3.07984 -0.470228
      vertex -4.13367 2.84291 -0.470228
      vertex -4.24511 3.13453 -0.647213
    endloop
  endfacet
  facet normal 0.688647 -0.165313 -0.706
    outer loop
      vertex -4.24511 3.13453 -0.647213
      vertex -4.13367 2.84291 -0.470228
      vertex -4.30847 2.87059 -0.647213
    endloop
  endfacet
  facet normal 0.866935 -0.208137 -0.452882
    outer loop
      vertex -3.96872 3.04472 -0.247213
      vertex -4.02144 2.82513 -0.247213
      vertex -4.07679 3.07984 -0.470228
    endloop
  endfacet
  facet normal 0.866942 -0.208128 -0.452873
    outer loop
      vertex -4.07679 3.07984 -0.470228
      vertex -4.02144 2.82513 -0.247213
      vertex -4.13367 2.84291 -0.470228
    endloop
  endfacet
  facet normal 0.960473 -0.230575 -0.155971
    outer loop
      vertex -3.96872 3.04472 -0.247213
      vertex -3.93148 3.03262 0
      vertex -3.98276 2.81901 0
    endloop
  endfacet
  facet normal 0.960466 -0.230592 -0.155987
    outer loop
      vertex -3.96872 3.04472 -0.247213
      vertex -3.98276 2.81901 0
      vertex -4.02144 2.82513 -0.247213
    endloop
  endfacet
  facet normal 0.960469 -0.230593 0.155971
    outer loop
      vertex -3.93148 3.03262 0
      vertex -3.96872 3.04472 0.247213
      vertex -4.02144 2.82513 0.247213
    endloop
  endfacet
  facet normal 0.96047 -0.230574 0.155987
    outer loop
      vertex -3.98276 2.81901 0
      vertex -3.93148 3.03262 0
      vertex -4.02144 2.82513 0.247213
    endloop
  endfacet
  facet normal 0.866938 -0.208127 0.452882
    outer loop
      vertex -3.96872 3.04472 0.247213
      vertex -4.07679 3.07984 0.470228
      vertex -4.13367 2.84291 0.470228
    endloop
  endfacet
  facet normal 0.86694 -0.208138 0.452873
    outer loop
      vertex -4.02144 2.82513 0.247213
      vertex -3.96872 3.04472 0.247213
      vertex -4.13367 2.84291 0.470228
    endloop
  endfacet
  facet normal 0.68864 -0.165311 0.706008
    outer loop
      vertex -4.07679 3.07984 0.470228
      vertex -4.24511 3.13453 0.647213
      vertex -4.30847 2.87059 0.647213
    endloop
  endfacet
  facet normal 0.688645 -0.165324 0.706
    outer loop
      vertex -4.13367 2.84291 0.470228
      vertex -4.07679 3.07984 0.470228
      vertex -4.30847 2.87059 0.647213
    endloop
  endfacet
  facet normal 0.442533 -0.106237 0.890437
    outer loop
      vertex -4.24511 3.13453 0.647213
      vertex -4.45721 3.20344 0.760845
      vertex -4.52874 2.90548 0.760845
    endloop
  endfacet
  facet normal 0.44253 -0.106231 0.890439
    outer loop
      vertex -4.30847 2.87059 0.647213
      vertex -4.24511 3.13453 0.647213
      vertex -4.52874 2.90548 0.760845
    endloop
  endfacet
  facet normal 0.152569 -0.0366288 0.987614
    outer loop
      vertex -4.45721 3.20344 0.760845
      vertex -4.69232 3.27984 0.799999
      vertex -4.77291 2.94416 0.799999
    endloop
  endfacet
  facet normal 0.152567 -0.0366262 0.987614
    outer loop
      vertex -4.52874 2.90548 0.760845
      vertex -4.45721 3.20344 0.760845
      vertex -4.77291 2.94416 0.799999
    endloop
  endfacet
  facet normal -0.152566 0.0366256 0.987614
    outer loop
      vertex -4.69232 3.27984 0.799999
      vertex -4.92744 3.35623 0.760845
      vertex -5.01708 2.98283 0.760845
    endloop
  endfacet
  facet normal -0.152568 0.0366286 0.987614
    outer loop
      vertex -4.77291 2.94416 0.799999
      vertex -4.69232 3.27984 0.799999
      vertex -5.01708 2.98283 0.760845
    endloop
  endfacet
  facet normal -0.44253 0.106236 0.890439
    outer loop
      vertex -4.92744 3.35623 0.760845
      vertex -5.13954 3.42515 0.647213
      vertex -5.23735 3.01772 0.647213
    endloop
  endfacet
  facet normal -0.442529 0.106235 0.890439
    outer loop
      vertex -5.01708 2.98283 0.760845
      vertex -4.92744 3.35623 0.760845
      vertex -5.23735 3.01772 0.647213
    endloop
  endfacet
  facet normal -0.688636 0.165327 0.706008
    outer loop
      vertex -5.13954 3.42515 0.647213
      vertex -5.30786 3.47984 0.470228
      vertex -5.41216 3.0454 0.470228
    endloop
  endfacet
  facet normal -0.688627 0.165316 0.706019
    outer loop
      vertex -5.23735 3.01772 0.647213
      vertex -5.13954 3.42515 0.647213
      vertex -5.41216 3.0454 0.470228
    endloop
  endfacet
  facet normal -0.86694 0.208133 0.452874
    outer loop
      vertex -5.30786 3.47984 0.470228
      vertex -5.41593 3.51495 0.247213
      vertex -5.52439 3.06318 0.247213
    endloop
  endfacet
  facet normal -0.866941 0.208134 0.452873
    outer loop
      vertex -5.41216 3.0454 0.470228
      vertex -5.30786 3.47984 0.470228
      vertex -5.52439 3.06318 0.247213
    endloop
  endfacet
  facet normal -0.960473 0.230576 0.155971
    outer loop
      vertex -5.41593 3.51495 0.247213
      vertex -5.45317 3.52705 0
      vertex -5.56306 3.0693 0
    endloop
  endfacet
  facet normal -0.960473 0.230588 0.155949
    outer loop
      vertex -5.52439 3.06318 0.247213
      vertex -5.41593 3.51495 0.247213
      vertex -5.56306 3.0693 0
    endloop
  endfacet
  facet normal -0.96047 0.230588 -0.155971
    outer loop
      vertex -5.45317 3.52705 0
      vertex -5.41593 3.51495 -0.247213
      vertex -5.52439 3.06318 -0.247213
    endloop
  endfacet
  facet normal -0.960476 0.230577 -0.155949
    outer loop
      vertex -5.45317 3.52705 0
      vertex -5.52439 3.06318 -0.247213
      vertex -5.56306 3.0693 0
    endloop
  endfacet
  facet normal -0.888829 0.0699449 -0.45287
    outer loop
      vertex -5.41216 3.0454 -0.470228
      vertex -5.44721 2.6 -0.470228
      vertex -5.52439 3.06318 -0.247213
    endloop
  endfacet
  facet normal -0.888827 0.0699463 -0.452873
    outer loop
      vertex -5.52439 3.06318 -0.247213
      vertex -5.44721 2.6 -0.470228
      vertex -5.56084 2.6 -0.247213
    endloop
  endfacet
  facet normal -0.706007 0.0555719 -0.706022
    outer loop
      vertex -5.23735 3.01772 -0.647213
      vertex -5.27023 2.6 -0.647213
      vertex -5.41216 3.0454 -0.470228
    endloop
  endfacet
  facet normal -0.706025 0.0555594 -0.706005
    outer loop
      vertex -5.41216 3.0454 -0.470228
      vertex -5.27023 2.6 -0.647213
      vertex -5.44721 2.6 -0.470228
    endloop
  endfacet
  facet normal -0.4537 0.0357077 -0.890439
    outer loop
      vertex -5.01708 2.98283 -0.760845
      vertex -5.04721 2.6 -0.760845
      vertex -5.23735 3.01772 -0.647213
    endloop
  endfacet
  facet normal -0.453693 0.0357116 -0.890442
    outer loop
      vertex -5.23735 3.01772 -0.647213
      vertex -5.04721 2.6 -0.760845
      vertex -5.27023 2.6 -0.647213
    endloop
  endfacet
  facet normal -0.156419 0.0123123 -0.987614
    outer loop
      vertex -4.77291 2.94416 -0.799999
      vertex -4.8 2.6 -0.799999
      vertex -5.01708 2.98283 -0.760845
    endloop
  endfacet
  facet normal -0.156422 0.0123109 -0.987614
    outer loop
      vertex -5.01708 2.98283 -0.760845
      vertex -4.8 2.6 -0.799999
      vertex -5.04721 2.6 -0.760845
    endloop
  endfacet
  facet normal 0.156419 -0.0123146 -0.987614
    outer loop
      vertex -4.52874 2.90548 -0.760845
      vertex -4.55279 2.6 -0.760845
      vertex -4.77291 2.94416 -0.799999
    endloop
  endfacet
  facet normal 0.156422 -0.0123125 -0.987614
    outer loop
      vertex -4.77291 2.94416 -0.799999
      vertex -4.55279 2.6 -0.760845
      vertex -4.8 2.6 -0.799999
    endloop
  endfacet
  facet normal 0.453699 -0.0357138 -0.890439
    outer loop
      vertex -4.30847 2.87059 -0.647213
      vertex -4.32977 2.6 -0.647213
      vertex -4.52874 2.90548 -0.760845
    endloop
  endfacet
  facet normal 0.453693 -0.0357186 -0.890442
    outer loop
      vertex -4.52874 2.90548 -0.760845
      vertex -4.32977 2.6 -0.647213
      vertex -4.55279 2.6 -0.760845
    endloop
  endfacet
  facet normal 0.706026 -0.055573 -0.706002
    outer loop
      vertex -4.13367 2.84291 -0.470228
      vertex -4.15279 2.6 -0.470228
      vertex -4.30847 2.87059 -0.647213
    endloop
  endfacet
  facet normal 0.706024 -0.055576 -0.706004
    outer loop
      vertex -4.30847 2.87059 -0.647213
      vertex -4.15279 2.6 -0.470228
      vertex -4.32977 2.6 -0.647213
    endloop
  endfacet
  facet normal 0.888831 -0.0699205 -0.452869
    outer loop
      vertex -4.02144 2.82513 -0.247213
      vertex -4.03915 2.6 -0.247213
      vertex -4.13367 2.84291 -0.470228
    endloop
  endfacet
  facet normal 0.88881 -0.0699603 -0.452904
    outer loop
      vertex -4.13367 2.84291 -0.470228
      vertex -4.03915 2.6 -0.247213
      vertex -4.15279 2.6 -0.470228
    endloop
  endfacet
  facet normal 0.984712 -0.0775144 -0.155991
    outer loop
      vertex -3.98276 2.81901 0
      vertex -4 2.6 0
      vertex -4.02144 2.82513 -0.247213
    endloop
  endfacet
  facet normal 0.984723 -0.0774639 -0.155946
    outer loop
      vertex -4.02144 2.82513 -0.247213
      vertex -4 2.6 0
      vertex -4.03915 2.6 -0.247213
    endloop
  endfacet
  facet normal 0.984716 -0.0774634 0.155991
    outer loop
      vertex -3.98276 2.81901 0
      vertex -4.02144 2.82513 0.247213
      vertex -4.03915 2.6 0.247213
    endloop
  endfacet
  facet normal 0.984719 -0.077515 0.155946
    outer loop
      vertex -4 2.6 0
      vertex -3.98276 2.81901 0
      vertex -4.03915 2.6 0.247213
    endloop
  endfacet
  facet normal 0.888827 -0.0699616 0.452871
    outer loop
      vertex -4.02144 2.82513 0.247213
      vertex -4.13367 2.84291 0.470228
      vertex -4.15279 2.6 0.470228
    endloop
  endfacet
  facet normal 0.888813 -0.069919 0.452905
    outer loop
      vertex -4.03915 2.6 0.247213
      vertex -4.02144 2.82513 0.247213
      vertex -4.15279 2.6 0.470228
    endloop
  endfacet
  facet normal 0.706026 -0.0555762 0.706002
    outer loop
      vertex -4.13367 2.84291 0.470228
      vertex -4.30847 2.87059 0.647213
      vertex -4.32977 2.6 0.647213
    endloop
  endfacet
  facet normal 0.706024 -0.0555728 0.706004
    outer loop
      vertex -4.15279 2.6 0.470228
      vertex -4.13367 2.84291 0.470228
      vertex -4.32977 2.6 0.647213
    endloop
  endfacet
  facet normal 0.453698 -0.035719 0.890439
    outer loop
      vertex -4.30847 2.87059 0.647213
      vertex -4.52874 2.90548 0.760845
      vertex -4.55279 2.6 0.760845
    endloop
  endfacet
  facet normal 0.453693 -0.0357133 0.890442
    outer loop
      vertex -4.32977 2.6 0.647213
      vertex -4.30847 2.87059 0.647213
      vertex -4.55279 2.6 0.760845
    endloop
  endfacet
  facet normal 0.156419 -0.0123123 0.987614
    outer loop
      vertex -4.52874 2.90548 0.760845
      vertex -4.77291 2.94416 0.799999
      vertex -4.8 2.6 0.799999
    endloop
  endfacet
  facet normal 0.156422 -0.0123149 0.987614
    outer loop
      vertex -4.55279 2.6 0.760845
      vertex -4.52874 2.90548 0.760845
      vertex -4.8 2.6 0.799999
    endloop
  endfacet
  facet normal -0.15642 0.0123107 0.987614
    outer loop
      vertex -4.77291 2.94416 0.799999
      vertex -5.01708 2.98283 0.760845
      vertex -5.04721 2.6 0.760845
    endloop
  endfacet
  facet normal -0.156422 0.0123125 0.987614
    outer loop
      vertex -4.8 2.6 0.799999
      vertex -4.77291 2.94416 0.799999
      vertex -5.04721 2.6 0.760845
    endloop
  endfacet
  facet normal -0.453699 0.035712 0.890439
    outer loop
      vertex -5.01708 2.98283 0.760845
      vertex -5.23735 3.01772 0.647213
      vertex -5.27023 2.6 0.647213
    endloop
  endfacet
  facet normal -0.453693 0.0357072 0.890442
    outer loop
      vertex -5.04721 2.6 0.760845
      vertex -5.01708 2.98283 0.760845
      vertex -5.27023 2.6 0.647213
    endloop
  endfacet
  facet normal -0.706008 0.0555581 0.706021
    outer loop
      vertex -5.23735 3.01772 0.647213
      vertex -5.41216 3.0454 0.470228
      vertex -5.44721 2.6 0.470228
    endloop
  endfacet
  facet normal -0.706024 0.0555733 0.706004
    outer loop
      vertex -5.27023 2.6 0.647213
      vertex -5.23735 3.01772 0.647213
      vertex -5.44721 2.6 0.470228
    endloop
  endfacet
  facet normal -0.888828 0.0699465 0.45287
    outer loop
      vertex -5.41216 3.0454 0.470228
      vertex -5.52439 3.06318 0.247213
      vertex -5.56084 2.6 0.247213
    endloop
  endfacet
  facet normal -0.888827 0.0699448 0.452873
    outer loop
      vertex -5.44721 2.6 0.470228
      vertex -5.41216 3.0454 0.470228
      vertex -5.56084 2.6 0.247213
    endloop
  endfacet
  facet normal -0.984719 0.0775101 0.155952
    outer loop
      vertex -5.52439 3.06318 0.247213
      vertex -5.56306 3.0693 0
      vertex -5.6 2.6 0
    endloop
  endfacet
  facet normal -0.984715 0.0774923 0.155985
    outer loop
      vertex -5.56084 2.6 0.247213
      vertex -5.52439 3.06318 0.247213
      vertex -5.6 2.6 0
    endloop
  endfacet
  facet normal -0.98472 0.0774927 -0.155952
    outer loop
      vertex -5.52439 3.06318 -0.247213
      vertex -5.56084 2.6 -0.247213
      vertex -5.56306 3.0693 0
    endloop
  endfacet
  facet normal -0.984714 0.0775097 -0.155984
    outer loop
      vertex -5.56306 3.0693 0
      vertex -5.56084 2.6 -0.247213
      vertex -5.6 2.6 0
    endloop
  endfacet
  facet normal 0.0699448 -0.888827 -0.452873
    outer loop
      vertex 2.6 -5.44721 -0.470228
      vertex 3.0454 -5.41216 -0.470228
      vertex 2.6 -5.56084 -0.247213
    endloop
  endfacet
  facet normal 0.0699465 -0.888828 -0.45287
    outer loop
      vertex 3.0454 -5.41216 -0.470228
      vertex 3.06318 -5.52439 -0.247213
      vertex 2.6 -5.56084 -0.247213
    endloop
  endfacet
  facet normal 0.0555733 -0.706024 -0.706004
    outer loop
      vertex 2.6 -5.27023 -0.647213
      vertex 3.01772 -5.23735 -0.647213
      vertex 2.6 -5.44721 -0.470228
    endloop
  endfacet
  facet normal 0.0555581 -0.706008 -0.706021
    outer loop
      vertex 3.01772 -5.23735 -0.647213
      vertex 3.0454 -5.41216 -0.470228
      vertex 2.6 -5.44721 -0.470228
    endloop
  endfacet
  facet normal 0.0357072 -0.453693 -0.890442
    outer loop
      vertex 2.6 -5.04721 -0.760845
      vertex 2.98283 -5.01708 -0.760845
      vertex 2.6 -5.27023 -0.647213
    endloop
  endfacet
  facet normal 0.035712 -0.453699 -0.890439
    outer loop
      vertex 2.98283 -5.01708 -0.760845
      vertex 3.01772 -5.23735 -0.647213
      vertex 2.6 -5.27023 -0.647213
    endloop
  endfacet
  facet normal 0.0123125 -0.156422 -0.987614
    outer loop
      vertex 2.6 -4.8 -0.799999
      vertex 2.94416 -4.77291 -0.799999
      vertex 2.6 -5.04721 -0.760845
    endloop
  endfacet
  facet normal 0.0123107 -0.15642 -0.987614
    outer loop
      vertex 2.94416 -4.77291 -0.799999
      vertex 2.98283 -5.01708 -0.760845
      vertex 2.6 -5.04721 -0.760845
    endloop
  endfacet
  facet normal -0.0123149 0.156422 -0.987614
    outer loop
      vertex 2.6 -4.55279 -0.760845
      vertex 2.90548 -4.52874 -0.760845
      vertex 2.6 -4.8 -0.799999
    endloop
  endfacet
  facet normal -0.0123123 0.156419 -0.987614
    outer loop
      vertex 2.90548 -4.52874 -0.760845
      vertex 2.94416 -4.77291 -0.799999
      vertex 2.6 -4.8 -0.799999
    endloop
  endfacet
  facet normal -0.0357133 0.453693 -0.890442
    outer loop
      vertex 2.6 -4.32977 -0.647213
      vertex 2.87059 -4.30847 -0.647213
      vertex 2.6 -4.55279 -0.760845
    endloop
  endfacet
  facet normal -0.035719 0.453698 -0.890439
    outer loop
      vertex 2.87059 -4.30847 -0.647213
      vertex 2.90548 -4.52874 -0.760845
      vertex 2.6 -4.55279 -0.760845
    endloop
  endfacet
  facet normal -0.0555728 0.706024 -0.706004
    outer loop
      vertex 2.6 -4.15279 -0.470228
      vertex 2.84291 -4.13367 -0.470228
      vertex 2.6 -4.32977 -0.647213
    endloop
  endfacet
  facet normal -0.0555762 0.706026 -0.706002
    outer loop
      vertex 2.84291 -4.13367 -0.470228
      vertex 2.87059 -4.30847 -0.647213
      vertex 2.6 -4.32977 -0.647213
    endloop
  endfacet
  facet normal -0.069919 0.888813 -0.452905
    outer loop
      vertex 2.6 -4.03915 -0.247213
      vertex 2.82513 -4.02144 -0.247213
      vertex 2.6 -4.15279 -0.470228
    endloop
  endfacet
  facet normal -0.0699616 0.888827 -0.452871
    outer loop
      vertex 2.82513 -4.02144 -0.247213
      vertex 2.84291 -4.13367 -0.470228
      vertex 2.6 -4.15279 -0.470228
    endloop
  endfacet
  facet normal -0.077515 0.984719 -0.155946
    outer loop
      vertex 2.6 -4 0
      vertex 2.81901 -3.98276 0
      vertex 2.6 -4.03915 -0.247213
    endloop
  endfacet
  facet normal -0.0774634 0.984716 -0.155991
    outer loop
      vertex 2.81901 -3.98276 0
      vertex 2.82513 -4.02144 -0.247213
      vertex 2.6 -4.03915 -0.247213
    endloop
  endfacet
  facet normal -0.0774639 0.984723 0.155946
    outer loop
      vertex 2.82513 -4.02144 0.247213
      vertex 2.6 -4 0
      vertex 2.6 -4.03915 0.247213
    endloop
  endfacet
  facet normal -0.0775144 0.984712 0.155991
    outer loop
      vertex 2.82513 -4.02144 0.247213
      vertex 2.81901 -3.98276 0
      vertex 2.6 -4 0
    endloop
  endfacet
  facet normal -0.0699603 0.88881 0.452904
    outer loop
      vertex 2.84291 -4.13367 0.470228
      vertex 2.6 -4.03915 0.247213
      vertex 2.6 -4.15279 0.470228
    endloop
  endfacet
  facet normal -0.0699205 0.888831 0.452869
    outer loop
      vertex 2.84291 -4.13367 0.470228
      vertex 2.82513 -4.02144 0.247213
      vertex 2.6 -4.03915 0.247213
    endloop
  endfacet
  facet normal -0.055576 0.706024 0.706004
    outer loop
      vertex 2.87059 -4.30847 0.647213
      vertex 2.6 -4.15279 0.470228
      vertex 2.6 -4.32977 0.647213
    endloop
  endfacet
  facet normal -0.055573 0.706026 0.706002
    outer loop
      vertex 2.87059 -4.30847 0.647213
      vertex 2.84291 -4.13367 0.470228
      vertex 2.6 -4.15279 0.470228
    endloop
  endfacet
  facet normal -0.0357186 0.453693 0.890442
    outer loop
      vertex 2.90548 -4.52874 0.760845
      vertex 2.6 -4.32977 0.647213
      vertex 2.6 -4.55279 0.760845
    endloop
  endfacet
  facet normal -0.0357138 0.453699 0.890439
    outer loop
      vertex 2.90548 -4.52874 0.760845
      vertex 2.87059 -4.30847 0.647213
      vertex 2.6 -4.32977 0.647213
    endloop
  endfacet
  facet normal -0.0123125 0.156422 0.987614
    outer loop
      vertex 2.94416 -4.77291 0.799999
      vertex 2.6 -4.55279 0.760845
      vertex 2.6 -4.8 0.799999
    endloop
  endfacet
  facet normal -0.0123146 0.156419 0.987614
    outer loop
      vertex 2.94416 -4.77291 0.799999
      vertex 2.90548 -4.52874 0.760845
      vertex 2.6 -4.55279 0.760845
    endloop
  endfacet
  facet normal 0.0123109 -0.156422 0.987614
    outer loop
      vertex 2.98283 -5.01708 0.760845
      vertex 2.6 -4.8 0.799999
      vertex 2.6 -5.04721 0.760845
    endloop
  endfacet
  facet normal 0.0123123 -0.156419 0.987614
    outer loop
      vertex 2.98283 -5.01708 0.760845
      vertex 2.94416 -4.77291 0.799999
      vertex 2.6 -4.8 0.799999
    endloop
  endfacet
  facet normal 0.0357116 -0.453693 0.890442
    outer loop
      vertex 3.01772 -5.23735 0.647213
      vertex 2.6 -5.04721 0.760845
      vertex 2.6 -5.27023 0.647213
    endloop
  endfacet
  facet normal 0.0357077 -0.4537 0.890439
    outer loop
      vertex 3.01772 -5.23735 0.647213
      vertex 2.98283 -5.01708 0.760845
      vertex 2.6 -5.04721 0.760845
    endloop
  endfacet
  facet normal 0.0555594 -0.706025 0.706005
    outer loop
      vertex 3.0454 -5.41216 0.470228
      vertex 2.6 -5.27023 0.647213
      vertex 2.6 -5.44721 0.470228
    endloop
  endfacet
  facet normal 0.0555719 -0.706007 0.706022
    outer loop
      vertex 3.0454 -5.41216 0.470228
      vertex 3.01772 -5.23735 0.647213
      vertex 2.6 -5.27023 0.647213
    endloop
  endfacet
  facet normal 0.0699463 -0.888827 0.452873
    outer loop
      vertex 3.06318 -5.52439 0.247213
      vertex 2.6 -5.44721 0.470228
      vertex 2.6 -5.56084 0.247213
    endloop
  endfacet
  facet normal 0.0699449 -0.888829 0.45287
    outer loop
      vertex 3.06318 -5.52439 0.247213
      vertex 3.0454 -5.41216 0.470228
      vertex 2.6 -5.44721 0.470228
    endloop
  endfacet
  facet normal 0.0775097 -0.984714 0.155984
    outer loop
      vertex 3.0693 -5.56306 0
      vertex 2.6 -5.56084 0.247213
      vertex 2.6 -5.6 0
    endloop
  endfacet
  facet normal 0.0774927 -0.98472 0.155952
    outer loop
      vertex 3.0693 -5.56306 0
      vertex 3.06318 -5.52439 0.247213
      vertex 2.6 -5.56084 0.247213
    endloop
  endfacet
  facet normal 0.0774923 -0.984715 -0.155985
    outer loop
      vertex 2.6 -5.56084 -0.247213
      vertex 3.06318 -5.52439 -0.247213
      vertex 2.6 -5.6 0
    endloop
  endfacet
  facet normal 0.0775101 -0.984719 -0.155952
    outer loop
      vertex 3.06318 -5.52439 -0.247213
      vertex 3.0693 -5.56306 0
      vertex 2.6 -5.6 0
    endloop
  endfacet
  facet normal 0.208134 -0.866941 -0.452873
    outer loop
      vertex 3.47984 -5.30786 -0.470228
      vertex 3.06318 -5.52439 -0.247213
      vertex 3.0454 -5.41216 -0.470228
    endloop
  endfacet
  facet normal 0.208133 -0.86694 -0.452874
    outer loop
      vertex 3.47984 -5.30786 -0.470228
      vertex 3.51495 -5.41593 -0.247213
      vertex 3.06318 -5.52439 -0.247213
    endloop
  endfacet
  facet normal 0.165316 -0.688627 -0.706019
    outer loop
      vertex 3.42515 -5.13954 -0.647213
      vertex 3.0454 -5.41216 -0.470228
      vertex 3.01772 -5.23735 -0.647213
    endloop
  endfacet
  facet normal 0.165327 -0.688636 -0.706008
    outer loop
      vertex 3.42515 -5.13954 -0.647213
      vertex 3.47984 -5.30786 -0.470228
      vertex 3.0454 -5.41216 -0.470228
    endloop
  endfacet
  facet normal 0.106235 -0.442529 -0.890439
    outer loop
      vertex 3.35623 -4.92744 -0.760845
      vertex 3.01772 -5.23735 -0.647213
      vertex 2.98283 -5.01708 -0.760845
    endloop
  endfacet
  facet normal 0.106236 -0.44253 -0.890439
    outer loop
      vertex 3.35623 -4.92744 -0.760845
      vertex 3.42515 -5.13954 -0.647213
      vertex 3.01772 -5.23735 -0.647213
    endloop
  endfacet
  facet normal 0.0366286 -0.152568 -0.987614
    outer loop
      vertex 3.27984 -4.69232 -0.799999
      vertex 2.98283 -5.01708 -0.760845
      vertex 2.94416 -4.77291 -0.799999
    endloop
  endfacet
  facet normal 0.0366256 -0.152566 -0.987614
    outer loop
      vertex 3.27984 -4.69232 -0.799999
      vertex 3.35623 -4.92744 -0.760845
      vertex 2.98283 -5.01708 -0.760845
    endloop
  endfacet
  facet normal -0.0366262 0.152567 -0.987614
    outer loop
      vertex 3.20344 -4.45721 -0.760845
      vertex 2.94416 -4.77291 -0.799999
      vertex 2.90548 -4.52874 -0.760845
    endloop
  endfacet
  facet normal -0.0366288 0.152569 -0.987614
    outer loop
      vertex 3.20344 -4.45721 -0.760845
      vertex 3.27984 -4.69232 -0.799999
      vertex 2.94416 -4.77291 -0.799999
    endloop
  endfacet
  facet normal -0.106231 0.44253 -0.890439
    outer loop
      vertex 3.13453 -4.24511 -0.647213
      vertex 2.90548 -4.52874 -0.760845
      vertex 2.87059 -4.30847 -0.647213
    endloop
  endfacet
  facet normal -0.106237 0.442533 -0.890437
    outer loop
      vertex 3.13453 -4.24511 -0.647213
      vertex 3.20344 -4.45721 -0.760845
      vertex 2.90548 -4.52874 -0.760845
    endloop
  endfacet
  facet normal -0.165324 0.688645 -0.706
    outer loop
      vertex 3.07984 -4.07679 -0.470228
      vertex 2.87059 -4.30847 -0.647213
      vertex 2.84291 -4.13367 -0.470228
    endloop
  endfacet
  facet normal -0.165311 0.68864 -0.706008
    outer loop
      vertex 3.07984 -4.07679 -0.470228
      vertex 3.13453 -4.24511 -0.647213
      vertex 2.87059 -4.30847 -0.647213
    endloop
  endfacet
  facet normal -0.208138 0.86694 -0.452873
    outer loop
      vertex 3.04472 -3.96872 -0.247213
      vertex 2.84291 -4.13367 -0.470228
      vertex 2.82513 -4.02144 -0.247213
    endloop
  endfacet
  facet normal -0.208127 0.866938 -0.452882
    outer loop
      vertex 3.04472 -3.96872 -0.247213
      vertex 3.07984 -4.07679 -0.470228
      vertex 2.84291 -4.13367 -0.470228
    endloop
  endfacet
  facet normal -0.230574 0.96047 -0.155987
    outer loop
      vertex 3.03262 -3.93148 0
      vertex 2.82513 -4.02144 -0.247213
      vertex 2.81901 -3.98276 0
    endloop
  endfacet
  facet normal -0.230593 0.960469 -0.155971
    outer loop
      vertex 3.03262 -3.93148 0
      vertex 3.04472 -3.96872 -0.247213
      vertex 2.82513 -4.02144 -0.247213
    endloop
  endfacet
  facet normal -0.230592 0.960466 0.155987
    outer loop
      vertex 2.82513 -4.02144 0.247213
      vertex 3.04472 -3.96872 0.247213
      vertex 2.81901 -3.98276 0
    endloop
  endfacet
  facet normal -0.230575 0.960473 0.155971
    outer loop
      vertex 3.04472 -3.96872 0.247213
      vertex 3.03262 -3.93148 0
      vertex 2.81901 -3.98276 0
    endloop
  endfacet
  facet normal -0.208128 0.866942 0.452873
    outer loop
      vertex 2.84291 -4.13367 0.470228
      vertex 3.07984 -4.07679 0.470228
      vertex 2.82513 -4.02144 0.247213
    endloop
  endfacet
  facet normal -0.208137 0.866935 0.452882
    outer loop
      vertex 3.07984 -4.07679 0.470228
      vertex 3.04472 -3.96872 0.247213
      vertex 2.82513 -4.02144 0.247213
    endloop
  endfacet
  facet normal -0.165313 0.688647 0.706
    outer loop
      vertex 2.87059 -4.30847 0.647213
      vertex 3.13453 -4.24511 0.647213
      vertex 2.84291 -4.13367 0.470228
    endloop
  endfacet
  facet normal -0.165322 0.688637 0.706008
    outer loop
      vertex 3.13453 -4.24511 0.647213
      vertex 3.07984 -4.07679 0.470228
      vertex 2.84291 -4.13367 0.470228
    endloop
  endfacet
  facet normal -0.106236 0.442529 0.890439
    outer loop
      vertex 2.90548 -4.52874 0.760845
      vertex 3.20344 -4.45721 0.760845
      vertex 2.87059 -4.30847 0.647213
    endloop
  endfacet
  facet normal -0.106232 0.442535 0.890437
    outer loop
      vertex 3.20344 -4.45721 0.760845
      vertex 3.13453 -4.24511 0.647213
      vertex 2.87059 -4.30847 0.647213
    endloop
  endfacet
  facet normal -0.0366282 0.152567 0.987614
    outer loop
      vertex 2.94416 -4.77291 0.799999
      vertex 3.27984 -4.69232 0.799999
      vertex 2.90548 -4.52874 0.760845
    endloop
  endfacet
  facet normal -0.0366268 0.15257 0.987614
    outer loop
      vertex 3.27984 -4.69232 0.799999
      vertex 3.20344 -4.45721 0.760845
      vertex 2.90548 -4.52874 0.760845
    endloop
  endfacet
  facet normal 0.0366263 -0.152569 0.987614
    outer loop
      vertex 2.98283 -5.01708 0.760845
      vertex 3.35623 -4.92744 0.760845
      vertex 2.94416 -4.77291 0.799999
    endloop
  endfacet
  facet normal 0.0366278 -0.152565 0.987614
    outer loop
      vertex 3.35623 -4.92744 0.760845
      vertex 3.27984 -4.69232 0.799999
      vertex 2.94416 -4.77291 0.799999
    endloop
  endfacet
  facet normal 0.106236 -0.442529 0.890439
    outer loop
      vertex 3.01772 -5.23735 0.647213
      vertex 3.42515 -5.13954 0.647213
      vertex 2.98283 -5.01708 0.760845
    endloop
  endfacet
  facet normal 0.106236 -0.44253 0.890439
    outer loop
      vertex 3.42515 -5.13954 0.647213
      vertex 3.35623 -4.92744 0.760845
      vertex 2.98283 -5.01708 0.760845
    endloop
  endfacet
  facet normal 0.165325 -0.688625 0.706019
    outer loop
      vertex 3.0454 -5.41216 0.470228
      vertex 3.47984 -5.30786 0.470228
      vertex 3.01772 -5.23735 0.647213
    endloop
  endfacet
  facet normal 0.165318 -0.688638 0.706008
    outer loop
      vertex 3.47984 -5.30786 0.470228
      vertex 3.42515 -5.13954 0.647213
      vertex 3.01772 -5.23735 0.647213
    endloop
  endfacet
  facet normal 0.208133 -0.866941 0.452873
    outer loop
      vertex 3.06318 -5.52439 0.247213
      vertex 3.51495 -5.41593 0.247213
      vertex 3.0454 -5.41216 0.470228
    endloop
  endfacet
  facet normal 0.208134 -0.86694 0.452874
    outer loop
      vertex 3.51495 -5.41593 0.247213
      vertex 3.47984 -5.30786 0.470228
      vertex 3.0454 -5.41216 0.470228
    endloop
  endfacet
  facet normal 0.230577 -0.960476 0.155949
    outer loop
      vertex 3.0693 -5.56306 0
      vertex 3.52705 -5.45317 0
      vertex 3.06318 -5.52439 0.247213
    endloop
  endfacet
  facet normal 0.230588 -0.96047 0.155971
    outer loop
      vertex 3.52705 -5.45317 0
      vertex 3.51495 -5.41593 0.247213
      vertex 3.06318 -5.52439 0.247213
    endloop
  endfacet
  facet normal 0.230588 -0.960473 -0.155949
    outer loop
      vertex 3.51495 -5.41593 -0.247213
      vertex 3.0693 -5.56306 0
      vertex 3.06318 -5.52439 -0.247213
    endloop
  endfacet
  facet normal 0.230576 -0.960473 -0.155971
    outer loop
      vertex 3.51495 -5.41593 -0.247213
      vertex 3.52705 -5.45317 0
      vertex 3.0693 -5.56306 0
    endloop
  endfacet
  facet normal 0.341183 -0.823712 -0.452873
    outer loop
      vertex 3.89261 -5.13689 -0.470228
      vertex 3.51495 -5.41593 -0.247213
      vertex 3.47984 -5.30786 -0.470228
    endloop
  endfacet
  facet normal 0.3412 -0.823717 -0.452849
    outer loop
      vertex 3.89261 -5.13689 -0.470228
      vertex 3.94419 -5.23813 -0.247213
      vertex 3.51495 -5.41593 -0.247213
    endloop
  endfacet
  facet normal 0.271023 -0.654293 -0.706008
    outer loop
      vertex 3.81226 -4.97919 -0.647213
      vertex 3.47984 -5.30786 -0.470228
      vertex 3.42515 -5.13954 -0.647213
    endloop
  endfacet
  facet normal 0.271005 -0.654283 -0.706024
    outer loop
      vertex 3.81226 -4.97919 -0.647213
      vertex 3.89261 -5.13689 -0.470228
      vertex 3.47984 -5.30786 -0.470228
    endloop
  endfacet
  facet normal 0.174165 -0.420457 -0.890439
    outer loop
      vertex 3.71101 -4.78048 -0.760845
      vertex 3.42515 -5.13954 -0.647213
      vertex 3.35623 -4.92744 -0.760845
    endloop
  endfacet
  facet normal 0.174162 -0.420455 -0.890441
    outer loop
      vertex 3.71101 -4.78048 -0.760845
      vertex 3.81226 -4.97919 -0.647213
      vertex 3.42515 -5.13954 -0.647213
    endloop
  endfacet
  facet normal 0.0600436 -0.144957 -0.987614
    outer loop
      vertex 3.59878 -4.56021 -0.799999
      vertex 3.35623 -4.92744 -0.760845
      vertex 3.27984 -4.69232 -0.799999
    endloop
  endfacet
  facet normal 0.0600461 -0.144959 -0.987614
    outer loop
      vertex 3.59878 -4.56021 -0.799999
      vertex 3.71101 -4.78048 -0.760845
      vertex 3.35623 -4.92744 -0.760845
    endloop
  endfacet
  facet normal -0.0600454 0.14496 -0.987614
    outer loop
      vertex 3.48655 -4.33994 -0.760845
      vertex 3.27984 -4.69232 -0.799999
      vertex 3.20344 -4.45721 -0.760845
    endloop
  endfacet
  facet normal -0.0600445 0.14496 -0.987614
    outer loop
      vertex 3.48655 -4.33994 -0.760845
      vertex 3.59878 -4.56021 -0.799999
      vertex 3.27984 -4.69232 -0.799999
    endloop
  endfacet
  facet normal -0.174159 0.420466 -0.890437
    outer loop
      vertex 3.3853 -4.14124 -0.647213
      vertex 3.20344 -4.45721 -0.760845
      vertex 3.13453 -4.24511 -0.647213
    endloop
  endfacet
  facet normal -0.174167 0.420469 -0.890433
    outer loop
      vertex 3.3853 -4.14124 -0.647213
      vertex 3.48655 -4.33994 -0.760845
      vertex 3.20344 -4.45721 -0.760845
    endloop
  endfacet
  facet normal -0.271034 0.654289 -0.706008
    outer loop
      vertex 3.30495 -3.98354 -0.470228
      vertex 3.13453 -4.24511 -0.647213
      vertex 3.07984 -4.07679 -0.470228
    endloop
  endfacet
  facet normal -0.271007 0.654282 -0.706024
    outer loop
      vertex 3.30495 -3.98354 -0.470228
      vertex 3.3853 -4.14124 -0.647213
      vertex 3.13453 -4.24511 -0.647213
    endloop
  endfacet
  facet normal -0.341184 0.823704 -0.452885
    outer loop
      vertex 3.25336 -3.8823 -0.247213
      vertex 3.07984 -4.07679 -0.470228
      vertex 3.04472 -3.96872 -0.247213
    endloop
  endfacet
  facet normal -0.341213 0.823705 -0.452862
    outer loop
      vertex 3.25336 -3.8823 -0.247213
      vertex 3.30495 -3.98354 -0.470228
      vertex 3.07984 -4.07679 -0.470228
    endloop
  endfacet
  facet normal -0.377989 0.912577 -0.155971
    outer loop
      vertex 3.23559 -3.84741 0
      vertex 3.04472 -3.96872 -0.247213
      vertex 3.03262 -3.93148 0
    endloop
  endfacet
  facet normal -0.377995 0.912576 -0.155966
    outer loop
      vertex 3.23559 -3.84741 0
      vertex 3.25336 -3.8823 -0.247213
      vertex 3.04472 -3.96872 -0.247213
    endloop
  endfacet
  facet normal -0.377994 0.912575 0.155971
    outer loop
      vertex 3.04472 -3.96872 0.247213
      vertex 3.25336 -3.8823 0.247213
      vertex 3.03262 -3.93148 0
    endloop
  endfacet
  facet normal -0.377989 0.912578 0.155966
    outer loop
      vertex 3.25336 -3.8823 0.247213
      vertex 3.23559 -3.84741 0
      vertex 3.03262 -3.93148 0
    endloop
  endfacet
  facet normal -0.341209 0.823695 0.452884
    outer loop
      vertex 3.07984 -4.07679 0.470228
      vertex 3.30495 -3.98354 0.470228
      vertex 3.04472 -3.96872 0.247213
    endloop
  endfacet
  facet normal -0.341188 0.823716 0.452861
    outer loop
      vertex 3.30495 -3.98354 0.470228
      vertex 3.25336 -3.8823 0.247213
      vertex 3.04472 -3.96872 0.247213
    endloop
  endfacet
  facet normal -0.271013 0.654297 0.706008
    outer loop
      vertex 3.13453 -4.24511 0.647213
      vertex 3.3853 -4.14124 0.647213
      vertex 3.07984 -4.07679 0.470228
    endloop
  endfacet
  facet normal -0.271027 0.654273 0.706025
    outer loop
      vertex 3.3853 -4.14124 0.647213
      vertex 3.30495 -3.98354 0.470228
      vertex 3.07984 -4.07679 0.470228
    endloop
  endfacet
  facet normal -0.174165 0.420464 0.890436
    outer loop
      vertex 3.20344 -4.45721 0.760845
      vertex 3.48655 -4.33994 0.760845
      vertex 3.13453 -4.24511 0.647213
    endloop
  endfacet
  facet normal -0.174161 0.420472 0.890433
    outer loop
      vertex 3.48655 -4.33994 0.760845
      vertex 3.3853 -4.14124 0.647213
      vertex 3.13453 -4.24511 0.647213
    endloop
  endfacet
  facet normal -0.0600448 0.14496 0.987614
    outer loop
      vertex 3.27984 -4.69232 0.799999
      vertex 3.59878 -4.56021 0.799999
      vertex 3.20344 -4.45721 0.760845
    endloop
  endfacet
  facet normal -0.0600451 0.144959 0.987614
    outer loop
      vertex 3.59878 -4.56021 0.799999
      vertex 3.48655 -4.33994 0.760845
      vertex 3.20344 -4.45721 0.760845
    endloop
  endfacet
  facet normal 0.0600452 -0.144957 0.987614
    outer loop
      vertex 3.35623 -4.92744 0.760845
      vertex 3.71101 -4.78048 0.760845
      vertex 3.27984 -4.69232 0.799999
    endloop
  endfacet
  facet normal 0.0600445 -0.14496 0.987614
    outer loop
      vertex 3.71101 -4.78048 0.760845
      vertex 3.59878 -4.56021 0.799999
      vertex 3.27984 -4.69232 0.799999
    endloop
  endfacet
  facet normal 0.174163 -0.420458 0.890439
    outer loop
      vertex 3.42515 -5.13954 0.647213
      vertex 3.81226 -4.97919 0.647213
      vertex 3.35623 -4.92744 0.760845
    endloop
  endfacet
  facet normal 0.174164 -0.420454 0.890441
    outer loop
      vertex 3.81226 -4.97919 0.647213
      vertex 3.71101 -4.78048 0.760845
      vertex 3.35623 -4.92744 0.760845
    endloop
  endfacet
  facet normal 0.271011 -0.654297 0.706009
    outer loop
      vertex 3.47984 -5.30786 0.470228
      vertex 3.89261 -5.13689 0.470228
      vertex 3.42515 -5.13954 0.647213
    endloop
  endfacet
  facet normal 0.271017 -0.654277 0.706025
    outer loop
      vertex 3.89261 -5.13689 0.470228
      vertex 3.81226 -4.97919 0.647213
      vertex 3.42515 -5.13954 0.647213
    endloop
  endfacet
  facet normal 0.341196 -0.823706 0.452872
    outer loop
      vertex 3.51495 -5.41593 0.247213
      vertex 3.94419 -5.23813 0.247213
      vertex 3.47984 -5.30786 0.470228
    endloop
  endfacet
  facet normal 0.341187 -0.823723 0.452849
    outer loop
      vertex 3.94419 -5.23813 0.247213
      vertex 3.89261 -5.13689 0.470228
      vertex 3.47984 -5.30786 0.470228
    endloop
  endfacet
  facet normal 0.378 -0.912573 0.155971
    outer loop
      vertex 3.52705 -5.45317 0
      vertex 3.96197 -5.27302 0
      vertex 3.51495 -5.41593 0.247213
    endloop
  endfacet
  facet normal 0.378005 -0.912569 0.155981
    outer loop
      vertex 3.96197 -5.27302 0
      vertex 3.94419 -5.23813 0.247213
      vertex 3.51495 -5.41593 0.247213
    endloop
  endfacet
  facet normal 0.378005 -0.912571 -0.155971
    outer loop
      vertex 3.94419 -5.23813 -0.247213
      vertex 3.52705 -5.45317 0
      vertex 3.51495 -5.41593 -0.247213
    endloop
  endfacet
  facet normal 0.378 -0.912571 -0.155981
    outer loop
      vertex 3.94419 -5.23813 -0.247213
      vertex 3.96197 -5.27302 0
      vertex 3.52705 -5.45317 0
    endloop
  endfacet
  facet normal 0.465868 -0.760195 -0.452847
    outer loop
      vertex 4.27355 -4.90344 -0.470228
      vertex 3.94419 -5.23813 -0.247213
      vertex 3.89261 -5.13689 -0.470228
    endloop
  endfacet
  facet normal 0.465844 -0.760192 -0.452876
    outer loop
      vertex 4.27355 -4.90344 -0.470228
      vertex 4.34034 -4.99537 -0.247213
      vertex 3.94419 -5.23813 -0.247213
    endloop
  endfacet
  facet normal 0.370028 -0.603829 -0.706024
    outer loop
      vertex 4.16952 -4.76026 -0.647213
      vertex 3.89261 -5.13689 -0.470228
      vertex 3.81226 -4.97919 -0.647213
    endloop
  endfacet
  facet normal 0.370046 -0.603835 -0.706009
    outer loop
      vertex 4.16952 -4.76026 -0.647213
      vertex 4.27355 -4.90344 -0.470228
      vertex 3.89261 -5.13689 -0.470228
    endloop
  endfacet
  facet normal 0.23778 -0.38804 -0.890441
    outer loop
      vertex 4.03844 -4.57984 -0.760845
      vertex 3.81226 -4.97919 -0.647213
      vertex 3.71101 -4.78048 -0.760845
    endloop
  endfacet
  facet normal 0.237796 -0.388047 -0.890434
    outer loop
      vertex 4.03844 -4.57984 -0.760845
      vertex 4.16952 -4.76026 -0.647213
      vertex 3.81226 -4.97919 -0.647213
    endloop
  endfacet
  facet normal 0.0819791 -0.133784 -0.987614
    outer loop
      vertex 3.89313 -4.37984 -0.799999
      vertex 3.71101 -4.78048 -0.760845
      vertex 3.59878 -4.56021 -0.799999
    endloop
  endfacet
  facet normal 0.0819788 -0.133783 -0.987614
    outer loop
      vertex 3.89313 -4.37984 -0.799999
      vertex 4.03844 -4.57984 -0.760845
      vertex 3.71101 -4.78048 -0.760845
    endloop
  endfacet
  facet normal -0.0819793 0.133784 -0.987614
    outer loop
      vertex 3.74782 -4.17984 -0.760845
      vertex 3.59878 -4.56021 -0.799999
      vertex 3.48655 -4.33994 -0.760845
    endloop
  endfacet
  facet normal -0.081979 0.133783 -0.987614
    outer loop
      vertex 3.74782 -4.17984 -0.760845
      vertex 3.89313 -4.37984 -0.799999
      vertex 3.59878 -4.56021 -0.799999
    endloop
  endfacet
  facet normal -0.237808 0.388041 -0.890434
    outer loop
      vertex 3.61673 -3.99941 -0.647213
      vertex 3.48655 -4.33994 -0.760845
      vertex 3.3853 -4.14124 -0.647213
    endloop
  endfacet
  facet normal -0.237777 0.388033 -0.890445
    outer loop
      vertex 3.61673 -3.99941 -0.647213
      vertex 3.74782 -4.17984 -0.760845
      vertex 3.48655 -4.33994 -0.760845
    endloop
  endfacet
  facet normal -0.370029 0.603829 -0.706024
    outer loop
      vertex 3.5127 -3.85623 -0.470228
      vertex 3.3853 -4.14124 -0.647213
      vertex 3.30495 -3.98354 -0.470228
    endloop
  endfacet
  facet normal -0.370053 0.603831 -0.706009
    outer loop
      vertex 3.5127 -3.85623 -0.470228
      vertex 3.61673 -3.99941 -0.647213
      vertex 3.3853 -4.14124 -0.647213
    endloop
  endfacet
  facet normal -0.465864 0.760188 -0.452863
    outer loop
      vertex 3.44591 -3.7643 -0.247213
      vertex 3.30495 -3.98354 -0.470228
      vertex 3.25336 -3.8823 -0.247213
    endloop
  endfacet
  facet normal -0.465847 0.76019 -0.452876
    outer loop
      vertex 3.44591 -3.7643 -0.247213
      vertex 3.5127 -3.85623 -0.470228
      vertex 3.30495 -3.98354 -0.470228
    endloop
  endfacet
  facet normal -0.516125 0.842194 -0.155961
    outer loop
      vertex 3.4229 -3.73262 0
      vertex 3.25336 -3.8823 -0.247213
      vertex 3.23559 -3.84741 0
    endloop
  endfacet
  facet normal -0.516121 0.842196 -0.155966
    outer loop
      vertex 3.4229 -3.73262 0
      vertex 3.44591 -3.7643 -0.247213
      vertex 3.25336 -3.8823 -0.247213
    endloop
  endfacet
  facet normal -0.516121 0.842196 0.155961
    outer loop
      vertex 3.25336 -3.8823 0.247213
      vertex 3.44591 -3.7643 0.247213
      vertex 3.23559 -3.84741 0
    endloop
  endfacet
  facet normal -0.516125 0.842193 0.155966
    outer loop
      vertex 3.44591 -3.7643 0.247213
      vertex 3.4229 -3.73262 0
      vertex 3.23559 -3.84741 0
    endloop
  endfacet
  facet normal -0.465851 0.760196 0.452864
    outer loop
      vertex 3.30495 -3.98354 0.470228
      vertex 3.5127 -3.85623 0.470228
      vertex 3.25336 -3.8823 0.247213
    endloop
  endfacet
  facet normal -0.465861 0.760182 0.452877
    outer loop
      vertex 3.5127 -3.85623 0.470228
      vertex 3.44591 -3.7643 0.247213
      vertex 3.25336 -3.8823 0.247213
    endloop
  endfacet
  facet normal -0.370046 0.603819 0.706023
    outer loop
      vertex 3.3853 -4.14124 0.647213
      vertex 3.61673 -3.99941 0.647213
      vertex 3.30495 -3.98354 0.470228
    endloop
  endfacet
  facet normal -0.370036 0.603842 0.706009
    outer loop
      vertex 3.61673 -3.99941 0.647213
      vertex 3.5127 -3.85623 0.470228
      vertex 3.30495 -3.98354 0.470228
    endloop
  endfacet
  facet normal -0.237788 0.388051 0.890434
    outer loop
      vertex 3.48655 -4.33994 0.760845
      vertex 3.74782 -4.17984 0.760845
      vertex 3.3853 -4.14124 0.647213
    endloop
  endfacet
  facet normal -0.237795 0.388021 0.890446
    outer loop
      vertex 3.74782 -4.17984 0.760845
      vertex 3.61673 -3.99941 0.647213
      vertex 3.3853 -4.14124 0.647213
    endloop
  endfacet
  facet normal -0.0819791 0.133784 0.987614
    outer loop
      vertex 3.59878 -4.56021 0.799999
      vertex 3.89313 -4.37984 0.799999
      vertex 3.48655 -4.33994 0.760845
    endloop
  endfacet
  facet normal -0.0819792 0.133783 0.987614
    outer loop
      vertex 3.89313 -4.37984 0.799999
      vertex 3.74782 -4.17984 0.760845
      vertex 3.48655 -4.33994 0.760845
    endloop
  endfacet
  facet normal 0.0819789 -0.133784 0.987614
    outer loop
      vertex 3.71101 -4.78048 0.760845
      vertex 4.03844 -4.57984 0.760845
      vertex 3.59878 -4.56021 0.799999
    endloop
  endfacet
  facet normal 0.081979 -0.133783 0.987614
    outer loop
      vertex 4.03844 -4.57984 0.760845
      vertex 3.89313 -4.37984 0.799999
      vertex 3.59878 -4.56021 0.799999
    endloop
  endfacet
  facet normal 0.237789 -0.388035 0.890441
    outer loop
      vertex 3.81226 -4.97919 0.647213
      vertex 4.16952 -4.76026 0.647213
      vertex 3.71101 -4.78048 0.760845
    endloop
  endfacet
  facet normal 0.237788 -0.388053 0.890434
    outer loop
      vertex 4.16952 -4.76026 0.647213
      vertex 4.03844 -4.57984 0.760845
      vertex 3.71101 -4.78048 0.760845
    endloop
  endfacet
  facet normal 0.370039 -0.603823 0.706023
    outer loop
      vertex 3.89261 -5.13689 0.470228
      vertex 4.27355 -4.90344 0.470228
      vertex 3.81226 -4.97919 0.647213
    endloop
  endfacet
  facet normal 0.370036 -0.603842 0.706009
    outer loop
      vertex 4.27355 -4.90344 0.470228
      vertex 4.16952 -4.76026 0.647213
      vertex 3.81226 -4.97919 0.647213
    endloop
  endfacet
  facet normal 0.465852 -0.760205 0.452847
    outer loop
      vertex 3.94419 -5.23813 0.247213
      vertex 4.34034 -4.99537 0.247213
      vertex 3.89261 -5.13689 0.470228
    endloop
  endfacet
  facet normal 0.46586 -0.760182 0.452877
    outer loop
      vertex 4.34034 -4.99537 0.247213
      vertex 4.27355 -4.90344 0.470228
      vertex 3.89261 -5.13689 0.470228
    endloop
  endfacet
  facet normal 0.5161 -0.842206 0.155982
    outer loop
      vertex 3.96197 -5.27302 0
      vertex 4.36336 -5.02705 0
      vertex 3.94419 -5.23813 0.247213
    endloop
  endfacet
  facet normal 0.516101 -0.842204 0.155986
    outer loop
      vertex 4.36336 -5.02705 0
      vertex 4.34034 -4.99537 0.247213
      vertex 3.94419 -5.23813 0.247213
    endloop
  endfacet
  facet normal 0.516102 -0.842205 -0.155982
    outer loop
      vertex 4.34034 -4.99537 -0.247213
      vertex 3.96197 -5.27302 0
      vertex 3.94419 -5.23813 -0.247213
    endloop
  endfacet
  facet normal 0.5161 -0.842205 -0.155986
    outer loop
      vertex 4.34034 -4.99537 -0.247213
      vertex 4.36336 -5.02705 0
      vertex 3.96197 -5.27302 0
    endloop
  endfacet
  facet normal 0.579034 -0.677955 -0.452876
    outer loop
      vertex 4.61328 -4.61328 -0.470228
      vertex 4.34034 -4.99537 -0.247213
      vertex 4.27355 -4.90344 -0.470228
    endloop
  endfacet
  facet normal 0.579032 -0.677955 -0.452879
    outer loop
      vertex 4.61328 -4.61328 -0.470228
      vertex 4.69363 -4.69363 -0.247213
      vertex 4.34034 -4.99537 -0.247213
    endloop
  endfacet
  facet normal 0.459933 -0.538527 -0.70601
    outer loop
      vertex 4.48814 -4.48814 -0.647213
      vertex 4.27355 -4.90344 -0.470228
      vertex 4.16952 -4.76026 -0.647213
    endloop
  endfacet
  facet normal 0.459954 -0.538531 -0.705994
    outer loop
      vertex 4.48814 -4.48814 -0.647213
      vertex 4.61328 -4.61328 -0.470228
      vertex 4.27355 -4.90344 -0.470228
    endloop
  endfacet
  facet normal 0.295579 -0.346066 -0.890433
    outer loop
      vertex 4.33044 -4.33044 -0.760845
      vertex 4.16952 -4.76026 -0.647213
      vertex 4.03844 -4.57984 -0.760845
    endloop
  endfacet
  facet normal 0.295556 -0.34606 -0.890443
    outer loop
      vertex 4.33044 -4.33044 -0.760845
      vertex 4.48814 -4.48814 -0.647213
      vertex 4.16952 -4.76026 -0.647213
    endloop
  endfacet
  facet normal 0.101904 -0.119307 -0.987614
    outer loop
      vertex 4.15563 -4.15563 -0.799999
      vertex 4.03844 -4.57984 -0.760845
      vertex 3.89313 -4.37984 -0.799999
    endloop
  endfacet
  facet normal 0.1019 -0.119306 -0.987615
    outer loop
      vertex 4.15563 -4.15563 -0.799999
      vertex 4.33044 -4.33044 -0.760845
      vertex 4.03844 -4.57984 -0.760845
    endloop
  endfacet
  facet normal -0.1019 0.11931 -0.987614
    outer loop
      vertex 3.98083 -3.98083 -0.760845
      vertex 3.89313 -4.37984 -0.799999
      vertex 3.74782 -4.17984 -0.760845
    endloop
  endfacet
  facet normal -0.101908 0.119311 -0.987613
    outer loop
      vertex 3.98083 -3.98083 -0.760845
      vertex 4.15563 -4.15563 -0.799999
      vertex 3.89313 -4.37984 -0.799999
    endloop
  endfacet
  facet normal -0.295555 0.346055 -0.890445
    outer loop
      vertex 3.82313 -3.82313 -0.647213
      vertex 3.74782 -4.17984 -0.760845
      vertex 3.61673 -3.99941 -0.647213
    endloop
  endfacet
  facet normal -0.29556 0.346056 -0.890443
    outer loop
      vertex 3.82313 -3.82313 -0.647213
      vertex 3.98083 -3.98083 -0.760845
      vertex 3.74782 -4.17984 -0.760845
    endloop
  endfacet
  facet normal -0.459919 0.538539 -0.706011
    outer loop
      vertex 3.69799 -3.69799 -0.470228
      vertex 3.61673 -3.99941 -0.647213
      vertex 3.5127 -3.85623 -0.470228
    endloop
  endfacet
  facet normal -0.459948 0.538536 -0.705994
    outer loop
      vertex 3.69799 -3.69799 -0.470228
      vertex 3.82313 -3.82313 -0.647213
      vertex 3.61673 -3.99941 -0.647213
    endloop
  endfacet
  facet normal -0.579005 0.677979 -0.452877
    outer loop
      vertex 3.61764 -3.61764 -0.247213
      vertex 3.5127 -3.85623 -0.470228
      vertex 3.44591 -3.7643 -0.247213
    endloop
  endfacet
  facet normal -0.579003 0.67798 -0.452878
    outer loop
      vertex 3.61764 -3.61764 -0.247213
      vertex 3.69799 -3.69799 -0.470228
      vertex 3.5127 -3.85623 -0.470228
    endloop
  endfacet
  facet normal -0.64149 0.75111 -0.155962
    outer loop
      vertex 3.58995 -3.58995 0
      vertex 3.44591 -3.7643 -0.247213
      vertex 3.4229 -3.73262 0
    endloop
  endfacet
  facet normal -0.64147 0.751123 -0.155982
    outer loop
      vertex 3.58995 -3.58995 0
      vertex 3.61764 -3.61764 -0.247213
      vertex 3.44591 -3.7643 -0.247213
    endloop
  endfacet
  facet normal -0.641472 0.751125 0.155962
    outer loop
      vertex 3.44591 -3.7643 0.247213
      vertex 3.61764 -3.61764 0.247213
      vertex 3.4229 -3.73262 0
    endloop
  endfacet
  facet normal -0.641488 0.751108 0.155983
    outer loop
      vertex 3.61764 -3.61764 0.247213
      vertex 3.58995 -3.58995 0
      vertex 3.4229 -3.73262 0
    endloop
  endfacet
  facet normal -0.579004 0.67798 0.452877
    outer loop
      vertex 3.5127 -3.85623 0.470228
      vertex 3.69799 -3.69799 0.470228
      vertex 3.44591 -3.7643 0.247213
    endloop
  endfacet
  facet normal -0.579004 0.677979 0.452878
    outer loop
      vertex 3.69799 -3.69799 0.470228
      vertex 3.61764 -3.61764 0.247213
      vertex 3.44591 -3.7643 0.247213
    endloop
  endfacet
  facet normal -0.459937 0.538524 0.70601
    outer loop
      vertex 3.61673 -3.99941 0.647213
      vertex 3.82313 -3.82313 0.647213
      vertex 3.5127 -3.85623 0.470228
    endloop
  endfacet
  facet normal -0.45993 0.538552 0.705993
    outer loop
      vertex 3.82313 -3.82313 0.647213
      vertex 3.69799 -3.69799 0.470228
      vertex 3.5127 -3.85623 0.470228
    endloop
  endfacet
  facet normal -0.295558 0.346053 0.890445
    outer loop
      vertex 3.74782 -4.17984 0.760845
      vertex 3.98083 -3.98083 0.760845
      vertex 3.61673 -3.99941 0.647213
    endloop
  endfacet
  facet normal -0.295558 0.346058 0.890443
    outer loop
      vertex 3.98083 -3.98083 0.760845
      vertex 3.82313 -3.82313 0.647213
      vertex 3.61673 -3.99941 0.647213
    endloop
  endfacet
  facet normal -0.101904 0.119307 0.987614
    outer loop
      vertex 3.89313 -4.37984 0.799999
      vertex 4.15563 -4.15563 0.799999
      vertex 3.74782 -4.17984 0.760845
    endloop
  endfacet
  facet normal -0.101904 0.119314 0.987613
    outer loop
      vertex 4.15563 -4.15563 0.799999
      vertex 3.98083 -3.98083 0.760845
      vertex 3.74782 -4.17984 0.760845
    endloop
  endfacet
  facet normal 0.101902 -0.119308 0.987614
    outer loop
      vertex 4.03844 -4.57984 0.760845
      vertex 4.33044 -4.33044 0.760845
      vertex 3.89313 -4.37984 0.799999
    endloop
  endfacet
  facet normal 0.101902 -0.119304 0.987615
    outer loop
      vertex 4.33044 -4.33044 0.760845
      vertex 4.15563 -4.15563 0.799999
      vertex 3.89313 -4.37984 0.799999
    endloop
  endfacet
  facet normal 0.295568 -0.346074 0.890434
    outer loop
      vertex 4.16952 -4.76026 0.647213
      vertex 4.48814 -4.48814 0.647213
      vertex 4.03844 -4.57984 0.760845
    endloop
  endfacet
  facet normal 0.295565 -0.346051 0.890444
    outer loop
      vertex 4.48814 -4.48814 0.647213
      vertex 4.33044 -4.33044 0.760845
      vertex 4.03844 -4.57984 0.760845
    endloop
  endfacet
  facet normal 0.459944 -0.538519 0.706009
    outer loop
      vertex 4.27355 -4.90344 0.470228
      vertex 4.61328 -4.61328 0.470228
      vertex 4.16952 -4.76026 0.647213
    endloop
  endfacet
  facet normal 0.459944 -0.53854 0.705993
    outer loop
      vertex 4.61328 -4.61328 0.470228
      vertex 4.48814 -4.48814 0.647213
      vertex 4.16952 -4.76026 0.647213
    endloop
  endfacet
  facet normal 0.579033 -0.677956 0.452876
    outer loop
      vertex 4.34034 -4.99537 0.247213
      vertex 4.69363 -4.69363 0.247213
      vertex 4.27355 -4.90344 0.470228
    endloop
  endfacet
  facet normal 0.579033 -0.677953 0.452879
    outer loop
      vertex 4.69363 -4.69363 0.247213
      vertex 4.61328 -4.61328 0.470228
      vertex 4.27355 -4.90344 0.470228
    endloop
  endfacet
  facet normal 0.641502 -0.751095 0.155987
    outer loop
      vertex 4.36336 -5.02705 0
      vertex 4.72132 -4.72132 0
      vertex 4.34034 -4.99537 0.247213
    endloop
  endfacet
  facet normal 0.641501 -0.751096 0.155983
    outer loop
      vertex 4.72132 -4.72132 0
      vertex 4.69363 -4.69363 0.247213
      vertex 4.34034 -4.99537 0.247213
    endloop
  endfacet
  facet normal 0.6415 -0.751096 -0.155987
    outer loop
      vertex 4.69363 -4.69363 -0.247213
      vertex 4.36336 -5.02705 0
      vertex 4.34034 -4.99537 -0.247213
    endloop
  endfacet
  facet normal 0.641503 -0.751095 -0.155983
    outer loop
      vertex 4.69363 -4.69363 -0.247213
      vertex 4.72132 -4.72132 0
      vertex 4.36336 -5.02705 0
    endloop
  endfacet
  facet normal 0.677953 -0.579033 -0.452879
    outer loop
      vertex 4.90344 -4.27355 -0.470228
      vertex 4.69363 -4.69363 -0.247213
      vertex 4.61328 -4.61328 -0.470228
    endloop
  endfacet
  facet normal 0.677956 -0.579033 -0.452876
    outer loop
      vertex 4.90344 -4.27355 -0.470228
      vertex 4.99537 -4.34034 -0.247213
      vertex 4.69363 -4.69363 -0.247213
    endloop
  endfacet
  facet normal 0.53854 -0.459944 -0.705993
    outer loop
      vertex 4.76026 -4.16952 -0.647213
      vertex 4.61328 -4.61328 -0.470228
      vertex 4.48814 -4.48814 -0.647213
    endloop
  endfacet
  facet normal 0.538519 -0.459944 -0.706009
    outer loop
      vertex 4.76026 -4.16952 -0.647213
      vertex 4.90344 -4.27355 -0.470228
      vertex 4.61328 -4.61328 -0.470228
    endloop
  endfacet
  facet normal 0.346051 -0.295565 -0.890444
    outer loop
      vertex 4.57984 -4.03844 -0.760845
      vertex 4.48814 -4.48814 -0.647213
      vertex 4.33044 -4.33044 -0.760845
    endloop
  endfacet
  facet normal 0.346074 -0.295568 -0.890434
    outer loop
      vertex 4.57984 -4.03844 -0.760845
      vertex 4.76026 -4.16952 -0.647213
      vertex 4.48814 -4.48814 -0.647213
    endloop
  endfacet
  facet normal 0.119304 -0.101902 -0.987615
    outer loop
      vertex 4.37984 -3.89313 -0.799999
      vertex 4.33044 -4.33044 -0.760845
      vertex 4.15563 -4.15563 -0.799999
    endloop
  endfacet
  facet normal 0.119308 -0.101902 -0.987614
    outer loop
      vertex 4.37984 -3.89313 -0.799999
      vertex 4.57984 -4.03844 -0.760845
      vertex 4.33044 -4.33044 -0.760845
    endloop
  endfacet
  facet normal -0.119314 0.101904 -0.987613
    outer loop
      vertex 4.17984 -3.74782 -0.760845
      vertex 4.15563 -4.15563 -0.799999
      vertex 3.98083 -3.98083 -0.760845
    endloop
  endfacet
  facet normal -0.119307 0.101904 -0.987614
    outer loop
      vertex 4.17984 -3.74782 -0.760845
      vertex 4.37984 -3.89313 -0.799999
      vertex 4.15563 -4.15563 -0.799999
    endloop
  endfacet
  facet normal -0.346058 0.295558 -0.890443
    outer loop
      vertex 3.99941 -3.61673 -0.647213
      vertex 3.98083 -3.98083 -0.760845
      vertex 3.82313 -3.82313 -0.647213
    endloop
  endfacet
  facet normal -0.346053 0.295558 -0.890445
    outer loop
      vertex 3.99941 -3.61673 -0.647213
      vertex 4.17984 -3.74782 -0.760845
      vertex 3.98083 -3.98083 -0.760845
    endloop
  endfacet
  facet normal -0.538552 0.45993 -0.705993
    outer loop
      vertex 3.85623 -3.5127 -0.470228
      vertex 3.82313 -3.82313 -0.647213
      vertex 3.69799 -3.69799 -0.470228
    endloop
  endfacet
  facet normal -0.538524 0.459937 -0.70601
    outer loop
      vertex 3.85623 -3.5127 -0.470228
      vertex 3.99941 -3.61673 -0.647213
      vertex 3.82313 -3.82313 -0.647213
    endloop
  endfacet
  facet normal -0.677979 0.579004 -0.452878
    outer loop
      vertex 3.7643 -3.44591 -0.247213
      vertex 3.69799 -3.69799 -0.470228
      vertex 3.61764 -3.61764 -0.247213
    endloop
  endfacet
  facet normal -0.67798 0.579004 -0.452877
    outer loop
      vertex 3.7643 -3.44591 -0.247213
      vertex 3.85623 -3.5127 -0.470228
      vertex 3.69799 -3.69799 -0.470228
    endloop
  endfacet
  facet normal -0.751108 0.641488 -0.155983
    outer loop
      vertex 3.73262 -3.4229 0
      vertex 3.61764 -3.61764 -0.247213
      vertex 3.58995 -3.58995 0
    endloop
  endfacet
  facet normal -0.751125 0.641472 -0.155962
    outer loop
      vertex 3.73262 -3.4229 0
      vertex 3.7643 -3.44591 -0.247213
      vertex 3.61764 -3.61764 -0.247213
    endloop
  endfacet
  facet normal -0.751123 0.64147 0.155982
    outer loop
      vertex 3.61764 -3.61764 0.247213
      vertex 3.7643 -3.44591 0.247213
      vertex 3.58995 -3.58995 0
    endloop
  endfacet
  facet normal -0.75111 0.64149 0.155962
    outer loop
      vertex 3.7643 -3.44591 0.247213
      vertex 3.73262 -3.4229 0
      vertex 3.58995 -3.58995 0
    endloop
  endfacet
  facet normal -0.67798 0.579003 0.452878
    outer loop
      vertex 3.69799 -3.69799 0.470228
      vertex 3.85623 -3.5127 0.470228
      vertex 3.61764 -3.61764 0.247213
    endloop
  endfacet
  facet normal -0.677979 0.579005 0.452877
    outer loop
      vertex 3.85623 -3.5127 0.470228
      vertex 3.7643 -3.44591 0.247213
      vertex 3.61764 -3.61764 0.247213
    endloop
  endfacet
  facet normal -0.538536 0.459948 0.705994
    outer loop
      vertex 3.82313 -3.82313 0.647213
      vertex 3.99941 -3.61673 0.647213
      vertex 3.69799 -3.69799 0.470228
    endloop
  endfacet
  facet normal -0.538539 0.459919 0.706011
    outer loop
      vertex 3.99941 -3.61673 0.647213
      vertex 3.85623 -3.5127 0.470228
      vertex 3.69799 -3.69799 0.470228
    endloop
  endfacet
  facet normal -0.346056 0.29556 0.890443
    outer loop
      vertex 3.98083 -3.98083 0.760845
      vertex 4.17984 -3.74782 0.760845
      vertex 3.82313 -3.82313 0.647213
    endloop
  endfacet
  facet normal -0.346055 0.295555 0.890445
    outer loop
      vertex 4.17984 -3.74782 0.760845
      vertex 3.99941 -3.61673 0.647213
      vertex 3.82313 -3.82313 0.647213
    endloop
  endfacet
  facet normal -0.119311 0.101908 0.987613
    outer loop
      vertex 4.15563 -4.15563 0.799999
      vertex 4.37984 -3.89313 0.799999
      vertex 3.98083 -3.98083 0.760845
    endloop
  endfacet
  facet normal -0.11931 0.1019 0.987614
    outer loop
      vertex 4.37984 -3.89313 0.799999
      vertex 4.17984 -3.74782 0.760845
      vertex 3.98083 -3.98083 0.760845
    endloop
  endfacet
  facet normal 0.119306 -0.1019 0.987615
    outer loop
      vertex 4.33044 -4.33044 0.760845
      vertex 4.57984 -4.03844 0.760845
      vertex 4.15563 -4.15563 0.799999
    endloop
  endfacet
  facet normal 0.119307 -0.101904 0.987614
    outer loop
      vertex 4.57984 -4.03844 0.760845
      vertex 4.37984 -3.89313 0.799999
      vertex 4.15563 -4.15563 0.799999
    endloop
  endfacet
  facet normal 0.34606 -0.295556 0.890443
    outer loop
      vertex 4.48814 -4.48814 0.647213
      vertex 4.76026 -4.16952 0.647213
      vertex 4.33044 -4.33044 0.760845
    endloop
  endfacet
  facet normal 0.346066 -0.295579 0.890433
    outer loop
      vertex 4.76026 -4.16952 0.647213
      vertex 4.57984 -4.03844 0.760845
      vertex 4.33044 -4.33044 0.760845
    endloop
  endfacet
  facet normal 0.538531 -0.459954 0.705994
    outer loop
      vertex 4.61328 -4.61328 0.470228
      vertex 4.90344 -4.27355 0.470228
      vertex 4.48814 -4.48814 0.647213
    endloop
  endfacet
  facet normal 0.538527 -0.459933 0.70601
    outer loop
      vertex 4.90344 -4.27355 0.470228
      vertex 4.76026 -4.16952 0.647213
      vertex 4.48814 -4.48814 0.647213
    endloop
  endfacet
  facet normal 0.677955 -0.579032 0.452879
    outer loop
      vertex 4.69363 -4.69363 0.247213
      vertex 4.99537 -4.34034 0.247213
      vertex 4.61328 -4.61328 0.470228
    endloop
  endfacet
  facet normal 0.677955 -0.579034 0.452876
    outer loop
      vertex 4.99537 -4.34034 0.247213
      vertex 4.90344 -4.27355 0.470228
      vertex 4.61328 -4.61328 0.470228
    endloop
  endfacet
  facet normal 0.751095 -0.641503 0.155983
    outer loop
      vertex 4.72132 -4.72132 0
      vertex 5.02705 -4.36336 0
      vertex 4.69363 -4.69363 0.247213
    endloop
  endfacet
  facet normal 0.751096 -0.6415 0.155987
    outer loop
      vertex 5.02705 -4.36336 0
      vertex 4.99537 -4.34034 0.247213
      vertex 4.69363 -4.69363 0.247213
    endloop
  endfacet
  facet normal 0.751096 -0.641501 -0.155983
    outer loop
      vertex 4.99537 -4.34034 -0.247213
      vertex 4.72132 -4.72132 0
      vertex 4.69363 -4.69363 -0.247213
    endloop
  endfacet
  facet normal 0.751095 -0.641502 -0.155987
    outer loop
      vertex 4.99537 -4.34034 -0.247213
      vertex 5.02705 -4.36336 0
      vertex 4.72132 -4.72132 0
    endloop
  endfacet
  facet normal 0.760182 -0.46586 -0.452877
    outer loop
      vertex 5.13689 -3.89261 -0.470228
      vertex 4.99537 -4.34034 -0.247213
      vertex 4.90344 -4.27355 -0.470228
    endloop
  endfacet
  facet normal 0.760205 -0.465852 -0.452847
    outer loop
      vertex 5.13689 -3.89261 -0.470228
      vertex 5.23813 -3.94419 -0.247213
      vertex 4.99537 -4.34034 -0.247213
    endloop
  endfacet
  facet normal 0.603842 -0.370036 -0.706009
    outer loop
      vertex 4.97919 -3.81226 -0.647213
      vertex 4.90344 -4.27355 -0.470228
      vertex 4.76026 -4.16952 -0.647213
    endloop
  endfacet
  facet normal 0.603823 -0.370039 -0.706023
    outer loop
      vertex 4.97919 -3.81226 -0.647213
      vertex 5.13689 -3.89261 -0.470228
      vertex 4.90344 -4.27355 -0.470228
    endloop
  endfacet
  facet normal 0.388053 -0.237788 -0.890434
    outer loop
      vertex 4.78048 -3.71101 -0.760845
      vertex 4.76026 -4.16952 -0.647213
      vertex 4.57984 -4.03844 -0.760845
    endloop
  endfacet
  facet normal 0.388035 -0.237789 -0.890441
    outer loop
      vertex 4.78048 -3.71101 -0.760845
      vertex 4.97919 -3.81226 -0.647213
      vertex 4.76026 -4.16952 -0.647213
    endloop
  endfacet
  facet normal 0.133783 -0.081979 -0.987614
    outer loop
      vertex 4.56021 -3.59878 -0.799999
      vertex 4.57984 -4.03844 -0.760845
      vertex 4.37984 -3.89313 -0.799999
    endloop
  endfacet
  facet normal 0.133784 -0.0819789 -0.987614
    outer loop
      vertex 4.78048 -3.71101 -0.760845
      vertex 4.57984 -4.03844 -0.760845
      vertex 4.56021 -3.59878 -0.799999
    endloop
  endfacet
  facet normal -0.133783 0.0819792 -0.987614
    outer loop
      vertex 4.33994 -3.48655 -0.760845
      vertex 4.37984 -3.89313 -0.799999
      vertex 4.17984 -3.74782 -0.760845
    endloop
  endfacet
  facet normal -0.133784 0.0819791 -0.987614
    outer loop
      vertex 4.56021 -3.59878 -0.799999
      vertex 4.37984 -3.89313 -0.799999
      vertex 4.33994 -3.48655 -0.760845
    endloop
  endfacet
  facet normal -0.388021 0.237795 -0.890446
    outer loop
      vertex 4.14124 -3.3853 -0.647213
      vertex 4.17984 -3.74782 -0.760845
      vertex 3.99941 -3.61673 -0.647213
    endloop
  endfacet
  facet normal -0.388051 0.237788 -0.890434
    outer loop
      vertex 4.33994 -3.48655 -0.760845
      vertex 4.17984 -3.74782 -0.760845
      vertex 4.14124 -3.3853 -0.647213
    endloop
  endfacet
  facet normal -0.603842 0.370036 -0.706009
    outer loop
      vertex 3.98354 -3.30495 -0.470228
      vertex 3.99941 -3.61673 -0.647213
      vertex 3.85623 -3.5127 -0.470228
    endloop
  endfacet
  facet normal -0.603819 0.370046 -0.706023
    outer loop
      vertex 4.14124 -3.3853 -0.647213
      vertex 3.99941 -3.61673 -0.647213
      vertex 3.98354 -3.30495 -0.470228
    endloop
  endfacet
  facet normal -0.760182 0.465861 -0.452877
    outer loop
      vertex 3.8823 -3.25336 -0.247213
      vertex 3.85623 -3.5127 -0.470228
      vertex 3.7643 -3.44591 -0.247213
    endloop
  endfacet
  facet normal -0.760196 0.465851 -0.452864
    outer loop
      vertex 3.8823 -3.25336 -0.247213
      vertex 3.98354 -3.30495 -0.470228
      vertex 3.85623 -3.5127 -0.470228
    endloop
  endfacet
  facet normal -0.842193 0.516125 -0.155966
    outer loop
      vertex 3.84741 -3.23559 0
      vertex 3.7643 -3.44591 -0.247213
      vertex 3.73262 -3.4229 0
    endloop
  endfacet
  facet normal -0.842196 0.516121 -0.155961
    outer loop
      vertex 3.84741 -3.23559 0
      vertex 3.8823 -3.25336 -0.247213
      vertex 3.7643 -3.44591 -0.247213
    endloop
  endfacet
  facet normal -0.842196 0.516121 0.155966
    outer loop
      vertex 3.7643 -3.44591 0.247213
      vertex 3.8823 -3.25336 0.247213
      vertex 3.73262 -3.4229 0
    endloop
  endfacet
  facet normal -0.842194 0.516125 0.155961
    outer loop
      vertex 3.8823 -3.25336 0.247213
      vertex 3.84741 -3.23559 0
      vertex 3.73262 -3.4229 0
    endloop
  endfacet
  facet normal -0.76019 0.465847 0.452876
    outer loop
      vertex 3.85623 -3.5127 0.470228
      vertex 3.98354 -3.30495 0.470228
      vertex 3.7643 -3.44591 0.247213
    endloop
  endfacet
  facet normal -0.760188 0.465864 0.452863
    outer loop
      vertex 3.98354 -3.30495 0.470228
      vertex 3.8823 -3.25336 0.247213
      vertex 3.7643 -3.44591 0.247213
    endloop
  endfacet
  facet normal -0.603831 0.370053 0.706009
    outer loop
      vertex 3.99941 -3.61673 0.647213
      vertex 4.14124 -3.3853 0.647213
      vertex 3.85623 -3.5127 0.470228
    endloop
  endfacet
  facet normal -0.603829 0.370029 0.706024
    outer loop
      vertex 4.14124 -3.3853 0.647213
      vertex 3.98354 -3.30495 0.470228
      vertex 3.85623 -3.5127 0.470228
    endloop
  endfacet
  facet normal -0.388033 0.237777 0.890445
    outer loop
      vertex 4.17984 -3.74782 0.760845
      vertex 4.33994 -3.48655 0.760845
      vertex 3.99941 -3.61673 0.647213
    endloop
  endfacet
  facet normal -0.388041 0.237808 0.890434
    outer loop
      vertex 4.33994 -3.48655 0.760845
      vertex 4.14124 -3.3853 0.647213
      vertex 3.99941 -3.61673 0.647213
    endloop
  endfacet
  facet normal -0.133783 0.081979 0.987614
    outer loop
      vertex 4.37984 -3.89313 0.799999
      vertex 4.56021 -3.59878 0.799999
      vertex 4.17984 -3.74782 0.760845
    endloop
  endfacet
  facet normal -0.133784 0.0819793 0.987614
    outer loop
      vertex 4.56021 -3.59878 0.799999
      vertex 4.33994 -3.48655 0.760845
      vertex 4.17984 -3.74782 0.760845
    endloop
  endfacet
  facet normal 0.133783 -0.0819788 0.987614
    outer loop
      vertex 4.57984 -4.03844 0.760845
      vertex 4.78048 -3.71101 0.760845
      vertex 4.37984 -3.89313 0.799999
    endloop
  endfacet
  facet normal 0.133784 -0.0819791 0.987614
    outer loop
      vertex 4.78048 -3.71101 0.760845
      vertex 4.56021 -3.59878 0.799999
      vertex 4.37984 -3.89313 0.799999
    endloop
  endfacet
  facet normal 0.388047 -0.237796 0.890434
    outer loop
      vertex 4.76026 -4.16952 0.647213
      vertex 4.97919 -3.81226 0.647213
      vertex 4.57984 -4.03844 0.760845
    endloop
  endfacet
  facet normal 0.38804 -0.23778 0.890441
    outer loop
      vertex 4.97919 -3.81226 0.647213
      vertex 4.78048 -3.71101 0.760845
      vertex 4.57984 -4.03844 0.760845
    endloop
  endfacet
  facet normal 0.603835 -0.370046 0.706009
    outer loop
      vertex 4.90344 -4.27355 0.470228
      vertex 5.13689 -3.89261 0.470228
      vertex 4.76026 -4.16952 0.647213
    endloop
  endfacet
  facet normal 0.603829 -0.370028 0.706024
    outer loop
      vertex 5.13689 -3.89261 0.470228
      vertex 4.97919 -3.81226 0.647213
      vertex 4.76026 -4.16952 0.647213
    endloop
  endfacet
  facet normal 0.760192 -0.465844 0.452876
    outer loop
      vertex 4.99537 -4.34034 0.247213
      vertex 5.23813 -3.94419 0.247213
      vertex 4.90344 -4.27355 0.470228
    endloop
  endfacet
  facet normal 0.760195 -0.465868 0.452847
    outer loop
      vertex 5.23813 -3.94419 0.247213
      vertex 5.13689 -3.89261 0.470228
      vertex 4.90344 -4.27355 0.470228
    endloop
  endfacet
  facet normal 0.842205 -0.5161 0.155986
    outer loop
      vertex 5.02705 -4.36336 0
      vertex 5.27302 -3.96197 0
      vertex 4.99537 -4.34034 0.247213
    endloop
  endfacet
  facet normal 0.842205 -0.516102 0.155982
    outer loop
      vertex 5.27302 -3.96197 0
      vertex 5.23813 -3.94419 0.247213
      vertex 4.99537 -4.34034 0.247213
    endloop
  endfacet
  facet normal 0.842204 -0.516101 -0.155986
    outer loop
      vertex 5.23813 -3.94419 -0.247213
      vertex 5.02705 -4.36336 0
      vertex 4.99537 -4.34034 -0.247213
    endloop
  endfacet
  facet normal 0.842206 -0.5161 -0.155982
    outer loop
      vertex 5.23813 -3.94419 -0.247213
      vertex 5.27302 -3.96197 0
      vertex 5.02705 -4.36336 0
    endloop
  endfacet
  facet normal 0.823723 -0.341187 -0.452849
    outer loop
      vertex 5.30786 -3.47984 -0.470228
      vertex 5.23813 -3.94419 -0.247213
      vertex 5.13689 -3.89261 -0.470228
    endloop
  endfacet
  facet normal 0.823706 -0.341196 -0.452872
    outer loop
      vertex 5.30786 -3.47984 -0.470228
      vertex 5.41593 -3.51495 -0.247213
      vertex 5.23813 -3.94419 -0.247213
    endloop
  endfacet
  facet normal 0.654277 -0.271017 -0.706025
    outer loop
      vertex 5.13954 -3.42515 -0.647213
      vertex 5.13689 -3.89261 -0.470228
      vertex 4.97919 -3.81226 -0.647213
    endloop
  endfacet
  facet normal 0.654297 -0.271011 -0.706009
    outer loop
      vertex 5.13954 -3.42515 -0.647213
      vertex 5.30786 -3.47984 -0.470228
      vertex 5.13689 -3.89261 -0.470228
    endloop
  endfacet
  facet normal 0.420454 -0.174164 -0.890441
    outer loop
      vertex 4.92744 -3.35623 -0.760845
      vertex 4.97919 -3.81226 -0.647213
      vertex 4.78048 -3.71101 -0.760845
    endloop
  endfacet
  facet normal 0.420458 -0.174163 -0.890439
    outer loop
      vertex 5.13954 -3.42515 -0.647213
      vertex 4.97919 -3.81226 -0.647213
      vertex 4.92744 -3.35623 -0.760845
    endloop
  endfacet
  facet normal 0.14496 -0.0600445 -0.987614
    outer loop
      vertex 4.69232 -3.27984 -0.799999
      vertex 4.78048 -3.71101 -0.760845
      vertex 4.56021 -3.59878 -0.799999
    endloop
  endfacet
  facet normal 0.144957 -0.0600452 -0.987614
    outer loop
      vertex 4.92744 -3.35623 -0.760845
      vertex 4.78048 -3.71101 -0.760845
      vertex 4.69232 -3.27984 -0.799999
    endloop
  endfacet
  facet normal -0.144959 0.0600451 -0.987614
    outer loop
      vertex 4.45721 -3.20344 -0.760845
      vertex 4.56021 -3.59878 -0.799999
      vertex 4.33994 -3.48655 -0.760845
    endloop
  endfacet
  facet normal -0.14496 0.0600448 -0.987614
    outer loop
      vertex 4.69232 -3.27984 -0.799999
      vertex 4.56021 -3.59878 -0.799999
      vertex 4.45721 -3.20344 -0.760845
    endloop
  endfacet
  facet normal -0.420472 0.174161 -0.890433
    outer loop
      vertex 4.24511 -3.13453 -0.647213
      vertex 4.33994 -3.48655 -0.760845
      vertex 4.14124 -3.3853 -0.647213
    endloop
  endfacet
  facet normal -0.420464 0.174165 -0.890436
    outer loop
      vertex 4.45721 -3.20344 -0.760845
      vertex 4.33994 -3.48655 -0.760845
      vertex 4.24511 -3.13453 -0.647213
    endloop
  endfacet
  facet normal -0.654273 0.271027 -0.706025
    outer loop
      vertex 4.07679 -3.07984 -0.470228
      vertex 4.14124 -3.3853 -0.647213
      vertex 3.98354 -3.30495 -0.470228
    endloop
  endfacet
  facet normal -0.654297 0.271013 -0.706008
    outer loop
      vertex 4.24511 -3.13453 -0.647213
      vertex 4.14124 -3.3853 -0.647213
      vertex 4.07679 -3.07984 -0.470228
    endloop
  endfacet
  facet normal -0.823716 0.341188 -0.452861
    outer loop
      vertex 3.96872 -3.04472 -0.247213
      vertex 3.98354 -3.30495 -0.470228
      vertex 3.8823 -3.25336 -0.247213
    endloop
  endfacet
  facet normal -0.823695 0.341209 -0.452884
    outer loop
      vertex 4.07679 -3.07984 -0.470228
      vertex 3.98354 -3.30495 -0.470228
      vertex 3.96872 -3.04472 -0.247213
    endloop
  endfacet
  facet normal -0.912578 0.377989 -0.155966
    outer loop
      vertex 3.93148 -3.03262 0
      vertex 3.8823 -3.25336 -0.247213
      vertex 3.84741 -3.23559 0
    endloop
  endfacet
  facet normal -0.912575 0.377994 -0.155971
    outer loop
      vertex 3.93148 -3.03262 0
      vertex 3.96872 -3.04472 -0.247213
      vertex 3.8823 -3.25336 -0.247213
    endloop
  endfacet
  facet normal -0.912576 0.377995 0.155966
    outer loop
      vertex 3.8823 -3.25336 0.247213
      vertex 3.96872 -3.04472 0.247213
      vertex 3.84741 -3.23559 0
    endloop
  endfacet
  facet normal -0.912577 0.377989 0.155971
    outer loop
      vertex 3.96872 -3.04472 0.247213
      vertex 3.93148 -3.03262 0
      vertex 3.84741 -3.23559 0
    endloop
  endfacet
  facet normal -0.823705 0.341213 0.452862
    outer loop
      vertex 3.98354 -3.30495 0.470228
      vertex 4.07679 -3.07984 0.470228
      vertex 3.8823 -3.25336 0.247213
    endloop
  endfacet
  facet normal -0.823704 0.341184 0.452885
    outer loop
      vertex 4.07679 -3.07984 0.470228
      vertex 3.96872 -3.04472 0.247213
      vertex 3.8823 -3.25336 0.247213
    endloop
  endfacet
  facet normal -0.654282 0.271007 0.706024
    outer loop
      vertex 4.14124 -3.3853 0.647213
      vertex 4.24511 -3.13453 0.647213
      vertex 3.98354 -3.30495 0.470228
    endloop
  endfacet
  facet normal -0.654289 0.271034 0.706008
    outer loop
      vertex 4.24511 -3.13453 0.647213
      vertex 4.07679 -3.07984 0.470228
      vertex 3.98354 -3.30495 0.470228
    endloop
  endfacet
  facet normal -0.420469 0.174167 0.890433
    outer loop
      vertex 4.33994 -3.48655 0.760845
      vertex 4.45721 -3.20344 0.760845
      vertex 4.14124 -3.3853 0.647213
    endloop
  endfacet
  facet normal -0.420466 0.174159 0.890437
    outer loop
      vertex 4.45721 -3.20344 0.760845
      vertex 4.24511 -3.13453 0.647213
      vertex 4.14124 -3.3853 0.647213
    endloop
  endfacet
  facet normal -0.14496 0.0600445 0.987614
    outer loop
      vertex 4.56021 -3.59878 0.799999
      vertex 4.69232 -3.27984 0.799999
      vertex 4.33994 -3.48655 0.760845
    endloop
  endfacet
  facet normal -0.14496 0.0600454 0.987614
    outer loop
      vertex 4.69232 -3.27984 0.799999
      vertex 4.45721 -3.20344 0.760845
      vertex 4.33994 -3.48655 0.760845
    endloop
  endfacet
  facet normal 0.144959 -0.0600461 0.987614
    outer loop
      vertex 4.78048 -3.71101 0.760845
      vertex 4.92744 -3.35623 0.760845
      vertex 4.56021 -3.59878 0.799999
    endloop
  endfacet
  facet normal 0.144957 -0.0600436 0.987614
    outer loop
      vertex 4.92744 -3.35623 0.760845
      vertex 4.69232 -3.27984 0.799999
      vertex 4.56021 -3.59878 0.799999
    endloop
  endfacet
  facet normal 0.420455 -0.174162 0.890441
    outer loop
      vertex 4.97919 -3.81226 0.647213
      vertex 5.13954 -3.42515 0.647213
      vertex 4.78048 -3.71101 0.760845
    endloop
  endfacet
  facet normal 0.420457 -0.174165 0.890439
    outer loop
      vertex 5.13954 -3.42515 0.647213
      vertex 4.92744 -3.35623 0.760845
      vertex 4.78048 -3.71101 0.760845
    endloop
  endfacet
  facet normal 0.654283 -0.271005 0.706024
    outer loop
      vertex 5.13689 -3.89261 0.470228
      vertex 5.30786 -3.47984 0.470228
      vertex 4.97919 -3.81226 0.647213
    endloop
  endfacet
  facet normal 0.654293 -0.271023 0.706008
    outer loop
      vertex 5.30786 -3.47984 0.470228
      vertex 5.13954 -3.42515 0.647213
      vertex 4.97919 -3.81226 0.647213
    endloop
  endfacet
  facet normal 0.823717 -0.3412 0.452849
    outer loop
      vertex 5.23813 -3.94419 0.247213
      vertex 5.41593 -3.51495 0.247213
      vertex 5.13689 -3.89261 0.470228
    endloop
  endfacet
  facet normal 0.823712 -0.341183 0.452873
    outer loop
      vertex 5.41593 -3.51495 0.247213
      vertex 5.30786 -3.47984 0.470228
      vertex 5.13689 -3.89261 0.470228
    endloop
  endfacet
  facet normal 0.912571 -0.378 0.155981
    outer loop
      vertex 5.27302 -3.96197 0
      vertex 5.45317 -3.52705 0
      vertex 5.23813 -3.94419 0.247213
    endloop
  endfacet
  facet normal 0.912571 -0.378005 0.155971
    outer loop
      vertex 5.45317 -3.52705 0
      vertex 5.41593 -3.51495 0.247213
      vertex 5.23813 -3.94419 0.247213
    endloop
  endfacet
  facet normal 0.912569 -0.378005 -0.155981
    outer loop
      vertex 5.41593 -3.51495 -0.247213
      vertex 5.27302 -3.96197 0
      vertex 5.23813 -3.94419 -0.247213
    endloop
  endfacet
  facet normal 0.912573 -0.378 -0.155971
    outer loop
      vertex 5.41593 -3.51495 -0.247213
      vertex 5.45317 -3.52705 0
      vertex 5.27302 -3.96197 0
    endloop
  endfacet
  facet normal 0.86694 -0.208134 -0.452874
    outer loop
      vertex 5.41216 -3.0454 -0.470228
      vertex 5.41593 -3.51495 -0.247213
      vertex 5.30786 -3.47984 -0.470228
    endloop
  endfacet
  facet normal 0.866941 -0.208133 -0.452873
    outer loop
      vertex 5.52439 -3.06318 -0.247213
      vertex 5.41593 -3.51495 -0.247213
      vertex 5.41216 -3.0454 -0.470228
    endloop
  endfacet
  facet normal 0.688638 -0.165318 -0.706008
    outer loop
      vertex 5.23735 -3.01772 -0.647213
      vertex 5.30786 -3.47984 -0.470228
      vertex 5.13954 -3.42515 -0.647213
    endloop
  endfacet
  facet normal 0.688625 -0.165325 -0.706019
    outer loop
      vertex 5.41216 -3.0454 -0.470228
      vertex 5.30786 -3.47984 -0.470228
      vertex 5.23735 -3.01772 -0.647213
    endloop
  endfacet
  facet normal 0.44253 -0.106236 -0.890439
    outer loop
      vertex 5.01708 -2.98283 -0.760845
      vertex 5.13954 -3.42515 -0.647213
      vertex 4.92744 -3.35623 -0.760845
    endloop
  endfacet
  facet normal 0.442529 -0.106236 -0.890439
    outer loop
      vertex 5.23735 -3.01772 -0.647213
      vertex 5.13954 -3.42515 -0.647213
      vertex 5.01708 -2.98283 -0.760845
    endloop
  endfacet
  facet normal 0.152565 -0.0366278 -0.987614
    outer loop
      vertex 4.77291 -2.94416 -0.799999
      vertex 4.92744 -3.35623 -0.760845
      vertex 4.69232 -3.27984 -0.799999
    endloop
  endfacet
  facet normal 0.152569 -0.0366263 -0.987614
    outer loop
      vertex 5.01708 -2.98283 -0.760845
      vertex 4.92744 -3.35623 -0.760845
      vertex 4.77291 -2.94416 -0.799999
    endloop
  endfacet
  facet normal -0.15257 0.0366268 -0.987614
    outer loop
      vertex 4.52874 -2.90548 -0.760845
      vertex 4.69232 -3.27984 -0.799999
      vertex 4.45721 -3.20344 -0.760845
    endloop
  endfacet
  facet normal -0.152567 0.0366282 -0.987614
    outer loop
      vertex 4.77291 -2.94416 -0.799999
      vertex 4.69232 -3.27984 -0.799999
      vertex 4.52874 -2.90548 -0.760845
    endloop
  endfacet
  facet normal -0.442535 0.106232 -0.890437
    outer loop
      vertex 4.30847 -2.87059 -0.647213
      vertex 4.45721 -3.20344 -0.760845
      vertex 4.24511 -3.13453 -0.647213
    endloop
  endfacet
  facet normal -0.442529 0.106236 -0.890439
    outer loop
      vertex 4.52874 -2.90548 -0.760845
      vertex 4.45721 -3.20344 -0.760845
      vertex 4.30847 -2.87059 -0.647213
    endloop
  endfacet
  facet normal -0.688637 0.165322 -0.706008
    outer loop
      vertex 4.13367 -2.84291 -0.470228
      vertex 4.24511 -3.13453 -0.647213
      vertex 4.07679 -3.07984 -0.470228
    endloop
  endfacet
  facet normal -0.688647 0.165313 -0.706
    outer loop
      vertex 4.30847 -2.87059 -0.647213
      vertex 4.24511 -3.13453 -0.647213
      vertex 4.13367 -2.84291 -0.470228
    endloop
  endfacet
  facet normal -0.866935 0.208137 -0.452882
    outer loop
      vertex 4.02144 -2.82513 -0.247213
      vertex 4.07679 -3.07984 -0.470228
      vertex 3.96872 -3.04472 -0.247213
    endloop
  endfacet
  facet normal -0.866942 0.208128 -0.452873
    outer loop
      vertex 4.13367 -2.84291 -0.470228
      vertex 4.07679 -3.07984 -0.470228
      vertex 4.02144 -2.82513 -0.247213
    endloop
  endfacet
  facet normal -0.960473 0.230575 -0.155971
    outer loop
      vertex 3.98276 -2.81901 0
      vertex 3.96872 -3.04472 -0.247213
      vertex 3.93148 -3.03262 0
    endloop
  endfacet
  facet normal -0.960466 0.230592 -0.155987
    outer loop
      vertex 3.98276 -2.81901 0
      vertex 4.02144 -2.82513 -0.247213
      vertex 3.96872 -3.04472 -0.247213
    endloop
  endfacet
  facet normal -0.960469 0.230593 0.155971
    outer loop
      vertex 3.96872 -3.04472 0.247213
      vertex 4.02144 -2.82513 0.247213
      vertex 3.93148 -3.03262 0
    endloop
  endfacet
  facet normal -0.96047 0.230574 0.155987
    outer loop
      vertex 4.02144 -2.82513 0.247213
      vertex 3.98276 -2.81901 0
      vertex 3.93148 -3.03262 0
    endloop
  endfacet
  facet normal -0.866938 0.208127 0.452882
    outer loop
      vertex 4.07679 -3.07984 0.470228
      vertex 4.13367 -2.84291 0.470228
      vertex 3.96872 -3.04472 0.247213
    endloop
  endfacet
  facet normal -0.86694 0.208138 0.452873
    outer loop
      vertex 4.13367 -2.84291 0.470228
      vertex 4.02144 -2.82513 0.247213
      vertex 3.96872 -3.04472 0.247213
    endloop
  endfacet
  facet normal -0.68864 0.165311 0.706008
    outer loop
      vertex 4.24511 -3.13453 0.647213
      vertex 4.30847 -2.87059 0.647213
      vertex 4.07679 -3.07984 0.470228
    endloop
  endfacet
  facet normal -0.688645 0.165324 0.706
    outer loop
      vertex 4.30847 -2.87059 0.647213
      vertex 4.13367 -2.84291 0.470228
      vertex 4.07679 -3.07984 0.470228
    endloop
  endfacet
  facet normal -0.442533 0.106237 0.890437
    outer loop
      vertex 4.45721 -3.20344 0.760845
      vertex 4.52874 -2.90548 0.760845
      vertex 4.24511 -3.13453 0.647213
    endloop
  endfacet
  facet normal -0.44253 0.106231 0.890439
    outer loop
      vertex 4.52874 -2.90548 0.760845
      vertex 4.30847 -2.87059 0.647213
      vertex 4.24511 -3.13453 0.647213
    endloop
  endfacet
  facet normal -0.152569 0.0366288 0.987614
    outer loop
      vertex 4.69232 -3.27984 0.799999
      vertex 4.77291 -2.94416 0.799999
      vertex 4.45721 -3.20344 0.760845
    endloop
  endfacet
  facet normal -0.152567 0.0366262 0.987614
    outer loop
      vertex 4.77291 -2.94416 0.799999
      vertex 4.52874 -2.90548 0.760845
      vertex 4.45721 -3.20344 0.760845
    endloop
  endfacet
  facet normal 0.152566 -0.0366256 0.987614
    outer loop
      vertex 4.92744 -3.35623 0.760845
      vertex 5.01708 -2.98283 0.760845
      vertex 4.69232 -3.27984 0.799999
    endloop
  endfacet
  facet normal 0.152568 -0.0366286 0.987614
    outer loop
      vertex 5.01708 -2.98283 0.760845
      vertex 4.77291 -2.94416 0.799999
      vertex 4.69232 -3.27984 0.799999
    endloop
  endfacet
  facet normal 0.44253 -0.106236 0.890439
    outer loop
      vertex 5.13954 -3.42515 0.647213
      vertex 5.23735 -3.01772 0.647213
      vertex 4.92744 -3.35623 0.760845
    endloop
  endfacet
  facet normal 0.442529 -0.106235 0.890439
    outer loop
      vertex 5.23735 -3.01772 0.647213
      vertex 5.01708 -2.98283 0.760845
      vertex 4.92744 -3.35623 0.760845
    endloop
  endfacet
  facet normal 0.688636 -0.165327 0.706008
    outer loop
      vertex 5.30786 -3.47984 0.470228
      vertex 5.41216 -3.0454 0.470228
      vertex 5.13954 -3.42515 0.647213
    endloop
  endfacet
  facet normal 0.688627 -0.165316 0.706019
    outer loop
      vertex 5.41216 -3.0454 0.470228
      vertex 5.23735 -3.01772 0.647213
      vertex 5.13954 -3.42515 0.647213
    endloop
  endfacet
  facet normal 0.86694 -0.208133 0.452874
    outer loop
      vertex 5.41593 -3.51495 0.247213
      vertex 5.52439 -3.06318 0.247213
      vertex 5.30786 -3.47984 0.470228
    endloop
  endfacet
  facet normal 0.866941 -0.208134 0.452873
    outer loop
      vertex 5.52439 -3.06318 0.247213
      vertex 5.41216 -3.0454 0.470228
      vertex 5.30786 -3.47984 0.470228
    endloop
  endfacet
  facet normal 0.960473 -0.230576 0.155971
    outer loop
      vertex 5.45317 -3.52705 0
      vertex 5.56306 -3.0693 0
      vertex 5.41593 -3.51495 0.247213
    endloop
  endfacet
  facet normal 0.960473 -0.230588 0.155949
    outer loop
      vertex 5.56306 -3.0693 0
      vertex 5.52439 -3.06318 0.247213
      vertex 5.41593 -3.51495 0.247213
    endloop
  endfacet
  facet normal 0.96047 -0.230588 -0.155971
    outer loop
      vertex 5.52439 -3.06318 -0.247213
      vertex 5.45317 -3.52705 0
      vertex 5.41593 -3.51495 -0.247213
    endloop
  endfacet
  facet normal 0.960476 -0.230577 -0.155949
    outer loop
      vertex 5.52439 -3.06318 -0.247213
      vertex 5.56306 -3.0693 0
      vertex 5.45317 -3.52705 0
    endloop
  endfacet
  facet normal 0.888829 -0.0699449 -0.45287
    outer loop
      vertex 5.44721 -2.6 -0.470228
      vertex 5.52439 -3.06318 -0.247213
      vertex 5.41216 -3.0454 -0.470228
    endloop
  endfacet
  facet normal 0.888827 -0.0699463 -0.452873
    outer loop
      vertex 5.56084 -2.6 -0.247213
      vertex 5.52439 -3.06318 -0.247213
      vertex 5.44721 -2.6 -0.470228
    endloop
  endfacet
  facet normal 0.706007 -0.0555719 -0.706022
    outer loop
      vertex 5.27023 -2.6 -0.647213
      vertex 5.41216 -3.0454 -0.470228
      vertex 5.23735 -3.01772 -0.647213
    endloop
  endfacet
  facet normal 0.706025 -0.0555594 -0.706005
    outer loop
      vertex 5.44721 -2.6 -0.470228
      vertex 5.41216 -3.0454 -0.470228
      vertex 5.27023 -2.6 -0.647213
    endloop
  endfacet
  facet normal 0.4537 -0.0357077 -0.890439
    outer loop
      vertex 5.04721 -2.6 -0.760845
      vertex 5.23735 -3.01772 -0.647213
      vertex 5.01708 -2.98283 -0.760845
    endloop
  endfacet
  facet normal 0.453693 -0.0357116 -0.890442
    outer loop
      vertex 5.27023 -2.6 -0.647213
      vertex 5.23735 -3.01772 -0.647213
      vertex 5.04721 -2.6 -0.760845
    endloop
  endfacet
  facet normal 0.156419 -0.0123123 -0.987614
    outer loop
      vertex 4.8 -2.6 -0.799999
      vertex 5.01708 -2.98283 -0.760845
      vertex 4.77291 -2.94416 -0.799999
    endloop
  endfacet
  facet normal 0.156422 -0.0123109 -0.987614
    outer loop
      vertex 5.04721 -2.6 -0.760845
      vertex 5.01708 -2.98283 -0.760845
      vertex 4.8 -2.6 -0.799999
    endloop
  endfacet
  facet normal -0.156419 0.0123146 -0.987614
    outer loop
      vertex 4.55279 -2.6 -0.760845
      vertex 4.77291 -2.94416 -0.799999
      vertex 4.52874 -2.90548 -0.760845
    endloop
  endfacet
  facet normal -0.156422 0.0123125 -0.987614
    outer loop
      vertex 4.8 -2.6 -0.799999
      vertex 4.77291 -2.94416 -0.799999
      vertex 4.55279 -2.6 -0.760845
    endloop
  endfacet
  facet normal -0.453699 0.0357138 -0.890439
    outer loop
      vertex 4.32977 -2.6 -0.647213
      vertex 4.52874 -2.90548 -0.760845
      vertex 4.30847 -2.87059 -0.647213
    endloop
  endfacet
  facet normal -0.453693 0.0357186 -0.890442
    outer loop
      vertex 4.55279 -2.6 -0.760845
      vertex 4.52874 -2.90548 -0.760845
      vertex 4.32977 -2.6 -0.647213
    endloop
  endfacet
  facet normal -0.706026 0.055573 -0.706002
    outer loop
      vertex 4.15279 -2.6 -0.470228
      vertex 4.30847 -2.87059 -0.647213
      vertex 4.13367 -2.84291 -0.470228
    endloop
  endfacet
  facet normal -0.706024 0.055576 -0.706004
    outer loop
      vertex 4.32977 -2.6 -0.647213
      vertex 4.30847 -2.87059 -0.647213
      vertex 4.15279 -2.6 -0.470228
    endloop
  endfacet
  facet normal -0.888831 0.0699205 -0.452869
    outer loop
      vertex 4.03915 -2.6 -0.247213
      vertex 4.13367 -2.84291 -0.470228
      vertex 4.02144 -2.82513 -0.247213
    endloop
  endfacet
  facet normal -0.88881 0.0699603 -0.452904
    outer loop
      vertex 4.15279 -2.6 -0.470228
      vertex 4.13367 -2.84291 -0.470228
      vertex 4.03915 -2.6 -0.247213
    endloop
  endfacet
  facet normal -0.984712 0.0775144 -0.155991
    outer loop
      vertex 4 -2.6 0
      vertex 4.02144 -2.82513 -0.247213
      vertex 3.98276 -2.81901 0
    endloop
  endfacet
  facet normal -0.984723 0.0774639 -0.155946
    outer loop
      vertex 4.03915 -2.6 -0.247213
      vertex 4.02144 -2.82513 -0.247213
      vertex 4 -2.6 0
    endloop
  endfacet
  facet normal -0.984716 0.0774634 0.155991
    outer loop
      vertex 4.02144 -2.82513 0.247213
      vertex 4.03915 -2.6 0.247213
      vertex 3.98276 -2.81901 0
    endloop
  endfacet
  facet normal -0.984719 0.077515 0.155946
    outer loop
      vertex 4.03915 -2.6 0.247213
      vertex 4 -2.6 0
      vertex 3.98276 -2.81901 0
    endloop
  endfacet
  facet normal -0.888827 0.0699616 0.452871
    outer loop
      vertex 4.13367 -2.84291 0.470228
      vertex 4.15279 -2.6 0.470228
      vertex 4.02144 -2.82513 0.247213
    endloop
  endfacet
  facet normal -0.888813 0.069919 0.452905
    outer loop
      vertex 4.15279 -2.6 0.470228
      vertex 4.03915 -2.6 0.247213
      vertex 4.02144 -2.82513 0.247213
    endloop
  endfacet
  facet normal -0.706026 0.0555762 0.706002
    outer loop
      vertex 4.30847 -2.87059 0.647213
      vertex 4.32977 -2.6 0.647213
      vertex 4.13367 -2.84291 0.470228
    endloop
  endfacet
  facet normal -0.706024 0.0555728 0.706004
    outer loop
      vertex 4.32977 -2.6 0.647213
      vertex 4.15279 -2.6 0.470228
      vertex 4.13367 -2.84291 0.470228
    endloop
  endfacet
  facet normal -0.453698 0.035719 0.890439
    outer loop
      vertex 4.52874 -2.90548 0.760845
      vertex 4.55279 -2.6 0.760845
      vertex 4.30847 -2.87059 0.647213
    endloop
  endfacet
  facet normal -0.453693 0.0357133 0.890442
    outer loop
      vertex 4.55279 -2.6 0.760845
      vertex 4.32977 -2.6 0.647213
      vertex 4.30847 -2.87059 0.647213
    endloop
  endfacet
  facet normal -0.156419 0.0123123 0.987614
    outer loop
      vertex 4.77291 -2.94416 0.799999
      vertex 4.8 -2.6 0.799999
      vertex 4.52874 -2.90548 0.760845
    endloop
  endfacet
  facet normal -0.156422 0.0123149 0.987614
    outer loop
      vertex 4.8 -2.6 0.799999
      vertex 4.55279 -2.6 0.760845
      vertex 4.52874 -2.90548 0.760845
    endloop
  endfacet
  facet normal 0.15642 -0.0123107 0.987614
    outer loop
      vertex 5.01708 -2.98283 0.760845
      vertex 5.04721 -2.6 0.760845
      vertex 4.77291 -2.94416 0.799999
    endloop
  endfacet
  facet normal 0.156422 -0.0123125 0.987614
    outer loop
      vertex 5.04721 -2.6 0.760845
      vertex 4.8 -2.6 0.799999
      vertex 4.77291 -2.94416 0.799999
    endloop
  endfacet
  facet normal 0.453699 -0.035712 0.890439
    outer loop
      vertex 5.23735 -3.01772 0.647213
      vertex 5.27023 -2.6 0.647213
      vertex 5.01708 -2.98283 0.760845
    endloop
  endfacet
  facet normal 0.453693 -0.0357072 0.890442
    outer loop
      vertex 5.27023 -2.6 0.647213
      vertex 5.04721 -2.6 0.760845
      vertex 5.01708 -2.98283 0.760845
    endloop
  endfacet
  facet normal 0.706008 -0.0555581 0.706021
    outer loop
      vertex 5.41216 -3.0454 0.470228
      vertex 5.44721 -2.6 0.470228
      vertex 5.23735 -3.01772 0.647213
    endloop
  endfacet
  facet normal 0.706024 -0.0555733 0.706004
    outer loop
      vertex 5.44721 -2.6 0.470228
      vertex 5.27023 -2.6 0.647213
      vertex 5.23735 -3.01772 0.647213
    endloop
  endfacet
  facet normal 0.888828 -0.0699465 0.45287
    outer loop
      vertex 5.52439 -3.06318 0.247213
      vertex 5.56084 -2.6 0.247213
      vertex 5.41216 -3.0454 0.470228
    endloop
  endfacet
  facet normal 0.888827 -0.0699448 0.452873
    outer loop
      vertex 5.56084 -2.6 0.247213
      vertex 5.44721 -2.6 0.470228
      vertex 5.41216 -3.0454 0.470228
    endloop
  endfacet
  facet normal 0.984719 -0.0775101 0.155952
    outer loop
      vertex 5.56306 -3.0693 0
      vertex 5.6 -2.6 0
      vertex 5.52439 -3.06318 0.247213
    endloop
  endfacet
  facet normal 0.984715 -0.0774923 0.155985
    outer loop
      vertex 5.6 -2.6 0
      vertex 5.56084 -2.6 0.247213
      vertex 5.52439 -3.06318 0.247213
    endloop
  endfacet
  facet normal 0.98472 -0.0774927 -0.155952
    outer loop
      vertex 5.56084 -2.6 -0.247213
      vertex 5.56306 -3.0693 0
      vertex 5.52439 -3.06318 -0.247213
    endloop
  endfacet
  facet normal 0.984714 -0.0775097 -0.155984
    outer loop
      vertex 5.6 -2.6 0
      vertex 5.56306 -3.0693 0
      vertex 5.56084 -2.6 -0.247213
    endloop
  endfacet
  facet normal 0.888827 0.0699448 -0.452873
    outer loop
      vertex 5.56084 2.6 -0.247213
      vertex 5.44721 2.6 -0.470228
      vertex 5.41216 3.0454 -0.470228
    endloop
  endfacet
  facet normal 0.888828 0.0699465 -0.45287
    outer loop
      vertex 5.52439 3.06318 -0.247213
      vertex 5.56084 2.6 -0.247213
      vertex 5.41216 3.0454 -0.470228
    endloop
  endfacet
  facet normal 0.706024 0.0555733 -0.706004
    outer loop
      vertex 5.44721 2.6 -0.470228
      vertex 5.27023 2.6 -0.647213
      vertex 5.23735 3.01772 -0.647213
    endloop
  endfacet
  facet normal 0.706008 0.0555581 -0.706021
    outer loop
      vertex 5.41216 3.0454 -0.470228
      vertex 5.44721 2.6 -0.470228
      vertex 5.23735 3.01772 -0.647213
    endloop
  endfacet
  facet normal 0.453693 0.0357072 -0.890442
    outer loop
      vertex 5.27023 2.6 -0.647213
      vertex 5.04721 2.6 -0.760845
      vertex 5.01708 2.98283 -0.760845
    endloop
  endfacet
  facet normal 0.453699 0.035712 -0.890439
    outer loop
      vertex 5.23735 3.01772 -0.647213
      vertex 5.27023 2.6 -0.647213
      vertex 5.01708 2.98283 -0.760845
    endloop
  endfacet
  facet normal 0.156422 0.0123125 -0.987614
    outer loop
      vertex 5.04721 2.6 -0.760845
      vertex 4.8 2.6 -0.799999
      vertex 4.77291 2.94416 -0.799999
    endloop
  endfacet
  facet normal 0.15642 0.0123107 -0.987614
    outer loop
      vertex 5.01708 2.98283 -0.760845
      vertex 5.04721 2.6 -0.760845
      vertex 4.77291 2.94416 -0.799999
    endloop
  endfacet
  facet normal -0.156422 -0.0123149 -0.987614
    outer loop
      vertex 4.8 2.6 -0.799999
      vertex 4.55279 2.6 -0.760845
      vertex 4.52874 2.90548 -0.760845
    endloop
  endfacet
  facet normal -0.156419 -0.0123123 -0.987614
    outer loop
      vertex 4.77291 2.94416 -0.799999
      vertex 4.8 2.6 -0.799999
      vertex 4.52874 2.90548 -0.760845
    endloop
  endfacet
  facet normal -0.453693 -0.0357133 -0.890442
    outer loop
      vertex 4.55279 2.6 -0.760845
      vertex 4.32977 2.6 -0.647213
      vertex 4.30847 2.87059 -0.647213
    endloop
  endfacet
  facet normal -0.453698 -0.035719 -0.890439
    outer loop
      vertex 4.52874 2.90548 -0.760845
      vertex 4.55279 2.6 -0.760845
      vertex 4.30847 2.87059 -0.647213
    endloop
  endfacet
  facet normal -0.706024 -0.0555728 -0.706004
    outer loop
      vertex 4.32977 2.6 -0.647213
      vertex 4.15279 2.6 -0.470228
      vertex 4.13367 2.84291 -0.470228
    endloop
  endfacet
  facet normal -0.706026 -0.0555762 -0.706002
    outer loop
      vertex 4.30847 2.87059 -0.647213
      vertex 4.32977 2.6 -0.647213
      vertex 4.13367 2.84291 -0.470228
    endloop
  endfacet
  facet normal -0.888813 -0.069919 -0.452905
    outer loop
      vertex 4.15279 2.6 -0.470228
      vertex 4.03915 2.6 -0.247213
      vertex 4.02144 2.82513 -0.247213
    endloop
  endfacet
  facet normal -0.888827 -0.0699616 -0.452871
    outer loop
      vertex 4.13367 2.84291 -0.470228
      vertex 4.15279 2.6 -0.470228
      vertex 4.02144 2.82513 -0.247213
    endloop
  endfacet
  facet normal -0.984719 -0.077515 -0.155946
    outer loop
      vertex 4.03915 2.6 -0.247213
      vertex 4 2.6 0
      vertex 3.98276 2.81901 0
    endloop
  endfacet
  facet normal -0.984716 -0.0774634 -0.155991
    outer loop
      vertex 4.02144 2.82513 -0.247213
      vertex 4.03915 2.6 -0.247213
      vertex 3.98276 2.81901 0
    endloop
  endfacet
  facet normal -0.984723 -0.0774639 0.155946
    outer loop
      vertex 4.03915 2.6 0.247213
      vertex 4.02144 2.82513 0.247213
      vertex 4 2.6 0
    endloop
  endfacet
  facet normal -0.984712 -0.0775144 0.155991
    outer loop
      vertex 4 2.6 0
      vertex 4.02144 2.82513 0.247213
      vertex 3.98276 2.81901 0
    endloop
  endfacet
  facet normal -0.88881 -0.0699603 0.452904
    outer loop
      vertex 4.15279 2.6 0.470228
      vertex 4.13367 2.84291 0.470228
      vertex 4.03915 2.6 0.247213
    endloop
  endfacet
  facet normal -0.888831 -0.0699205 0.452869
    outer loop
      vertex 4.03915 2.6 0.247213
      vertex 4.13367 2.84291 0.470228
      vertex 4.02144 2.82513 0.247213
    endloop
  endfacet
  facet normal -0.706024 -0.055576 0.706004
    outer loop
      vertex 4.32977 2.6 0.647213
      vertex 4.30847 2.87059 0.647213
      vertex 4.15279 2.6 0.470228
    endloop
  endfacet
  facet normal -0.706026 -0.055573 0.706002
    outer loop
      vertex 4.15279 2.6 0.470228
      vertex 4.30847 2.87059 0.647213
      vertex 4.13367 2.84291 0.470228
    endloop
  endfacet
  facet normal -0.453693 -0.0357186 0.890442
    outer loop
      vertex 4.55279 2.6 0.760845
      vertex 4.52874 2.90548 0.760845
      vertex 4.32977 2.6 0.647213
    endloop
  endfacet
  facet normal -0.453699 -0.0357138 0.890439
    outer loop
      vertex 4.32977 2.6 0.647213
      vertex 4.52874 2.90548 0.760845
      vertex 4.30847 2.87059 0.647213
    endloop
  endfacet
  facet normal -0.156422 -0.0123125 0.987614
    outer loop
      vertex 4.8 2.6 0.799999
      vertex 4.77291 2.94416 0.799999
      vertex 4.55279 2.6 0.760845
    endloop
  endfacet
  facet normal -0.156419 -0.0123146 0.987614
    outer loop
      vertex 4.55279 2.6 0.760845
      vertex 4.77291 2.94416 0.799999
      vertex 4.52874 2.90548 0.760845
    endloop
  endfacet
  facet normal 0.156422 0.0123109 0.987614
    outer loop
      vertex 5.04721 2.6 0.760845
      vertex 5.01708 2.98283 0.760845
      vertex 4.8 2.6 0.799999
    endloop
  endfacet
  facet normal 0.156419 0.0123123 0.987614
    outer loop
      vertex 4.8 2.6 0.799999
      vertex 5.01708 2.98283 0.760845
      vertex 4.77291 2.94416 0.799999
    endloop
  endfacet
  facet normal 0.453693 0.0357116 0.890442
    outer loop
      vertex 5.27023 2.6 0.647213
      vertex 5.23735 3.01772 0.647213
      vertex 5.04721 2.6 0.760845
    endloop
  endfacet
  facet normal 0.4537 0.0357077 0.890439
    outer loop
      vertex 5.04721 2.6 0.760845
      vertex 5.23735 3.01772 0.647213
      vertex 5.01708 2.98283 0.760845
    endloop
  endfacet
  facet normal 0.706025 0.0555594 0.706005
    outer loop
      vertex 5.44721 2.6 0.470228
      vertex 5.41216 3.0454 0.470228
      vertex 5.27023 2.6 0.647213
    endloop
  endfacet
  facet normal 0.706007 0.0555719 0.706022
    outer loop
      vertex 5.27023 2.6 0.647213
      vertex 5.41216 3.0454 0.470228
      vertex 5.23735 3.01772 0.647213
    endloop
  endfacet
  facet normal 0.888827 0.0699463 0.452873
    outer loop
      vertex 5.56084 2.6 0.247213
      vertex 5.52439 3.06318 0.247213
      vertex 5.44721 2.6 0.470228
    endloop
  endfacet
  facet normal 0.888829 0.0699449 0.45287
    outer loop
      vertex 5.44721 2.6 0.470228
      vertex 5.52439 3.06318 0.247213
      vertex 5.41216 3.0454 0.470228
    endloop
  endfacet
  facet normal 0.984714 0.0775097 0.155984
    outer loop
      vertex 5.6 2.6 0
      vertex 5.56306 3.0693 0
      vertex 5.56084 2.6 0.247213
    endloop
  endfacet
  facet normal 0.98472 0.0774927 0.155952
    outer loop
      vertex 5.56084 2.6 0.247213
      vertex 5.56306 3.0693 0
      vertex 5.52439 3.06318 0.247213
    endloop
  endfacet
  facet normal 0.984715 0.0774923 -0.155985
    outer loop
      vertex 5.6 2.6 0
      vertex 5.56084 2.6 -0.247213
      vertex 5.52439 3.06318 -0.247213
    endloop
  endfacet
  facet normal 0.984719 0.0775101 -0.155952
    outer loop
      vertex 5.56306 3.0693 0
      vertex 5.6 2.6 0
      vertex 5.52439 3.06318 -0.247213
    endloop
  endfacet
  facet normal 0.866941 0.208134 -0.452873
    outer loop
      vertex 5.52439 3.06318 -0.247213
      vertex 5.41216 3.0454 -0.470228
      vertex 5.30786 3.47984 -0.470228
    endloop
  endfacet
  facet normal 0.86694 0.208133 -0.452874
    outer loop
      vertex 5.41593 3.51495 -0.247213
      vertex 5.52439 3.06318 -0.247213
      vertex 5.30786 3.47984 -0.470228
    endloop
  endfacet
  facet normal 0.688627 0.165316 -0.706019
    outer loop
      vertex 5.41216 3.0454 -0.470228
      vertex 5.23735 3.01772 -0.647213
      vertex 5.13954 3.42515 -0.647213
    endloop
  endfacet
  facet normal 0.688636 0.165327 -0.706008
    outer loop
      vertex 5.30786 3.47984 -0.470228
      vertex 5.41216 3.0454 -0.470228
      vertex 5.13954 3.42515 -0.647213
    endloop
  endfacet
  facet normal 0.442529 0.106235 -0.890439
    outer loop
      vertex 5.23735 3.01772 -0.647213
      vertex 5.01708 2.98283 -0.760845
      vertex 4.92744 3.35623 -0.760845
    endloop
  endfacet
  facet normal 0.44253 0.106236 -0.890439
    outer loop
      vertex 5.13954 3.42515 -0.647213
      vertex 5.23735 3.01772 -0.647213
      vertex 4.92744 3.35623 -0.760845
    endloop
  endfacet
  facet normal 0.152568 0.0366286 -0.987614
    outer loop
      vertex 5.01708 2.98283 -0.760845
      vertex 4.77291 2.94416 -0.799999
      vertex 4.69232 3.27984 -0.799999
    endloop
  endfacet
  facet normal 0.152566 0.0366256 -0.987614
    outer loop
      vertex 4.92744 3.35623 -0.760845
      vertex 5.01708 2.98283 -0.760845
      vertex 4.69232 3.27984 -0.799999
    endloop
  endfacet
  facet normal -0.152567 -0.0366262 -0.987614
    outer loop
      vertex 4.77291 2.94416 -0.799999
      vertex 4.52874 2.90548 -0.760845
      vertex 4.45721 3.20344 -0.760845
    endloop
  endfacet
  facet normal -0.152569 -0.0366288 -0.987614
    outer loop
      vertex 4.69232 3.27984 -0.799999
      vertex 4.77291 2.94416 -0.799999
      vertex 4.45721 3.20344 -0.760845
    endloop
  endfacet
  facet normal -0.44253 -0.106231 -0.890439
    outer loop
      vertex 4.52874 2.90548 -0.760845
      vertex 4.30847 2.87059 -0.647213
      vertex 4.24511 3.13453 -0.647213
    endloop
  endfacet
  facet normal -0.442533 -0.106237 -0.890437
    outer loop
      vertex 4.45721 3.20344 -0.760845
      vertex 4.52874 2.90548 -0.760845
      vertex 4.24511 3.13453 -0.647213
    endloop
  endfacet
  facet normal -0.688645 -0.165324 -0.706
    outer loop
      vertex 4.30847 2.87059 -0.647213
      vertex 4.13367 2.84291 -0.470228
      vertex 4.07679 3.07984 -0.470228
    endloop
  endfacet
  facet normal -0.68864 -0.165311 -0.706008
    outer loop
      vertex 4.24511 3.13453 -0.647213
      vertex 4.30847 2.87059 -0.647213
      vertex 4.07679 3.07984 -0.470228
    endloop
  endfacet
  facet normal -0.86694 -0.208138 -0.452873
    outer loop
      vertex 4.13367 2.84291 -0.470228
      vertex 4.02144 2.82513 -0.247213
      vertex 3.96872 3.04472 -0.247213
    endloop
  endfacet
  facet normal -0.866938 -0.208127 -0.452882
    outer loop
      vertex 4.07679 3.07984 -0.470228
      vertex 4.13367 2.84291 -0.470228
      vertex 3.96872 3.04472 -0.247213
    endloop
  endfacet
  facet normal -0.96047 -0.230574 -0.155987
    outer loop
      vertex 4.02144 2.82513 -0.247213
      vertex 3.98276 2.81901 0
      vertex 3.93148 3.03262 0
    endloop
  endfacet
  facet normal -0.960469 -0.230593 -0.155971
    outer loop
      vertex 3.96872 3.04472 -0.247213
      vertex 4.02144 2.82513 -0.247213
      vertex 3.93148 3.03262 0
    endloop
  endfacet
  facet normal -0.960466 -0.230592 0.155987
    outer loop
      vertex 3.98276 2.81901 0
      vertex 4.02144 2.82513 0.247213
      vertex 3.96872 3.04472 0.247213
    endloop
  endfacet
  facet normal -0.960473 -0.230575 0.155971
    outer loop
      vertex 3.98276 2.81901 0
      vertex 3.96872 3.04472 0.247213
      vertex 3.93148 3.03262 0
    endloop
  endfacet
  facet normal -0.866942 -0.208128 0.452873
    outer loop
      vertex 4.13367 2.84291 0.470228
      vertex 4.07679 3.07984 0.470228
      vertex 4.02144 2.82513 0.247213
    endloop
  endfacet
  facet normal -0.866935 -0.208137 0.452882
    outer loop
      vertex 4.02144 2.82513 0.247213
      vertex 4.07679 3.07984 0.470228
      vertex 3.96872 3.04472 0.247213
    endloop
  endfacet
  facet normal -0.688647 -0.165313 0.706
    outer loop
      vertex 4.30847 2.87059 0.647213
      vertex 4.24511 3.13453 0.647213
      vertex 4.13367 2.84291 0.470228
    endloop
  endfacet
  facet normal -0.688637 -0.165322 0.706008
    outer loop
      vertex 4.13367 2.84291 0.470228
      vertex 4.24511 3.13453 0.647213
      vertex 4.07679 3.07984 0.470228
    endloop
  endfacet
  facet normal -0.442529 -0.106236 0.890439
    outer loop
      vertex 4.52874 2.90548 0.760845
      vertex 4.45721 3.20344 0.760845
      vertex 4.30847 2.87059 0.647213
    endloop
  endfacet
  facet normal -0.442535 -0.106232 0.890437
    outer loop
      vertex 4.30847 2.87059 0.647213
      vertex 4.45721 3.20344 0.760845
      vertex 4.24511 3.13453 0.647213
    endloop
  endfacet
  facet normal -0.152567 -0.0366282 0.987614
    outer loop
      vertex 4.77291 2.94416 0.799999
      vertex 4.69232 3.27984 0.799999
      vertex 4.52874 2.90548 0.760845
    endloop
  endfacet
  facet normal -0.15257 -0.0366268 0.987614
    outer loop
      vertex 4.52874 2.90548 0.760845
      vertex 4.69232 3.27984 0.799999
      vertex 4.45721 3.20344 0.760845
    endloop
  endfacet
  facet normal 0.152569 0.0366263 0.987614
    outer loop
      vertex 5.01708 2.98283 0.760845
      vertex 4.92744 3.35623 0.760845
      vertex 4.77291 2.94416 0.799999
    endloop
  endfacet
  facet normal 0.152565 0.0366278 0.987614
    outer loop
      vertex 4.77291 2.94416 0.799999
      vertex 4.92744 3.35623 0.760845
      vertex 4.69232 3.27984 0.799999
    endloop
  endfacet
  facet normal 0.442529 0.106236 0.890439
    outer loop
      vertex 5.23735 3.01772 0.647213
      vertex 5.13954 3.42515 0.647213
      vertex 5.01708 2.98283 0.760845
    endloop
  endfacet
  facet normal 0.44253 0.106236 0.890439
    outer loop
      vertex 5.01708 2.98283 0.760845
      vertex 5.13954 3.42515 0.647213
      vertex 4.92744 3.35623 0.760845
    endloop
  endfacet
  facet normal 0.688625 0.165325 0.706019
    outer loop
      vertex 5.41216 3.0454 0.470228
      vertex 5.30786 3.47984 0.470228
      vertex 5.23735 3.01772 0.647213
    endloop
  endfacet
  facet normal 0.688638 0.165318 0.706008
    outer loop
      vertex 5.23735 3.01772 0.647213
      vertex 5.30786 3.47984 0.470228
      vertex 5.13954 3.42515 0.647213
    endloop
  endfacet
  facet normal 0.866941 0.208133 0.452873
    outer loop
      vertex 5.52439 3.06318 0.247213
      vertex 5.41593 3.51495 0.247213
      vertex 5.41216 3.0454 0.470228
    endloop
  endfacet
  facet normal 0.86694 0.208134 0.452874
    outer loop
      vertex 5.41216 3.0454 0.470228
      vertex 5.41593 3.51495 0.247213
      vertex 5.30786 3.47984 0.470228
    endloop
  endfacet
  facet normal 0.960476 0.230577 0.155949
    outer loop
      vertex 5.52439 3.06318 0.247213
      vertex 5.56306 3.0693 0
      vertex 5.45317 3.52705 0
    endloop
  endfacet
  facet normal 0.96047 0.230588 0.155971
    outer loop
      vertex 5.52439 3.06318 0.247213
      vertex 5.45317 3.52705 0
      vertex 5.41593 3.51495 0.247213
    endloop
  endfacet
  facet normal 0.960473 0.230588 -0.155949
    outer loop
      vertex 5.56306 3.0693 0
      vertex 5.52439 3.06318 -0.247213
      vertex 5.41593 3.51495 -0.247213
    endloop
  endfacet
  facet normal 0.960473 0.230576 -0.155971
    outer loop
      vertex 5.45317 3.52705 0
      vertex 5.56306 3.0693 0
      vertex 5.41593 3.51495 -0.247213
    endloop
  endfacet
  facet normal 0.823712 0.341183 -0.452873
    outer loop
      vertex 5.41593 3.51495 -0.247213
      vertex 5.30786 3.47984 -0.470228
      vertex 5.13689 3.89261 -0.470228
    endloop
  endfacet
  facet normal 0.823717 0.3412 -0.452849
    outer loop
      vertex 5.23813 3.94419 -0.247213
      vertex 5.41593 3.51495 -0.247213
      vertex 5.13689 3.89261 -0.470228
    endloop
  endfacet
  facet normal 0.654293 0.271023 -0.706008
    outer loop
      vertex 5.30786 3.47984 -0.470228
      vertex 5.13954 3.42515 -0.647213
      vertex 4.97919 3.81226 -0.647213
    endloop
  endfacet
  facet normal 0.654283 0.271005 -0.706024
    outer loop
      vertex 5.13689 3.89261 -0.470228
      vertex 5.30786 3.47984 -0.470228
      vertex 4.97919 3.81226 -0.647213
    endloop
  endfacet
  facet normal 0.420457 0.174165 -0.890439
    outer loop
      vertex 5.13954 3.42515 -0.647213
      vertex 4.92744 3.35623 -0.760845
      vertex 4.78048 3.71101 -0.760845
    endloop
  endfacet
  facet normal 0.420455 0.174162 -0.890441
    outer loop
      vertex 4.97919 3.81226 -0.647213
      vertex 5.13954 3.42515 -0.647213
      vertex 4.78048 3.71101 -0.760845
    endloop
  endfacet
  facet normal 0.144957 0.0600436 -0.987614
    outer loop
      vertex 4.92744 3.35623 -0.760845
      vertex 4.69232 3.27984 -0.799999
      vertex 4.56021 3.59878 -0.799999
    endloop
  endfacet
  facet normal 0.144959 0.0600461 -0.987614
    outer loop
      vertex 4.78048 3.71101 -0.760845
      vertex 4.92744 3.35623 -0.760845
      vertex 4.56021 3.59878 -0.799999
    endloop
  endfacet
  facet normal -0.14496 -0.0600454 -0.987614
    outer loop
      vertex 4.69232 3.27984 -0.799999
      vertex 4.45721 3.20344 -0.760845
      vertex 4.33994 3.48655 -0.760845
    endloop
  endfacet
  facet normal -0.14496 -0.0600445 -0.987614
    outer loop
      vertex 4.56021 3.59878 -0.799999
      vertex 4.69232 3.27984 -0.799999
      vertex 4.33994 3.48655 -0.760845
    endloop
  endfacet
  facet normal -0.420466 -0.174159 -0.890437
    outer loop
      vertex 4.45721 3.20344 -0.760845
      vertex 4.24511 3.13453 -0.647213
      vertex 4.14124 3.3853 -0.647213
    endloop
  endfacet
  facet normal -0.420469 -0.174167 -0.890433
    outer loop
      vertex 4.33994 3.48655 -0.760845
      vertex 4.45721 3.20344 -0.760845
      vertex 4.14124 3.3853 -0.647213
    endloop
  endfacet
  facet normal -0.654289 -0.271034 -0.706008
    outer loop
      vertex 4.24511 3.13453 -0.647213
      vertex 4.07679 3.07984 -0.470228
      vertex 3.98354 3.30495 -0.470228
    endloop
  endfacet
  facet normal -0.654282 -0.271007 -0.706024
    outer loop
      vertex 4.14124 3.3853 -0.647213
      vertex 4.24511 3.13453 -0.647213
      vertex 3.98354 3.30495 -0.470228
    endloop
  endfacet
  facet normal -0.823704 -0.341184 -0.452885
    outer loop
      vertex 4.07679 3.07984 -0.470228
      vertex 3.96872 3.04472 -0.247213
      vertex 3.8823 3.25336 -0.247213
    endloop
  endfacet
  facet normal -0.823705 -0.341213 -0.452862
    outer loop
      vertex 3.98354 3.30495 -0.470228
      vertex 4.07679 3.07984 -0.470228
      vertex 3.8823 3.25336 -0.247213
    endloop
  endfacet
  facet normal -0.912577 -0.377989 -0.155971
    outer loop
      vertex 3.96872 3.04472 -0.247213
      vertex 3.93148 3.03262 0
      vertex 3.84741 3.23559 0
    endloop
  endfacet
  facet normal -0.912576 -0.377995 -0.155966
    outer loop
      vertex 3.8823 3.25336 -0.247213
      vertex 3.96872 3.04472 -0.247213
      vertex 3.84741 3.23559 0
    endloop
  endfacet
  facet normal -0.912575 -0.377994 0.155971
    outer loop
      vertex 3.93148 3.03262 0
      vertex 3.96872 3.04472 0.247213
      vertex 3.8823 3.25336 0.247213
    endloop
  endfacet
  facet normal -0.912578 -0.377989 0.155966
    outer loop
      vertex 3.93148 3.03262 0
      vertex 3.8823 3.25336 0.247213
      vertex 3.84741 3.23559 0
    endloop
  endfacet
  facet normal -0.823695 -0.341209 0.452884
    outer loop
      vertex 4.07679 3.07984 0.470228
      vertex 3.98354 3.30495 0.470228
      vertex 3.96872 3.04472 0.247213
    endloop
  endfacet
  facet normal -0.823716 -0.341188 0.452861
    outer loop
      vertex 3.96872 3.04472 0.247213
      vertex 3.98354 3.30495 0.470228
      vertex 3.8823 3.25336 0.247213
    endloop
  endfacet
  facet normal -0.654297 -0.271013 0.706008
    outer loop
      vertex 4.24511 3.13453 0.647213
      vertex 4.14124 3.3853 0.647213
      vertex 4.07679 3.07984 0.470228
    endloop
  endfacet
  facet normal -0.654273 -0.271027 0.706025
    outer loop
      vertex 4.07679 3.07984 0.470228
      vertex 4.14124 3.3853 0.647213
      vertex 3.98354 3.30495 0.470228
    endloop
  endfacet
  facet normal -0.420464 -0.174165 0.890436
    outer loop
      vertex 4.45721 3.20344 0.760845
      vertex 4.33994 3.48655 0.760845
      vertex 4.24511 3.13453 0.647213
    endloop
  endfacet
  facet normal -0.420472 -0.174161 0.890433
    outer loop
      vertex 4.24511 3.13453 0.647213
      vertex 4.33994 3.48655 0.760845
      vertex 4.14124 3.3853 0.647213
    endloop
  endfacet
  facet normal -0.14496 -0.0600448 0.987614
    outer loop
      vertex 4.69232 3.27984 0.799999
      vertex 4.56021 3.59878 0.799999
      vertex 4.45721 3.20344 0.760845
    endloop
  endfacet
  facet normal -0.144959 -0.0600451 0.987614
    outer loop
      vertex 4.45721 3.20344 0.760845
      vertex 4.56021 3.59878 0.799999
      vertex 4.33994 3.48655 0.760845
    endloop
  endfacet
  facet normal 0.144957 0.0600452 0.987614
    outer loop
      vertex 4.92744 3.35623 0.760845
      vertex 4.78048 3.71101 0.760845
      vertex 4.69232 3.27984 0.799999
    endloop
  endfacet
  facet normal 0.14496 0.0600445 0.987614
    outer loop
      vertex 4.69232 3.27984 0.799999
      vertex 4.78048 3.71101 0.760845
      vertex 4.56021 3.59878 0.799999
    endloop
  endfacet
  facet normal 0.420458 0.174163 0.890439
    outer loop
      vertex 5.13954 3.42515 0.647213
      vertex 4.97919 3.81226 0.647213
      vertex 4.92744 3.35623 0.760845
    endloop
  endfacet
  facet normal 0.420454 0.174164 0.890441
    outer loop
      vertex 4.92744 3.35623 0.760845
      vertex 4.97919 3.81226 0.647213
      vertex 4.78048 3.71101 0.760845
    endloop
  endfacet
  facet normal 0.654297 0.271011 0.706009
    outer loop
      vertex 5.13954 3.42515 0.647213
      vertex 5.30786 3.47984 0.470228
      vertex 5.13689 3.89261 0.470228
    endloop
  endfacet
  facet normal 0.654277 0.271017 0.706025
    outer loop
      vertex 5.13954 3.42515 0.647213
      vertex 5.13689 3.89261 0.470228
      vertex 4.97919 3.81226 0.647213
    endloop
  endfacet
  facet normal 0.823706 0.341196 0.452872
    outer loop
      vertex 5.30786 3.47984 0.470228
      vertex 5.41593 3.51495 0.247213
      vertex 5.23813 3.94419 0.247213
    endloop
  endfacet
  facet normal 0.823723 0.341187 0.452849
    outer loop
      vertex 5.30786 3.47984 0.470228
      vertex 5.23813 3.94419 0.247213
      vertex 5.13689 3.89261 0.470228
    endloop
  endfacet
  facet normal 0.912573 0.378 0.155971
    outer loop
      vertex 5.41593 3.51495 0.247213
      vertex 5.45317 3.52705 0
      vertex 5.27302 3.96197 0
    endloop
  endfacet
  facet normal 0.912569 0.378005 0.155981
    outer loop
      vertex 5.41593 3.51495 0.247213
      vertex 5.27302 3.96197 0
      vertex 5.23813 3.94419 0.247213
    endloop
  endfacet
  facet normal 0.912571 0.378005 -0.155971
    outer loop
      vertex 5.45317 3.52705 0
      vertex 5.41593 3.51495 -0.247213
      vertex 5.23813 3.94419 -0.247213
    endloop
  endfacet
  facet normal 0.912571 0.378 -0.155981
    outer loop
      vertex 5.27302 3.96197 0
      vertex 5.45317 3.52705 0
      vertex 5.23813 3.94419 -0.247213
    endloop
  endfacet
  facet normal 0.760195 0.465868 -0.452847
    outer loop
      vertex 5.23813 3.94419 -0.247213
      vertex 5.13689 3.89261 -0.470228
      vertex 4.90344 4.27355 -0.470228
    endloop
  endfacet
  facet normal 0.760192 0.465844 -0.452876
    outer loop
      vertex 4.99537 4.34034 -0.247213
      vertex 5.23813 3.94419 -0.247213
      vertex 4.90344 4.27355 -0.470228
    endloop
  endfacet
  facet normal 0.603829 0.370028 -0.706024
    outer loop
      vertex 5.13689 3.89261 -0.470228
      vertex 4.97919 3.81226 -0.647213
      vertex 4.76026 4.16952 -0.647213
    endloop
  endfacet
  facet normal 0.603835 0.370046 -0.706009
    outer loop
      vertex 4.90344 4.27355 -0.470228
      vertex 5.13689 3.89261 -0.470228
      vertex 4.76026 4.16952 -0.647213
    endloop
  endfacet
  facet normal 0.38804 0.23778 -0.890441
    outer loop
      vertex 4.97919 3.81226 -0.647213
      vertex 4.78048 3.71101 -0.760845
      vertex 4.57984 4.03844 -0.760845
    endloop
  endfacet
  facet normal 0.388047 0.237796 -0.890434
    outer loop
      vertex 4.76026 4.16952 -0.647213
      vertex 4.97919 3.81226 -0.647213
      vertex 4.57984 4.03844 -0.760845
    endloop
  endfacet
  facet normal 0.133784 0.0819791 -0.987614
    outer loop
      vertex 4.78048 3.71101 -0.760845
      vertex 4.56021 3.59878 -0.799999
      vertex 4.37984 3.89313 -0.799999
    endloop
  endfacet
  facet normal 0.133783 0.0819788 -0.987614
    outer loop
      vertex 4.57984 4.03844 -0.760845
      vertex 4.78048 3.71101 -0.760845
      vertex 4.37984 3.89313 -0.799999
    endloop
  endfacet
  facet normal -0.133784 -0.0819793 -0.987614
    outer loop
      vertex 4.56021 3.59878 -0.799999
      vertex 4.33994 3.48655 -0.760845
      vertex 4.17984 3.74782 -0.760845
    endloop
  endfacet
  facet normal -0.133783 -0.081979 -0.987614
    outer loop
      vertex 4.37984 3.89313 -0.799999
      vertex 4.56021 3.59878 -0.799999
      vertex 4.17984 3.74782 -0.760845
    endloop
  endfacet
  facet normal -0.388041 -0.237808 -0.890434
    outer loop
      vertex 4.33994 3.48655 -0.760845
      vertex 4.14124 3.3853 -0.647213
      vertex 3.99941 3.61673 -0.647213
    endloop
  endfacet
  facet normal -0.388033 -0.237777 -0.890445
    outer loop
      vertex 4.17984 3.74782 -0.760845
      vertex 4.33994 3.48655 -0.760845
      vertex 3.99941 3.61673 -0.647213
    endloop
  endfacet
  facet normal -0.603829 -0.370029 -0.706024
    outer loop
      vertex 4.14124 3.3853 -0.647213
      vertex 3.98354 3.30495 -0.470228
      vertex 3.85623 3.5127 -0.470228
    endloop
  endfacet
  facet normal -0.603831 -0.370053 -0.706009
    outer loop
      vertex 3.99941 3.61673 -0.647213
      vertex 4.14124 3.3853 -0.647213
      vertex 3.85623 3.5127 -0.470228
    endloop
  endfacet
  facet normal -0.760188 -0.465864 -0.452863
    outer loop
      vertex 3.98354 3.30495 -0.470228
      vertex 3.8823 3.25336 -0.247213
      vertex 3.7643 3.44591 -0.247213
    endloop
  endfacet
  facet normal -0.76019 -0.465847 -0.452876
    outer loop
      vertex 3.85623 3.5127 -0.470228
      vertex 3.98354 3.30495 -0.470228
      vertex 3.7643 3.44591 -0.247213
    endloop
  endfacet
  facet normal -0.842194 -0.516125 -0.155961
    outer loop
      vertex 3.8823 3.25336 -0.247213
      vertex 3.84741 3.23559 0
      vertex 3.73262 3.4229 0
    endloop
  endfacet
  facet normal -0.842196 -0.516121 -0.155966
    outer loop
      vertex 3.7643 3.44591 -0.247213
      vertex 3.8823 3.25336 -0.247213
      vertex 3.73262 3.4229 0
    endloop
  endfacet
  facet normal -0.842196 -0.516121 0.155961
    outer loop
      vertex 3.84741 3.23559 0
      vertex 3.8823 3.25336 0.247213
      vertex 3.7643 3.44591 0.247213
    endloop
  endfacet
  facet normal -0.842193 -0.516125 0.155966
    outer loop
      vertex 3.84741 3.23559 0
      vertex 3.7643 3.44591 0.247213
      vertex 3.73262 3.4229 0
    endloop
  endfacet
  facet normal -0.760196 -0.465851 0.452864
    outer loop
      vertex 3.8823 3.25336 0.247213
      vertex 3.98354 3.30495 0.470228
      vertex 3.85623 3.5127 0.470228
    endloop
  endfacet
  facet normal -0.760182 -0.465861 0.452877
    outer loop
      vertex 3.8823 3.25336 0.247213
      vertex 3.85623 3.5127 0.470228
      vertex 3.7643 3.44591 0.247213
    endloop
  endfacet
  facet normal -0.603819 -0.370046 0.706023
    outer loop
      vertex 4.14124 3.3853 0.647213
      vertex 3.99941 3.61673 0.647213
      vertex 3.98354 3.30495 0.470228
    endloop
  endfacet
  facet normal -0.603842 -0.370036 0.706009
    outer loop
      vertex 3.98354 3.30495 0.470228
      vertex 3.99941 3.61673 0.647213
      vertex 3.85623 3.5127 0.470228
    endloop
  endfacet
  facet normal -0.388051 -0.237788 0.890434
    outer loop
      vertex 4.33994 3.48655 0.760845
      vertex 4.17984 3.74782 0.760845
      vertex 4.14124 3.3853 0.647213
    endloop
  endfacet
  facet normal -0.388021 -0.237795 0.890446
    outer loop
      vertex 4.14124 3.3853 0.647213
      vertex 4.17984 3.74782 0.760845
      vertex 3.99941 3.61673 0.647213
    endloop
  endfacet
  facet normal -0.133784 -0.0819791 0.987614
    outer loop
      vertex 4.56021 3.59878 0.799999
      vertex 4.37984 3.89313 0.799999
      vertex 4.33994 3.48655 0.760845
    endloop
  endfacet
  facet normal -0.133783 -0.0819792 0.987614
    outer loop
      vertex 4.33994 3.48655 0.760845
      vertex 4.37984 3.89313 0.799999
      vertex 4.17984 3.74782 0.760845
    endloop
  endfacet
  facet normal 0.133784 0.0819789 0.987614
    outer loop
      vertex 4.78048 3.71101 0.760845
      vertex 4.57984 4.03844 0.760845
      vertex 4.56021 3.59878 0.799999
    endloop
  endfacet
  facet normal 0.133783 0.081979 0.987614
    outer loop
      vertex 4.56021 3.59878 0.799999
      vertex 4.57984 4.03844 0.760845
      vertex 4.37984 3.89313 0.799999
    endloop
  endfacet
  facet normal 0.388035 0.237789 0.890441
    outer loop
      vertex 4.78048 3.71101 0.760845
      vertex 4.97919 3.81226 0.647213
      vertex 4.76026 4.16952 0.647213
    endloop
  endfacet
  facet normal 0.388053 0.237788 0.890434
    outer loop
      vertex 4.78048 3.71101 0.760845
      vertex 4.76026 4.16952 0.647213
      vertex 4.57984 4.03844 0.760845
    endloop
  endfacet
  facet normal 0.603823 0.370039 0.706023
    outer loop
      vertex 4.97919 3.81226 0.647213
      vertex 5.13689 3.89261 0.470228
      vertex 4.90344 4.27355 0.470228
    endloop
  endfacet
  facet normal 0.603842 0.370036 0.706009
    outer loop
      vertex 4.97919 3.81226 0.647213
      vertex 4.90344 4.27355 0.470228
      vertex 4.76026 4.16952 0.647213
    endloop
  endfacet
  facet normal 0.760205 0.465852 0.452847
    outer loop
      vertex 5.13689 3.89261 0.470228
      vertex 5.23813 3.94419 0.247213
      vertex 4.99537 4.34034 0.247213
    endloop
  endfacet
  facet normal 0.760182 0.46586 0.452877
    outer loop
      vertex 5.13689 3.89261 0.470228
      vertex 4.99537 4.34034 0.247213
      vertex 4.90344 4.27355 0.470228
    endloop
  endfacet
  facet normal 0.842206 0.5161 0.155982
    outer loop
      vertex 5.23813 3.94419 0.247213
      vertex 5.27302 3.96197 0
      vertex 5.02705 4.36336 0
    endloop
  endfacet
  facet normal 0.842204 0.516101 0.155986
    outer loop
      vertex 5.23813 3.94419 0.247213
      vertex 5.02705 4.36336 0
      vertex 4.99537 4.34034 0.247213
    endloop
  endfacet
  facet normal 0.842205 0.516102 -0.155982
    outer loop
      vertex 5.27302 3.96197 0
      vertex 5.23813 3.94419 -0.247213
      vertex 4.99537 4.34034 -0.247213
    endloop
  endfacet
  facet normal 0.842205 0.5161 -0.155986
    outer loop
      vertex 5.02705 4.36336 0
      vertex 5.27302 3.96197 0
      vertex 4.99537 4.34034 -0.247213
    endloop
  endfacet
  facet normal 0.677955 0.579034 -0.452876
    outer loop
      vertex 4.99537 4.34034 -0.247213
      vertex 4.90344 4.27355 -0.470228
      vertex 4.61328 4.61328 -0.470228
    endloop
  endfacet
  facet normal 0.677955 0.579032 -0.452879
    outer loop
      vertex 4.69363 4.69363 -0.247213
      vertex 4.99537 4.34034 -0.247213
      vertex 4.61328 4.61328 -0.470228
    endloop
  endfacet
  facet normal 0.538527 0.459933 -0.70601
    outer loop
      vertex 4.90344 4.27355 -0.470228
      vertex 4.76026 4.16952 -0.647213
      vertex 4.48814 4.48814 -0.647213
    endloop
  endfacet
  facet normal 0.538531 0.459954 -0.705994
    outer loop
      vertex 4.61328 4.61328 -0.470228
      vertex 4.90344 4.27355 -0.470228
      vertex 4.48814 4.48814 -0.647213
    endloop
  endfacet
  facet normal 0.346066 0.295579 -0.890433
    outer loop
      vertex 4.76026 4.16952 -0.647213
      vertex 4.57984 4.03844 -0.760845
      vertex 4.33044 4.33044 -0.760845
    endloop
  endfacet
  facet normal 0.34606 0.295556 -0.890443
    outer loop
      vertex 4.48814 4.48814 -0.647213
      vertex 4.76026 4.16952 -0.647213
      vertex 4.33044 4.33044 -0.760845
    endloop
  endfacet
  facet normal 0.119307 0.101904 -0.987614
    outer loop
      vertex 4.57984 4.03844 -0.760845
      vertex 4.37984 3.89313 -0.799999
      vertex 4.15563 4.15563 -0.799999
    endloop
  endfacet
  facet normal 0.119306 0.1019 -0.987615
    outer loop
      vertex 4.33044 4.33044 -0.760845
      vertex 4.57984 4.03844 -0.760845
      vertex 4.15563 4.15563 -0.799999
    endloop
  endfacet
  facet normal -0.11931 -0.1019 -0.987614
    outer loop
      vertex 4.37984 3.89313 -0.799999
      vertex 4.17984 3.74782 -0.760845
      vertex 3.98083 3.98083 -0.760845
    endloop
  endfacet
  facet normal -0.119311 -0.101908 -0.987613
    outer loop
      vertex 4.15563 4.15563 -0.799999
      vertex 4.37984 3.89313 -0.799999
      vertex 3.98083 3.98083 -0.760845
    endloop
  endfacet
  facet normal -0.346055 -0.295555 -0.890445
    outer loop
      vertex 4.17984 3.74782 -0.760845
      vertex 3.99941 3.61673 -0.647213
      vertex 3.82313 3.82313 -0.647213
    endloop
  endfacet
  facet normal -0.346056 -0.29556 -0.890443
    outer loop
      vertex 3.98083 3.98083 -0.760845
      vertex 4.17984 3.74782 -0.760845
      vertex 3.82313 3.82313 -0.647213
    endloop
  endfacet
  facet normal -0.538539 -0.459919 -0.706011
    outer loop
      vertex 3.99941 3.61673 -0.647213
      vertex 3.85623 3.5127 -0.470228
      vertex 3.69799 3.69799 -0.470228
    endloop
  endfacet
  facet normal -0.538536 -0.459948 -0.705994
    outer loop
      vertex 3.82313 3.82313 -0.647213
      vertex 3.99941 3.61673 -0.647213
      vertex 3.69799 3.69799 -0.470228
    endloop
  endfacet
  facet normal -0.677979 -0.579005 -0.452877
    outer loop
      vertex 3.85623 3.5127 -0.470228
      vertex 3.7643 3.44591 -0.247213
      vertex 3.61764 3.61764 -0.247213
    endloop
  endfacet
  facet normal -0.67798 -0.579003 -0.452878
    outer loop
      vertex 3.69799 3.69799 -0.470228
      vertex 3.85623 3.5127 -0.470228
      vertex 3.61764 3.61764 -0.247213
    endloop
  endfacet
  facet normal -0.75111 -0.64149 -0.155962
    outer loop
      vertex 3.7643 3.44591 -0.247213
      vertex 3.73262 3.4229 0
      vertex 3.58995 3.58995 0
    endloop
  endfacet
  facet normal -0.751123 -0.64147 -0.155982
    outer loop
      vertex 3.61764 3.61764 -0.247213
      vertex 3.7643 3.44591 -0.247213
      vertex 3.58995 3.58995 0
    endloop
  endfacet
  facet normal -0.751125 -0.641472 0.155962
    outer loop
      vertex 3.73262 3.4229 0
      vertex 3.7643 3.44591 0.247213
      vertex 3.61764 3.61764 0.247213
    endloop
  endfacet
  facet normal -0.751108 -0.641488 0.155983
    outer loop
      vertex 3.73262 3.4229 0
      vertex 3.61764 3.61764 0.247213
      vertex 3.58995 3.58995 0
    endloop
  endfacet
  facet normal -0.67798 -0.579004 0.452877
    outer loop
      vertex 3.7643 3.44591 0.247213
      vertex 3.85623 3.5127 0.470228
      vertex 3.69799 3.69799 0.470228
    endloop
  endfacet
  facet normal -0.677979 -0.579004 0.452878
    outer loop
      vertex 3.7643 3.44591 0.247213
      vertex 3.69799 3.69799 0.470228
      vertex 3.61764 3.61764 0.247213
    endloop
  endfacet
  facet normal -0.538524 -0.459937 0.70601
    outer loop
      vertex 3.85623 3.5127 0.470228
      vertex 3.99941 3.61673 0.647213
      vertex 3.82313 3.82313 0.647213
    endloop
  endfacet
  facet normal -0.538552 -0.45993 0.705993
    outer loop
      vertex 3.85623 3.5127 0.470228
      vertex 3.82313 3.82313 0.647213
      vertex 3.69799 3.69799 0.470228
    endloop
  endfacet
  facet normal -0.346053 -0.295558 0.890445
    outer loop
      vertex 3.99941 3.61673 0.647213
      vertex 4.17984 3.74782 0.760845
      vertex 3.98083 3.98083 0.760845
    endloop
  endfacet
  facet normal -0.346058 -0.295558 0.890443
    outer loop
      vertex 3.99941 3.61673 0.647213
      vertex 3.98083 3.98083 0.760845
      vertex 3.82313 3.82313 0.647213
    endloop
  endfacet
  facet normal -0.119307 -0.101904 0.987614
    outer loop
      vertex 4.17984 3.74782 0.760845
      vertex 4.37984 3.89313 0.799999
      vertex 4.15563 4.15563 0.799999
    endloop
  endfacet
  facet normal -0.119314 -0.101904 0.987613
    outer loop
      vertex 4.17984 3.74782 0.760845
      vertex 4.15563 4.15563 0.799999
      vertex 3.98083 3.98083 0.760845
    endloop
  endfacet
  facet normal 0.119308 0.101902 0.987614
    outer loop
      vertex 4.37984 3.89313 0.799999
      vertex 4.57984 4.03844 0.760845
      vertex 4.33044 4.33044 0.760845
    endloop
  endfacet
  facet normal 0.119304 0.101902 0.987615
    outer loop
      vertex 4.37984 3.89313 0.799999
      vertex 4.33044 4.33044 0.760845
      vertex 4.15563 4.15563 0.799999
    endloop
  endfacet
  facet normal 0.346074 0.295568 0.890434
    outer loop
      vertex 4.57984 4.03844 0.760845
      vertex 4.76026 4.16952 0.647213
      vertex 4.48814 4.48814 0.647213
    endloop
  endfacet
  facet normal 0.346051 0.295565 0.890444
    outer loop
      vertex 4.57984 4.03844 0.760845
      vertex 4.48814 4.48814 0.647213
      vertex 4.33044 4.33044 0.760845
    endloop
  endfacet
  facet normal 0.538519 0.459944 0.706009
    outer loop
      vertex 4.76026 4.16952 0.647213
      vertex 4.90344 4.27355 0.470228
      vertex 4.61328 4.61328 0.470228
    endloop
  endfacet
  facet normal 0.53854 0.459944 0.705993
    outer loop
      vertex 4.76026 4.16952 0.647213
      vertex 4.61328 4.61328 0.470228
      vertex 4.48814 4.48814 0.647213
    endloop
  endfacet
  facet normal 0.677956 0.579033 0.452876
    outer loop
      vertex 4.90344 4.27355 0.470228
      vertex 4.99537 4.34034 0.247213
      vertex 4.69363 4.69363 0.247213
    endloop
  endfacet
  facet normal 0.677953 0.579033 0.452879
    outer loop
      vertex 4.90344 4.27355 0.470228
      vertex 4.69363 4.69363 0.247213
      vertex 4.61328 4.61328 0.470228
    endloop
  endfacet
  facet normal 0.751095 0.641502 0.155987
    outer loop
      vertex 4.99537 4.34034 0.247213
      vertex 5.02705 4.36336 0
      vertex 4.72132 4.72132 0
    endloop
  endfacet
  facet normal 0.751096 0.641501 0.155983
    outer loop
      vertex 4.99537 4.34034 0.247213
      vertex 4.72132 4.72132 0
      vertex 4.69363 4.69363 0.247213
    endloop
  endfacet
  facet normal 0.751096 0.6415 -0.155987
    outer loop
      vertex 5.02705 4.36336 0
      vertex 4.99537 4.34034 -0.247213
      vertex 4.69363 4.69363 -0.247213
    endloop
  endfacet
  facet normal 0.751095 0.641503 -0.155983
    outer loop
      vertex 4.72132 4.72132 0
      vertex 5.02705 4.36336 0
      vertex 4.69363 4.69363 -0.247213
    endloop
  endfacet
  facet normal 0.579033 0.677953 -0.452879
    outer loop
      vertex 4.69363 4.69363 -0.247213
      vertex 4.61328 4.61328 -0.470228
      vertex 4.27355 4.90344 -0.470228
    endloop
  endfacet
  facet normal 0.579033 0.677956 -0.452876
    outer loop
      vertex 4.34034 4.99537 -0.247213
      vertex 4.69363 4.69363 -0.247213
      vertex 4.27355 4.90344 -0.470228
    endloop
  endfacet
  facet normal 0.459944 0.53854 -0.705993
    outer loop
      vertex 4.61328 4.61328 -0.470228
      vertex 4.48814 4.48814 -0.647213
      vertex 4.16952 4.76026 -0.647213
    endloop
  endfacet
  facet normal 0.459944 0.538519 -0.706009
    outer loop
      vertex 4.27355 4.90344 -0.470228
      vertex 4.61328 4.61328 -0.470228
      vertex 4.16952 4.76026 -0.647213
    endloop
  endfacet
  facet normal 0.295565 0.346051 -0.890444
    outer loop
      vertex 4.48814 4.48814 -0.647213
      vertex 4.33044 4.33044 -0.760845
      vertex 4.03844 4.57984 -0.760845
    endloop
  endfacet
  facet normal 0.295568 0.346074 -0.890434
    outer loop
      vertex 4.16952 4.76026 -0.647213
      vertex 4.48814 4.48814 -0.647213
      vertex 4.03844 4.57984 -0.760845
    endloop
  endfacet
  facet normal 0.101902 0.119304 -0.987615
    outer loop
      vertex 4.33044 4.33044 -0.760845
      vertex 4.15563 4.15563 -0.799999
      vertex 3.89313 4.37984 -0.799999
    endloop
  endfacet
  facet normal 0.101902 0.119308 -0.987614
    outer loop
      vertex 4.03844 4.57984 -0.760845
      vertex 4.33044 4.33044 -0.760845
      vertex 3.89313 4.37984 -0.799999
    endloop
  endfacet
  facet normal -0.101904 -0.119314 -0.987613
    outer loop
      vertex 4.15563 4.15563 -0.799999
      vertex 3.98083 3.98083 -0.760845
      vertex 3.74782 4.17984 -0.760845
    endloop
  endfacet
  facet normal -0.101904 -0.119307 -0.987614
    outer loop
      vertex 3.89313 4.37984 -0.799999
      vertex 4.15563 4.15563 -0.799999
      vertex 3.74782 4.17984 -0.760845
    endloop
  endfacet
  facet normal -0.295558 -0.346058 -0.890443
    outer loop
      vertex 3.98083 3.98083 -0.760845
      vertex 3.82313 3.82313 -0.647213
      vertex 3.61673 3.99941 -0.647213
    endloop
  endfacet
  facet normal -0.295558 -0.346053 -0.890445
    outer loop
      vertex 3.74782 4.17984 -0.760845
      vertex 3.98083 3.98083 -0.760845
      vertex 3.61673 3.99941 -0.647213
    endloop
  endfacet
  facet normal -0.45993 -0.538552 -0.705993
    outer loop
      vertex 3.82313 3.82313 -0.647213
      vertex 3.69799 3.69799 -0.470228
      vertex 3.5127 3.85623 -0.470228
    endloop
  endfacet
  facet normal -0.459937 -0.538524 -0.70601
    outer loop
      vertex 3.61673 3.99941 -0.647213
      vertex 3.82313 3.82313 -0.647213
      vertex 3.5127 3.85623 -0.470228
    endloop
  endfacet
  facet normal -0.579004 -0.677979 -0.452878
    outer loop
      vertex 3.69799 3.69799 -0.470228
      vertex 3.61764 3.61764 -0.247213
      vertex 3.44591 3.7643 -0.247213
    endloop
  endfacet
  facet normal -0.579004 -0.67798 -0.452877
    outer loop
      vertex 3.5127 3.85623 -0.470228
      vertex 3.69799 3.69799 -0.470228
      vertex 3.44591 3.7643 -0.247213
    endloop
  endfacet
  facet normal -0.641488 -0.751108 -0.155983
    outer loop
      vertex 3.61764 3.61764 -0.247213
      vertex 3.58995 3.58995 0
      vertex 3.4229 3.73262 0
    endloop
  endfacet
  facet normal -0.641472 -0.751125 -0.155962
    outer loop
      vertex 3.44591 3.7643 -0.247213
      vertex 3.61764 3.61764 -0.247213
      vertex 3.4229 3.73262 0
    endloop
  endfacet
  facet normal -0.64147 -0.751123 0.155982
    outer loop
      vertex 3.58995 3.58995 0
      vertex 3.61764 3.61764 0.247213
      vertex 3.44591 3.7643 0.247213
    endloop
  endfacet
  facet normal -0.64149 -0.75111 0.155962
    outer loop
      vertex 3.58995 3.58995 0
      vertex 3.44591 3.7643 0.247213
      vertex 3.4229 3.73262 0
    endloop
  endfacet
  facet normal -0.579003 -0.67798 0.452878
    outer loop
      vertex 3.61764 3.61764 0.247213
      vertex 3.69799 3.69799 0.470228
      vertex 3.5127 3.85623 0.470228
    endloop
  endfacet
  facet normal -0.579005 -0.677979 0.452877
    outer loop
      vertex 3.61764 3.61764 0.247213
      vertex 3.5127 3.85623 0.470228
      vertex 3.44591 3.7643 0.247213
    endloop
  endfacet
  facet normal -0.459948 -0.538536 0.705994
    outer loop
      vertex 3.69799 3.69799 0.470228
      vertex 3.82313 3.82313 0.647213
      vertex 3.61673 3.99941 0.647213
    endloop
  endfacet
  facet normal -0.459919 -0.538539 0.706011
    outer loop
      vertex 3.69799 3.69799 0.470228
      vertex 3.61673 3.99941 0.647213
      vertex 3.5127 3.85623 0.470228
    endloop
  endfacet
  facet normal -0.29556 -0.346056 0.890443
    outer loop
      vertex 3.82313 3.82313 0.647213
      vertex 3.98083 3.98083 0.760845
      vertex 3.74782 4.17984 0.760845
    endloop
  endfacet
  facet normal -0.295555 -0.346055 0.890445
    outer loop
      vertex 3.82313 3.82313 0.647213
      vertex 3.74782 4.17984 0.760845
      vertex 3.61673 3.99941 0.647213
    endloop
  endfacet
  facet normal -0.101908 -0.119311 0.987613
    outer loop
      vertex 3.98083 3.98083 0.760845
      vertex 4.15563 4.15563 0.799999
      vertex 3.89313 4.37984 0.799999
    endloop
  endfacet
  facet normal -0.1019 -0.11931 0.987614
    outer loop
      vertex 3.98083 3.98083 0.760845
      vertex 3.89313 4.37984 0.799999
      vertex 3.74782 4.17984 0.760845
    endloop
  endfacet
  facet normal 0.1019 0.119306 0.987615
    outer loop
      vertex 4.15563 4.15563 0.799999
      vertex 4.33044 4.33044 0.760845
      vertex 4.03844 4.57984 0.760845
    endloop
  endfacet
  facet normal 0.101904 0.119307 0.987614
    outer loop
      vertex 4.15563 4.15563 0.799999
      vertex 4.03844 4.57984 0.760845
      vertex 3.89313 4.37984 0.799999
    endloop
  endfacet
  facet normal 0.295556 0.34606 0.890443
    outer loop
      vertex 4.33044 4.33044 0.760845
      vertex 4.48814 4.48814 0.647213
      vertex 4.16952 4.76026 0.647213
    endloop
  endfacet
  facet normal 0.295579 0.346066 0.890433
    outer loop
      vertex 4.33044 4.33044 0.760845
      vertex 4.16952 4.76026 0.647213
      vertex 4.03844 4.57984 0.760845
    endloop
  endfacet
  facet normal 0.459954 0.538531 0.705994
    outer loop
      vertex 4.48814 4.48814 0.647213
      vertex 4.61328 4.61328 0.470228
      vertex 4.27355 4.90344 0.470228
    endloop
  endfacet
  facet normal 0.459933 0.538527 0.70601
    outer loop
      vertex 4.48814 4.48814 0.647213
      vertex 4.27355 4.90344 0.470228
      vertex 4.16952 4.76026 0.647213
    endloop
  endfacet
  facet normal 0.579032 0.677955 0.452879
    outer loop
      vertex 4.61328 4.61328 0.470228
      vertex 4.69363 4.69363 0.247213
      vertex 4.34034 4.99537 0.247213
    endloop
  endfacet
  facet normal 0.579034 0.677955 0.452876
    outer loop
      vertex 4.61328 4.61328 0.470228
      vertex 4.34034 4.99537 0.247213
      vertex 4.27355 4.90344 0.470228
    endloop
  endfacet
  facet normal 0.641503 0.751095 0.155983
    outer loop
      vertex 4.69363 4.69363 0.247213
      vertex 4.72132 4.72132 0
      vertex 4.36336 5.02705 0
    endloop
  endfacet
  facet normal 0.6415 0.751096 0.155987
    outer loop
      vertex 4.69363 4.69363 0.247213
      vertex 4.36336 5.02705 0
      vertex 4.34034 4.99537 0.247213
    endloop
  endfacet
  facet normal 0.641501 0.751096 -0.155983
    outer loop
      vertex 4.72132 4.72132 0
      vertex 4.69363 4.69363 -0.247213
      vertex 4.34034 4.99537 -0.247213
    endloop
  endfacet
  facet normal 0.641502 0.751095 -0.155987
    outer loop
      vertex 4.36336 5.02705 0
      vertex 4.72132 4.72132 0
      vertex 4.34034 4.99537 -0.247213
    endloop
  endfacet
  facet normal 0.46586 0.760182 -0.452877
    outer loop
      vertex 4.34034 4.99537 -0.247213
      vertex 4.27355 4.90344 -0.470228
      vertex 3.89261 5.13689 -0.470228
    endloop
  endfacet
  facet normal 0.465852 0.760205 -0.452847
    outer loop
      vertex 3.94419 5.23813 -0.247213
      vertex 4.34034 4.99537 -0.247213
      vertex 3.89261 5.13689 -0.470228
    endloop
  endfacet
  facet normal 0.370036 0.603842 -0.706009
    outer loop
      vertex 4.27355 4.90344 -0.470228
      vertex 4.16952 4.76026 -0.647213
      vertex 3.81226 4.97919 -0.647213
    endloop
  endfacet
  facet normal 0.370039 0.603823 -0.706023
    outer loop
      vertex 3.89261 5.13689 -0.470228
      vertex 4.27355 4.90344 -0.470228
      vertex 3.81226 4.97919 -0.647213
    endloop
  endfacet
  facet normal 0.237788 0.388053 -0.890434
    outer loop
      vertex 4.16952 4.76026 -0.647213
      vertex 4.03844 4.57984 -0.760845
      vertex 3.71101 4.78048 -0.760845
    endloop
  endfacet
  facet normal 0.237789 0.388035 -0.890441
    outer loop
      vertex 3.81226 4.97919 -0.647213
      vertex 4.16952 4.76026 -0.647213
      vertex 3.71101 4.78048 -0.760845
    endloop
  endfacet
  facet normal 0.081979 0.133783 -0.987614
    outer loop
      vertex 4.03844 4.57984 -0.760845
      vertex 3.89313 4.37984 -0.799999
      vertex 3.59878 4.56021 -0.799999
    endloop
  endfacet
  facet normal 0.0819789 0.133784 -0.987614
    outer loop
      vertex 3.71101 4.78048 -0.760845
      vertex 4.03844 4.57984 -0.760845
      vertex 3.59878 4.56021 -0.799999
    endloop
  endfacet
  facet normal -0.0819792 -0.133783 -0.987614
    outer loop
      vertex 3.89313 4.37984 -0.799999
      vertex 3.74782 4.17984 -0.760845
      vertex 3.48655 4.33994 -0.760845
    endloop
  endfacet
  facet normal -0.0819791 -0.133784 -0.987614
    outer loop
      vertex 3.59878 4.56021 -0.799999
      vertex 3.89313 4.37984 -0.799999
      vertex 3.48655 4.33994 -0.760845
    endloop
  endfacet
  facet normal -0.237795 -0.388021 -0.890446
    outer loop
      vertex 3.74782 4.17984 -0.760845
      vertex 3.61673 3.99941 -0.647213
      vertex 3.3853 4.14124 -0.647213
    endloop
  endfacet
  facet normal -0.237788 -0.388051 -0.890434
    outer loop
      vertex 3.48655 4.33994 -0.760845
      vertex 3.74782 4.17984 -0.760845
      vertex 3.3853 4.14124 -0.647213
    endloop
  endfacet
  facet normal -0.370036 -0.603842 -0.706009
    outer loop
      vertex 3.61673 3.99941 -0.647213
      vertex 3.5127 3.85623 -0.470228
      vertex 3.30495 3.98354 -0.470228
    endloop
  endfacet
  facet normal -0.370046 -0.603819 -0.706023
    outer loop
      vertex 3.3853 4.14124 -0.647213
      vertex 3.61673 3.99941 -0.647213
      vertex 3.30495 3.98354 -0.470228
    endloop
  endfacet
  facet normal -0.465861 -0.760182 -0.452877
    outer loop
      vertex 3.5127 3.85623 -0.470228
      vertex 3.44591 3.7643 -0.247213
      vertex 3.25336 3.8823 -0.247213
    endloop
  endfacet
  facet normal -0.465851 -0.760196 -0.452864
    outer loop
      vertex 3.30495 3.98354 -0.470228
      vertex 3.5127 3.85623 -0.470228
      vertex 3.25336 3.8823 -0.247213
    endloop
  endfacet
  facet normal -0.516125 -0.842193 -0.155966
    outer loop
      vertex 3.44591 3.7643 -0.247213
      vertex 3.4229 3.73262 0
      vertex 3.23559 3.84741 0
    endloop
  endfacet
  facet normal -0.516121 -0.842196 -0.155961
    outer loop
      vertex 3.25336 3.8823 -0.247213
      vertex 3.44591 3.7643 -0.247213
      vertex 3.23559 3.84741 0
    endloop
  endfacet
  facet normal -0.516121 -0.842196 0.155966
    outer loop
      vertex 3.4229 3.73262 0
      vertex 3.44591 3.7643 0.247213
      vertex 3.25336 3.8823 0.247213
    endloop
  endfacet
  facet normal -0.516125 -0.842194 0.155961
    outer loop
      vertex 3.4229 3.73262 0
      vertex 3.25336 3.8823 0.247213
      vertex 3.23559 3.84741 0
    endloop
  endfacet
  facet normal -0.465847 -0.76019 0.452876
    outer loop
      vertex 3.44591 3.7643 0.247213
      vertex 3.5127 3.85623 0.470228
      vertex 3.30495 3.98354 0.470228
    endloop
  endfacet
  facet normal -0.465864 -0.760188 0.452863
    outer loop
      vertex 3.44591 3.7643 0.247213
      vertex 3.30495 3.98354 0.470228
      vertex 3.25336 3.8823 0.247213
    endloop
  endfacet
  facet normal -0.370053 -0.603831 0.706009
    outer loop
      vertex 3.5127 3.85623 0.470228
      vertex 3.61673 3.99941 0.647213
      vertex 3.3853 4.14124 0.647213
    endloop
  endfacet
  facet normal -0.370029 -0.603829 0.706024
    outer loop
      vertex 3.5127 3.85623 0.470228
      vertex 3.3853 4.14124 0.647213
      vertex 3.30495 3.98354 0.470228
    endloop
  endfacet
  facet normal -0.237777 -0.388033 0.890445
    outer loop
      vertex 3.61673 3.99941 0.647213
      vertex 3.74782 4.17984 0.760845
      vertex 3.48655 4.33994 0.760845
    endloop
  endfacet
  facet normal -0.237808 -0.388041 0.890434
    outer loop
      vertex 3.61673 3.99941 0.647213
      vertex 3.48655 4.33994 0.760845
      vertex 3.3853 4.14124 0.647213
    endloop
  endfacet
  facet normal -0.081979 -0.133783 0.987614
    outer loop
      vertex 3.74782 4.17984 0.760845
      vertex 3.89313 4.37984 0.799999
      vertex 3.59878 4.56021 0.799999
    endloop
  endfacet
  facet normal -0.0819793 -0.133784 0.987614
    outer loop
      vertex 3.74782 4.17984 0.760845
      vertex 3.59878 4.56021 0.799999
      vertex 3.48655 4.33994 0.760845
    endloop
  endfacet
  facet normal 0.0819788 0.133783 0.987614
    outer loop
      vertex 3.89313 4.37984 0.799999
      vertex 4.03844 4.57984 0.760845
      vertex 3.71101 4.78048 0.760845
    endloop
  endfacet
  facet normal 0.0819791 0.133784 0.987614
    outer loop
      vertex 3.89313 4.37984 0.799999
      vertex 3.71101 4.78048 0.760845
      vertex 3.59878 4.56021 0.799999
    endloop
  endfacet
  facet normal 0.237796 0.388047 0.890434
    outer loop
      vertex 4.03844 4.57984 0.760845
      vertex 4.16952 4.76026 0.647213
      vertex 3.81226 4.97919 0.647213
    endloop
  endfacet
  facet normal 0.23778 0.38804 0.890441
    outer loop
      vertex 4.03844 4.57984 0.760845
      vertex 3.81226 4.97919 0.647213
      vertex 3.71101 4.78048 0.760845
    endloop
  endfacet
  facet normal 0.370046 0.603835 0.706009
    outer loop
      vertex 4.16952 4.76026 0.647213
      vertex 4.27355 4.90344 0.470228
      vertex 3.89261 5.13689 0.470228
    endloop
  endfacet
  facet normal 0.370028 0.603829 0.706024
    outer loop
      vertex 4.16952 4.76026 0.647213
      vertex 3.89261 5.13689 0.470228
      vertex 3.81226 4.97919 0.647213
    endloop
  endfacet
  facet normal 0.465844 0.760192 0.452876
    outer loop
      vertex 4.27355 4.90344 0.470228
      vertex 4.34034 4.99537 0.247213
      vertex 3.94419 5.23813 0.247213
    endloop
  endfacet
  facet normal 0.465868 0.760195 0.452847
    outer loop
      vertex 4.27355 4.90344 0.470228
      vertex 3.94419 5.23813 0.247213
      vertex 3.89261 5.13689 0.470228
    endloop
  endfacet
  facet normal 0.5161 0.842205 0.155986
    outer loop
      vertex 4.34034 4.99537 0.247213
      vertex 4.36336 5.02705 0
      vertex 3.96197 5.27302 0
    endloop
  endfacet
  facet normal 0.516102 0.842205 0.155982
    outer loop
      vertex 4.34034 4.99537 0.247213
      vertex 3.96197 5.27302 0
      vertex 3.94419 5.23813 0.247213
    endloop
  endfacet
  facet normal 0.516101 0.842204 -0.155986
    outer loop
      vertex 4.36336 5.02705 0
      vertex 4.34034 4.99537 -0.247213
      vertex 3.94419 5.23813 -0.247213
    endloop
  endfacet
  facet normal 0.5161 0.842206 -0.155982
    outer loop
      vertex 3.96197 5.27302 0
      vertex 4.36336 5.02705 0
      vertex 3.94419 5.23813 -0.247213
    endloop
  endfacet
  facet normal 0.341187 0.823723 -0.452849
    outer loop
      vertex 3.94419 5.23813 -0.247213
      vertex 3.89261 5.13689 -0.470228
      vertex 3.47984 5.30786 -0.470228
    endloop
  endfacet
  facet normal 0.341196 0.823706 -0.452872
    outer loop
      vertex 3.51495 5.41593 -0.247213
      vertex 3.94419 5.23813 -0.247213
      vertex 3.47984 5.30786 -0.470228
    endloop
  endfacet
  facet normal 0.271017 0.654277 -0.706025
    outer loop
      vertex 3.89261 5.13689 -0.470228
      vertex 3.81226 4.97919 -0.647213
      vertex 3.42515 5.13954 -0.647213
    endloop
  endfacet
  facet normal 0.271011 0.654297 -0.706009
    outer loop
      vertex 3.47984 5.30786 -0.470228
      vertex 3.89261 5.13689 -0.470228
      vertex 3.42515 5.13954 -0.647213
    endloop
  endfacet
  facet normal 0.174164 0.420454 -0.890441
    outer loop
      vertex 3.81226 4.97919 -0.647213
      vertex 3.71101 4.78048 -0.760845
      vertex 3.35623 4.92744 -0.760845
    endloop
  endfacet
  facet normal 0.174163 0.420458 -0.890439
    outer loop
      vertex 3.42515 5.13954 -0.647213
      vertex 3.81226 4.97919 -0.647213
      vertex 3.35623 4.92744 -0.760845
    endloop
  endfacet
  facet normal 0.0600445 0.14496 -0.987614
    outer loop
      vertex 3.71101 4.78048 -0.760845
      vertex 3.59878 4.56021 -0.799999
      vertex 3.27984 4.69232 -0.799999
    endloop
  endfacet
  facet normal 0.0600452 0.144957 -0.987614
    outer loop
      vertex 3.35623 4.92744 -0.760845
      vertex 3.71101 4.78048 -0.760845
      vertex 3.27984 4.69232 -0.799999
    endloop
  endfacet
  facet normal -0.0600451 -0.144959 -0.987614
    outer loop
      vertex 3.59878 4.56021 -0.799999
      vertex 3.48655 4.33994 -0.760845
      vertex 3.20344 4.45721 -0.760845
    endloop
  endfacet
  facet normal -0.0600448 -0.14496 -0.987614
    outer loop
      vertex 3.27984 4.69232 -0.799999
      vertex 3.59878 4.56021 -0.799999
      vertex 3.20344 4.45721 -0.760845
    endloop
  endfacet
  facet normal -0.174161 -0.420472 -0.890433
    outer loop
      vertex 3.48655 4.33994 -0.760845
      vertex 3.3853 4.14124 -0.647213
      vertex 3.13453 4.24511 -0.647213
    endloop
  endfacet
  facet normal -0.174165 -0.420464 -0.890436
    outer loop
      vertex 3.20344 4.45721 -0.760845
      vertex 3.48655 4.33994 -0.760845
      vertex 3.13453 4.24511 -0.647213
    endloop
  endfacet
  facet normal -0.271027 -0.654273 -0.706025
    outer loop
      vertex 3.3853 4.14124 -0.647213
      vertex 3.30495 3.98354 -0.470228
      vertex 3.07984 4.07679 -0.470228
    endloop
  endfacet
  facet normal -0.271013 -0.654297 -0.706008
    outer loop
      vertex 3.13453 4.24511 -0.647213
      vertex 3.3853 4.14124 -0.647213
      vertex 3.07984 4.07679 -0.470228
    endloop
  endfacet
  facet normal -0.341188 -0.823716 -0.452861
    outer loop
      vertex 3.30495 3.98354 -0.470228
      vertex 3.25336 3.8823 -0.247213
      vertex 3.04472 3.96872 -0.247213
    endloop
  endfacet
  facet normal -0.341209 -0.823695 -0.452884
    outer loop
      vertex 3.07984 4.07679 -0.470228
      vertex 3.30495 3.98354 -0.470228
      vertex 3.04472 3.96872 -0.247213
    endloop
  endfacet
  facet normal -0.377989 -0.912578 -0.155966
    outer loop
      vertex 3.25336 3.8823 -0.247213
      vertex 3.23559 3.84741 0
      vertex 3.03262 3.93148 0
    endloop
  endfacet
  facet normal -0.377994 -0.912575 -0.155971
    outer loop
      vertex 3.04472 3.96872 -0.247213
      vertex 3.25336 3.8823 -0.247213
      vertex 3.03262 3.93148 0
    endloop
  endfacet
  facet normal -0.377995 -0.912576 0.155966
    outer loop
      vertex 3.23559 3.84741 0
      vertex 3.25336 3.8823 0.247213
      vertex 3.04472 3.96872 0.247213
    endloop
  endfacet
  facet normal -0.377989 -0.912577 0.155971
    outer loop
      vertex 3.23559 3.84741 0
      vertex 3.04472 3.96872 0.247213
      vertex 3.03262 3.93148 0
    endloop
  endfacet
  facet normal -0.341213 -0.823705 0.452862
    outer loop
      vertex 3.25336 3.8823 0.247213
      vertex 3.30495 3.98354 0.470228
      vertex 3.07984 4.07679 0.470228
    endloop
  endfacet
  facet normal -0.341184 -0.823704 0.452885
    outer loop
      vertex 3.25336 3.8823 0.247213
      vertex 3.07984 4.07679 0.470228
      vertex 3.04472 3.96872 0.247213
    endloop
  endfacet
  facet normal -0.271007 -0.654282 0.706024
    outer loop
      vertex 3.30495 3.98354 0.470228
      vertex 3.3853 4.14124 0.647213
      vertex 3.13453 4.24511 0.647213
    endloop
  endfacet
  facet normal -0.271034 -0.654289 0.706008
    outer loop
      vertex 3.30495 3.98354 0.470228
      vertex 3.13453 4.24511 0.647213
      vertex 3.07984 4.07679 0.470228
    endloop
  endfacet
  facet normal -0.174167 -0.420469 0.890433
    outer loop
      vertex 3.3853 4.14124 0.647213
      vertex 3.48655 4.33994 0.760845
      vertex 3.20344 4.45721 0.760845
    endloop
  endfacet
  facet normal -0.174159 -0.420466 0.890437
    outer loop
      vertex 3.3853 4.14124 0.647213
      vertex 3.20344 4.45721 0.760845
      vertex 3.13453 4.24511 0.647213
    endloop
  endfacet
  facet normal -0.0600445 -0.14496 0.987614
    outer loop
      vertex 3.48655 4.33994 0.760845
      vertex 3.59878 4.56021 0.799999
      vertex 3.27984 4.69232 0.799999
    endloop
  endfacet
  facet normal -0.0600454 -0.14496 0.987614
    outer loop
      vertex 3.48655 4.33994 0.760845
      vertex 3.27984 4.69232 0.799999
      vertex 3.20344 4.45721 0.760845
    endloop
  endfacet
  facet normal 0.0600461 0.144959 0.987614
    outer loop
      vertex 3.59878 4.56021 0.799999
      vertex 3.71101 4.78048 0.760845
      vertex 3.35623 4.92744 0.760845
    endloop
  endfacet
  facet normal 0.0600436 0.144957 0.987614
    outer loop
      vertex 3.59878 4.56021 0.799999
      vertex 3.35623 4.92744 0.760845
      vertex 3.27984 4.69232 0.799999
    endloop
  endfacet
  facet normal 0.174162 0.420455 0.890441
    outer loop
      vertex 3.71101 4.78048 0.760845
      vertex 3.81226 4.97919 0.647213
      vertex 3.42515 5.13954 0.647213
    endloop
  endfacet
  facet normal 0.174165 0.420457 0.890439
    outer loop
      vertex 3.71101 4.78048 0.760845
      vertex 3.42515 5.13954 0.647213
      vertex 3.35623 4.92744 0.760845
    endloop
  endfacet
  facet normal 0.271005 0.654283 0.706024
    outer loop
      vertex 3.81226 4.97919 0.647213
      vertex 3.89261 5.13689 0.470228
      vertex 3.47984 5.30786 0.470228
    endloop
  endfacet
  facet normal 0.271023 0.654293 0.706008
    outer loop
      vertex 3.81226 4.97919 0.647213
      vertex 3.47984 5.30786 0.470228
      vertex 3.42515 5.13954 0.647213
    endloop
  endfacet
  facet normal 0.3412 0.823717 0.452849
    outer loop
      vertex 3.89261 5.13689 0.470228
      vertex 3.94419 5.23813 0.247213
      vertex 3.51495 5.41593 0.247213
    endloop
  endfacet
  facet normal 0.341183 0.823712 0.452873
    outer loop
      vertex 3.89261 5.13689 0.470228
      vertex 3.51495 5.41593 0.247213
      vertex 3.47984 5.30786 0.470228
    endloop
  endfacet
  facet normal 0.378 0.912571 0.155981
    outer loop
      vertex 3.94419 5.23813 0.247213
      vertex 3.96197 5.27302 0
      vertex 3.52705 5.45317 0
    endloop
  endfacet
  facet normal 0.378005 0.912571 0.155971
    outer loop
      vertex 3.94419 5.23813 0.247213
      vertex 3.52705 5.45317 0
      vertex 3.51495 5.41593 0.247213
    endloop
  endfacet
  facet normal 0.378005 0.912569 -0.155981
    outer loop
      vertex 3.96197 5.27302 0
      vertex 3.94419 5.23813 -0.247213
      vertex 3.51495 5.41593 -0.247213
    endloop
  endfacet
  facet normal 0.378 0.912573 -0.155971
    outer loop
      vertex 3.52705 5.45317 0
      vertex 3.96197 5.27302 0
      vertex 3.51495 5.41593 -0.247213
    endloop
  endfacet
  facet normal 0.208134 0.86694 -0.452874
    outer loop
      vertex 3.51495 5.41593 -0.247213
      vertex 3.47984 5.30786 -0.470228
      vertex 3.0454 5.41216 -0.470228
    endloop
  endfacet
  facet normal 0.208133 0.866941 -0.452873
    outer loop
      vertex 3.06318 5.52439 -0.247213
      vertex 3.51495 5.41593 -0.247213
      vertex 3.0454 5.41216 -0.470228
    endloop
  endfacet
  facet normal 0.165318 0.688638 -0.706008
    outer loop
      vertex 3.47984 5.30786 -0.470228
      vertex 3.42515 5.13954 -0.647213
      vertex 3.01772 5.23735 -0.647213
    endloop
  endfacet
  facet normal 0.165325 0.688625 -0.706019
    outer loop
      vertex 3.0454 5.41216 -0.470228
      vertex 3.47984 5.30786 -0.470228
      vertex 3.01772 5.23735 -0.647213
    endloop
  endfacet
  facet normal 0.106236 0.44253 -0.890439
    outer loop
      vertex 3.42515 5.13954 -0.647213
      vertex 3.35623 4.92744 -0.760845
      vertex 2.98283 5.01708 -0.760845
    endloop
  endfacet
  facet normal 0.106236 0.442529 -0.890439
    outer loop
      vertex 3.01772 5.23735 -0.647213
      vertex 3.42515 5.13954 -0.647213
      vertex 2.98283 5.01708 -0.760845
    endloop
  endfacet
  facet normal 0.0366278 0.152565 -0.987614
    outer loop
      vertex 3.35623 4.92744 -0.760845
      vertex 3.27984 4.69232 -0.799999
      vertex 2.94416 4.77291 -0.799999
    endloop
  endfacet
  facet normal 0.0366263 0.152569 -0.987614
    outer loop
      vertex 2.98283 5.01708 -0.760845
      vertex 3.35623 4.92744 -0.760845
      vertex 2.94416 4.77291 -0.799999
    endloop
  endfacet
  facet normal -0.0366268 -0.15257 -0.987614
    outer loop
      vertex 3.27984 4.69232 -0.799999
      vertex 3.20344 4.45721 -0.760845
      vertex 2.90548 4.52874 -0.760845
    endloop
  endfacet
  facet normal -0.0366282 -0.152567 -0.987614
    outer loop
      vertex 2.94416 4.77291 -0.799999
      vertex 3.27984 4.69232 -0.799999
      vertex 2.90548 4.52874 -0.760845
    endloop
  endfacet
  facet normal -0.106232 -0.442535 -0.890437
    outer loop
      vertex 3.20344 4.45721 -0.760845
      vertex 3.13453 4.24511 -0.647213
      vertex 2.87059 4.30847 -0.647213
    endloop
  endfacet
  facet normal -0.106236 -0.442529 -0.890439
    outer loop
      vertex 2.90548 4.52874 -0.760845
      vertex 3.20344 4.45721 -0.760845
      vertex 2.87059 4.30847 -0.647213
    endloop
  endfacet
  facet normal -0.165322 -0.688637 -0.706008
    outer loop
      vertex 3.13453 4.24511 -0.647213
      vertex 3.07984 4.07679 -0.470228
      vertex 2.84291 4.13367 -0.470228
    endloop
  endfacet
  facet normal -0.165313 -0.688647 -0.706
    outer loop
      vertex 2.87059 4.30847 -0.647213
      vertex 3.13453 4.24511 -0.647213
      vertex 2.84291 4.13367 -0.470228
    endloop
  endfacet
  facet normal -0.208137 -0.866935 -0.452882
    outer loop
      vertex 3.07984 4.07679 -0.470228
      vertex 3.04472 3.96872 -0.247213
      vertex 2.82513 4.02144 -0.247213
    endloop
  endfacet
  facet normal -0.208128 -0.866942 -0.452873
    outer loop
      vertex 2.84291 4.13367 -0.470228
      vertex 3.07984 4.07679 -0.470228
      vertex 2.82513 4.02144 -0.247213
    endloop
  endfacet
  facet normal -0.230575 -0.960473 -0.155971
    outer loop
      vertex 3.04472 3.96872 -0.247213
      vertex 3.03262 3.93148 0
      vertex 2.81901 3.98276 0
    endloop
  endfacet
  facet normal -0.230592 -0.960466 -0.155987
    outer loop
      vertex 2.82513 4.02144 -0.247213
      vertex 3.04472 3.96872 -0.247213
      vertex 2.81901 3.98276 0
    endloop
  endfacet
  facet normal -0.230593 -0.960469 0.155971
    outer loop
      vertex 3.03262 3.93148 0
      vertex 3.04472 3.96872 0.247213
      vertex 2.82513 4.02144 0.247213
    endloop
  endfacet
  facet normal -0.230574 -0.96047 0.155987
    outer loop
      vertex 3.03262 3.93148 0
      vertex 2.82513 4.02144 0.247213
      vertex 2.81901 3.98276 0
    endloop
  endfacet
  facet normal -0.208127 -0.866938 0.452882
    outer loop
      vertex 3.04472 3.96872 0.247213
      vertex 3.07984 4.07679 0.470228
      vertex 2.84291 4.13367 0.470228
    endloop
  endfacet
  facet normal -0.208138 -0.86694 0.452873
    outer loop
      vertex 3.04472 3.96872 0.247213
      vertex 2.84291 4.13367 0.470228
      vertex 2.82513 4.02144 0.247213
    endloop
  endfacet
  facet normal -0.165311 -0.68864 0.706008
    outer loop
      vertex 3.07984 4.07679 0.470228
      vertex 3.13453 4.24511 0.647213
      vertex 2.87059 4.30847 0.647213
    endloop
  endfacet
  facet normal -0.165324 -0.688645 0.706
    outer loop
      vertex 3.07984 4.07679 0.470228
      vertex 2.87059 4.30847 0.647213
      vertex 2.84291 4.13367 0.470228
    endloop
  endfacet
  facet normal -0.106237 -0.442533 0.890437
    outer loop
      vertex 3.13453 4.24511 0.647213
      vertex 3.20344 4.45721 0.760845
      vertex 2.90548 4.52874 0.760845
    endloop
  endfacet
  facet normal -0.106231 -0.44253 0.890439
    outer loop
      vertex 3.13453 4.24511 0.647213
      vertex 2.90548 4.52874 0.760845
      vertex 2.87059 4.30847 0.647213
    endloop
  endfacet
  facet normal -0.0366288 -0.152569 0.987614
    outer loop
      vertex 3.20344 4.45721 0.760845
      vertex 3.27984 4.69232 0.799999
      vertex 2.94416 4.77291 0.799999
    endloop
  endfacet
  facet normal -0.0366262 -0.152567 0.987614
    outer loop
      vertex 3.20344 4.45721 0.760845
      vertex 2.94416 4.77291 0.799999
      vertex 2.90548 4.52874 0.760845
    endloop
  endfacet
  facet normal 0.0366256 0.152566 0.987614
    outer loop
      vertex 3.27984 4.69232 0.799999
      vertex 3.35623 4.92744 0.760845
      vertex 2.98283 5.01708 0.760845
    endloop
  endfacet
  facet normal 0.0366286 0.152568 0.987614
    outer loop
      vertex 3.27984 4.69232 0.799999
      vertex 2.98283 5.01708 0.760845
      vertex 2.94416 4.77291 0.799999
    endloop
  endfacet
  facet normal 0.106236 0.44253 0.890439
    outer loop
      vertex 3.35623 4.92744 0.760845
      vertex 3.42515 5.13954 0.647213
      vertex 3.01772 5.23735 0.647213
    endloop
  endfacet
  facet normal 0.106235 0.442529 0.890439
    outer loop
      vertex 3.35623 4.92744 0.760845
      vertex 3.01772 5.23735 0.647213
      vertex 2.98283 5.01708 0.760845
    endloop
  endfacet
  facet normal 0.165327 0.688636 0.706008
    outer loop
      vertex 3.42515 5.13954 0.647213
      vertex 3.47984 5.30786 0.470228
      vertex 3.0454 5.41216 0.470228
    endloop
  endfacet
  facet normal 0.165316 0.688627 0.706019
    outer loop
      vertex 3.42515 5.13954 0.647213
      vertex 3.0454 5.41216 0.470228
      vertex 3.01772 5.23735 0.647213
    endloop
  endfacet
  facet normal 0.208133 0.86694 0.452874
    outer loop
      vertex 3.47984 5.30786 0.470228
      vertex 3.51495 5.41593 0.247213
      vertex 3.06318 5.52439 0.247213
    endloop
  endfacet
  facet normal 0.208134 0.866941 0.452873
    outer loop
      vertex 3.47984 5.30786 0.470228
      vertex 3.06318 5.52439 0.247213
      vertex 3.0454 5.41216 0.470228
    endloop
  endfacet
  facet normal 0.230576 0.960473 0.155971
    outer loop
      vertex 3.51495 5.41593 0.247213
      vertex 3.52705 5.45317 0
      vertex 3.0693 5.56306 0
    endloop
  endfacet
  facet normal 0.230588 0.960473 0.155949
    outer loop
      vertex 3.51495 5.41593 0.247213
      vertex 3.0693 5.56306 0
      vertex 3.06318 5.52439 0.247213
    endloop
  endfacet
  facet normal 0.230588 0.96047 -0.155971
    outer loop
      vertex 3.52705 5.45317 0
      vertex 3.51495 5.41593 -0.247213
      vertex 3.06318 5.52439 -0.247213
    endloop
  endfacet
  facet normal 0.230577 0.960476 -0.155949
    outer loop
      vertex 3.0693 5.56306 0
      vertex 3.52705 5.45317 0
      vertex 3.06318 5.52439 -0.247213
    endloop
  endfacet
  facet normal 0.0699449 0.888829 -0.45287
    outer loop
      vertex 3.06318 5.52439 -0.247213
      vertex 3.0454 5.41216 -0.470228
      vertex 2.6 5.44721 -0.470228
    endloop
  endfacet
  facet normal 0.0699463 0.888827 -0.452873
    outer loop
      vertex 2.6 5.56084 -0.247213
      vertex 3.06318 5.52439 -0.247213
      vertex 2.6 5.44721 -0.470228
    endloop
  endfacet
  facet normal 0.0555719 0.706007 -0.706022
    outer loop
      vertex 3.0454 5.41216 -0.470228
      vertex 3.01772 5.23735 -0.647213
      vertex 2.6 5.27023 -0.647213
    endloop
  endfacet
  facet normal 0.0555594 0.706025 -0.706005
    outer loop
      vertex 2.6 5.44721 -0.470228
      vertex 3.0454 5.41216 -0.470228
      vertex 2.6 5.27023 -0.647213
    endloop
  endfacet
  facet normal 0.0357077 0.4537 -0.890439
    outer loop
      vertex 3.01772 5.23735 -0.647213
      vertex 2.98283 5.01708 -0.760845
      vertex 2.6 5.04721 -0.760845
    endloop
  endfacet
  facet normal 0.0357116 0.453693 -0.890442
    outer loop
      vertex 2.6 5.27023 -0.647213
      vertex 3.01772 5.23735 -0.647213
      vertex 2.6 5.04721 -0.760845
    endloop
  endfacet
  facet normal 0.0123123 0.156419 -0.987614
    outer loop
      vertex 2.98283 5.01708 -0.760845
      vertex 2.94416 4.77291 -0.799999
      vertex 2.6 4.8 -0.799999
    endloop
  endfacet
  facet normal 0.0123109 0.156422 -0.987614
    outer loop
      vertex 2.6 5.04721 -0.760845
      vertex 2.98283 5.01708 -0.760845
      vertex 2.6 4.8 -0.799999
    endloop
  endfacet
  facet normal -0.0123146 -0.156419 -0.987614
    outer loop
      vertex 2.94416 4.77291 -0.799999
      vertex 2.90548 4.52874 -0.760845
      vertex 2.6 4.55279 -0.760845
    endloop
  endfacet
  facet normal -0.0123125 -0.156422 -0.987614
    outer loop
      vertex 2.6 4.8 -0.799999
      vertex 2.94416 4.77291 -0.799999
      vertex 2.6 4.55279 -0.760845
    endloop
  endfacet
  facet normal -0.0357138 -0.453699 -0.890439
    outer loop
      vertex 2.90548 4.52874 -0.760845
      vertex 2.87059 4.30847 -0.647213
      vertex 2.6 4.32977 -0.647213
    endloop
  endfacet
  facet normal -0.0357186 -0.453693 -0.890442
    outer loop
      vertex 2.6 4.55279 -0.760845
      vertex 2.90548 4.52874 -0.760845
      vertex 2.6 4.32977 -0.647213
    endloop
  endfacet
  facet normal -0.055573 -0.706026 -0.706002
    outer loop
      vertex 2.87059 4.30847 -0.647213
      vertex 2.84291 4.13367 -0.470228
      vertex 2.6 4.15279 -0.470228
    endloop
  endfacet
  facet normal -0.055576 -0.706024 -0.706004
    outer loop
      vertex 2.6 4.32977 -0.647213
      vertex 2.87059 4.30847 -0.647213
      vertex 2.6 4.15279 -0.470228
    endloop
  endfacet
  facet normal -0.0699205 -0.888831 -0.452869
    outer loop
      vertex 2.84291 4.13367 -0.470228
      vertex 2.82513 4.02144 -0.247213
      vertex 2.6 4.03915 -0.247213
    endloop
  endfacet
  facet normal -0.0699603 -0.88881 -0.452904
    outer loop
      vertex 2.6 4.15279 -0.470228
      vertex 2.84291 4.13367 -0.470228
      vertex 2.6 4.03915 -0.247213
    endloop
  endfacet
  facet normal -0.0775144 -0.984712 -0.155991
    outer loop
      vertex 2.82513 4.02144 -0.247213
      vertex 2.81901 3.98276 0
      vertex 2.6 4 0
    endloop
  endfacet
  facet normal -0.0774639 -0.984723 -0.155946
    outer loop
      vertex 2.6 4.03915 -0.247213
      vertex 2.82513 4.02144 -0.247213
      vertex 2.6 4 0
    endloop
  endfacet
  facet normal -0.0774634 -0.984716 0.155991
    outer loop
      vertex 2.81901 3.98276 0
      vertex 2.82513 4.02144 0.247213
      vertex 2.6 4.03915 0.247213
    endloop
  endfacet
  facet normal -0.077515 -0.984719 0.155946
    outer loop
      vertex 2.81901 3.98276 0
      vertex 2.6 4.03915 0.247213
      vertex 2.6 4 0
    endloop
  endfacet
  facet normal -0.0699616 -0.888827 0.452871
    outer loop
      vertex 2.82513 4.02144 0.247213
      vertex 2.84291 4.13367 0.470228
      vertex 2.6 4.15279 0.470228
    endloop
  endfacet
  facet normal -0.069919 -0.888813 0.452905
    outer loop
      vertex 2.82513 4.02144 0.247213
      vertex 2.6 4.15279 0.470228
      vertex 2.6 4.03915 0.247213
    endloop
  endfacet
  facet normal -0.0555762 -0.706026 0.706002
    outer loop
      vertex 2.84291 4.13367 0.470228
      vertex 2.87059 4.30847 0.647213
      vertex 2.6 4.32977 0.647213
    endloop
  endfacet
  facet normal -0.0555728 -0.706024 0.706004
    outer loop
      vertex 2.84291 4.13367 0.470228
      vertex 2.6 4.32977 0.647213
      vertex 2.6 4.15279 0.470228
    endloop
  endfacet
  facet normal -0.035719 -0.453698 0.890439
    outer loop
      vertex 2.87059 4.30847 0.647213
      vertex 2.90548 4.52874 0.760845
      vertex 2.6 4.55279 0.760845
    endloop
  endfacet
  facet normal -0.0357133 -0.453693 0.890442
    outer loop
      vertex 2.87059 4.30847 0.647213
      vertex 2.6 4.55279 0.760845
      vertex 2.6 4.32977 0.647213
    endloop
  endfacet
  facet normal -0.0123123 -0.156419 0.987614
    outer loop
      vertex 2.90548 4.52874 0.760845
      vertex 2.94416 4.77291 0.799999
      vertex 2.6 4.8 0.799999
    endloop
  endfacet
  facet normal -0.0123149 -0.156422 0.987614
    outer loop
      vertex 2.90548 4.52874 0.760845
      vertex 2.6 4.8 0.799999
      vertex 2.6 4.55279 0.760845
    endloop
  endfacet
  facet normal 0.0123107 0.15642 0.987614
    outer loop
      vertex 2.94416 4.77291 0.799999
      vertex 2.98283 5.01708 0.760845
      vertex 2.6 5.04721 0.760845
    endloop
  endfacet
  facet normal 0.0123125 0.156422 0.987614
    outer loop
      vertex 2.94416 4.77291 0.799999
      vertex 2.6 5.04721 0.760845
      vertex 2.6 4.8 0.799999
    endloop
  endfacet
  facet normal 0.035712 0.453699 0.890439
    outer loop
      vertex 2.98283 5.01708 0.760845
      vertex 3.01772 5.23735 0.647213
      vertex 2.6 5.27023 0.647213
    endloop
  endfacet
  facet normal 0.0357072 0.453693 0.890442
    outer loop
      vertex 2.98283 5.01708 0.760845
      vertex 2.6 5.27023 0.647213
      vertex 2.6 5.04721 0.760845
    endloop
  endfacet
  facet normal 0.0555581 0.706008 0.706021
    outer loop
      vertex 3.01772 5.23735 0.647213
      vertex 3.0454 5.41216 0.470228
      vertex 2.6 5.44721 0.470228
    endloop
  endfacet
  facet normal 0.0555733 0.706024 0.706004
    outer loop
      vertex 3.01772 5.23735 0.647213
      vertex 2.6 5.44721 0.470228
      vertex 2.6 5.27023 0.647213
    endloop
  endfacet
  facet normal 0.0699465 0.888828 0.45287
    outer loop
      vertex 3.0454 5.41216 0.470228
      vertex 3.06318 5.52439 0.247213
      vertex 2.6 5.56084 0.247213
    endloop
  endfacet
  facet normal 0.0699448 0.888827 0.452873
    outer loop
      vertex 3.0454 5.41216 0.470228
      vertex 2.6 5.56084 0.247213
      vertex 2.6 5.44721 0.470228
    endloop
  endfacet
  facet normal 0.0775101 0.984719 0.155952
    outer loop
      vertex 3.06318 5.52439 0.247213
      vertex 3.0693 5.56306 0
      vertex 2.6 5.6 0
    endloop
  endfacet
  facet normal 0.0774923 0.984715 0.155985
    outer loop
      vertex 3.06318 5.52439 0.247213
      vertex 2.6 5.6 0
      vertex 2.6 5.56084 0.247213
    endloop
  endfacet
  facet normal 0.0774927 0.98472 -0.155952
    outer loop
      vertex 3.0693 5.56306 0
      vertex 3.06318 5.52439 -0.247213
      vertex 2.6 5.56084 -0.247213
    endloop
  endfacet
  facet normal 0.0775097 0.984714 -0.155984
    outer loop
      vertex 2.6 5.6 0
      vertex 3.0693 5.56306 0
      vertex 2.6 5.56084 -0.247213
    endloop
  endfacet
  facet normal 0 0.890993 -0.454016
    outer loop
      vertex 2.6 -4.15279 -0.470228
      vertex -2.6 -4.03915 -0.247213
      vertex 2.6 -4.03915 -0.247213
    endloop
  endfacet
  facet normal 0 0.890993 -0.454016
    outer loop
      vertex -2.6 -4.03915 -0.247213
      vertex 2.6 -4.15279 -0.470228
      vertex -2.6 -4.15279 -0.470228
    endloop
  endfacet
  facet normal 0 -0.891009 -0.453985
    outer loop
      vertex -2.6 -5.44721 -0.470228
      vertex 2.6 -5.56084 -0.247213
      vertex -2.6 -5.56084 -0.247213
    endloop
  endfacet
  facet normal 0 -0.891009 -0.453985
    outer loop
      vertex 2.6 -5.56084 -0.247213
      vertex -2.6 -5.44721 -0.470228
      vertex 2.6 -5.44721 -0.470228
    endloop
  endfacet
  facet normal 0 -0.707117 -0.707097
    outer loop
      vertex -2.6 -5.44721 -0.470228
      vertex 2.6 -5.27023 -0.647213
      vertex 2.6 -5.44721 -0.470228
    endloop
  endfacet
  facet normal -0 -0.707117 -0.707097
    outer loop
      vertex 2.6 -5.27023 -0.647213
      vertex -2.6 -5.44721 -0.470228
      vertex -2.6 -5.27023 -0.647213
    endloop
  endfacet
  facet normal 0 0.156434 -0.987688
    outer loop
      vertex -2.6 -4.8 -0.799999
      vertex 2.6 -4.55279 -0.760845
      vertex 2.6 -4.8 -0.799999
    endloop
  endfacet
  facet normal 0 0.156434 -0.987688
    outer loop
      vertex 2.6 -4.55279 -0.760845
      vertex -2.6 -4.8 -0.799999
      vertex -2.6 -4.55279 -0.760845
    endloop
  endfacet
  facet normal 0 -0.453983 -0.89101
    outer loop
      vertex -2.6 -5.27023 -0.647213
      vertex 2.6 -5.04721 -0.760845
      vertex 2.6 -5.27023 -0.647213
    endloop
  endfacet
  facet normal -0 -0.453983 -0.89101
    outer loop
      vertex 2.6 -5.04721 -0.760845
      vertex -2.6 -5.27023 -0.647213
      vertex -2.6 -5.04721 -0.760845
    endloop
  endfacet
  facet normal -0 0.156434 0.987688
    outer loop
      vertex -2.6 -4.55279 0.760845
      vertex 2.6 -4.8 0.799999
      vertex 2.6 -4.55279 0.760845
    endloop
  endfacet
  facet normal 0 0.156434 0.987688
    outer loop
      vertex 2.6 -4.8 0.799999
      vertex -2.6 -4.55279 0.760845
      vertex -2.6 -4.8 0.799999
    endloop
  endfacet
  facet normal 0 0.987691 0.156416
    outer loop
      vertex 2.6 -4 0
      vertex -2.6 -4.03915 0.247213
      vertex 2.6 -4.03915 0.247213
    endloop
  endfacet
  facet normal 0 0.987691 0.156416
    outer loop
      vertex -2.6 -4.03915 0.247213
      vertex 2.6 -4 0
      vertex -2.6 -4 0
    endloop
  endfacet
  facet normal 0 -0.891009 0.453985
    outer loop
      vertex -2.6 -5.56084 0.247213
      vertex 2.6 -5.44721 0.470228
      vertex -2.6 -5.44721 0.470228
    endloop
  endfacet
  facet normal 0 -0.891009 0.453985
    outer loop
      vertex 2.6 -5.44721 0.470228
      vertex -2.6 -5.56084 0.247213
      vertex 2.6 -5.56084 0.247213
    endloop
  endfacet
  facet normal 0 0.453983 -0.89101
    outer loop
      vertex -2.6 -4.55279 -0.760845
      vertex 2.6 -4.32977 -0.647213
      vertex 2.6 -4.55279 -0.760845
    endloop
  endfacet
  facet normal 0 0.453983 -0.89101
    outer loop
      vertex 2.6 -4.32977 -0.647213
      vertex -2.6 -4.55279 -0.760845
      vertex -2.6 -4.32977 -0.647213
    endloop
  endfacet
  facet normal 0 0.987691 -0.156416
    outer loop
      vertex 2.6 -4.03915 -0.247213
      vertex -2.6 -4 0
      vertex 2.6 -4 0
    endloop
  endfacet
  facet normal 0 0.987691 -0.156416
    outer loop
      vertex -2.6 -4 0
      vertex 2.6 -4.03915 -0.247213
      vertex -2.6 -4.03915 -0.247213
    endloop
  endfacet
  facet normal 0 -0.156434 0.987688
    outer loop
      vertex -2.6 -4.8 0.799999
      vertex 2.6 -5.04721 0.760845
      vertex 2.6 -4.8 0.799999
    endloop
  endfacet
  facet normal 0 -0.156434 0.987688
    outer loop
      vertex 2.6 -5.04721 0.760845
      vertex -2.6 -4.8 0.799999
      vertex -2.6 -5.04721 0.760845
    endloop
  endfacet
  facet normal -0 0.453983 0.89101
    outer loop
      vertex -2.6 -4.32977 0.647213
      vertex 2.6 -4.55279 0.760845
      vertex 2.6 -4.32977 0.647213
    endloop
  endfacet
  facet normal 0 0.453983 0.89101
    outer loop
      vertex 2.6 -4.55279 0.760845
      vertex -2.6 -4.32977 0.647213
      vertex -2.6 -4.55279 0.760845
    endloop
  endfacet
  facet normal 0 -0.987685 -0.156455
    outer loop
      vertex -2.6 -5.56084 -0.247213
      vertex 2.6 -5.6 0
      vertex -2.6 -5.6 0
    endloop
  endfacet
  facet normal 0 -0.987685 -0.156455
    outer loop
      vertex 2.6 -5.6 0
      vertex -2.6 -5.56084 -0.247213
      vertex 2.6 -5.56084 -0.247213
    endloop
  endfacet
  facet normal 0 -0.156434 -0.987688
    outer loop
      vertex -2.6 -5.04721 -0.760845
      vertex 2.6 -4.8 -0.799999
      vertex 2.6 -5.04721 -0.760845
    endloop
  endfacet
  facet normal -0 -0.156434 -0.987688
    outer loop
      vertex 2.6 -4.8 -0.799999
      vertex -2.6 -5.04721 -0.760845
      vertex -2.6 -4.8 -0.799999
    endloop
  endfacet
  facet normal 0 -0.453983 0.89101
    outer loop
      vertex -2.6 -5.04721 0.760845
      vertex 2.6 -5.27023 0.647213
      vertex 2.6 -5.04721 0.760845
    endloop
  endfacet
  facet normal 0 -0.453983 0.89101
    outer loop
      vertex 2.6 -5.27023 0.647213
      vertex -2.6 -5.04721 0.760845
      vertex -2.6 -5.27023 0.647213
    endloop
  endfacet
  facet normal 0 -0.707117 0.707097
    outer loop
      vertex -2.6 -5.27023 0.647213
      vertex 2.6 -5.44721 0.470228
      vertex 2.6 -5.27023 0.647213
    endloop
  endfacet
  facet normal 0 -0.707117 0.707097
    outer loop
      vertex 2.6 -5.44721 0.470228
      vertex -2.6 -5.27023 0.647213
      vertex -2.6 -5.44721 0.470228
    endloop
  endfacet
  facet normal 0 0.707117 -0.707097
    outer loop
      vertex 2.6 -4.32977 -0.647213
      vertex -2.6 -4.15279 -0.470228
      vertex 2.6 -4.15279 -0.470228
    endloop
  endfacet
  facet normal 0 0.707117 -0.707097
    outer loop
      vertex -2.6 -4.15279 -0.470228
      vertex 2.6 -4.32977 -0.647213
      vertex -2.6 -4.32977 -0.647213
    endloop
  endfacet
  facet normal 0 -0.987685 0.156455
    outer loop
      vertex -2.6 -5.6 0
      vertex 2.6 -5.56084 0.247213
      vertex -2.6 -5.56084 0.247213
    endloop
  endfacet
  facet normal 0 -0.987685 0.156455
    outer loop
      vertex 2.6 -5.56084 0.247213
      vertex -2.6 -5.6 0
      vertex 2.6 -5.6 0
    endloop
  endfacet
  facet normal 0 0.890993 0.454016
    outer loop
      vertex 2.6 -4.03915 0.247213
      vertex -2.6 -4.15279 0.470228
      vertex 2.6 -4.15279 0.470228
    endloop
  endfacet
  facet normal 0 0.890993 0.454016
    outer loop
      vertex -2.6 -4.15279 0.470228
      vertex 2.6 -4.03915 0.247213
      vertex -2.6 -4.03915 0.247213
    endloop
  endfacet
  facet normal 0 0.707117 0.707097
    outer loop
      vertex 2.6 -4.15279 0.470228
      vertex -2.6 -4.32977 0.647213
      vertex 2.6 -4.32977 0.647213
    endloop
  endfacet
  facet normal 0 0.707117 0.707097
    outer loop
      vertex -2.6 -4.32977 0.647213
      vertex 2.6 -4.15279 0.470228
      vertex -2.6 -4.15279 0.470228
    endloop
  endfacet
  facet normal 0 -0.987691 -0.156416
    outer loop
      vertex -2.6 4.03915 -0.247213
      vertex 2.6 4 0
      vertex -2.6 4 0
    endloop
  endfacet
  facet normal 0 -0.987691 -0.156416
    outer loop
      vertex 2.6 4 0
      vertex -2.6 4.03915 -0.247213
      vertex 2.6 4.03915 -0.247213
    endloop
  endfacet
  facet normal -0 0.156434 0.987688
    outer loop
      vertex -2.6 5.04721 0.760845
      vertex 2.6 4.8 0.799999
      vertex 2.6 5.04721 0.760845
    endloop
  endfacet
  facet normal 0 0.156434 0.987688
    outer loop
      vertex 2.6 4.8 0.799999
      vertex -2.6 5.04721 0.760845
      vertex -2.6 4.8 0.799999
    endloop
  endfacet
  facet normal 0 -0.890993 -0.454016
    outer loop
      vertex -2.6 4.15279 -0.470228
      vertex 2.6 4.03915 -0.247213
      vertex -2.6 4.03915 -0.247213
    endloop
  endfacet
  facet normal 0 -0.890993 -0.454016
    outer loop
      vertex 2.6 4.03915 -0.247213
      vertex -2.6 4.15279 -0.470228
      vertex 2.6 4.15279 -0.470228
    endloop
  endfacet
  facet normal 0 0.987685 0.156455
    outer loop
      vertex 2.6 5.6 0
      vertex -2.6 5.56084 0.247213
      vertex 2.6 5.56084 0.247213
    endloop
  endfacet
  facet normal 0 0.987685 0.156455
    outer loop
      vertex -2.6 5.56084 0.247213
      vertex 2.6 5.6 0
      vertex -2.6 5.6 0
    endloop
  endfacet
  facet normal 0 0.156434 -0.987688
    outer loop
      vertex -2.6 4.8 -0.799999
      vertex 2.6 5.04721 -0.760845
      vertex 2.6 4.8 -0.799999
    endloop
  endfacet
  facet normal 0 0.156434 -0.987688
    outer loop
      vertex 2.6 5.04721 -0.760845
      vertex -2.6 4.8 -0.799999
      vertex -2.6 5.04721 -0.760845
    endloop
  endfacet
  facet normal 0 0.987685 -0.156455
    outer loop
      vertex 2.6 5.56084 -0.247213
      vertex -2.6 5.6 0
      vertex 2.6 5.6 0
    endloop
  endfacet
  facet normal 0 0.987685 -0.156455
    outer loop
      vertex -2.6 5.6 0
      vertex 2.6 5.56084 -0.247213
      vertex -2.6 5.56084 -0.247213
    endloop
  endfacet
  facet normal 0 -0.987691 0.156416
    outer loop
      vertex -2.6 4 0
      vertex 2.6 4.03915 0.247213
      vertex -2.6 4.03915 0.247213
    endloop
  endfacet
  facet normal 0 -0.987691 0.156416
    outer loop
      vertex 2.6 4.03915 0.247213
      vertex -2.6 4 0
      vertex 2.6 4 0
    endloop
  endfacet
  facet normal 0 -0.453983 0.89101
    outer loop
      vertex -2.6 4.55279 0.760845
      vertex 2.6 4.32977 0.647213
      vertex 2.6 4.55279 0.760845
    endloop
  endfacet
  facet normal 0 -0.453983 0.89101
    outer loop
      vertex 2.6 4.32977 0.647213
      vertex -2.6 4.55279 0.760845
      vertex -2.6 4.32977 0.647213
    endloop
  endfacet
  facet normal 0 0.453983 -0.89101
    outer loop
      vertex -2.6 5.04721 -0.760845
      vertex 2.6 5.27023 -0.647213
      vertex 2.6 5.04721 -0.760845
    endloop
  endfacet
  facet normal 0 0.453983 -0.89101
    outer loop
      vertex 2.6 5.27023 -0.647213
      vertex -2.6 5.04721 -0.760845
      vertex -2.6 5.27023 -0.647213
    endloop
  endfacet
  facet normal 0 0.707117 -0.707097
    outer loop
      vertex -2.6 5.27023 -0.647213
      vertex 2.6 5.44721 -0.470228
      vertex 2.6 5.27023 -0.647213
    endloop
  endfacet
  facet normal 0 0.707117 -0.707097
    outer loop
      vertex 2.6 5.44721 -0.470228
      vertex -2.6 5.27023 -0.647213
      vertex -2.6 5.44721 -0.470228
    endloop
  endfacet
  facet normal 0 0.891009 -0.453985
    outer loop
      vertex 2.6 5.44721 -0.470228
      vertex -2.6 5.56084 -0.247213
      vertex 2.6 5.56084 -0.247213
    endloop
  endfacet
  facet normal 0 0.891009 -0.453985
    outer loop
      vertex -2.6 5.56084 -0.247213
      vertex 2.6 5.44721 -0.470228
      vertex -2.6 5.44721 -0.470228
    endloop
  endfacet
  facet normal 0 -0.890993 0.454016
    outer loop
      vertex -2.6 4.03915 0.247213
      vertex 2.6 4.15279 0.470228
      vertex -2.6 4.15279 0.470228
    endloop
  endfacet
  facet normal 0 -0.890993 0.454016
    outer loop
      vertex 2.6 4.15279 0.470228
      vertex -2.6 4.03915 0.247213
      vertex 2.6 4.03915 0.247213
    endloop
  endfacet
  facet normal 0 -0.453983 -0.89101
    outer loop
      vertex -2.6 4.32977 -0.647213
      vertex 2.6 4.55279 -0.760845
      vertex 2.6 4.32977 -0.647213
    endloop
  endfacet
  facet normal -0 -0.453983 -0.89101
    outer loop
      vertex 2.6 4.55279 -0.760845
      vertex -2.6 4.32977 -0.647213
      vertex -2.6 4.55279 -0.760845
    endloop
  endfacet
  facet normal 0 -0.156434 -0.987688
    outer loop
      vertex -2.6 4.55279 -0.760845
      vertex 2.6 4.8 -0.799999
      vertex 2.6 4.55279 -0.760845
    endloop
  endfacet
  facet normal -0 -0.156434 -0.987688
    outer loop
      vertex 2.6 4.8 -0.799999
      vertex -2.6 4.55279 -0.760845
      vertex -2.6 4.8 -0.799999
    endloop
  endfacet
  facet normal 0 -0.707117 0.707097
    outer loop
      vertex -2.6 4.15279 0.470228
      vertex 2.6 4.32977 0.647213
      vertex -2.6 4.32977 0.647213
    endloop
  endfacet
  facet normal 0 -0.707117 0.707097
    outer loop
      vertex 2.6 4.32977 0.647213
      vertex -2.6 4.15279 0.470228
      vertex 2.6 4.15279 0.470228
    endloop
  endfacet
  facet normal 0 0.891009 0.453985
    outer loop
      vertex 2.6 5.56084 0.247213
      vertex -2.6 5.44721 0.470228
      vertex 2.6 5.44721 0.470228
    endloop
  endfacet
  facet normal 0 0.891009 0.453985
    outer loop
      vertex -2.6 5.44721 0.470228
      vertex 2.6 5.56084 0.247213
      vertex -2.6 5.56084 0.247213
    endloop
  endfacet
  facet normal 0 -0.707117 -0.707097
    outer loop
      vertex -2.6 4.32977 -0.647213
      vertex 2.6 4.15279 -0.470228
      vertex -2.6 4.15279 -0.470228
    endloop
  endfacet
  facet normal 0 -0.707117 -0.707097
    outer loop
      vertex 2.6 4.15279 -0.470228
      vertex -2.6 4.32977 -0.647213
      vertex 2.6 4.32977 -0.647213
    endloop
  endfacet
  facet normal 0 -0.156434 0.987688
    outer loop
      vertex -2.6 4.8 0.799999
      vertex 2.6 4.55279 0.760845
      vertex 2.6 4.8 0.799999
    endloop
  endfacet
  facet normal 0 -0.156434 0.987688
    outer loop
      vertex 2.6 4.55279 0.760845
      vertex -2.6 4.8 0.799999
      vertex -2.6 4.55279 0.760845
    endloop
  endfacet
  facet normal -0 0.453983 0.89101
    outer loop
      vertex -2.6 5.27023 0.647213
      vertex 2.6 5.04721 0.760845
      vertex 2.6 5.27023 0.647213
    endloop
  endfacet
  facet normal 0 0.453983 0.89101
    outer loop
      vertex 2.6 5.04721 0.760845
      vertex -2.6 5.27023 0.647213
      vertex -2.6 5.04721 0.760845
    endloop
  endfacet
  facet normal -0 0.707117 0.707097
    outer loop
      vertex -2.6 5.44721 0.470228
      vertex 2.6 5.27023 0.647213
      vertex 2.6 5.44721 0.470228
    endloop
  endfacet
  facet normal 0 0.707117 0.707097
    outer loop
      vertex 2.6 5.27023 0.647213
      vertex -2.6 5.44721 0.470228
      vertex -2.6 5.27023 0.647213
    endloop
  endfacet
  facet normal 0.890993 -0 0.454016
    outer loop
      vertex -4.15279 -2.6 0.470228
      vertex -4.03915 2.6 0.247213
      vertex -4.15279 2.6 0.470228
    endloop
  endfacet
  facet normal 0.890993 0 0.454016
    outer loop
      vertex -4.03915 2.6 0.247213
      vertex -4.15279 -2.6 0.470228
      vertex -4.03915 -2.6 0.247213
    endloop
  endfacet
  facet normal 0.987691 0 -0.156416
    outer loop
      vertex -4 -2.6 0
      vertex -4.03915 2.6 -0.247213
      vertex -4 2.6 0
    endloop
  endfacet
  facet normal 0.987691 0 -0.156416
    outer loop
      vertex -4.03915 2.6 -0.247213
      vertex -4 -2.6 0
      vertex -4.03915 -2.6 -0.247213
    endloop
  endfacet
  facet normal 0.890993 0 -0.454016
    outer loop
      vertex -4.03915 -2.6 -0.247213
      vertex -4.15279 2.6 -0.470228
      vertex -4.03915 2.6 -0.247213
    endloop
  endfacet
  facet normal 0.890993 0 -0.454016
    outer loop
      vertex -4.15279 2.6 -0.470228
      vertex -4.03915 -2.6 -0.247213
      vertex -4.15279 -2.6 -0.470228
    endloop
  endfacet
  facet normal 0.453983 0 0.89101
    outer loop
      vertex -4.55279 2.6 0.760845
      vertex -4.32977 -2.6 0.647213
      vertex -4.32977 2.6 0.647213
    endloop
  endfacet
  facet normal 0.453983 0 0.89101
    outer loop
      vertex -4.32977 -2.6 0.647213
      vertex -4.55279 2.6 0.760845
      vertex -4.55279 -2.6 0.760845
    endloop
  endfacet
  facet normal -0.453983 0 -0.89101
    outer loop
      vertex -5.27023 -2.6 -0.647213
      vertex -5.04721 2.6 -0.760845
      vertex -5.04721 -2.6 -0.760845
    endloop
  endfacet
  facet normal -0.453983 0 -0.89101
    outer loop
      vertex -5.04721 2.6 -0.760845
      vertex -5.27023 -2.6 -0.647213
      vertex -5.27023 2.6 -0.647213
    endloop
  endfacet
  facet normal -0.987685 0 0.156455
    outer loop
      vertex -5.6 -2.6 0
      vertex -5.56084 2.6 0.247213
      vertex -5.6 2.6 0
    endloop
  endfacet
  facet normal -0.987685 0 0.156455
    outer loop
      vertex -5.56084 2.6 0.247213
      vertex -5.6 -2.6 0
      vertex -5.56084 -2.6 0.247213
    endloop
  endfacet
  facet normal -0.156434 0 -0.987688
    outer loop
      vertex -5.04721 -2.6 -0.760845
      vertex -4.8 2.6 -0.799999
      vertex -4.8 -2.6 -0.799999
    endloop
  endfacet
  facet normal -0.156434 0 -0.987688
    outer loop
      vertex -4.8 2.6 -0.799999
      vertex -5.04721 -2.6 -0.760845
      vertex -5.04721 2.6 -0.760845
    endloop
  endfacet
  facet normal -0.891009 0 -0.453985
    outer loop
      vertex -5.44721 -2.6 -0.470228
      vertex -5.56084 2.6 -0.247213
      vertex -5.44721 2.6 -0.470228
    endloop
  endfacet
  facet normal -0.891009 -0 -0.453985
    outer loop
      vertex -5.56084 2.6 -0.247213
      vertex -5.44721 -2.6 -0.470228
      vertex -5.56084 -2.6 -0.247213
    endloop
  endfacet
  facet normal -0.987685 0 -0.156455
    outer loop
      vertex -5.56084 -2.6 -0.247213
      vertex -5.6 2.6 0
      vertex -5.56084 2.6 -0.247213
    endloop
  endfacet
  facet normal -0.987685 -0 -0.156455
    outer loop
      vertex -5.6 2.6 0
      vertex -5.56084 -2.6 -0.247213
      vertex -5.6 -2.6 0
    endloop
  endfacet
  facet normal 0.156434 0 0.987688
    outer loop
      vertex -4.8 2.6 0.799999
      vertex -4.55279 -2.6 0.760845
      vertex -4.55279 2.6 0.760845
    endloop
  endfacet
  facet normal 0.156434 0 0.987688
    outer loop
      vertex -4.55279 -2.6 0.760845
      vertex -4.8 2.6 0.799999
      vertex -4.8 -2.6 0.799999
    endloop
  endfacet
  facet normal 0.156434 0 -0.987688
    outer loop
      vertex -4.8 -2.6 -0.799999
      vertex -4.55279 2.6 -0.760845
      vertex -4.55279 -2.6 -0.760845
    endloop
  endfacet
  facet normal 0.156434 0 -0.987688
    outer loop
      vertex -4.55279 2.6 -0.760845
      vertex -4.8 -2.6 -0.799999
      vertex -4.8 2.6 -0.799999
    endloop
  endfacet
  facet normal -0.156434 0 0.987688
    outer loop
      vertex -5.04721 2.6 0.760845
      vertex -4.8 -2.6 0.799999
      vertex -4.8 2.6 0.799999
    endloop
  endfacet
  facet normal -0.156434 0 0.987688
    outer loop
      vertex -4.8 -2.6 0.799999
      vertex -5.04721 2.6 0.760845
      vertex -5.04721 -2.6 0.760845
    endloop
  endfacet
  facet normal -0.891009 0 0.453985
    outer loop
      vertex -5.56084 -2.6 0.247213
      vertex -5.44721 2.6 0.470228
      vertex -5.56084 2.6 0.247213
    endloop
  endfacet
  facet normal -0.891009 0 0.453985
    outer loop
      vertex -5.44721 2.6 0.470228
      vertex -5.56084 -2.6 0.247213
      vertex -5.44721 -2.6 0.470228
    endloop
  endfacet
  facet normal 0.707117 -0 0.707097
    outer loop
      vertex -4.32977 -2.6 0.647213
      vertex -4.15279 2.6 0.470228
      vertex -4.32977 2.6 0.647213
    endloop
  endfacet
  facet normal 0.707117 0 0.707097
    outer loop
      vertex -4.15279 2.6 0.470228
      vertex -4.32977 -2.6 0.647213
      vertex -4.15279 -2.6 0.470228
    endloop
  endfacet
  facet normal -0.707117 0 0.707097
    outer loop
      vertex -5.44721 2.6 0.470228
      vertex -5.27023 -2.6 0.647213
      vertex -5.27023 2.6 0.647213
    endloop
  endfacet
  facet normal -0.707117 0 0.707097
    outer loop
      vertex -5.27023 -2.6 0.647213
      vertex -5.44721 2.6 0.470228
      vertex -5.44721 -2.6 0.470228
    endloop
  endfacet
  facet normal 0.453983 0 -0.89101
    outer loop
      vertex -4.55279 -2.6 -0.760845
      vertex -4.32977 2.6 -0.647213
      vertex -4.32977 -2.6 -0.647213
    endloop
  endfacet
  facet normal 0.453983 0 -0.89101
    outer loop
      vertex -4.32977 2.6 -0.647213
      vertex -4.55279 -2.6 -0.760845
      vertex -4.55279 2.6 -0.760845
    endloop
  endfacet
  facet normal 0.987691 -0 0.156416
    outer loop
      vertex -4.03915 -2.6 0.247213
      vertex -4 2.6 0
      vertex -4.03915 2.6 0.247213
    endloop
  endfacet
  facet normal 0.987691 0 0.156416
    outer loop
      vertex -4 2.6 0
      vertex -4.03915 -2.6 0.247213
      vertex -4 -2.6 0
    endloop
  endfacet
  facet normal -0.707117 0 -0.707097
    outer loop
      vertex -5.44721 -2.6 -0.470228
      vertex -5.27023 2.6 -0.647213
      vertex -5.27023 -2.6 -0.647213
    endloop
  endfacet
  facet normal -0.707117 0 -0.707097
    outer loop
      vertex -5.27023 2.6 -0.647213
      vertex -5.44721 -2.6 -0.470228
      vertex -5.44721 2.6 -0.470228
    endloop
  endfacet
  facet normal 0.707117 0 -0.707097
    outer loop
      vertex -4.15279 -2.6 -0.470228
      vertex -4.32977 2.6 -0.647213
      vertex -4.15279 2.6 -0.470228
    endloop
  endfacet
  facet normal 0.707117 0 -0.707097
    outer loop
      vertex -4.32977 2.6 -0.647213
      vertex -4.15279 -2.6 -0.470228
      vertex -4.32977 -2.6 -0.647213
    endloop
  endfacet
  facet normal -0.453983 0 0.89101
    outer loop
      vertex -5.27023 2.6 0.647213
      vertex -5.04721 -2.6 0.760845
      vertex -5.04721 2.6 0.760845
    endloop
  endfacet
  facet normal -0.453983 0 0.89101
    outer loop
      vertex -5.04721 -2.6 0.760845
      vertex -5.27023 2.6 0.647213
      vertex -5.27023 -2.6 0.647213
    endloop
  endfacet
  facet normal -0.987691 0 0.156416
    outer loop
      vertex 4 -2.6 0
      vertex 4.03915 2.6 0.247213
      vertex 4 2.6 0
    endloop
  endfacet
  facet normal -0.987691 0 0.156416
    outer loop
      vertex 4.03915 2.6 0.247213
      vertex 4 -2.6 0
      vertex 4.03915 -2.6 0.247213
    endloop
  endfacet
  facet normal 0.987685 0 -0.156455
    outer loop
      vertex 5.6 -2.6 0
      vertex 5.56084 2.6 -0.247213
      vertex 5.6 2.6 0
    endloop
  endfacet
  facet normal 0.987685 0 -0.156455
    outer loop
      vertex 5.56084 2.6 -0.247213
      vertex 5.6 -2.6 0
      vertex 5.56084 -2.6 -0.247213
    endloop
  endfacet
  facet normal 0.891009 0 -0.453985
    outer loop
      vertex 5.56084 -2.6 -0.247213
      vertex 5.44721 2.6 -0.470228
      vertex 5.56084 2.6 -0.247213
    endloop
  endfacet
  facet normal 0.891009 0 -0.453985
    outer loop
      vertex 5.44721 2.6 -0.470228
      vertex 5.56084 -2.6 -0.247213
      vertex 5.44721 -2.6 -0.470228
    endloop
  endfacet
  facet normal 0.453983 0 0.89101
    outer loop
      vertex 5.04721 2.6 0.760845
      vertex 5.27023 -2.6 0.647213
      vertex 5.27023 2.6 0.647213
    endloop
  endfacet
  facet normal 0.453983 0 0.89101
    outer loop
      vertex 5.27023 -2.6 0.647213
      vertex 5.04721 2.6 0.760845
      vertex 5.04721 -2.6 0.760845
    endloop
  endfacet
  facet normal 0.707117 0 -0.707097
    outer loop
      vertex 5.27023 -2.6 -0.647213
      vertex 5.44721 2.6 -0.470228
      vertex 5.44721 -2.6 -0.470228
    endloop
  endfacet
  facet normal 0.707117 0 -0.707097
    outer loop
      vertex 5.44721 2.6 -0.470228
      vertex 5.27023 -2.6 -0.647213
      vertex 5.27023 2.6 -0.647213
    endloop
  endfacet
  facet normal 0.891009 -0 0.453985
    outer loop
      vertex 5.44721 -2.6 0.470228
      vertex 5.56084 2.6 0.247213
      vertex 5.44721 2.6 0.470228
    endloop
  endfacet
  facet normal 0.891009 0 0.453985
    outer loop
      vertex 5.56084 2.6 0.247213
      vertex 5.44721 -2.6 0.470228
      vertex 5.56084 -2.6 0.247213
    endloop
  endfacet
  facet normal -0.453983 0 -0.89101
    outer loop
      vertex 4.32977 -2.6 -0.647213
      vertex 4.55279 2.6 -0.760845
      vertex 4.55279 -2.6 -0.760845
    endloop
  endfacet
  facet normal -0.453983 0 -0.89101
    outer loop
      vertex 4.55279 2.6 -0.760845
      vertex 4.32977 -2.6 -0.647213
      vertex 4.32977 2.6 -0.647213
    endloop
  endfacet
  facet normal -0.707117 0 0.707097
    outer loop
      vertex 4.15279 -2.6 0.470228
      vertex 4.32977 2.6 0.647213
      vertex 4.15279 2.6 0.470228
    endloop
  endfacet
  facet normal -0.707117 0 0.707097
    outer loop
      vertex 4.32977 2.6 0.647213
      vertex 4.15279 -2.6 0.470228
      vertex 4.32977 -2.6 0.647213
    endloop
  endfacet
  facet normal -0.890993 0 0.454016
    outer loop
      vertex 4.03915 -2.6 0.247213
      vertex 4.15279 2.6 0.470228
      vertex 4.03915 2.6 0.247213
    endloop
  endfacet
  facet normal -0.890993 0 0.454016
    outer loop
      vertex 4.15279 2.6 0.470228
      vertex 4.03915 -2.6 0.247213
      vertex 4.15279 -2.6 0.470228
    endloop
  endfacet
  facet normal -0.453983 0 0.89101
    outer loop
      vertex 4.32977 2.6 0.647213
      vertex 4.55279 -2.6 0.760845
      vertex 4.55279 2.6 0.760845
    endloop
  endfacet
  facet normal -0.453983 0 0.89101
    outer loop
      vertex 4.55279 -2.6 0.760845
      vertex 4.32977 2.6 0.647213
      vertex 4.32977 -2.6 0.647213
    endloop
  endfacet
  facet normal 0.453983 0 -0.89101
    outer loop
      vertex 5.04721 -2.6 -0.760845
      vertex 5.27023 2.6 -0.647213
      vertex 5.27023 -2.6 -0.647213
    endloop
  endfacet
  facet normal 0.453983 0 -0.89101
    outer loop
      vertex 5.27023 2.6 -0.647213
      vertex 5.04721 -2.6 -0.760845
      vertex 5.04721 2.6 -0.760845
    endloop
  endfacet
  facet normal 0.156434 0 0.987688
    outer loop
      vertex 4.8 2.6 0.799999
      vertex 5.04721 -2.6 0.760845
      vertex 5.04721 2.6 0.760845
    endloop
  endfacet
  facet normal 0.156434 0 0.987688
    outer loop
      vertex 5.04721 -2.6 0.760845
      vertex 4.8 2.6 0.799999
      vertex 4.8 -2.6 0.799999
    endloop
  endfacet
  facet normal 0.707117 0 0.707097
    outer loop
      vertex 5.27023 2.6 0.647213
      vertex 5.44721 -2.6 0.470228
      vertex 5.44721 2.6 0.470228
    endloop
  endfacet
  facet normal 0.707117 0 0.707097
    outer loop
      vertex 5.44721 -2.6 0.470228
      vertex 5.27023 2.6 0.647213
      vertex 5.27023 -2.6 0.647213
    endloop
  endfacet
  facet normal 0.156434 0 -0.987688
    outer loop
      vertex 4.8 -2.6 -0.799999
      vertex 5.04721 2.6 -0.760845
      vertex 5.04721 -2.6 -0.760845
    endloop
  endfacet
  facet normal 0.156434 0 -0.987688
    outer loop
      vertex 5.04721 2.6 -0.760845
      vertex 4.8 -2.6 -0.799999
      vertex 4.8 2.6 -0.799999
    endloop
  endfacet
  facet normal -0.156434 0 0.987688
    outer loop
      vertex 4.55279 2.6 0.760845
      vertex 4.8 -2.6 0.799999
      vertex 4.8 2.6 0.799999
    endloop
  endfacet
  facet normal -0.156434 0 0.987688
    outer loop
      vertex 4.8 -2.6 0.799999
      vertex 4.55279 2.6 0.760845
      vertex 4.55279 -2.6 0.760845
    endloop
  endfacet
  facet normal -0.156434 0 -0.987688
    outer loop
      vertex 4.55279 -2.6 -0.760845
      vertex 4.8 2.6 -0.799999
      vertex 4.8 -2.6 -0.799999
    endloop
  endfacet
  facet normal -0.156434 0 -0.987688
    outer loop
      vertex 4.8 2.6 -0.799999
      vertex 4.55279 -2.6 -0.760845
      vertex 4.55279 2.6 -0.760845
    endloop
  endfacet
  facet normal -0.890993 0 -0.454016
    outer loop
      vertex 4.15279 -2.6 -0.470228
      vertex 4.03915 2.6 -0.247213
      vertex 4.15279 2.6 -0.470228
    endloop
  endfacet
  facet normal -0.890993 -0 -0.454016
    outer loop
      vertex 4.03915 2.6 -0.247213
      vertex 4.15279 -2.6 -0.470228
      vertex 4.03915 -2.6 -0.247213
    endloop
  endfacet
  facet normal -0.987691 0 -0.156416
    outer loop
      vertex 4.03915 -2.6 -0.247213
      vertex 4 2.6 0
      vertex 4.03915 2.6 -0.247213
    endloop
  endfacet
  facet normal -0.987691 -0 -0.156416
    outer loop
      vertex 4 2.6 0
      vertex 4.03915 -2.6 -0.247213
      vertex 4 -2.6 0
    endloop
  endfacet
  facet normal 0.987685 -0 0.156455
    outer loop
      vertex 5.56084 -2.6 0.247213
      vertex 5.6 2.6 0
      vertex 5.56084 2.6 0.247213
    endloop
  endfacet
  facet normal 0.987685 0 0.156455
    outer loop
      vertex 5.6 2.6 0
      vertex 5.56084 -2.6 0.247213
      vertex 5.6 -2.6 0
    endloop
  endfacet
  facet normal -0.707117 0 -0.707097
    outer loop
      vertex 4.32977 -2.6 -0.647213
      vertex 4.15279 2.6 -0.470228
      vertex 4.32977 2.6 -0.647213
    endloop
  endfacet
  facet normal -0.707117 -0 -0.707097
    outer loop
      vertex 4.15279 2.6 -0.470228
      vertex 4.32977 -2.6 -0.647213
      vertex 4.15279 -2.6 -0.470228
    endloop
  endfacet
endsolid OpenSCAD_Model
