solid OpenSCAD_Model
  facet normal -0.98472 0.0775068 0.155945
    outer loop
      vertex -5.56085 -0 0.247214
      vertex -5.49238 0.869908 0.247214
      vertex -5.6 -0 0
    endloop
  endfacet
  facet normal -0.984719 0.0775044 0.155953
    outer loop
      vertex -5.49238 0.869908 0.247214
      vertex -5.53105 0.876033 0
      vertex -5.6 -0 0
    endloop
  endfacet
  facet normal -0.88881 0.0699465 0.452906
    outer loop
      vertex -5.44721 -0 0.470228
      vertex -5.38015 0.852132 0.470228
      vertex -5.56085 -0 0.247214
    endloop
  endfacet
  facet normal -0.888827 0.0699591 0.452871
    outer loop
      vertex -5.38015 0.852132 0.470228
      vertex -5.49238 0.869908 0.247214
      vertex -5.56085 -0 0.247214
    endloop
  endfacet
  facet normal -0.706026 0.0555695 0.706002
    outer loop
      vertex -5.27023 -0 0.647214
      vertex -5.20534 0.824445 0.647214
      vertex -5.44721 -0 0.470228
    endloop
  endfacet
  facet normal -0.706009 0.0555606 0.70602
    outer loop
      vertex -5.20534 0.824445 0.647214
      vertex -5.38015 0.852132 0.470228
      vertex -5.44721 -0 0.470228
    endloop
  endfacet
  facet normal -0.45369 0.0357065 0.890444
    outer loop
      vertex -5.04721 -0 0.760845
      vertex -4.98507 0.789558 0.760845
      vertex -5.27023 -0 0.647214
    endloop
  endfacet
  facet normal -0.453697 0.0357094 0.89044
    outer loop
      vertex -4.98507 0.789558 0.760845
      vertex -5.20534 0.824445 0.647214
      vertex -5.27023 -0 0.647214
    endloop
  endfacet
  facet normal -0.156426 0.0123118 0.987613
    outer loop
      vertex -4.8 -0 0.8
      vertex -4.7409 0.750885 0.8
      vertex -5.04721 -0 0.760845
    endloop
  endfacet
  facet normal -0.156423 0.0123109 0.987613
    outer loop
      vertex -4.7409 0.750885 0.8
      vertex -4.98507 0.789558 0.760845
      vertex -5.04721 -0 0.760845
    endloop
  endfacet
  facet normal 0.156426 -0.0123126 0.987613
    outer loop
      vertex -4.55279 -0 0.760845
      vertex -4.49673 0.712213 0.760845
      vertex -4.8 -0 0.8
    endloop
  endfacet
  facet normal 0.156423 -0.0123116 0.987613
    outer loop
      vertex -4.49673 0.712213 0.760845
      vertex -4.7409 0.750885 0.8
      vertex -4.8 -0 0.8
    endloop
  endfacet
  facet normal 0.45369 -0.0357084 0.890444
    outer loop
      vertex -4.32977 -0 0.647214
      vertex -4.27646 0.677326 0.647214
      vertex -4.55279 -0 0.760845
    endloop
  endfacet
  facet normal 0.453697 -0.0357116 0.89044
    outer loop
      vertex -4.27646 0.677326 0.647214
      vertex -4.49673 0.712213 0.760845
      vertex -4.55279 -0 0.760845
    endloop
  endfacet
  facet normal 0.706026 -0.055568 0.706002
    outer loop
      vertex -4.15279 -0 0.470228
      vertex -4.10166 0.649639 0.470228
      vertex -4.32977 -0 0.647214
    endloop
  endfacet
  facet normal 0.706028 -0.055569 0.706001
    outer loop
      vertex -4.10166 0.649639 0.470228
      vertex -4.27646 0.677326 0.647214
      vertex -4.32977 -0 0.647214
    endloop
  endfacet
  facet normal 0.888826 -0.0699539 0.452874
    outer loop
      vertex -4.03916 -0 0.247214
      vertex -3.98943 0.631863 0.247214
      vertex -4.15279 -0 0.470228
    endloop
  endfacet
  facet normal 0.888827 -0.0699554 0.452871
    outer loop
      vertex -3.98943 0.631863 0.247214
      vertex -4.10166 0.649639 0.470228
      vertex -4.15279 -0 0.470228
    endloop
  endfacet
  facet normal 0.984714 -0.077504 0.155984
    outer loop
      vertex -4 -0 0
      vertex -3.95075 0.625738 0
      vertex -4.03916 -0 0.247214
    endloop
  endfacet
  facet normal 0.984713 -0.0775006 0.155992
    outer loop
      vertex -3.95075 0.625738 0
      vertex -3.98943 0.631863 0.247214
      vertex -4.03916 -0 0.247214
    endloop
  endfacet
  facet normal 0.984714 -0.0775007 -0.155984
    outer loop
      vertex -4.03916 -0 -0.247214
      vertex -3.98943 0.631863 -0.247214
      vertex -4 -0 0
    endloop
  endfacet
  facet normal 0.984713 -0.0775039 -0.155992
    outer loop
      vertex -3.98943 0.631863 -0.247214
      vertex -3.95075 0.625738 0
      vertex -4 -0 0
    endloop
  endfacet
  facet normal 0.888826 -0.0699553 -0.452874
    outer loop
      vertex -4.15279 -0 -0.470228
      vertex -4.10166 0.649639 -0.470228
      vertex -4.03916 -0 -0.247214
    endloop
  endfacet
  facet normal 0.888827 -0.0699541 -0.452871
    outer loop
      vertex -4.10166 0.649639 -0.470228
      vertex -3.98943 0.631863 -0.247214
      vertex -4.03916 -0 -0.247214
    endloop
  endfacet
  facet normal 0.706026 -0.0555689 -0.706002
    outer loop
      vertex -4.32977 -0 -0.647214
      vertex -4.27646 0.677326 -0.647214
      vertex -4.15279 -0 -0.470228
    endloop
  endfacet
  facet normal 0.706028 -0.0555681 -0.706
    outer loop
      vertex -4.27646 0.677326 -0.647214
      vertex -4.10166 0.649639 -0.470228
      vertex -4.15279 -0 -0.470228
    endloop
  endfacet
  facet normal 0.45369 -0.0357111 -0.890444
    outer loop
      vertex -4.55279 -0 -0.760845
      vertex -4.49673 0.712213 -0.760845
      vertex -4.32977 -0 -0.647214
    endloop
  endfacet
  facet normal 0.453697 -0.0357089 -0.89044
    outer loop
      vertex -4.49673 0.712213 -0.760845
      vertex -4.27646 0.677326 -0.647214
      vertex -4.32977 -0 -0.647214
    endloop
  endfacet
  facet normal 0.156426 -0.0123118 -0.987613
    outer loop
      vertex -4.8 -0 -0.8
      vertex -4.7409 0.750885 -0.8
      vertex -4.55279 -0 -0.760845
    endloop
  endfacet
  facet normal 0.156423 -0.0123124 -0.987613
    outer loop
      vertex -4.7409 0.750885 -0.8
      vertex -4.49673 0.712213 -0.760845
      vertex -4.55279 -0 -0.760845
    endloop
  endfacet
  facet normal -0.156426 0.0123111 -0.987613
    outer loop
      vertex -5.04721 -0 -0.760845
      vertex -4.98507 0.789558 -0.760845
      vertex -4.8 -0 -0.8
    endloop
  endfacet
  facet normal -0.156423 0.0123116 -0.987613
    outer loop
      vertex -4.98507 0.789558 -0.760845
      vertex -4.7409 0.750885 -0.8
      vertex -4.8 -0 -0.8
    endloop
  endfacet
  facet normal -0.45369 0.0357088 -0.890444
    outer loop
      vertex -5.27023 -0 -0.647214
      vertex -5.20534 0.824445 -0.647214
      vertex -5.04721 -0 -0.760845
    endloop
  endfacet
  facet normal -0.453697 0.035707 -0.89044
    outer loop
      vertex -5.20534 0.824445 -0.647214
      vertex -4.98507 0.789558 -0.760845
      vertex -5.04721 -0 -0.760845
    endloop
  endfacet
  facet normal -0.706026 0.055562 -0.706003
    outer loop
      vertex -5.44721 -0 -0.470228
      vertex -5.38015 0.852132 -0.470228
      vertex -5.27023 -0 -0.647214
    endloop
  endfacet
  facet normal -0.706008 0.0555681 -0.706021
    outer loop
      vertex -5.38015 0.852132 -0.470228
      vertex -5.20534 0.824445 -0.647214
      vertex -5.27023 -0 -0.647214
    endloop
  endfacet
  facet normal -0.88881 0.0699577 -0.452906
    outer loop
      vertex -5.56085 -0 -0.247214
      vertex -5.49238 0.869908 -0.247214
      vertex -5.44721 -0 -0.470228
    endloop
  endfacet
  facet normal -0.888828 0.0699479 -0.452871
    outer loop
      vertex -5.49238 0.869908 -0.247214
      vertex -5.38015 0.852132 -0.470228
      vertex -5.44721 -0 -0.470228
    endloop
  endfacet
  facet normal -0.98472 0.0775045 -0.155945
    outer loop
      vertex -5.6 -0 0
      vertex -5.53105 0.876033 0
      vertex -5.56085 -0 -0.247214
    endloop
  endfacet
  facet normal -0.984719 0.0775067 -0.155953
    outer loop
      vertex -5.53105 0.876033 0
      vertex -5.49238 0.869908 -0.247214
      vertex -5.56085 -0 -0.247214
    endloop
  endfacet
  facet normal -0.960474 0.230584 0.155953
    outer loop
      vertex -5.49238 0.869908 0.247214
      vertex -5.28868 1.7184 0.247214
      vertex -5.53105 0.876033 0
    endloop
  endfacet
  facet normal -0.960472 0.230578 0.15597
    outer loop
      vertex -5.28868 1.7184 0.247214
      vertex -5.32592 1.7305 0
      vertex -5.53105 0.876033 0
    endloop
  endfacet
  facet normal -0.866942 0.208133 0.452871
    outer loop
      vertex -5.38015 0.852132 0.470228
      vertex -5.18061 1.68328 0.470228
      vertex -5.49238 0.869908 0.247214
    endloop
  endfacet
  facet normal -0.866937 0.208128 0.452883
    outer loop
      vertex -5.18061 1.68328 0.470228
      vertex -5.28868 1.7184 0.247214
      vertex -5.49238 0.869908 0.247214
    endloop
  endfacet
  facet normal -0.688624 0.165326 0.70602
    outer loop
      vertex -5.20534 0.824445 0.647214
      vertex -5.01228 1.62859 0.647214
      vertex -5.38015 0.852132 0.470228
    endloop
  endfacet
  facet normal -0.688619 0.165322 0.706026
    outer loop
      vertex -5.01228 1.62859 0.647214
      vertex -5.18061 1.68328 0.470228
      vertex -5.38015 0.852132 0.470228
    endloop
  endfacet
  facet normal -0.442527 0.106237 0.89044
    outer loop
      vertex -4.98507 0.789558 0.760845
      vertex -4.80019 1.55967 0.760845
      vertex -5.20534 0.824445 0.647214
    endloop
  endfacet
  facet normal -0.44254 0.106245 0.890433
    outer loop
      vertex -4.80019 1.55967 0.760845
      vertex -5.01228 1.62859 0.647214
      vertex -5.20534 0.824445 0.647214
    endloop
  endfacet
  facet normal -0.152572 0.0366287 0.987613
    outer loop
      vertex -4.7409 0.750885 0.8
      vertex -4.56507 1.48328 0.8
      vertex -4.98507 0.789558 0.760845
    endloop
  endfacet
  facet normal -0.152569 0.0366271 0.987614
    outer loop
      vertex -4.56507 1.48328 0.8
      vertex -4.80019 1.55967 0.760845
      vertex -4.98507 0.789558 0.760845
    endloop
  endfacet
  facet normal 0.152572 -0.0366277 0.987613
    outer loop
      vertex -4.49673 0.712213 0.760845
      vertex -4.32996 1.40689 0.760845
      vertex -4.7409 0.750885 0.8
    endloop
  endfacet
  facet normal 0.152575 -0.0366294 0.987613
    outer loop
      vertex -4.32996 1.40689 0.760845
      vertex -4.56507 1.48328 0.8
      vertex -4.7409 0.750885 0.8
    endloop
  endfacet
  facet normal 0.442527 -0.106237 0.89044
    outer loop
      vertex -4.27646 0.677326 0.647214
      vertex -4.11786 1.33797 0.647214
      vertex -4.49673 0.712213 0.760845
    endloop
  endfacet
  facet normal 0.442526 -0.106237 0.890441
    outer loop
      vertex -4.11786 1.33797 0.647214
      vertex -4.32996 1.40689 0.760845
      vertex -4.49673 0.712213 0.760845
    endloop
  endfacet
  facet normal 0.688642 -0.165335 0.706001
    outer loop
      vertex -4.10166 0.649639 0.470228
      vertex -3.94953 1.28328 0.470228
      vertex -4.27646 0.677326 0.647214
    endloop
  endfacet
  facet normal 0.688621 -0.165316 0.706026
    outer loop
      vertex -3.94953 1.28328 0.470228
      vertex -4.11786 1.33797 0.647214
      vertex -4.27646 0.677326 0.647214
    endloop
  endfacet
  facet normal 0.866939 -0.208145 0.452871
    outer loop
      vertex -3.98943 0.631863 0.247214
      vertex -3.84146 1.24817 0.247214
      vertex -4.10166 0.649639 0.470228
    endloop
  endfacet
  facet normal 0.866937 -0.208142 0.452876
    outer loop
      vertex -3.84146 1.24817 0.247214
      vertex -3.94953 1.28328 0.470228
      vertex -4.10166 0.649639 0.470228
    endloop
  endfacet
  facet normal 0.960469 -0.230576 0.155991
    outer loop
      vertex -3.95075 0.625738 0
      vertex -3.80423 1.23607 0
      vertex -3.98943 0.631863 0.247214
    endloop
  endfacet
  facet normal 0.960473 -0.230601 0.155932
    outer loop
      vertex -3.80423 1.23607 0
      vertex -3.84146 1.24817 0.247214
      vertex -3.98943 0.631863 0.247214
    endloop
  endfacet
  facet normal 0.960464 -0.230599 -0.155991
    outer loop
      vertex -3.98943 0.631863 -0.247214
      vertex -3.84146 1.24817 -0.247214
      vertex -3.95075 0.625738 0
    endloop
  endfacet
  facet normal 0.960478 -0.230578 -0.155932
    outer loop
      vertex -3.84146 1.24817 -0.247214
      vertex -3.80423 1.23607 0
      vertex -3.95075 0.625738 0
    endloop
  endfacet
  facet normal 0.86694 -0.208142 -0.452871
    outer loop
      vertex -4.10166 0.649639 -0.470228
      vertex -3.94953 1.28328 -0.470228
      vertex -3.98943 0.631863 -0.247214
    endloop
  endfacet
  facet normal 0.866937 -0.208144 -0.452876
    outer loop
      vertex -3.94953 1.28328 -0.470228
      vertex -3.84146 1.24817 -0.247214
      vertex -3.98943 0.631863 -0.247214
    endloop
  endfacet
  facet normal 0.688644 -0.165322 -0.706001
    outer loop
      vertex -4.27646 0.677326 -0.647214
      vertex -4.11786 1.33797 -0.647214
      vertex -4.10166 0.649639 -0.470228
    endloop
  endfacet
  facet normal 0.688617 -0.165329 -0.706026
    outer loop
      vertex -4.11786 1.33797 -0.647214
      vertex -3.94953 1.28328 -0.470228
      vertex -4.10166 0.649639 -0.470228
    endloop
  endfacet
  facet normal 0.442527 -0.106237 -0.89044
    outer loop
      vertex -4.49673 0.712213 -0.760845
      vertex -4.32996 1.40689 -0.760845
      vertex -4.27646 0.677326 -0.647214
    endloop
  endfacet
  facet normal 0.442526 -0.106237 -0.890441
    outer loop
      vertex -4.32996 1.40689 -0.760845
      vertex -4.11786 1.33797 -0.647214
      vertex -4.27646 0.677326 -0.647214
    endloop
  endfacet
  facet normal 0.152572 -0.0366288 -0.987613
    outer loop
      vertex -4.7409 0.750885 -0.8
      vertex -4.56507 1.48328 -0.8
      vertex -4.49673 0.712213 -0.760845
    endloop
  endfacet
  facet normal 0.152575 -0.0366285 -0.987613
    outer loop
      vertex -4.56507 1.48328 -0.8
      vertex -4.32996 1.40689 -0.760845
      vertex -4.49673 0.712213 -0.760845
    endloop
  endfacet
  facet normal -0.152572 0.0366278 -0.987613
    outer loop
      vertex -4.98507 0.789558 -0.760845
      vertex -4.80019 1.55967 -0.760845
      vertex -4.7409 0.750885 -0.8
    endloop
  endfacet
  facet normal -0.152569 0.036628 -0.987614
    outer loop
      vertex -4.80019 1.55967 -0.760845
      vertex -4.56507 1.48328 -0.8
      vertex -4.7409 0.750885 -0.8
    endloop
  endfacet
  facet normal -0.442526 0.106242 -0.89044
    outer loop
      vertex -5.20534 0.824445 -0.647214
      vertex -5.01228 1.62859 -0.647214
      vertex -4.98507 0.789558 -0.760845
    endloop
  endfacet
  facet normal -0.442542 0.10624 -0.890432
    outer loop
      vertex -5.01228 1.62859 -0.647214
      vertex -4.80019 1.55967 -0.760845
      vertex -4.98507 0.789558 -0.760845
    endloop
  endfacet
  facet normal -0.688624 0.165323 -0.70602
    outer loop
      vertex -5.38015 0.852132 -0.470228
      vertex -5.18061 1.68328 -0.470228
      vertex -5.20534 0.824445 -0.647214
    endloop
  endfacet
  facet normal -0.688618 0.165324 -0.706026
    outer loop
      vertex -5.18061 1.68328 -0.470228
      vertex -5.01228 1.62859 -0.647214
      vertex -5.20534 0.824445 -0.647214
    endloop
  endfacet
  facet normal -0.866943 0.208129 -0.452871
    outer loop
      vertex -5.49238 0.869908 -0.247214
      vertex -5.28868 1.7184 -0.247214
      vertex -5.38015 0.852132 -0.470228
    endloop
  endfacet
  facet normal -0.866936 0.208132 -0.452883
    outer loop
      vertex -5.28868 1.7184 -0.247214
      vertex -5.18061 1.68328 -0.470228
      vertex -5.38015 0.852132 -0.470228
    endloop
  endfacet
  facet normal -0.960475 0.230579 -0.155953
    outer loop
      vertex -5.53105 0.876033 0
      vertex -5.32592 1.7305 0
      vertex -5.49238 0.869908 -0.247214
    endloop
  endfacet
  facet normal -0.960471 0.230583 -0.15597
    outer loop
      vertex -5.32592 1.7305 0
      vertex -5.28868 1.7184 -0.247214
      vertex -5.49238 0.869908 -0.247214
    endloop
  endfacet
  facet normal -0.912572 0.378003 0.15597
    outer loop
      vertex -5.28868 1.7184 0.247214
      vertex -4.95475 2.52457 0.247214
      vertex -5.32592 1.7305 0
    endloop
  endfacet
  facet normal -0.912571 0.378 0.15598
    outer loop
      vertex -4.95475 2.52457 0.247214
      vertex -4.98964 2.54235 0
      vertex -5.32592 1.7305 0
    endloop
  endfacet
  facet normal -0.8237 0.341193 0.452886
    outer loop
      vertex -5.18061 1.68328 0.470228
      vertex -4.8535 2.47298 0.470228
      vertex -5.28868 1.7184 0.247214
    endloop
  endfacet
  facet normal -0.823698 0.34119 0.452893
    outer loop
      vertex -4.8535 2.47298 0.470228
      vertex -4.95475 2.52457 0.247214
      vertex -5.28868 1.7184 0.247214
    endloop
  endfacet
  facet normal -0.654281 0.271007 0.706025
    outer loop
      vertex -5.01228 1.62859 0.647214
      vertex -4.69581 2.39263 0.647214
      vertex -5.18061 1.68328 0.470228
    endloop
  endfacet
  facet normal -0.654297 0.271023 0.706004
    outer loop
      vertex -4.69581 2.39263 0.647214
      vertex -4.8535 2.47298 0.470228
      vertex -5.18061 1.68328 0.470228
    endloop
  endfacet
  facet normal -0.42047 0.174165 0.890434
    outer loop
      vertex -4.80019 1.55967 0.760845
      vertex -4.4971 2.29139 0.760845
      vertex -5.01228 1.62859 0.647214
    endloop
  endfacet
  facet normal -0.420461 0.174157 0.890439
    outer loop
      vertex -4.4971 2.29139 0.760845
      vertex -4.69581 2.39263 0.647214
      vertex -5.01228 1.62859 0.647214
    endloop
  endfacet
  facet normal -0.144961 0.060045 0.987614
    outer loop
      vertex -4.56507 1.48328 0.8
      vertex -4.27683 2.17915 0.8
      vertex -4.80019 1.55967 0.760845
    endloop
  endfacet
  facet normal -0.144961 0.0600451 0.987614
    outer loop
      vertex -4.27683 2.17915 0.8
      vertex -4.4971 2.29139 0.760845
      vertex -4.80019 1.55967 0.760845
    endloop
  endfacet
  facet normal 0.144966 -0.0600482 0.987613
    outer loop
      vertex -4.32996 1.40689 0.760845
      vertex -4.05656 2.06692 0.760845
      vertex -4.56507 1.48328 0.8
    endloop
  endfacet
  facet normal 0.144963 -0.060046 0.987613
    outer loop
      vertex -4.05656 2.06692 0.760845
      vertex -4.27683 2.17915 0.8
      vertex -4.56507 1.48328 0.8
    endloop
  endfacet
  facet normal 0.420455 -0.174161 0.890441
    outer loop
      vertex -4.11786 1.33797 0.647214
      vertex -3.85785 1.96568 0.647214
      vertex -4.32996 1.40689 0.760845
    endloop
  endfacet
  facet normal 0.420458 -0.174164 0.890439
    outer loop
      vertex -3.85785 1.96568 0.647214
      vertex -4.05656 2.06692 0.760845
      vertex -4.32996 1.40689 0.760845
    endloop
  endfacet
  facet normal 0.654282 -0.271005 0.706025
    outer loop
      vertex -3.94953 1.28328 0.470228
      vertex -3.70016 1.88533 0.470228
      vertex -4.11786 1.33797 0.647214
    endloop
  endfacet
  facet normal 0.654297 -0.271023 0.706004
    outer loop
      vertex -3.70016 1.88533 0.470228
      vertex -3.85785 1.96568 0.647214
      vertex -4.11786 1.33797 0.647214
    endloop
  endfacet
  facet normal 0.823708 -0.34119 0.452874
    outer loop
      vertex -3.84146 1.24817 0.247214
      vertex -3.59891 1.83374 0.247214
      vertex -3.94953 1.28328 0.470228
    endloop
  endfacet
  facet normal 0.823702 -0.341179 0.452892
    outer loop
      vertex -3.59891 1.83374 0.247214
      vertex -3.70016 1.88533 0.470228
      vertex -3.94953 1.28328 0.470228
    endloop
  endfacet
  facet normal 0.912577 -0.378005 0.155934
    outer loop
      vertex -3.80423 1.23607 0
      vertex -3.56403 1.81596 0
      vertex -3.84146 1.24817 0.247214
    endloop
  endfacet
  facet normal 0.912577 -0.378 0.155944
    outer loop
      vertex -3.56403 1.81596 0
      vertex -3.59891 1.83374 0.247214
      vertex -3.84146 1.24817 0.247214
    endloop
  endfacet
  facet normal 0.912579 -0.378001 -0.155934
    outer loop
      vertex -3.84146 1.24817 -0.247214
      vertex -3.59891 1.83374 -0.247214
      vertex -3.80423 1.23607 0
    endloop
  endfacet
  facet normal 0.912576 -0.378004 -0.155944
    outer loop
      vertex -3.59891 1.83374 -0.247214
      vertex -3.56403 1.81596 0
      vertex -3.80423 1.23607 0
    endloop
  endfacet
  facet normal 0.823711 -0.341182 -0.452874
    outer loop
      vertex -3.94953 1.28328 -0.470228
      vertex -3.70016 1.88533 -0.470228
      vertex -3.84146 1.24817 -0.247214
    endloop
  endfacet
  facet normal 0.823699 -0.341186 -0.452892
    outer loop
      vertex -3.70016 1.88533 -0.470228
      vertex -3.59891 1.83374 -0.247214
      vertex -3.84146 1.24817 -0.247214
    endloop
  endfacet
  facet normal 0.654278 -0.271015 -0.706025
    outer loop
      vertex -4.11786 1.33797 -0.647214
      vertex -3.85785 1.96568 -0.647214
      vertex -3.94953 1.28328 -0.470228
    endloop
  endfacet
  facet normal 0.654302 -0.271013 -0.706004
    outer loop
      vertex -3.85785 1.96568 -0.647214
      vertex -3.70016 1.88533 -0.470228
      vertex -3.94953 1.28328 -0.470228
    endloop
  endfacet
  facet normal 0.420455 -0.174162 -0.890441
    outer loop
      vertex -4.32996 1.40689 -0.760845
      vertex -4.05656 2.06692 -0.760845
      vertex -4.11786 1.33797 -0.647214
    endloop
  endfacet
  facet normal 0.420459 -0.174162 -0.890439
    outer loop
      vertex -4.05656 2.06692 -0.760845
      vertex -3.85785 1.96568 -0.647214
      vertex -4.11786 1.33797 -0.647214
    endloop
  endfacet
  facet normal 0.144966 -0.0600472 -0.987613
    outer loop
      vertex -4.56507 1.48328 -0.8
      vertex -4.27683 2.17915 -0.8
      vertex -4.32996 1.40689 -0.760845
    endloop
  endfacet
  facet normal 0.144963 -0.060047 -0.987613
    outer loop
      vertex -4.27683 2.17915 -0.8
      vertex -4.05656 2.06692 -0.760845
      vertex -4.32996 1.40689 -0.760845
    endloop
  endfacet
  facet normal -0.144961 0.060045 -0.987614
    outer loop
      vertex -4.80019 1.55967 -0.760845
      vertex -4.4971 2.29139 -0.760845
      vertex -4.56507 1.48328 -0.8
    endloop
  endfacet
  facet normal -0.144961 0.0600451 -0.987614
    outer loop
      vertex -4.4971 2.29139 -0.760845
      vertex -4.27683 2.17915 -0.8
      vertex -4.56507 1.48328 -0.8
    endloop
  endfacet
  facet normal -0.420471 0.174162 -0.890434
    outer loop
      vertex -5.01228 1.62859 -0.647214
      vertex -4.69581 2.39263 -0.647214
      vertex -4.80019 1.55967 -0.760845
    endloop
  endfacet
  facet normal -0.420459 0.174161 -0.890439
    outer loop
      vertex -4.69581 2.39263 -0.647214
      vertex -4.4971 2.29139 -0.760845
      vertex -4.80019 1.55967 -0.760845
    endloop
  endfacet
  facet normal -0.654278 0.271015 -0.706025
    outer loop
      vertex -5.18061 1.68328 -0.470228
      vertex -4.8535 2.47298 -0.470228
      vertex -5.01228 1.62859 -0.647214
    endloop
  endfacet
  facet normal -0.654301 0.271015 -0.706004
    outer loop
      vertex -4.8535 2.47298 -0.470228
      vertex -4.69581 2.39263 -0.647214
      vertex -5.01228 1.62859 -0.647214
    endloop
  endfacet
  facet normal -0.8237 0.341191 -0.452886
    outer loop
      vertex -5.28868 1.7184 -0.247214
      vertex -4.95475 2.52457 -0.247214
      vertex -5.18061 1.68328 -0.470228
    endloop
  endfacet
  facet normal -0.823697 0.341192 -0.452893
    outer loop
      vertex -4.95475 2.52457 -0.247214
      vertex -4.8535 2.47298 -0.470228
      vertex -5.18061 1.68328 -0.470228
    endloop
  endfacet
  facet normal -0.912573 0.378001 -0.15597
    outer loop
      vertex -5.32592 1.7305 0
      vertex -4.98964 2.54235 0
      vertex -5.28868 1.7184 -0.247214
    endloop
  endfacet
  facet normal -0.91257 0.378003 -0.15598
    outer loop
      vertex -4.98964 2.54235 0
      vertex -4.95475 2.52457 -0.247214
      vertex -5.28868 1.7184 -0.247214
    endloop
  endfacet
  facet normal -0.842204 0.516103 0.155981
    outer loop
      vertex -4.95475 2.52457 0.247214
      vertex -4.49882 3.26858 0.247214
      vertex -4.98964 2.54235 0
    endloop
  endfacet
  facet normal -0.842204 0.516102 0.155985
    outer loop
      vertex -4.49882 3.26858 0.247214
      vertex -4.5305 3.2916 0
      vertex -4.98964 2.54235 0
    endloop
  endfacet
  facet normal -0.760187 0.465837 0.452893
    outer loop
      vertex -4.8535 2.47298 0.470228
      vertex -4.40689 3.20179 0.470228
      vertex -4.95475 2.52457 0.247214
    endloop
  endfacet
  facet normal -0.76019 0.465845 0.452878
    outer loop
      vertex -4.40689 3.20179 0.470228
      vertex -4.49882 3.26858 0.247214
      vertex -4.95475 2.52457 0.247214
    endloop
  endfacet
  facet normal -0.603844 0.370041 0.706005
    outer loop
      vertex -4.69581 2.39263 0.647214
      vertex -4.2637 3.09776 0.647214
      vertex -4.8535 2.47298 0.470228
    endloop
  endfacet
  facet normal -0.603832 0.370024 0.706024
    outer loop
      vertex -4.2637 3.09776 0.647214
      vertex -4.40689 3.20179 0.470228
      vertex -4.8535 2.47298 0.470228
    endloop
  endfacet
  facet normal -0.38804 0.237792 0.890438
    outer loop
      vertex -4.4971 2.29139 0.760845
      vertex -4.08328 2.96668 0.760845
      vertex -4.69581 2.39263 0.647214
    endloop
  endfacet
  facet normal -0.388043 0.237796 0.890436
    outer loop
      vertex -4.08328 2.96668 0.760845
      vertex -4.2637 3.09776 0.647214
      vertex -4.69581 2.39263 0.647214
    endloop
  endfacet
  facet normal -0.133783 0.0819817 0.987614
    outer loop
      vertex -4.27683 2.17915 0.8
      vertex -3.88328 2.82137 0.8
      vertex -4.4971 2.29139 0.760845
    endloop
  endfacet
  facet normal -0.133785 0.0819837 0.987613
    outer loop
      vertex -3.88328 2.82137 0.8
      vertex -4.08328 2.96668 0.760845
      vertex -4.4971 2.29139 0.760845
    endloop
  endfacet
  facet normal 0.133786 -0.0819837 0.987613
    outer loop
      vertex -4.05656 2.06692 0.760845
      vertex -3.68328 2.67606 0.760845
      vertex -4.27683 2.17915 0.8
    endloop
  endfacet
  facet normal 0.133785 -0.0819831 0.987613
    outer loop
      vertex -3.68328 2.67606 0.760845
      vertex -3.88328 2.82137 0.8
      vertex -4.27683 2.17915 0.8
    endloop
  endfacet
  facet normal 0.388041 -0.237788 0.890438
    outer loop
      vertex -3.85785 1.96568 0.647214
      vertex -3.50286 2.54498 0.647214
      vertex -4.05656 2.06692 0.760845
    endloop
  endfacet
  facet normal 0.388045 -0.237793 0.890435
    outer loop
      vertex -3.50286 2.54498 0.647214
      vertex -3.68328 2.67606 0.760845
      vertex -4.05656 2.06692 0.760845
    endloop
  endfacet
  facet normal 0.603843 -0.370042 0.706004
    outer loop
      vertex -3.70016 1.88533 0.470228
      vertex -3.35967 2.44095 0.470228
      vertex -3.85785 1.96568 0.647214
    endloop
  endfacet
  facet normal 0.603832 -0.370023 0.706024
    outer loop
      vertex -3.35967 2.44095 0.470228
      vertex -3.50286 2.54498 0.647214
      vertex -3.85785 1.96568 0.647214
    endloop
  endfacet
  facet normal 0.760184 -0.465842 0.452893
    outer loop
      vertex -3.59891 1.83374 0.247214
      vertex -3.26774 2.37416 0.247214
      vertex -3.70016 1.88533 0.470228
    endloop
  endfacet
  facet normal 0.760187 -0.465851 0.452878
    outer loop
      vertex -3.26774 2.37416 0.247214
      vertex -3.35967 2.44095 0.470228
      vertex -3.70016 1.88533 0.470228
    endloop
  endfacet
  facet normal 0.842207 -0.516107 0.155948
    outer loop
      vertex -3.56403 1.81596 0
      vertex -3.23607 2.35114 0
      vertex -3.59891 1.83374 0.247214
    endloop
  endfacet
  facet normal 0.842208 -0.516106 0.155952
    outer loop
      vertex -3.23607 2.35114 0
      vertex -3.26774 2.37416 0.247214
      vertex -3.59891 1.83374 0.247214
    endloop
  endfacet
  facet normal 0.842208 -0.516106 -0.155948
    outer loop
      vertex -3.59891 1.83374 -0.247214
      vertex -3.26774 2.37416 -0.247214
      vertex -3.56403 1.81596 0
    endloop
  endfacet
  facet normal 0.842207 -0.516107 -0.155952
    outer loop
      vertex -3.26774 2.37416 -0.247214
      vertex -3.23607 2.35114 0
      vertex -3.56403 1.81596 0
    endloop
  endfacet
  facet normal 0.760181 -0.465847 -0.452892
    outer loop
      vertex -3.70016 1.88533 -0.470228
      vertex -3.35967 2.44095 -0.470228
      vertex -3.59891 1.83374 -0.247214
    endloop
  endfacet
  facet normal 0.76019 -0.465846 -0.452878
    outer loop
      vertex -3.35967 2.44095 -0.470228
      vertex -3.26774 2.37416 -0.247214
      vertex -3.59891 1.83374 -0.247214
    endloop
  endfacet
  facet normal 0.603848 -0.370033 -0.706005
    outer loop
      vertex -3.85785 1.96568 -0.647214
      vertex -3.50286 2.54498 -0.647214
      vertex -3.70016 1.88533 -0.470228
    endloop
  endfacet
  facet normal 0.603827 -0.370032 -0.706024
    outer loop
      vertex -3.50286 2.54498 -0.647214
      vertex -3.35967 2.44095 -0.470228
      vertex -3.70016 1.88533 -0.470228
    endloop
  endfacet
  facet normal 0.38804 -0.23779 -0.890438
    outer loop
      vertex -4.05656 2.06692 -0.760845
      vertex -3.68328 2.67606 -0.760845
      vertex -3.85785 1.96568 -0.647214
    endloop
  endfacet
  facet normal 0.388046 -0.237792 -0.890435
    outer loop
      vertex -3.68328 2.67606 -0.760845
      vertex -3.50286 2.54498 -0.647214
      vertex -3.85785 1.96568 -0.647214
    endloop
  endfacet
  facet normal 0.133786 -0.0819834 -0.987613
    outer loop
      vertex -4.27683 2.17915 -0.8
      vertex -3.88328 2.82137 -0.8
      vertex -4.05656 2.06692 -0.760845
    endloop
  endfacet
  facet normal 0.133785 -0.0819833 -0.987613
    outer loop
      vertex -3.88328 2.82137 -0.8
      vertex -3.68328 2.67606 -0.760845
      vertex -4.05656 2.06692 -0.760845
    endloop
  endfacet
  facet normal -0.133783 0.0819825 -0.987614
    outer loop
      vertex -4.4971 2.29139 -0.760845
      vertex -4.08328 2.96668 -0.760845
      vertex -4.27683 2.17915 -0.8
    endloop
  endfacet
  facet normal -0.133785 0.0819831 -0.987613
    outer loop
      vertex -4.08328 2.96668 -0.760845
      vertex -3.88328 2.82137 -0.8
      vertex -4.27683 2.17915 -0.8
    endloop
  endfacet
  facet normal -0.388039 0.237794 -0.890438
    outer loop
      vertex -4.69581 2.39263 -0.647214
      vertex -4.2637 3.09776 -0.647214
      vertex -4.4971 2.29139 -0.760845
    endloop
  endfacet
  facet normal -0.388044 0.237795 -0.890435
    outer loop
      vertex -4.2637 3.09776 -0.647214
      vertex -4.08328 2.96668 -0.760845
      vertex -4.4971 2.29139 -0.760845
    endloop
  endfacet
  facet normal -0.603848 0.370034 -0.706005
    outer loop
      vertex -4.8535 2.47298 -0.470228
      vertex -4.40689 3.20179 -0.470228
      vertex -4.69581 2.39263 -0.647214
    endloop
  endfacet
  facet normal -0.603827 0.370031 -0.706024
    outer loop
      vertex -4.40689 3.20179 -0.470228
      vertex -4.2637 3.09776 -0.647214
      vertex -4.69581 2.39263 -0.647214
    endloop
  endfacet
  facet normal -0.760184 0.465842 -0.452893
    outer loop
      vertex -4.95475 2.52457 -0.247214
      vertex -4.49882 3.26858 -0.247214
      vertex -4.8535 2.47298 -0.470228
    endloop
  endfacet
  facet normal -0.760193 0.465841 -0.452878
    outer loop
      vertex -4.49882 3.26858 -0.247214
      vertex -4.40689 3.20179 -0.470228
      vertex -4.8535 2.47298 -0.470228
    endloop
  endfacet
  facet normal -0.842204 0.516102 -0.155981
    outer loop
      vertex -4.98964 2.54235 0
      vertex -4.5305 3.2916 0
      vertex -4.95475 2.52457 -0.247214
    endloop
  endfacet
  facet normal -0.842203 0.516103 -0.155985
    outer loop
      vertex -4.5305 3.2916 0
      vertex -4.49882 3.26858 -0.247214
      vertex -4.95475 2.52457 -0.247214
    endloop
  endfacet
  facet normal -0.751097 0.641499 0.155987
    outer loop
      vertex -4.49882 3.26858 0.247214
      vertex -3.93211 3.93211 0.247214
      vertex -4.5305 3.2916 0
    endloop
  endfacet
  facet normal -0.751097 0.641501 0.155982
    outer loop
      vertex -3.93211 3.93211 0.247214
      vertex -3.9598 3.9598 0
      vertex -4.5305 3.2916 0
    endloop
  endfacet
  facet normal -0.677956 0.579032 0.452877
    outer loop
      vertex -4.40689 3.20179 0.470228
      vertex -3.85176 3.85176 0.470228
      vertex -4.49882 3.26858 0.247214
    endloop
  endfacet
  facet normal -0.677955 0.57903 0.452881
    outer loop
      vertex -3.85176 3.85176 0.470228
      vertex -3.93211 3.93211 0.247214
      vertex -4.49882 3.26858 0.247214
    endloop
  endfacet
  facet normal -0.538511 0.459933 0.706023
    outer loop
      vertex -4.2637 3.09776 0.647214
      vertex -3.72661 3.72661 0.647214
      vertex -4.40689 3.20179 0.470228
    endloop
  endfacet
  facet normal -0.538512 0.459935 0.70602
    outer loop
      vertex -3.72661 3.72661 0.647214
      vertex -3.85176 3.85176 0.470228
      vertex -4.40689 3.20179 0.470228
    endloop
  endfacet
  facet normal -0.346069 0.29557 0.890435
    outer loop
      vertex -4.08328 2.96668 0.760845
      vertex -3.56892 3.56892 0.760845
      vertex -4.2637 3.09776 0.647214
    endloop
  endfacet
  facet normal -0.346071 0.295573 0.890433
    outer loop
      vertex -3.56892 3.56892 0.760845
      vertex -3.72661 3.72661 0.647214
      vertex -4.2637 3.09776 0.647214
    endloop
  endfacet
  facet normal -0.119312 0.101903 0.987613
    outer loop
      vertex -3.88328 2.82137 0.8
      vertex -3.39411 3.39411 0.8
      vertex -4.08328 2.96668 0.760845
    endloop
  endfacet
  facet normal -0.119311 0.101901 0.987614
    outer loop
      vertex -3.39411 3.39411 0.8
      vertex -3.56892 3.56892 0.760845
      vertex -4.08328 2.96668 0.760845
    endloop
  endfacet
  facet normal 0.119314 -0.101901 0.987613
    outer loop
      vertex -3.68328 2.67606 0.760845
      vertex -3.21931 3.21931 0.760845
      vertex -3.88328 2.82137 0.8
    endloop
  endfacet
  facet normal 0.119317 -0.101907 0.987612
    outer loop
      vertex -3.21931 3.21931 0.760845
      vertex -3.39411 3.39411 0.8
      vertex -3.88328 2.82137 0.8
    endloop
  endfacet
  facet normal 0.346067 -0.295573 0.890435
    outer loop
      vertex -3.50286 2.54498 0.647214
      vertex -3.06161 3.06161 0.647214
      vertex -3.68328 2.67606 0.760845
    endloop
  endfacet
  facet normal 0.346057 -0.295555 0.890445
    outer loop
      vertex -3.06161 3.06161 0.647214
      vertex -3.21931 3.21931 0.760845
      vertex -3.68328 2.67606 0.760845
    endloop
  endfacet
  facet normal 0.538509 -0.459935 0.706023
    outer loop
      vertex -3.35967 2.44095 0.470228
      vertex -2.93646 2.93646 0.470228
      vertex -3.50286 2.54498 0.647214
    endloop
  endfacet
  facet normal 0.53851 -0.459937 0.70602
    outer loop
      vertex -2.93646 2.93646 0.470228
      vertex -3.06161 3.06161 0.647214
      vertex -3.50286 2.54498 0.647214
    endloop
  endfacet
  facet normal 0.677953 -0.579035 0.452877
    outer loop
      vertex -3.26774 2.37416 0.247214
      vertex -2.85611 2.85611 0.247214
      vertex -3.35967 2.44095 0.470228
    endloop
  endfacet
  facet normal 0.677953 -0.579033 0.452881
    outer loop
      vertex -2.85611 2.85611 0.247214
      vertex -2.93646 2.93646 0.470228
      vertex -3.35967 2.44095 0.470228
    endloop
  endfacet
  facet normal 0.751105 -0.641498 0.155957
    outer loop
      vertex -3.23607 2.35114 0
      vertex -2.82843 2.82843 0
      vertex -3.26774 2.37416 0.247214
    endloop
  endfacet
  facet normal 0.751101 -0.64151 0.155927
    outer loop
      vertex -2.82843 2.82843 0
      vertex -2.85611 2.85611 0.247214
      vertex -3.26774 2.37416 0.247214
    endloop
  endfacet
  facet normal 0.751097 -0.641507 -0.155957
    outer loop
      vertex -3.26774 2.37416 -0.247214
      vertex -2.85611 2.85611 -0.247214
      vertex -3.23607 2.35114 0
    endloop
  endfacet
  facet normal 0.751108 -0.641501 -0.155927
    outer loop
      vertex -2.85611 2.85611 -0.247214
      vertex -2.82843 2.82843 0
      vertex -3.23607 2.35114 0
    endloop
  endfacet
  facet normal 0.677954 -0.579034 -0.452877
    outer loop
      vertex -3.35967 2.44095 -0.470228
      vertex -2.93646 2.93646 -0.470228
      vertex -3.26774 2.37416 -0.247214
    endloop
  endfacet
  facet normal 0.677952 -0.579034 -0.452881
    outer loop
      vertex -2.93646 2.93646 -0.470228
      vertex -2.85611 2.85611 -0.247214
      vertex -3.26774 2.37416 -0.247214
    endloop
  endfacet
  facet normal 0.538508 -0.459936 -0.706023
    outer loop
      vertex -3.50286 2.54498 -0.647214
      vertex -3.06161 3.06161 -0.647214
      vertex -3.35967 2.44095 -0.470228
    endloop
  endfacet
  facet normal 0.538511 -0.459937 -0.70602
    outer loop
      vertex -3.06161 3.06161 -0.647214
      vertex -2.93646 2.93646 -0.470228
      vertex -3.35967 2.44095 -0.470228
    endloop
  endfacet
  facet normal 0.346071 -0.295567 -0.890435
    outer loop
      vertex -3.68328 2.67606 -0.760845
      vertex -3.21931 3.21931 -0.760845
      vertex -3.50286 2.54498 -0.647214
    endloop
  endfacet
  facet normal 0.346052 -0.29556 -0.890445
    outer loop
      vertex -3.21931 3.21931 -0.760845
      vertex -3.06161 3.06161 -0.647214
      vertex -3.50286 2.54498 -0.647214
    endloop
  endfacet
  facet normal 0.119312 -0.101903 -0.987613
    outer loop
      vertex -3.88328 2.82137 -0.8
      vertex -3.39411 3.39411 -0.8
      vertex -3.68328 2.67606 -0.760845
    endloop
  endfacet
  facet normal 0.119318 -0.101906 -0.987612
    outer loop
      vertex -3.39411 3.39411 -0.8
      vertex -3.21931 3.21931 -0.760845
      vertex -3.68328 2.67606 -0.760845
    endloop
  endfacet
  facet normal -0.119313 0.101902 -0.987613
    outer loop
      vertex -4.08328 2.96668 -0.760845
      vertex -3.56892 3.56892 -0.760845
      vertex -3.88328 2.82137 -0.8
    endloop
  endfacet
  facet normal -0.11931 0.101901 -0.987614
    outer loop
      vertex -3.56892 3.56892 -0.760845
      vertex -3.39411 3.39411 -0.8
      vertex -3.88328 2.82137 -0.8
    endloop
  endfacet
  facet normal -0.346068 0.295571 -0.890435
    outer loop
      vertex -4.2637 3.09776 -0.647214
      vertex -3.72661 3.72661 -0.647214
      vertex -4.08328 2.96668 -0.760845
    endloop
  endfacet
  facet normal -0.346072 0.295572 -0.890433
    outer loop
      vertex -3.72661 3.72661 -0.647214
      vertex -3.56892 3.56892 -0.760845
      vertex -4.08328 2.96668 -0.760845
    endloop
  endfacet
  facet normal -0.53851 0.459934 -0.706023
    outer loop
      vertex -4.40689 3.20179 -0.470228
      vertex -3.85176 3.85176 -0.470228
      vertex -4.2637 3.09776 -0.647214
    endloop
  endfacet
  facet normal -0.538513 0.459934 -0.70602
    outer loop
      vertex -3.85176 3.85176 -0.470228
      vertex -3.72661 3.72661 -0.647214
      vertex -4.2637 3.09776 -0.647214
    endloop
  endfacet
  facet normal -0.677956 0.579031 -0.452877
    outer loop
      vertex -4.49882 3.26858 -0.247214
      vertex -3.93211 3.93211 -0.247214
      vertex -4.40689 3.20179 -0.470228
    endloop
  endfacet
  facet normal -0.677954 0.579031 -0.452881
    outer loop
      vertex -3.93211 3.93211 -0.247214
      vertex -3.85176 3.85176 -0.470228
      vertex -4.40689 3.20179 -0.470228
    endloop
  endfacet
  facet normal -0.751096 0.6415 -0.155987
    outer loop
      vertex -4.5305 3.2916 0
      vertex -3.9598 3.9598 0
      vertex -4.49882 3.26858 -0.247214
    endloop
  endfacet
  facet normal -0.751097 0.6415 -0.155982
    outer loop
      vertex -3.9598 3.9598 0
      vertex -3.93211 3.93211 -0.247214
      vertex -4.49882 3.26858 -0.247214
    endloop
  endfacet
  facet normal -0.6415 0.751097 0.155982
    outer loop
      vertex -3.93211 3.93211 0.247214
      vertex -3.26858 4.49882 0.247214
      vertex -3.9598 3.9598 0
    endloop
  endfacet
  facet normal -0.6415 0.751096 0.155987
    outer loop
      vertex -3.26858 4.49882 0.247214
      vertex -3.2916 4.5305 0
      vertex -3.9598 3.9598 0
    endloop
  endfacet
  facet normal -0.579031 0.677954 0.452881
    outer loop
      vertex -3.85176 3.85176 0.470228
      vertex -3.20179 4.40689 0.470228
      vertex -3.93211 3.93211 0.247214
    endloop
  endfacet
  facet normal -0.579031 0.677956 0.452877
    outer loop
      vertex -3.20179 4.40689 0.470228
      vertex -3.26858 4.49882 0.247214
      vertex -3.93211 3.93211 0.247214
    endloop
  endfacet
  facet normal -0.459934 0.538513 0.70602
    outer loop
      vertex -3.72661 3.72661 0.647214
      vertex -3.09776 4.2637 0.647214
      vertex -3.85176 3.85176 0.470228
    endloop
  endfacet
  facet normal -0.459934 0.53851 0.706023
    outer loop
      vertex -3.09776 4.2637 0.647214
      vertex -3.20179 4.40689 0.470228
      vertex -3.85176 3.85176 0.470228
    endloop
  endfacet
  facet normal -0.295572 0.346072 0.890433
    outer loop
      vertex -3.56892 3.56892 0.760845
      vertex -2.96668 4.08328 0.760845
      vertex -3.72661 3.72661 0.647214
    endloop
  endfacet
  facet normal -0.295571 0.346068 0.890435
    outer loop
      vertex -2.96668 4.08328 0.760845
      vertex -3.09776 4.2637 0.647214
      vertex -3.72661 3.72661 0.647214
    endloop
  endfacet
  facet normal -0.101901 0.11931 0.987614
    outer loop
      vertex -3.39411 3.39411 0.8
      vertex -2.82137 3.88328 0.8
      vertex -3.56892 3.56892 0.760845
    endloop
  endfacet
  facet normal -0.101902 0.119313 0.987613
    outer loop
      vertex -2.82137 3.88328 0.8
      vertex -2.96668 4.08328 0.760845
      vertex -3.56892 3.56892 0.760845
    endloop
  endfacet
  facet normal 0.101906 -0.119318 0.987612
    outer loop
      vertex -3.21931 3.21931 0.760845
      vertex -2.67606 3.68328 0.760845
      vertex -3.39411 3.39411 0.8
    endloop
  endfacet
  facet normal 0.101903 -0.119312 0.987613
    outer loop
      vertex -2.67606 3.68328 0.760845
      vertex -2.82137 3.88328 0.8
      vertex -3.39411 3.39411 0.8
    endloop
  endfacet
  facet normal 0.29556 -0.346052 0.890445
    outer loop
      vertex -3.06161 3.06161 0.647214
      vertex -2.54498 3.50286 0.647214
      vertex -3.21931 3.21931 0.760845
    endloop
  endfacet
  facet normal 0.295567 -0.346071 0.890435
    outer loop
      vertex -2.54498 3.50286 0.647214
      vertex -2.67606 3.68328 0.760845
      vertex -3.21931 3.21931 0.760845
    endloop
  endfacet
  facet normal 0.459937 -0.538511 0.70602
    outer loop
      vertex -2.93646 2.93646 0.470228
      vertex -2.44095 3.35967 0.470228
      vertex -3.06161 3.06161 0.647214
    endloop
  endfacet
  facet normal 0.459936 -0.538508 0.706023
    outer loop
      vertex -2.44095 3.35967 0.470228
      vertex -2.54498 3.50286 0.647214
      vertex -3.06161 3.06161 0.647214
    endloop
  endfacet
  facet normal 0.579034 -0.677952 0.452881
    outer loop
      vertex -2.85611 2.85611 0.247214
      vertex -2.37416 3.26774 0.247214
      vertex -2.93646 2.93646 0.470228
    endloop
  endfacet
  facet normal 0.579034 -0.677954 0.452877
    outer loop
      vertex -2.37416 3.26774 0.247214
      vertex -2.44095 3.35967 0.470228
      vertex -2.93646 2.93646 0.470228
    endloop
  endfacet
  facet normal 0.641501 -0.751108 0.155927
    outer loop
      vertex -2.82843 2.82843 0
      vertex -2.35114 3.23607 0
      vertex -2.85611 2.85611 0.247214
    endloop
  endfacet
  facet normal 0.641507 -0.751097 0.155957
    outer loop
      vertex -2.35114 3.23607 0
      vertex -2.37416 3.26774 0.247214
      vertex -2.85611 2.85611 0.247214
    endloop
  endfacet
  facet normal 0.64151 -0.751101 -0.155927
    outer loop
      vertex -2.85611 2.85611 -0.247214
      vertex -2.37416 3.26774 -0.247214
      vertex -2.82843 2.82843 0
    endloop
  endfacet
  facet normal 0.641498 -0.751105 -0.155957
    outer loop
      vertex -2.37416 3.26774 -0.247214
      vertex -2.35114 3.23607 0
      vertex -2.82843 2.82843 0
    endloop
  endfacet
  facet normal 0.579033 -0.677953 -0.452881
    outer loop
      vertex -2.93646 2.93646 -0.470228
      vertex -2.44095 3.35967 -0.470228
      vertex -2.85611 2.85611 -0.247214
    endloop
  endfacet
  facet normal 0.579035 -0.677953 -0.452877
    outer loop
      vertex -2.44095 3.35967 -0.470228
      vertex -2.37416 3.26774 -0.247214
      vertex -2.85611 2.85611 -0.247214
    endloop
  endfacet
  facet normal 0.459937 -0.53851 -0.70602
    outer loop
      vertex -3.06161 3.06161 -0.647214
      vertex -2.54498 3.50286 -0.647214
      vertex -2.93646 2.93646 -0.470228
    endloop
  endfacet
  facet normal 0.459935 -0.538509 -0.706023
    outer loop
      vertex -2.54498 3.50286 -0.647214
      vertex -2.44095 3.35967 -0.470228
      vertex -2.93646 2.93646 -0.470228
    endloop
  endfacet
  facet normal 0.295555 -0.346057 -0.890445
    outer loop
      vertex -3.21931 3.21931 -0.760845
      vertex -2.67606 3.68328 -0.760845
      vertex -3.06161 3.06161 -0.647214
    endloop
  endfacet
  facet normal 0.295573 -0.346067 -0.890435
    outer loop
      vertex -2.67606 3.68328 -0.760845
      vertex -2.54498 3.50286 -0.647214
      vertex -3.06161 3.06161 -0.647214
    endloop
  endfacet
  facet normal 0.101907 -0.119317 -0.987612
    outer loop
      vertex -3.39411 3.39411 -0.8
      vertex -2.82137 3.88328 -0.8
      vertex -3.21931 3.21931 -0.760845
    endloop
  endfacet
  facet normal 0.101901 -0.119314 -0.987613
    outer loop
      vertex -2.82137 3.88328 -0.8
      vertex -2.67606 3.68328 -0.760845
      vertex -3.21931 3.21931 -0.760845
    endloop
  endfacet
  facet normal -0.101901 0.119311 -0.987614
    outer loop
      vertex -3.56892 3.56892 -0.760845
      vertex -2.96668 4.08328 -0.760845
      vertex -3.39411 3.39411 -0.8
    endloop
  endfacet
  facet normal -0.101903 0.119312 -0.987613
    outer loop
      vertex -2.96668 4.08328 -0.760845
      vertex -2.82137 3.88328 -0.8
      vertex -3.39411 3.39411 -0.8
    endloop
  endfacet
  facet normal -0.295573 0.346071 -0.890433
    outer loop
      vertex -3.72661 3.72661 -0.647214
      vertex -3.09776 4.2637 -0.647214
      vertex -3.56892 3.56892 -0.760845
    endloop
  endfacet
  facet normal -0.29557 0.346069 -0.890435
    outer loop
      vertex -3.09776 4.2637 -0.647214
      vertex -2.96668 4.08328 -0.760845
      vertex -3.56892 3.56892 -0.760845
    endloop
  endfacet
  facet normal -0.459935 0.538512 -0.70602
    outer loop
      vertex -3.85176 3.85176 -0.470228
      vertex -3.20179 4.40689 -0.470228
      vertex -3.72661 3.72661 -0.647214
    endloop
  endfacet
  facet normal -0.459933 0.538511 -0.706023
    outer loop
      vertex -3.20179 4.40689 -0.470228
      vertex -3.09776 4.2637 -0.647214
      vertex -3.72661 3.72661 -0.647214
    endloop
  endfacet
  facet normal -0.57903 0.677955 -0.452881
    outer loop
      vertex -3.93211 3.93211 -0.247214
      vertex -3.26858 4.49882 -0.247214
      vertex -3.85176 3.85176 -0.470228
    endloop
  endfacet
  facet normal -0.579032 0.677956 -0.452877
    outer loop
      vertex -3.26858 4.49882 -0.247214
      vertex -3.20179 4.40689 -0.470228
      vertex -3.85176 3.85176 -0.470228
    endloop
  endfacet
  facet normal -0.641501 0.751097 -0.155982
    outer loop
      vertex -3.9598 3.9598 0
      vertex -3.2916 4.5305 0
      vertex -3.93211 3.93211 -0.247214
    endloop
  endfacet
  facet normal -0.641499 0.751097 -0.155987
    outer loop
      vertex -3.2916 4.5305 0
      vertex -3.26858 4.49882 -0.247214
      vertex -3.93211 3.93211 -0.247214
    endloop
  endfacet
  facet normal -0.516103 0.842203 0.155985
    outer loop
      vertex -3.26858 4.49882 0.247214
      vertex -2.52457 4.95475 0.247214
      vertex -3.2916 4.5305 0
    endloop
  endfacet
  facet normal -0.516102 0.842204 0.155981
    outer loop
      vertex -2.52457 4.95475 0.247214
      vertex -2.54235 4.98964 0
      vertex -3.2916 4.5305 0
    endloop
  endfacet
  facet normal -0.465841 0.760193 0.452878
    outer loop
      vertex -3.20179 4.40689 0.470228
      vertex -2.47298 4.8535 0.470228
      vertex -3.26858 4.49882 0.247214
    endloop
  endfacet
  facet normal -0.465842 0.760184 0.452893
    outer loop
      vertex -2.47298 4.8535 0.470228
      vertex -2.52457 4.95475 0.247214
      vertex -3.26858 4.49882 0.247214
    endloop
  endfacet
  facet normal -0.370031 0.603827 0.706024
    outer loop
      vertex -3.09776 4.2637 0.647214
      vertex -2.39263 4.69581 0.647214
      vertex -3.20179 4.40689 0.470228
    endloop
  endfacet
  facet normal -0.370034 0.603848 0.706005
    outer loop
      vertex -2.39263 4.69581 0.647214
      vertex -2.47298 4.8535 0.470228
      vertex -3.20179 4.40689 0.470228
    endloop
  endfacet
  facet normal -0.237795 0.388044 0.890435
    outer loop
      vertex -2.96668 4.08328 0.760845
      vertex -2.29139 4.4971 0.760845
      vertex -3.09776 4.2637 0.647214
    endloop
  endfacet
  facet normal -0.237794 0.388039 0.890438
    outer loop
      vertex -2.29139 4.4971 0.760845
      vertex -2.39263 4.69581 0.647214
      vertex -3.09776 4.2637 0.647214
    endloop
  endfacet
  facet normal -0.0819831 0.133785 0.987613
    outer loop
      vertex -2.82137 3.88328 0.8
      vertex -2.17915 4.27683 0.8
      vertex -2.96668 4.08328 0.760845
    endloop
  endfacet
  facet normal -0.0819825 0.133783 0.987614
    outer loop
      vertex -2.17915 4.27683 0.8
      vertex -2.29139 4.4971 0.760845
      vertex -2.96668 4.08328 0.760845
    endloop
  endfacet
  facet normal 0.0819833 -0.133785 0.987613
    outer loop
      vertex -2.67606 3.68328 0.760845
      vertex -2.06692 4.05656 0.760845
      vertex -2.82137 3.88328 0.8
    endloop
  endfacet
  facet normal 0.0819834 -0.133786 0.987613
    outer loop
      vertex -2.06692 4.05656 0.760845
      vertex -2.17915 4.27683 0.8
      vertex -2.82137 3.88328 0.8
    endloop
  endfacet
  facet normal 0.237792 -0.388046 0.890435
    outer loop
      vertex -2.54498 3.50286 0.647214
      vertex -1.96568 3.85785 0.647214
      vertex -2.67606 3.68328 0.760845
    endloop
  endfacet
  facet normal 0.23779 -0.38804 0.890438
    outer loop
      vertex -1.96568 3.85785 0.647214
      vertex -2.06692 4.05656 0.760845
      vertex -2.67606 3.68328 0.760845
    endloop
  endfacet
  facet normal 0.370032 -0.603827 0.706024
    outer loop
      vertex -2.44095 3.35967 0.470228
      vertex -1.88533 3.70016 0.470228
      vertex -2.54498 3.50286 0.647214
    endloop
  endfacet
  facet normal 0.370033 -0.603848 0.706005
    outer loop
      vertex -1.88533 3.70016 0.470228
      vertex -1.96568 3.85785 0.647214
      vertex -2.54498 3.50286 0.647214
    endloop
  endfacet
  facet normal 0.465846 -0.76019 0.452878
    outer loop
      vertex -2.37416 3.26774 0.247214
      vertex -1.83374 3.59891 0.247214
      vertex -2.44095 3.35967 0.470228
    endloop
  endfacet
  facet normal 0.465847 -0.760181 0.452892
    outer loop
      vertex -1.83374 3.59891 0.247214
      vertex -1.88533 3.70016 0.470228
      vertex -2.44095 3.35967 0.470228
    endloop
  endfacet
  facet normal 0.516107 -0.842207 0.155952
    outer loop
      vertex -2.35114 3.23607 0
      vertex -1.81596 3.56403 0
      vertex -2.37416 3.26774 0.247214
    endloop
  endfacet
  facet normal 0.516106 -0.842208 0.155948
    outer loop
      vertex -1.81596 3.56403 0
      vertex -1.83374 3.59891 0.247214
      vertex -2.37416 3.26774 0.247214
    endloop
  endfacet
  facet normal 0.516106 -0.842208 -0.155952
    outer loop
      vertex -2.37416 3.26774 -0.247214
      vertex -1.83374 3.59891 -0.247214
      vertex -2.35114 3.23607 0
    endloop
  endfacet
  facet normal 0.516107 -0.842207 -0.155948
    outer loop
      vertex -1.83374 3.59891 -0.247214
      vertex -1.81596 3.56403 0
      vertex -2.35114 3.23607 0
    endloop
  endfacet
  facet normal 0.465851 -0.760187 -0.452878
    outer loop
      vertex -2.44095 3.35967 -0.470228
      vertex -1.88533 3.70016 -0.470228
      vertex -2.37416 3.26774 -0.247214
    endloop
  endfacet
  facet normal 0.465842 -0.760184 -0.452893
    outer loop
      vertex -1.88533 3.70016 -0.470228
      vertex -1.83374 3.59891 -0.247214
      vertex -2.37416 3.26774 -0.247214
    endloop
  endfacet
  facet normal 0.370023 -0.603832 -0.706024
    outer loop
      vertex -2.54498 3.50286 -0.647214
      vertex -1.96568 3.85785 -0.647214
      vertex -2.44095 3.35967 -0.470228
    endloop
  endfacet
  facet normal 0.370042 -0.603843 -0.706004
    outer loop
      vertex -1.96568 3.85785 -0.647214
      vertex -1.88533 3.70016 -0.470228
      vertex -2.44095 3.35967 -0.470228
    endloop
  endfacet
  facet normal 0.237793 -0.388045 -0.890435
    outer loop
      vertex -2.67606 3.68328 -0.760845
      vertex -2.06692 4.05656 -0.760845
      vertex -2.54498 3.50286 -0.647214
    endloop
  endfacet
  facet normal 0.237788 -0.388041 -0.890438
    outer loop
      vertex -2.06692 4.05656 -0.760845
      vertex -1.96568 3.85785 -0.647214
      vertex -2.54498 3.50286 -0.647214
    endloop
  endfacet
  facet normal 0.0819831 -0.133785 -0.987613
    outer loop
      vertex -2.82137 3.88328 -0.8
      vertex -2.17915 4.27683 -0.8
      vertex -2.67606 3.68328 -0.760845
    endloop
  endfacet
  facet normal 0.0819837 -0.133786 -0.987613
    outer loop
      vertex -2.17915 4.27683 -0.8
      vertex -2.06692 4.05656 -0.760845
      vertex -2.67606 3.68328 -0.760845
    endloop
  endfacet
  facet normal -0.0819837 0.133785 -0.987613
    outer loop
      vertex -2.96668 4.08328 -0.760845
      vertex -2.29139 4.4971 -0.760845
      vertex -2.82137 3.88328 -0.8
    endloop
  endfacet
  facet normal -0.0819817 0.133783 -0.987614
    outer loop
      vertex -2.29139 4.4971 -0.760845
      vertex -2.17915 4.27683 -0.8
      vertex -2.82137 3.88328 -0.8
    endloop
  endfacet
  facet normal -0.237796 0.388043 -0.890436
    outer loop
      vertex -3.09776 4.2637 -0.647214
      vertex -2.39263 4.69581 -0.647214
      vertex -2.96668 4.08328 -0.760845
    endloop
  endfacet
  facet normal -0.237792 0.38804 -0.890438
    outer loop
      vertex -2.39263 4.69581 -0.647214
      vertex -2.29139 4.4971 -0.760845
      vertex -2.96668 4.08328 -0.760845
    endloop
  endfacet
  facet normal -0.370024 0.603832 -0.706024
    outer loop
      vertex -3.20179 4.40689 -0.470228
      vertex -2.47298 4.8535 -0.470228
      vertex -3.09776 4.2637 -0.647214
    endloop
  endfacet
  facet normal -0.370041 0.603844 -0.706005
    outer loop
      vertex -2.47298 4.8535 -0.470228
      vertex -2.39263 4.69581 -0.647214
      vertex -3.09776 4.2637 -0.647214
    endloop
  endfacet
  facet normal -0.465845 0.76019 -0.452878
    outer loop
      vertex -3.26858 4.49882 -0.247214
      vertex -2.52457 4.95475 -0.247214
      vertex -3.20179 4.40689 -0.470228
    endloop
  endfacet
  facet normal -0.465837 0.760187 -0.452893
    outer loop
      vertex -2.52457 4.95475 -0.247214
      vertex -2.47298 4.8535 -0.470228
      vertex -3.20179 4.40689 -0.470228
    endloop
  endfacet
  facet normal -0.516102 0.842204 -0.155985
    outer loop
      vertex -3.2916 4.5305 0
      vertex -2.54235 4.98964 0
      vertex -3.26858 4.49882 -0.247214
    endloop
  endfacet
  facet normal -0.516103 0.842204 -0.155981
    outer loop
      vertex -2.54235 4.98964 0
      vertex -2.52457 4.95475 -0.247214
      vertex -3.26858 4.49882 -0.247214
    endloop
  endfacet
  facet normal -0.378003 0.91257 0.15598
    outer loop
      vertex -2.52457 4.95475 0.247214
      vertex -1.7184 5.28868 0.247214
      vertex -2.54235 4.98964 0
    endloop
  endfacet
  facet normal -0.378001 0.912573 0.15597
    outer loop
      vertex -1.7184 5.28868 0.247214
      vertex -1.7305 5.32592 0
      vertex -2.54235 4.98964 0
    endloop
  endfacet
  facet normal -0.341192 0.823697 0.452893
    outer loop
      vertex -2.47298 4.8535 0.470228
      vertex -1.68328 5.18061 0.470228
      vertex -2.52457 4.95475 0.247214
    endloop
  endfacet
  facet normal -0.341191 0.8237 0.452886
    outer loop
      vertex -1.68328 5.18061 0.470228
      vertex -1.7184 5.28868 0.247214
      vertex -2.52457 4.95475 0.247214
    endloop
  endfacet
  facet normal -0.271015 0.654301 0.706004
    outer loop
      vertex -2.39263 4.69581 0.647214
      vertex -1.62859 5.01228 0.647214
      vertex -2.47298 4.8535 0.470228
    endloop
  endfacet
  facet normal -0.271015 0.654278 0.706025
    outer loop
      vertex -1.62859 5.01228 0.647214
      vertex -1.68328 5.18061 0.470228
      vertex -2.47298 4.8535 0.470228
    endloop
  endfacet
  facet normal -0.174161 0.420459 0.890439
    outer loop
      vertex -2.29139 4.4971 0.760845
      vertex -1.55967 4.80019 0.760845
      vertex -2.39263 4.69581 0.647214
    endloop
  endfacet
  facet normal -0.174162 0.420471 0.890434
    outer loop
      vertex -1.55967 4.80019 0.760845
      vertex -1.62859 5.01228 0.647214
      vertex -2.39263 4.69581 0.647214
    endloop
  endfacet
  facet normal -0.0600451 0.144961 0.987614
    outer loop
      vertex -2.17915 4.27683 0.8
      vertex -1.48328 4.56507 0.8
      vertex -2.29139 4.4971 0.760845
    endloop
  endfacet
  facet normal -0.060045 0.144961 0.987614
    outer loop
      vertex -1.48328 4.56507 0.8
      vertex -1.55967 4.80019 0.760845
      vertex -2.29139 4.4971 0.760845
    endloop
  endfacet
  facet normal 0.060047 -0.144963 0.987613
    outer loop
      vertex -2.06692 4.05656 0.760845
      vertex -1.40689 4.32996 0.760845
      vertex -2.17915 4.27683 0.8
    endloop
  endfacet
  facet normal 0.0600472 -0.144966 0.987613
    outer loop
      vertex -1.40689 4.32996 0.760845
      vertex -1.48328 4.56507 0.8
      vertex -2.17915 4.27683 0.8
    endloop
  endfacet
  facet normal 0.174162 -0.420459 0.890439
    outer loop
      vertex -1.96568 3.85785 0.647214
      vertex -1.33797 4.11786 0.647214
      vertex -2.06692 4.05656 0.760845
    endloop
  endfacet
  facet normal 0.174162 -0.420455 0.890441
    outer loop
      vertex -1.33797 4.11786 0.647214
      vertex -1.40689 4.32996 0.760845
      vertex -2.06692 4.05656 0.760845
    endloop
  endfacet
  facet normal 0.271013 -0.654302 0.706004
    outer loop
      vertex -1.88533 3.70016 0.470228
      vertex -1.28328 3.94953 0.470228
      vertex -1.96568 3.85785 0.647214
    endloop
  endfacet
  facet normal 0.271015 -0.654278 0.706025
    outer loop
      vertex -1.28328 3.94953 0.470228
      vertex -1.33797 4.11786 0.647214
      vertex -1.96568 3.85785 0.647214
    endloop
  endfacet
  facet normal 0.341186 -0.823699 0.452892
    outer loop
      vertex -1.83374 3.59891 0.247214
      vertex -1.24817 3.84146 0.247214
      vertex -1.88533 3.70016 0.470228
    endloop
  endfacet
  facet normal 0.341182 -0.823711 0.452874
    outer loop
      vertex -1.24817 3.84146 0.247214
      vertex -1.28328 3.94953 0.470228
      vertex -1.88533 3.70016 0.470228
    endloop
  endfacet
  facet normal 0.378004 -0.912576 0.155944
    outer loop
      vertex -1.81596 3.56403 0
      vertex -1.23607 3.80423 0
      vertex -1.83374 3.59891 0.247214
    endloop
  endfacet
  facet normal 0.378001 -0.912579 0.155934
    outer loop
      vertex -1.23607 3.80423 0
      vertex -1.24817 3.84146 0.247214
      vertex -1.83374 3.59891 0.247214
    endloop
  endfacet
  facet normal 0.378 -0.912577 -0.155944
    outer loop
      vertex -1.83374 3.59891 -0.247214
      vertex -1.24817 3.84146 -0.247214
      vertex -1.81596 3.56403 0
    endloop
  endfacet
  facet normal 0.378005 -0.912577 -0.155934
    outer loop
      vertex -1.24817 3.84146 -0.247214
      vertex -1.23607 3.80423 0
      vertex -1.81596 3.56403 0
    endloop
  endfacet
  facet normal 0.341179 -0.823702 -0.452892
    outer loop
      vertex -1.88533 3.70016 -0.470228
      vertex -1.28328 3.94953 -0.470228
      vertex -1.83374 3.59891 -0.247214
    endloop
  endfacet
  facet normal 0.34119 -0.823708 -0.452874
    outer loop
      vertex -1.28328 3.94953 -0.470228
      vertex -1.24817 3.84146 -0.247214
      vertex -1.83374 3.59891 -0.247214
    endloop
  endfacet
  facet normal 0.271023 -0.654297 -0.706004
    outer loop
      vertex -1.96568 3.85785 -0.647214
      vertex -1.33797 4.11786 -0.647214
      vertex -1.88533 3.70016 -0.470228
    endloop
  endfacet
  facet normal 0.271005 -0.654282 -0.706025
    outer loop
      vertex -1.33797 4.11786 -0.647214
      vertex -1.28328 3.94953 -0.470228
      vertex -1.88533 3.70016 -0.470228
    endloop
  endfacet
  facet normal 0.174164 -0.420458 -0.890439
    outer loop
      vertex -2.06692 4.05656 -0.760845
      vertex -1.40689 4.32996 -0.760845
      vertex -1.96568 3.85785 -0.647214
    endloop
  endfacet
  facet normal 0.174161 -0.420455 -0.890441
    outer loop
      vertex -1.40689 4.32996 -0.760845
      vertex -1.33797 4.11786 -0.647214
      vertex -1.96568 3.85785 -0.647214
    endloop
  endfacet
  facet normal 0.060046 -0.144963 -0.987613
    outer loop
      vertex -2.17915 4.27683 -0.8
      vertex -1.48328 4.56507 -0.8
      vertex -2.06692 4.05656 -0.760845
    endloop
  endfacet
  facet normal 0.0600482 -0.144966 -0.987613
    outer loop
      vertex -1.48328 4.56507 -0.8
      vertex -1.40689 4.32996 -0.760845
      vertex -2.06692 4.05656 -0.760845
    endloop
  endfacet
  facet normal -0.0600451 0.144961 -0.987614
    outer loop
      vertex -2.29139 4.4971 -0.760845
      vertex -1.55967 4.80019 -0.760845
      vertex -2.17915 4.27683 -0.8
    endloop
  endfacet
  facet normal -0.060045 0.144961 -0.987614
    outer loop
      vertex -1.55967 4.80019 -0.760845
      vertex -1.48328 4.56507 -0.8
      vertex -2.17915 4.27683 -0.8
    endloop
  endfacet
  facet normal -0.174157 0.420461 -0.890439
    outer loop
      vertex -2.39263 4.69581 -0.647214
      vertex -1.62859 5.01228 -0.647214
      vertex -2.29139 4.4971 -0.760845
    endloop
  endfacet
  facet normal -0.174165 0.42047 -0.890434
    outer loop
      vertex -1.62859 5.01228 -0.647214
      vertex -1.55967 4.80019 -0.760845
      vertex -2.29139 4.4971 -0.760845
    endloop
  endfacet
  facet normal -0.271023 0.654297 -0.706004
    outer loop
      vertex -2.47298 4.8535 -0.470228
      vertex -1.68328 5.18061 -0.470228
      vertex -2.39263 4.69581 -0.647214
    endloop
  endfacet
  facet normal -0.271007 0.654281 -0.706025
    outer loop
      vertex -1.68328 5.18061 -0.470228
      vertex -1.62859 5.01228 -0.647214
      vertex -2.39263 4.69581 -0.647214
    endloop
  endfacet
  facet normal -0.34119 0.823698 -0.452893
    outer loop
      vertex -2.52457 4.95475 -0.247214
      vertex -1.7184 5.28868 -0.247214
      vertex -2.47298 4.8535 -0.470228
    endloop
  endfacet
  facet normal -0.341193 0.8237 -0.452886
    outer loop
      vertex -1.7184 5.28868 -0.247214
      vertex -1.68328 5.18061 -0.470228
      vertex -2.47298 4.8535 -0.470228
    endloop
  endfacet
  facet normal -0.378 0.912571 -0.15598
    outer loop
      vertex -2.54235 4.98964 0
      vertex -1.7305 5.32592 0
      vertex -2.52457 4.95475 -0.247214
    endloop
  endfacet
  facet normal -0.378003 0.912572 -0.15597
    outer loop
      vertex -1.7305 5.32592 0
      vertex -1.7184 5.28868 -0.247214
      vertex -2.52457 4.95475 -0.247214
    endloop
  endfacet
  facet normal -0.230583 0.960471 0.15597
    outer loop
      vertex -1.7184 5.28868 0.247214
      vertex -0.869908 5.49238 0.247214
      vertex -1.7305 5.32592 0
    endloop
  endfacet
  facet normal -0.230579 0.960475 0.155953
    outer loop
      vertex -0.869908 5.49238 0.247214
      vertex -0.876033 5.53105 0
      vertex -1.7305 5.32592 0
    endloop
  endfacet
  facet normal -0.208132 0.866936 0.452883
    outer loop
      vertex -1.68328 5.18061 0.470228
      vertex -0.852132 5.38015 0.470228
      vertex -1.7184 5.28868 0.247214
    endloop
  endfacet
  facet normal -0.208129 0.866943 0.452871
    outer loop
      vertex -0.852132 5.38015 0.470228
      vertex -0.869908 5.49238 0.247214
      vertex -1.7184 5.28868 0.247214
    endloop
  endfacet
  facet normal -0.165324 0.688618 0.706026
    outer loop
      vertex -1.62859 5.01228 0.647214
      vertex -0.824445 5.20534 0.647214
      vertex -1.68328 5.18061 0.470228
    endloop
  endfacet
  facet normal -0.165323 0.688624 0.70602
    outer loop
      vertex -0.824445 5.20534 0.647214
      vertex -0.852132 5.38015 0.470228
      vertex -1.68328 5.18061 0.470228
    endloop
  endfacet
  facet normal -0.10624 0.442542 0.890432
    outer loop
      vertex -1.55967 4.80019 0.760845
      vertex -0.789558 4.98507 0.760845
      vertex -1.62859 5.01228 0.647214
    endloop
  endfacet
  facet normal -0.106242 0.442526 0.89044
    outer loop
      vertex -0.789558 4.98507 0.760845
      vertex -0.824445 5.20534 0.647214
      vertex -1.62859 5.01228 0.647214
    endloop
  endfacet
  facet normal -0.036628 0.152569 0.987614
    outer loop
      vertex -1.48328 4.56507 0.8
      vertex -0.750885 4.7409 0.8
      vertex -1.55967 4.80019 0.760845
    endloop
  endfacet
  facet normal -0.0366278 0.152572 0.987613
    outer loop
      vertex -0.750885 4.7409 0.8
      vertex -0.789558 4.98507 0.760845
      vertex -1.55967 4.80019 0.760845
    endloop
  endfacet
  facet normal 0.0366285 -0.152575 0.987613
    outer loop
      vertex -1.40689 4.32996 0.760845
      vertex -0.712213 4.49673 0.760845
      vertex -1.48328 4.56507 0.8
    endloop
  endfacet
  facet normal 0.0366288 -0.152572 0.987613
    outer loop
      vertex -0.712213 4.49673 0.760845
      vertex -0.750885 4.7409 0.8
      vertex -1.48328 4.56507 0.8
    endloop
  endfacet
  facet normal 0.106237 -0.442526 0.890441
    outer loop
      vertex -1.33797 4.11786 0.647214
      vertex -0.677326 4.27646 0.647214
      vertex -1.40689 4.32996 0.760845
    endloop
  endfacet
  facet normal 0.106237 -0.442527 0.89044
    outer loop
      vertex -0.677326 4.27646 0.647214
      vertex -0.712213 4.49673 0.760845
      vertex -1.40689 4.32996 0.760845
    endloop
  endfacet
  facet normal 0.165329 -0.688617 0.706026
    outer loop
      vertex -1.28328 3.94953 0.470228
      vertex -0.649639 4.10166 0.470228
      vertex -1.33797 4.11786 0.647214
    endloop
  endfacet
  facet normal 0.165322 -0.688644 0.706001
    outer loop
      vertex -0.649639 4.10166 0.470228
      vertex -0.677326 4.27646 0.647214
      vertex -1.33797 4.11786 0.647214
    endloop
  endfacet
  facet normal 0.208144 -0.866937 0.452876
    outer loop
      vertex -1.24817 3.84146 0.247214
      vertex -0.631863 3.98943 0.247214
      vertex -1.28328 3.94953 0.470228
    endloop
  endfacet
  facet normal 0.208142 -0.86694 0.452871
    outer loop
      vertex -0.631863 3.98943 0.247214
      vertex -0.649639 4.10166 0.470228
      vertex -1.28328 3.94953 0.470228
    endloop
  endfacet
  facet normal 0.230578 -0.960478 0.155932
    outer loop
      vertex -1.23607 3.80423 0
      vertex -0.625738 3.95075 0
      vertex -1.24817 3.84146 0.247214
    endloop
  endfacet
  facet normal 0.230599 -0.960464 0.155991
    outer loop
      vertex -0.625738 3.95075 0
      vertex -0.631863 3.98943 0.247214
      vertex -1.24817 3.84146 0.247214
    endloop
  endfacet
  facet normal 0.230601 -0.960473 -0.155932
    outer loop
      vertex -1.24817 3.84146 -0.247214
      vertex -0.631863 3.98943 -0.247214
      vertex -1.23607 3.80423 0
    endloop
  endfacet
  facet normal 0.230576 -0.960469 -0.155991
    outer loop
      vertex -0.631863 3.98943 -0.247214
      vertex -0.625738 3.95075 0
      vertex -1.23607 3.80423 0
    endloop
  endfacet
  facet normal 0.208142 -0.866937 -0.452876
    outer loop
      vertex -1.28328 3.94953 -0.470228
      vertex -0.649639 4.10166 -0.470228
      vertex -1.24817 3.84146 -0.247214
    endloop
  endfacet
  facet normal 0.208145 -0.866939 -0.452871
    outer loop
      vertex -0.649639 4.10166 -0.470228
      vertex -0.631863 3.98943 -0.247214
      vertex -1.24817 3.84146 -0.247214
    endloop
  endfacet
  facet normal 0.165316 -0.688621 -0.706026
    outer loop
      vertex -1.33797 4.11786 -0.647214
      vertex -0.677326 4.27646 -0.647214
      vertex -1.28328 3.94953 -0.470228
    endloop
  endfacet
  facet normal 0.165335 -0.688642 -0.706001
    outer loop
      vertex -0.677326 4.27646 -0.647214
      vertex -0.649639 4.10166 -0.470228
      vertex -1.28328 3.94953 -0.470228
    endloop
  endfacet
  facet normal 0.106237 -0.442526 -0.890441
    outer loop
      vertex -1.40689 4.32996 -0.760845
      vertex -0.712213 4.49673 -0.760845
      vertex -1.33797 4.11786 -0.647214
    endloop
  endfacet
  facet normal 0.106237 -0.442527 -0.89044
    outer loop
      vertex -0.712213 4.49673 -0.760845
      vertex -0.677326 4.27646 -0.647214
      vertex -1.33797 4.11786 -0.647214
    endloop
  endfacet
  facet normal 0.0366294 -0.152575 -0.987613
    outer loop
      vertex -1.48328 4.56507 -0.8
      vertex -0.750885 4.7409 -0.8
      vertex -1.40689 4.32996 -0.760845
    endloop
  endfacet
  facet normal 0.0366277 -0.152572 -0.987613
    outer loop
      vertex -0.750885 4.7409 -0.8
      vertex -0.712213 4.49673 -0.760845
      vertex -1.40689 4.32996 -0.760845
    endloop
  endfacet
  facet normal -0.0366271 0.152569 -0.987614
    outer loop
      vertex -1.55967 4.80019 -0.760845
      vertex -0.789558 4.98507 -0.760845
      vertex -1.48328 4.56507 -0.8
    endloop
  endfacet
  facet normal -0.0366287 0.152572 -0.987613
    outer loop
      vertex -0.789558 4.98507 -0.760845
      vertex -0.750885 4.7409 -0.8
      vertex -1.48328 4.56507 -0.8
    endloop
  endfacet
  facet normal -0.106245 0.44254 -0.890433
    outer loop
      vertex -1.62859 5.01228 -0.647214
      vertex -0.824445 5.20534 -0.647214
      vertex -1.55967 4.80019 -0.760845
    endloop
  endfacet
  facet normal -0.106237 0.442527 -0.89044
    outer loop
      vertex -0.824445 5.20534 -0.647214
      vertex -0.789558 4.98507 -0.760845
      vertex -1.55967 4.80019 -0.760845
    endloop
  endfacet
  facet normal -0.165322 0.688619 -0.706026
    outer loop
      vertex -1.68328 5.18061 -0.470228
      vertex -0.852132 5.38015 -0.470228
      vertex -1.62859 5.01228 -0.647214
    endloop
  endfacet
  facet normal -0.165326 0.688624 -0.70602
    outer loop
      vertex -0.852132 5.38015 -0.470228
      vertex -0.824445 5.20534 -0.647214
      vertex -1.62859 5.01228 -0.647214
    endloop
  endfacet
  facet normal -0.208128 0.866937 -0.452883
    outer loop
      vertex -1.7184 5.28868 -0.247214
      vertex -0.869908 5.49238 -0.247214
      vertex -1.68328 5.18061 -0.470228
    endloop
  endfacet
  facet normal -0.208133 0.866942 -0.452871
    outer loop
      vertex -0.869908 5.49238 -0.247214
      vertex -0.852132 5.38015 -0.470228
      vertex -1.68328 5.18061 -0.470228
    endloop
  endfacet
  facet normal -0.230578 0.960472 -0.15597
    outer loop
      vertex -1.7305 5.32592 0
      vertex -0.876033 5.53105 0
      vertex -1.7184 5.28868 -0.247214
    endloop
  endfacet
  facet normal -0.230584 0.960474 -0.155953
    outer loop
      vertex -0.876033 5.53105 0
      vertex -0.869908 5.49238 -0.247214
      vertex -1.7184 5.28868 -0.247214
    endloop
  endfacet
  facet normal -0.0775067 0.984719 0.155953
    outer loop
      vertex -0.869908 5.49238 0.247214
      vertex 0 5.56085 0.247214
      vertex -0.876033 5.53105 0
    endloop
  endfacet
  facet normal -0.0775045 0.98472 0.155945
    outer loop
      vertex 0 5.56085 0.247214
      vertex 0 5.6 0
      vertex -0.876033 5.53105 0
    endloop
  endfacet
  facet normal -0.0699479 0.888828 0.452871
    outer loop
      vertex -0.852132 5.38015 0.470228
      vertex 0 5.44721 0.470228
      vertex -0.869908 5.49238 0.247214
    endloop
  endfacet
  facet normal -0.0699577 0.88881 0.452906
    outer loop
      vertex 0 5.44721 0.470228
      vertex 0 5.56085 0.247214
      vertex -0.869908 5.49238 0.247214
    endloop
  endfacet
  facet normal -0.0555681 0.706008 0.706021
    outer loop
      vertex -0.824445 5.20534 0.647214
      vertex 0 5.27023 0.647214
      vertex -0.852132 5.38015 0.470228
    endloop
  endfacet
  facet normal -0.055562 0.706026 0.706003
    outer loop
      vertex 0 5.27023 0.647214
      vertex 0 5.44721 0.470228
      vertex -0.852132 5.38015 0.470228
    endloop
  endfacet
  facet normal -0.035707 0.453697 0.89044
    outer loop
      vertex -0.789558 4.98507 0.760845
      vertex 0 5.04721 0.760845
      vertex -0.824445 5.20534 0.647214
    endloop
  endfacet
  facet normal -0.0357088 0.45369 0.890444
    outer loop
      vertex 0 5.04721 0.760845
      vertex 0 5.27023 0.647214
      vertex -0.824445 5.20534 0.647214
    endloop
  endfacet
  facet normal -0.0123116 0.156423 0.987613
    outer loop
      vertex -0.750885 4.7409 0.8
      vertex 0 4.8 0.8
      vertex -0.789558 4.98507 0.760845
    endloop
  endfacet
  facet normal -0.0123111 0.156426 0.987613
    outer loop
      vertex 0 4.8 0.8
      vertex 0 5.04721 0.760845
      vertex -0.789558 4.98507 0.760845
    endloop
  endfacet
  facet normal 0.0123124 -0.156423 0.987613
    outer loop
      vertex -0.712213 4.49673 0.760845
      vertex 0 4.55279 0.760845
      vertex -0.750885 4.7409 0.8
    endloop
  endfacet
  facet normal 0.0123118 -0.156426 0.987613
    outer loop
      vertex 0 4.55279 0.760845
      vertex 0 4.8 0.8
      vertex -0.750885 4.7409 0.8
    endloop
  endfacet
  facet normal 0.0357089 -0.453697 0.89044
    outer loop
      vertex -0.677326 4.27646 0.647214
      vertex 0 4.32977 0.647214
      vertex -0.712213 4.49673 0.760845
    endloop
  endfacet
  facet normal 0.0357111 -0.45369 0.890444
    outer loop
      vertex 0 4.32977 0.647214
      vertex 0 4.55279 0.760845
      vertex -0.712213 4.49673 0.760845
    endloop
  endfacet
  facet normal 0.0555681 -0.706028 0.706
    outer loop
      vertex -0.649639 4.10166 0.470228
      vertex 0 4.15279 0.470228
      vertex -0.677326 4.27646 0.647214
    endloop
  endfacet
  facet normal 0.0555689 -0.706026 0.706002
    outer loop
      vertex 0 4.15279 0.470228
      vertex 0 4.32977 0.647214
      vertex -0.677326 4.27646 0.647214
    endloop
  endfacet
  facet normal 0.0699541 -0.888827 0.452871
    outer loop
      vertex -0.631863 3.98943 0.247214
      vertex 0 4.03916 0.247214
      vertex -0.649639 4.10166 0.470228
    endloop
  endfacet
  facet normal 0.0699553 -0.888826 0.452874
    outer loop
      vertex 0 4.03916 0.247214
      vertex 0 4.15279 0.470228
      vertex -0.649639 4.10166 0.470228
    endloop
  endfacet
  facet normal 0.0775039 -0.984713 0.155992
    outer loop
      vertex -0.625738 3.95075 0
      vertex 0 4 0
      vertex -0.631863 3.98943 0.247214
    endloop
  endfacet
  facet normal 0.0775007 -0.984714 0.155984
    outer loop
      vertex 0 4 0
      vertex 0 4.03916 0.247214
      vertex -0.631863 3.98943 0.247214
    endloop
  endfacet
  facet normal 0.0775006 -0.984713 -0.155992
    outer loop
      vertex -0.631863 3.98943 -0.247214
      vertex 0 4.03916 -0.247214
      vertex -0.625738 3.95075 0
    endloop
  endfacet
  facet normal 0.077504 -0.984714 -0.155984
    outer loop
      vertex 0 4.03916 -0.247214
      vertex 0 4 0
      vertex -0.625738 3.95075 0
    endloop
  endfacet
  facet normal 0.0699554 -0.888827 -0.452871
    outer loop
      vertex -0.649639 4.10166 -0.470228
      vertex 0 4.15279 -0.470228
      vertex -0.631863 3.98943 -0.247214
    endloop
  endfacet
  facet normal 0.0699539 -0.888826 -0.452874
    outer loop
      vertex 0 4.15279 -0.470228
      vertex 0 4.03916 -0.247214
      vertex -0.631863 3.98943 -0.247214
    endloop
  endfacet
  facet normal 0.055569 -0.706028 -0.706001
    outer loop
      vertex -0.677326 4.27646 -0.647214
      vertex 0 4.32977 -0.647214
      vertex -0.649639 4.10166 -0.470228
    endloop
  endfacet
  facet normal 0.055568 -0.706026 -0.706002
    outer loop
      vertex 0 4.32977 -0.647214
      vertex 0 4.15279 -0.470228
      vertex -0.649639 4.10166 -0.470228
    endloop
  endfacet
  facet normal 0.0357116 -0.453697 -0.89044
    outer loop
      vertex -0.712213 4.49673 -0.760845
      vertex 0 4.55279 -0.760845
      vertex -0.677326 4.27646 -0.647214
    endloop
  endfacet
  facet normal 0.0357084 -0.45369 -0.890444
    outer loop
      vertex 0 4.55279 -0.760845
      vertex 0 4.32977 -0.647214
      vertex -0.677326 4.27646 -0.647214
    endloop
  endfacet
  facet normal 0.0123116 -0.156423 -0.987613
    outer loop
      vertex -0.750885 4.7409 -0.8
      vertex 0 4.8 -0.8
      vertex -0.712213 4.49673 -0.760845
    endloop
  endfacet
  facet normal 0.0123126 -0.156426 -0.987613
    outer loop
      vertex 0 4.8 -0.8
      vertex 0 4.55279 -0.760845
      vertex -0.712213 4.49673 -0.760845
    endloop
  endfacet
  facet normal -0.0123109 0.156423 -0.987613
    outer loop
      vertex -0.789558 4.98507 -0.760845
      vertex 0 5.04721 -0.760845
      vertex -0.750885 4.7409 -0.8
    endloop
  endfacet
  facet normal -0.0123118 0.156426 -0.987613
    outer loop
      vertex 0 5.04721 -0.760845
      vertex 0 4.8 -0.8
      vertex -0.750885 4.7409 -0.8
    endloop
  endfacet
  facet normal -0.0357094 0.453697 -0.89044
    outer loop
      vertex -0.824445 5.20534 -0.647214
      vertex 0 5.27023 -0.647214
      vertex -0.789558 4.98507 -0.760845
    endloop
  endfacet
  facet normal -0.0357065 0.45369 -0.890444
    outer loop
      vertex 0 5.27023 -0.647214
      vertex 0 5.04721 -0.760845
      vertex -0.789558 4.98507 -0.760845
    endloop
  endfacet
  facet normal -0.0555606 0.706009 -0.70602
    outer loop
      vertex -0.852132 5.38015 -0.470228
      vertex 0 5.44721 -0.470228
      vertex -0.824445 5.20534 -0.647214
    endloop
  endfacet
  facet normal -0.0555695 0.706026 -0.706002
    outer loop
      vertex 0 5.44721 -0.470228
      vertex 0 5.27023 -0.647214
      vertex -0.824445 5.20534 -0.647214
    endloop
  endfacet
  facet normal -0.0699591 0.888827 -0.452871
    outer loop
      vertex -0.869908 5.49238 -0.247214
      vertex 0 5.56085 -0.247214
      vertex -0.852132 5.38015 -0.470228
    endloop
  endfacet
  facet normal -0.0699465 0.88881 -0.452906
    outer loop
      vertex 0 5.56085 -0.247214
      vertex 0 5.44721 -0.470228
      vertex -0.852132 5.38015 -0.470228
    endloop
  endfacet
  facet normal -0.0775044 0.984719 -0.155953
    outer loop
      vertex -0.876033 5.53105 0
      vertex 0 5.6 0
      vertex -0.869908 5.49238 -0.247214
    endloop
  endfacet
  facet normal -0.0775068 0.98472 -0.155945
    outer loop
      vertex 0 5.6 0
      vertex 0 5.56085 -0.247214
      vertex -0.869908 5.49238 -0.247214
    endloop
  endfacet
  facet normal 0.0775068 0.98472 0.155945
    outer loop
      vertex 0 5.56085 0.247214
      vertex 0.869908 5.49238 0.247214
      vertex 0 5.6 0
    endloop
  endfacet
  facet normal 0.0775044 0.984719 0.155953
    outer loop
      vertex 0.869908 5.49238 0.247214
      vertex 0.876033 5.53105 0
      vertex 0 5.6 0
    endloop
  endfacet
  facet normal 0.0699465 0.88881 0.452906
    outer loop
      vertex 0 5.44721 0.470228
      vertex 0.852132 5.38015 0.470228
      vertex 0 5.56085 0.247214
    endloop
  endfacet
  facet normal 0.0699591 0.888827 0.452871
    outer loop
      vertex 0.852132 5.38015 0.470228
      vertex 0.869908 5.49238 0.247214
      vertex 0 5.56085 0.247214
    endloop
  endfacet
  facet normal 0.0555695 0.706026 0.706002
    outer loop
      vertex 0 5.27023 0.647214
      vertex 0.824445 5.20534 0.647214
      vertex 0 5.44721 0.470228
    endloop
  endfacet
  facet normal 0.0555606 0.706009 0.70602
    outer loop
      vertex 0.824445 5.20534 0.647214
      vertex 0.852132 5.38015 0.470228
      vertex 0 5.44721 0.470228
    endloop
  endfacet
  facet normal 0.0357065 0.45369 0.890444
    outer loop
      vertex 0 5.04721 0.760845
      vertex 0.789558 4.98507 0.760845
      vertex 0 5.27023 0.647214
    endloop
  endfacet
  facet normal 0.0357094 0.453697 0.89044
    outer loop
      vertex 0.789558 4.98507 0.760845
      vertex 0.824445 5.20534 0.647214
      vertex 0 5.27023 0.647214
    endloop
  endfacet
  facet normal 0.0123118 0.156426 0.987613
    outer loop
      vertex 0 4.8 0.8
      vertex 0.750885 4.7409 0.8
      vertex 0 5.04721 0.760845
    endloop
  endfacet
  facet normal 0.0123109 0.156423 0.987613
    outer loop
      vertex 0.750885 4.7409 0.8
      vertex 0.789558 4.98507 0.760845
      vertex 0 5.04721 0.760845
    endloop
  endfacet
  facet normal -0.0123126 -0.156426 0.987613
    outer loop
      vertex 0 4.55279 0.760845
      vertex 0.712213 4.49673 0.760845
      vertex 0 4.8 0.8
    endloop
  endfacet
  facet normal -0.0123116 -0.156423 0.987613
    outer loop
      vertex 0.712213 4.49673 0.760845
      vertex 0.750885 4.7409 0.8
      vertex 0 4.8 0.8
    endloop
  endfacet
  facet normal -0.0357084 -0.45369 0.890444
    outer loop
      vertex 0 4.32977 0.647214
      vertex 0.677326 4.27646 0.647214
      vertex 0 4.55279 0.760845
    endloop
  endfacet
  facet normal -0.0357116 -0.453697 0.89044
    outer loop
      vertex 0.677326 4.27646 0.647214
      vertex 0.712213 4.49673 0.760845
      vertex 0 4.55279 0.760845
    endloop
  endfacet
  facet normal -0.055568 -0.706026 0.706002
    outer loop
      vertex 0 4.15279 0.470228
      vertex 0.649639 4.10166 0.470228
      vertex 0 4.32977 0.647214
    endloop
  endfacet
  facet normal -0.055569 -0.706028 0.706001
    outer loop
      vertex 0.649639 4.10166 0.470228
      vertex 0.677326 4.27646 0.647214
      vertex 0 4.32977 0.647214
    endloop
  endfacet
  facet normal -0.0699539 -0.888826 0.452874
    outer loop
      vertex 0 4.03916 0.247214
      vertex 0.631863 3.98943 0.247214
      vertex 0 4.15279 0.470228
    endloop
  endfacet
  facet normal -0.0699554 -0.888827 0.452871
    outer loop
      vertex 0.631863 3.98943 0.247214
      vertex 0.649639 4.10166 0.470228
      vertex 0 4.15279 0.470228
    endloop
  endfacet
  facet normal -0.077504 -0.984714 0.155984
    outer loop
      vertex 0 4 0
      vertex 0.625738 3.95075 0
      vertex 0 4.03916 0.247214
    endloop
  endfacet
  facet normal -0.0775006 -0.984713 0.155992
    outer loop
      vertex 0.625738 3.95075 0
      vertex 0.631863 3.98943 0.247214
      vertex 0 4.03916 0.247214
    endloop
  endfacet
  facet normal -0.0775007 -0.984714 -0.155984
    outer loop
      vertex 0 4.03916 -0.247214
      vertex 0.631863 3.98943 -0.247214
      vertex 0 4 0
    endloop
  endfacet
  facet normal -0.0775039 -0.984713 -0.155992
    outer loop
      vertex 0.631863 3.98943 -0.247214
      vertex 0.625738 3.95075 0
      vertex 0 4 0
    endloop
  endfacet
  facet normal -0.0699553 -0.888826 -0.452874
    outer loop
      vertex 0 4.15279 -0.470228
      vertex 0.649639 4.10166 -0.470228
      vertex 0 4.03916 -0.247214
    endloop
  endfacet
  facet normal -0.0699541 -0.888827 -0.452871
    outer loop
      vertex 0.649639 4.10166 -0.470228
      vertex 0.631863 3.98943 -0.247214
      vertex 0 4.03916 -0.247214
    endloop
  endfacet
  facet normal -0.0555689 -0.706026 -0.706002
    outer loop
      vertex 0 4.32977 -0.647214
      vertex 0.677326 4.27646 -0.647214
      vertex 0 4.15279 -0.470228
    endloop
  endfacet
  facet normal -0.0555681 -0.706028 -0.706
    outer loop
      vertex 0.677326 4.27646 -0.647214
      vertex 0.649639 4.10166 -0.470228
      vertex 0 4.15279 -0.470228
    endloop
  endfacet
  facet normal -0.0357111 -0.45369 -0.890444
    outer loop
      vertex 0 4.55279 -0.760845
      vertex 0.712213 4.49673 -0.760845
      vertex 0 4.32977 -0.647214
    endloop
  endfacet
  facet normal -0.0357089 -0.453697 -0.89044
    outer loop
      vertex 0.712213 4.49673 -0.760845
      vertex 0.677326 4.27646 -0.647214
      vertex 0 4.32977 -0.647214
    endloop
  endfacet
  facet normal -0.0123118 -0.156426 -0.987613
    outer loop
      vertex 0 4.8 -0.8
      vertex 0.750885 4.7409 -0.8
      vertex 0 4.55279 -0.760845
    endloop
  endfacet
  facet normal -0.0123124 -0.156423 -0.987613
    outer loop
      vertex 0.750885 4.7409 -0.8
      vertex 0.712213 4.49673 -0.760845
      vertex 0 4.55279 -0.760845
    endloop
  endfacet
  facet normal 0.0123111 0.156426 -0.987613
    outer loop
      vertex 0 5.04721 -0.760845
      vertex 0.789558 4.98507 -0.760845
      vertex 0 4.8 -0.8
    endloop
  endfacet
  facet normal 0.0123116 0.156423 -0.987613
    outer loop
      vertex 0.789558 4.98507 -0.760845
      vertex 0.750885 4.7409 -0.8
      vertex 0 4.8 -0.8
    endloop
  endfacet
  facet normal 0.0357088 0.45369 -0.890444
    outer loop
      vertex 0 5.27023 -0.647214
      vertex 0.824445 5.20534 -0.647214
      vertex 0 5.04721 -0.760845
    endloop
  endfacet
  facet normal 0.035707 0.453697 -0.89044
    outer loop
      vertex 0.824445 5.20534 -0.647214
      vertex 0.789558 4.98507 -0.760845
      vertex 0 5.04721 -0.760845
    endloop
  endfacet
  facet normal 0.055562 0.706026 -0.706003
    outer loop
      vertex 0 5.44721 -0.470228
      vertex 0.852132 5.38015 -0.470228
      vertex 0 5.27023 -0.647214
    endloop
  endfacet
  facet normal 0.0555681 0.706008 -0.706021
    outer loop
      vertex 0.852132 5.38015 -0.470228
      vertex 0.824445 5.20534 -0.647214
      vertex 0 5.27023 -0.647214
    endloop
  endfacet
  facet normal 0.0699577 0.88881 -0.452906
    outer loop
      vertex 0 5.56085 -0.247214
      vertex 0.869908 5.49238 -0.247214
      vertex 0 5.44721 -0.470228
    endloop
  endfacet
  facet normal 0.0699479 0.888828 -0.452871
    outer loop
      vertex 0.869908 5.49238 -0.247214
      vertex 0.852132 5.38015 -0.470228
      vertex 0 5.44721 -0.470228
    endloop
  endfacet
  facet normal 0.0775045 0.98472 -0.155945
    outer loop
      vertex 0 5.6 0
      vertex 0.876033 5.53105 0
      vertex 0 5.56085 -0.247214
    endloop
  endfacet
  facet normal 0.0775067 0.984719 -0.155953
    outer loop
      vertex 0.876033 5.53105 0
      vertex 0.869908 5.49238 -0.247214
      vertex 0 5.56085 -0.247214
    endloop
  endfacet
  facet normal 0.230584 0.960474 0.155953
    outer loop
      vertex 0.869908 5.49238 0.247214
      vertex 1.7184 5.28868 0.247214
      vertex 0.876033 5.53105 0
    endloop
  endfacet
  facet normal 0.230578 0.960472 0.15597
    outer loop
      vertex 1.7184 5.28868 0.247214
      vertex 1.7305 5.32592 0
      vertex 0.876033 5.53105 0
    endloop
  endfacet
  facet normal 0.208133 0.866942 0.452871
    outer loop
      vertex 0.852132 5.38015 0.470228
      vertex 1.68328 5.18061 0.470228
      vertex 0.869908 5.49238 0.247214
    endloop
  endfacet
  facet normal 0.208128 0.866937 0.452883
    outer loop
      vertex 1.68328 5.18061 0.470228
      vertex 1.7184 5.28868 0.247214
      vertex 0.869908 5.49238 0.247214
    endloop
  endfacet
  facet normal 0.165326 0.688624 0.70602
    outer loop
      vertex 0.824445 5.20534 0.647214
      vertex 1.62859 5.01228 0.647214
      vertex 0.852132 5.38015 0.470228
    endloop
  endfacet
  facet normal 0.165322 0.688619 0.706026
    outer loop
      vertex 1.62859 5.01228 0.647214
      vertex 1.68328 5.18061 0.470228
      vertex 0.852132 5.38015 0.470228
    endloop
  endfacet
  facet normal 0.106237 0.442527 0.89044
    outer loop
      vertex 0.789558 4.98507 0.760845
      vertex 1.55967 4.80019 0.760845
      vertex 0.824445 5.20534 0.647214
    endloop
  endfacet
  facet normal 0.106245 0.44254 0.890433
    outer loop
      vertex 1.55967 4.80019 0.760845
      vertex 1.62859 5.01228 0.647214
      vertex 0.824445 5.20534 0.647214
    endloop
  endfacet
  facet normal 0.0366287 0.152572 0.987613
    outer loop
      vertex 0.750885 4.7409 0.8
      vertex 1.48328 4.56507 0.8
      vertex 0.789558 4.98507 0.760845
    endloop
  endfacet
  facet normal 0.0366271 0.152569 0.987614
    outer loop
      vertex 1.48328 4.56507 0.8
      vertex 1.55967 4.80019 0.760845
      vertex 0.789558 4.98507 0.760845
    endloop
  endfacet
  facet normal -0.0366277 -0.152572 0.987613
    outer loop
      vertex 0.712213 4.49673 0.760845
      vertex 1.40689 4.32996 0.760845
      vertex 0.750885 4.7409 0.8
    endloop
  endfacet
  facet normal -0.0366294 -0.152575 0.987613
    outer loop
      vertex 1.40689 4.32996 0.760845
      vertex 1.48328 4.56507 0.8
      vertex 0.750885 4.7409 0.8
    endloop
  endfacet
  facet normal -0.106237 -0.442527 0.89044
    outer loop
      vertex 0.677326 4.27646 0.647214
      vertex 1.33797 4.11786 0.647214
      vertex 0.712213 4.49673 0.760845
    endloop
  endfacet
  facet normal -0.106237 -0.442526 0.890441
    outer loop
      vertex 1.33797 4.11786 0.647214
      vertex 1.40689 4.32996 0.760845
      vertex 0.712213 4.49673 0.760845
    endloop
  endfacet
  facet normal -0.165335 -0.688642 0.706001
    outer loop
      vertex 0.649639 4.10166 0.470228
      vertex 1.28328 3.94953 0.470228
      vertex 0.677326 4.27646 0.647214
    endloop
  endfacet
  facet normal -0.165316 -0.688621 0.706026
    outer loop
      vertex 1.28328 3.94953 0.470228
      vertex 1.33797 4.11786 0.647214
      vertex 0.677326 4.27646 0.647214
    endloop
  endfacet
  facet normal -0.208145 -0.866939 0.452871
    outer loop
      vertex 0.631863 3.98943 0.247214
      vertex 1.24817 3.84146 0.247214
      vertex 0.649639 4.10166 0.470228
    endloop
  endfacet
  facet normal -0.208142 -0.866937 0.452876
    outer loop
      vertex 1.24817 3.84146 0.247214
      vertex 1.28328 3.94953 0.470228
      vertex 0.649639 4.10166 0.470228
    endloop
  endfacet
  facet normal -0.230576 -0.960469 0.155991
    outer loop
      vertex 0.625738 3.95075 0
      vertex 1.23607 3.80423 0
      vertex 0.631863 3.98943 0.247214
    endloop
  endfacet
  facet normal -0.230601 -0.960473 0.155932
    outer loop
      vertex 1.23607 3.80423 0
      vertex 1.24817 3.84146 0.247214
      vertex 0.631863 3.98943 0.247214
    endloop
  endfacet
  facet normal -0.230599 -0.960464 -0.155991
    outer loop
      vertex 0.631863 3.98943 -0.247214
      vertex 1.24817 3.84146 -0.247214
      vertex 0.625738 3.95075 0
    endloop
  endfacet
  facet normal -0.230578 -0.960478 -0.155932
    outer loop
      vertex 1.24817 3.84146 -0.247214
      vertex 1.23607 3.80423 0
      vertex 0.625738 3.95075 0
    endloop
  endfacet
  facet normal -0.208142 -0.86694 -0.452871
    outer loop
      vertex 0.649639 4.10166 -0.470228
      vertex 1.28328 3.94953 -0.470228
      vertex 0.631863 3.98943 -0.247214
    endloop
  endfacet
  facet normal -0.208144 -0.866937 -0.452876
    outer loop
      vertex 1.28328 3.94953 -0.470228
      vertex 1.24817 3.84146 -0.247214
      vertex 0.631863 3.98943 -0.247214
    endloop
  endfacet
  facet normal -0.165322 -0.688644 -0.706001
    outer loop
      vertex 0.677326 4.27646 -0.647214
      vertex 1.33797 4.11786 -0.647214
      vertex 0.649639 4.10166 -0.470228
    endloop
  endfacet
  facet normal -0.165329 -0.688617 -0.706026
    outer loop
      vertex 1.33797 4.11786 -0.647214
      vertex 1.28328 3.94953 -0.470228
      vertex 0.649639 4.10166 -0.470228
    endloop
  endfacet
  facet normal -0.106237 -0.442527 -0.89044
    outer loop
      vertex 0.712213 4.49673 -0.760845
      vertex 1.40689 4.32996 -0.760845
      vertex 0.677326 4.27646 -0.647214
    endloop
  endfacet
  facet normal -0.106237 -0.442526 -0.890441
    outer loop
      vertex 1.40689 4.32996 -0.760845
      vertex 1.33797 4.11786 -0.647214
      vertex 0.677326 4.27646 -0.647214
    endloop
  endfacet
  facet normal -0.0366288 -0.152572 -0.987613
    outer loop
      vertex 0.750885 4.7409 -0.8
      vertex 1.48328 4.56507 -0.8
      vertex 0.712213 4.49673 -0.760845
    endloop
  endfacet
  facet normal -0.0366285 -0.152575 -0.987613
    outer loop
      vertex 1.48328 4.56507 -0.8
      vertex 1.40689 4.32996 -0.760845
      vertex 0.712213 4.49673 -0.760845
    endloop
  endfacet
  facet normal 0.0366278 0.152572 -0.987613
    outer loop
      vertex 0.789558 4.98507 -0.760845
      vertex 1.55967 4.80019 -0.760845
      vertex 0.750885 4.7409 -0.8
    endloop
  endfacet
  facet normal 0.036628 0.152569 -0.987614
    outer loop
      vertex 1.55967 4.80019 -0.760845
      vertex 1.48328 4.56507 -0.8
      vertex 0.750885 4.7409 -0.8
    endloop
  endfacet
  facet normal 0.106242 0.442526 -0.89044
    outer loop
      vertex 0.824445 5.20534 -0.647214
      vertex 1.62859 5.01228 -0.647214
      vertex 0.789558 4.98507 -0.760845
    endloop
  endfacet
  facet normal 0.10624 0.442542 -0.890432
    outer loop
      vertex 1.62859 5.01228 -0.647214
      vertex 1.55967 4.80019 -0.760845
      vertex 0.789558 4.98507 -0.760845
    endloop
  endfacet
  facet normal 0.165323 0.688624 -0.70602
    outer loop
      vertex 0.852132 5.38015 -0.470228
      vertex 1.68328 5.18061 -0.470228
      vertex 0.824445 5.20534 -0.647214
    endloop
  endfacet
  facet normal 0.165324 0.688618 -0.706026
    outer loop
      vertex 1.68328 5.18061 -0.470228
      vertex 1.62859 5.01228 -0.647214
      vertex 0.824445 5.20534 -0.647214
    endloop
  endfacet
  facet normal 0.208129 0.866943 -0.452871
    outer loop
      vertex 0.869908 5.49238 -0.247214
      vertex 1.7184 5.28868 -0.247214
      vertex 0.852132 5.38015 -0.470228
    endloop
  endfacet
  facet normal 0.208132 0.866936 -0.452883
    outer loop
      vertex 1.7184 5.28868 -0.247214
      vertex 1.68328 5.18061 -0.470228
      vertex 0.852132 5.38015 -0.470228
    endloop
  endfacet
  facet normal 0.230579 0.960475 -0.155953
    outer loop
      vertex 0.876033 5.53105 0
      vertex 1.7305 5.32592 0
      vertex 0.869908 5.49238 -0.247214
    endloop
  endfacet
  facet normal 0.230583 0.960471 -0.15597
    outer loop
      vertex 1.7305 5.32592 0
      vertex 1.7184 5.28868 -0.247214
      vertex 0.869908 5.49238 -0.247214
    endloop
  endfacet
  facet normal 0.378003 0.912572 0.15597
    outer loop
      vertex 1.7184 5.28868 0.247214
      vertex 2.52457 4.95475 0.247214
      vertex 1.7305 5.32592 0
    endloop
  endfacet
  facet normal 0.378 0.912571 0.15598
    outer loop
      vertex 2.52457 4.95475 0.247214
      vertex 2.54235 4.98964 0
      vertex 1.7305 5.32592 0
    endloop
  endfacet
  facet normal 0.341193 0.8237 0.452886
    outer loop
      vertex 1.68328 5.18061 0.470228
      vertex 2.47298 4.8535 0.470228
      vertex 1.7184 5.28868 0.247214
    endloop
  endfacet
  facet normal 0.34119 0.823698 0.452893
    outer loop
      vertex 2.47298 4.8535 0.470228
      vertex 2.52457 4.95475 0.247214
      vertex 1.7184 5.28868 0.247214
    endloop
  endfacet
  facet normal 0.271007 0.654281 0.706025
    outer loop
      vertex 1.62859 5.01228 0.647214
      vertex 2.39263 4.69581 0.647214
      vertex 1.68328 5.18061 0.470228
    endloop
  endfacet
  facet normal 0.271023 0.654297 0.706004
    outer loop
      vertex 2.39263 4.69581 0.647214
      vertex 2.47298 4.8535 0.470228
      vertex 1.68328 5.18061 0.470228
    endloop
  endfacet
  facet normal 0.174165 0.42047 0.890434
    outer loop
      vertex 1.55967 4.80019 0.760845
      vertex 2.29139 4.4971 0.760845
      vertex 1.62859 5.01228 0.647214
    endloop
  endfacet
  facet normal 0.174157 0.420461 0.890439
    outer loop
      vertex 2.29139 4.4971 0.760845
      vertex 2.39263 4.69581 0.647214
      vertex 1.62859 5.01228 0.647214
    endloop
  endfacet
  facet normal 0.060045 0.144961 0.987614
    outer loop
      vertex 1.48328 4.56507 0.8
      vertex 2.17915 4.27683 0.8
      vertex 1.55967 4.80019 0.760845
    endloop
  endfacet
  facet normal 0.0600451 0.144961 0.987614
    outer loop
      vertex 2.17915 4.27683 0.8
      vertex 2.29139 4.4971 0.760845
      vertex 1.55967 4.80019 0.760845
    endloop
  endfacet
  facet normal -0.0600482 -0.144966 0.987613
    outer loop
      vertex 1.40689 4.32996 0.760845
      vertex 2.06692 4.05656 0.760845
      vertex 1.48328 4.56507 0.8
    endloop
  endfacet
  facet normal -0.060046 -0.144963 0.987613
    outer loop
      vertex 2.06692 4.05656 0.760845
      vertex 2.17915 4.27683 0.8
      vertex 1.48328 4.56507 0.8
    endloop
  endfacet
  facet normal -0.174161 -0.420455 0.890441
    outer loop
      vertex 1.33797 4.11786 0.647214
      vertex 1.96568 3.85785 0.647214
      vertex 1.40689 4.32996 0.760845
    endloop
  endfacet
  facet normal -0.174164 -0.420458 0.890439
    outer loop
      vertex 1.96568 3.85785 0.647214
      vertex 2.06692 4.05656 0.760845
      vertex 1.40689 4.32996 0.760845
    endloop
  endfacet
  facet normal -0.271005 -0.654282 0.706025
    outer loop
      vertex 1.28328 3.94953 0.470228
      vertex 1.88533 3.70016 0.470228
      vertex 1.33797 4.11786 0.647214
    endloop
  endfacet
  facet normal -0.271023 -0.654297 0.706004
    outer loop
      vertex 1.88533 3.70016 0.470228
      vertex 1.96568 3.85785 0.647214
      vertex 1.33797 4.11786 0.647214
    endloop
  endfacet
  facet normal -0.34119 -0.823708 0.452874
    outer loop
      vertex 1.24817 3.84146 0.247214
      vertex 1.83374 3.59891 0.247214
      vertex 1.28328 3.94953 0.470228
    endloop
  endfacet
  facet normal -0.341179 -0.823702 0.452892
    outer loop
      vertex 1.83374 3.59891 0.247214
      vertex 1.88533 3.70016 0.470228
      vertex 1.28328 3.94953 0.470228
    endloop
  endfacet
  facet normal -0.378005 -0.912577 0.155934
    outer loop
      vertex 1.23607 3.80423 0
      vertex 1.81596 3.56403 0
      vertex 1.24817 3.84146 0.247214
    endloop
  endfacet
  facet normal -0.378 -0.912577 0.155944
    outer loop
      vertex 1.81596 3.56403 0
      vertex 1.83374 3.59891 0.247214
      vertex 1.24817 3.84146 0.247214
    endloop
  endfacet
  facet normal -0.378001 -0.912579 -0.155934
    outer loop
      vertex 1.24817 3.84146 -0.247214
      vertex 1.83374 3.59891 -0.247214
      vertex 1.23607 3.80423 0
    endloop
  endfacet
  facet normal -0.378004 -0.912576 -0.155944
    outer loop
      vertex 1.83374 3.59891 -0.247214
      vertex 1.81596 3.56403 0
      vertex 1.23607 3.80423 0
    endloop
  endfacet
  facet normal -0.341182 -0.823711 -0.452874
    outer loop
      vertex 1.28328 3.94953 -0.470228
      vertex 1.88533 3.70016 -0.470228
      vertex 1.24817 3.84146 -0.247214
    endloop
  endfacet
  facet normal -0.341186 -0.823699 -0.452892
    outer loop
      vertex 1.88533 3.70016 -0.470228
      vertex 1.83374 3.59891 -0.247214
      vertex 1.24817 3.84146 -0.247214
    endloop
  endfacet
  facet normal -0.271015 -0.654278 -0.706025
    outer loop
      vertex 1.33797 4.11786 -0.647214
      vertex 1.96568 3.85785 -0.647214
      vertex 1.28328 3.94953 -0.470228
    endloop
  endfacet
  facet normal -0.271013 -0.654302 -0.706004
    outer loop
      vertex 1.96568 3.85785 -0.647214
      vertex 1.88533 3.70016 -0.470228
      vertex 1.28328 3.94953 -0.470228
    endloop
  endfacet
  facet normal -0.174162 -0.420455 -0.890441
    outer loop
      vertex 1.40689 4.32996 -0.760845
      vertex 2.06692 4.05656 -0.760845
      vertex 1.33797 4.11786 -0.647214
    endloop
  endfacet
  facet normal -0.174162 -0.420459 -0.890439
    outer loop
      vertex 2.06692 4.05656 -0.760845
      vertex 1.96568 3.85785 -0.647214
      vertex 1.33797 4.11786 -0.647214
    endloop
  endfacet
  facet normal -0.0600472 -0.144966 -0.987613
    outer loop
      vertex 1.48328 4.56507 -0.8
      vertex 2.17915 4.27683 -0.8
      vertex 1.40689 4.32996 -0.760845
    endloop
  endfacet
  facet normal -0.060047 -0.144963 -0.987613
    outer loop
      vertex 2.17915 4.27683 -0.8
      vertex 2.06692 4.05656 -0.760845
      vertex 1.40689 4.32996 -0.760845
    endloop
  endfacet
  facet normal 0.060045 0.144961 -0.987614
    outer loop
      vertex 1.55967 4.80019 -0.760845
      vertex 2.29139 4.4971 -0.760845
      vertex 1.48328 4.56507 -0.8
    endloop
  endfacet
  facet normal 0.0600451 0.144961 -0.987614
    outer loop
      vertex 2.29139 4.4971 -0.760845
      vertex 2.17915 4.27683 -0.8
      vertex 1.48328 4.56507 -0.8
    endloop
  endfacet
  facet normal 0.174162 0.420471 -0.890434
    outer loop
      vertex 1.62859 5.01228 -0.647214
      vertex 2.39263 4.69581 -0.647214
      vertex 1.55967 4.80019 -0.760845
    endloop
  endfacet
  facet normal 0.174161 0.420459 -0.890439
    outer loop
      vertex 2.39263 4.69581 -0.647214
      vertex 2.29139 4.4971 -0.760845
      vertex 1.55967 4.80019 -0.760845
    endloop
  endfacet
  facet normal 0.271015 0.654278 -0.706025
    outer loop
      vertex 1.68328 5.18061 -0.470228
      vertex 2.47298 4.8535 -0.470228
      vertex 1.62859 5.01228 -0.647214
    endloop
  endfacet
  facet normal 0.271015 0.654301 -0.706004
    outer loop
      vertex 2.47298 4.8535 -0.470228
      vertex 2.39263 4.69581 -0.647214
      vertex 1.62859 5.01228 -0.647214
    endloop
  endfacet
  facet normal 0.341191 0.8237 -0.452886
    outer loop
      vertex 1.7184 5.28868 -0.247214
      vertex 2.52457 4.95475 -0.247214
      vertex 1.68328 5.18061 -0.470228
    endloop
  endfacet
  facet normal 0.341192 0.823697 -0.452893
    outer loop
      vertex 2.52457 4.95475 -0.247214
      vertex 2.47298 4.8535 -0.470228
      vertex 1.68328 5.18061 -0.470228
    endloop
  endfacet
  facet normal 0.378001 0.912573 -0.15597
    outer loop
      vertex 1.7305 5.32592 0
      vertex 2.54235 4.98964 0
      vertex 1.7184 5.28868 -0.247214
    endloop
  endfacet
  facet normal 0.378003 0.91257 -0.15598
    outer loop
      vertex 2.54235 4.98964 0
      vertex 2.52457 4.95475 -0.247214
      vertex 1.7184 5.28868 -0.247214
    endloop
  endfacet
  facet normal 0.516103 0.842204 0.155981
    outer loop
      vertex 2.52457 4.95475 0.247214
      vertex 3.26858 4.49882 0.247214
      vertex 2.54235 4.98964 0
    endloop
  endfacet
  facet normal 0.516102 0.842204 0.155985
    outer loop
      vertex 3.26858 4.49882 0.247214
      vertex 3.2916 4.5305 0
      vertex 2.54235 4.98964 0
    endloop
  endfacet
  facet normal 0.465837 0.760187 0.452893
    outer loop
      vertex 2.47298 4.8535 0.470228
      vertex 3.20179 4.40689 0.470228
      vertex 2.52457 4.95475 0.247214
    endloop
  endfacet
  facet normal 0.465845 0.76019 0.452878
    outer loop
      vertex 3.20179 4.40689 0.470228
      vertex 3.26858 4.49882 0.247214
      vertex 2.52457 4.95475 0.247214
    endloop
  endfacet
  facet normal 0.370041 0.603844 0.706005
    outer loop
      vertex 2.39263 4.69581 0.647214
      vertex 3.09776 4.2637 0.647214
      vertex 2.47298 4.8535 0.470228
    endloop
  endfacet
  facet normal 0.370024 0.603832 0.706024
    outer loop
      vertex 3.09776 4.2637 0.647214
      vertex 3.20179 4.40689 0.470228
      vertex 2.47298 4.8535 0.470228
    endloop
  endfacet
  facet normal 0.237792 0.38804 0.890438
    outer loop
      vertex 2.29139 4.4971 0.760845
      vertex 2.96668 4.08328 0.760845
      vertex 2.39263 4.69581 0.647214
    endloop
  endfacet
  facet normal 0.237796 0.388043 0.890436
    outer loop
      vertex 2.96668 4.08328 0.760845
      vertex 3.09776 4.2637 0.647214
      vertex 2.39263 4.69581 0.647214
    endloop
  endfacet
  facet normal 0.0819817 0.133783 0.987614
    outer loop
      vertex 2.17915 4.27683 0.8
      vertex 2.82137 3.88328 0.8
      vertex 2.29139 4.4971 0.760845
    endloop
  endfacet
  facet normal 0.0819837 0.133785 0.987613
    outer loop
      vertex 2.82137 3.88328 0.8
      vertex 2.96668 4.08328 0.760845
      vertex 2.29139 4.4971 0.760845
    endloop
  endfacet
  facet normal -0.0819837 -0.133786 0.987613
    outer loop
      vertex 2.06692 4.05656 0.760845
      vertex 2.67606 3.68328 0.760845
      vertex 2.17915 4.27683 0.8
    endloop
  endfacet
  facet normal -0.0819831 -0.133785 0.987613
    outer loop
      vertex 2.67606 3.68328 0.760845
      vertex 2.82137 3.88328 0.8
      vertex 2.17915 4.27683 0.8
    endloop
  endfacet
  facet normal -0.237788 -0.388041 0.890438
    outer loop
      vertex 1.96568 3.85785 0.647214
      vertex 2.54498 3.50286 0.647214
      vertex 2.06692 4.05656 0.760845
    endloop
  endfacet
  facet normal -0.237793 -0.388045 0.890435
    outer loop
      vertex 2.54498 3.50286 0.647214
      vertex 2.67606 3.68328 0.760845
      vertex 2.06692 4.05656 0.760845
    endloop
  endfacet
  facet normal -0.370042 -0.603843 0.706004
    outer loop
      vertex 1.88533 3.70016 0.470228
      vertex 2.44095 3.35967 0.470228
      vertex 1.96568 3.85785 0.647214
    endloop
  endfacet
  facet normal -0.370023 -0.603832 0.706024
    outer loop
      vertex 2.44095 3.35967 0.470228
      vertex 2.54498 3.50286 0.647214
      vertex 1.96568 3.85785 0.647214
    endloop
  endfacet
  facet normal -0.465842 -0.760184 0.452893
    outer loop
      vertex 1.83374 3.59891 0.247214
      vertex 2.37416 3.26774 0.247214
      vertex 1.88533 3.70016 0.470228
    endloop
  endfacet
  facet normal -0.465851 -0.760187 0.452878
    outer loop
      vertex 2.37416 3.26774 0.247214
      vertex 2.44095 3.35967 0.470228
      vertex 1.88533 3.70016 0.470228
    endloop
  endfacet
  facet normal -0.516107 -0.842207 0.155948
    outer loop
      vertex 1.81596 3.56403 0
      vertex 2.35114 3.23607 0
      vertex 1.83374 3.59891 0.247214
    endloop
  endfacet
  facet normal -0.516106 -0.842208 0.155952
    outer loop
      vertex 2.35114 3.23607 0
      vertex 2.37416 3.26774 0.247214
      vertex 1.83374 3.59891 0.247214
    endloop
  endfacet
  facet normal -0.516106 -0.842208 -0.155948
    outer loop
      vertex 1.83374 3.59891 -0.247214
      vertex 2.37416 3.26774 -0.247214
      vertex 1.81596 3.56403 0
    endloop
  endfacet
  facet normal -0.516107 -0.842207 -0.155952
    outer loop
      vertex 2.37416 3.26774 -0.247214
      vertex 2.35114 3.23607 0
      vertex 1.81596 3.56403 0
    endloop
  endfacet
  facet normal -0.465847 -0.760181 -0.452892
    outer loop
      vertex 1.88533 3.70016 -0.470228
      vertex 2.44095 3.35967 -0.470228
      vertex 1.83374 3.59891 -0.247214
    endloop
  endfacet
  facet normal -0.465846 -0.76019 -0.452878
    outer loop
      vertex 2.44095 3.35967 -0.470228
      vertex 2.37416 3.26774 -0.247214
      vertex 1.83374 3.59891 -0.247214
    endloop
  endfacet
  facet normal -0.370033 -0.603848 -0.706005
    outer loop
      vertex 1.96568 3.85785 -0.647214
      vertex 2.54498 3.50286 -0.647214
      vertex 1.88533 3.70016 -0.470228
    endloop
  endfacet
  facet normal -0.370032 -0.603827 -0.706024
    outer loop
      vertex 2.54498 3.50286 -0.647214
      vertex 2.44095 3.35967 -0.470228
      vertex 1.88533 3.70016 -0.470228
    endloop
  endfacet
  facet normal -0.23779 -0.38804 -0.890438
    outer loop
      vertex 2.06692 4.05656 -0.760845
      vertex 2.67606 3.68328 -0.760845
      vertex 1.96568 3.85785 -0.647214
    endloop
  endfacet
  facet normal -0.237792 -0.388046 -0.890435
    outer loop
      vertex 2.67606 3.68328 -0.760845
      vertex 2.54498 3.50286 -0.647214
      vertex 1.96568 3.85785 -0.647214
    endloop
  endfacet
  facet normal -0.0819834 -0.133786 -0.987613
    outer loop
      vertex 2.17915 4.27683 -0.8
      vertex 2.82137 3.88328 -0.8
      vertex 2.06692 4.05656 -0.760845
    endloop
  endfacet
  facet normal -0.0819833 -0.133785 -0.987613
    outer loop
      vertex 2.82137 3.88328 -0.8
      vertex 2.67606 3.68328 -0.760845
      vertex 2.06692 4.05656 -0.760845
    endloop
  endfacet
  facet normal 0.0819825 0.133783 -0.987614
    outer loop
      vertex 2.29139 4.4971 -0.760845
      vertex 2.96668 4.08328 -0.760845
      vertex 2.17915 4.27683 -0.8
    endloop
  endfacet
  facet normal 0.0819831 0.133785 -0.987613
    outer loop
      vertex 2.96668 4.08328 -0.760845
      vertex 2.82137 3.88328 -0.8
      vertex 2.17915 4.27683 -0.8
    endloop
  endfacet
  facet normal 0.237794 0.388039 -0.890438
    outer loop
      vertex 2.39263 4.69581 -0.647214
      vertex 3.09776 4.2637 -0.647214
      vertex 2.29139 4.4971 -0.760845
    endloop
  endfacet
  facet normal 0.237795 0.388044 -0.890435
    outer loop
      vertex 3.09776 4.2637 -0.647214
      vertex 2.96668 4.08328 -0.760845
      vertex 2.29139 4.4971 -0.760845
    endloop
  endfacet
  facet normal 0.370034 0.603848 -0.706005
    outer loop
      vertex 2.47298 4.8535 -0.470228
      vertex 3.20179 4.40689 -0.470228
      vertex 2.39263 4.69581 -0.647214
    endloop
  endfacet
  facet normal 0.370031 0.603827 -0.706024
    outer loop
      vertex 3.20179 4.40689 -0.470228
      vertex 3.09776 4.2637 -0.647214
      vertex 2.39263 4.69581 -0.647214
    endloop
  endfacet
  facet normal 0.465842 0.760184 -0.452893
    outer loop
      vertex 2.52457 4.95475 -0.247214
      vertex 3.26858 4.49882 -0.247214
      vertex 2.47298 4.8535 -0.470228
    endloop
  endfacet
  facet normal 0.465841 0.760193 -0.452878
    outer loop
      vertex 3.26858 4.49882 -0.247214
      vertex 3.20179 4.40689 -0.470228
      vertex 2.47298 4.8535 -0.470228
    endloop
  endfacet
  facet normal 0.516102 0.842204 -0.155981
    outer loop
      vertex 2.54235 4.98964 0
      vertex 3.2916 4.5305 0
      vertex 2.52457 4.95475 -0.247214
    endloop
  endfacet
  facet normal 0.516103 0.842203 -0.155985
    outer loop
      vertex 3.2916 4.5305 0
      vertex 3.26858 4.49882 -0.247214
      vertex 2.52457 4.95475 -0.247214
    endloop
  endfacet
  facet normal 0.641499 0.751097 0.155987
    outer loop
      vertex 3.26858 4.49882 0.247214
      vertex 3.93211 3.93211 0.247214
      vertex 3.2916 4.5305 0
    endloop
  endfacet
  facet normal 0.641501 0.751097 0.155982
    outer loop
      vertex 3.93211 3.93211 0.247214
      vertex 3.9598 3.9598 0
      vertex 3.2916 4.5305 0
    endloop
  endfacet
  facet normal 0.579032 0.677956 0.452877
    outer loop
      vertex 3.20179 4.40689 0.470228
      vertex 3.85176 3.85176 0.470228
      vertex 3.26858 4.49882 0.247214
    endloop
  endfacet
  facet normal 0.57903 0.677955 0.452881
    outer loop
      vertex 3.85176 3.85176 0.470228
      vertex 3.93211 3.93211 0.247214
      vertex 3.26858 4.49882 0.247214
    endloop
  endfacet
  facet normal 0.459933 0.538511 0.706023
    outer loop
      vertex 3.09776 4.2637 0.647214
      vertex 3.72661 3.72661 0.647214
      vertex 3.20179 4.40689 0.470228
    endloop
  endfacet
  facet normal 0.459935 0.538512 0.70602
    outer loop
      vertex 3.72661 3.72661 0.647214
      vertex 3.85176 3.85176 0.470228
      vertex 3.20179 4.40689 0.470228
    endloop
  endfacet
  facet normal 0.29557 0.346069 0.890435
    outer loop
      vertex 2.96668 4.08328 0.760845
      vertex 3.56892 3.56892 0.760845
      vertex 3.09776 4.2637 0.647214
    endloop
  endfacet
  facet normal 0.295573 0.346071 0.890433
    outer loop
      vertex 3.56892 3.56892 0.760845
      vertex 3.72661 3.72661 0.647214
      vertex 3.09776 4.2637 0.647214
    endloop
  endfacet
  facet normal 0.101903 0.119312 0.987613
    outer loop
      vertex 2.82137 3.88328 0.8
      vertex 3.39411 3.39411 0.8
      vertex 2.96668 4.08328 0.760845
    endloop
  endfacet
  facet normal 0.101901 0.119311 0.987614
    outer loop
      vertex 3.39411 3.39411 0.8
      vertex 3.56892 3.56892 0.760845
      vertex 2.96668 4.08328 0.760845
    endloop
  endfacet
  facet normal -0.101901 -0.119314 0.987613
    outer loop
      vertex 2.67606 3.68328 0.760845
      vertex 3.21931 3.21931 0.760845
      vertex 2.82137 3.88328 0.8
    endloop
  endfacet
  facet normal -0.101907 -0.119317 0.987612
    outer loop
      vertex 3.21931 3.21931 0.760845
      vertex 3.39411 3.39411 0.8
      vertex 2.82137 3.88328 0.8
    endloop
  endfacet
  facet normal -0.295573 -0.346067 0.890435
    outer loop
      vertex 2.54498 3.50286 0.647214
      vertex 3.06161 3.06161 0.647214
      vertex 2.67606 3.68328 0.760845
    endloop
  endfacet
  facet normal -0.295555 -0.346057 0.890445
    outer loop
      vertex 3.06161 3.06161 0.647214
      vertex 3.21931 3.21931 0.760845
      vertex 2.67606 3.68328 0.760845
    endloop
  endfacet
  facet normal -0.459935 -0.538509 0.706023
    outer loop
      vertex 2.44095 3.35967 0.470228
      vertex 2.93646 2.93646 0.470228
      vertex 2.54498 3.50286 0.647214
    endloop
  endfacet
  facet normal -0.459937 -0.53851 0.70602
    outer loop
      vertex 2.93646 2.93646 0.470228
      vertex 3.06161 3.06161 0.647214
      vertex 2.54498 3.50286 0.647214
    endloop
  endfacet
  facet normal -0.579035 -0.677953 0.452877
    outer loop
      vertex 2.37416 3.26774 0.247214
      vertex 2.85611 2.85611 0.247214
      vertex 2.44095 3.35967 0.470228
    endloop
  endfacet
  facet normal -0.579033 -0.677953 0.452881
    outer loop
      vertex 2.85611 2.85611 0.247214
      vertex 2.93646 2.93646 0.470228
      vertex 2.44095 3.35967 0.470228
    endloop
  endfacet
  facet normal -0.641498 -0.751105 0.155957
    outer loop
      vertex 2.35114 3.23607 0
      vertex 2.82843 2.82843 0
      vertex 2.37416 3.26774 0.247214
    endloop
  endfacet
  facet normal -0.64151 -0.751101 0.155927
    outer loop
      vertex 2.82843 2.82843 0
      vertex 2.85611 2.85611 0.247214
      vertex 2.37416 3.26774 0.247214
    endloop
  endfacet
  facet normal -0.641507 -0.751097 -0.155957
    outer loop
      vertex 2.37416 3.26774 -0.247214
      vertex 2.85611 2.85611 -0.247214
      vertex 2.35114 3.23607 0
    endloop
  endfacet
  facet normal -0.641501 -0.751108 -0.155927
    outer loop
      vertex 2.85611 2.85611 -0.247214
      vertex 2.82843 2.82843 0
      vertex 2.35114 3.23607 0
    endloop
  endfacet
  facet normal -0.579034 -0.677954 -0.452877
    outer loop
      vertex 2.44095 3.35967 -0.470228
      vertex 2.93646 2.93646 -0.470228
      vertex 2.37416 3.26774 -0.247214
    endloop
  endfacet
  facet normal -0.579034 -0.677952 -0.452881
    outer loop
      vertex 2.93646 2.93646 -0.470228
      vertex 2.85611 2.85611 -0.247214
      vertex 2.37416 3.26774 -0.247214
    endloop
  endfacet
  facet normal -0.459936 -0.538508 -0.706023
    outer loop
      vertex 2.54498 3.50286 -0.647214
      vertex 3.06161 3.06161 -0.647214
      vertex 2.44095 3.35967 -0.470228
    endloop
  endfacet
  facet normal -0.459937 -0.538511 -0.70602
    outer loop
      vertex 3.06161 3.06161 -0.647214
      vertex 2.93646 2.93646 -0.470228
      vertex 2.44095 3.35967 -0.470228
    endloop
  endfacet
  facet normal -0.295567 -0.346071 -0.890435
    outer loop
      vertex 2.67606 3.68328 -0.760845
      vertex 3.21931 3.21931 -0.760845
      vertex 2.54498 3.50286 -0.647214
    endloop
  endfacet
  facet normal -0.29556 -0.346052 -0.890445
    outer loop
      vertex 3.21931 3.21931 -0.760845
      vertex 3.06161 3.06161 -0.647214
      vertex 2.54498 3.50286 -0.647214
    endloop
  endfacet
  facet normal -0.101903 -0.119312 -0.987613
    outer loop
      vertex 2.82137 3.88328 -0.8
      vertex 3.39411 3.39411 -0.8
      vertex 2.67606 3.68328 -0.760845
    endloop
  endfacet
  facet normal -0.101906 -0.119318 -0.987612
    outer loop
      vertex 3.39411 3.39411 -0.8
      vertex 3.21931 3.21931 -0.760845
      vertex 2.67606 3.68328 -0.760845
    endloop
  endfacet
  facet normal 0.101902 0.119313 -0.987613
    outer loop
      vertex 2.96668 4.08328 -0.760845
      vertex 3.56892 3.56892 -0.760845
      vertex 2.82137 3.88328 -0.8
    endloop
  endfacet
  facet normal 0.101901 0.11931 -0.987614
    outer loop
      vertex 3.56892 3.56892 -0.760845
      vertex 3.39411 3.39411 -0.8
      vertex 2.82137 3.88328 -0.8
    endloop
  endfacet
  facet normal 0.295571 0.346068 -0.890435
    outer loop
      vertex 3.09776 4.2637 -0.647214
      vertex 3.72661 3.72661 -0.647214
      vertex 2.96668 4.08328 -0.760845
    endloop
  endfacet
  facet normal 0.295572 0.346072 -0.890433
    outer loop
      vertex 3.72661 3.72661 -0.647214
      vertex 3.56892 3.56892 -0.760845
      vertex 2.96668 4.08328 -0.760845
    endloop
  endfacet
  facet normal 0.459934 0.53851 -0.706023
    outer loop
      vertex 3.20179 4.40689 -0.470228
      vertex 3.85176 3.85176 -0.470228
      vertex 3.09776 4.2637 -0.647214
    endloop
  endfacet
  facet normal 0.459934 0.538513 -0.70602
    outer loop
      vertex 3.85176 3.85176 -0.470228
      vertex 3.72661 3.72661 -0.647214
      vertex 3.09776 4.2637 -0.647214
    endloop
  endfacet
  facet normal 0.579031 0.677956 -0.452877
    outer loop
      vertex 3.26858 4.49882 -0.247214
      vertex 3.93211 3.93211 -0.247214
      vertex 3.20179 4.40689 -0.470228
    endloop
  endfacet
  facet normal 0.579031 0.677954 -0.452881
    outer loop
      vertex 3.93211 3.93211 -0.247214
      vertex 3.85176 3.85176 -0.470228
      vertex 3.20179 4.40689 -0.470228
    endloop
  endfacet
  facet normal 0.6415 0.751096 -0.155987
    outer loop
      vertex 3.2916 4.5305 0
      vertex 3.9598 3.9598 0
      vertex 3.26858 4.49882 -0.247214
    endloop
  endfacet
  facet normal 0.6415 0.751097 -0.155982
    outer loop
      vertex 3.9598 3.9598 0
      vertex 3.93211 3.93211 -0.247214
      vertex 3.26858 4.49882 -0.247214
    endloop
  endfacet
  facet normal 0.751097 0.6415 0.155982
    outer loop
      vertex 3.93211 3.93211 0.247214
      vertex 4.49882 3.26858 0.247214
      vertex 3.9598 3.9598 0
    endloop
  endfacet
  facet normal 0.751096 0.6415 0.155987
    outer loop
      vertex 4.49882 3.26858 0.247214
      vertex 4.5305 3.2916 0
      vertex 3.9598 3.9598 0
    endloop
  endfacet
  facet normal 0.677954 0.579031 0.452881
    outer loop
      vertex 3.85176 3.85176 0.470228
      vertex 4.40689 3.20179 0.470228
      vertex 3.93211 3.93211 0.247214
    endloop
  endfacet
  facet normal 0.677956 0.579031 0.452877
    outer loop
      vertex 4.40689 3.20179 0.470228
      vertex 4.49882 3.26858 0.247214
      vertex 3.93211 3.93211 0.247214
    endloop
  endfacet
  facet normal 0.538513 0.459934 0.70602
    outer loop
      vertex 3.72661 3.72661 0.647214
      vertex 4.2637 3.09776 0.647214
      vertex 3.85176 3.85176 0.470228
    endloop
  endfacet
  facet normal 0.53851 0.459934 0.706023
    outer loop
      vertex 4.2637 3.09776 0.647214
      vertex 4.40689 3.20179 0.470228
      vertex 3.85176 3.85176 0.470228
    endloop
  endfacet
  facet normal 0.346072 0.295572 0.890433
    outer loop
      vertex 3.56892 3.56892 0.760845
      vertex 4.08328 2.96668 0.760845
      vertex 3.72661 3.72661 0.647214
    endloop
  endfacet
  facet normal 0.346068 0.295571 0.890435
    outer loop
      vertex 4.08328 2.96668 0.760845
      vertex 4.2637 3.09776 0.647214
      vertex 3.72661 3.72661 0.647214
    endloop
  endfacet
  facet normal 0.11931 0.101901 0.987614
    outer loop
      vertex 3.39411 3.39411 0.8
      vertex 3.88328 2.82137 0.8
      vertex 3.56892 3.56892 0.760845
    endloop
  endfacet
  facet normal 0.119313 0.101902 0.987613
    outer loop
      vertex 3.88328 2.82137 0.8
      vertex 4.08328 2.96668 0.760845
      vertex 3.56892 3.56892 0.760845
    endloop
  endfacet
  facet normal -0.119318 -0.101906 0.987612
    outer loop
      vertex 3.21931 3.21931 0.760845
      vertex 3.68328 2.67606 0.760845
      vertex 3.39411 3.39411 0.8
    endloop
  endfacet
  facet normal -0.119312 -0.101903 0.987613
    outer loop
      vertex 3.68328 2.67606 0.760845
      vertex 3.88328 2.82137 0.8
      vertex 3.39411 3.39411 0.8
    endloop
  endfacet
  facet normal -0.346052 -0.29556 0.890445
    outer loop
      vertex 3.06161 3.06161 0.647214
      vertex 3.50286 2.54498 0.647214
      vertex 3.21931 3.21931 0.760845
    endloop
  endfacet
  facet normal -0.346071 -0.295567 0.890435
    outer loop
      vertex 3.50286 2.54498 0.647214
      vertex 3.68328 2.67606 0.760845
      vertex 3.21931 3.21931 0.760845
    endloop
  endfacet
  facet normal -0.538511 -0.459937 0.70602
    outer loop
      vertex 2.93646 2.93646 0.470228
      vertex 3.35967 2.44095 0.470228
      vertex 3.06161 3.06161 0.647214
    endloop
  endfacet
  facet normal -0.538508 -0.459936 0.706023
    outer loop
      vertex 3.35967 2.44095 0.470228
      vertex 3.50286 2.54498 0.647214
      vertex 3.06161 3.06161 0.647214
    endloop
  endfacet
  facet normal -0.677952 -0.579034 0.452881
    outer loop
      vertex 2.85611 2.85611 0.247214
      vertex 3.26774 2.37416 0.247214
      vertex 2.93646 2.93646 0.470228
    endloop
  endfacet
  facet normal -0.677954 -0.579034 0.452877
    outer loop
      vertex 3.26774 2.37416 0.247214
      vertex 3.35967 2.44095 0.470228
      vertex 2.93646 2.93646 0.470228
    endloop
  endfacet
  facet normal -0.751108 -0.641501 0.155927
    outer loop
      vertex 2.82843 2.82843 0
      vertex 3.23607 2.35114 0
      vertex 2.85611 2.85611 0.247214
    endloop
  endfacet
  facet normal -0.751097 -0.641507 0.155957
    outer loop
      vertex 3.23607 2.35114 0
      vertex 3.26774 2.37416 0.247214
      vertex 2.85611 2.85611 0.247214
    endloop
  endfacet
  facet normal -0.751101 -0.64151 -0.155927
    outer loop
      vertex 2.85611 2.85611 -0.247214
      vertex 3.26774 2.37416 -0.247214
      vertex 2.82843 2.82843 0
    endloop
  endfacet
  facet normal -0.751105 -0.641498 -0.155957
    outer loop
      vertex 3.26774 2.37416 -0.247214
      vertex 3.23607 2.35114 0
      vertex 2.82843 2.82843 0
    endloop
  endfacet
  facet normal -0.677953 -0.579033 -0.452881
    outer loop
      vertex 2.93646 2.93646 -0.470228
      vertex 3.35967 2.44095 -0.470228
      vertex 2.85611 2.85611 -0.247214
    endloop
  endfacet
  facet normal -0.677953 -0.579035 -0.452877
    outer loop
      vertex 3.35967 2.44095 -0.470228
      vertex 3.26774 2.37416 -0.247214
      vertex 2.85611 2.85611 -0.247214
    endloop
  endfacet
  facet normal -0.53851 -0.459937 -0.70602
    outer loop
      vertex 3.06161 3.06161 -0.647214
      vertex 3.50286 2.54498 -0.647214
      vertex 2.93646 2.93646 -0.470228
    endloop
  endfacet
  facet normal -0.538509 -0.459935 -0.706023
    outer loop
      vertex 3.50286 2.54498 -0.647214
      vertex 3.35967 2.44095 -0.470228
      vertex 2.93646 2.93646 -0.470228
    endloop
  endfacet
  facet normal -0.346057 -0.295555 -0.890445
    outer loop
      vertex 3.21931 3.21931 -0.760845
      vertex 3.68328 2.67606 -0.760845
      vertex 3.06161 3.06161 -0.647214
    endloop
  endfacet
  facet normal -0.346067 -0.295573 -0.890435
    outer loop
      vertex 3.68328 2.67606 -0.760845
      vertex 3.50286 2.54498 -0.647214
      vertex 3.06161 3.06161 -0.647214
    endloop
  endfacet
  facet normal -0.119317 -0.101907 -0.987612
    outer loop
      vertex 3.39411 3.39411 -0.8
      vertex 3.88328 2.82137 -0.8
      vertex 3.21931 3.21931 -0.760845
    endloop
  endfacet
  facet normal -0.119314 -0.101901 -0.987613
    outer loop
      vertex 3.88328 2.82137 -0.8
      vertex 3.68328 2.67606 -0.760845
      vertex 3.21931 3.21931 -0.760845
    endloop
  endfacet
  facet normal 0.119311 0.101901 -0.987614
    outer loop
      vertex 3.56892 3.56892 -0.760845
      vertex 4.08328 2.96668 -0.760845
      vertex 3.39411 3.39411 -0.8
    endloop
  endfacet
  facet normal 0.119312 0.101903 -0.987613
    outer loop
      vertex 4.08328 2.96668 -0.760845
      vertex 3.88328 2.82137 -0.8
      vertex 3.39411 3.39411 -0.8
    endloop
  endfacet
  facet normal 0.346071 0.295573 -0.890433
    outer loop
      vertex 3.72661 3.72661 -0.647214
      vertex 4.2637 3.09776 -0.647214
      vertex 3.56892 3.56892 -0.760845
    endloop
  endfacet
  facet normal 0.346069 0.29557 -0.890435
    outer loop
      vertex 4.2637 3.09776 -0.647214
      vertex 4.08328 2.96668 -0.760845
      vertex 3.56892 3.56892 -0.760845
    endloop
  endfacet
  facet normal 0.538512 0.459935 -0.70602
    outer loop
      vertex 3.85176 3.85176 -0.470228
      vertex 4.40689 3.20179 -0.470228
      vertex 3.72661 3.72661 -0.647214
    endloop
  endfacet
  facet normal 0.538511 0.459933 -0.706023
    outer loop
      vertex 4.40689 3.20179 -0.470228
      vertex 4.2637 3.09776 -0.647214
      vertex 3.72661 3.72661 -0.647214
    endloop
  endfacet
  facet normal 0.677955 0.57903 -0.452881
    outer loop
      vertex 3.93211 3.93211 -0.247214
      vertex 4.49882 3.26858 -0.247214
      vertex 3.85176 3.85176 -0.470228
    endloop
  endfacet
  facet normal 0.677956 0.579032 -0.452877
    outer loop
      vertex 4.49882 3.26858 -0.247214
      vertex 4.40689 3.20179 -0.470228
      vertex 3.85176 3.85176 -0.470228
    endloop
  endfacet
  facet normal 0.751097 0.641501 -0.155982
    outer loop
      vertex 3.9598 3.9598 0
      vertex 4.5305 3.2916 0
      vertex 3.93211 3.93211 -0.247214
    endloop
  endfacet
  facet normal 0.751097 0.641499 -0.155987
    outer loop
      vertex 4.5305 3.2916 0
      vertex 4.49882 3.26858 -0.247214
      vertex 3.93211 3.93211 -0.247214
    endloop
  endfacet
  facet normal 0.842203 0.516103 0.155985
    outer loop
      vertex 4.49882 3.26858 0.247214
      vertex 4.95475 2.52457 0.247214
      vertex 4.5305 3.2916 0
    endloop
  endfacet
  facet normal 0.842204 0.516102 0.155981
    outer loop
      vertex 4.95475 2.52457 0.247214
      vertex 4.98964 2.54235 0
      vertex 4.5305 3.2916 0
    endloop
  endfacet
  facet normal 0.760193 0.465841 0.452878
    outer loop
      vertex 4.40689 3.20179 0.470228
      vertex 4.8535 2.47298 0.470228
      vertex 4.49882 3.26858 0.247214
    endloop
  endfacet
  facet normal 0.760184 0.465842 0.452893
    outer loop
      vertex 4.8535 2.47298 0.470228
      vertex 4.95475 2.52457 0.247214
      vertex 4.49882 3.26858 0.247214
    endloop
  endfacet
  facet normal 0.603827 0.370031 0.706024
    outer loop
      vertex 4.2637 3.09776 0.647214
      vertex 4.69581 2.39263 0.647214
      vertex 4.40689 3.20179 0.470228
    endloop
  endfacet
  facet normal 0.603848 0.370034 0.706005
    outer loop
      vertex 4.69581 2.39263 0.647214
      vertex 4.8535 2.47298 0.470228
      vertex 4.40689 3.20179 0.470228
    endloop
  endfacet
  facet normal 0.388044 0.237795 0.890435
    outer loop
      vertex 4.08328 2.96668 0.760845
      vertex 4.4971 2.29139 0.760845
      vertex 4.2637 3.09776 0.647214
    endloop
  endfacet
  facet normal 0.388039 0.237794 0.890438
    outer loop
      vertex 4.4971 2.29139 0.760845
      vertex 4.69581 2.39263 0.647214
      vertex 4.2637 3.09776 0.647214
    endloop
  endfacet
  facet normal 0.133785 0.0819831 0.987613
    outer loop
      vertex 3.88328 2.82137 0.8
      vertex 4.27683 2.17915 0.8
      vertex 4.08328 2.96668 0.760845
    endloop
  endfacet
  facet normal 0.133783 0.0819825 0.987614
    outer loop
      vertex 4.27683 2.17915 0.8
      vertex 4.4971 2.29139 0.760845
      vertex 4.08328 2.96668 0.760845
    endloop
  endfacet
  facet normal -0.133785 -0.0819833 0.987613
    outer loop
      vertex 3.68328 2.67606 0.760845
      vertex 4.05656 2.06692 0.760845
      vertex 3.88328 2.82137 0.8
    endloop
  endfacet
  facet normal -0.133786 -0.0819834 0.987613
    outer loop
      vertex 4.05656 2.06692 0.760845
      vertex 4.27683 2.17915 0.8
      vertex 3.88328 2.82137 0.8
    endloop
  endfacet
  facet normal -0.388046 -0.237792 0.890435
    outer loop
      vertex 3.50286 2.54498 0.647214
      vertex 3.85785 1.96568 0.647214
      vertex 3.68328 2.67606 0.760845
    endloop
  endfacet
  facet normal -0.38804 -0.23779 0.890438
    outer loop
      vertex 3.85785 1.96568 0.647214
      vertex 4.05656 2.06692 0.760845
      vertex 3.68328 2.67606 0.760845
    endloop
  endfacet
  facet normal -0.603827 -0.370032 0.706024
    outer loop
      vertex 3.35967 2.44095 0.470228
      vertex 3.70016 1.88533 0.470228
      vertex 3.50286 2.54498 0.647214
    endloop
  endfacet
  facet normal -0.603848 -0.370033 0.706005
    outer loop
      vertex 3.70016 1.88533 0.470228
      vertex 3.85785 1.96568 0.647214
      vertex 3.50286 2.54498 0.647214
    endloop
  endfacet
  facet normal -0.76019 -0.465846 0.452878
    outer loop
      vertex 3.26774 2.37416 0.247214
      vertex 3.59891 1.83374 0.247214
      vertex 3.35967 2.44095 0.470228
    endloop
  endfacet
  facet normal -0.760181 -0.465847 0.452892
    outer loop
      vertex 3.59891 1.83374 0.247214
      vertex 3.70016 1.88533 0.470228
      vertex 3.35967 2.44095 0.470228
    endloop
  endfacet
  facet normal -0.842207 -0.516107 0.155952
    outer loop
      vertex 3.23607 2.35114 0
      vertex 3.56403 1.81596 0
      vertex 3.26774 2.37416 0.247214
    endloop
  endfacet
  facet normal -0.842208 -0.516106 0.155948
    outer loop
      vertex 3.56403 1.81596 0
      vertex 3.59891 1.83374 0.247214
      vertex 3.26774 2.37416 0.247214
    endloop
  endfacet
  facet normal -0.842208 -0.516106 -0.155952
    outer loop
      vertex 3.26774 2.37416 -0.247214
      vertex 3.59891 1.83374 -0.247214
      vertex 3.23607 2.35114 0
    endloop
  endfacet
  facet normal -0.842207 -0.516107 -0.155948
    outer loop
      vertex 3.59891 1.83374 -0.247214
      vertex 3.56403 1.81596 0
      vertex 3.23607 2.35114 0
    endloop
  endfacet
  facet normal -0.760187 -0.465851 -0.452878
    outer loop
      vertex 3.35967 2.44095 -0.470228
      vertex 3.70016 1.88533 -0.470228
      vertex 3.26774 2.37416 -0.247214
    endloop
  endfacet
  facet normal -0.760184 -0.465842 -0.452893
    outer loop
      vertex 3.70016 1.88533 -0.470228
      vertex 3.59891 1.83374 -0.247214
      vertex 3.26774 2.37416 -0.247214
    endloop
  endfacet
  facet normal -0.603832 -0.370023 -0.706024
    outer loop
      vertex 3.50286 2.54498 -0.647214
      vertex 3.85785 1.96568 -0.647214
      vertex 3.35967 2.44095 -0.470228
    endloop
  endfacet
  facet normal -0.603843 -0.370042 -0.706004
    outer loop
      vertex 3.85785 1.96568 -0.647214
      vertex 3.70016 1.88533 -0.470228
      vertex 3.35967 2.44095 -0.470228
    endloop
  endfacet
  facet normal -0.388045 -0.237793 -0.890435
    outer loop
      vertex 3.68328 2.67606 -0.760845
      vertex 4.05656 2.06692 -0.760845
      vertex 3.50286 2.54498 -0.647214
    endloop
  endfacet
  facet normal -0.388041 -0.237788 -0.890438
    outer loop
      vertex 4.05656 2.06692 -0.760845
      vertex 3.85785 1.96568 -0.647214
      vertex 3.50286 2.54498 -0.647214
    endloop
  endfacet
  facet normal -0.133785 -0.0819831 -0.987613
    outer loop
      vertex 3.88328 2.82137 -0.8
      vertex 4.27683 2.17915 -0.8
      vertex 3.68328 2.67606 -0.760845
    endloop
  endfacet
  facet normal -0.133786 -0.0819837 -0.987613
    outer loop
      vertex 4.27683 2.17915 -0.8
      vertex 4.05656 2.06692 -0.760845
      vertex 3.68328 2.67606 -0.760845
    endloop
  endfacet
  facet normal 0.133785 0.0819837 -0.987613
    outer loop
      vertex 4.08328 2.96668 -0.760845
      vertex 4.4971 2.29139 -0.760845
      vertex 3.88328 2.82137 -0.8
    endloop
  endfacet
  facet normal 0.133783 0.0819817 -0.987614
    outer loop
      vertex 4.4971 2.29139 -0.760845
      vertex 4.27683 2.17915 -0.8
      vertex 3.88328 2.82137 -0.8
    endloop
  endfacet
  facet normal 0.388043 0.237796 -0.890436
    outer loop
      vertex 4.2637 3.09776 -0.647214
      vertex 4.69581 2.39263 -0.647214
      vertex 4.08328 2.96668 -0.760845
    endloop
  endfacet
  facet normal 0.38804 0.237792 -0.890438
    outer loop
      vertex 4.69581 2.39263 -0.647214
      vertex 4.4971 2.29139 -0.760845
      vertex 4.08328 2.96668 -0.760845
    endloop
  endfacet
  facet normal 0.603832 0.370024 -0.706024
    outer loop
      vertex 4.40689 3.20179 -0.470228
      vertex 4.8535 2.47298 -0.470228
      vertex 4.2637 3.09776 -0.647214
    endloop
  endfacet
  facet normal 0.603844 0.370041 -0.706005
    outer loop
      vertex 4.8535 2.47298 -0.470228
      vertex 4.69581 2.39263 -0.647214
      vertex 4.2637 3.09776 -0.647214
    endloop
  endfacet
  facet normal 0.76019 0.465845 -0.452878
    outer loop
      vertex 4.49882 3.26858 -0.247214
      vertex 4.95475 2.52457 -0.247214
      vertex 4.40689 3.20179 -0.470228
    endloop
  endfacet
  facet normal 0.760187 0.465837 -0.452893
    outer loop
      vertex 4.95475 2.52457 -0.247214
      vertex 4.8535 2.47298 -0.470228
      vertex 4.40689 3.20179 -0.470228
    endloop
  endfacet
  facet normal 0.842204 0.516102 -0.155985
    outer loop
      vertex 4.5305 3.2916 0
      vertex 4.98964 2.54235 0
      vertex 4.49882 3.26858 -0.247214
    endloop
  endfacet
  facet normal 0.842204 0.516103 -0.155981
    outer loop
      vertex 4.98964 2.54235 0
      vertex 4.95475 2.52457 -0.247214
      vertex 4.49882 3.26858 -0.247214
    endloop
  endfacet
  facet normal 0.91257 0.378003 0.15598
    outer loop
      vertex 4.95475 2.52457 0.247214
      vertex 5.28868 1.7184 0.247214
      vertex 4.98964 2.54235 0
    endloop
  endfacet
  facet normal 0.912573 0.378001 0.15597
    outer loop
      vertex 5.28868 1.7184 0.247214
      vertex 5.32592 1.7305 0
      vertex 4.98964 2.54235 0
    endloop
  endfacet
  facet normal 0.823697 0.341192 0.452893
    outer loop
      vertex 4.8535 2.47298 0.470228
      vertex 5.18061 1.68328 0.470228
      vertex 4.95475 2.52457 0.247214
    endloop
  endfacet
  facet normal 0.8237 0.341191 0.452886
    outer loop
      vertex 5.18061 1.68328 0.470228
      vertex 5.28868 1.7184 0.247214
      vertex 4.95475 2.52457 0.247214
    endloop
  endfacet
  facet normal 0.654301 0.271015 0.706004
    outer loop
      vertex 4.69581 2.39263 0.647214
      vertex 5.01228 1.62859 0.647214
      vertex 4.8535 2.47298 0.470228
    endloop
  endfacet
  facet normal 0.654278 0.271015 0.706025
    outer loop
      vertex 5.01228 1.62859 0.647214
      vertex 5.18061 1.68328 0.470228
      vertex 4.8535 2.47298 0.470228
    endloop
  endfacet
  facet normal 0.420459 0.174161 0.890439
    outer loop
      vertex 4.4971 2.29139 0.760845
      vertex 4.80019 1.55967 0.760845
      vertex 4.69581 2.39263 0.647214
    endloop
  endfacet
  facet normal 0.420471 0.174162 0.890434
    outer loop
      vertex 4.80019 1.55967 0.760845
      vertex 5.01228 1.62859 0.647214
      vertex 4.69581 2.39263 0.647214
    endloop
  endfacet
  facet normal 0.144961 0.0600451 0.987614
    outer loop
      vertex 4.27683 2.17915 0.8
      vertex 4.56507 1.48328 0.8
      vertex 4.4971 2.29139 0.760845
    endloop
  endfacet
  facet normal 0.144961 0.060045 0.987614
    outer loop
      vertex 4.56507 1.48328 0.8
      vertex 4.80019 1.55967 0.760845
      vertex 4.4971 2.29139 0.760845
    endloop
  endfacet
  facet normal -0.144963 -0.060047 0.987613
    outer loop
      vertex 4.05656 2.06692 0.760845
      vertex 4.32996 1.40689 0.760845
      vertex 4.27683 2.17915 0.8
    endloop
  endfacet
  facet normal -0.144966 -0.0600472 0.987613
    outer loop
      vertex 4.32996 1.40689 0.760845
      vertex 4.56507 1.48328 0.8
      vertex 4.27683 2.17915 0.8
    endloop
  endfacet
  facet normal -0.420459 -0.174162 0.890439
    outer loop
      vertex 3.85785 1.96568 0.647214
      vertex 4.11786 1.33797 0.647214
      vertex 4.05656 2.06692 0.760845
    endloop
  endfacet
  facet normal -0.420455 -0.174162 0.890441
    outer loop
      vertex 4.11786 1.33797 0.647214
      vertex 4.32996 1.40689 0.760845
      vertex 4.05656 2.06692 0.760845
    endloop
  endfacet
  facet normal -0.654302 -0.271013 0.706004
    outer loop
      vertex 3.70016 1.88533 0.470228
      vertex 3.94953 1.28328 0.470228
      vertex 3.85785 1.96568 0.647214
    endloop
  endfacet
  facet normal -0.654278 -0.271015 0.706025
    outer loop
      vertex 3.94953 1.28328 0.470228
      vertex 4.11786 1.33797 0.647214
      vertex 3.85785 1.96568 0.647214
    endloop
  endfacet
  facet normal -0.823699 -0.341186 0.452892
    outer loop
      vertex 3.59891 1.83374 0.247214
      vertex 3.84146 1.24817 0.247214
      vertex 3.70016 1.88533 0.470228
    endloop
  endfacet
  facet normal -0.823711 -0.341182 0.452874
    outer loop
      vertex 3.84146 1.24817 0.247214
      vertex 3.94953 1.28328 0.470228
      vertex 3.70016 1.88533 0.470228
    endloop
  endfacet
  facet normal -0.912576 -0.378004 0.155944
    outer loop
      vertex 3.56403 1.81596 0
      vertex 3.80423 1.23607 0
      vertex 3.59891 1.83374 0.247214
    endloop
  endfacet
  facet normal -0.912579 -0.378001 0.155934
    outer loop
      vertex 3.80423 1.23607 0
      vertex 3.84146 1.24817 0.247214
      vertex 3.59891 1.83374 0.247214
    endloop
  endfacet
  facet normal -0.912577 -0.378 -0.155944
    outer loop
      vertex 3.59891 1.83374 -0.247214
      vertex 3.84146 1.24817 -0.247214
      vertex 3.56403 1.81596 0
    endloop
  endfacet
  facet normal -0.912577 -0.378005 -0.155934
    outer loop
      vertex 3.84146 1.24817 -0.247214
      vertex 3.80423 1.23607 0
      vertex 3.56403 1.81596 0
    endloop
  endfacet
  facet normal -0.823702 -0.341179 -0.452892
    outer loop
      vertex 3.70016 1.88533 -0.470228
      vertex 3.94953 1.28328 -0.470228
      vertex 3.59891 1.83374 -0.247214
    endloop
  endfacet
  facet normal -0.823708 -0.34119 -0.452874
    outer loop
      vertex 3.94953 1.28328 -0.470228
      vertex 3.84146 1.24817 -0.247214
      vertex 3.59891 1.83374 -0.247214
    endloop
  endfacet
  facet normal -0.654297 -0.271023 -0.706004
    outer loop
      vertex 3.85785 1.96568 -0.647214
      vertex 4.11786 1.33797 -0.647214
      vertex 3.70016 1.88533 -0.470228
    endloop
  endfacet
  facet normal -0.654282 -0.271005 -0.706025
    outer loop
      vertex 4.11786 1.33797 -0.647214
      vertex 3.94953 1.28328 -0.470228
      vertex 3.70016 1.88533 -0.470228
    endloop
  endfacet
  facet normal -0.420458 -0.174164 -0.890439
    outer loop
      vertex 4.05656 2.06692 -0.760845
      vertex 4.32996 1.40689 -0.760845
      vertex 3.85785 1.96568 -0.647214
    endloop
  endfacet
  facet normal -0.420455 -0.174161 -0.890441
    outer loop
      vertex 4.32996 1.40689 -0.760845
      vertex 4.11786 1.33797 -0.647214
      vertex 3.85785 1.96568 -0.647214
    endloop
  endfacet
  facet normal -0.144963 -0.060046 -0.987613
    outer loop
      vertex 4.27683 2.17915 -0.8
      vertex 4.56507 1.48328 -0.8
      vertex 4.05656 2.06692 -0.760845
    endloop
  endfacet
  facet normal -0.144966 -0.0600482 -0.987613
    outer loop
      vertex 4.56507 1.48328 -0.8
      vertex 4.32996 1.40689 -0.760845
      vertex 4.05656 2.06692 -0.760845
    endloop
  endfacet
  facet normal 0.144961 0.0600451 -0.987614
    outer loop
      vertex 4.4971 2.29139 -0.760845
      vertex 4.80019 1.55967 -0.760845
      vertex 4.27683 2.17915 -0.8
    endloop
  endfacet
  facet normal 0.144961 0.060045 -0.987614
    outer loop
      vertex 4.80019 1.55967 -0.760845
      vertex 4.56507 1.48328 -0.8
      vertex 4.27683 2.17915 -0.8
    endloop
  endfacet
  facet normal 0.420461 0.174157 -0.890439
    outer loop
      vertex 4.69581 2.39263 -0.647214
      vertex 5.01228 1.62859 -0.647214
      vertex 4.4971 2.29139 -0.760845
    endloop
  endfacet
  facet normal 0.42047 0.174165 -0.890434
    outer loop
      vertex 5.01228 1.62859 -0.647214
      vertex 4.80019 1.55967 -0.760845
      vertex 4.4971 2.29139 -0.760845
    endloop
  endfacet
  facet normal 0.654297 0.271023 -0.706004
    outer loop
      vertex 4.8535 2.47298 -0.470228
      vertex 5.18061 1.68328 -0.470228
      vertex 4.69581 2.39263 -0.647214
    endloop
  endfacet
  facet normal 0.654281 0.271007 -0.706025
    outer loop
      vertex 5.18061 1.68328 -0.470228
      vertex 5.01228 1.62859 -0.647214
      vertex 4.69581 2.39263 -0.647214
    endloop
  endfacet
  facet normal 0.823698 0.34119 -0.452893
    outer loop
      vertex 4.95475 2.52457 -0.247214
      vertex 5.28868 1.7184 -0.247214
      vertex 4.8535 2.47298 -0.470228
    endloop
  endfacet
  facet normal 0.8237 0.341193 -0.452886
    outer loop
      vertex 5.28868 1.7184 -0.247214
      vertex 5.18061 1.68328 -0.470228
      vertex 4.8535 2.47298 -0.470228
    endloop
  endfacet
  facet normal 0.912571 0.378 -0.15598
    outer loop
      vertex 4.98964 2.54235 0
      vertex 5.32592 1.7305 0
      vertex 4.95475 2.52457 -0.247214
    endloop
  endfacet
  facet normal 0.912572 0.378003 -0.15597
    outer loop
      vertex 5.32592 1.7305 0
      vertex 5.28868 1.7184 -0.247214
      vertex 4.95475 2.52457 -0.247214
    endloop
  endfacet
  facet normal 0.960471 0.230583 0.15597
    outer loop
      vertex 5.28868 1.7184 0.247214
      vertex 5.49238 0.869908 0.247214
      vertex 5.32592 1.7305 0
    endloop
  endfacet
  facet normal 0.960475 0.230579 0.155953
    outer loop
      vertex 5.49238 0.869908 0.247214
      vertex 5.53105 0.876033 0
      vertex 5.32592 1.7305 0
    endloop
  endfacet
  facet normal 0.866936 0.208132 0.452883
    outer loop
      vertex 5.18061 1.68328 0.470228
      vertex 5.38015 0.852132 0.470228
      vertex 5.28868 1.7184 0.247214
    endloop
  endfacet
  facet normal 0.866943 0.208129 0.452871
    outer loop
      vertex 5.38015 0.852132 0.470228
      vertex 5.49238 0.869908 0.247214
      vertex 5.28868 1.7184 0.247214
    endloop
  endfacet
  facet normal 0.688618 0.165324 0.706026
    outer loop
      vertex 5.01228 1.62859 0.647214
      vertex 5.20534 0.824445 0.647214
      vertex 5.18061 1.68328 0.470228
    endloop
  endfacet
  facet normal 0.688624 0.165323 0.70602
    outer loop
      vertex 5.20534 0.824445 0.647214
      vertex 5.38015 0.852132 0.470228
      vertex 5.18061 1.68328 0.470228
    endloop
  endfacet
  facet normal 0.442542 0.10624 0.890432
    outer loop
      vertex 4.80019 1.55967 0.760845
      vertex 4.98507 0.789558 0.760845
      vertex 5.01228 1.62859 0.647214
    endloop
  endfacet
  facet normal 0.442526 0.106242 0.89044
    outer loop
      vertex 4.98507 0.789558 0.760845
      vertex 5.20534 0.824445 0.647214
      vertex 5.01228 1.62859 0.647214
    endloop
  endfacet
  facet normal 0.152569 0.036628 0.987614
    outer loop
      vertex 4.56507 1.48328 0.8
      vertex 4.7409 0.750885 0.8
      vertex 4.80019 1.55967 0.760845
    endloop
  endfacet
  facet normal 0.152572 0.0366278 0.987613
    outer loop
      vertex 4.7409 0.750885 0.8
      vertex 4.98507 0.789558 0.760845
      vertex 4.80019 1.55967 0.760845
    endloop
  endfacet
  facet normal -0.152575 -0.0366285 0.987613
    outer loop
      vertex 4.32996 1.40689 0.760845
      vertex 4.49673 0.712213 0.760845
      vertex 4.56507 1.48328 0.8
    endloop
  endfacet
  facet normal -0.152572 -0.0366288 0.987613
    outer loop
      vertex 4.49673 0.712213 0.760845
      vertex 4.7409 0.750885 0.8
      vertex 4.56507 1.48328 0.8
    endloop
  endfacet
  facet normal -0.442526 -0.106237 0.890441
    outer loop
      vertex 4.11786 1.33797 0.647214
      vertex 4.27646 0.677326 0.647214
      vertex 4.32996 1.40689 0.760845
    endloop
  endfacet
  facet normal -0.442527 -0.106237 0.89044
    outer loop
      vertex 4.27646 0.677326 0.647214
      vertex 4.49673 0.712213 0.760845
      vertex 4.32996 1.40689 0.760845
    endloop
  endfacet
  facet normal -0.688617 -0.165329 0.706026
    outer loop
      vertex 3.94953 1.28328 0.470228
      vertex 4.10166 0.649639 0.470228
      vertex 4.11786 1.33797 0.647214
    endloop
  endfacet
  facet normal -0.688644 -0.165322 0.706001
    outer loop
      vertex 4.10166 0.649639 0.470228
      vertex 4.27646 0.677326 0.647214
      vertex 4.11786 1.33797 0.647214
    endloop
  endfacet
  facet normal -0.866937 -0.208144 0.452876
    outer loop
      vertex 3.84146 1.24817 0.247214
      vertex 3.98943 0.631863 0.247214
      vertex 3.94953 1.28328 0.470228
    endloop
  endfacet
  facet normal -0.86694 -0.208142 0.452871
    outer loop
      vertex 3.98943 0.631863 0.247214
      vertex 4.10166 0.649639 0.470228
      vertex 3.94953 1.28328 0.470228
    endloop
  endfacet
  facet normal -0.960478 -0.230578 0.155932
    outer loop
      vertex 3.80423 1.23607 0
      vertex 3.95075 0.625738 0
      vertex 3.84146 1.24817 0.247214
    endloop
  endfacet
  facet normal -0.960464 -0.230599 0.155991
    outer loop
      vertex 3.95075 0.625738 0
      vertex 3.98943 0.631863 0.247214
      vertex 3.84146 1.24817 0.247214
    endloop
  endfacet
  facet normal -0.960473 -0.230601 -0.155932
    outer loop
      vertex 3.84146 1.24817 -0.247214
      vertex 3.98943 0.631863 -0.247214
      vertex 3.80423 1.23607 0
    endloop
  endfacet
  facet normal -0.960469 -0.230576 -0.155991
    outer loop
      vertex 3.98943 0.631863 -0.247214
      vertex 3.95075 0.625738 0
      vertex 3.80423 1.23607 0
    endloop
  endfacet
  facet normal -0.866937 -0.208142 -0.452876
    outer loop
      vertex 3.94953 1.28328 -0.470228
      vertex 4.10166 0.649639 -0.470228
      vertex 3.84146 1.24817 -0.247214
    endloop
  endfacet
  facet normal -0.866939 -0.208145 -0.452871
    outer loop
      vertex 4.10166 0.649639 -0.470228
      vertex 3.98943 0.631863 -0.247214
      vertex 3.84146 1.24817 -0.247214
    endloop
  endfacet
  facet normal -0.688621 -0.165316 -0.706026
    outer loop
      vertex 4.11786 1.33797 -0.647214
      vertex 4.27646 0.677326 -0.647214
      vertex 3.94953 1.28328 -0.470228
    endloop
  endfacet
  facet normal -0.688642 -0.165335 -0.706001
    outer loop
      vertex 4.27646 0.677326 -0.647214
      vertex 4.10166 0.649639 -0.470228
      vertex 3.94953 1.28328 -0.470228
    endloop
  endfacet
  facet normal -0.442526 -0.106237 -0.890441
    outer loop
      vertex 4.32996 1.40689 -0.760845
      vertex 4.49673 0.712213 -0.760845
      vertex 4.11786 1.33797 -0.647214
    endloop
  endfacet
  facet normal -0.442527 -0.106237 -0.89044
    outer loop
      vertex 4.49673 0.712213 -0.760845
      vertex 4.27646 0.677326 -0.647214
      vertex 4.11786 1.33797 -0.647214
    endloop
  endfacet
  facet normal -0.152575 -0.0366294 -0.987613
    outer loop
      vertex 4.56507 1.48328 -0.8
      vertex 4.7409 0.750885 -0.8
      vertex 4.32996 1.40689 -0.760845
    endloop
  endfacet
  facet normal -0.152572 -0.0366277 -0.987613
    outer loop
      vertex 4.7409 0.750885 -0.8
      vertex 4.49673 0.712213 -0.760845
      vertex 4.32996 1.40689 -0.760845
    endloop
  endfacet
  facet normal 0.152569 0.0366271 -0.987614
    outer loop
      vertex 4.80019 1.55967 -0.760845
      vertex 4.98507 0.789558 -0.760845
      vertex 4.56507 1.48328 -0.8
    endloop
  endfacet
  facet normal 0.152572 0.0366287 -0.987613
    outer loop
      vertex 4.98507 0.789558 -0.760845
      vertex 4.7409 0.750885 -0.8
      vertex 4.56507 1.48328 -0.8
    endloop
  endfacet
  facet normal 0.44254 0.106245 -0.890433
    outer loop
      vertex 5.01228 1.62859 -0.647214
      vertex 5.20534 0.824445 -0.647214
      vertex 4.80019 1.55967 -0.760845
    endloop
  endfacet
  facet normal 0.442527 0.106237 -0.89044
    outer loop
      vertex 5.20534 0.824445 -0.647214
      vertex 4.98507 0.789558 -0.760845
      vertex 4.80019 1.55967 -0.760845
    endloop
  endfacet
  facet normal 0.688619 0.165322 -0.706026
    outer loop
      vertex 5.18061 1.68328 -0.470228
      vertex 5.38015 0.852132 -0.470228
      vertex 5.01228 1.62859 -0.647214
    endloop
  endfacet
  facet normal 0.688624 0.165326 -0.70602
    outer loop
      vertex 5.38015 0.852132 -0.470228
      vertex 5.20534 0.824445 -0.647214
      vertex 5.01228 1.62859 -0.647214
    endloop
  endfacet
  facet normal 0.866937 0.208128 -0.452883
    outer loop
      vertex 5.28868 1.7184 -0.247214
      vertex 5.49238 0.869908 -0.247214
      vertex 5.18061 1.68328 -0.470228
    endloop
  endfacet
  facet normal 0.866942 0.208133 -0.452871
    outer loop
      vertex 5.49238 0.869908 -0.247214
      vertex 5.38015 0.852132 -0.470228
      vertex 5.18061 1.68328 -0.470228
    endloop
  endfacet
  facet normal 0.960472 0.230578 -0.15597
    outer loop
      vertex 5.32592 1.7305 0
      vertex 5.53105 0.876033 0
      vertex 5.28868 1.7184 -0.247214
    endloop
  endfacet
  facet normal 0.960474 0.230584 -0.155953
    outer loop
      vertex 5.53105 0.876033 0
      vertex 5.49238 0.869908 -0.247214
      vertex 5.28868 1.7184 -0.247214
    endloop
  endfacet
  facet normal 0.984719 0.0775067 0.155953
    outer loop
      vertex 5.49238 0.869908 0.247214
      vertex 5.56085 0 0.247214
      vertex 5.53105 0.876033 0
    endloop
  endfacet
  facet normal 0.98472 0.0775045 0.155945
    outer loop
      vertex 5.56085 0 0.247214
      vertex 5.6 0 0
      vertex 5.53105 0.876033 0
    endloop
  endfacet
  facet normal 0.888828 0.0699479 0.452871
    outer loop
      vertex 5.38015 0.852132 0.470228
      vertex 5.44721 0 0.470228
      vertex 5.49238 0.869908 0.247214
    endloop
  endfacet
  facet normal 0.88881 0.0699577 0.452906
    outer loop
      vertex 5.44721 0 0.470228
      vertex 5.56085 0 0.247214
      vertex 5.49238 0.869908 0.247214
    endloop
  endfacet
  facet normal 0.706008 0.0555681 0.706021
    outer loop
      vertex 5.20534 0.824445 0.647214
      vertex 5.27023 0 0.647214
      vertex 5.38015 0.852132 0.470228
    endloop
  endfacet
  facet normal 0.706026 0.055562 0.706003
    outer loop
      vertex 5.27023 0 0.647214
      vertex 5.44721 0 0.470228
      vertex 5.38015 0.852132 0.470228
    endloop
  endfacet
  facet normal 0.453697 0.035707 0.89044
    outer loop
      vertex 4.98507 0.789558 0.760845
      vertex 5.04721 0 0.760845
      vertex 5.20534 0.824445 0.647214
    endloop
  endfacet
  facet normal 0.45369 0.0357088 0.890444
    outer loop
      vertex 5.04721 0 0.760845
      vertex 5.27023 0 0.647214
      vertex 5.20534 0.824445 0.647214
    endloop
  endfacet
  facet normal 0.156423 0.0123116 0.987613
    outer loop
      vertex 4.7409 0.750885 0.8
      vertex 4.8 0 0.8
      vertex 4.98507 0.789558 0.760845
    endloop
  endfacet
  facet normal 0.156426 0.0123111 0.987613
    outer loop
      vertex 4.8 0 0.8
      vertex 5.04721 0 0.760845
      vertex 4.98507 0.789558 0.760845
    endloop
  endfacet
  facet normal -0.156423 -0.0123124 0.987613
    outer loop
      vertex 4.49673 0.712213 0.760845
      vertex 4.55279 0 0.760845
      vertex 4.7409 0.750885 0.8
    endloop
  endfacet
  facet normal -0.156426 -0.0123118 0.987613
    outer loop
      vertex 4.55279 0 0.760845
      vertex 4.8 0 0.8
      vertex 4.7409 0.750885 0.8
    endloop
  endfacet
  facet normal -0.453697 -0.0357089 0.89044
    outer loop
      vertex 4.27646 0.677326 0.647214
      vertex 4.32977 0 0.647214
      vertex 4.49673 0.712213 0.760845
    endloop
  endfacet
  facet normal -0.45369 -0.0357111 0.890444
    outer loop
      vertex 4.32977 0 0.647214
      vertex 4.55279 0 0.760845
      vertex 4.49673 0.712213 0.760845
    endloop
  endfacet
  facet normal -0.706028 -0.0555681 0.706
    outer loop
      vertex 4.10166 0.649639 0.470228
      vertex 4.15279 0 0.470228
      vertex 4.27646 0.677326 0.647214
    endloop
  endfacet
  facet normal -0.706026 -0.0555689 0.706002
    outer loop
      vertex 4.15279 0 0.470228
      vertex 4.32977 0 0.647214
      vertex 4.27646 0.677326 0.647214
    endloop
  endfacet
  facet normal -0.888827 -0.0699541 0.452871
    outer loop
      vertex 3.98943 0.631863 0.247214
      vertex 4.03916 0 0.247214
      vertex 4.10166 0.649639 0.470228
    endloop
  endfacet
  facet normal -0.888826 -0.0699553 0.452874
    outer loop
      vertex 4.03916 0 0.247214
      vertex 4.15279 0 0.470228
      vertex 4.10166 0.649639 0.470228
    endloop
  endfacet
  facet normal -0.984713 -0.0775039 0.155992
    outer loop
      vertex 3.95075 0.625738 0
      vertex 4 0 0
      vertex 3.98943 0.631863 0.247214
    endloop
  endfacet
  facet normal -0.984714 -0.0775007 0.155984
    outer loop
      vertex 4 0 0
      vertex 4.03916 0 0.247214
      vertex 3.98943 0.631863 0.247214
    endloop
  endfacet
  facet normal -0.984713 -0.0775006 -0.155992
    outer loop
      vertex 3.98943 0.631863 -0.247214
      vertex 4.03916 0 -0.247214
      vertex 3.95075 0.625738 0
    endloop
  endfacet
  facet normal -0.984714 -0.077504 -0.155984
    outer loop
      vertex 4.03916 0 -0.247214
      vertex 4 0 0
      vertex 3.95075 0.625738 0
    endloop
  endfacet
  facet normal -0.888827 -0.0699554 -0.452871
    outer loop
      vertex 4.10166 0.649639 -0.470228
      vertex 4.15279 0 -0.470228
      vertex 3.98943 0.631863 -0.247214
    endloop
  endfacet
  facet normal -0.888826 -0.0699539 -0.452874
    outer loop
      vertex 4.15279 0 -0.470228
      vertex 4.03916 0 -0.247214
      vertex 3.98943 0.631863 -0.247214
    endloop
  endfacet
  facet normal -0.706028 -0.055569 -0.706001
    outer loop
      vertex 4.27646 0.677326 -0.647214
      vertex 4.32977 0 -0.647214
      vertex 4.10166 0.649639 -0.470228
    endloop
  endfacet
  facet normal -0.706026 -0.055568 -0.706002
    outer loop
      vertex 4.32977 0 -0.647214
      vertex 4.15279 0 -0.470228
      vertex 4.10166 0.649639 -0.470228
    endloop
  endfacet
  facet normal -0.453697 -0.0357116 -0.89044
    outer loop
      vertex 4.49673 0.712213 -0.760845
      vertex 4.55279 0 -0.760845
      vertex 4.27646 0.677326 -0.647214
    endloop
  endfacet
  facet normal -0.45369 -0.0357084 -0.890444
    outer loop
      vertex 4.55279 0 -0.760845
      vertex 4.32977 0 -0.647214
      vertex 4.27646 0.677326 -0.647214
    endloop
  endfacet
  facet normal -0.156423 -0.0123116 -0.987613
    outer loop
      vertex 4.7409 0.750885 -0.8
      vertex 4.8 0 -0.8
      vertex 4.49673 0.712213 -0.760845
    endloop
  endfacet
  facet normal -0.156426 -0.0123126 -0.987613
    outer loop
      vertex 4.8 0 -0.8
      vertex 4.55279 0 -0.760845
      vertex 4.49673 0.712213 -0.760845
    endloop
  endfacet
  facet normal 0.156423 0.0123109 -0.987613
    outer loop
      vertex 4.98507 0.789558 -0.760845
      vertex 5.04721 0 -0.760845
      vertex 4.7409 0.750885 -0.8
    endloop
  endfacet
  facet normal 0.156426 0.0123118 -0.987613
    outer loop
      vertex 5.04721 0 -0.760845
      vertex 4.8 0 -0.8
      vertex 4.7409 0.750885 -0.8
    endloop
  endfacet
  facet normal 0.453697 0.0357094 -0.89044
    outer loop
      vertex 5.20534 0.824445 -0.647214
      vertex 5.27023 0 -0.647214
      vertex 4.98507 0.789558 -0.760845
    endloop
  endfacet
  facet normal 0.45369 0.0357065 -0.890444
    outer loop
      vertex 5.27023 0 -0.647214
      vertex 5.04721 0 -0.760845
      vertex 4.98507 0.789558 -0.760845
    endloop
  endfacet
  facet normal 0.706009 0.0555606 -0.70602
    outer loop
      vertex 5.38015 0.852132 -0.470228
      vertex 5.44721 0 -0.470228
      vertex 5.20534 0.824445 -0.647214
    endloop
  endfacet
  facet normal 0.706026 0.0555695 -0.706002
    outer loop
      vertex 5.44721 0 -0.470228
      vertex 5.27023 0 -0.647214
      vertex 5.20534 0.824445 -0.647214
    endloop
  endfacet
  facet normal 0.888827 0.0699591 -0.452871
    outer loop
      vertex 5.49238 0.869908 -0.247214
      vertex 5.56085 0 -0.247214
      vertex 5.38015 0.852132 -0.470228
    endloop
  endfacet
  facet normal 0.88881 0.0699465 -0.452906
    outer loop
      vertex 5.56085 0 -0.247214
      vertex 5.44721 0 -0.470228
      vertex 5.38015 0.852132 -0.470228
    endloop
  endfacet
  facet normal 0.984719 0.0775044 -0.155953
    outer loop
      vertex 5.53105 0.876033 0
      vertex 5.6 0 0
      vertex 5.49238 0.869908 -0.247214
    endloop
  endfacet
  facet normal 0.98472 0.0775068 -0.155945
    outer loop
      vertex 5.6 0 0
      vertex 5.56085 0 -0.247214
      vertex 5.49238 0.869908 -0.247214
    endloop
  endfacet
  facet normal 0.98472 -0.0775068 0.155945
    outer loop
      vertex 5.56085 0 0.247214
      vertex 5.49238 -0.869908 0.247214
      vertex 5.6 0 0
    endloop
  endfacet
  facet normal 0.984719 -0.0775044 0.155953
    outer loop
      vertex 5.49238 -0.869908 0.247214
      vertex 5.53105 -0.876033 0
      vertex 5.6 0 0
    endloop
  endfacet
  facet normal 0.88881 -0.0699465 0.452906
    outer loop
      vertex 5.44721 0 0.470228
      vertex 5.38015 -0.852132 0.470228
      vertex 5.56085 0 0.247214
    endloop
  endfacet
  facet normal 0.888827 -0.0699591 0.452871
    outer loop
      vertex 5.38015 -0.852132 0.470228
      vertex 5.49238 -0.869908 0.247214
      vertex 5.56085 0 0.247214
    endloop
  endfacet
  facet normal 0.706026 -0.0555695 0.706002
    outer loop
      vertex 5.27023 0 0.647214
      vertex 5.20534 -0.824445 0.647214
      vertex 5.44721 0 0.470228
    endloop
  endfacet
  facet normal 0.706009 -0.0555606 0.70602
    outer loop
      vertex 5.20534 -0.824445 0.647214
      vertex 5.38015 -0.852132 0.470228
      vertex 5.44721 0 0.470228
    endloop
  endfacet
  facet normal 0.45369 -0.0357065 0.890444
    outer loop
      vertex 5.04721 0 0.760845
      vertex 4.98507 -0.789558 0.760845
      vertex 5.27023 0 0.647214
    endloop
  endfacet
  facet normal 0.453697 -0.0357094 0.89044
    outer loop
      vertex 4.98507 -0.789558 0.760845
      vertex 5.20534 -0.824445 0.647214
      vertex 5.27023 0 0.647214
    endloop
  endfacet
  facet normal 0.156426 -0.0123118 0.987613
    outer loop
      vertex 4.8 0 0.8
      vertex 4.7409 -0.750885 0.8
      vertex 5.04721 0 0.760845
    endloop
  endfacet
  facet normal 0.156423 -0.0123109 0.987613
    outer loop
      vertex 4.7409 -0.750885 0.8
      vertex 4.98507 -0.789558 0.760845
      vertex 5.04721 0 0.760845
    endloop
  endfacet
  facet normal -0.156426 0.0123126 0.987613
    outer loop
      vertex 4.55279 0 0.760845
      vertex 4.49673 -0.712213 0.760845
      vertex 4.8 0 0.8
    endloop
  endfacet
  facet normal -0.156423 0.0123116 0.987613
    outer loop
      vertex 4.49673 -0.712213 0.760845
      vertex 4.7409 -0.750885 0.8
      vertex 4.8 0 0.8
    endloop
  endfacet
  facet normal -0.45369 0.0357084 0.890444
    outer loop
      vertex 4.32977 0 0.647214
      vertex 4.27646 -0.677326 0.647214
      vertex 4.55279 0 0.760845
    endloop
  endfacet
  facet normal -0.453697 0.0357116 0.89044
    outer loop
      vertex 4.27646 -0.677326 0.647214
      vertex 4.49673 -0.712213 0.760845
      vertex 4.55279 0 0.760845
    endloop
  endfacet
  facet normal -0.706026 0.055568 0.706002
    outer loop
      vertex 4.15279 0 0.470228
      vertex 4.10166 -0.649639 0.470228
      vertex 4.32977 0 0.647214
    endloop
  endfacet
  facet normal -0.706028 0.055569 0.706001
    outer loop
      vertex 4.10166 -0.649639 0.470228
      vertex 4.27646 -0.677326 0.647214
      vertex 4.32977 0 0.647214
    endloop
  endfacet
  facet normal -0.888826 0.0699539 0.452874
    outer loop
      vertex 4.03916 0 0.247214
      vertex 3.98943 -0.631863 0.247214
      vertex 4.15279 0 0.470228
    endloop
  endfacet
  facet normal -0.888827 0.0699554 0.452871
    outer loop
      vertex 3.98943 -0.631863 0.247214
      vertex 4.10166 -0.649639 0.470228
      vertex 4.15279 0 0.470228
    endloop
  endfacet
  facet normal -0.984714 0.077504 0.155984
    outer loop
      vertex 4 0 0
      vertex 3.95075 -0.625738 0
      vertex 4.03916 0 0.247214
    endloop
  endfacet
  facet normal -0.984713 0.0775006 0.155992
    outer loop
      vertex 3.95075 -0.625738 0
      vertex 3.98943 -0.631863 0.247214
      vertex 4.03916 0 0.247214
    endloop
  endfacet
  facet normal -0.984714 0.0775007 -0.155984
    outer loop
      vertex 4.03916 0 -0.247214
      vertex 3.98943 -0.631863 -0.247214
      vertex 4 0 0
    endloop
  endfacet
  facet normal -0.984713 0.0775039 -0.155992
    outer loop
      vertex 3.98943 -0.631863 -0.247214
      vertex 3.95075 -0.625738 0
      vertex 4 0 0
    endloop
  endfacet
  facet normal -0.888826 0.0699553 -0.452874
    outer loop
      vertex 4.15279 0 -0.470228
      vertex 4.10166 -0.649639 -0.470228
      vertex 4.03916 0 -0.247214
    endloop
  endfacet
  facet normal -0.888827 0.0699541 -0.452871
    outer loop
      vertex 4.10166 -0.649639 -0.470228
      vertex 3.98943 -0.631863 -0.247214
      vertex 4.03916 0 -0.247214
    endloop
  endfacet
  facet normal -0.706026 0.0555689 -0.706002
    outer loop
      vertex 4.32977 0 -0.647214
      vertex 4.27646 -0.677326 -0.647214
      vertex 4.15279 0 -0.470228
    endloop
  endfacet
  facet normal -0.706028 0.0555681 -0.706
    outer loop
      vertex 4.27646 -0.677326 -0.647214
      vertex 4.10166 -0.649639 -0.470228
      vertex 4.15279 0 -0.470228
    endloop
  endfacet
  facet normal -0.45369 0.0357111 -0.890444
    outer loop
      vertex 4.55279 0 -0.760845
      vertex 4.49673 -0.712213 -0.760845
      vertex 4.32977 0 -0.647214
    endloop
  endfacet
  facet normal -0.453697 0.0357089 -0.89044
    outer loop
      vertex 4.49673 -0.712213 -0.760845
      vertex 4.27646 -0.677326 -0.647214
      vertex 4.32977 0 -0.647214
    endloop
  endfacet
  facet normal -0.156426 0.0123118 -0.987613
    outer loop
      vertex 4.8 0 -0.8
      vertex 4.7409 -0.750885 -0.8
      vertex 4.55279 0 -0.760845
    endloop
  endfacet
  facet normal -0.156423 0.0123124 -0.987613
    outer loop
      vertex 4.7409 -0.750885 -0.8
      vertex 4.49673 -0.712213 -0.760845
      vertex 4.55279 0 -0.760845
    endloop
  endfacet
  facet normal 0.156426 -0.0123111 -0.987613
    outer loop
      vertex 5.04721 0 -0.760845
      vertex 4.98507 -0.789558 -0.760845
      vertex 4.8 0 -0.8
    endloop
  endfacet
  facet normal 0.156423 -0.0123116 -0.987613
    outer loop
      vertex 4.98507 -0.789558 -0.760845
      vertex 4.7409 -0.750885 -0.8
      vertex 4.8 0 -0.8
    endloop
  endfacet
  facet normal 0.45369 -0.0357088 -0.890444
    outer loop
      vertex 5.27023 0 -0.647214
      vertex 5.20534 -0.824445 -0.647214
      vertex 5.04721 0 -0.760845
    endloop
  endfacet
  facet normal 0.453697 -0.035707 -0.89044
    outer loop
      vertex 5.20534 -0.824445 -0.647214
      vertex 4.98507 -0.789558 -0.760845
      vertex 5.04721 0 -0.760845
    endloop
  endfacet
  facet normal 0.706026 -0.055562 -0.706003
    outer loop
      vertex 5.44721 0 -0.470228
      vertex 5.38015 -0.852132 -0.470228
      vertex 5.27023 0 -0.647214
    endloop
  endfacet
  facet normal 0.706008 -0.0555681 -0.706021
    outer loop
      vertex 5.38015 -0.852132 -0.470228
      vertex 5.20534 -0.824445 -0.647214
      vertex 5.27023 0 -0.647214
    endloop
  endfacet
  facet normal 0.88881 -0.0699577 -0.452906
    outer loop
      vertex 5.56085 0 -0.247214
      vertex 5.49238 -0.869908 -0.247214
      vertex 5.44721 0 -0.470228
    endloop
  endfacet
  facet normal 0.888828 -0.0699479 -0.452871
    outer loop
      vertex 5.49238 -0.869908 -0.247214
      vertex 5.38015 -0.852132 -0.470228
      vertex 5.44721 0 -0.470228
    endloop
  endfacet
  facet normal 0.98472 -0.0775045 -0.155945
    outer loop
      vertex 5.6 0 0
      vertex 5.53105 -0.876033 0
      vertex 5.56085 0 -0.247214
    endloop
  endfacet
  facet normal 0.984719 -0.0775067 -0.155953
    outer loop
      vertex 5.53105 -0.876033 0
      vertex 5.49238 -0.869908 -0.247214
      vertex 5.56085 0 -0.247214
    endloop
  endfacet
  facet normal 0.960474 -0.230584 0.155953
    outer loop
      vertex 5.49238 -0.869908 0.247214
      vertex 5.28868 -1.7184 0.247214
      vertex 5.53105 -0.876033 0
    endloop
  endfacet
  facet normal 0.960472 -0.230578 0.15597
    outer loop
      vertex 5.28868 -1.7184 0.247214
      vertex 5.32592 -1.7305 0
      vertex 5.53105 -0.876033 0
    endloop
  endfacet
  facet normal 0.866942 -0.208133 0.452871
    outer loop
      vertex 5.38015 -0.852132 0.470228
      vertex 5.18061 -1.68328 0.470228
      vertex 5.49238 -0.869908 0.247214
    endloop
  endfacet
  facet normal 0.866937 -0.208128 0.452883
    outer loop
      vertex 5.18061 -1.68328 0.470228
      vertex 5.28868 -1.7184 0.247214
      vertex 5.49238 -0.869908 0.247214
    endloop
  endfacet
  facet normal 0.688624 -0.165326 0.70602
    outer loop
      vertex 5.20534 -0.824445 0.647214
      vertex 5.01228 -1.62859 0.647214
      vertex 5.38015 -0.852132 0.470228
    endloop
  endfacet
  facet normal 0.688619 -0.165322 0.706026
    outer loop
      vertex 5.01228 -1.62859 0.647214
      vertex 5.18061 -1.68328 0.470228
      vertex 5.38015 -0.852132 0.470228
    endloop
  endfacet
  facet normal 0.442527 -0.106237 0.89044
    outer loop
      vertex 4.98507 -0.789558 0.760845
      vertex 4.80019 -1.55967 0.760845
      vertex 5.20534 -0.824445 0.647214
    endloop
  endfacet
  facet normal 0.44254 -0.106245 0.890433
    outer loop
      vertex 4.80019 -1.55967 0.760845
      vertex 5.01228 -1.62859 0.647214
      vertex 5.20534 -0.824445 0.647214
    endloop
  endfacet
  facet normal 0.152572 -0.0366287 0.987613
    outer loop
      vertex 4.7409 -0.750885 0.8
      vertex 4.56507 -1.48328 0.8
      vertex 4.98507 -0.789558 0.760845
    endloop
  endfacet
  facet normal 0.152569 -0.0366271 0.987614
    outer loop
      vertex 4.56507 -1.48328 0.8
      vertex 4.80019 -1.55967 0.760845
      vertex 4.98507 -0.789558 0.760845
    endloop
  endfacet
  facet normal -0.152572 0.0366277 0.987613
    outer loop
      vertex 4.49673 -0.712213 0.760845
      vertex 4.32996 -1.40689 0.760845
      vertex 4.7409 -0.750885 0.8
    endloop
  endfacet
  facet normal -0.152575 0.0366294 0.987613
    outer loop
      vertex 4.32996 -1.40689 0.760845
      vertex 4.56507 -1.48328 0.8
      vertex 4.7409 -0.750885 0.8
    endloop
  endfacet
  facet normal -0.442527 0.106237 0.89044
    outer loop
      vertex 4.27646 -0.677326 0.647214
      vertex 4.11786 -1.33797 0.647214
      vertex 4.49673 -0.712213 0.760845
    endloop
  endfacet
  facet normal -0.442526 0.106237 0.890441
    outer loop
      vertex 4.11786 -1.33797 0.647214
      vertex 4.32996 -1.40689 0.760845
      vertex 4.49673 -0.712213 0.760845
    endloop
  endfacet
  facet normal -0.688642 0.165335 0.706001
    outer loop
      vertex 4.10166 -0.649639 0.470228
      vertex 3.94953 -1.28328 0.470228
      vertex 4.27646 -0.677326 0.647214
    endloop
  endfacet
  facet normal -0.688621 0.165316 0.706026
    outer loop
      vertex 3.94953 -1.28328 0.470228
      vertex 4.11786 -1.33797 0.647214
      vertex 4.27646 -0.677326 0.647214
    endloop
  endfacet
  facet normal -0.866939 0.208145 0.452871
    outer loop
      vertex 3.98943 -0.631863 0.247214
      vertex 3.84146 -1.24817 0.247214
      vertex 4.10166 -0.649639 0.470228
    endloop
  endfacet
  facet normal -0.866937 0.208142 0.452876
    outer loop
      vertex 3.84146 -1.24817 0.247214
      vertex 3.94953 -1.28328 0.470228
      vertex 4.10166 -0.649639 0.470228
    endloop
  endfacet
  facet normal -0.960469 0.230576 0.155991
    outer loop
      vertex 3.95075 -0.625738 0
      vertex 3.80423 -1.23607 0
      vertex 3.98943 -0.631863 0.247214
    endloop
  endfacet
  facet normal -0.960473 0.230601 0.155932
    outer loop
      vertex 3.80423 -1.23607 0
      vertex 3.84146 -1.24817 0.247214
      vertex 3.98943 -0.631863 0.247214
    endloop
  endfacet
  facet normal -0.960464 0.230599 -0.155991
    outer loop
      vertex 3.98943 -0.631863 -0.247214
      vertex 3.84146 -1.24817 -0.247214
      vertex 3.95075 -0.625738 0
    endloop
  endfacet
  facet normal -0.960478 0.230578 -0.155932
    outer loop
      vertex 3.84146 -1.24817 -0.247214
      vertex 3.80423 -1.23607 0
      vertex 3.95075 -0.625738 0
    endloop
  endfacet
  facet normal -0.86694 0.208142 -0.452871
    outer loop
      vertex 4.10166 -0.649639 -0.470228
      vertex 3.94953 -1.28328 -0.470228
      vertex 3.98943 -0.631863 -0.247214
    endloop
  endfacet
  facet normal -0.866937 0.208144 -0.452876
    outer loop
      vertex 3.94953 -1.28328 -0.470228
      vertex 3.84146 -1.24817 -0.247214
      vertex 3.98943 -0.631863 -0.247214
    endloop
  endfacet
  facet normal -0.688644 0.165322 -0.706001
    outer loop
      vertex 4.27646 -0.677326 -0.647214
      vertex 4.11786 -1.33797 -0.647214
      vertex 4.10166 -0.649639 -0.470228
    endloop
  endfacet
  facet normal -0.688617 0.165329 -0.706026
    outer loop
      vertex 4.11786 -1.33797 -0.647214
      vertex 3.94953 -1.28328 -0.470228
      vertex 4.10166 -0.649639 -0.470228
    endloop
  endfacet
  facet normal -0.442527 0.106237 -0.89044
    outer loop
      vertex 4.49673 -0.712213 -0.760845
      vertex 4.32996 -1.40689 -0.760845
      vertex 4.27646 -0.677326 -0.647214
    endloop
  endfacet
  facet normal -0.442526 0.106237 -0.890441
    outer loop
      vertex 4.32996 -1.40689 -0.760845
      vertex 4.11786 -1.33797 -0.647214
      vertex 4.27646 -0.677326 -0.647214
    endloop
  endfacet
  facet normal -0.152572 0.0366288 -0.987613
    outer loop
      vertex 4.7409 -0.750885 -0.8
      vertex 4.56507 -1.48328 -0.8
      vertex 4.49673 -0.712213 -0.760845
    endloop
  endfacet
  facet normal -0.152575 0.0366285 -0.987613
    outer loop
      vertex 4.56507 -1.48328 -0.8
      vertex 4.32996 -1.40689 -0.760845
      vertex 4.49673 -0.712213 -0.760845
    endloop
  endfacet
  facet normal 0.152572 -0.0366278 -0.987613
    outer loop
      vertex 4.98507 -0.789558 -0.760845
      vertex 4.80019 -1.55967 -0.760845
      vertex 4.7409 -0.750885 -0.8
    endloop
  endfacet
  facet normal 0.152569 -0.036628 -0.987614
    outer loop
      vertex 4.80019 -1.55967 -0.760845
      vertex 4.56507 -1.48328 -0.8
      vertex 4.7409 -0.750885 -0.8
    endloop
  endfacet
  facet normal 0.442526 -0.106242 -0.89044
    outer loop
      vertex 5.20534 -0.824445 -0.647214
      vertex 5.01228 -1.62859 -0.647214
      vertex 4.98507 -0.789558 -0.760845
    endloop
  endfacet
  facet normal 0.442542 -0.10624 -0.890432
    outer loop
      vertex 5.01228 -1.62859 -0.647214
      vertex 4.80019 -1.55967 -0.760845
      vertex 4.98507 -0.789558 -0.760845
    endloop
  endfacet
  facet normal 0.688624 -0.165323 -0.70602
    outer loop
      vertex 5.38015 -0.852132 -0.470228
      vertex 5.18061 -1.68328 -0.470228
      vertex 5.20534 -0.824445 -0.647214
    endloop
  endfacet
  facet normal 0.688618 -0.165324 -0.706026
    outer loop
      vertex 5.18061 -1.68328 -0.470228
      vertex 5.01228 -1.62859 -0.647214
      vertex 5.20534 -0.824445 -0.647214
    endloop
  endfacet
  facet normal 0.866943 -0.208129 -0.452871
    outer loop
      vertex 5.49238 -0.869908 -0.247214
      vertex 5.28868 -1.7184 -0.247214
      vertex 5.38015 -0.852132 -0.470228
    endloop
  endfacet
  facet normal 0.866936 -0.208132 -0.452883
    outer loop
      vertex 5.28868 -1.7184 -0.247214
      vertex 5.18061 -1.68328 -0.470228
      vertex 5.38015 -0.852132 -0.470228
    endloop
  endfacet
  facet normal 0.960475 -0.230579 -0.155953
    outer loop
      vertex 5.53105 -0.876033 0
      vertex 5.32592 -1.7305 0
      vertex 5.49238 -0.869908 -0.247214
    endloop
  endfacet
  facet normal 0.960471 -0.230583 -0.15597
    outer loop
      vertex 5.32592 -1.7305 0
      vertex 5.28868 -1.7184 -0.247214
      vertex 5.49238 -0.869908 -0.247214
    endloop
  endfacet
  facet normal 0.912572 -0.378003 0.15597
    outer loop
      vertex 5.28868 -1.7184 0.247214
      vertex 4.95475 -2.52457 0.247214
      vertex 5.32592 -1.7305 0
    endloop
  endfacet
  facet normal 0.912571 -0.378 0.15598
    outer loop
      vertex 4.95475 -2.52457 0.247214
      vertex 4.98964 -2.54235 0
      vertex 5.32592 -1.7305 0
    endloop
  endfacet
  facet normal 0.8237 -0.341193 0.452886
    outer loop
      vertex 5.18061 -1.68328 0.470228
      vertex 4.8535 -2.47298 0.470228
      vertex 5.28868 -1.7184 0.247214
    endloop
  endfacet
  facet normal 0.823698 -0.34119 0.452893
    outer loop
      vertex 4.8535 -2.47298 0.470228
      vertex 4.95475 -2.52457 0.247214
      vertex 5.28868 -1.7184 0.247214
    endloop
  endfacet
  facet normal 0.654281 -0.271007 0.706025
    outer loop
      vertex 5.01228 -1.62859 0.647214
      vertex 4.69581 -2.39263 0.647214
      vertex 5.18061 -1.68328 0.470228
    endloop
  endfacet
  facet normal 0.654297 -0.271023 0.706004
    outer loop
      vertex 4.69581 -2.39263 0.647214
      vertex 4.8535 -2.47298 0.470228
      vertex 5.18061 -1.68328 0.470228
    endloop
  endfacet
  facet normal 0.42047 -0.174165 0.890434
    outer loop
      vertex 4.80019 -1.55967 0.760845
      vertex 4.4971 -2.29139 0.760845
      vertex 5.01228 -1.62859 0.647214
    endloop
  endfacet
  facet normal 0.420461 -0.174157 0.890439
    outer loop
      vertex 4.4971 -2.29139 0.760845
      vertex 4.69581 -2.39263 0.647214
      vertex 5.01228 -1.62859 0.647214
    endloop
  endfacet
  facet normal 0.144961 -0.060045 0.987614
    outer loop
      vertex 4.56507 -1.48328 0.8
      vertex 4.27683 -2.17915 0.8
      vertex 4.80019 -1.55967 0.760845
    endloop
  endfacet
  facet normal 0.144961 -0.0600451 0.987614
    outer loop
      vertex 4.27683 -2.17915 0.8
      vertex 4.4971 -2.29139 0.760845
      vertex 4.80019 -1.55967 0.760845
    endloop
  endfacet
  facet normal -0.144966 0.0600482 0.987613
    outer loop
      vertex 4.32996 -1.40689 0.760845
      vertex 4.05656 -2.06692 0.760845
      vertex 4.56507 -1.48328 0.8
    endloop
  endfacet
  facet normal -0.144963 0.060046 0.987613
    outer loop
      vertex 4.05656 -2.06692 0.760845
      vertex 4.27683 -2.17915 0.8
      vertex 4.56507 -1.48328 0.8
    endloop
  endfacet
  facet normal -0.420455 0.174161 0.890441
    outer loop
      vertex 4.11786 -1.33797 0.647214
      vertex 3.85785 -1.96568 0.647214
      vertex 4.32996 -1.40689 0.760845
    endloop
  endfacet
  facet normal -0.420458 0.174164 0.890439
    outer loop
      vertex 3.85785 -1.96568 0.647214
      vertex 4.05656 -2.06692 0.760845
      vertex 4.32996 -1.40689 0.760845
    endloop
  endfacet
  facet normal -0.654282 0.271005 0.706025
    outer loop
      vertex 3.94953 -1.28328 0.470228
      vertex 3.70016 -1.88533 0.470228
      vertex 4.11786 -1.33797 0.647214
    endloop
  endfacet
  facet normal -0.654297 0.271023 0.706004
    outer loop
      vertex 3.70016 -1.88533 0.470228
      vertex 3.85785 -1.96568 0.647214
      vertex 4.11786 -1.33797 0.647214
    endloop
  endfacet
  facet normal -0.823708 0.34119 0.452874
    outer loop
      vertex 3.84146 -1.24817 0.247214
      vertex 3.59891 -1.83374 0.247214
      vertex 3.94953 -1.28328 0.470228
    endloop
  endfacet
  facet normal -0.823702 0.341179 0.452892
    outer loop
      vertex 3.59891 -1.83374 0.247214
      vertex 3.70016 -1.88533 0.470228
      vertex 3.94953 -1.28328 0.470228
    endloop
  endfacet
  facet normal -0.912577 0.378005 0.155934
    outer loop
      vertex 3.80423 -1.23607 0
      vertex 3.56403 -1.81596 0
      vertex 3.84146 -1.24817 0.247214
    endloop
  endfacet
  facet normal -0.912577 0.378 0.155944
    outer loop
      vertex 3.56403 -1.81596 0
      vertex 3.59891 -1.83374 0.247214
      vertex 3.84146 -1.24817 0.247214
    endloop
  endfacet
  facet normal -0.912579 0.378001 -0.155934
    outer loop
      vertex 3.84146 -1.24817 -0.247214
      vertex 3.59891 -1.83374 -0.247214
      vertex 3.80423 -1.23607 0
    endloop
  endfacet
  facet normal -0.912576 0.378004 -0.155944
    outer loop
      vertex 3.59891 -1.83374 -0.247214
      vertex 3.56403 -1.81596 0
      vertex 3.80423 -1.23607 0
    endloop
  endfacet
  facet normal -0.823711 0.341182 -0.452874
    outer loop
      vertex 3.94953 -1.28328 -0.470228
      vertex 3.70016 -1.88533 -0.470228
      vertex 3.84146 -1.24817 -0.247214
    endloop
  endfacet
  facet normal -0.823699 0.341186 -0.452892
    outer loop
      vertex 3.70016 -1.88533 -0.470228
      vertex 3.59891 -1.83374 -0.247214
      vertex 3.84146 -1.24817 -0.247214
    endloop
  endfacet
  facet normal -0.654278 0.271015 -0.706025
    outer loop
      vertex 4.11786 -1.33797 -0.647214
      vertex 3.85785 -1.96568 -0.647214
      vertex 3.94953 -1.28328 -0.470228
    endloop
  endfacet
  facet normal -0.654302 0.271013 -0.706004
    outer loop
      vertex 3.85785 -1.96568 -0.647214
      vertex 3.70016 -1.88533 -0.470228
      vertex 3.94953 -1.28328 -0.470228
    endloop
  endfacet
  facet normal -0.420455 0.174162 -0.890441
    outer loop
      vertex 4.32996 -1.40689 -0.760845
      vertex 4.05656 -2.06692 -0.760845
      vertex 4.11786 -1.33797 -0.647214
    endloop
  endfacet
  facet normal -0.420459 0.174162 -0.890439
    outer loop
      vertex 4.05656 -2.06692 -0.760845
      vertex 3.85785 -1.96568 -0.647214
      vertex 4.11786 -1.33797 -0.647214
    endloop
  endfacet
  facet normal -0.144966 0.0600472 -0.987613
    outer loop
      vertex 4.56507 -1.48328 -0.8
      vertex 4.27683 -2.17915 -0.8
      vertex 4.32996 -1.40689 -0.760845
    endloop
  endfacet
  facet normal -0.144963 0.060047 -0.987613
    outer loop
      vertex 4.27683 -2.17915 -0.8
      vertex 4.05656 -2.06692 -0.760845
      vertex 4.32996 -1.40689 -0.760845
    endloop
  endfacet
  facet normal 0.144961 -0.060045 -0.987614
    outer loop
      vertex 4.80019 -1.55967 -0.760845
      vertex 4.4971 -2.29139 -0.760845
      vertex 4.56507 -1.48328 -0.8
    endloop
  endfacet
  facet normal 0.144961 -0.0600451 -0.987614
    outer loop
      vertex 4.4971 -2.29139 -0.760845
      vertex 4.27683 -2.17915 -0.8
      vertex 4.56507 -1.48328 -0.8
    endloop
  endfacet
  facet normal 0.420471 -0.174162 -0.890434
    outer loop
      vertex 5.01228 -1.62859 -0.647214
      vertex 4.69581 -2.39263 -0.647214
      vertex 4.80019 -1.55967 -0.760845
    endloop
  endfacet
  facet normal 0.420459 -0.174161 -0.890439
    outer loop
      vertex 4.69581 -2.39263 -0.647214
      vertex 4.4971 -2.29139 -0.760845
      vertex 4.80019 -1.55967 -0.760845
    endloop
  endfacet
  facet normal 0.654278 -0.271015 -0.706025
    outer loop
      vertex 5.18061 -1.68328 -0.470228
      vertex 4.8535 -2.47298 -0.470228
      vertex 5.01228 -1.62859 -0.647214
    endloop
  endfacet
  facet normal 0.654301 -0.271015 -0.706004
    outer loop
      vertex 4.8535 -2.47298 -0.470228
      vertex 4.69581 -2.39263 -0.647214
      vertex 5.01228 -1.62859 -0.647214
    endloop
  endfacet
  facet normal 0.8237 -0.341191 -0.452886
    outer loop
      vertex 5.28868 -1.7184 -0.247214
      vertex 4.95475 -2.52457 -0.247214
      vertex 5.18061 -1.68328 -0.470228
    endloop
  endfacet
  facet normal 0.823697 -0.341192 -0.452893
    outer loop
      vertex 4.95475 -2.52457 -0.247214
      vertex 4.8535 -2.47298 -0.470228
      vertex 5.18061 -1.68328 -0.470228
    endloop
  endfacet
  facet normal 0.912573 -0.378001 -0.15597
    outer loop
      vertex 5.32592 -1.7305 0
      vertex 4.98964 -2.54235 0
      vertex 5.28868 -1.7184 -0.247214
    endloop
  endfacet
  facet normal 0.91257 -0.378003 -0.15598
    outer loop
      vertex 4.98964 -2.54235 0
      vertex 4.95475 -2.52457 -0.247214
      vertex 5.28868 -1.7184 -0.247214
    endloop
  endfacet
  facet normal 0.842204 -0.516103 0.155981
    outer loop
      vertex 4.95475 -2.52457 0.247214
      vertex 4.49882 -3.26858 0.247214
      vertex 4.98964 -2.54235 0
    endloop
  endfacet
  facet normal 0.842204 -0.516102 0.155985
    outer loop
      vertex 4.49882 -3.26858 0.247214
      vertex 4.5305 -3.2916 0
      vertex 4.98964 -2.54235 0
    endloop
  endfacet
  facet normal 0.760187 -0.465837 0.452893
    outer loop
      vertex 4.8535 -2.47298 0.470228
      vertex 4.40689 -3.20179 0.470228
      vertex 4.95475 -2.52457 0.247214
    endloop
  endfacet
  facet normal 0.76019 -0.465845 0.452878
    outer loop
      vertex 4.40689 -3.20179 0.470228
      vertex 4.49882 -3.26858 0.247214
      vertex 4.95475 -2.52457 0.247214
    endloop
  endfacet
  facet normal 0.603844 -0.370041 0.706005
    outer loop
      vertex 4.69581 -2.39263 0.647214
      vertex 4.2637 -3.09776 0.647214
      vertex 4.8535 -2.47298 0.470228
    endloop
  endfacet
  facet normal 0.603832 -0.370024 0.706024
    outer loop
      vertex 4.2637 -3.09776 0.647214
      vertex 4.40689 -3.20179 0.470228
      vertex 4.8535 -2.47298 0.470228
    endloop
  endfacet
  facet normal 0.38804 -0.237792 0.890438
    outer loop
      vertex 4.4971 -2.29139 0.760845
      vertex 4.08328 -2.96668 0.760845
      vertex 4.69581 -2.39263 0.647214
    endloop
  endfacet
  facet normal 0.388043 -0.237796 0.890436
    outer loop
      vertex 4.08328 -2.96668 0.760845
      vertex 4.2637 -3.09776 0.647214
      vertex 4.69581 -2.39263 0.647214
    endloop
  endfacet
  facet normal 0.133783 -0.0819817 0.987614
    outer loop
      vertex 4.27683 -2.17915 0.8
      vertex 3.88328 -2.82137 0.8
      vertex 4.4971 -2.29139 0.760845
    endloop
  endfacet
  facet normal 0.133785 -0.0819837 0.987613
    outer loop
      vertex 3.88328 -2.82137 0.8
      vertex 4.08328 -2.96668 0.760845
      vertex 4.4971 -2.29139 0.760845
    endloop
  endfacet
  facet normal -0.133786 0.0819837 0.987613
    outer loop
      vertex 4.05656 -2.06692 0.760845
      vertex 3.68328 -2.67606 0.760845
      vertex 4.27683 -2.17915 0.8
    endloop
  endfacet
  facet normal -0.133785 0.0819831 0.987613
    outer loop
      vertex 3.68328 -2.67606 0.760845
      vertex 3.88328 -2.82137 0.8
      vertex 4.27683 -2.17915 0.8
    endloop
  endfacet
  facet normal -0.388041 0.237788 0.890438
    outer loop
      vertex 3.85785 -1.96568 0.647214
      vertex 3.50286 -2.54498 0.647214
      vertex 4.05656 -2.06692 0.760845
    endloop
  endfacet
  facet normal -0.388045 0.237793 0.890435
    outer loop
      vertex 3.50286 -2.54498 0.647214
      vertex 3.68328 -2.67606 0.760845
      vertex 4.05656 -2.06692 0.760845
    endloop
  endfacet
  facet normal -0.603843 0.370042 0.706004
    outer loop
      vertex 3.70016 -1.88533 0.470228
      vertex 3.35967 -2.44095 0.470228
      vertex 3.85785 -1.96568 0.647214
    endloop
  endfacet
  facet normal -0.603832 0.370023 0.706024
    outer loop
      vertex 3.35967 -2.44095 0.470228
      vertex 3.50286 -2.54498 0.647214
      vertex 3.85785 -1.96568 0.647214
    endloop
  endfacet
  facet normal -0.760184 0.465842 0.452893
    outer loop
      vertex 3.59891 -1.83374 0.247214
      vertex 3.26774 -2.37416 0.247214
      vertex 3.70016 -1.88533 0.470228
    endloop
  endfacet
  facet normal -0.760187 0.465851 0.452878
    outer loop
      vertex 3.26774 -2.37416 0.247214
      vertex 3.35967 -2.44095 0.470228
      vertex 3.70016 -1.88533 0.470228
    endloop
  endfacet
  facet normal -0.842207 0.516107 0.155948
    outer loop
      vertex 3.56403 -1.81596 0
      vertex 3.23607 -2.35114 0
      vertex 3.59891 -1.83374 0.247214
    endloop
  endfacet
  facet normal -0.842208 0.516106 0.155952
    outer loop
      vertex 3.23607 -2.35114 0
      vertex 3.26774 -2.37416 0.247214
      vertex 3.59891 -1.83374 0.247214
    endloop
  endfacet
  facet normal -0.842208 0.516106 -0.155948
    outer loop
      vertex 3.59891 -1.83374 -0.247214
      vertex 3.26774 -2.37416 -0.247214
      vertex 3.56403 -1.81596 0
    endloop
  endfacet
  facet normal -0.842207 0.516107 -0.155952
    outer loop
      vertex 3.26774 -2.37416 -0.247214
      vertex 3.23607 -2.35114 0
      vertex 3.56403 -1.81596 0
    endloop
  endfacet
  facet normal -0.760181 0.465847 -0.452892
    outer loop
      vertex 3.70016 -1.88533 -0.470228
      vertex 3.35967 -2.44095 -0.470228
      vertex 3.59891 -1.83374 -0.247214
    endloop
  endfacet
  facet normal -0.76019 0.465846 -0.452878
    outer loop
      vertex 3.35967 -2.44095 -0.470228
      vertex 3.26774 -2.37416 -0.247214
      vertex 3.59891 -1.83374 -0.247214
    endloop
  endfacet
  facet normal -0.603848 0.370033 -0.706005
    outer loop
      vertex 3.85785 -1.96568 -0.647214
      vertex 3.50286 -2.54498 -0.647214
      vertex 3.70016 -1.88533 -0.470228
    endloop
  endfacet
  facet normal -0.603827 0.370032 -0.706024
    outer loop
      vertex 3.50286 -2.54498 -0.647214
      vertex 3.35967 -2.44095 -0.470228
      vertex 3.70016 -1.88533 -0.470228
    endloop
  endfacet
  facet normal -0.38804 0.23779 -0.890438
    outer loop
      vertex 4.05656 -2.06692 -0.760845
      vertex 3.68328 -2.67606 -0.760845
      vertex 3.85785 -1.96568 -0.647214
    endloop
  endfacet
  facet normal -0.388046 0.237792 -0.890435
    outer loop
      vertex 3.68328 -2.67606 -0.760845
      vertex 3.50286 -2.54498 -0.647214
      vertex 3.85785 -1.96568 -0.647214
    endloop
  endfacet
  facet normal -0.133786 0.0819834 -0.987613
    outer loop
      vertex 4.27683 -2.17915 -0.8
      vertex 3.88328 -2.82137 -0.8
      vertex 4.05656 -2.06692 -0.760845
    endloop
  endfacet
  facet normal -0.133785 0.0819833 -0.987613
    outer loop
      vertex 3.88328 -2.82137 -0.8
      vertex 3.68328 -2.67606 -0.760845
      vertex 4.05656 -2.06692 -0.760845
    endloop
  endfacet
  facet normal 0.133783 -0.0819825 -0.987614
    outer loop
      vertex 4.4971 -2.29139 -0.760845
      vertex 4.08328 -2.96668 -0.760845
      vertex 4.27683 -2.17915 -0.8
    endloop
  endfacet
  facet normal 0.133785 -0.0819831 -0.987613
    outer loop
      vertex 4.08328 -2.96668 -0.760845
      vertex 3.88328 -2.82137 -0.8
      vertex 4.27683 -2.17915 -0.8
    endloop
  endfacet
  facet normal 0.388039 -0.237794 -0.890438
    outer loop
      vertex 4.69581 -2.39263 -0.647214
      vertex 4.2637 -3.09776 -0.647214
      vertex 4.4971 -2.29139 -0.760845
    endloop
  endfacet
  facet normal 0.388044 -0.237795 -0.890435
    outer loop
      vertex 4.2637 -3.09776 -0.647214
      vertex 4.08328 -2.96668 -0.760845
      vertex 4.4971 -2.29139 -0.760845
    endloop
  endfacet
  facet normal 0.603848 -0.370034 -0.706005
    outer loop
      vertex 4.8535 -2.47298 -0.470228
      vertex 4.40689 -3.20179 -0.470228
      vertex 4.69581 -2.39263 -0.647214
    endloop
  endfacet
  facet normal 0.603827 -0.370031 -0.706024
    outer loop
      vertex 4.40689 -3.20179 -0.470228
      vertex 4.2637 -3.09776 -0.647214
      vertex 4.69581 -2.39263 -0.647214
    endloop
  endfacet
  facet normal 0.760184 -0.465842 -0.452893
    outer loop
      vertex 4.95475 -2.52457 -0.247214
      vertex 4.49882 -3.26858 -0.247214
      vertex 4.8535 -2.47298 -0.470228
    endloop
  endfacet
  facet normal 0.760193 -0.465841 -0.452878
    outer loop
      vertex 4.49882 -3.26858 -0.247214
      vertex 4.40689 -3.20179 -0.470228
      vertex 4.8535 -2.47298 -0.470228
    endloop
  endfacet
  facet normal 0.842204 -0.516102 -0.155981
    outer loop
      vertex 4.98964 -2.54235 0
      vertex 4.5305 -3.2916 0
      vertex 4.95475 -2.52457 -0.247214
    endloop
  endfacet
  facet normal 0.842203 -0.516103 -0.155985
    outer loop
      vertex 4.5305 -3.2916 0
      vertex 4.49882 -3.26858 -0.247214
      vertex 4.95475 -2.52457 -0.247214
    endloop
  endfacet
  facet normal 0.751097 -0.641499 0.155987
    outer loop
      vertex 4.49882 -3.26858 0.247214
      vertex 3.93211 -3.93211 0.247214
      vertex 4.5305 -3.2916 0
    endloop
  endfacet
  facet normal 0.751097 -0.641501 0.155982
    outer loop
      vertex 3.93211 -3.93211 0.247214
      vertex 3.9598 -3.9598 0
      vertex 4.5305 -3.2916 0
    endloop
  endfacet
  facet normal 0.677956 -0.579032 0.452877
    outer loop
      vertex 4.40689 -3.20179 0.470228
      vertex 3.85176 -3.85176 0.470228
      vertex 4.49882 -3.26858 0.247214
    endloop
  endfacet
  facet normal 0.677955 -0.57903 0.452881
    outer loop
      vertex 3.85176 -3.85176 0.470228
      vertex 3.93211 -3.93211 0.247214
      vertex 4.49882 -3.26858 0.247214
    endloop
  endfacet
  facet normal 0.538511 -0.459933 0.706023
    outer loop
      vertex 4.2637 -3.09776 0.647214
      vertex 3.72661 -3.72661 0.647214
      vertex 4.40689 -3.20179 0.470228
    endloop
  endfacet
  facet normal 0.538512 -0.459935 0.70602
    outer loop
      vertex 3.72661 -3.72661 0.647214
      vertex 3.85176 -3.85176 0.470228
      vertex 4.40689 -3.20179 0.470228
    endloop
  endfacet
  facet normal 0.346069 -0.29557 0.890435
    outer loop
      vertex 4.08328 -2.96668 0.760845
      vertex 3.56892 -3.56892 0.760845
      vertex 4.2637 -3.09776 0.647214
    endloop
  endfacet
  facet normal 0.346071 -0.295573 0.890433
    outer loop
      vertex 3.56892 -3.56892 0.760845
      vertex 3.72661 -3.72661 0.647214
      vertex 4.2637 -3.09776 0.647214
    endloop
  endfacet
  facet normal 0.119312 -0.101903 0.987613
    outer loop
      vertex 3.88328 -2.82137 0.8
      vertex 3.39411 -3.39411 0.8
      vertex 4.08328 -2.96668 0.760845
    endloop
  endfacet
  facet normal 0.119311 -0.101901 0.987614
    outer loop
      vertex 3.39411 -3.39411 0.8
      vertex 3.56892 -3.56892 0.760845
      vertex 4.08328 -2.96668 0.760845
    endloop
  endfacet
  facet normal -0.119314 0.101901 0.987613
    outer loop
      vertex 3.68328 -2.67606 0.760845
      vertex 3.21931 -3.21931 0.760845
      vertex 3.88328 -2.82137 0.8
    endloop
  endfacet
  facet normal -0.119317 0.101907 0.987612
    outer loop
      vertex 3.21931 -3.21931 0.760845
      vertex 3.39411 -3.39411 0.8
      vertex 3.88328 -2.82137 0.8
    endloop
  endfacet
  facet normal -0.346067 0.295573 0.890435
    outer loop
      vertex 3.50286 -2.54498 0.647214
      vertex 3.06161 -3.06161 0.647214
      vertex 3.68328 -2.67606 0.760845
    endloop
  endfacet
  facet normal -0.346057 0.295555 0.890445
    outer loop
      vertex 3.06161 -3.06161 0.647214
      vertex 3.21931 -3.21931 0.760845
      vertex 3.68328 -2.67606 0.760845
    endloop
  endfacet
  facet normal -0.538509 0.459935 0.706023
    outer loop
      vertex 3.35967 -2.44095 0.470228
      vertex 2.93646 -2.93646 0.470228
      vertex 3.50286 -2.54498 0.647214
    endloop
  endfacet
  facet normal -0.53851 0.459937 0.70602
    outer loop
      vertex 2.93646 -2.93646 0.470228
      vertex 3.06161 -3.06161 0.647214
      vertex 3.50286 -2.54498 0.647214
    endloop
  endfacet
  facet normal -0.677953 0.579035 0.452877
    outer loop
      vertex 3.26774 -2.37416 0.247214
      vertex 2.85611 -2.85611 0.247214
      vertex 3.35967 -2.44095 0.470228
    endloop
  endfacet
  facet normal -0.677953 0.579033 0.452881
    outer loop
      vertex 2.85611 -2.85611 0.247214
      vertex 2.93646 -2.93646 0.470228
      vertex 3.35967 -2.44095 0.470228
    endloop
  endfacet
  facet normal -0.751105 0.641498 0.155957
    outer loop
      vertex 3.23607 -2.35114 0
      vertex 2.82843 -2.82843 0
      vertex 3.26774 -2.37416 0.247214
    endloop
  endfacet
  facet normal -0.751101 0.64151 0.155927
    outer loop
      vertex 2.82843 -2.82843 0
      vertex 2.85611 -2.85611 0.247214
      vertex 3.26774 -2.37416 0.247214
    endloop
  endfacet
  facet normal -0.751097 0.641507 -0.155957
    outer loop
      vertex 3.26774 -2.37416 -0.247214
      vertex 2.85611 -2.85611 -0.247214
      vertex 3.23607 -2.35114 0
    endloop
  endfacet
  facet normal -0.751108 0.641501 -0.155927
    outer loop
      vertex 2.85611 -2.85611 -0.247214
      vertex 2.82843 -2.82843 0
      vertex 3.23607 -2.35114 0
    endloop
  endfacet
  facet normal -0.677954 0.579034 -0.452877
    outer loop
      vertex 3.35967 -2.44095 -0.470228
      vertex 2.93646 -2.93646 -0.470228
      vertex 3.26774 -2.37416 -0.247214
    endloop
  endfacet
  facet normal -0.677952 0.579034 -0.452881
    outer loop
      vertex 2.93646 -2.93646 -0.470228
      vertex 2.85611 -2.85611 -0.247214
      vertex 3.26774 -2.37416 -0.247214
    endloop
  endfacet
  facet normal -0.538508 0.459936 -0.706023
    outer loop
      vertex 3.50286 -2.54498 -0.647214
      vertex 3.06161 -3.06161 -0.647214
      vertex 3.35967 -2.44095 -0.470228
    endloop
  endfacet
  facet normal -0.538511 0.459937 -0.70602
    outer loop
      vertex 3.06161 -3.06161 -0.647214
      vertex 2.93646 -2.93646 -0.470228
      vertex 3.35967 -2.44095 -0.470228
    endloop
  endfacet
  facet normal -0.346071 0.295567 -0.890435
    outer loop
      vertex 3.68328 -2.67606 -0.760845
      vertex 3.21931 -3.21931 -0.760845
      vertex 3.50286 -2.54498 -0.647214
    endloop
  endfacet
  facet normal -0.346052 0.29556 -0.890445
    outer loop
      vertex 3.21931 -3.21931 -0.760845
      vertex 3.06161 -3.06161 -0.647214
      vertex 3.50286 -2.54498 -0.647214
    endloop
  endfacet
  facet normal -0.119312 0.101903 -0.987613
    outer loop
      vertex 3.88328 -2.82137 -0.8
      vertex 3.39411 -3.39411 -0.8
      vertex 3.68328 -2.67606 -0.760845
    endloop
  endfacet
  facet normal -0.119318 0.101906 -0.987612
    outer loop
      vertex 3.39411 -3.39411 -0.8
      vertex 3.21931 -3.21931 -0.760845
      vertex 3.68328 -2.67606 -0.760845
    endloop
  endfacet
  facet normal 0.119313 -0.101902 -0.987613
    outer loop
      vertex 4.08328 -2.96668 -0.760845
      vertex 3.56892 -3.56892 -0.760845
      vertex 3.88328 -2.82137 -0.8
    endloop
  endfacet
  facet normal 0.11931 -0.101901 -0.987614
    outer loop
      vertex 3.56892 -3.56892 -0.760845
      vertex 3.39411 -3.39411 -0.8
      vertex 3.88328 -2.82137 -0.8
    endloop
  endfacet
  facet normal 0.346068 -0.295571 -0.890435
    outer loop
      vertex 4.2637 -3.09776 -0.647214
      vertex 3.72661 -3.72661 -0.647214
      vertex 4.08328 -2.96668 -0.760845
    endloop
  endfacet
  facet normal 0.346072 -0.295572 -0.890433
    outer loop
      vertex 3.72661 -3.72661 -0.647214
      vertex 3.56892 -3.56892 -0.760845
      vertex 4.08328 -2.96668 -0.760845
    endloop
  endfacet
  facet normal 0.53851 -0.459934 -0.706023
    outer loop
      vertex 4.40689 -3.20179 -0.470228
      vertex 3.85176 -3.85176 -0.470228
      vertex 4.2637 -3.09776 -0.647214
    endloop
  endfacet
  facet normal 0.538513 -0.459934 -0.70602
    outer loop
      vertex 3.85176 -3.85176 -0.470228
      vertex 3.72661 -3.72661 -0.647214
      vertex 4.2637 -3.09776 -0.647214
    endloop
  endfacet
  facet normal 0.677956 -0.579031 -0.452877
    outer loop
      vertex 4.49882 -3.26858 -0.247214
      vertex 3.93211 -3.93211 -0.247214
      vertex 4.40689 -3.20179 -0.470228
    endloop
  endfacet
  facet normal 0.677954 -0.579031 -0.452881
    outer loop
      vertex 3.93211 -3.93211 -0.247214
      vertex 3.85176 -3.85176 -0.470228
      vertex 4.40689 -3.20179 -0.470228
    endloop
  endfacet
  facet normal 0.751096 -0.6415 -0.155987
    outer loop
      vertex 4.5305 -3.2916 0
      vertex 3.9598 -3.9598 0
      vertex 4.49882 -3.26858 -0.247214
    endloop
  endfacet
  facet normal 0.751097 -0.6415 -0.155982
    outer loop
      vertex 3.9598 -3.9598 0
      vertex 3.93211 -3.93211 -0.247214
      vertex 4.49882 -3.26858 -0.247214
    endloop
  endfacet
  facet normal 0.6415 -0.751097 0.155982
    outer loop
      vertex 3.93211 -3.93211 0.247214
      vertex 3.26858 -4.49882 0.247214
      vertex 3.9598 -3.9598 0
    endloop
  endfacet
  facet normal 0.6415 -0.751096 0.155987
    outer loop
      vertex 3.26858 -4.49882 0.247214
      vertex 3.2916 -4.5305 0
      vertex 3.9598 -3.9598 0
    endloop
  endfacet
  facet normal 0.579031 -0.677954 0.452881
    outer loop
      vertex 3.85176 -3.85176 0.470228
      vertex 3.20179 -4.40689 0.470228
      vertex 3.93211 -3.93211 0.247214
    endloop
  endfacet
  facet normal 0.579031 -0.677956 0.452877
    outer loop
      vertex 3.20179 -4.40689 0.470228
      vertex 3.26858 -4.49882 0.247214
      vertex 3.93211 -3.93211 0.247214
    endloop
  endfacet
  facet normal 0.459934 -0.538513 0.70602
    outer loop
      vertex 3.72661 -3.72661 0.647214
      vertex 3.09776 -4.2637 0.647214
      vertex 3.85176 -3.85176 0.470228
    endloop
  endfacet
  facet normal 0.459934 -0.53851 0.706023
    outer loop
      vertex 3.09776 -4.2637 0.647214
      vertex 3.20179 -4.40689 0.470228
      vertex 3.85176 -3.85176 0.470228
    endloop
  endfacet
  facet normal 0.295572 -0.346072 0.890433
    outer loop
      vertex 3.56892 -3.56892 0.760845
      vertex 2.96668 -4.08328 0.760845
      vertex 3.72661 -3.72661 0.647214
    endloop
  endfacet
  facet normal 0.295571 -0.346068 0.890435
    outer loop
      vertex 2.96668 -4.08328 0.760845
      vertex 3.09776 -4.2637 0.647214
      vertex 3.72661 -3.72661 0.647214
    endloop
  endfacet
  facet normal 0.101901 -0.11931 0.987614
    outer loop
      vertex 3.39411 -3.39411 0.8
      vertex 2.82137 -3.88328 0.8
      vertex 3.56892 -3.56892 0.760845
    endloop
  endfacet
  facet normal 0.101902 -0.119313 0.987613
    outer loop
      vertex 2.82137 -3.88328 0.8
      vertex 2.96668 -4.08328 0.760845
      vertex 3.56892 -3.56892 0.760845
    endloop
  endfacet
  facet normal -0.101906 0.119318 0.987612
    outer loop
      vertex 3.21931 -3.21931 0.760845
      vertex 2.67606 -3.68328 0.760845
      vertex 3.39411 -3.39411 0.8
    endloop
  endfacet
  facet normal -0.101903 0.119312 0.987613
    outer loop
      vertex 2.67606 -3.68328 0.760845
      vertex 2.82137 -3.88328 0.8
      vertex 3.39411 -3.39411 0.8
    endloop
  endfacet
  facet normal -0.29556 0.346052 0.890445
    outer loop
      vertex 3.06161 -3.06161 0.647214
      vertex 2.54498 -3.50286 0.647214
      vertex 3.21931 -3.21931 0.760845
    endloop
  endfacet
  facet normal -0.295567 0.346071 0.890435
    outer loop
      vertex 2.54498 -3.50286 0.647214
      vertex 2.67606 -3.68328 0.760845
      vertex 3.21931 -3.21931 0.760845
    endloop
  endfacet
  facet normal -0.459937 0.538511 0.70602
    outer loop
      vertex 2.93646 -2.93646 0.470228
      vertex 2.44095 -3.35967 0.470228
      vertex 3.06161 -3.06161 0.647214
    endloop
  endfacet
  facet normal -0.459936 0.538508 0.706023
    outer loop
      vertex 2.44095 -3.35967 0.470228
      vertex 2.54498 -3.50286 0.647214
      vertex 3.06161 -3.06161 0.647214
    endloop
  endfacet
  facet normal -0.579034 0.677952 0.452881
    outer loop
      vertex 2.85611 -2.85611 0.247214
      vertex 2.37416 -3.26774 0.247214
      vertex 2.93646 -2.93646 0.470228
    endloop
  endfacet
  facet normal -0.579034 0.677954 0.452877
    outer loop
      vertex 2.37416 -3.26774 0.247214
      vertex 2.44095 -3.35967 0.470228
      vertex 2.93646 -2.93646 0.470228
    endloop
  endfacet
  facet normal -0.641501 0.751108 0.155927
    outer loop
      vertex 2.82843 -2.82843 0
      vertex 2.35114 -3.23607 0
      vertex 2.85611 -2.85611 0.247214
    endloop
  endfacet
  facet normal -0.641507 0.751097 0.155957
    outer loop
      vertex 2.35114 -3.23607 0
      vertex 2.37416 -3.26774 0.247214
      vertex 2.85611 -2.85611 0.247214
    endloop
  endfacet
  facet normal -0.64151 0.751101 -0.155927
    outer loop
      vertex 2.85611 -2.85611 -0.247214
      vertex 2.37416 -3.26774 -0.247214
      vertex 2.82843 -2.82843 0
    endloop
  endfacet
  facet normal -0.641498 0.751105 -0.155957
    outer loop
      vertex 2.37416 -3.26774 -0.247214
      vertex 2.35114 -3.23607 0
      vertex 2.82843 -2.82843 0
    endloop
  endfacet
  facet normal -0.579033 0.677953 -0.452881
    outer loop
      vertex 2.93646 -2.93646 -0.470228
      vertex 2.44095 -3.35967 -0.470228
      vertex 2.85611 -2.85611 -0.247214
    endloop
  endfacet
  facet normal -0.579035 0.677953 -0.452877
    outer loop
      vertex 2.44095 -3.35967 -0.470228
      vertex 2.37416 -3.26774 -0.247214
      vertex 2.85611 -2.85611 -0.247214
    endloop
  endfacet
  facet normal -0.459937 0.53851 -0.70602
    outer loop
      vertex 3.06161 -3.06161 -0.647214
      vertex 2.54498 -3.50286 -0.647214
      vertex 2.93646 -2.93646 -0.470228
    endloop
  endfacet
  facet normal -0.459935 0.538509 -0.706023
    outer loop
      vertex 2.54498 -3.50286 -0.647214
      vertex 2.44095 -3.35967 -0.470228
      vertex 2.93646 -2.93646 -0.470228
    endloop
  endfacet
  facet normal -0.295555 0.346057 -0.890445
    outer loop
      vertex 3.21931 -3.21931 -0.760845
      vertex 2.67606 -3.68328 -0.760845
      vertex 3.06161 -3.06161 -0.647214
    endloop
  endfacet
  facet normal -0.295573 0.346067 -0.890435
    outer loop
      vertex 2.67606 -3.68328 -0.760845
      vertex 2.54498 -3.50286 -0.647214
      vertex 3.06161 -3.06161 -0.647214
    endloop
  endfacet
  facet normal -0.101907 0.119317 -0.987612
    outer loop
      vertex 3.39411 -3.39411 -0.8
      vertex 2.82137 -3.88328 -0.8
      vertex 3.21931 -3.21931 -0.760845
    endloop
  endfacet
  facet normal -0.101901 0.119314 -0.987613
    outer loop
      vertex 2.82137 -3.88328 -0.8
      vertex 2.67606 -3.68328 -0.760845
      vertex 3.21931 -3.21931 -0.760845
    endloop
  endfacet
  facet normal 0.101901 -0.119311 -0.987614
    outer loop
      vertex 3.56892 -3.56892 -0.760845
      vertex 2.96668 -4.08328 -0.760845
      vertex 3.39411 -3.39411 -0.8
    endloop
  endfacet
  facet normal 0.101903 -0.119312 -0.987613
    outer loop
      vertex 2.96668 -4.08328 -0.760845
      vertex 2.82137 -3.88328 -0.8
      vertex 3.39411 -3.39411 -0.8
    endloop
  endfacet
  facet normal 0.295573 -0.346071 -0.890433
    outer loop
      vertex 3.72661 -3.72661 -0.647214
      vertex 3.09776 -4.2637 -0.647214
      vertex 3.56892 -3.56892 -0.760845
    endloop
  endfacet
  facet normal 0.29557 -0.346069 -0.890435
    outer loop
      vertex 3.09776 -4.2637 -0.647214
      vertex 2.96668 -4.08328 -0.760845
      vertex 3.56892 -3.56892 -0.760845
    endloop
  endfacet
  facet normal 0.459935 -0.538512 -0.70602
    outer loop
      vertex 3.85176 -3.85176 -0.470228
      vertex 3.20179 -4.40689 -0.470228
      vertex 3.72661 -3.72661 -0.647214
    endloop
  endfacet
  facet normal 0.459933 -0.538511 -0.706023
    outer loop
      vertex 3.20179 -4.40689 -0.470228
      vertex 3.09776 -4.2637 -0.647214
      vertex 3.72661 -3.72661 -0.647214
    endloop
  endfacet
  facet normal 0.57903 -0.677955 -0.452881
    outer loop
      vertex 3.93211 -3.93211 -0.247214
      vertex 3.26858 -4.49882 -0.247214
      vertex 3.85176 -3.85176 -0.470228
    endloop
  endfacet
  facet normal 0.579032 -0.677956 -0.452877
    outer loop
      vertex 3.26858 -4.49882 -0.247214
      vertex 3.20179 -4.40689 -0.470228
      vertex 3.85176 -3.85176 -0.470228
    endloop
  endfacet
  facet normal 0.641501 -0.751097 -0.155982
    outer loop
      vertex 3.9598 -3.9598 0
      vertex 3.2916 -4.5305 0
      vertex 3.93211 -3.93211 -0.247214
    endloop
  endfacet
  facet normal 0.641499 -0.751097 -0.155987
    outer loop
      vertex 3.2916 -4.5305 0
      vertex 3.26858 -4.49882 -0.247214
      vertex 3.93211 -3.93211 -0.247214
    endloop
  endfacet
  facet normal 0.516103 -0.842203 0.155985
    outer loop
      vertex 3.26858 -4.49882 0.247214
      vertex 2.52457 -4.95475 0.247214
      vertex 3.2916 -4.5305 0
    endloop
  endfacet
  facet normal 0.516102 -0.842204 0.155981
    outer loop
      vertex 2.52457 -4.95475 0.247214
      vertex 2.54235 -4.98964 0
      vertex 3.2916 -4.5305 0
    endloop
  endfacet
  facet normal 0.465841 -0.760193 0.452878
    outer loop
      vertex 3.20179 -4.40689 0.470228
      vertex 2.47298 -4.8535 0.470228
      vertex 3.26858 -4.49882 0.247214
    endloop
  endfacet
  facet normal 0.465842 -0.760184 0.452893
    outer loop
      vertex 2.47298 -4.8535 0.470228
      vertex 2.52457 -4.95475 0.247214
      vertex 3.26858 -4.49882 0.247214
    endloop
  endfacet
  facet normal 0.370031 -0.603827 0.706024
    outer loop
      vertex 3.09776 -4.2637 0.647214
      vertex 2.39263 -4.69581 0.647214
      vertex 3.20179 -4.40689 0.470228
    endloop
  endfacet
  facet normal 0.370034 -0.603848 0.706005
    outer loop
      vertex 2.39263 -4.69581 0.647214
      vertex 2.47298 -4.8535 0.470228
      vertex 3.20179 -4.40689 0.470228
    endloop
  endfacet
  facet normal 0.237795 -0.388044 0.890435
    outer loop
      vertex 2.96668 -4.08328 0.760845
      vertex 2.29139 -4.4971 0.760845
      vertex 3.09776 -4.2637 0.647214
    endloop
  endfacet
  facet normal 0.237794 -0.388039 0.890438
    outer loop
      vertex 2.29139 -4.4971 0.760845
      vertex 2.39263 -4.69581 0.647214
      vertex 3.09776 -4.2637 0.647214
    endloop
  endfacet
  facet normal 0.0819831 -0.133785 0.987613
    outer loop
      vertex 2.82137 -3.88328 0.8
      vertex 2.17915 -4.27683 0.8
      vertex 2.96668 -4.08328 0.760845
    endloop
  endfacet
  facet normal 0.0819825 -0.133783 0.987614
    outer loop
      vertex 2.17915 -4.27683 0.8
      vertex 2.29139 -4.4971 0.760845
      vertex 2.96668 -4.08328 0.760845
    endloop
  endfacet
  facet normal -0.0819833 0.133785 0.987613
    outer loop
      vertex 2.67606 -3.68328 0.760845
      vertex 2.06692 -4.05656 0.760845
      vertex 2.82137 -3.88328 0.8
    endloop
  endfacet
  facet normal -0.0819834 0.133786 0.987613
    outer loop
      vertex 2.06692 -4.05656 0.760845
      vertex 2.17915 -4.27683 0.8
      vertex 2.82137 -3.88328 0.8
    endloop
  endfacet
  facet normal -0.237792 0.388046 0.890435
    outer loop
      vertex 2.54498 -3.50286 0.647214
      vertex 1.96568 -3.85785 0.647214
      vertex 2.67606 -3.68328 0.760845
    endloop
  endfacet
  facet normal -0.23779 0.38804 0.890438
    outer loop
      vertex 1.96568 -3.85785 0.647214
      vertex 2.06692 -4.05656 0.760845
      vertex 2.67606 -3.68328 0.760845
    endloop
  endfacet
  facet normal -0.370032 0.603827 0.706024
    outer loop
      vertex 2.44095 -3.35967 0.470228
      vertex 1.88533 -3.70016 0.470228
      vertex 2.54498 -3.50286 0.647214
    endloop
  endfacet
  facet normal -0.370033 0.603848 0.706005
    outer loop
      vertex 1.88533 -3.70016 0.470228
      vertex 1.96568 -3.85785 0.647214
      vertex 2.54498 -3.50286 0.647214
    endloop
  endfacet
  facet normal -0.465846 0.76019 0.452878
    outer loop
      vertex 2.37416 -3.26774 0.247214
      vertex 1.83374 -3.59891 0.247214
      vertex 2.44095 -3.35967 0.470228
    endloop
  endfacet
  facet normal -0.465847 0.760181 0.452892
    outer loop
      vertex 1.83374 -3.59891 0.247214
      vertex 1.88533 -3.70016 0.470228
      vertex 2.44095 -3.35967 0.470228
    endloop
  endfacet
  facet normal -0.516107 0.842207 0.155952
    outer loop
      vertex 2.35114 -3.23607 0
      vertex 1.81596 -3.56403 0
      vertex 2.37416 -3.26774 0.247214
    endloop
  endfacet
  facet normal -0.516106 0.842208 0.155948
    outer loop
      vertex 1.81596 -3.56403 0
      vertex 1.83374 -3.59891 0.247214
      vertex 2.37416 -3.26774 0.247214
    endloop
  endfacet
  facet normal -0.516106 0.842208 -0.155952
    outer loop
      vertex 2.37416 -3.26774 -0.247214
      vertex 1.83374 -3.59891 -0.247214
      vertex 2.35114 -3.23607 0
    endloop
  endfacet
  facet normal -0.516107 0.842207 -0.155948
    outer loop
      vertex 1.83374 -3.59891 -0.247214
      vertex 1.81596 -3.56403 0
      vertex 2.35114 -3.23607 0
    endloop
  endfacet
  facet normal -0.465851 0.760187 -0.452878
    outer loop
      vertex 2.44095 -3.35967 -0.470228
      vertex 1.88533 -3.70016 -0.470228
      vertex 2.37416 -3.26774 -0.247214
    endloop
  endfacet
  facet normal -0.465842 0.760184 -0.452893
    outer loop
      vertex 1.88533 -3.70016 -0.470228
      vertex 1.83374 -3.59891 -0.247214
      vertex 2.37416 -3.26774 -0.247214
    endloop
  endfacet
  facet normal -0.370023 0.603832 -0.706024
    outer loop
      vertex 2.54498 -3.50286 -0.647214
      vertex 1.96568 -3.85785 -0.647214
      vertex 2.44095 -3.35967 -0.470228
    endloop
  endfacet
  facet normal -0.370042 0.603843 -0.706004
    outer loop
      vertex 1.96568 -3.85785 -0.647214
      vertex 1.88533 -3.70016 -0.470228
      vertex 2.44095 -3.35967 -0.470228
    endloop
  endfacet
  facet normal -0.237793 0.388045 -0.890435
    outer loop
      vertex 2.67606 -3.68328 -0.760845
      vertex 2.06692 -4.05656 -0.760845
      vertex 2.54498 -3.50286 -0.647214
    endloop
  endfacet
  facet normal -0.237788 0.388041 -0.890438
    outer loop
      vertex 2.06692 -4.05656 -0.760845
      vertex 1.96568 -3.85785 -0.647214
      vertex 2.54498 -3.50286 -0.647214
    endloop
  endfacet
  facet normal -0.0819831 0.133785 -0.987613
    outer loop
      vertex 2.82137 -3.88328 -0.8
      vertex 2.17915 -4.27683 -0.8
      vertex 2.67606 -3.68328 -0.760845
    endloop
  endfacet
  facet normal -0.0819837 0.133786 -0.987613
    outer loop
      vertex 2.17915 -4.27683 -0.8
      vertex 2.06692 -4.05656 -0.760845
      vertex 2.67606 -3.68328 -0.760845
    endloop
  endfacet
  facet normal 0.0819837 -0.133785 -0.987613
    outer loop
      vertex 2.96668 -4.08328 -0.760845
      vertex 2.29139 -4.4971 -0.760845
      vertex 2.82137 -3.88328 -0.8
    endloop
  endfacet
  facet normal 0.0819817 -0.133783 -0.987614
    outer loop
      vertex 2.29139 -4.4971 -0.760845
      vertex 2.17915 -4.27683 -0.8
      vertex 2.82137 -3.88328 -0.8
    endloop
  endfacet
  facet normal 0.237796 -0.388043 -0.890436
    outer loop
      vertex 3.09776 -4.2637 -0.647214
      vertex 2.39263 -4.69581 -0.647214
      vertex 2.96668 -4.08328 -0.760845
    endloop
  endfacet
  facet normal 0.237792 -0.38804 -0.890438
    outer loop
      vertex 2.39263 -4.69581 -0.647214
      vertex 2.29139 -4.4971 -0.760845
      vertex 2.96668 -4.08328 -0.760845
    endloop
  endfacet
  facet normal 0.370024 -0.603832 -0.706024
    outer loop
      vertex 3.20179 -4.40689 -0.470228
      vertex 2.47298 -4.8535 -0.470228
      vertex 3.09776 -4.2637 -0.647214
    endloop
  endfacet
  facet normal 0.370041 -0.603844 -0.706005
    outer loop
      vertex 2.47298 -4.8535 -0.470228
      vertex 2.39263 -4.69581 -0.647214
      vertex 3.09776 -4.2637 -0.647214
    endloop
  endfacet
  facet normal 0.465845 -0.76019 -0.452878
    outer loop
      vertex 3.26858 -4.49882 -0.247214
      vertex 2.52457 -4.95475 -0.247214
      vertex 3.20179 -4.40689 -0.470228
    endloop
  endfacet
  facet normal 0.465837 -0.760187 -0.452893
    outer loop
      vertex 2.52457 -4.95475 -0.247214
      vertex 2.47298 -4.8535 -0.470228
      vertex 3.20179 -4.40689 -0.470228
    endloop
  endfacet
  facet normal 0.516102 -0.842204 -0.155985
    outer loop
      vertex 3.2916 -4.5305 0
      vertex 2.54235 -4.98964 0
      vertex 3.26858 -4.49882 -0.247214
    endloop
  endfacet
  facet normal 0.516103 -0.842204 -0.155981
    outer loop
      vertex 2.54235 -4.98964 0
      vertex 2.52457 -4.95475 -0.247214
      vertex 3.26858 -4.49882 -0.247214
    endloop
  endfacet
  facet normal 0.378003 -0.91257 0.15598
    outer loop
      vertex 2.52457 -4.95475 0.247214
      vertex 1.7184 -5.28868 0.247214
      vertex 2.54235 -4.98964 0
    endloop
  endfacet
  facet normal 0.378001 -0.912573 0.15597
    outer loop
      vertex 1.7184 -5.28868 0.247214
      vertex 1.7305 -5.32592 0
      vertex 2.54235 -4.98964 0
    endloop
  endfacet
  facet normal 0.341192 -0.823697 0.452893
    outer loop
      vertex 2.47298 -4.8535 0.470228
      vertex 1.68328 -5.18061 0.470228
      vertex 2.52457 -4.95475 0.247214
    endloop
  endfacet
  facet normal 0.341191 -0.8237 0.452886
    outer loop
      vertex 1.68328 -5.18061 0.470228
      vertex 1.7184 -5.28868 0.247214
      vertex 2.52457 -4.95475 0.247214
    endloop
  endfacet
  facet normal 0.271015 -0.654301 0.706004
    outer loop
      vertex 2.39263 -4.69581 0.647214
      vertex 1.62859 -5.01228 0.647214
      vertex 2.47298 -4.8535 0.470228
    endloop
  endfacet
  facet normal 0.271015 -0.654278 0.706025
    outer loop
      vertex 1.62859 -5.01228 0.647214
      vertex 1.68328 -5.18061 0.470228
      vertex 2.47298 -4.8535 0.470228
    endloop
  endfacet
  facet normal 0.174161 -0.420459 0.890439
    outer loop
      vertex 2.29139 -4.4971 0.760845
      vertex 1.55967 -4.80019 0.760845
      vertex 2.39263 -4.69581 0.647214
    endloop
  endfacet
  facet normal 0.174162 -0.420471 0.890434
    outer loop
      vertex 1.55967 -4.80019 0.760845
      vertex 1.62859 -5.01228 0.647214
      vertex 2.39263 -4.69581 0.647214
    endloop
  endfacet
  facet normal 0.0600451 -0.144961 0.987614
    outer loop
      vertex 2.17915 -4.27683 0.8
      vertex 1.48328 -4.56507 0.8
      vertex 2.29139 -4.4971 0.760845
    endloop
  endfacet
  facet normal 0.060045 -0.144961 0.987614
    outer loop
      vertex 1.48328 -4.56507 0.8
      vertex 1.55967 -4.80019 0.760845
      vertex 2.29139 -4.4971 0.760845
    endloop
  endfacet
  facet normal -0.060047 0.144963 0.987613
    outer loop
      vertex 2.06692 -4.05656 0.760845
      vertex 1.40689 -4.32996 0.760845
      vertex 2.17915 -4.27683 0.8
    endloop
  endfacet
  facet normal -0.0600472 0.144966 0.987613
    outer loop
      vertex 1.40689 -4.32996 0.760845
      vertex 1.48328 -4.56507 0.8
      vertex 2.17915 -4.27683 0.8
    endloop
  endfacet
  facet normal -0.174162 0.420459 0.890439
    outer loop
      vertex 1.96568 -3.85785 0.647214
      vertex 1.33797 -4.11786 0.647214
      vertex 2.06692 -4.05656 0.760845
    endloop
  endfacet
  facet normal -0.174162 0.420455 0.890441
    outer loop
      vertex 1.33797 -4.11786 0.647214
      vertex 1.40689 -4.32996 0.760845
      vertex 2.06692 -4.05656 0.760845
    endloop
  endfacet
  facet normal -0.271013 0.654302 0.706004
    outer loop
      vertex 1.88533 -3.70016 0.470228
      vertex 1.28328 -3.94953 0.470228
      vertex 1.96568 -3.85785 0.647214
    endloop
  endfacet
  facet normal -0.271015 0.654278 0.706025
    outer loop
      vertex 1.28328 -3.94953 0.470228
      vertex 1.33797 -4.11786 0.647214
      vertex 1.96568 -3.85785 0.647214
    endloop
  endfacet
  facet normal -0.341186 0.823699 0.452892
    outer loop
      vertex 1.83374 -3.59891 0.247214
      vertex 1.24817 -3.84146 0.247214
      vertex 1.88533 -3.70016 0.470228
    endloop
  endfacet
  facet normal -0.341182 0.823711 0.452874
    outer loop
      vertex 1.24817 -3.84146 0.247214
      vertex 1.28328 -3.94953 0.470228
      vertex 1.88533 -3.70016 0.470228
    endloop
  endfacet
  facet normal -0.378004 0.912576 0.155944
    outer loop
      vertex 1.81596 -3.56403 0
      vertex 1.23607 -3.80423 0
      vertex 1.83374 -3.59891 0.247214
    endloop
  endfacet
  facet normal -0.378001 0.912579 0.155934
    outer loop
      vertex 1.23607 -3.80423 0
      vertex 1.24817 -3.84146 0.247214
      vertex 1.83374 -3.59891 0.247214
    endloop
  endfacet
  facet normal -0.378 0.912577 -0.155944
    outer loop
      vertex 1.83374 -3.59891 -0.247214
      vertex 1.24817 -3.84146 -0.247214
      vertex 1.81596 -3.56403 0
    endloop
  endfacet
  facet normal -0.378005 0.912577 -0.155934
    outer loop
      vertex 1.24817 -3.84146 -0.247214
      vertex 1.23607 -3.80423 0
      vertex 1.81596 -3.56403 0
    endloop
  endfacet
  facet normal -0.341179 0.823702 -0.452892
    outer loop
      vertex 1.88533 -3.70016 -0.470228
      vertex 1.28328 -3.94953 -0.470228
      vertex 1.83374 -3.59891 -0.247214
    endloop
  endfacet
  facet normal -0.34119 0.823708 -0.452874
    outer loop
      vertex 1.28328 -3.94953 -0.470228
      vertex 1.24817 -3.84146 -0.247214
      vertex 1.83374 -3.59891 -0.247214
    endloop
  endfacet
  facet normal -0.271023 0.654297 -0.706004
    outer loop
      vertex 1.96568 -3.85785 -0.647214
      vertex 1.33797 -4.11786 -0.647214
      vertex 1.88533 -3.70016 -0.470228
    endloop
  endfacet
  facet normal -0.271005 0.654282 -0.706025
    outer loop
      vertex 1.33797 -4.11786 -0.647214
      vertex 1.28328 -3.94953 -0.470228
      vertex 1.88533 -3.70016 -0.470228
    endloop
  endfacet
  facet normal -0.174164 0.420458 -0.890439
    outer loop
      vertex 2.06692 -4.05656 -0.760845
      vertex 1.40689 -4.32996 -0.760845
      vertex 1.96568 -3.85785 -0.647214
    endloop
  endfacet
  facet normal -0.174161 0.420455 -0.890441
    outer loop
      vertex 1.40689 -4.32996 -0.760845
      vertex 1.33797 -4.11786 -0.647214
      vertex 1.96568 -3.85785 -0.647214
    endloop
  endfacet
  facet normal -0.060046 0.144963 -0.987613
    outer loop
      vertex 2.17915 -4.27683 -0.8
      vertex 1.48328 -4.56507 -0.8
      vertex 2.06692 -4.05656 -0.760845
    endloop
  endfacet
  facet normal -0.0600482 0.144966 -0.987613
    outer loop
      vertex 1.48328 -4.56507 -0.8
      vertex 1.40689 -4.32996 -0.760845
      vertex 2.06692 -4.05656 -0.760845
    endloop
  endfacet
  facet normal 0.0600451 -0.144961 -0.987614
    outer loop
      vertex 2.29139 -4.4971 -0.760845
      vertex 1.55967 -4.80019 -0.760845
      vertex 2.17915 -4.27683 -0.8
    endloop
  endfacet
  facet normal 0.060045 -0.144961 -0.987614
    outer loop
      vertex 1.55967 -4.80019 -0.760845
      vertex 1.48328 -4.56507 -0.8
      vertex 2.17915 -4.27683 -0.8
    endloop
  endfacet
  facet normal 0.174157 -0.420461 -0.890439
    outer loop
      vertex 2.39263 -4.69581 -0.647214
      vertex 1.62859 -5.01228 -0.647214
      vertex 2.29139 -4.4971 -0.760845
    endloop
  endfacet
  facet normal 0.174165 -0.42047 -0.890434
    outer loop
      vertex 1.62859 -5.01228 -0.647214
      vertex 1.55967 -4.80019 -0.760845
      vertex 2.29139 -4.4971 -0.760845
    endloop
  endfacet
  facet normal 0.271023 -0.654297 -0.706004
    outer loop
      vertex 2.47298 -4.8535 -0.470228
      vertex 1.68328 -5.18061 -0.470228
      vertex 2.39263 -4.69581 -0.647214
    endloop
  endfacet
  facet normal 0.271007 -0.654281 -0.706025
    outer loop
      vertex 1.68328 -5.18061 -0.470228
      vertex 1.62859 -5.01228 -0.647214
      vertex 2.39263 -4.69581 -0.647214
    endloop
  endfacet
  facet normal 0.34119 -0.823698 -0.452893
    outer loop
      vertex 2.52457 -4.95475 -0.247214
      vertex 1.7184 -5.28868 -0.247214
      vertex 2.47298 -4.8535 -0.470228
    endloop
  endfacet
  facet normal 0.341193 -0.8237 -0.452886
    outer loop
      vertex 1.7184 -5.28868 -0.247214
      vertex 1.68328 -5.18061 -0.470228
      vertex 2.47298 -4.8535 -0.470228
    endloop
  endfacet
  facet normal 0.378 -0.912571 -0.15598
    outer loop
      vertex 2.54235 -4.98964 0
      vertex 1.7305 -5.32592 0
      vertex 2.52457 -4.95475 -0.247214
    endloop
  endfacet
  facet normal 0.378003 -0.912572 -0.15597
    outer loop
      vertex 1.7305 -5.32592 0
      vertex 1.7184 -5.28868 -0.247214
      vertex 2.52457 -4.95475 -0.247214
    endloop
  endfacet
  facet normal 0.230583 -0.960471 0.15597
    outer loop
      vertex 1.7184 -5.28868 0.247214
      vertex 0.869908 -5.49238 0.247214
      vertex 1.7305 -5.32592 0
    endloop
  endfacet
  facet normal 0.230579 -0.960475 0.155953
    outer loop
      vertex 0.869908 -5.49238 0.247214
      vertex 0.876033 -5.53105 0
      vertex 1.7305 -5.32592 0
    endloop
  endfacet
  facet normal 0.208132 -0.866936 0.452883
    outer loop
      vertex 1.68328 -5.18061 0.470228
      vertex 0.852132 -5.38015 0.470228
      vertex 1.7184 -5.28868 0.247214
    endloop
  endfacet
  facet normal 0.208129 -0.866943 0.452871
    outer loop
      vertex 0.852132 -5.38015 0.470228
      vertex 0.869908 -5.49238 0.247214
      vertex 1.7184 -5.28868 0.247214
    endloop
  endfacet
  facet normal 0.165324 -0.688618 0.706026
    outer loop
      vertex 1.62859 -5.01228 0.647214
      vertex 0.824445 -5.20534 0.647214
      vertex 1.68328 -5.18061 0.470228
    endloop
  endfacet
  facet normal 0.165323 -0.688624 0.70602
    outer loop
      vertex 0.824445 -5.20534 0.647214
      vertex 0.852132 -5.38015 0.470228
      vertex 1.68328 -5.18061 0.470228
    endloop
  endfacet
  facet normal 0.10624 -0.442542 0.890432
    outer loop
      vertex 1.55967 -4.80019 0.760845
      vertex 0.789558 -4.98507 0.760845
      vertex 1.62859 -5.01228 0.647214
    endloop
  endfacet
  facet normal 0.106242 -0.442526 0.89044
    outer loop
      vertex 0.789558 -4.98507 0.760845
      vertex 0.824445 -5.20534 0.647214
      vertex 1.62859 -5.01228 0.647214
    endloop
  endfacet
  facet normal 0.036628 -0.152569 0.987614
    outer loop
      vertex 1.48328 -4.56507 0.8
      vertex 0.750885 -4.7409 0.8
      vertex 1.55967 -4.80019 0.760845
    endloop
  endfacet
  facet normal 0.0366278 -0.152572 0.987613
    outer loop
      vertex 0.750885 -4.7409 0.8
      vertex 0.789558 -4.98507 0.760845
      vertex 1.55967 -4.80019 0.760845
    endloop
  endfacet
  facet normal -0.0366285 0.152575 0.987613
    outer loop
      vertex 1.40689 -4.32996 0.760845
      vertex 0.712213 -4.49673 0.760845
      vertex 1.48328 -4.56507 0.8
    endloop
  endfacet
  facet normal -0.0366288 0.152572 0.987613
    outer loop
      vertex 0.712213 -4.49673 0.760845
      vertex 0.750885 -4.7409 0.8
      vertex 1.48328 -4.56507 0.8
    endloop
  endfacet
  facet normal -0.106237 0.442526 0.890441
    outer loop
      vertex 1.33797 -4.11786 0.647214
      vertex 0.677326 -4.27646 0.647214
      vertex 1.40689 -4.32996 0.760845
    endloop
  endfacet
  facet normal -0.106237 0.442527 0.89044
    outer loop
      vertex 0.677326 -4.27646 0.647214
      vertex 0.712213 -4.49673 0.760845
      vertex 1.40689 -4.32996 0.760845
    endloop
  endfacet
  facet normal -0.165329 0.688617 0.706026
    outer loop
      vertex 1.28328 -3.94953 0.470228
      vertex 0.649639 -4.10166 0.470228
      vertex 1.33797 -4.11786 0.647214
    endloop
  endfacet
  facet normal -0.165322 0.688644 0.706001
    outer loop
      vertex 0.649639 -4.10166 0.470228
      vertex 0.677326 -4.27646 0.647214
      vertex 1.33797 -4.11786 0.647214
    endloop
  endfacet
  facet normal -0.208144 0.866937 0.452876
    outer loop
      vertex 1.24817 -3.84146 0.247214
      vertex 0.631863 -3.98943 0.247214
      vertex 1.28328 -3.94953 0.470228
    endloop
  endfacet
  facet normal -0.208142 0.86694 0.452871
    outer loop
      vertex 0.631863 -3.98943 0.247214
      vertex 0.649639 -4.10166 0.470228
      vertex 1.28328 -3.94953 0.470228
    endloop
  endfacet
  facet normal -0.230578 0.960478 0.155932
    outer loop
      vertex 1.23607 -3.80423 0
      vertex 0.625738 -3.95075 0
      vertex 1.24817 -3.84146 0.247214
    endloop
  endfacet
  facet normal -0.230599 0.960464 0.155991
    outer loop
      vertex 0.625738 -3.95075 0
      vertex 0.631863 -3.98943 0.247214
      vertex 1.24817 -3.84146 0.247214
    endloop
  endfacet
  facet normal -0.230601 0.960473 -0.155932
    outer loop
      vertex 1.24817 -3.84146 -0.247214
      vertex 0.631863 -3.98943 -0.247214
      vertex 1.23607 -3.80423 0
    endloop
  endfacet
  facet normal -0.230576 0.960469 -0.155991
    outer loop
      vertex 0.631863 -3.98943 -0.247214
      vertex 0.625738 -3.95075 0
      vertex 1.23607 -3.80423 0
    endloop
  endfacet
  facet normal -0.208142 0.866937 -0.452876
    outer loop
      vertex 1.28328 -3.94953 -0.470228
      vertex 0.649639 -4.10166 -0.470228
      vertex 1.24817 -3.84146 -0.247214
    endloop
  endfacet
  facet normal -0.208145 0.866939 -0.452871
    outer loop
      vertex 0.649639 -4.10166 -0.470228
      vertex 0.631863 -3.98943 -0.247214
      vertex 1.24817 -3.84146 -0.247214
    endloop
  endfacet
  facet normal -0.165316 0.688621 -0.706026
    outer loop
      vertex 1.33797 -4.11786 -0.647214
      vertex 0.677326 -4.27646 -0.647214
      vertex 1.28328 -3.94953 -0.470228
    endloop
  endfacet
  facet normal -0.165335 0.688642 -0.706001
    outer loop
      vertex 0.677326 -4.27646 -0.647214
      vertex 0.649639 -4.10166 -0.470228
      vertex 1.28328 -3.94953 -0.470228
    endloop
  endfacet
  facet normal -0.106237 0.442526 -0.890441
    outer loop
      vertex 1.40689 -4.32996 -0.760845
      vertex 0.712213 -4.49673 -0.760845
      vertex 1.33797 -4.11786 -0.647214
    endloop
  endfacet
  facet normal -0.106237 0.442527 -0.89044
    outer loop
      vertex 0.712213 -4.49673 -0.760845
      vertex 0.677326 -4.27646 -0.647214
      vertex 1.33797 -4.11786 -0.647214
    endloop
  endfacet
  facet normal -0.0366294 0.152575 -0.987613
    outer loop
      vertex 1.48328 -4.56507 -0.8
      vertex 0.750885 -4.7409 -0.8
      vertex 1.40689 -4.32996 -0.760845
    endloop
  endfacet
  facet normal -0.0366277 0.152572 -0.987613
    outer loop
      vertex 0.750885 -4.7409 -0.8
      vertex 0.712213 -4.49673 -0.760845
      vertex 1.40689 -4.32996 -0.760845
    endloop
  endfacet
  facet normal 0.0366271 -0.152569 -0.987614
    outer loop
      vertex 1.55967 -4.80019 -0.760845
      vertex 0.789558 -4.98507 -0.760845
      vertex 1.48328 -4.56507 -0.8
    endloop
  endfacet
  facet normal 0.0366287 -0.152572 -0.987613
    outer loop
      vertex 0.789558 -4.98507 -0.760845
      vertex 0.750885 -4.7409 -0.8
      vertex 1.48328 -4.56507 -0.8
    endloop
  endfacet
  facet normal 0.106245 -0.44254 -0.890433
    outer loop
      vertex 1.62859 -5.01228 -0.647214
      vertex 0.824445 -5.20534 -0.647214
      vertex 1.55967 -4.80019 -0.760845
    endloop
  endfacet
  facet normal 0.106237 -0.442527 -0.89044
    outer loop
      vertex 0.824445 -5.20534 -0.647214
      vertex 0.789558 -4.98507 -0.760845
      vertex 1.55967 -4.80019 -0.760845
    endloop
  endfacet
  facet normal 0.165322 -0.688619 -0.706026
    outer loop
      vertex 1.68328 -5.18061 -0.470228
      vertex 0.852132 -5.38015 -0.470228
      vertex 1.62859 -5.01228 -0.647214
    endloop
  endfacet
  facet normal 0.165326 -0.688624 -0.70602
    outer loop
      vertex 0.852132 -5.38015 -0.470228
      vertex 0.824445 -5.20534 -0.647214
      vertex 1.62859 -5.01228 -0.647214
    endloop
  endfacet
  facet normal 0.208128 -0.866937 -0.452883
    outer loop
      vertex 1.7184 -5.28868 -0.247214
      vertex 0.869908 -5.49238 -0.247214
      vertex 1.68328 -5.18061 -0.470228
    endloop
  endfacet
  facet normal 0.208133 -0.866942 -0.452871
    outer loop
      vertex 0.869908 -5.49238 -0.247214
      vertex 0.852132 -5.38015 -0.470228
      vertex 1.68328 -5.18061 -0.470228
    endloop
  endfacet
  facet normal 0.230578 -0.960472 -0.15597
    outer loop
      vertex 1.7305 -5.32592 0
      vertex 0.876033 -5.53105 0
      vertex 1.7184 -5.28868 -0.247214
    endloop
  endfacet
  facet normal 0.230584 -0.960474 -0.155953
    outer loop
      vertex 0.876033 -5.53105 0
      vertex 0.869908 -5.49238 -0.247214
      vertex 1.7184 -5.28868 -0.247214
    endloop
  endfacet
  facet normal 0.0775067 -0.984719 0.155953
    outer loop
      vertex 0.869908 -5.49238 0.247214
      vertex -0 -5.56085 0.247214
      vertex 0.876033 -5.53105 0
    endloop
  endfacet
  facet normal 0.0775045 -0.98472 0.155945
    outer loop
      vertex -0 -5.56085 0.247214
      vertex -0 -5.6 0
      vertex 0.876033 -5.53105 0
    endloop
  endfacet
  facet normal 0.0699479 -0.888828 0.452871
    outer loop
      vertex 0.852132 -5.38015 0.470228
      vertex -0 -5.44721 0.470228
      vertex 0.869908 -5.49238 0.247214
    endloop
  endfacet
  facet normal 0.0699577 -0.88881 0.452906
    outer loop
      vertex -0 -5.44721 0.470228
      vertex -0 -5.56085 0.247214
      vertex 0.869908 -5.49238 0.247214
    endloop
  endfacet
  facet normal 0.0555681 -0.706008 0.706021
    outer loop
      vertex 0.824445 -5.20534 0.647214
      vertex -0 -5.27023 0.647214
      vertex 0.852132 -5.38015 0.470228
    endloop
  endfacet
  facet normal 0.055562 -0.706026 0.706003
    outer loop
      vertex -0 -5.27023 0.647214
      vertex -0 -5.44721 0.470228
      vertex 0.852132 -5.38015 0.470228
    endloop
  endfacet
  facet normal 0.035707 -0.453697 0.89044
    outer loop
      vertex 0.789558 -4.98507 0.760845
      vertex -0 -5.04721 0.760845
      vertex 0.824445 -5.20534 0.647214
    endloop
  endfacet
  facet normal 0.0357088 -0.45369 0.890444
    outer loop
      vertex -0 -5.04721 0.760845
      vertex -0 -5.27023 0.647214
      vertex 0.824445 -5.20534 0.647214
    endloop
  endfacet
  facet normal 0.0123116 -0.156423 0.987613
    outer loop
      vertex 0.750885 -4.7409 0.8
      vertex -0 -4.8 0.8
      vertex 0.789558 -4.98507 0.760845
    endloop
  endfacet
  facet normal 0.0123111 -0.156426 0.987613
    outer loop
      vertex -0 -4.8 0.8
      vertex -0 -5.04721 0.760845
      vertex 0.789558 -4.98507 0.760845
    endloop
  endfacet
  facet normal -0.0123124 0.156423 0.987613
    outer loop
      vertex 0.712213 -4.49673 0.760845
      vertex -0 -4.55279 0.760845
      vertex 0.750885 -4.7409 0.8
    endloop
  endfacet
  facet normal -0.0123118 0.156426 0.987613
    outer loop
      vertex -0 -4.55279 0.760845
      vertex -0 -4.8 0.8
      vertex 0.750885 -4.7409 0.8
    endloop
  endfacet
  facet normal -0.0357089 0.453697 0.89044
    outer loop
      vertex 0.677326 -4.27646 0.647214
      vertex -0 -4.32977 0.647214
      vertex 0.712213 -4.49673 0.760845
    endloop
  endfacet
  facet normal -0.0357111 0.45369 0.890444
    outer loop
      vertex -0 -4.32977 0.647214
      vertex -0 -4.55279 0.760845
      vertex 0.712213 -4.49673 0.760845
    endloop
  endfacet
  facet normal -0.0555681 0.706028 0.706
    outer loop
      vertex 0.649639 -4.10166 0.470228
      vertex -0 -4.15279 0.470228
      vertex 0.677326 -4.27646 0.647214
    endloop
  endfacet
  facet normal -0.0555689 0.706026 0.706002
    outer loop
      vertex -0 -4.15279 0.470228
      vertex -0 -4.32977 0.647214
      vertex 0.677326 -4.27646 0.647214
    endloop
  endfacet
  facet normal -0.0699541 0.888827 0.452871
    outer loop
      vertex 0.631863 -3.98943 0.247214
      vertex -0 -4.03916 0.247214
      vertex 0.649639 -4.10166 0.470228
    endloop
  endfacet
  facet normal -0.0699553 0.888826 0.452874
    outer loop
      vertex -0 -4.03916 0.247214
      vertex -0 -4.15279 0.470228
      vertex 0.649639 -4.10166 0.470228
    endloop
  endfacet
  facet normal -0.0775039 0.984713 0.155992
    outer loop
      vertex 0.625738 -3.95075 0
      vertex -0 -4 0
      vertex 0.631863 -3.98943 0.247214
    endloop
  endfacet
  facet normal -0.0775007 0.984714 0.155984
    outer loop
      vertex -0 -4 0
      vertex -0 -4.03916 0.247214
      vertex 0.631863 -3.98943 0.247214
    endloop
  endfacet
  facet normal -0.0775006 0.984713 -0.155992
    outer loop
      vertex 0.631863 -3.98943 -0.247214
      vertex -0 -4.03916 -0.247214
      vertex 0.625738 -3.95075 0
    endloop
  endfacet
  facet normal -0.077504 0.984714 -0.155984
    outer loop
      vertex -0 -4.03916 -0.247214
      vertex -0 -4 0
      vertex 0.625738 -3.95075 0
    endloop
  endfacet
  facet normal -0.0699554 0.888827 -0.452871
    outer loop
      vertex 0.649639 -4.10166 -0.470228
      vertex -0 -4.15279 -0.470228
      vertex 0.631863 -3.98943 -0.247214
    endloop
  endfacet
  facet normal -0.0699539 0.888826 -0.452874
    outer loop
      vertex -0 -4.15279 -0.470228
      vertex -0 -4.03916 -0.247214
      vertex 0.631863 -3.98943 -0.247214
    endloop
  endfacet
  facet normal -0.055569 0.706028 -0.706001
    outer loop
      vertex 0.677326 -4.27646 -0.647214
      vertex -0 -4.32977 -0.647214
      vertex 0.649639 -4.10166 -0.470228
    endloop
  endfacet
  facet normal -0.055568 0.706026 -0.706002
    outer loop
      vertex -0 -4.32977 -0.647214
      vertex -0 -4.15279 -0.470228
      vertex 0.649639 -4.10166 -0.470228
    endloop
  endfacet
  facet normal -0.0357116 0.453697 -0.89044
    outer loop
      vertex 0.712213 -4.49673 -0.760845
      vertex -0 -4.55279 -0.760845
      vertex 0.677326 -4.27646 -0.647214
    endloop
  endfacet
  facet normal -0.0357084 0.45369 -0.890444
    outer loop
      vertex -0 -4.55279 -0.760845
      vertex -0 -4.32977 -0.647214
      vertex 0.677326 -4.27646 -0.647214
    endloop
  endfacet
  facet normal -0.0123116 0.156423 -0.987613
    outer loop
      vertex 0.750885 -4.7409 -0.8
      vertex -0 -4.8 -0.8
      vertex 0.712213 -4.49673 -0.760845
    endloop
  endfacet
  facet normal -0.0123126 0.156426 -0.987613
    outer loop
      vertex -0 -4.8 -0.8
      vertex -0 -4.55279 -0.760845
      vertex 0.712213 -4.49673 -0.760845
    endloop
  endfacet
  facet normal 0.0123109 -0.156423 -0.987613
    outer loop
      vertex 0.789558 -4.98507 -0.760845
      vertex -0 -5.04721 -0.760845
      vertex 0.750885 -4.7409 -0.8
    endloop
  endfacet
  facet normal 0.0123118 -0.156426 -0.987613
    outer loop
      vertex -0 -5.04721 -0.760845
      vertex -0 -4.8 -0.8
      vertex 0.750885 -4.7409 -0.8
    endloop
  endfacet
  facet normal 0.0357094 -0.453697 -0.89044
    outer loop
      vertex 0.824445 -5.20534 -0.647214
      vertex -0 -5.27023 -0.647214
      vertex 0.789558 -4.98507 -0.760845
    endloop
  endfacet
  facet normal 0.0357065 -0.45369 -0.890444
    outer loop
      vertex -0 -5.27023 -0.647214
      vertex -0 -5.04721 -0.760845
      vertex 0.789558 -4.98507 -0.760845
    endloop
  endfacet
  facet normal 0.0555606 -0.706009 -0.70602
    outer loop
      vertex 0.852132 -5.38015 -0.470228
      vertex -0 -5.44721 -0.470228
      vertex 0.824445 -5.20534 -0.647214
    endloop
  endfacet
  facet normal 0.0555695 -0.706026 -0.706002
    outer loop
      vertex -0 -5.44721 -0.470228
      vertex -0 -5.27023 -0.647214
      vertex 0.824445 -5.20534 -0.647214
    endloop
  endfacet
  facet normal 0.0699591 -0.888827 -0.452871
    outer loop
      vertex 0.869908 -5.49238 -0.247214
      vertex -0 -5.56085 -0.247214
      vertex 0.852132 -5.38015 -0.470228
    endloop
  endfacet
  facet normal 0.0699465 -0.88881 -0.452906
    outer loop
      vertex -0 -5.56085 -0.247214
      vertex -0 -5.44721 -0.470228
      vertex 0.852132 -5.38015 -0.470228
    endloop
  endfacet
  facet normal 0.0775044 -0.984719 -0.155953
    outer loop
      vertex 0.876033 -5.53105 0
      vertex -0 -5.6 0
      vertex 0.869908 -5.49238 -0.247214
    endloop
  endfacet
  facet normal 0.0775068 -0.98472 -0.155945
    outer loop
      vertex -0 -5.6 0
      vertex -0 -5.56085 -0.247214
      vertex 0.869908 -5.49238 -0.247214
    endloop
  endfacet
  facet normal -0.0775068 -0.98472 0.155945
    outer loop
      vertex -0 -5.56085 0.247214
      vertex -0.869908 -5.49238 0.247214
      vertex -0 -5.6 0
    endloop
  endfacet
  facet normal -0.0775044 -0.984719 0.155953
    outer loop
      vertex -0.869908 -5.49238 0.247214
      vertex -0.876033 -5.53105 0
      vertex -0 -5.6 0
    endloop
  endfacet
  facet normal -0.0699465 -0.88881 0.452906
    outer loop
      vertex -0 -5.44721 0.470228
      vertex -0.852132 -5.38015 0.470228
      vertex -0 -5.56085 0.247214
    endloop
  endfacet
  facet normal -0.0699591 -0.888827 0.452871
    outer loop
      vertex -0.852132 -5.38015 0.470228
      vertex -0.869908 -5.49238 0.247214
      vertex -0 -5.56085 0.247214
    endloop
  endfacet
  facet normal -0.0555695 -0.706026 0.706002
    outer loop
      vertex -0 -5.27023 0.647214
      vertex -0.824445 -5.20534 0.647214
      vertex -0 -5.44721 0.470228
    endloop
  endfacet
  facet normal -0.0555606 -0.706009 0.70602
    outer loop
      vertex -0.824445 -5.20534 0.647214
      vertex -0.852132 -5.38015 0.470228
      vertex -0 -5.44721 0.470228
    endloop
  endfacet
  facet normal -0.0357065 -0.45369 0.890444
    outer loop
      vertex -0 -5.04721 0.760845
      vertex -0.789558 -4.98507 0.760845
      vertex -0 -5.27023 0.647214
    endloop
  endfacet
  facet normal -0.0357094 -0.453697 0.89044
    outer loop
      vertex -0.789558 -4.98507 0.760845
      vertex -0.824445 -5.20534 0.647214
      vertex -0 -5.27023 0.647214
    endloop
  endfacet
  facet normal -0.0123118 -0.156426 0.987613
    outer loop
      vertex -0 -4.8 0.8
      vertex -0.750885 -4.7409 0.8
      vertex -0 -5.04721 0.760845
    endloop
  endfacet
  facet normal -0.0123109 -0.156423 0.987613
    outer loop
      vertex -0.750885 -4.7409 0.8
      vertex -0.789558 -4.98507 0.760845
      vertex -0 -5.04721 0.760845
    endloop
  endfacet
  facet normal 0.0123126 0.156426 0.987613
    outer loop
      vertex -0 -4.55279 0.760845
      vertex -0.712213 -4.49673 0.760845
      vertex -0 -4.8 0.8
    endloop
  endfacet
  facet normal 0.0123116 0.156423 0.987613
    outer loop
      vertex -0.712213 -4.49673 0.760845
      vertex -0.750885 -4.7409 0.8
      vertex -0 -4.8 0.8
    endloop
  endfacet
  facet normal 0.0357084 0.45369 0.890444
    outer loop
      vertex -0 -4.32977 0.647214
      vertex -0.677326 -4.27646 0.647214
      vertex -0 -4.55279 0.760845
    endloop
  endfacet
  facet normal 0.0357116 0.453697 0.89044
    outer loop
      vertex -0.677326 -4.27646 0.647214
      vertex -0.712213 -4.49673 0.760845
      vertex -0 -4.55279 0.760845
    endloop
  endfacet
  facet normal 0.055568 0.706026 0.706002
    outer loop
      vertex -0 -4.15279 0.470228
      vertex -0.649639 -4.10166 0.470228
      vertex -0 -4.32977 0.647214
    endloop
  endfacet
  facet normal 0.055569 0.706028 0.706001
    outer loop
      vertex -0.649639 -4.10166 0.470228
      vertex -0.677326 -4.27646 0.647214
      vertex -0 -4.32977 0.647214
    endloop
  endfacet
  facet normal 0.0699539 0.888826 0.452874
    outer loop
      vertex -0 -4.03916 0.247214
      vertex -0.631863 -3.98943 0.247214
      vertex -0 -4.15279 0.470228
    endloop
  endfacet
  facet normal 0.0699554 0.888827 0.452871
    outer loop
      vertex -0.631863 -3.98943 0.247214
      vertex -0.649639 -4.10166 0.470228
      vertex -0 -4.15279 0.470228
    endloop
  endfacet
  facet normal 0.077504 0.984714 0.155984
    outer loop
      vertex -0 -4 0
      vertex -0.625738 -3.95075 0
      vertex -0 -4.03916 0.247214
    endloop
  endfacet
  facet normal 0.0775006 0.984713 0.155992
    outer loop
      vertex -0.625738 -3.95075 0
      vertex -0.631863 -3.98943 0.247214
      vertex -0 -4.03916 0.247214
    endloop
  endfacet
  facet normal 0.0775007 0.984714 -0.155984
    outer loop
      vertex -0 -4.03916 -0.247214
      vertex -0.631863 -3.98943 -0.247214
      vertex -0 -4 0
    endloop
  endfacet
  facet normal 0.0775039 0.984713 -0.155992
    outer loop
      vertex -0.631863 -3.98943 -0.247214
      vertex -0.625738 -3.95075 0
      vertex -0 -4 0
    endloop
  endfacet
  facet normal 0.0699553 0.888826 -0.452874
    outer loop
      vertex -0 -4.15279 -0.470228
      vertex -0.649639 -4.10166 -0.470228
      vertex -0 -4.03916 -0.247214
    endloop
  endfacet
  facet normal 0.0699541 0.888827 -0.452871
    outer loop
      vertex -0.649639 -4.10166 -0.470228
      vertex -0.631863 -3.98943 -0.247214
      vertex -0 -4.03916 -0.247214
    endloop
  endfacet
  facet normal 0.0555689 0.706026 -0.706002
    outer loop
      vertex -0 -4.32977 -0.647214
      vertex -0.677326 -4.27646 -0.647214
      vertex -0 -4.15279 -0.470228
    endloop
  endfacet
  facet normal 0.0555681 0.706028 -0.706
    outer loop
      vertex -0.677326 -4.27646 -0.647214
      vertex -0.649639 -4.10166 -0.470228
      vertex -0 -4.15279 -0.470228
    endloop
  endfacet
  facet normal 0.0357111 0.45369 -0.890444
    outer loop
      vertex -0 -4.55279 -0.760845
      vertex -0.712213 -4.49673 -0.760845
      vertex -0 -4.32977 -0.647214
    endloop
  endfacet
  facet normal 0.0357089 0.453697 -0.89044
    outer loop
      vertex -0.712213 -4.49673 -0.760845
      vertex -0.677326 -4.27646 -0.647214
      vertex -0 -4.32977 -0.647214
    endloop
  endfacet
  facet normal 0.0123118 0.156426 -0.987613
    outer loop
      vertex -0 -4.8 -0.8
      vertex -0.750885 -4.7409 -0.8
      vertex -0 -4.55279 -0.760845
    endloop
  endfacet
  facet normal 0.0123124 0.156423 -0.987613
    outer loop
      vertex -0.750885 -4.7409 -0.8
      vertex -0.712213 -4.49673 -0.760845
      vertex -0 -4.55279 -0.760845
    endloop
  endfacet
  facet normal -0.0123111 -0.156426 -0.987613
    outer loop
      vertex -0 -5.04721 -0.760845
      vertex -0.789558 -4.98507 -0.760845
      vertex -0 -4.8 -0.8
    endloop
  endfacet
  facet normal -0.0123116 -0.156423 -0.987613
    outer loop
      vertex -0.789558 -4.98507 -0.760845
      vertex -0.750885 -4.7409 -0.8
      vertex -0 -4.8 -0.8
    endloop
  endfacet
  facet normal -0.0357088 -0.45369 -0.890444
    outer loop
      vertex -0 -5.27023 -0.647214
      vertex -0.824445 -5.20534 -0.647214
      vertex -0 -5.04721 -0.760845
    endloop
  endfacet
  facet normal -0.035707 -0.453697 -0.89044
    outer loop
      vertex -0.824445 -5.20534 -0.647214
      vertex -0.789558 -4.98507 -0.760845
      vertex -0 -5.04721 -0.760845
    endloop
  endfacet
  facet normal -0.055562 -0.706026 -0.706003
    outer loop
      vertex -0 -5.44721 -0.470228
      vertex -0.852132 -5.38015 -0.470228
      vertex -0 -5.27023 -0.647214
    endloop
  endfacet
  facet normal -0.0555681 -0.706008 -0.706021
    outer loop
      vertex -0.852132 -5.38015 -0.470228
      vertex -0.824445 -5.20534 -0.647214
      vertex -0 -5.27023 -0.647214
    endloop
  endfacet
  facet normal -0.0699577 -0.88881 -0.452906
    outer loop
      vertex -0 -5.56085 -0.247214
      vertex -0.869908 -5.49238 -0.247214
      vertex -0 -5.44721 -0.470228
    endloop
  endfacet
  facet normal -0.0699479 -0.888828 -0.452871
    outer loop
      vertex -0.869908 -5.49238 -0.247214
      vertex -0.852132 -5.38015 -0.470228
      vertex -0 -5.44721 -0.470228
    endloop
  endfacet
  facet normal -0.0775045 -0.98472 -0.155945
    outer loop
      vertex -0 -5.6 0
      vertex -0.876033 -5.53105 0
      vertex -0 -5.56085 -0.247214
    endloop
  endfacet
  facet normal -0.0775067 -0.984719 -0.155953
    outer loop
      vertex -0.876033 -5.53105 0
      vertex -0.869908 -5.49238 -0.247214
      vertex -0 -5.56085 -0.247214
    endloop
  endfacet
  facet normal -0.230584 -0.960474 0.155953
    outer loop
      vertex -0.869908 -5.49238 0.247214
      vertex -1.7184 -5.28868 0.247214
      vertex -0.876033 -5.53105 0
    endloop
  endfacet
  facet normal -0.230578 -0.960472 0.15597
    outer loop
      vertex -1.7184 -5.28868 0.247214
      vertex -1.7305 -5.32592 0
      vertex -0.876033 -5.53105 0
    endloop
  endfacet
  facet normal -0.208133 -0.866942 0.452871
    outer loop
      vertex -0.852132 -5.38015 0.470228
      vertex -1.68328 -5.18061 0.470228
      vertex -0.869908 -5.49238 0.247214
    endloop
  endfacet
  facet normal -0.208128 -0.866937 0.452883
    outer loop
      vertex -1.68328 -5.18061 0.470228
      vertex -1.7184 -5.28868 0.247214
      vertex -0.869908 -5.49238 0.247214
    endloop
  endfacet
  facet normal -0.165326 -0.688624 0.70602
    outer loop
      vertex -0.824445 -5.20534 0.647214
      vertex -1.62859 -5.01228 0.647214
      vertex -0.852132 -5.38015 0.470228
    endloop
  endfacet
  facet normal -0.165322 -0.688619 0.706026
    outer loop
      vertex -1.62859 -5.01228 0.647214
      vertex -1.68328 -5.18061 0.470228
      vertex -0.852132 -5.38015 0.470228
    endloop
  endfacet
  facet normal -0.106237 -0.442527 0.89044
    outer loop
      vertex -0.789558 -4.98507 0.760845
      vertex -1.55967 -4.80019 0.760845
      vertex -0.824445 -5.20534 0.647214
    endloop
  endfacet
  facet normal -0.106245 -0.44254 0.890433
    outer loop
      vertex -1.55967 -4.80019 0.760845
      vertex -1.62859 -5.01228 0.647214
      vertex -0.824445 -5.20534 0.647214
    endloop
  endfacet
  facet normal -0.0366287 -0.152572 0.987613
    outer loop
      vertex -0.750885 -4.7409 0.8
      vertex -1.48328 -4.56507 0.8
      vertex -0.789558 -4.98507 0.760845
    endloop
  endfacet
  facet normal -0.0366271 -0.152569 0.987614
    outer loop
      vertex -1.48328 -4.56507 0.8
      vertex -1.55967 -4.80019 0.760845
      vertex -0.789558 -4.98507 0.760845
    endloop
  endfacet
  facet normal 0.0366277 0.152572 0.987613
    outer loop
      vertex -0.712213 -4.49673 0.760845
      vertex -1.40689 -4.32996 0.760845
      vertex -0.750885 -4.7409 0.8
    endloop
  endfacet
  facet normal 0.0366294 0.152575 0.987613
    outer loop
      vertex -1.40689 -4.32996 0.760845
      vertex -1.48328 -4.56507 0.8
      vertex -0.750885 -4.7409 0.8
    endloop
  endfacet
  facet normal 0.106237 0.442527 0.89044
    outer loop
      vertex -0.677326 -4.27646 0.647214
      vertex -1.33797 -4.11786 0.647214
      vertex -0.712213 -4.49673 0.760845
    endloop
  endfacet
  facet normal 0.106237 0.442526 0.890441
    outer loop
      vertex -1.33797 -4.11786 0.647214
      vertex -1.40689 -4.32996 0.760845
      vertex -0.712213 -4.49673 0.760845
    endloop
  endfacet
  facet normal 0.165335 0.688642 0.706001
    outer loop
      vertex -0.649639 -4.10166 0.470228
      vertex -1.28328 -3.94953 0.470228
      vertex -0.677326 -4.27646 0.647214
    endloop
  endfacet
  facet normal 0.165316 0.688621 0.706026
    outer loop
      vertex -1.28328 -3.94953 0.470228
      vertex -1.33797 -4.11786 0.647214
      vertex -0.677326 -4.27646 0.647214
    endloop
  endfacet
  facet normal 0.208145 0.866939 0.452871
    outer loop
      vertex -0.631863 -3.98943 0.247214
      vertex -1.24817 -3.84146 0.247214
      vertex -0.649639 -4.10166 0.470228
    endloop
  endfacet
  facet normal 0.208142 0.866937 0.452876
    outer loop
      vertex -1.24817 -3.84146 0.247214
      vertex -1.28328 -3.94953 0.470228
      vertex -0.649639 -4.10166 0.470228
    endloop
  endfacet
  facet normal 0.230576 0.960469 0.155991
    outer loop
      vertex -0.625738 -3.95075 0
      vertex -1.23607 -3.80423 0
      vertex -0.631863 -3.98943 0.247214
    endloop
  endfacet
  facet normal 0.230601 0.960473 0.155932
    outer loop
      vertex -1.23607 -3.80423 0
      vertex -1.24817 -3.84146 0.247214
      vertex -0.631863 -3.98943 0.247214
    endloop
  endfacet
  facet normal 0.230599 0.960464 -0.155991
    outer loop
      vertex -0.631863 -3.98943 -0.247214
      vertex -1.24817 -3.84146 -0.247214
      vertex -0.625738 -3.95075 0
    endloop
  endfacet
  facet normal 0.230578 0.960478 -0.155932
    outer loop
      vertex -1.24817 -3.84146 -0.247214
      vertex -1.23607 -3.80423 0
      vertex -0.625738 -3.95075 0
    endloop
  endfacet
  facet normal 0.208142 0.86694 -0.452871
    outer loop
      vertex -0.649639 -4.10166 -0.470228
      vertex -1.28328 -3.94953 -0.470228
      vertex -0.631863 -3.98943 -0.247214
    endloop
  endfacet
  facet normal 0.208144 0.866937 -0.452876
    outer loop
      vertex -1.28328 -3.94953 -0.470228
      vertex -1.24817 -3.84146 -0.247214
      vertex -0.631863 -3.98943 -0.247214
    endloop
  endfacet
  facet normal 0.165322 0.688644 -0.706001
    outer loop
      vertex -0.677326 -4.27646 -0.647214
      vertex -1.33797 -4.11786 -0.647214
      vertex -0.649639 -4.10166 -0.470228
    endloop
  endfacet
  facet normal 0.165329 0.688617 -0.706026
    outer loop
      vertex -1.33797 -4.11786 -0.647214
      vertex -1.28328 -3.94953 -0.470228
      vertex -0.649639 -4.10166 -0.470228
    endloop
  endfacet
  facet normal 0.106237 0.442527 -0.89044
    outer loop
      vertex -0.712213 -4.49673 -0.760845
      vertex -1.40689 -4.32996 -0.760845
      vertex -0.677326 -4.27646 -0.647214
    endloop
  endfacet
  facet normal 0.106237 0.442526 -0.890441
    outer loop
      vertex -1.40689 -4.32996 -0.760845
      vertex -1.33797 -4.11786 -0.647214
      vertex -0.677326 -4.27646 -0.647214
    endloop
  endfacet
  facet normal 0.0366288 0.152572 -0.987613
    outer loop
      vertex -0.750885 -4.7409 -0.8
      vertex -1.48328 -4.56507 -0.8
      vertex -0.712213 -4.49673 -0.760845
    endloop
  endfacet
  facet normal 0.0366285 0.152575 -0.987613
    outer loop
      vertex -1.48328 -4.56507 -0.8
      vertex -1.40689 -4.32996 -0.760845
      vertex -0.712213 -4.49673 -0.760845
    endloop
  endfacet
  facet normal -0.0366278 -0.152572 -0.987613
    outer loop
      vertex -0.789558 -4.98507 -0.760845
      vertex -1.55967 -4.80019 -0.760845
      vertex -0.750885 -4.7409 -0.8
    endloop
  endfacet
  facet normal -0.036628 -0.152569 -0.987614
    outer loop
      vertex -1.55967 -4.80019 -0.760845
      vertex -1.48328 -4.56507 -0.8
      vertex -0.750885 -4.7409 -0.8
    endloop
  endfacet
  facet normal -0.106242 -0.442526 -0.89044
    outer loop
      vertex -0.824445 -5.20534 -0.647214
      vertex -1.62859 -5.01228 -0.647214
      vertex -0.789558 -4.98507 -0.760845
    endloop
  endfacet
  facet normal -0.10624 -0.442542 -0.890432
    outer loop
      vertex -1.62859 -5.01228 -0.647214
      vertex -1.55967 -4.80019 -0.760845
      vertex -0.789558 -4.98507 -0.760845
    endloop
  endfacet
  facet normal -0.165323 -0.688624 -0.70602
    outer loop
      vertex -0.852132 -5.38015 -0.470228
      vertex -1.68328 -5.18061 -0.470228
      vertex -0.824445 -5.20534 -0.647214
    endloop
  endfacet
  facet normal -0.165324 -0.688618 -0.706026
    outer loop
      vertex -1.68328 -5.18061 -0.470228
      vertex -1.62859 -5.01228 -0.647214
      vertex -0.824445 -5.20534 -0.647214
    endloop
  endfacet
  facet normal -0.208129 -0.866943 -0.452871
    outer loop
      vertex -0.869908 -5.49238 -0.247214
      vertex -1.7184 -5.28868 -0.247214
      vertex -0.852132 -5.38015 -0.470228
    endloop
  endfacet
  facet normal -0.208132 -0.866936 -0.452883
    outer loop
      vertex -1.7184 -5.28868 -0.247214
      vertex -1.68328 -5.18061 -0.470228
      vertex -0.852132 -5.38015 -0.470228
    endloop
  endfacet
  facet normal -0.230579 -0.960475 -0.155953
    outer loop
      vertex -0.876033 -5.53105 0
      vertex -1.7305 -5.32592 0
      vertex -0.869908 -5.49238 -0.247214
    endloop
  endfacet
  facet normal -0.230583 -0.960471 -0.15597
    outer loop
      vertex -1.7305 -5.32592 0
      vertex -1.7184 -5.28868 -0.247214
      vertex -0.869908 -5.49238 -0.247214
    endloop
  endfacet
  facet normal -0.378003 -0.912572 0.15597
    outer loop
      vertex -1.7184 -5.28868 0.247214
      vertex -2.52457 -4.95475 0.247214
      vertex -1.7305 -5.32592 0
    endloop
  endfacet
  facet normal -0.378 -0.912571 0.15598
    outer loop
      vertex -2.52457 -4.95475 0.247214
      vertex -2.54235 -4.98964 0
      vertex -1.7305 -5.32592 0
    endloop
  endfacet
  facet normal -0.341193 -0.8237 0.452886
    outer loop
      vertex -1.68328 -5.18061 0.470228
      vertex -2.47298 -4.8535 0.470228
      vertex -1.7184 -5.28868 0.247214
    endloop
  endfacet
  facet normal -0.34119 -0.823698 0.452893
    outer loop
      vertex -2.47298 -4.8535 0.470228
      vertex -2.52457 -4.95475 0.247214
      vertex -1.7184 -5.28868 0.247214
    endloop
  endfacet
  facet normal -0.271007 -0.654281 0.706025
    outer loop
      vertex -1.62859 -5.01228 0.647214
      vertex -2.39263 -4.69581 0.647214
      vertex -1.68328 -5.18061 0.470228
    endloop
  endfacet
  facet normal -0.271023 -0.654297 0.706004
    outer loop
      vertex -2.39263 -4.69581 0.647214
      vertex -2.47298 -4.8535 0.470228
      vertex -1.68328 -5.18061 0.470228
    endloop
  endfacet
  facet normal -0.174165 -0.42047 0.890434
    outer loop
      vertex -1.55967 -4.80019 0.760845
      vertex -2.29139 -4.4971 0.760845
      vertex -1.62859 -5.01228 0.647214
    endloop
  endfacet
  facet normal -0.174157 -0.420461 0.890439
    outer loop
      vertex -2.29139 -4.4971 0.760845
      vertex -2.39263 -4.69581 0.647214
      vertex -1.62859 -5.01228 0.647214
    endloop
  endfacet
  facet normal -0.060045 -0.144961 0.987614
    outer loop
      vertex -1.48328 -4.56507 0.8
      vertex -2.17915 -4.27683 0.8
      vertex -1.55967 -4.80019 0.760845
    endloop
  endfacet
  facet normal -0.0600451 -0.144961 0.987614
    outer loop
      vertex -2.17915 -4.27683 0.8
      vertex -2.29139 -4.4971 0.760845
      vertex -1.55967 -4.80019 0.760845
    endloop
  endfacet
  facet normal 0.0600482 0.144966 0.987613
    outer loop
      vertex -1.40689 -4.32996 0.760845
      vertex -2.06692 -4.05656 0.760845
      vertex -1.48328 -4.56507 0.8
    endloop
  endfacet
  facet normal 0.060046 0.144963 0.987613
    outer loop
      vertex -2.06692 -4.05656 0.760845
      vertex -2.17915 -4.27683 0.8
      vertex -1.48328 -4.56507 0.8
    endloop
  endfacet
  facet normal 0.174161 0.420455 0.890441
    outer loop
      vertex -1.33797 -4.11786 0.647214
      vertex -1.96568 -3.85785 0.647214
      vertex -1.40689 -4.32996 0.760845
    endloop
  endfacet
  facet normal 0.174164 0.420458 0.890439
    outer loop
      vertex -1.96568 -3.85785 0.647214
      vertex -2.06692 -4.05656 0.760845
      vertex -1.40689 -4.32996 0.760845
    endloop
  endfacet
  facet normal 0.271005 0.654282 0.706025
    outer loop
      vertex -1.28328 -3.94953 0.470228
      vertex -1.88533 -3.70016 0.470228
      vertex -1.33797 -4.11786 0.647214
    endloop
  endfacet
  facet normal 0.271023 0.654297 0.706004
    outer loop
      vertex -1.88533 -3.70016 0.470228
      vertex -1.96568 -3.85785 0.647214
      vertex -1.33797 -4.11786 0.647214
    endloop
  endfacet
  facet normal 0.34119 0.823708 0.452874
    outer loop
      vertex -1.24817 -3.84146 0.247214
      vertex -1.83374 -3.59891 0.247214
      vertex -1.28328 -3.94953 0.470228
    endloop
  endfacet
  facet normal 0.341179 0.823702 0.452892
    outer loop
      vertex -1.83374 -3.59891 0.247214
      vertex -1.88533 -3.70016 0.470228
      vertex -1.28328 -3.94953 0.470228
    endloop
  endfacet
  facet normal 0.378005 0.912577 0.155934
    outer loop
      vertex -1.23607 -3.80423 0
      vertex -1.81596 -3.56403 0
      vertex -1.24817 -3.84146 0.247214
    endloop
  endfacet
  facet normal 0.378 0.912577 0.155944
    outer loop
      vertex -1.81596 -3.56403 0
      vertex -1.83374 -3.59891 0.247214
      vertex -1.24817 -3.84146 0.247214
    endloop
  endfacet
  facet normal 0.378001 0.912579 -0.155934
    outer loop
      vertex -1.24817 -3.84146 -0.247214
      vertex -1.83374 -3.59891 -0.247214
      vertex -1.23607 -3.80423 0
    endloop
  endfacet
  facet normal 0.378004 0.912576 -0.155944
    outer loop
      vertex -1.83374 -3.59891 -0.247214
      vertex -1.81596 -3.56403 0
      vertex -1.23607 -3.80423 0
    endloop
  endfacet
  facet normal 0.341182 0.823711 -0.452874
    outer loop
      vertex -1.28328 -3.94953 -0.470228
      vertex -1.88533 -3.70016 -0.470228
      vertex -1.24817 -3.84146 -0.247214
    endloop
  endfacet
  facet normal 0.341186 0.823699 -0.452892
    outer loop
      vertex -1.88533 -3.70016 -0.470228
      vertex -1.83374 -3.59891 -0.247214
      vertex -1.24817 -3.84146 -0.247214
    endloop
  endfacet
  facet normal 0.271015 0.654278 -0.706025
    outer loop
      vertex -1.33797 -4.11786 -0.647214
      vertex -1.96568 -3.85785 -0.647214
      vertex -1.28328 -3.94953 -0.470228
    endloop
  endfacet
  facet normal 0.271013 0.654302 -0.706004
    outer loop
      vertex -1.96568 -3.85785 -0.647214
      vertex -1.88533 -3.70016 -0.470228
      vertex -1.28328 -3.94953 -0.470228
    endloop
  endfacet
  facet normal 0.174162 0.420455 -0.890441
    outer loop
      vertex -1.40689 -4.32996 -0.760845
      vertex -2.06692 -4.05656 -0.760845
      vertex -1.33797 -4.11786 -0.647214
    endloop
  endfacet
  facet normal 0.174162 0.420459 -0.890439
    outer loop
      vertex -2.06692 -4.05656 -0.760845
      vertex -1.96568 -3.85785 -0.647214
      vertex -1.33797 -4.11786 -0.647214
    endloop
  endfacet
  facet normal 0.0600472 0.144966 -0.987613
    outer loop
      vertex -1.48328 -4.56507 -0.8
      vertex -2.17915 -4.27683 -0.8
      vertex -1.40689 -4.32996 -0.760845
    endloop
  endfacet
  facet normal 0.060047 0.144963 -0.987613
    outer loop
      vertex -2.17915 -4.27683 -0.8
      vertex -2.06692 -4.05656 -0.760845
      vertex -1.40689 -4.32996 -0.760845
    endloop
  endfacet
  facet normal -0.060045 -0.144961 -0.987614
    outer loop
      vertex -1.55967 -4.80019 -0.760845
      vertex -2.29139 -4.4971 -0.760845
      vertex -1.48328 -4.56507 -0.8
    endloop
  endfacet
  facet normal -0.0600451 -0.144961 -0.987614
    outer loop
      vertex -2.29139 -4.4971 -0.760845
      vertex -2.17915 -4.27683 -0.8
      vertex -1.48328 -4.56507 -0.8
    endloop
  endfacet
  facet normal -0.174162 -0.420471 -0.890434
    outer loop
      vertex -1.62859 -5.01228 -0.647214
      vertex -2.39263 -4.69581 -0.647214
      vertex -1.55967 -4.80019 -0.760845
    endloop
  endfacet
  facet normal -0.174161 -0.420459 -0.890439
    outer loop
      vertex -2.39263 -4.69581 -0.647214
      vertex -2.29139 -4.4971 -0.760845
      vertex -1.55967 -4.80019 -0.760845
    endloop
  endfacet
  facet normal -0.271015 -0.654278 -0.706025
    outer loop
      vertex -1.68328 -5.18061 -0.470228
      vertex -2.47298 -4.8535 -0.470228
      vertex -1.62859 -5.01228 -0.647214
    endloop
  endfacet
  facet normal -0.271015 -0.654301 -0.706004
    outer loop
      vertex -2.47298 -4.8535 -0.470228
      vertex -2.39263 -4.69581 -0.647214
      vertex -1.62859 -5.01228 -0.647214
    endloop
  endfacet
  facet normal -0.341191 -0.8237 -0.452886
    outer loop
      vertex -1.7184 -5.28868 -0.247214
      vertex -2.52457 -4.95475 -0.247214
      vertex -1.68328 -5.18061 -0.470228
    endloop
  endfacet
  facet normal -0.341192 -0.823697 -0.452893
    outer loop
      vertex -2.52457 -4.95475 -0.247214
      vertex -2.47298 -4.8535 -0.470228
      vertex -1.68328 -5.18061 -0.470228
    endloop
  endfacet
  facet normal -0.378001 -0.912573 -0.15597
    outer loop
      vertex -1.7305 -5.32592 0
      vertex -2.54235 -4.98964 0
      vertex -1.7184 -5.28868 -0.247214
    endloop
  endfacet
  facet normal -0.378003 -0.91257 -0.15598
    outer loop
      vertex -2.54235 -4.98964 0
      vertex -2.52457 -4.95475 -0.247214
      vertex -1.7184 -5.28868 -0.247214
    endloop
  endfacet
  facet normal -0.516103 -0.842204 0.155981
    outer loop
      vertex -2.52457 -4.95475 0.247214
      vertex -3.26858 -4.49882 0.247214
      vertex -2.54235 -4.98964 0
    endloop
  endfacet
  facet normal -0.516102 -0.842204 0.155985
    outer loop
      vertex -3.26858 -4.49882 0.247214
      vertex -3.2916 -4.5305 0
      vertex -2.54235 -4.98964 0
    endloop
  endfacet
  facet normal -0.465837 -0.760187 0.452893
    outer loop
      vertex -2.47298 -4.8535 0.470228
      vertex -3.20179 -4.40689 0.470228
      vertex -2.52457 -4.95475 0.247214
    endloop
  endfacet
  facet normal -0.465845 -0.76019 0.452878
    outer loop
      vertex -3.20179 -4.40689 0.470228
      vertex -3.26858 -4.49882 0.247214
      vertex -2.52457 -4.95475 0.247214
    endloop
  endfacet
  facet normal -0.370041 -0.603844 0.706005
    outer loop
      vertex -2.39263 -4.69581 0.647214
      vertex -3.09776 -4.2637 0.647214
      vertex -2.47298 -4.8535 0.470228
    endloop
  endfacet
  facet normal -0.370024 -0.603832 0.706024
    outer loop
      vertex -3.09776 -4.2637 0.647214
      vertex -3.20179 -4.40689 0.470228
      vertex -2.47298 -4.8535 0.470228
    endloop
  endfacet
  facet normal -0.237792 -0.38804 0.890438
    outer loop
      vertex -2.29139 -4.4971 0.760845
      vertex -2.96668 -4.08328 0.760845
      vertex -2.39263 -4.69581 0.647214
    endloop
  endfacet
  facet normal -0.237796 -0.388043 0.890436
    outer loop
      vertex -2.96668 -4.08328 0.760845
      vertex -3.09776 -4.2637 0.647214
      vertex -2.39263 -4.69581 0.647214
    endloop
  endfacet
  facet normal -0.0819817 -0.133783 0.987614
    outer loop
      vertex -2.17915 -4.27683 0.8
      vertex -2.82137 -3.88328 0.8
      vertex -2.29139 -4.4971 0.760845
    endloop
  endfacet
  facet normal -0.0819837 -0.133785 0.987613
    outer loop
      vertex -2.82137 -3.88328 0.8
      vertex -2.96668 -4.08328 0.760845
      vertex -2.29139 -4.4971 0.760845
    endloop
  endfacet
  facet normal 0.0819837 0.133786 0.987613
    outer loop
      vertex -2.06692 -4.05656 0.760845
      vertex -2.67606 -3.68328 0.760845
      vertex -2.17915 -4.27683 0.8
    endloop
  endfacet
  facet normal 0.0819831 0.133785 0.987613
    outer loop
      vertex -2.67606 -3.68328 0.760845
      vertex -2.82137 -3.88328 0.8
      vertex -2.17915 -4.27683 0.8
    endloop
  endfacet
  facet normal 0.237788 0.388041 0.890438
    outer loop
      vertex -1.96568 -3.85785 0.647214
      vertex -2.54498 -3.50286 0.647214
      vertex -2.06692 -4.05656 0.760845
    endloop
  endfacet
  facet normal 0.237793 0.388045 0.890435
    outer loop
      vertex -2.54498 -3.50286 0.647214
      vertex -2.67606 -3.68328 0.760845
      vertex -2.06692 -4.05656 0.760845
    endloop
  endfacet
  facet normal 0.370042 0.603843 0.706004
    outer loop
      vertex -1.88533 -3.70016 0.470228
      vertex -2.44095 -3.35967 0.470228
      vertex -1.96568 -3.85785 0.647214
    endloop
  endfacet
  facet normal 0.370023 0.603832 0.706024
    outer loop
      vertex -2.44095 -3.35967 0.470228
      vertex -2.54498 -3.50286 0.647214
      vertex -1.96568 -3.85785 0.647214
    endloop
  endfacet
  facet normal 0.465842 0.760184 0.452893
    outer loop
      vertex -1.83374 -3.59891 0.247214
      vertex -2.37416 -3.26774 0.247214
      vertex -1.88533 -3.70016 0.470228
    endloop
  endfacet
  facet normal 0.465851 0.760187 0.452878
    outer loop
      vertex -2.37416 -3.26774 0.247214
      vertex -2.44095 -3.35967 0.470228
      vertex -1.88533 -3.70016 0.470228
    endloop
  endfacet
  facet normal 0.516107 0.842207 0.155948
    outer loop
      vertex -1.81596 -3.56403 0
      vertex -2.35114 -3.23607 0
      vertex -1.83374 -3.59891 0.247214
    endloop
  endfacet
  facet normal 0.516106 0.842208 0.155952
    outer loop
      vertex -2.35114 -3.23607 0
      vertex -2.37416 -3.26774 0.247214
      vertex -1.83374 -3.59891 0.247214
    endloop
  endfacet
  facet normal 0.516106 0.842208 -0.155948
    outer loop
      vertex -1.83374 -3.59891 -0.247214
      vertex -2.37416 -3.26774 -0.247214
      vertex -1.81596 -3.56403 0
    endloop
  endfacet
  facet normal 0.516107 0.842207 -0.155952
    outer loop
      vertex -2.37416 -3.26774 -0.247214
      vertex -2.35114 -3.23607 0
      vertex -1.81596 -3.56403 0
    endloop
  endfacet
  facet normal 0.465847 0.760181 -0.452892
    outer loop
      vertex -1.88533 -3.70016 -0.470228
      vertex -2.44095 -3.35967 -0.470228
      vertex -1.83374 -3.59891 -0.247214
    endloop
  endfacet
  facet normal 0.465846 0.76019 -0.452878
    outer loop
      vertex -2.44095 -3.35967 -0.470228
      vertex -2.37416 -3.26774 -0.247214
      vertex -1.83374 -3.59891 -0.247214
    endloop
  endfacet
  facet normal 0.370033 0.603848 -0.706005
    outer loop
      vertex -1.96568 -3.85785 -0.647214
      vertex -2.54498 -3.50286 -0.647214
      vertex -1.88533 -3.70016 -0.470228
    endloop
  endfacet
  facet normal 0.370032 0.603827 -0.706024
    outer loop
      vertex -2.54498 -3.50286 -0.647214
      vertex -2.44095 -3.35967 -0.470228
      vertex -1.88533 -3.70016 -0.470228
    endloop
  endfacet
  facet normal 0.23779 0.38804 -0.890438
    outer loop
      vertex -2.06692 -4.05656 -0.760845
      vertex -2.67606 -3.68328 -0.760845
      vertex -1.96568 -3.85785 -0.647214
    endloop
  endfacet
  facet normal 0.237792 0.388046 -0.890435
    outer loop
      vertex -2.67606 -3.68328 -0.760845
      vertex -2.54498 -3.50286 -0.647214
      vertex -1.96568 -3.85785 -0.647214
    endloop
  endfacet
  facet normal 0.0819834 0.133786 -0.987613
    outer loop
      vertex -2.17915 -4.27683 -0.8
      vertex -2.82137 -3.88328 -0.8
      vertex -2.06692 -4.05656 -0.760845
    endloop
  endfacet
  facet normal 0.0819833 0.133785 -0.987613
    outer loop
      vertex -2.82137 -3.88328 -0.8
      vertex -2.67606 -3.68328 -0.760845
      vertex -2.06692 -4.05656 -0.760845
    endloop
  endfacet
  facet normal -0.0819825 -0.133783 -0.987614
    outer loop
      vertex -2.29139 -4.4971 -0.760845
      vertex -2.96668 -4.08328 -0.760845
      vertex -2.17915 -4.27683 -0.8
    endloop
  endfacet
  facet normal -0.0819831 -0.133785 -0.987613
    outer loop
      vertex -2.96668 -4.08328 -0.760845
      vertex -2.82137 -3.88328 -0.8
      vertex -2.17915 -4.27683 -0.8
    endloop
  endfacet
  facet normal -0.237794 -0.388039 -0.890438
    outer loop
      vertex -2.39263 -4.69581 -0.647214
      vertex -3.09776 -4.2637 -0.647214
      vertex -2.29139 -4.4971 -0.760845
    endloop
  endfacet
  facet normal -0.237795 -0.388044 -0.890435
    outer loop
      vertex -3.09776 -4.2637 -0.647214
      vertex -2.96668 -4.08328 -0.760845
      vertex -2.29139 -4.4971 -0.760845
    endloop
  endfacet
  facet normal -0.370034 -0.603848 -0.706005
    outer loop
      vertex -2.47298 -4.8535 -0.470228
      vertex -3.20179 -4.40689 -0.470228
      vertex -2.39263 -4.69581 -0.647214
    endloop
  endfacet
  facet normal -0.370031 -0.603827 -0.706024
    outer loop
      vertex -3.20179 -4.40689 -0.470228
      vertex -3.09776 -4.2637 -0.647214
      vertex -2.39263 -4.69581 -0.647214
    endloop
  endfacet
  facet normal -0.465842 -0.760184 -0.452893
    outer loop
      vertex -2.52457 -4.95475 -0.247214
      vertex -3.26858 -4.49882 -0.247214
      vertex -2.47298 -4.8535 -0.470228
    endloop
  endfacet
  facet normal -0.465841 -0.760193 -0.452878
    outer loop
      vertex -3.26858 -4.49882 -0.247214
      vertex -3.20179 -4.40689 -0.470228
      vertex -2.47298 -4.8535 -0.470228
    endloop
  endfacet
  facet normal -0.516102 -0.842204 -0.155981
    outer loop
      vertex -2.54235 -4.98964 0
      vertex -3.2916 -4.5305 0
      vertex -2.52457 -4.95475 -0.247214
    endloop
  endfacet
  facet normal -0.516103 -0.842203 -0.155985
    outer loop
      vertex -3.2916 -4.5305 0
      vertex -3.26858 -4.49882 -0.247214
      vertex -2.52457 -4.95475 -0.247214
    endloop
  endfacet
  facet normal -0.641499 -0.751097 0.155987
    outer loop
      vertex -3.26858 -4.49882 0.247214
      vertex -3.93211 -3.93211 0.247214
      vertex -3.2916 -4.5305 0
    endloop
  endfacet
  facet normal -0.641501 -0.751097 0.155982
    outer loop
      vertex -3.93211 -3.93211 0.247214
      vertex -3.9598 -3.9598 0
      vertex -3.2916 -4.5305 0
    endloop
  endfacet
  facet normal -0.579032 -0.677956 0.452877
    outer loop
      vertex -3.20179 -4.40689 0.470228
      vertex -3.85176 -3.85176 0.470228
      vertex -3.26858 -4.49882 0.247214
    endloop
  endfacet
  facet normal -0.57903 -0.677955 0.452881
    outer loop
      vertex -3.85176 -3.85176 0.470228
      vertex -3.93211 -3.93211 0.247214
      vertex -3.26858 -4.49882 0.247214
    endloop
  endfacet
  facet normal -0.459933 -0.538511 0.706023
    outer loop
      vertex -3.09776 -4.2637 0.647214
      vertex -3.72661 -3.72661 0.647214
      vertex -3.20179 -4.40689 0.470228
    endloop
  endfacet
  facet normal -0.459935 -0.538512 0.70602
    outer loop
      vertex -3.72661 -3.72661 0.647214
      vertex -3.85176 -3.85176 0.470228
      vertex -3.20179 -4.40689 0.470228
    endloop
  endfacet
  facet normal -0.29557 -0.346069 0.890435
    outer loop
      vertex -2.96668 -4.08328 0.760845
      vertex -3.56892 -3.56892 0.760845
      vertex -3.09776 -4.2637 0.647214
    endloop
  endfacet
  facet normal -0.295573 -0.346071 0.890433
    outer loop
      vertex -3.56892 -3.56892 0.760845
      vertex -3.72661 -3.72661 0.647214
      vertex -3.09776 -4.2637 0.647214
    endloop
  endfacet
  facet normal -0.101903 -0.119312 0.987613
    outer loop
      vertex -2.82137 -3.88328 0.8
      vertex -3.39411 -3.39411 0.8
      vertex -2.96668 -4.08328 0.760845
    endloop
  endfacet
  facet normal -0.101901 -0.119311 0.987614
    outer loop
      vertex -3.39411 -3.39411 0.8
      vertex -3.56892 -3.56892 0.760845
      vertex -2.96668 -4.08328 0.760845
    endloop
  endfacet
  facet normal 0.101901 0.119314 0.987613
    outer loop
      vertex -2.67606 -3.68328 0.760845
      vertex -3.21931 -3.21931 0.760845
      vertex -2.82137 -3.88328 0.8
    endloop
  endfacet
  facet normal 0.101907 0.119317 0.987612
    outer loop
      vertex -3.21931 -3.21931 0.760845
      vertex -3.39411 -3.39411 0.8
      vertex -2.82137 -3.88328 0.8
    endloop
  endfacet
  facet normal 0.295573 0.346067 0.890435
    outer loop
      vertex -2.54498 -3.50286 0.647214
      vertex -3.06161 -3.06161 0.647214
      vertex -2.67606 -3.68328 0.760845
    endloop
  endfacet
  facet normal 0.295555 0.346057 0.890445
    outer loop
      vertex -3.06161 -3.06161 0.647214
      vertex -3.21931 -3.21931 0.760845
      vertex -2.67606 -3.68328 0.760845
    endloop
  endfacet
  facet normal 0.459935 0.538509 0.706023
    outer loop
      vertex -2.44095 -3.35967 0.470228
      vertex -2.93646 -2.93646 0.470228
      vertex -2.54498 -3.50286 0.647214
    endloop
  endfacet
  facet normal 0.459937 0.53851 0.70602
    outer loop
      vertex -2.93646 -2.93646 0.470228
      vertex -3.06161 -3.06161 0.647214
      vertex -2.54498 -3.50286 0.647214
    endloop
  endfacet
  facet normal 0.579035 0.677953 0.452877
    outer loop
      vertex -2.37416 -3.26774 0.247214
      vertex -2.85611 -2.85611 0.247214
      vertex -2.44095 -3.35967 0.470228
    endloop
  endfacet
  facet normal 0.579033 0.677953 0.452881
    outer loop
      vertex -2.85611 -2.85611 0.247214
      vertex -2.93646 -2.93646 0.470228
      vertex -2.44095 -3.35967 0.470228
    endloop
  endfacet
  facet normal 0.641498 0.751105 0.155957
    outer loop
      vertex -2.35114 -3.23607 0
      vertex -2.82843 -2.82843 0
      vertex -2.37416 -3.26774 0.247214
    endloop
  endfacet
  facet normal 0.64151 0.751101 0.155927
    outer loop
      vertex -2.82843 -2.82843 0
      vertex -2.85611 -2.85611 0.247214
      vertex -2.37416 -3.26774 0.247214
    endloop
  endfacet
  facet normal 0.641507 0.751097 -0.155957
    outer loop
      vertex -2.37416 -3.26774 -0.247214
      vertex -2.85611 -2.85611 -0.247214
      vertex -2.35114 -3.23607 0
    endloop
  endfacet
  facet normal 0.641501 0.751108 -0.155927
    outer loop
      vertex -2.85611 -2.85611 -0.247214
      vertex -2.82843 -2.82843 0
      vertex -2.35114 -3.23607 0
    endloop
  endfacet
  facet normal 0.579034 0.677954 -0.452877
    outer loop
      vertex -2.44095 -3.35967 -0.470228
      vertex -2.93646 -2.93646 -0.470228
      vertex -2.37416 -3.26774 -0.247214
    endloop
  endfacet
  facet normal 0.579034 0.677952 -0.452881
    outer loop
      vertex -2.93646 -2.93646 -0.470228
      vertex -2.85611 -2.85611 -0.247214
      vertex -2.37416 -3.26774 -0.247214
    endloop
  endfacet
  facet normal 0.459936 0.538508 -0.706023
    outer loop
      vertex -2.54498 -3.50286 -0.647214
      vertex -3.06161 -3.06161 -0.647214
      vertex -2.44095 -3.35967 -0.470228
    endloop
  endfacet
  facet normal 0.459937 0.538511 -0.70602
    outer loop
      vertex -3.06161 -3.06161 -0.647214
      vertex -2.93646 -2.93646 -0.470228
      vertex -2.44095 -3.35967 -0.470228
    endloop
  endfacet
  facet normal 0.295567 0.346071 -0.890435
    outer loop
      vertex -2.67606 -3.68328 -0.760845
      vertex -3.21931 -3.21931 -0.760845
      vertex -2.54498 -3.50286 -0.647214
    endloop
  endfacet
  facet normal 0.29556 0.346052 -0.890445
    outer loop
      vertex -3.21931 -3.21931 -0.760845
      vertex -3.06161 -3.06161 -0.647214
      vertex -2.54498 -3.50286 -0.647214
    endloop
  endfacet
  facet normal 0.101903 0.119312 -0.987613
    outer loop
      vertex -2.82137 -3.88328 -0.8
      vertex -3.39411 -3.39411 -0.8
      vertex -2.67606 -3.68328 -0.760845
    endloop
  endfacet
  facet normal 0.101906 0.119318 -0.987612
    outer loop
      vertex -3.39411 -3.39411 -0.8
      vertex -3.21931 -3.21931 -0.760845
      vertex -2.67606 -3.68328 -0.760845
    endloop
  endfacet
  facet normal -0.101902 -0.119313 -0.987613
    outer loop
      vertex -2.96668 -4.08328 -0.760845
      vertex -3.56892 -3.56892 -0.760845
      vertex -2.82137 -3.88328 -0.8
    endloop
  endfacet
  facet normal -0.101901 -0.11931 -0.987614
    outer loop
      vertex -3.56892 -3.56892 -0.760845
      vertex -3.39411 -3.39411 -0.8
      vertex -2.82137 -3.88328 -0.8
    endloop
  endfacet
  facet normal -0.295571 -0.346068 -0.890435
    outer loop
      vertex -3.09776 -4.2637 -0.647214
      vertex -3.72661 -3.72661 -0.647214
      vertex -2.96668 -4.08328 -0.760845
    endloop
  endfacet
  facet normal -0.295572 -0.346072 -0.890433
    outer loop
      vertex -3.72661 -3.72661 -0.647214
      vertex -3.56892 -3.56892 -0.760845
      vertex -2.96668 -4.08328 -0.760845
    endloop
  endfacet
  facet normal -0.459934 -0.53851 -0.706023
    outer loop
      vertex -3.20179 -4.40689 -0.470228
      vertex -3.85176 -3.85176 -0.470228
      vertex -3.09776 -4.2637 -0.647214
    endloop
  endfacet
  facet normal -0.459934 -0.538513 -0.70602
    outer loop
      vertex -3.85176 -3.85176 -0.470228
      vertex -3.72661 -3.72661 -0.647214
      vertex -3.09776 -4.2637 -0.647214
    endloop
  endfacet
  facet normal -0.579031 -0.677956 -0.452877
    outer loop
      vertex -3.26858 -4.49882 -0.247214
      vertex -3.93211 -3.93211 -0.247214
      vertex -3.20179 -4.40689 -0.470228
    endloop
  endfacet
  facet normal -0.579031 -0.677954 -0.452881
    outer loop
      vertex -3.93211 -3.93211 -0.247214
      vertex -3.85176 -3.85176 -0.470228
      vertex -3.20179 -4.40689 -0.470228
    endloop
  endfacet
  facet normal -0.6415 -0.751096 -0.155987
    outer loop
      vertex -3.2916 -4.5305 0
      vertex -3.9598 -3.9598 0
      vertex -3.26858 -4.49882 -0.247214
    endloop
  endfacet
  facet normal -0.6415 -0.751097 -0.155982
    outer loop
      vertex -3.9598 -3.9598 0
      vertex -3.93211 -3.93211 -0.247214
      vertex -3.26858 -4.49882 -0.247214
    endloop
  endfacet
  facet normal -0.751097 -0.6415 0.155982
    outer loop
      vertex -3.93211 -3.93211 0.247214
      vertex -4.49882 -3.26858 0.247214
      vertex -3.9598 -3.9598 0
    endloop
  endfacet
  facet normal -0.751096 -0.6415 0.155987
    outer loop
      vertex -4.49882 -3.26858 0.247214
      vertex -4.5305 -3.2916 0
      vertex -3.9598 -3.9598 0
    endloop
  endfacet
  facet normal -0.677954 -0.579031 0.452881
    outer loop
      vertex -3.85176 -3.85176 0.470228
      vertex -4.40689 -3.20179 0.470228
      vertex -3.93211 -3.93211 0.247214
    endloop
  endfacet
  facet normal -0.677956 -0.579031 0.452877
    outer loop
      vertex -4.40689 -3.20179 0.470228
      vertex -4.49882 -3.26858 0.247214
      vertex -3.93211 -3.93211 0.247214
    endloop
  endfacet
  facet normal -0.538513 -0.459934 0.70602
    outer loop
      vertex -3.72661 -3.72661 0.647214
      vertex -4.2637 -3.09776 0.647214
      vertex -3.85176 -3.85176 0.470228
    endloop
  endfacet
  facet normal -0.53851 -0.459934 0.706023
    outer loop
      vertex -4.2637 -3.09776 0.647214
      vertex -4.40689 -3.20179 0.470228
      vertex -3.85176 -3.85176 0.470228
    endloop
  endfacet
  facet normal -0.346072 -0.295572 0.890433
    outer loop
      vertex -3.56892 -3.56892 0.760845
      vertex -4.08328 -2.96668 0.760845
      vertex -3.72661 -3.72661 0.647214
    endloop
  endfacet
  facet normal -0.346068 -0.295571 0.890435
    outer loop
      vertex -4.08328 -2.96668 0.760845
      vertex -4.2637 -3.09776 0.647214
      vertex -3.72661 -3.72661 0.647214
    endloop
  endfacet
  facet normal -0.11931 -0.101901 0.987614
    outer loop
      vertex -3.39411 -3.39411 0.8
      vertex -3.88328 -2.82137 0.8
      vertex -3.56892 -3.56892 0.760845
    endloop
  endfacet
  facet normal -0.119313 -0.101902 0.987613
    outer loop
      vertex -3.88328 -2.82137 0.8
      vertex -4.08328 -2.96668 0.760845
      vertex -3.56892 -3.56892 0.760845
    endloop
  endfacet
  facet normal 0.119318 0.101906 0.987612
    outer loop
      vertex -3.21931 -3.21931 0.760845
      vertex -3.68328 -2.67606 0.760845
      vertex -3.39411 -3.39411 0.8
    endloop
  endfacet
  facet normal 0.119312 0.101903 0.987613
    outer loop
      vertex -3.68328 -2.67606 0.760845
      vertex -3.88328 -2.82137 0.8
      vertex -3.39411 -3.39411 0.8
    endloop
  endfacet
  facet normal 0.346052 0.29556 0.890445
    outer loop
      vertex -3.06161 -3.06161 0.647214
      vertex -3.50286 -2.54498 0.647214
      vertex -3.21931 -3.21931 0.760845
    endloop
  endfacet
  facet normal 0.346071 0.295567 0.890435
    outer loop
      vertex -3.50286 -2.54498 0.647214
      vertex -3.68328 -2.67606 0.760845
      vertex -3.21931 -3.21931 0.760845
    endloop
  endfacet
  facet normal 0.538511 0.459937 0.70602
    outer loop
      vertex -2.93646 -2.93646 0.470228
      vertex -3.35967 -2.44095 0.470228
      vertex -3.06161 -3.06161 0.647214
    endloop
  endfacet
  facet normal 0.538508 0.459936 0.706023
    outer loop
      vertex -3.35967 -2.44095 0.470228
      vertex -3.50286 -2.54498 0.647214
      vertex -3.06161 -3.06161 0.647214
    endloop
  endfacet
  facet normal 0.677952 0.579034 0.452881
    outer loop
      vertex -2.85611 -2.85611 0.247214
      vertex -3.26774 -2.37416 0.247214
      vertex -2.93646 -2.93646 0.470228
    endloop
  endfacet
  facet normal 0.677954 0.579034 0.452877
    outer loop
      vertex -3.26774 -2.37416 0.247214
      vertex -3.35967 -2.44095 0.470228
      vertex -2.93646 -2.93646 0.470228
    endloop
  endfacet
  facet normal 0.751108 0.641501 0.155927
    outer loop
      vertex -2.82843 -2.82843 0
      vertex -3.23607 -2.35114 0
      vertex -2.85611 -2.85611 0.247214
    endloop
  endfacet
  facet normal 0.751097 0.641507 0.155957
    outer loop
      vertex -3.23607 -2.35114 0
      vertex -3.26774 -2.37416 0.247214
      vertex -2.85611 -2.85611 0.247214
    endloop
  endfacet
  facet normal 0.751101 0.64151 -0.155927
    outer loop
      vertex -2.85611 -2.85611 -0.247214
      vertex -3.26774 -2.37416 -0.247214
      vertex -2.82843 -2.82843 0
    endloop
  endfacet
  facet normal 0.751105 0.641498 -0.155957
    outer loop
      vertex -3.26774 -2.37416 -0.247214
      vertex -3.23607 -2.35114 0
      vertex -2.82843 -2.82843 0
    endloop
  endfacet
  facet normal 0.677953 0.579033 -0.452881
    outer loop
      vertex -2.93646 -2.93646 -0.470228
      vertex -3.35967 -2.44095 -0.470228
      vertex -2.85611 -2.85611 -0.247214
    endloop
  endfacet
  facet normal 0.677953 0.579035 -0.452877
    outer loop
      vertex -3.35967 -2.44095 -0.470228
      vertex -3.26774 -2.37416 -0.247214
      vertex -2.85611 -2.85611 -0.247214
    endloop
  endfacet
  facet normal 0.53851 0.459937 -0.70602
    outer loop
      vertex -3.06161 -3.06161 -0.647214
      vertex -3.50286 -2.54498 -0.647214
      vertex -2.93646 -2.93646 -0.470228
    endloop
  endfacet
  facet normal 0.538509 0.459935 -0.706023
    outer loop
      vertex -3.50286 -2.54498 -0.647214
      vertex -3.35967 -2.44095 -0.470228
      vertex -2.93646 -2.93646 -0.470228
    endloop
  endfacet
  facet normal 0.346057 0.295555 -0.890445
    outer loop
      vertex -3.21931 -3.21931 -0.760845
      vertex -3.68328 -2.67606 -0.760845
      vertex -3.06161 -3.06161 -0.647214
    endloop
  endfacet
  facet normal 0.346067 0.295573 -0.890435
    outer loop
      vertex -3.68328 -2.67606 -0.760845
      vertex -3.50286 -2.54498 -0.647214
      vertex -3.06161 -3.06161 -0.647214
    endloop
  endfacet
  facet normal 0.119317 0.101907 -0.987612
    outer loop
      vertex -3.39411 -3.39411 -0.8
      vertex -3.88328 -2.82137 -0.8
      vertex -3.21931 -3.21931 -0.760845
    endloop
  endfacet
  facet normal 0.119314 0.101901 -0.987613
    outer loop
      vertex -3.88328 -2.82137 -0.8
      vertex -3.68328 -2.67606 -0.760845
      vertex -3.21931 -3.21931 -0.760845
    endloop
  endfacet
  facet normal -0.119311 -0.101901 -0.987614
    outer loop
      vertex -3.56892 -3.56892 -0.760845
      vertex -4.08328 -2.96668 -0.760845
      vertex -3.39411 -3.39411 -0.8
    endloop
  endfacet
  facet normal -0.119312 -0.101903 -0.987613
    outer loop
      vertex -4.08328 -2.96668 -0.760845
      vertex -3.88328 -2.82137 -0.8
      vertex -3.39411 -3.39411 -0.8
    endloop
  endfacet
  facet normal -0.346071 -0.295573 -0.890433
    outer loop
      vertex -3.72661 -3.72661 -0.647214
      vertex -4.2637 -3.09776 -0.647214
      vertex -3.56892 -3.56892 -0.760845
    endloop
  endfacet
  facet normal -0.346069 -0.29557 -0.890435
    outer loop
      vertex -4.2637 -3.09776 -0.647214
      vertex -4.08328 -2.96668 -0.760845
      vertex -3.56892 -3.56892 -0.760845
    endloop
  endfacet
  facet normal -0.538512 -0.459935 -0.70602
    outer loop
      vertex -3.85176 -3.85176 -0.470228
      vertex -4.40689 -3.20179 -0.470228
      vertex -3.72661 -3.72661 -0.647214
    endloop
  endfacet
  facet normal -0.538511 -0.459933 -0.706023
    outer loop
      vertex -4.40689 -3.20179 -0.470228
      vertex -4.2637 -3.09776 -0.647214
      vertex -3.72661 -3.72661 -0.647214
    endloop
  endfacet
  facet normal -0.677955 -0.57903 -0.452881
    outer loop
      vertex -3.93211 -3.93211 -0.247214
      vertex -4.49882 -3.26858 -0.247214
      vertex -3.85176 -3.85176 -0.470228
    endloop
  endfacet
  facet normal -0.677956 -0.579032 -0.452877
    outer loop
      vertex -4.49882 -3.26858 -0.247214
      vertex -4.40689 -3.20179 -0.470228
      vertex -3.85176 -3.85176 -0.470228
    endloop
  endfacet
  facet normal -0.751097 -0.641501 -0.155982
    outer loop
      vertex -3.9598 -3.9598 0
      vertex -4.5305 -3.2916 0
      vertex -3.93211 -3.93211 -0.247214
    endloop
  endfacet
  facet normal -0.751097 -0.641499 -0.155987
    outer loop
      vertex -4.5305 -3.2916 0
      vertex -4.49882 -3.26858 -0.247214
      vertex -3.93211 -3.93211 -0.247214
    endloop
  endfacet
  facet normal -0.842203 -0.516103 0.155985
    outer loop
      vertex -4.49882 -3.26858 0.247214
      vertex -4.95475 -2.52457 0.247214
      vertex -4.5305 -3.2916 0
    endloop
  endfacet
  facet normal -0.842204 -0.516102 0.155981
    outer loop
      vertex -4.95475 -2.52457 0.247214
      vertex -4.98964 -2.54235 0
      vertex -4.5305 -3.2916 0
    endloop
  endfacet
  facet normal -0.760193 -0.465841 0.452878
    outer loop
      vertex -4.40689 -3.20179 0.470228
      vertex -4.8535 -2.47298 0.470228
      vertex -4.49882 -3.26858 0.247214
    endloop
  endfacet
  facet normal -0.760184 -0.465842 0.452893
    outer loop
      vertex -4.8535 -2.47298 0.470228
      vertex -4.95475 -2.52457 0.247214
      vertex -4.49882 -3.26858 0.247214
    endloop
  endfacet
  facet normal -0.603827 -0.370031 0.706024
    outer loop
      vertex -4.2637 -3.09776 0.647214
      vertex -4.69581 -2.39263 0.647214
      vertex -4.40689 -3.20179 0.470228
    endloop
  endfacet
  facet normal -0.603848 -0.370034 0.706005
    outer loop
      vertex -4.69581 -2.39263 0.647214
      vertex -4.8535 -2.47298 0.470228
      vertex -4.40689 -3.20179 0.470228
    endloop
  endfacet
  facet normal -0.388044 -0.237795 0.890435
    outer loop
      vertex -4.08328 -2.96668 0.760845
      vertex -4.4971 -2.29139 0.760845
      vertex -4.2637 -3.09776 0.647214
    endloop
  endfacet
  facet normal -0.388039 -0.237794 0.890438
    outer loop
      vertex -4.4971 -2.29139 0.760845
      vertex -4.69581 -2.39263 0.647214
      vertex -4.2637 -3.09776 0.647214
    endloop
  endfacet
  facet normal -0.133785 -0.0819831 0.987613
    outer loop
      vertex -3.88328 -2.82137 0.8
      vertex -4.27683 -2.17915 0.8
      vertex -4.08328 -2.96668 0.760845
    endloop
  endfacet
  facet normal -0.133783 -0.0819825 0.987614
    outer loop
      vertex -4.27683 -2.17915 0.8
      vertex -4.4971 -2.29139 0.760845
      vertex -4.08328 -2.96668 0.760845
    endloop
  endfacet
  facet normal 0.133785 0.0819833 0.987613
    outer loop
      vertex -3.68328 -2.67606 0.760845
      vertex -4.05656 -2.06692 0.760845
      vertex -3.88328 -2.82137 0.8
    endloop
  endfacet
  facet normal 0.133786 0.0819834 0.987613
    outer loop
      vertex -4.05656 -2.06692 0.760845
      vertex -4.27683 -2.17915 0.8
      vertex -3.88328 -2.82137 0.8
    endloop
  endfacet
  facet normal 0.388046 0.237792 0.890435
    outer loop
      vertex -3.50286 -2.54498 0.647214
      vertex -3.85785 -1.96568 0.647214
      vertex -3.68328 -2.67606 0.760845
    endloop
  endfacet
  facet normal 0.38804 0.23779 0.890438
    outer loop
      vertex -3.85785 -1.96568 0.647214
      vertex -4.05656 -2.06692 0.760845
      vertex -3.68328 -2.67606 0.760845
    endloop
  endfacet
  facet normal 0.603827 0.370032 0.706024
    outer loop
      vertex -3.35967 -2.44095 0.470228
      vertex -3.70016 -1.88533 0.470228
      vertex -3.50286 -2.54498 0.647214
    endloop
  endfacet
  facet normal 0.603848 0.370033 0.706005
    outer loop
      vertex -3.70016 -1.88533 0.470228
      vertex -3.85785 -1.96568 0.647214
      vertex -3.50286 -2.54498 0.647214
    endloop
  endfacet
  facet normal 0.76019 0.465846 0.452878
    outer loop
      vertex -3.26774 -2.37416 0.247214
      vertex -3.59891 -1.83374 0.247214
      vertex -3.35967 -2.44095 0.470228
    endloop
  endfacet
  facet normal 0.760181 0.465847 0.452892
    outer loop
      vertex -3.59891 -1.83374 0.247214
      vertex -3.70016 -1.88533 0.470228
      vertex -3.35967 -2.44095 0.470228
    endloop
  endfacet
  facet normal 0.842207 0.516107 0.155952
    outer loop
      vertex -3.23607 -2.35114 0
      vertex -3.56403 -1.81596 0
      vertex -3.26774 -2.37416 0.247214
    endloop
  endfacet
  facet normal 0.842208 0.516106 0.155948
    outer loop
      vertex -3.56403 -1.81596 0
      vertex -3.59891 -1.83374 0.247214
      vertex -3.26774 -2.37416 0.247214
    endloop
  endfacet
  facet normal 0.842208 0.516106 -0.155952
    outer loop
      vertex -3.26774 -2.37416 -0.247214
      vertex -3.59891 -1.83374 -0.247214
      vertex -3.23607 -2.35114 0
    endloop
  endfacet
  facet normal 0.842207 0.516107 -0.155948
    outer loop
      vertex -3.59891 -1.83374 -0.247214
      vertex -3.56403 -1.81596 0
      vertex -3.23607 -2.35114 0
    endloop
  endfacet
  facet normal 0.760187 0.465851 -0.452878
    outer loop
      vertex -3.35967 -2.44095 -0.470228
      vertex -3.70016 -1.88533 -0.470228
      vertex -3.26774 -2.37416 -0.247214
    endloop
  endfacet
  facet normal 0.760184 0.465842 -0.452893
    outer loop
      vertex -3.70016 -1.88533 -0.470228
      vertex -3.59891 -1.83374 -0.247214
      vertex -3.26774 -2.37416 -0.247214
    endloop
  endfacet
  facet normal 0.603832 0.370023 -0.706024
    outer loop
      vertex -3.50286 -2.54498 -0.647214
      vertex -3.85785 -1.96568 -0.647214
      vertex -3.35967 -2.44095 -0.470228
    endloop
  endfacet
  facet normal 0.603843 0.370042 -0.706004
    outer loop
      vertex -3.85785 -1.96568 -0.647214
      vertex -3.70016 -1.88533 -0.470228
      vertex -3.35967 -2.44095 -0.470228
    endloop
  endfacet
  facet normal 0.388045 0.237793 -0.890435
    outer loop
      vertex -3.68328 -2.67606 -0.760845
      vertex -4.05656 -2.06692 -0.760845
      vertex -3.50286 -2.54498 -0.647214
    endloop
  endfacet
  facet normal 0.388041 0.237788 -0.890438
    outer loop
      vertex -4.05656 -2.06692 -0.760845
      vertex -3.85785 -1.96568 -0.647214
      vertex -3.50286 -2.54498 -0.647214
    endloop
  endfacet
  facet normal 0.133785 0.0819831 -0.987613
    outer loop
      vertex -3.88328 -2.82137 -0.8
      vertex -4.27683 -2.17915 -0.8
      vertex -3.68328 -2.67606 -0.760845
    endloop
  endfacet
  facet normal 0.133786 0.0819837 -0.987613
    outer loop
      vertex -4.27683 -2.17915 -0.8
      vertex -4.05656 -2.06692 -0.760845
      vertex -3.68328 -2.67606 -0.760845
    endloop
  endfacet
  facet normal -0.133785 -0.0819837 -0.987613
    outer loop
      vertex -4.08328 -2.96668 -0.760845
      vertex -4.4971 -2.29139 -0.760845
      vertex -3.88328 -2.82137 -0.8
    endloop
  endfacet
  facet normal -0.133783 -0.0819817 -0.987614
    outer loop
      vertex -4.4971 -2.29139 -0.760845
      vertex -4.27683 -2.17915 -0.8
      vertex -3.88328 -2.82137 -0.8
    endloop
  endfacet
  facet normal -0.388043 -0.237796 -0.890436
    outer loop
      vertex -4.2637 -3.09776 -0.647214
      vertex -4.69581 -2.39263 -0.647214
      vertex -4.08328 -2.96668 -0.760845
    endloop
  endfacet
  facet normal -0.38804 -0.237792 -0.890438
    outer loop
      vertex -4.69581 -2.39263 -0.647214
      vertex -4.4971 -2.29139 -0.760845
      vertex -4.08328 -2.96668 -0.760845
    endloop
  endfacet
  facet normal -0.603832 -0.370024 -0.706024
    outer loop
      vertex -4.40689 -3.20179 -0.470228
      vertex -4.8535 -2.47298 -0.470228
      vertex -4.2637 -3.09776 -0.647214
    endloop
  endfacet
  facet normal -0.603844 -0.370041 -0.706005
    outer loop
      vertex -4.8535 -2.47298 -0.470228
      vertex -4.69581 -2.39263 -0.647214
      vertex -4.2637 -3.09776 -0.647214
    endloop
  endfacet
  facet normal -0.76019 -0.465845 -0.452878
    outer loop
      vertex -4.49882 -3.26858 -0.247214
      vertex -4.95475 -2.52457 -0.247214
      vertex -4.40689 -3.20179 -0.470228
    endloop
  endfacet
  facet normal -0.760187 -0.465837 -0.452893
    outer loop
      vertex -4.95475 -2.52457 -0.247214
      vertex -4.8535 -2.47298 -0.470228
      vertex -4.40689 -3.20179 -0.470228
    endloop
  endfacet
  facet normal -0.842204 -0.516102 -0.155985
    outer loop
      vertex -4.5305 -3.2916 0
      vertex -4.98964 -2.54235 0
      vertex -4.49882 -3.26858 -0.247214
    endloop
  endfacet
  facet normal -0.842204 -0.516103 -0.155981
    outer loop
      vertex -4.98964 -2.54235 0
      vertex -4.95475 -2.52457 -0.247214
      vertex -4.49882 -3.26858 -0.247214
    endloop
  endfacet
  facet normal -0.91257 -0.378003 0.15598
    outer loop
      vertex -4.95475 -2.52457 0.247214
      vertex -5.28868 -1.7184 0.247214
      vertex -4.98964 -2.54235 0
    endloop
  endfacet
  facet normal -0.912573 -0.378001 0.15597
    outer loop
      vertex -5.28868 -1.7184 0.247214
      vertex -5.32592 -1.7305 0
      vertex -4.98964 -2.54235 0
    endloop
  endfacet
  facet normal -0.823697 -0.341192 0.452893
    outer loop
      vertex -4.8535 -2.47298 0.470228
      vertex -5.18061 -1.68328 0.470228
      vertex -4.95475 -2.52457 0.247214
    endloop
  endfacet
  facet normal -0.8237 -0.341191 0.452886
    outer loop
      vertex -5.18061 -1.68328 0.470228
      vertex -5.28868 -1.7184 0.247214
      vertex -4.95475 -2.52457 0.247214
    endloop
  endfacet
  facet normal -0.654301 -0.271015 0.706004
    outer loop
      vertex -4.69581 -2.39263 0.647214
      vertex -5.01228 -1.62859 0.647214
      vertex -4.8535 -2.47298 0.470228
    endloop
  endfacet
  facet normal -0.654278 -0.271015 0.706025
    outer loop
      vertex -5.01228 -1.62859 0.647214
      vertex -5.18061 -1.68328 0.470228
      vertex -4.8535 -2.47298 0.470228
    endloop
  endfacet
  facet normal -0.420459 -0.174161 0.890439
    outer loop
      vertex -4.4971 -2.29139 0.760845
      vertex -4.80019 -1.55967 0.760845
      vertex -4.69581 -2.39263 0.647214
    endloop
  endfacet
  facet normal -0.420471 -0.174162 0.890434
    outer loop
      vertex -4.80019 -1.55967 0.760845
      vertex -5.01228 -1.62859 0.647214
      vertex -4.69581 -2.39263 0.647214
    endloop
  endfacet
  facet normal -0.144961 -0.0600451 0.987614
    outer loop
      vertex -4.27683 -2.17915 0.8
      vertex -4.56507 -1.48328 0.8
      vertex -4.4971 -2.29139 0.760845
    endloop
  endfacet
  facet normal -0.144961 -0.060045 0.987614
    outer loop
      vertex -4.56507 -1.48328 0.8
      vertex -4.80019 -1.55967 0.760845
      vertex -4.4971 -2.29139 0.760845
    endloop
  endfacet
  facet normal 0.144963 0.060047 0.987613
    outer loop
      vertex -4.05656 -2.06692 0.760845
      vertex -4.32996 -1.40689 0.760845
      vertex -4.27683 -2.17915 0.8
    endloop
  endfacet
  facet normal 0.144966 0.0600472 0.987613
    outer loop
      vertex -4.32996 -1.40689 0.760845
      vertex -4.56507 -1.48328 0.8
      vertex -4.27683 -2.17915 0.8
    endloop
  endfacet
  facet normal 0.420459 0.174162 0.890439
    outer loop
      vertex -3.85785 -1.96568 0.647214
      vertex -4.11786 -1.33797 0.647214
      vertex -4.05656 -2.06692 0.760845
    endloop
  endfacet
  facet normal 0.420455 0.174162 0.890441
    outer loop
      vertex -4.11786 -1.33797 0.647214
      vertex -4.32996 -1.40689 0.760845
      vertex -4.05656 -2.06692 0.760845
    endloop
  endfacet
  facet normal 0.654302 0.271013 0.706004
    outer loop
      vertex -3.70016 -1.88533 0.470228
      vertex -3.94953 -1.28328 0.470228
      vertex -3.85785 -1.96568 0.647214
    endloop
  endfacet
  facet normal 0.654278 0.271015 0.706025
    outer loop
      vertex -3.94953 -1.28328 0.470228
      vertex -4.11786 -1.33797 0.647214
      vertex -3.85785 -1.96568 0.647214
    endloop
  endfacet
  facet normal 0.823699 0.341186 0.452892
    outer loop
      vertex -3.59891 -1.83374 0.247214
      vertex -3.84146 -1.24817 0.247214
      vertex -3.70016 -1.88533 0.470228
    endloop
  endfacet
  facet normal 0.823711 0.341182 0.452874
    outer loop
      vertex -3.84146 -1.24817 0.247214
      vertex -3.94953 -1.28328 0.470228
      vertex -3.70016 -1.88533 0.470228
    endloop
  endfacet
  facet normal 0.912576 0.378004 0.155944
    outer loop
      vertex -3.56403 -1.81596 0
      vertex -3.80423 -1.23607 0
      vertex -3.59891 -1.83374 0.247214
    endloop
  endfacet
  facet normal 0.912579 0.378001 0.155934
    outer loop
      vertex -3.80423 -1.23607 0
      vertex -3.84146 -1.24817 0.247214
      vertex -3.59891 -1.83374 0.247214
    endloop
  endfacet
  facet normal 0.912577 0.378 -0.155944
    outer loop
      vertex -3.59891 -1.83374 -0.247214
      vertex -3.84146 -1.24817 -0.247214
      vertex -3.56403 -1.81596 0
    endloop
  endfacet
  facet normal 0.912577 0.378005 -0.155934
    outer loop
      vertex -3.84146 -1.24817 -0.247214
      vertex -3.80423 -1.23607 0
      vertex -3.56403 -1.81596 0
    endloop
  endfacet
  facet normal 0.823702 0.341179 -0.452892
    outer loop
      vertex -3.70016 -1.88533 -0.470228
      vertex -3.94953 -1.28328 -0.470228
      vertex -3.59891 -1.83374 -0.247214
    endloop
  endfacet
  facet normal 0.823708 0.34119 -0.452874
    outer loop
      vertex -3.94953 -1.28328 -0.470228
      vertex -3.84146 -1.24817 -0.247214
      vertex -3.59891 -1.83374 -0.247214
    endloop
  endfacet
  facet normal 0.654297 0.271023 -0.706004
    outer loop
      vertex -3.85785 -1.96568 -0.647214
      vertex -4.11786 -1.33797 -0.647214
      vertex -3.70016 -1.88533 -0.470228
    endloop
  endfacet
  facet normal 0.654282 0.271005 -0.706025
    outer loop
      vertex -4.11786 -1.33797 -0.647214
      vertex -3.94953 -1.28328 -0.470228
      vertex -3.70016 -1.88533 -0.470228
    endloop
  endfacet
  facet normal 0.420458 0.174164 -0.890439
    outer loop
      vertex -4.05656 -2.06692 -0.760845
      vertex -4.32996 -1.40689 -0.760845
      vertex -3.85785 -1.96568 -0.647214
    endloop
  endfacet
  facet normal 0.420455 0.174161 -0.890441
    outer loop
      vertex -4.32996 -1.40689 -0.760845
      vertex -4.11786 -1.33797 -0.647214
      vertex -3.85785 -1.96568 -0.647214
    endloop
  endfacet
  facet normal 0.144963 0.060046 -0.987613
    outer loop
      vertex -4.27683 -2.17915 -0.8
      vertex -4.56507 -1.48328 -0.8
      vertex -4.05656 -2.06692 -0.760845
    endloop
  endfacet
  facet normal 0.144966 0.0600482 -0.987613
    outer loop
      vertex -4.56507 -1.48328 -0.8
      vertex -4.32996 -1.40689 -0.760845
      vertex -4.05656 -2.06692 -0.760845
    endloop
  endfacet
  facet normal -0.144961 -0.0600451 -0.987614
    outer loop
      vertex -4.4971 -2.29139 -0.760845
      vertex -4.80019 -1.55967 -0.760845
      vertex -4.27683 -2.17915 -0.8
    endloop
  endfacet
  facet normal -0.144961 -0.060045 -0.987614
    outer loop
      vertex -4.80019 -1.55967 -0.760845
      vertex -4.56507 -1.48328 -0.8
      vertex -4.27683 -2.17915 -0.8
    endloop
  endfacet
  facet normal -0.420461 -0.174157 -0.890439
    outer loop
      vertex -4.69581 -2.39263 -0.647214
      vertex -5.01228 -1.62859 -0.647214
      vertex -4.4971 -2.29139 -0.760845
    endloop
  endfacet
  facet normal -0.42047 -0.174165 -0.890434
    outer loop
      vertex -5.01228 -1.62859 -0.647214
      vertex -4.80019 -1.55967 -0.760845
      vertex -4.4971 -2.29139 -0.760845
    endloop
  endfacet
  facet normal -0.654297 -0.271023 -0.706004
    outer loop
      vertex -4.8535 -2.47298 -0.470228
      vertex -5.18061 -1.68328 -0.470228
      vertex -4.69581 -2.39263 -0.647214
    endloop
  endfacet
  facet normal -0.654281 -0.271007 -0.706025
    outer loop
      vertex -5.18061 -1.68328 -0.470228
      vertex -5.01228 -1.62859 -0.647214
      vertex -4.69581 -2.39263 -0.647214
    endloop
  endfacet
  facet normal -0.823698 -0.34119 -0.452893
    outer loop
      vertex -4.95475 -2.52457 -0.247214
      vertex -5.28868 -1.7184 -0.247214
      vertex -4.8535 -2.47298 -0.470228
    endloop
  endfacet
  facet normal -0.8237 -0.341193 -0.452886
    outer loop
      vertex -5.28868 -1.7184 -0.247214
      vertex -5.18061 -1.68328 -0.470228
      vertex -4.8535 -2.47298 -0.470228
    endloop
  endfacet
  facet normal -0.912571 -0.378 -0.15598
    outer loop
      vertex -4.98964 -2.54235 0
      vertex -5.32592 -1.7305 0
      vertex -4.95475 -2.52457 -0.247214
    endloop
  endfacet
  facet normal -0.912572 -0.378003 -0.15597
    outer loop
      vertex -5.32592 -1.7305 0
      vertex -5.28868 -1.7184 -0.247214
      vertex -4.95475 -2.52457 -0.247214
    endloop
  endfacet
  facet normal -0.960471 -0.230583 0.15597
    outer loop
      vertex -5.28868 -1.7184 0.247214
      vertex -5.49238 -0.869908 0.247214
      vertex -5.32592 -1.7305 0
    endloop
  endfacet
  facet normal -0.960475 -0.230579 0.155953
    outer loop
      vertex -5.49238 -0.869908 0.247214
      vertex -5.53105 -0.876033 0
      vertex -5.32592 -1.7305 0
    endloop
  endfacet
  facet normal -0.866936 -0.208132 0.452883
    outer loop
      vertex -5.18061 -1.68328 0.470228
      vertex -5.38015 -0.852132 0.470228
      vertex -5.28868 -1.7184 0.247214
    endloop
  endfacet
  facet normal -0.866943 -0.208129 0.452871
    outer loop
      vertex -5.38015 -0.852132 0.470228
      vertex -5.49238 -0.869908 0.247214
      vertex -5.28868 -1.7184 0.247214
    endloop
  endfacet
  facet normal -0.688618 -0.165324 0.706026
    outer loop
      vertex -5.01228 -1.62859 0.647214
      vertex -5.20534 -0.824445 0.647214
      vertex -5.18061 -1.68328 0.470228
    endloop
  endfacet
  facet normal -0.688624 -0.165323 0.70602
    outer loop
      vertex -5.20534 -0.824445 0.647214
      vertex -5.38015 -0.852132 0.470228
      vertex -5.18061 -1.68328 0.470228
    endloop
  endfacet
  facet normal -0.442542 -0.10624 0.890432
    outer loop
      vertex -4.80019 -1.55967 0.760845
      vertex -4.98507 -0.789558 0.760845
      vertex -5.01228 -1.62859 0.647214
    endloop
  endfacet
  facet normal -0.442526 -0.106242 0.89044
    outer loop
      vertex -4.98507 -0.789558 0.760845
      vertex -5.20534 -0.824445 0.647214
      vertex -5.01228 -1.62859 0.647214
    endloop
  endfacet
  facet normal -0.152569 -0.036628 0.987614
    outer loop
      vertex -4.56507 -1.48328 0.8
      vertex -4.7409 -0.750885 0.8
      vertex -4.80019 -1.55967 0.760845
    endloop
  endfacet
  facet normal -0.152572 -0.0366278 0.987613
    outer loop
      vertex -4.7409 -0.750885 0.8
      vertex -4.98507 -0.789558 0.760845
      vertex -4.80019 -1.55967 0.760845
    endloop
  endfacet
  facet normal 0.152575 0.0366285 0.987613
    outer loop
      vertex -4.32996 -1.40689 0.760845
      vertex -4.49673 -0.712213 0.760845
      vertex -4.56507 -1.48328 0.8
    endloop
  endfacet
  facet normal 0.152572 0.0366288 0.987613
    outer loop
      vertex -4.49673 -0.712213 0.760845
      vertex -4.7409 -0.750885 0.8
      vertex -4.56507 -1.48328 0.8
    endloop
  endfacet
  facet normal 0.442526 0.106237 0.890441
    outer loop
      vertex -4.11786 -1.33797 0.647214
      vertex -4.27646 -0.677326 0.647214
      vertex -4.32996 -1.40689 0.760845
    endloop
  endfacet
  facet normal 0.442527 0.106237 0.89044
    outer loop
      vertex -4.27646 -0.677326 0.647214
      vertex -4.49673 -0.712213 0.760845
      vertex -4.32996 -1.40689 0.760845
    endloop
  endfacet
  facet normal 0.688617 0.165329 0.706026
    outer loop
      vertex -3.94953 -1.28328 0.470228
      vertex -4.10166 -0.649639 0.470228
      vertex -4.11786 -1.33797 0.647214
    endloop
  endfacet
  facet normal 0.688644 0.165322 0.706001
    outer loop
      vertex -4.10166 -0.649639 0.470228
      vertex -4.27646 -0.677326 0.647214
      vertex -4.11786 -1.33797 0.647214
    endloop
  endfacet
  facet normal 0.866937 0.208144 0.452876
    outer loop
      vertex -3.84146 -1.24817 0.247214
      vertex -3.98943 -0.631863 0.247214
      vertex -3.94953 -1.28328 0.470228
    endloop
  endfacet
  facet normal 0.86694 0.208142 0.452871
    outer loop
      vertex -3.98943 -0.631863 0.247214
      vertex -4.10166 -0.649639 0.470228
      vertex -3.94953 -1.28328 0.470228
    endloop
  endfacet
  facet normal 0.960478 0.230578 0.155932
    outer loop
      vertex -3.80423 -1.23607 0
      vertex -3.95075 -0.625738 0
      vertex -3.84146 -1.24817 0.247214
    endloop
  endfacet
  facet normal 0.960464 0.230599 0.155991
    outer loop
      vertex -3.95075 -0.625738 0
      vertex -3.98943 -0.631863 0.247214
      vertex -3.84146 -1.24817 0.247214
    endloop
  endfacet
  facet normal 0.960473 0.230601 -0.155932
    outer loop
      vertex -3.84146 -1.24817 -0.247214
      vertex -3.98943 -0.631863 -0.247214
      vertex -3.80423 -1.23607 0
    endloop
  endfacet
  facet normal 0.960469 0.230576 -0.155991
    outer loop
      vertex -3.98943 -0.631863 -0.247214
      vertex -3.95075 -0.625738 0
      vertex -3.80423 -1.23607 0
    endloop
  endfacet
  facet normal 0.866937 0.208142 -0.452876
    outer loop
      vertex -3.94953 -1.28328 -0.470228
      vertex -4.10166 -0.649639 -0.470228
      vertex -3.84146 -1.24817 -0.247214
    endloop
  endfacet
  facet normal 0.866939 0.208145 -0.452871
    outer loop
      vertex -4.10166 -0.649639 -0.470228
      vertex -3.98943 -0.631863 -0.247214
      vertex -3.84146 -1.24817 -0.247214
    endloop
  endfacet
  facet normal 0.688621 0.165316 -0.706026
    outer loop
      vertex -4.11786 -1.33797 -0.647214
      vertex -4.27646 -0.677326 -0.647214
      vertex -3.94953 -1.28328 -0.470228
    endloop
  endfacet
  facet normal 0.688642 0.165335 -0.706001
    outer loop
      vertex -4.27646 -0.677326 -0.647214
      vertex -4.10166 -0.649639 -0.470228
      vertex -3.94953 -1.28328 -0.470228
    endloop
  endfacet
  facet normal 0.442526 0.106237 -0.890441
    outer loop
      vertex -4.32996 -1.40689 -0.760845
      vertex -4.49673 -0.712213 -0.760845
      vertex -4.11786 -1.33797 -0.647214
    endloop
  endfacet
  facet normal 0.442527 0.106237 -0.89044
    outer loop
      vertex -4.49673 -0.712213 -0.760845
      vertex -4.27646 -0.677326 -0.647214
      vertex -4.11786 -1.33797 -0.647214
    endloop
  endfacet
  facet normal 0.152575 0.0366294 -0.987613
    outer loop
      vertex -4.56507 -1.48328 -0.8
      vertex -4.7409 -0.750885 -0.8
      vertex -4.32996 -1.40689 -0.760845
    endloop
  endfacet
  facet normal 0.152572 0.0366277 -0.987613
    outer loop
      vertex -4.7409 -0.750885 -0.8
      vertex -4.49673 -0.712213 -0.760845
      vertex -4.32996 -1.40689 -0.760845
    endloop
  endfacet
  facet normal -0.152569 -0.0366271 -0.987614
    outer loop
      vertex -4.80019 -1.55967 -0.760845
      vertex -4.98507 -0.789558 -0.760845
      vertex -4.56507 -1.48328 -0.8
    endloop
  endfacet
  facet normal -0.152572 -0.0366287 -0.987613
    outer loop
      vertex -4.98507 -0.789558 -0.760845
      vertex -4.7409 -0.750885 -0.8
      vertex -4.56507 -1.48328 -0.8
    endloop
  endfacet
  facet normal -0.44254 -0.106245 -0.890433
    outer loop
      vertex -5.01228 -1.62859 -0.647214
      vertex -5.20534 -0.824445 -0.647214
      vertex -4.80019 -1.55967 -0.760845
    endloop
  endfacet
  facet normal -0.442527 -0.106237 -0.89044
    outer loop
      vertex -5.20534 -0.824445 -0.647214
      vertex -4.98507 -0.789558 -0.760845
      vertex -4.80019 -1.55967 -0.760845
    endloop
  endfacet
  facet normal -0.688619 -0.165322 -0.706026
    outer loop
      vertex -5.18061 -1.68328 -0.470228
      vertex -5.38015 -0.852132 -0.470228
      vertex -5.01228 -1.62859 -0.647214
    endloop
  endfacet
  facet normal -0.688624 -0.165326 -0.70602
    outer loop
      vertex -5.38015 -0.852132 -0.470228
      vertex -5.20534 -0.824445 -0.647214
      vertex -5.01228 -1.62859 -0.647214
    endloop
  endfacet
  facet normal -0.866937 -0.208128 -0.452883
    outer loop
      vertex -5.28868 -1.7184 -0.247214
      vertex -5.49238 -0.869908 -0.247214
      vertex -5.18061 -1.68328 -0.470228
    endloop
  endfacet
  facet normal -0.866942 -0.208133 -0.452871
    outer loop
      vertex -5.49238 -0.869908 -0.247214
      vertex -5.38015 -0.852132 -0.470228
      vertex -5.18061 -1.68328 -0.470228
    endloop
  endfacet
  facet normal -0.960472 -0.230578 -0.15597
    outer loop
      vertex -5.32592 -1.7305 0
      vertex -5.53105 -0.876033 0
      vertex -5.28868 -1.7184 -0.247214
    endloop
  endfacet
  facet normal -0.960474 -0.230584 -0.155953
    outer loop
      vertex -5.53105 -0.876033 0
      vertex -5.49238 -0.869908 -0.247214
      vertex -5.28868 -1.7184 -0.247214
    endloop
  endfacet
  facet normal -0.984719 -0.0775067 0.155953
    outer loop
      vertex -5.49238 -0.869908 0.247214
      vertex -5.56085 -0 0.247214
      vertex -5.53105 -0.876033 0
    endloop
  endfacet
  facet normal -0.98472 -0.0775045 0.155945
    outer loop
      vertex -5.56085 -0 0.247214
      vertex -5.6 -0 0
      vertex -5.53105 -0.876033 0
    endloop
  endfacet
  facet normal -0.888828 -0.0699479 0.452871
    outer loop
      vertex -5.38015 -0.852132 0.470228
      vertex -5.44721 -0 0.470228
      vertex -5.49238 -0.869908 0.247214
    endloop
  endfacet
  facet normal -0.88881 -0.0699577 0.452906
    outer loop
      vertex -5.44721 -0 0.470228
      vertex -5.56085 -0 0.247214
      vertex -5.49238 -0.869908 0.247214
    endloop
  endfacet
  facet normal -0.706008 -0.0555681 0.706021
    outer loop
      vertex -5.20534 -0.824445 0.647214
      vertex -5.27023 -0 0.647214
      vertex -5.38015 -0.852132 0.470228
    endloop
  endfacet
  facet normal -0.706026 -0.055562 0.706003
    outer loop
      vertex -5.27023 -0 0.647214
      vertex -5.44721 -0 0.470228
      vertex -5.38015 -0.852132 0.470228
    endloop
  endfacet
  facet normal -0.453697 -0.035707 0.89044
    outer loop
      vertex -4.98507 -0.789558 0.760845
      vertex -5.04721 -0 0.760845
      vertex -5.20534 -0.824445 0.647214
    endloop
  endfacet
  facet normal -0.45369 -0.0357088 0.890444
    outer loop
      vertex -5.04721 -0 0.760845
      vertex -5.27023 -0 0.647214
      vertex -5.20534 -0.824445 0.647214
    endloop
  endfacet
  facet normal -0.156423 -0.0123116 0.987613
    outer loop
      vertex -4.7409 -0.750885 0.8
      vertex -4.8 -0 0.8
      vertex -4.98507 -0.789558 0.760845
    endloop
  endfacet
  facet normal -0.156426 -0.0123111 0.987613
    outer loop
      vertex -4.8 -0 0.8
      vertex -5.04721 -0 0.760845
      vertex -4.98507 -0.789558 0.760845
    endloop
  endfacet
  facet normal 0.156423 0.0123124 0.987613
    outer loop
      vertex -4.49673 -0.712213 0.760845
      vertex -4.55279 -0 0.760845
      vertex -4.7409 -0.750885 0.8
    endloop
  endfacet
  facet normal 0.156426 0.0123118 0.987613
    outer loop
      vertex -4.55279 -0 0.760845
      vertex -4.8 -0 0.8
      vertex -4.7409 -0.750885 0.8
    endloop
  endfacet
  facet normal 0.453697 0.0357089 0.89044
    outer loop
      vertex -4.27646 -0.677326 0.647214
      vertex -4.32977 -0 0.647214
      vertex -4.49673 -0.712213 0.760845
    endloop
  endfacet
  facet normal 0.45369 0.0357111 0.890444
    outer loop
      vertex -4.32977 -0 0.647214
      vertex -4.55279 -0 0.760845
      vertex -4.49673 -0.712213 0.760845
    endloop
  endfacet
  facet normal 0.706028 0.0555681 0.706
    outer loop
      vertex -4.10166 -0.649639 0.470228
      vertex -4.15279 -0 0.470228
      vertex -4.27646 -0.677326 0.647214
    endloop
  endfacet
  facet normal 0.706026 0.0555689 0.706002
    outer loop
      vertex -4.15279 -0 0.470228
      vertex -4.32977 -0 0.647214
      vertex -4.27646 -0.677326 0.647214
    endloop
  endfacet
  facet normal 0.888827 0.0699541 0.452871
    outer loop
      vertex -3.98943 -0.631863 0.247214
      vertex -4.03916 -0 0.247214
      vertex -4.10166 -0.649639 0.470228
    endloop
  endfacet
  facet normal 0.888826 0.0699553 0.452874
    outer loop
      vertex -4.03916 -0 0.247214
      vertex -4.15279 -0 0.470228
      vertex -4.10166 -0.649639 0.470228
    endloop
  endfacet
  facet normal 0.984713 0.0775039 0.155992
    outer loop
      vertex -3.95075 -0.625738 0
      vertex -4 -0 0
      vertex -3.98943 -0.631863 0.247214
    endloop
  endfacet
  facet normal 0.984714 0.0775007 0.155984
    outer loop
      vertex -4 -0 0
      vertex -4.03916 -0 0.247214
      vertex -3.98943 -0.631863 0.247214
    endloop
  endfacet
  facet normal 0.984713 0.0775006 -0.155992
    outer loop
      vertex -3.98943 -0.631863 -0.247214
      vertex -4.03916 -0 -0.247214
      vertex -3.95075 -0.625738 0
    endloop
  endfacet
  facet normal 0.984714 0.077504 -0.155984
    outer loop
      vertex -4.03916 -0 -0.247214
      vertex -4 -0 0
      vertex -3.95075 -0.625738 0
    endloop
  endfacet
  facet normal 0.888827 0.0699554 -0.452871
    outer loop
      vertex -4.10166 -0.649639 -0.470228
      vertex -4.15279 -0 -0.470228
      vertex -3.98943 -0.631863 -0.247214
    endloop
  endfacet
  facet normal 0.888826 0.0699539 -0.452874
    outer loop
      vertex -4.15279 -0 -0.470228
      vertex -4.03916 -0 -0.247214
      vertex -3.98943 -0.631863 -0.247214
    endloop
  endfacet
  facet normal 0.706028 0.055569 -0.706001
    outer loop
      vertex -4.27646 -0.677326 -0.647214
      vertex -4.32977 -0 -0.647214
      vertex -4.10166 -0.649639 -0.470228
    endloop
  endfacet
  facet normal 0.706026 0.055568 -0.706002
    outer loop
      vertex -4.32977 -0 -0.647214
      vertex -4.15279 -0 -0.470228
      vertex -4.10166 -0.649639 -0.470228
    endloop
  endfacet
  facet normal 0.453697 0.0357116 -0.89044
    outer loop
      vertex -4.49673 -0.712213 -0.760845
      vertex -4.55279 -0 -0.760845
      vertex -4.27646 -0.677326 -0.647214
    endloop
  endfacet
  facet normal 0.45369 0.0357084 -0.890444
    outer loop
      vertex -4.55279 -0 -0.760845
      vertex -4.32977 -0 -0.647214
      vertex -4.27646 -0.677326 -0.647214
    endloop
  endfacet
  facet normal 0.156423 0.0123116 -0.987613
    outer loop
      vertex -4.7409 -0.750885 -0.8
      vertex -4.8 -0 -0.8
      vertex -4.49673 -0.712213 -0.760845
    endloop
  endfacet
  facet normal 0.156426 0.0123126 -0.987613
    outer loop
      vertex -4.8 -0 -0.8
      vertex -4.55279 -0 -0.760845
      vertex -4.49673 -0.712213 -0.760845
    endloop
  endfacet
  facet normal -0.156423 -0.0123109 -0.987613
    outer loop
      vertex -4.98507 -0.789558 -0.760845
      vertex -5.04721 -0 -0.760845
      vertex -4.7409 -0.750885 -0.8
    endloop
  endfacet
  facet normal -0.156426 -0.0123118 -0.987613
    outer loop
      vertex -5.04721 -0 -0.760845
      vertex -4.8 -0 -0.8
      vertex -4.7409 -0.750885 -0.8
    endloop
  endfacet
  facet normal -0.453697 -0.0357094 -0.89044
    outer loop
      vertex -5.20534 -0.824445 -0.647214
      vertex -5.27023 -0 -0.647214
      vertex -4.98507 -0.789558 -0.760845
    endloop
  endfacet
  facet normal -0.45369 -0.0357065 -0.890444
    outer loop
      vertex -5.27023 -0 -0.647214
      vertex -5.04721 -0 -0.760845
      vertex -4.98507 -0.789558 -0.760845
    endloop
  endfacet
  facet normal -0.706009 -0.0555606 -0.70602
    outer loop
      vertex -5.38015 -0.852132 -0.470228
      vertex -5.44721 -0 -0.470228
      vertex -5.20534 -0.824445 -0.647214
    endloop
  endfacet
  facet normal -0.706026 -0.0555695 -0.706002
    outer loop
      vertex -5.44721 -0 -0.470228
      vertex -5.27023 -0 -0.647214
      vertex -5.20534 -0.824445 -0.647214
    endloop
  endfacet
  facet normal -0.888827 -0.0699591 -0.452871
    outer loop
      vertex -5.49238 -0.869908 -0.247214
      vertex -5.56085 -0 -0.247214
      vertex -5.38015 -0.852132 -0.470228
    endloop
  endfacet
  facet normal -0.88881 -0.0699465 -0.452906
    outer loop
      vertex -5.56085 -0 -0.247214
      vertex -5.44721 -0 -0.470228
      vertex -5.38015 -0.852132 -0.470228
    endloop
  endfacet
  facet normal -0.984719 -0.0775044 -0.155953
    outer loop
      vertex -5.53105 -0.876033 0
      vertex -5.6 -0 0
      vertex -5.49238 -0.869908 -0.247214
    endloop
  endfacet
  facet normal -0.98472 -0.0775068 -0.155945
    outer loop
      vertex -5.6 -0 0
      vertex -5.56085 -0 -0.247214
      vertex -5.49238 -0.869908 -0.247214
    endloop
  endfacet
endsolid OpenSCAD_Model
