solid OpenSCAD_Model
  facet normal 0 0 -1
    outer loop
      vertex -20.7674 5.56461 -20
      vertex -16.894 4.52674 -20
      vertex -16.894 4.52673 -20
    endloop
  endfacet
  facet normal 0 0 -1
    outer loop
      vertex -20.7674 5.56461 -20
      vertex -16.894 4.52673 -20
      vertex -17.1539 3.41212 -20
    endloop
  endfacet
  facet normal 0 0 -1
    outer loop
      vertex -21.2244 3.36162 -20
      vertex -17.1539 3.41212 -20
      vertex -17.2658 2.73463 -20
    endloop
  endfacet
  facet normal 0 0 -1
    outer loop
      vertex -16.894 4.52674 -20
      vertex -17.8766 11.9447 -20
      vertex -17.0571 13.0884 -20
    endloop
  endfacet
  facet normal 0 0 -1
    outer loop
      vertex -16.894 4.52674 -20
      vertex -18.6195 10.75 -20
      vertex -17.8766 11.9447 -20
    endloop
  endfacet
  facet normal 0 0 -1
    outer loop
      vertex -16.894 4.52674 -20
      vertex -19.2828 9.5092 -20
      vertex -18.6195 10.75 -20
    endloop
  endfacet
  facet normal 0 0 -1
    outer loop
      vertex -16.894 4.52674 -20
      vertex -19.8634 8.22769 -20
      vertex -19.2828 9.5092 -20
    endloop
  endfacet
  facet normal 0 0 -1
    outer loop
      vertex -16.894 4.52674 -20
      vertex -20.359 6.91093 -20
      vertex -19.8634 8.22769 -20
    endloop
  endfacet
  facet normal 0 0 -1
    outer loop
      vertex -16.894 4.52674 -20
      vertex -20.7674 5.56461 -20
      vertex -20.359 6.91093 -20
    endloop
  endfacet
  facet normal 0 0 -1
    outer loop
      vertex -17.1539 3.41212 -20
      vertex -21.0869 4.19443 -20
      vertex -20.7674 5.56461 -20
    endloop
  endfacet
  facet normal -0 0 -1
    outer loop
      vertex -17.1539 3.41212 -20
      vertex -21.2244 3.36162 -20
      vertex -21.0869 4.19443 -20
    endloop
  endfacet
  facet normal 0 0 -1
    outer loop
      vertex 17.1539 3.41212 -20
      vertex 21.0869 4.19443 -20
      vertex 21.2244 3.36162 -20
    endloop
  endfacet
  facet normal -0 0 -1
    outer loop
      vertex 21.0869 4.19443 -20
      vertex 17.1539 3.41212 -20
      vertex 20.7674 5.56461 -20
    endloop
  endfacet
  facet normal -0 0 -1
    outer loop
      vertex 20.7674 5.56461 -20
      vertex 16.894 4.52674 -20
      vertex 20.359 6.91093 -20
    endloop
  endfacet
  facet normal -0 0 -1
    outer loop
      vertex 20.359 6.91093 -20
      vertex 16.894 4.52674 -20
      vertex 19.8634 8.22769 -20
    endloop
  endfacet
  facet normal -0 0 -1
    outer loop
      vertex 19.8634 8.22769 -20
      vertex 16.894 4.52674 -20
      vertex 19.2828 9.5092 -20
    endloop
  endfacet
  facet normal 0 0 -1
    outer loop
      vertex 13.0047 6.41318 -20
      vertex 19.2828 9.5092 -20
      vertex 16.894 4.52674 -20
    endloop
  endfacet
  facet normal 0 0 -1
    outer loop
      vertex 17.1539 3.41212 -20
      vertex 21.2244 3.36162 -20
      vertex 17.2658 2.73463 -20
    endloop
  endfacet
  facet normal 0 0 -1
    outer loop
      vertex 20.7674 5.56461 -20
      vertex 17.1539 3.41212 -20
      vertex 16.894 4.52673 -20
    endloop
  endfacet
  facet normal -0 0 -1
    outer loop
      vertex 19.2828 9.5092 -20
      vertex 13.0047 6.41318 -20
      vertex 18.6195 10.75 -20
    endloop
  endfacet
  facet normal 0 0 -1
    outer loop
      vertex 20.7674 5.56461 -20
      vertex 16.894 4.52673 -20
      vertex 16.894 4.52674 -20
    endloop
  endfacet
  facet normal 0 0 -1
    outer loop
      vertex 12.5574 7.25 -20
      vertex 18.6195 10.75 -20
      vertex 13.0047 6.41318 -20
    endloop
  endfacet
  facet normal 0 0 -1
    outer loop
      vertex 12.0563 8.05576 -20
      vertex 17.8766 11.9447 -20
      vertex 12.5574 7.25 -20
    endloop
  endfacet
  facet normal -0 0 -1
    outer loop
      vertex 17.8766 11.9447 -20
      vertex 12.0563 8.05576 -20
      vertex 17.0571 13.0884 -20
    endloop
  endfacet
  facet normal 0 0 -1
    outer loop
      vertex 11.5036 8.82703 -20
      vertex 17.0571 13.0884 -20
      vertex 12.0563 8.05576 -20
    endloop
  endfacet
  facet normal 0 0 -1
    outer loop
      vertex 13.7305 4.66086 -20
      vertex 16.894 4.52674 -20
      vertex 14.0059 3.75287 -20
    endloop
  endfacet
  facet normal 0 0 -1
    outer loop
      vertex 13.3962 5.5489 -20
      vertex 16.894 4.52674 -20
      vertex 13.7305 4.66086 -20
    endloop
  endfacet
  facet normal 0 0 -1
    outer loop
      vertex 13.0047 6.41318 -20
      vertex 16.894 4.52674 -20
      vertex 13.3962 5.5489 -20
    endloop
  endfacet
  facet normal -0 0 -1
    outer loop
      vertex 18.6195 10.75 -20
      vertex 12.5574 7.25 -20
      vertex 17.8766 11.9447 -20
    endloop
  endfacet
  facet normal -0 0 -1
    outer loop
      vertex 17.0571 13.0884 -20
      vertex 11.5036 8.82703 -20
      vertex 16.1646 14.1759 -20
    endloop
  endfacet
  facet normal 0 0 -1
    outer loop
      vertex 10.9017 9.5605 -20
      vertex 16.1646 14.1759 -20
      vertex 11.5036 8.82703 -20
    endloop
  endfacet
  facet normal -0 0 -1
    outer loop
      vertex 16.1646 14.1759 -20
      vertex 10.9017 9.5605 -20
      vertex 15.2028 15.2028 -20
    endloop
  endfacet
  facet normal 0 0 -1
    outer loop
      vertex 10.253 10.253 -20
      vertex 15.2028 15.2028 -20
      vertex 10.9017 9.5605 -20
    endloop
  endfacet
  facet normal -0 0 -1
    outer loop
      vertex 15.2028 15.2028 -20
      vertex 10.253 10.253 -20
      vertex 14.1759 16.1646 -20
    endloop
  endfacet
  facet normal 0 0 -1
    outer loop
      vertex 9.5605 10.9017 -20
      vertex 14.1759 16.1646 -20
      vertex 10.253 10.253 -20
    endloop
  endfacet
  facet normal -0 0 -1
    outer loop
      vertex 14.1759 16.1646 -20
      vertex 9.5605 10.9017 -20
      vertex 13.0884 17.0571 -20
    endloop
  endfacet
  facet normal 0 0 -1
    outer loop
      vertex 8.82703 11.5036 -20
      vertex 13.0884 17.0571 -20
      vertex 9.5605 10.9017 -20
    endloop
  endfacet
  facet normal -0 0 -1
    outer loop
      vertex 13.0884 17.0571 -20
      vertex 8.82703 11.5036 -20
      vertex 11.9447 17.8766 -20
    endloop
  endfacet
  facet normal 0 0 -1
    outer loop
      vertex 8.05576 12.0563 -20
      vertex 11.9447 17.8766 -20
      vertex 8.82703 11.5036 -20
    endloop
  endfacet
  facet normal -0 0 -1
    outer loop
      vertex 11.9447 17.8766 -20
      vertex 8.05576 12.0563 -20
      vertex 10.75 18.6195 -20
    endloop
  endfacet
  facet normal 0 0 -1
    outer loop
      vertex 7.25 12.5574 -20
      vertex 10.75 18.6195 -20
      vertex 8.05576 12.0563 -20
    endloop
  endfacet
  facet normal -0 0 -1
    outer loop
      vertex 10.75 18.6195 -20
      vertex 7.25 12.5574 -20
      vertex 9.5092 19.2828 -20
    endloop
  endfacet
  facet normal 0 0 -1
    outer loop
      vertex 6.41318 13.0047 -20
      vertex 9.5092 19.2828 -20
      vertex 7.25 12.5574 -20
    endloop
  endfacet
  facet normal -0 0 -1
    outer loop
      vertex 9.5092 19.2828 -20
      vertex 6.41318 13.0047 -20
      vertex 8.22769 19.8634 -20
    endloop
  endfacet
  facet normal 0 0 -1
    outer loop
      vertex 5.5489 13.3962 -20
      vertex 8.22769 19.8634 -20
      vertex 6.41318 13.0047 -20
    endloop
  endfacet
  facet normal -0 0 -1
    outer loop
      vertex 8.22769 19.8634 -20
      vertex 5.5489 13.3962 -20
      vertex 6.91093 20.359 -20
    endloop
  endfacet
  facet normal 0 0 -1
    outer loop
      vertex 4.66086 13.7305 -20
      vertex 6.91093 20.359 -20
      vertex 5.5489 13.3962 -20
    endloop
  endfacet
  facet normal -0 0 -1
    outer loop
      vertex 6.91093 20.359 -20
      vertex 4.66086 13.7305 -20
      vertex 5.56461 20.7674 -20
    endloop
  endfacet
  facet normal 0 0 -1
    outer loop
      vertex 3.75287 14.0059 -20
      vertex 5.56461 20.7674 -20
      vertex 4.66086 13.7305 -20
    endloop
  endfacet
  facet normal -0 0 -1
    outer loop
      vertex 5.56461 20.7674 -20
      vertex 3.75287 14.0059 -20
      vertex 4.19443 21.0869 -20
    endloop
  endfacet
  facet normal 0 0 -1
    outer loop
      vertex 2.8288 14.2214 -20
      vertex 4.19443 21.0869 -20
      vertex 3.75287 14.0059 -20
    endloop
  endfacet
  facet normal 0 0 -1
    outer loop
      vertex 2.8288 14.2214 -20
      vertex 2.8063 21.3161 -20
      vertex 4.19443 21.0869 -20
    endloop
  endfacet
  facet normal 0 0 -1
    outer loop
      vertex 1.89262 14.3759 -20
      vertex 2.8063 21.3161 -20
      vertex 2.8288 14.2214 -20
    endloop
  endfacet
  facet normal 0 0 -1
    outer loop
      vertex 1.89262 14.3759 -20
      vertex 1.40616 21.454 -20
      vertex 2.8063 21.3161 -20
    endloop
  endfacet
  facet normal 0 0 -1
    outer loop
      vertex 0.948334 14.4689 -20
      vertex 1.40616 21.454 -20
      vertex 1.89262 14.3759 -20
    endloop
  endfacet
  facet normal 0 0 -1
    outer loop
      vertex 0 14.5 -20
      vertex 1.40616 21.454 -20
      vertex 0.948334 14.4689 -20
    endloop
  endfacet
  facet normal 0 0 -1
    outer loop
      vertex 0 14.5 -20
      vertex 0 21.5 -20
      vertex 1.40616 21.454 -20
    endloop
  endfacet
  facet normal 0 0 -1
    outer loop
      vertex -0.948334 14.4689 -20
      vertex 0 21.5 -20
      vertex 0 14.5 -20
    endloop
  endfacet
  facet normal 0 0 -1
    outer loop
      vertex -0.948334 14.4689 -20
      vertex -1.40616 21.454 -20
      vertex 0 21.5 -20
    endloop
  endfacet
  facet normal 0 0 -1
    outer loop
      vertex -1.89262 14.3759 -20
      vertex -1.40616 21.454 -20
      vertex -0.948334 14.4689 -20
    endloop
  endfacet
  facet normal 0 0 -1
    outer loop
      vertex -1.89262 14.3759 -20
      vertex -2.8063 21.3161 -20
      vertex -1.40616 21.454 -20
    endloop
  endfacet
  facet normal 0 0 -1
    outer loop
      vertex -2.8288 14.2214 -20
      vertex -2.8063 21.3161 -20
      vertex -1.89262 14.3759 -20
    endloop
  endfacet
  facet normal 0 0 -1
    outer loop
      vertex -4.19443 21.0869 -20
      vertex -2.8288 14.2214 -20
      vertex -3.75287 14.0059 -20
    endloop
  endfacet
  facet normal 0 0 -1
    outer loop
      vertex -2.8288 14.2214 -20
      vertex -4.19443 21.0869 -20
      vertex -2.8063 21.3161 -20
    endloop
  endfacet
  facet normal 0 0 -1
    outer loop
      vertex -5.56461 20.7674 -20
      vertex -3.75287 14.0059 -20
      vertex -4.66086 13.7305 -20
    endloop
  endfacet
  facet normal 0 0 -1
    outer loop
      vertex -6.91093 20.359 -20
      vertex -4.66086 13.7305 -20
      vertex -5.5489 13.3962 -20
    endloop
  endfacet
  facet normal 0 0 -1
    outer loop
      vertex -3.75287 14.0059 -20
      vertex -5.56461 20.7674 -20
      vertex -4.19443 21.0869 -20
    endloop
  endfacet
  facet normal 0 0 -1
    outer loop
      vertex -8.22769 19.8634 -20
      vertex -5.5489 13.3962 -20
      vertex -6.41318 13.0047 -20
    endloop
  endfacet
  facet normal 0 0 -1
    outer loop
      vertex -4.66086 13.7305 -20
      vertex -6.91093 20.359 -20
      vertex -5.56461 20.7674 -20
    endloop
  endfacet
  facet normal 0 0 -1
    outer loop
      vertex -9.5092 19.2828 -20
      vertex -6.41318 13.0047 -20
      vertex -7.25 12.5574 -20
    endloop
  endfacet
  facet normal 0 0 -1
    outer loop
      vertex -10.75 18.6195 -20
      vertex -7.25 12.5574 -20
      vertex -8.05576 12.0563 -20
    endloop
  endfacet
  facet normal 0 0 -1
    outer loop
      vertex -5.5489 13.3962 -20
      vertex -8.22769 19.8634 -20
      vertex -6.91093 20.359 -20
    endloop
  endfacet
  facet normal 0 0 -1
    outer loop
      vertex -11.9447 17.8766 -20
      vertex -8.05576 12.0563 -20
      vertex -8.82703 11.5036 -20
    endloop
  endfacet
  facet normal 0 0 -1
    outer loop
      vertex -6.41318 13.0047 -20
      vertex -9.5092 19.2828 -20
      vertex -8.22769 19.8634 -20
    endloop
  endfacet
  facet normal 0 0 -1
    outer loop
      vertex -13.0884 17.0571 -20
      vertex -8.82703 11.5036 -20
      vertex -9.5605 10.9017 -20
    endloop
  endfacet
  facet normal 0 0 -1
    outer loop
      vertex -14.1759 16.1646 -20
      vertex -9.5605 10.9017 -20
      vertex -10.253 10.253 -20
    endloop
  endfacet
  facet normal 0 0 -1
    outer loop
      vertex -7.25 12.5574 -20
      vertex -10.75 18.6195 -20
      vertex -9.5092 19.2828 -20
    endloop
  endfacet
  facet normal 0 0 -1
    outer loop
      vertex -15.2028 15.2028 -20
      vertex -10.253 10.253 -20
      vertex -10.9017 9.5605 -20
    endloop
  endfacet
  facet normal 0 0 -1
    outer loop
      vertex -16.1646 14.1759 -20
      vertex -10.9017 9.5605 -20
      vertex -11.5036 8.82703 -20
    endloop
  endfacet
  facet normal 0 0 -1
    outer loop
      vertex -8.05576 12.0563 -20
      vertex -11.9447 17.8766 -20
      vertex -10.75 18.6195 -20
    endloop
  endfacet
  facet normal 0 0 -1
    outer loop
      vertex -17.0571 13.0884 -20
      vertex -11.5036 8.82703 -20
      vertex -12.0563 8.05576 -20
    endloop
  endfacet
  facet normal 0 0 -1
    outer loop
      vertex -17.0571 13.0884 -20
      vertex -12.0563 8.05576 -20
      vertex -12.5574 7.25 -20
    endloop
  endfacet
  facet normal 0 0 -1
    outer loop
      vertex -17.0571 13.0884 -20
      vertex -12.5574 7.25 -20
      vertex -13.0047 6.41318 -20
    endloop
  endfacet
  facet normal 0 0 -1
    outer loop
      vertex -8.82703 11.5036 -20
      vertex -13.0884 17.0571 -20
      vertex -11.9447 17.8766 -20
    endloop
  endfacet
  facet normal 0 0 -1
    outer loop
      vertex -16.894 4.52674 -20
      vertex -13.0047 6.41318 -20
      vertex -13.3962 5.5489 -20
    endloop
  endfacet
  facet normal 0 0 -1
    outer loop
      vertex -16.894 4.52674 -20
      vertex -13.3962 5.5489 -20
      vertex -13.7305 4.66086 -20
    endloop
  endfacet
  facet normal 0 0 -1
    outer loop
      vertex -16.894 4.52674 -20
      vertex -13.7305 4.66086 -20
      vertex -14.0059 3.75287 -20
    endloop
  endfacet
  facet normal 0 0 -1
    outer loop
      vertex -9.5605 10.9017 -20
      vertex -14.1759 16.1646 -20
      vertex -13.0884 17.0571 -20
    endloop
  endfacet
  facet normal 0 0 -1
    outer loop
      vertex -10.253 10.253 -20
      vertex -15.2028 15.2028 -20
      vertex -14.1759 16.1646 -20
    endloop
  endfacet
  facet normal 0 0 -1
    outer loop
      vertex -10.9017 9.5605 -20
      vertex -16.1646 14.1759 -20
      vertex -15.2028 15.2028 -20
    endloop
  endfacet
  facet normal -0 0 -1
    outer loop
      vertex -13.0047 6.41318 -20
      vertex -16.894 4.52674 -20
      vertex -17.0571 13.0884 -20
    endloop
  endfacet
  facet normal 0 0 -1
    outer loop
      vertex -11.5036 8.82703 -20
      vertex -17.0571 13.0884 -20
      vertex -16.1646 14.1759 -20
    endloop
  endfacet
  facet normal 0 0 1
    outer loop
      vertex 20.359 6.91093 -18.4
      vertex 16.5713 5.62518 -18.4
      vertex 16.9037 4.52933 -18.4
    endloop
  endfacet
  facet normal 0 0 1
    outer loop
      vertex 17.8766 11.9447 -18.4
      vertex 16.1679 6.69695 -18.4
      vertex 16.5713 5.62518 -18.4
    endloop
  endfacet
  facet normal 0 0 1
    outer loop
      vertex 13.8837 10.6533 -18.4
      vertex 17.0571 13.0884 -18.4
      vertex 16.1646 14.1759 -18.4
    endloop
  endfacet
  facet normal 0 0 1
    outer loop
      vertex 17.8766 11.9447 -18.4
      vertex 15.6953 7.74005 -18.4
      vertex 16.1679 6.69695 -18.4
    endloop
  endfacet
  facet normal 0 0 1
    outer loop
      vertex 13.1572 11.5385 -18.4
      vertex 16.1646 14.1759 -18.4
      vertex 15.2028 15.2028 -18.4
    endloop
  endfacet
  facet normal 0 0 1
    outer loop
      vertex 17.8766 11.9447 -18.4
      vertex 15.1554 8.75 -18.4
      vertex 15.6953 7.74005 -18.4
    endloop
  endfacet
  facet normal 0 0 1
    outer loop
      vertex 17.8766 11.9447 -18.4
      vertex 14.5507 9.72247 -18.4
      vertex 15.1554 8.75 -18.4
    endloop
  endfacet
  facet normal 0 0 1
    outer loop
      vertex 12.3744 12.3744 -18.4
      vertex 15.2028 15.2028 -18.4
      vertex 14.1759 16.1646 -18.4
    endloop
  endfacet
  facet normal 0 0 1
    outer loop
      vertex 17.0571 13.0884 -18.4
      vertex 13.8837 10.6533 -18.4
      vertex 14.5507 9.72247 -18.4
    endloop
  endfacet
  facet normal 0 0 1
    outer loop
      vertex 16.1646 14.1759 -18.4
      vertex 13.1572 11.5385 -18.4
      vertex 13.8837 10.6533 -18.4
    endloop
  endfacet
  facet normal 0 0 1
    outer loop
      vertex 11.5385 13.1572 -18.4
      vertex 14.1759 16.1646 -18.4
      vertex 13.0884 17.0571 -18.4
    endloop
  endfacet
  facet normal 0 0 1
    outer loop
      vertex 15.2028 15.2028 -18.4
      vertex 12.3744 12.3744 -18.4
      vertex 13.1572 11.5385 -18.4
    endloop
  endfacet
  facet normal 0 0 1
    outer loop
      vertex 10.6533 13.8837 -18.4
      vertex 13.0884 17.0571 -18.4
      vertex 11.9447 17.8766 -18.4
    endloop
  endfacet
  facet normal 0 0 1
    outer loop
      vertex 14.1759 16.1646 -18.4
      vertex 11.5385 13.1572 -18.4
      vertex 12.3744 12.3744 -18.4
    endloop
  endfacet
  facet normal 0 0 1
    outer loop
      vertex 9.72247 14.5507 -18.4
      vertex 11.9447 17.8766 -18.4
      vertex 10.75 18.6195 -18.4
    endloop
  endfacet
  facet normal 0 0 1
    outer loop
      vertex 13.0884 17.0571 -18.4
      vertex 10.6533 13.8837 -18.4
      vertex 11.5385 13.1572 -18.4
    endloop
  endfacet
  facet normal 0 0 1
    outer loop
      vertex 11.9447 17.8766 -18.4
      vertex 9.72247 14.5507 -18.4
      vertex 10.6533 13.8837 -18.4
    endloop
  endfacet
  facet normal 0 0 1
    outer loop
      vertex 8.75 15.1554 -18.4
      vertex 10.75 18.6195 -18.4
      vertex 9.5092 19.2828 -18.4
    endloop
  endfacet
  facet normal 0 0 1
    outer loop
      vertex 10.75 18.6195 -18.4
      vertex 8.75 15.1554 -18.4
      vertex 9.72247 14.5507 -18.4
    endloop
  endfacet
  facet normal 0 0 1
    outer loop
      vertex 7.74005 15.6953 -18.4
      vertex 9.5092 19.2828 -18.4
      vertex 8.22769 19.8634 -18.4
    endloop
  endfacet
  facet normal 0 0 1
    outer loop
      vertex 9.5092 19.2828 -18.4
      vertex 7.74005 15.6953 -18.4
      vertex 8.75 15.1554 -18.4
    endloop
  endfacet
  facet normal 0 0 1
    outer loop
      vertex 6.69695 16.1679 -18.4
      vertex 8.22769 19.8634 -18.4
      vertex 6.91093 20.359 -18.4
    endloop
  endfacet
  facet normal 0 0 1
    outer loop
      vertex 8.22769 19.8634 -18.4
      vertex 6.69695 16.1679 -18.4
      vertex 7.74005 15.6953 -18.4
    endloop
  endfacet
  facet normal 0 0 1
    outer loop
      vertex 6.91093 20.359 -18.4
      vertex 5.62518 16.5713 -18.4
      vertex 6.69695 16.1679 -18.4
    endloop
  endfacet
  facet normal 0 0 1
    outer loop
      vertex 5.56461 20.7674 -18.4
      vertex 5.62518 16.5713 -18.4
      vertex 6.91093 20.359 -18.4
    endloop
  endfacet
  facet normal 0 0 1
    outer loop
      vertex 5.56461 20.7674 -18.4
      vertex 4.52933 16.9037 -18.4
      vertex 5.62518 16.5713 -18.4
    endloop
  endfacet
  facet normal 0 0 1
    outer loop
      vertex 4.19443 21.0869 -18.4
      vertex 4.52933 16.9037 -18.4
      vertex 5.56461 20.7674 -18.4
    endloop
  endfacet
  facet normal 0 0 1
    outer loop
      vertex 4.19443 21.0869 -18.4
      vertex 3.41408 17.1637 -18.4
      vertex 4.52933 16.9037 -18.4
    endloop
  endfacet
  facet normal 0 0 1
    outer loop
      vertex 2.8063 21.3161 -18.4
      vertex 3.41408 17.1637 -18.4
      vertex 4.19443 21.0869 -18.4
    endloop
  endfacet
  facet normal 0 0 1
    outer loop
      vertex 2.8063 21.3161 -18.4
      vertex 2.28419 17.3503 -18.4
      vertex 3.41408 17.1637 -18.4
    endloop
  endfacet
  facet normal 0 0 1
    outer loop
      vertex 1.40616 21.454 -18.4
      vertex 2.28419 17.3503 -18.4
      vertex 2.8063 21.3161 -18.4
    endloop
  endfacet
  facet normal 0 0 1
    outer loop
      vertex 1.40616 21.454 -18.4
      vertex 1.14455 17.4625 -18.4
      vertex 2.28419 17.3503 -18.4
    endloop
  endfacet
  facet normal 0 0 1
    outer loop
      vertex 0 21.5 -18.4
      vertex 1.14455 17.4625 -18.4
      vertex 1.40616 21.454 -18.4
    endloop
  endfacet
  facet normal 0 0 1
    outer loop
      vertex 0 21.5 -18.4
      vertex 0 17.5 -18.4
      vertex 1.14455 17.4625 -18.4
    endloop
  endfacet
  facet normal 0 0 1
    outer loop
      vertex 0 21.5 -18.4
      vertex -1.14455 17.4625 -18.4
      vertex 0 17.5 -18.4
    endloop
  endfacet
  facet normal -0 0 1
    outer loop
      vertex -1.40616 21.454 -18.4
      vertex -1.14455 17.4625 -18.4
      vertex 0 21.5 -18.4
    endloop
  endfacet
  facet normal 0 0 1
    outer loop
      vertex -1.40616 21.454 -18.4
      vertex -2.28419 17.3503 -18.4
      vertex -1.14455 17.4625 -18.4
    endloop
  endfacet
  facet normal -0 0 1
    outer loop
      vertex -2.8063 21.3161 -18.4
      vertex -2.28419 17.3503 -18.4
      vertex -1.40616 21.454 -18.4
    endloop
  endfacet
  facet normal 0 0 1
    outer loop
      vertex -2.8063 21.3161 -18.4
      vertex -3.41408 17.1637 -18.4
      vertex -2.28419 17.3503 -18.4
    endloop
  endfacet
  facet normal -0 0 1
    outer loop
      vertex -4.19443 21.0869 -18.4
      vertex -3.41408 17.1637 -18.4
      vertex -2.8063 21.3161 -18.4
    endloop
  endfacet
  facet normal 0 0 1
    outer loop
      vertex -4.19443 21.0869 -18.4
      vertex -4.52933 16.9037 -18.4
      vertex -3.41408 17.1637 -18.4
    endloop
  endfacet
  facet normal -0 0 1
    outer loop
      vertex -5.56461 20.7674 -18.4
      vertex -4.52933 16.9037 -18.4
      vertex -4.19443 21.0869 -18.4
    endloop
  endfacet
  facet normal 0 0 1
    outer loop
      vertex -5.56461 20.7674 -18.4
      vertex -5.62518 16.5713 -18.4
      vertex -4.52933 16.9037 -18.4
    endloop
  endfacet
  facet normal -0 0 1
    outer loop
      vertex -6.91093 20.359 -18.4
      vertex -5.62518 16.5713 -18.4
      vertex -5.56461 20.7674 -18.4
    endloop
  endfacet
  facet normal 0 0 1
    outer loop
      vertex -5.62518 16.5713 -18.4
      vertex -6.91093 20.359 -18.4
      vertex -6.69695 16.1679 -18.4
    endloop
  endfacet
  facet normal -0 0 1
    outer loop
      vertex -8.22769 19.8634 -18.4
      vertex -6.69695 16.1679 -18.4
      vertex -6.91093 20.359 -18.4
    endloop
  endfacet
  facet normal 0 0 1
    outer loop
      vertex -6.69695 16.1679 -18.4
      vertex -8.22769 19.8634 -18.4
      vertex -7.74005 15.6953 -18.4
    endloop
  endfacet
  facet normal -0 0 1
    outer loop
      vertex -9.5092 19.2828 -18.4
      vertex -7.74005 15.6953 -18.4
      vertex -8.22769 19.8634 -18.4
    endloop
  endfacet
  facet normal 0 0 1
    outer loop
      vertex -7.74005 15.6953 -18.4
      vertex -9.5092 19.2828 -18.4
      vertex -8.75 15.1554 -18.4
    endloop
  endfacet
  facet normal -0 0 1
    outer loop
      vertex -10.75 18.6195 -18.4
      vertex -8.75 15.1554 -18.4
      vertex -9.5092 19.2828 -18.4
    endloop
  endfacet
  facet normal 0 0 1
    outer loop
      vertex -8.75 15.1554 -18.4
      vertex -10.75 18.6195 -18.4
      vertex -9.72247 14.5507 -18.4
    endloop
  endfacet
  facet normal -0 0 1
    outer loop
      vertex -11.9447 17.8766 -18.4
      vertex -9.72247 14.5507 -18.4
      vertex -10.75 18.6195 -18.4
    endloop
  endfacet
  facet normal 0 0 1
    outer loop
      vertex -9.72247 14.5507 -18.4
      vertex -11.9447 17.8766 -18.4
      vertex -10.6533 13.8837 -18.4
    endloop
  endfacet
  facet normal -0 0 1
    outer loop
      vertex -13.0884 17.0571 -18.4
      vertex -10.6533 13.8837 -18.4
      vertex -11.9447 17.8766 -18.4
    endloop
  endfacet
  facet normal 0 0 1
    outer loop
      vertex -10.6533 13.8837 -18.4
      vertex -13.0884 17.0571 -18.4
      vertex -11.5385 13.1572 -18.4
    endloop
  endfacet
  facet normal -0 0 1
    outer loop
      vertex -14.1759 16.1646 -18.4
      vertex -11.5385 13.1572 -18.4
      vertex -13.0884 17.0571 -18.4
    endloop
  endfacet
  facet normal 0 0 1
    outer loop
      vertex -11.5385 13.1572 -18.4
      vertex -14.1759 16.1646 -18.4
      vertex -12.3744 12.3744 -18.4
    endloop
  endfacet
  facet normal -0 0 1
    outer loop
      vertex -15.2028 15.2028 -18.4
      vertex -12.3744 12.3744 -18.4
      vertex -14.1759 16.1646 -18.4
    endloop
  endfacet
  facet normal 0 0 1
    outer loop
      vertex -12.3744 12.3744 -18.4
      vertex -15.2028 15.2028 -18.4
      vertex -13.1572 11.5385 -18.4
    endloop
  endfacet
  facet normal -0 0 1
    outer loop
      vertex -16.1646 14.1759 -18.4
      vertex -13.1572 11.5385 -18.4
      vertex -15.2028 15.2028 -18.4
    endloop
  endfacet
  facet normal 0 0 1
    outer loop
      vertex -13.1572 11.5385 -18.4
      vertex -16.1646 14.1759 -18.4
      vertex -13.8837 10.6533 -18.4
    endloop
  endfacet
  facet normal -0 0 1
    outer loop
      vertex -17.0571 13.0884 -18.4
      vertex -13.8837 10.6533 -18.4
      vertex -16.1646 14.1759 -18.4
    endloop
  endfacet
  facet normal 0 0 1
    outer loop
      vertex -13.8837 10.6533 -18.4
      vertex -17.0571 13.0884 -18.4
      vertex -14.5507 9.72247 -18.4
    endloop
  endfacet
  facet normal -0 0 1
    outer loop
      vertex -17.8766 11.9447 -18.4
      vertex -14.5507 9.72247 -18.4
      vertex -17.0571 13.0884 -18.4
    endloop
  endfacet
  facet normal 0 0 1
    outer loop
      vertex -14.5507 9.72247 -18.4
      vertex -17.8766 11.9447 -18.4
      vertex -15.1554 8.75 -18.4
    endloop
  endfacet
  facet normal -0 0 1
    outer loop
      vertex -18.6195 10.75 -18.4
      vertex -15.1554 8.75 -18.4
      vertex -17.8766 11.9447 -18.4
    endloop
  endfacet
  facet normal 0 0 1
    outer loop
      vertex -15.1554 8.75 -18.4
      vertex -18.6195 10.75 -18.4
      vertex -15.6953 7.74005 -18.4
    endloop
  endfacet
  facet normal -0 0 1
    outer loop
      vertex -19.2828 9.5092 -18.4
      vertex -15.6953 7.74005 -18.4
      vertex -18.6195 10.75 -18.4
    endloop
  endfacet
  facet normal 0 0 1
    outer loop
      vertex 17.1539 3.41212 -18.4
      vertex 21.0869 4.19443 -18.4
      vertex 20.7674 5.56461 -18.4
    endloop
  endfacet
  facet normal 0 0 1
    outer loop
      vertex 16.9037 4.52933 -18.4
      vertex 20.7674 5.56461 -18.4
      vertex 20.359 6.91093 -18.4
    endloop
  endfacet
  facet normal 0 0 1
    outer loop
      vertex 16.5713 5.62518 -18.4
      vertex 20.359 6.91093 -18.4
      vertex 19.8634 8.22769 -18.4
    endloop
  endfacet
  facet normal 0 0 1
    outer loop
      vertex 16.5713 5.62518 -18.4
      vertex 19.8634 8.22769 -18.4
      vertex 19.2828 9.5092 -18.4
    endloop
  endfacet
  facet normal 0 0 1
    outer loop
      vertex 16.5713 5.62518 -18.4
      vertex 19.2828 9.5092 -18.4
      vertex 18.6195 10.75 -18.4
    endloop
  endfacet
  facet normal 0 0 1
    outer loop
      vertex 16.5713 5.62518 -18.4
      vertex 18.6195 10.75 -18.4
      vertex 17.8766 11.9447 -18.4
    endloop
  endfacet
  facet normal 0 -0 1
    outer loop
      vertex 17.1539 3.41212 -18.4
      vertex 20.7674 5.56461 -18.4
      vertex 16.9037 4.52933 -18.4
    endloop
  endfacet
  facet normal 0 0 1
    outer loop
      vertex 21.2244 3.36162 -18.4
      vertex 17.1539 3.41212 -18.4
      vertex 17.2658 2.73463 -18.4
    endloop
  endfacet
  facet normal 0 0 1
    outer loop
      vertex 14.5507 9.72247 -18.4
      vertex 17.8766 11.9447 -18.4
      vertex 17.0571 13.0884 -18.4
    endloop
  endfacet
  facet normal 0 0 1
    outer loop
      vertex 21.0869 4.19443 -18.4
      vertex 17.1539 3.41212 -18.4
      vertex 21.2244 3.36162 -18.4
    endloop
  endfacet
  facet normal 0 0 1
    outer loop
      vertex 16.894 4.52673 -18.4
      vertex 16.9037 4.52933 -18.4
      vertex 16.894 4.52674 -18.4
    endloop
  endfacet
  facet normal 0 0 1
    outer loop
      vertex 16.9037 4.52933 -18.4
      vertex 16.894 4.52673 -18.4
      vertex 17.1539 3.41212 -18.4
    endloop
  endfacet
  facet normal 0 0 1
    outer loop
      vertex -16.9037 4.52933 -18.4
      vertex -16.894 4.52673 -18.4
      vertex -16.894 4.52674 -18.4
    endloop
  endfacet
  facet normal 0 0 1
    outer loop
      vertex -16.9037 4.52933 -18.4
      vertex -17.1539 3.41212 -18.4
      vertex -16.894 4.52673 -18.4
    endloop
  endfacet
  facet normal 0 0 1
    outer loop
      vertex -15.6953 7.74005 -18.4
      vertex -19.2828 9.5092 -18.4
      vertex -16.1679 6.69695 -18.4
    endloop
  endfacet
  facet normal -0 0 1
    outer loop
      vertex -19.8634 8.22769 -18.4
      vertex -16.1679 6.69695 -18.4
      vertex -19.2828 9.5092 -18.4
    endloop
  endfacet
  facet normal 0 0 1
    outer loop
      vertex -16.1679 6.69695 -18.4
      vertex -19.8634 8.22769 -18.4
      vertex -16.5713 5.62518 -18.4
    endloop
  endfacet
  facet normal -0 0 1
    outer loop
      vertex -20.359 6.91093 -18.4
      vertex -16.5713 5.62518 -18.4
      vertex -19.8634 8.22769 -18.4
    endloop
  endfacet
  facet normal 0 0 1
    outer loop
      vertex -16.5713 5.62518 -18.4
      vertex -20.359 6.91093 -18.4
      vertex -16.9037 4.52933 -18.4
    endloop
  endfacet
  facet normal -0 0 1
    outer loop
      vertex -20.7674 5.56461 -18.4
      vertex -16.9037 4.52933 -18.4
      vertex -20.359 6.91093 -18.4
    endloop
  endfacet
  facet normal 0 0 1
    outer loop
      vertex -16.9037 4.52933 -18.4
      vertex -20.7674 5.56461 -18.4
      vertex -17.1539 3.41212 -18.4
    endloop
  endfacet
  facet normal -0 0 1
    outer loop
      vertex -21.0869 4.19443 -18.4
      vertex -17.1539 3.41212 -18.4
      vertex -20.7674 5.56461 -18.4
    endloop
  endfacet
  facet normal 0 0 1
    outer loop
      vertex -21.2244 3.36162 -18.4
      vertex -17.1539 3.41212 -18.4
      vertex -21.0869 4.19443 -18.4
    endloop
  endfacet
  facet normal 0 0 1
    outer loop
      vertex -17.1539 3.41212 -18.4
      vertex -21.2244 3.36162 -18.4
      vertex -17.2658 2.73463 -18.4
    endloop
  endfacet
  facet normal 0.986643 0.162898 0
    outer loop
      vertex 21.2244 3.36162 -18.4
      vertex 21.0869 4.19443 -20
      vertex 21.0869 4.19443 -18.4
    endloop
  endfacet
  facet normal 0.986643 0.162898 0
    outer loop
      vertex 21.0869 4.19443 -20
      vertex 21.2244 3.36162 -18.4
      vertex 21.2244 3.36162 -20
    endloop
  endfacet
  facet normal 0.973874 0.227089 0
    outer loop
      vertex 21.0869 4.19443 -18.4
      vertex 20.7674 5.56461 -20
      vertex 20.7674 5.56461 -18.4
    endloop
  endfacet
  facet normal 0.973874 0.227089 0
    outer loop
      vertex 20.7674 5.56461 -20
      vertex 21.0869 4.19443 -18.4
      vertex 21.0869 4.19443 -20
    endloop
  endfacet
  facet normal 0.956941 0.290284 0
    outer loop
      vertex 20.7674 5.56461 -18.4
      vertex 20.359 6.91093 -20
      vertex 20.359 6.91093 -18.4
    endloop
  endfacet
  facet normal 0.956941 0.290284 0
    outer loop
      vertex 20.359 6.91093 -20
      vertex 20.7674 5.56461 -18.4
      vertex 20.7674 5.56461 -20
    endloop
  endfacet
  facet normal 0.935904 0.352254 0
    outer loop
      vertex 20.359 6.91093 -18.4
      vertex 19.8634 8.22769 -20
      vertex 19.8634 8.22769 -18.4
    endloop
  endfacet
  facet normal 0.935904 0.352254 0
    outer loop
      vertex 19.8634 8.22769 -20
      vertex 20.359 6.91093 -18.4
      vertex 20.359 6.91093 -20
    endloop
  endfacet
  facet normal 0.910876 0.412681 0
    outer loop
      vertex 19.8634 8.22769 -18.4
      vertex 19.2828 9.5092 -20
      vertex 19.2828 9.5092 -18.4
    endloop
  endfacet
  facet normal 0.910876 0.412681 0
    outer loop
      vertex 19.2828 9.5092 -20
      vertex 19.8634 8.22769 -18.4
      vertex 19.8634 8.22769 -20
    endloop
  endfacet
  facet normal 0.881898 0.47144 0
    outer loop
      vertex 19.2828 9.5092 -18.4
      vertex 18.6195 10.75 -20
      vertex 18.6195 10.75 -18.4
    endloop
  endfacet
  facet normal 0.881898 0.47144 0
    outer loop
      vertex 18.6195 10.75 -20
      vertex 19.2828 9.5092 -18.4
      vertex 19.2828 9.5092 -20
    endloop
  endfacet
  facet normal 0.849206 0.528062 0
    outer loop
      vertex 18.6195 10.75 -18.4
      vertex 17.8766 11.9447 -20
      vertex 17.8766 11.9447 -18.4
    endloop
  endfacet
  facet normal 0.849206 0.528062 0
    outer loop
      vertex 17.8766 11.9447 -20
      vertex 18.6195 10.75 -18.4
      vertex 18.6195 10.75 -20
    endloop
  endfacet
  facet normal 0.812868 0.582448 0
    outer loop
      vertex 17.8766 11.9447 -18.4
      vertex 17.0571 13.0884 -20
      vertex 17.0571 13.0884 -18.4
    endloop
  endfacet
  facet normal 0.812868 0.582448 0
    outer loop
      vertex 17.0571 13.0884 -20
      vertex 17.8766 11.9447 -18.4
      vertex 17.8766 11.9447 -20
    endloop
  endfacet
  facet normal 0.773006 0.634398 0
    outer loop
      vertex 17.0571 13.0884 -18.4
      vertex 16.1646 14.1759 -20
      vertex 16.1646 14.1759 -18.4
    endloop
  endfacet
  facet normal 0.773006 0.634398 0
    outer loop
      vertex 16.1646 14.1759 -20
      vertex 17.0571 13.0884 -18.4
      vertex 17.0571 13.0884 -20
    endloop
  endfacet
  facet normal 0.729863 0.683594 0
    outer loop
      vertex 16.1646 14.1759 -18.4
      vertex 15.2028 15.2028 -20
      vertex 15.2028 15.2028 -18.4
    endloop
  endfacet
  facet normal 0.729863 0.683594 0
    outer loop
      vertex 15.2028 15.2028 -20
      vertex 16.1646 14.1759 -18.4
      vertex 16.1646 14.1759 -20
    endloop
  endfacet
  facet normal 0.683594 0.729863 -0
    outer loop
      vertex 15.2028 15.2028 -20
      vertex 14.1759 16.1646 -18.4
      vertex 15.2028 15.2028 -18.4
    endloop
  endfacet
  facet normal 0.683594 0.729863 0
    outer loop
      vertex 14.1759 16.1646 -18.4
      vertex 15.2028 15.2028 -20
      vertex 14.1759 16.1646 -20
    endloop
  endfacet
  facet normal 0.634398 0.773006 -0
    outer loop
      vertex 14.1759 16.1646 -20
      vertex 13.0884 17.0571 -18.4
      vertex 14.1759 16.1646 -18.4
    endloop
  endfacet
  facet normal 0.634398 0.773006 0
    outer loop
      vertex 13.0884 17.0571 -18.4
      vertex 14.1759 16.1646 -20
      vertex 13.0884 17.0571 -20
    endloop
  endfacet
  facet normal 0.582448 0.812868 -0
    outer loop
      vertex 13.0884 17.0571 -20
      vertex 11.9447 17.8766 -18.4
      vertex 13.0884 17.0571 -18.4
    endloop
  endfacet
  facet normal 0.582448 0.812868 0
    outer loop
      vertex 11.9447 17.8766 -18.4
      vertex 13.0884 17.0571 -20
      vertex 11.9447 17.8766 -20
    endloop
  endfacet
  facet normal 0.528062 0.849206 -0
    outer loop
      vertex 11.9447 17.8766 -20
      vertex 10.75 18.6195 -18.4
      vertex 11.9447 17.8766 -18.4
    endloop
  endfacet
  facet normal 0.528062 0.849206 0
    outer loop
      vertex 10.75 18.6195 -18.4
      vertex 11.9447 17.8766 -20
      vertex 10.75 18.6195 -20
    endloop
  endfacet
  facet normal 0.47144 0.881898 -0
    outer loop
      vertex 10.75 18.6195 -20
      vertex 9.5092 19.2828 -18.4
      vertex 10.75 18.6195 -18.4
    endloop
  endfacet
  facet normal 0.47144 0.881898 0
    outer loop
      vertex 9.5092 19.2828 -18.4
      vertex 10.75 18.6195 -20
      vertex 9.5092 19.2828 -20
    endloop
  endfacet
  facet normal 0.412681 0.910876 -0
    outer loop
      vertex 9.5092 19.2828 -20
      vertex 8.22769 19.8634 -18.4
      vertex 9.5092 19.2828 -18.4
    endloop
  endfacet
  facet normal 0.412681 0.910876 0
    outer loop
      vertex 8.22769 19.8634 -18.4
      vertex 9.5092 19.2828 -20
      vertex 8.22769 19.8634 -20
    endloop
  endfacet
  facet normal 0.352254 0.935904 -0
    outer loop
      vertex 8.22769 19.8634 -20
      vertex 6.91093 20.359 -18.4
      vertex 8.22769 19.8634 -18.4
    endloop
  endfacet
  facet normal 0.352254 0.935904 0
    outer loop
      vertex 6.91093 20.359 -18.4
      vertex 8.22769 19.8634 -20
      vertex 6.91093 20.359 -20
    endloop
  endfacet
  facet normal 0.290284 0.956941 -0
    outer loop
      vertex 6.91093 20.359 -20
      vertex 5.56461 20.7674 -18.4
      vertex 6.91093 20.359 -18.4
    endloop
  endfacet
  facet normal 0.290284 0.956941 0
    outer loop
      vertex 5.56461 20.7674 -18.4
      vertex 6.91093 20.359 -20
      vertex 5.56461 20.7674 -20
    endloop
  endfacet
  facet normal 0.227089 0.973874 -0
    outer loop
      vertex 5.56461 20.7674 -20
      vertex 4.19443 21.0869 -18.4
      vertex 5.56461 20.7674 -18.4
    endloop
  endfacet
  facet normal 0.227089 0.973874 0
    outer loop
      vertex 4.19443 21.0869 -18.4
      vertex 5.56461 20.7674 -20
      vertex 4.19443 21.0869 -20
    endloop
  endfacet
  facet normal 0.162908 0.986641 -0
    outer loop
      vertex 4.19443 21.0869 -20
      vertex 2.8063 21.3161 -18.4
      vertex 4.19443 21.0869 -18.4
    endloop
  endfacet
  facet normal 0.162908 0.986641 0
    outer loop
      vertex 2.8063 21.3161 -18.4
      vertex 4.19443 21.0869 -20
      vertex 2.8063 21.3161 -20
    endloop
  endfacet
  facet normal 0.0980159 0.995185 -0
    outer loop
      vertex 2.8063 21.3161 -20
      vertex 1.40616 21.454 -18.4
      vertex 2.8063 21.3161 -18.4
    endloop
  endfacet
  facet normal 0.0980159 0.995185 0
    outer loop
      vertex 1.40616 21.454 -18.4
      vertex 2.8063 21.3161 -20
      vertex 1.40616 21.454 -20
    endloop
  endfacet
  facet normal 0.0326957 0.999465 -0
    outer loop
      vertex 1.40616 21.454 -20
      vertex 0 21.5 -18.4
      vertex 1.40616 21.454 -18.4
    endloop
  endfacet
  facet normal 0.0326957 0.999465 0
    outer loop
      vertex 0 21.5 -18.4
      vertex 1.40616 21.454 -20
      vertex 0 21.5 -20
    endloop
  endfacet
  facet normal -0.0326957 0.999465 0
    outer loop
      vertex 0 21.5 -20
      vertex -1.40616 21.454 -18.4
      vertex 0 21.5 -18.4
    endloop
  endfacet
  facet normal -0.0326957 0.999465 0
    outer loop
      vertex -1.40616 21.454 -18.4
      vertex 0 21.5 -20
      vertex -1.40616 21.454 -20
    endloop
  endfacet
  facet normal -0.0980159 0.995185 0
    outer loop
      vertex -1.40616 21.454 -20
      vertex -2.8063 21.3161 -18.4
      vertex -1.40616 21.454 -18.4
    endloop
  endfacet
  facet normal -0.0980159 0.995185 0
    outer loop
      vertex -2.8063 21.3161 -18.4
      vertex -1.40616 21.454 -20
      vertex -2.8063 21.3161 -20
    endloop
  endfacet
  facet normal -0.162908 0.986641 0
    outer loop
      vertex -2.8063 21.3161 -20
      vertex -4.19443 21.0869 -18.4
      vertex -2.8063 21.3161 -18.4
    endloop
  endfacet
  facet normal -0.162908 0.986641 0
    outer loop
      vertex -4.19443 21.0869 -18.4
      vertex -2.8063 21.3161 -20
      vertex -4.19443 21.0869 -20
    endloop
  endfacet
  facet normal -0.227089 0.973874 0
    outer loop
      vertex -4.19443 21.0869 -20
      vertex -5.56461 20.7674 -18.4
      vertex -4.19443 21.0869 -18.4
    endloop
  endfacet
  facet normal -0.227089 0.973874 0
    outer loop
      vertex -5.56461 20.7674 -18.4
      vertex -4.19443 21.0869 -20
      vertex -5.56461 20.7674 -20
    endloop
  endfacet
  facet normal -0.290284 0.956941 0
    outer loop
      vertex -5.56461 20.7674 -20
      vertex -6.91093 20.359 -18.4
      vertex -5.56461 20.7674 -18.4
    endloop
  endfacet
  facet normal -0.290284 0.956941 0
    outer loop
      vertex -6.91093 20.359 -18.4
      vertex -5.56461 20.7674 -20
      vertex -6.91093 20.359 -20
    endloop
  endfacet
  facet normal -0.352254 0.935904 0
    outer loop
      vertex -6.91093 20.359 -20
      vertex -8.22769 19.8634 -18.4
      vertex -6.91093 20.359 -18.4
    endloop
  endfacet
  facet normal -0.352254 0.935904 0
    outer loop
      vertex -8.22769 19.8634 -18.4
      vertex -6.91093 20.359 -20
      vertex -8.22769 19.8634 -20
    endloop
  endfacet
  facet normal -0.412681 0.910876 0
    outer loop
      vertex -8.22769 19.8634 -20
      vertex -9.5092 19.2828 -18.4
      vertex -8.22769 19.8634 -18.4
    endloop
  endfacet
  facet normal -0.412681 0.910876 0
    outer loop
      vertex -9.5092 19.2828 -18.4
      vertex -8.22769 19.8634 -20
      vertex -9.5092 19.2828 -20
    endloop
  endfacet
  facet normal -0.47144 0.881898 0
    outer loop
      vertex -9.5092 19.2828 -20
      vertex -10.75 18.6195 -18.4
      vertex -9.5092 19.2828 -18.4
    endloop
  endfacet
  facet normal -0.47144 0.881898 0
    outer loop
      vertex -10.75 18.6195 -18.4
      vertex -9.5092 19.2828 -20
      vertex -10.75 18.6195 -20
    endloop
  endfacet
  facet normal -0.528062 0.849206 0
    outer loop
      vertex -10.75 18.6195 -20
      vertex -11.9447 17.8766 -18.4
      vertex -10.75 18.6195 -18.4
    endloop
  endfacet
  facet normal -0.528062 0.849206 0
    outer loop
      vertex -11.9447 17.8766 -18.4
      vertex -10.75 18.6195 -20
      vertex -11.9447 17.8766 -20
    endloop
  endfacet
  facet normal -0.582448 0.812868 0
    outer loop
      vertex -11.9447 17.8766 -20
      vertex -13.0884 17.0571 -18.4
      vertex -11.9447 17.8766 -18.4
    endloop
  endfacet
  facet normal -0.582448 0.812868 0
    outer loop
      vertex -13.0884 17.0571 -18.4
      vertex -11.9447 17.8766 -20
      vertex -13.0884 17.0571 -20
    endloop
  endfacet
  facet normal -0.634398 0.773006 0
    outer loop
      vertex -13.0884 17.0571 -20
      vertex -14.1759 16.1646 -18.4
      vertex -13.0884 17.0571 -18.4
    endloop
  endfacet
  facet normal -0.634398 0.773006 0
    outer loop
      vertex -14.1759 16.1646 -18.4
      vertex -13.0884 17.0571 -20
      vertex -14.1759 16.1646 -20
    endloop
  endfacet
  facet normal -0.683594 0.729863 0
    outer loop
      vertex -14.1759 16.1646 -20
      vertex -15.2028 15.2028 -18.4
      vertex -14.1759 16.1646 -18.4
    endloop
  endfacet
  facet normal -0.683594 0.729863 0
    outer loop
      vertex -15.2028 15.2028 -18.4
      vertex -14.1759 16.1646 -20
      vertex -15.2028 15.2028 -20
    endloop
  endfacet
  facet normal -0.729863 0.683594 0
    outer loop
      vertex -16.1646 14.1759 -20
      vertex -15.2028 15.2028 -18.4
      vertex -15.2028 15.2028 -20
    endloop
  endfacet
  facet normal -0.729863 0.683594 0
    outer loop
      vertex -15.2028 15.2028 -18.4
      vertex -16.1646 14.1759 -20
      vertex -16.1646 14.1759 -18.4
    endloop
  endfacet
  facet normal -0.773006 0.634398 0
    outer loop
      vertex -17.0571 13.0884 -20
      vertex -16.1646 14.1759 -18.4
      vertex -16.1646 14.1759 -20
    endloop
  endfacet
  facet normal -0.773006 0.634398 0
    outer loop
      vertex -16.1646 14.1759 -18.4
      vertex -17.0571 13.0884 -20
      vertex -17.0571 13.0884 -18.4
    endloop
  endfacet
  facet normal -0.812868 0.582448 0
    outer loop
      vertex -17.8766 11.9447 -20
      vertex -17.0571 13.0884 -18.4
      vertex -17.0571 13.0884 -20
    endloop
  endfacet
  facet normal -0.812868 0.582448 0
    outer loop
      vertex -17.0571 13.0884 -18.4
      vertex -17.8766 11.9447 -20
      vertex -17.8766 11.9447 -18.4
    endloop
  endfacet
  facet normal -0.849206 0.528062 0
    outer loop
      vertex -18.6195 10.75 -20
      vertex -17.8766 11.9447 -18.4
      vertex -17.8766 11.9447 -20
    endloop
  endfacet
  facet normal -0.849206 0.528062 0
    outer loop
      vertex -17.8766 11.9447 -18.4
      vertex -18.6195 10.75 -20
      vertex -18.6195 10.75 -18.4
    endloop
  endfacet
  facet normal -0.881898 0.47144 0
    outer loop
      vertex -19.2828 9.5092 -20
      vertex -18.6195 10.75 -18.4
      vertex -18.6195 10.75 -20
    endloop
  endfacet
  facet normal -0.881898 0.47144 0
    outer loop
      vertex -18.6195 10.75 -18.4
      vertex -19.2828 9.5092 -20
      vertex -19.2828 9.5092 -18.4
    endloop
  endfacet
  facet normal -0.910876 0.412681 0
    outer loop
      vertex -19.8634 8.22769 -20
      vertex -19.2828 9.5092 -18.4
      vertex -19.2828 9.5092 -20
    endloop
  endfacet
  facet normal -0.910876 0.412681 0
    outer loop
      vertex -19.2828 9.5092 -18.4
      vertex -19.8634 8.22769 -20
      vertex -19.8634 8.22769 -18.4
    endloop
  endfacet
  facet normal -0.935904 0.352254 0
    outer loop
      vertex -20.359 6.91093 -20
      vertex -19.8634 8.22769 -18.4
      vertex -19.8634 8.22769 -20
    endloop
  endfacet
  facet normal -0.935904 0.352254 0
    outer loop
      vertex -19.8634 8.22769 -18.4
      vertex -20.359 6.91093 -20
      vertex -20.359 6.91093 -18.4
    endloop
  endfacet
  facet normal -0.956941 0.290284 0
    outer loop
      vertex -20.7674 5.56461 -20
      vertex -20.359 6.91093 -18.4
      vertex -20.359 6.91093 -20
    endloop
  endfacet
  facet normal -0.956941 0.290284 0
    outer loop
      vertex -20.359 6.91093 -18.4
      vertex -20.7674 5.56461 -20
      vertex -20.7674 5.56461 -18.4
    endloop
  endfacet
  facet normal -0.973874 0.227089 0
    outer loop
      vertex -21.0869 4.19443 -20
      vertex -20.7674 5.56461 -18.4
      vertex -20.7674 5.56461 -20
    endloop
  endfacet
  facet normal -0.973874 0.227089 0
    outer loop
      vertex -20.7674 5.56461 -18.4
      vertex -21.0869 4.19443 -20
      vertex -21.0869 4.19443 -18.4
    endloop
  endfacet
  facet normal -0.986643 0.162898 0
    outer loop
      vertex -21.2244 3.36162 -20
      vertex -21.0869 4.19443 -18.4
      vertex -21.0869 4.19443 -20
    endloop
  endfacet
  facet normal -0.986643 0.162898 0
    outer loop
      vertex -21.0869 4.19443 -18.4
      vertex -21.2244 3.36162 -20
      vertex -21.2244 3.36162 -18.4
    endloop
  endfacet
  facet normal -0.156437 -0.987688 0
    outer loop
      vertex -21.2244 3.36162 -20
      vertex -17.2658 2.73463 -18.4
      vertex -21.2244 3.36162 -18.4
    endloop
  endfacet
  facet normal -0.156437 -0.987688 -0
    outer loop
      vertex -17.2658 2.73463 -18.4
      vertex -21.2244 3.36162 -20
      vertex -17.2658 2.73463 -20
    endloop
  endfacet
  facet normal 0.986633 -0.162961 0
    outer loop
      vertex -17.2658 2.73463 -18.4
      vertex -17.1539 3.41212 -20
      vertex -17.1539 3.41212 -18.4
    endloop
  endfacet
  facet normal 0.986633 -0.162961 0
    outer loop
      vertex -17.1539 3.41212 -20
      vertex -17.2658 2.73463 -18.4
      vertex -17.2658 2.73463 -20
    endloop
  endfacet
  facet normal 0.973875 -0.227084 0
    outer loop
      vertex -17.1539 3.41212 -18.4
      vertex -16.894 4.52673 -20
      vertex -16.894 4.52673 -18.4
    endloop
  endfacet
  facet normal 0.973875 -0.227084 0
    outer loop
      vertex -16.894 4.52673 -20
      vertex -17.1539 3.41212 -18.4
      vertex -17.1539 3.41212 -20
    endloop
  endfacet
  facet normal 1 -0 0
    outer loop
      vertex -16.894 4.52673 -18.4
      vertex -16.894 4.52674 -20
      vertex -16.894 4.52674 -18.4
    endloop
  endfacet
  facet normal 1 0 0
    outer loop
      vertex -16.894 4.52674 -20
      vertex -16.894 4.52673 -18.4
      vertex -16.894 4.52673 -20
    endloop
  endfacet
  facet normal -1 0 0
    outer loop
      vertex 16.894 4.52673 -20
      vertex 16.894 4.52674 -18.4
      vertex 16.894 4.52674 -20
    endloop
  endfacet
  facet normal -1 -0 0
    outer loop
      vertex 16.894 4.52674 -18.4
      vertex 16.894 4.52673 -20
      vertex 16.894 4.52673 -18.4
    endloop
  endfacet
  facet normal -0.973875 -0.227084 0
    outer loop
      vertex 17.1539 3.41212 -20
      vertex 16.894 4.52673 -18.4
      vertex 16.894 4.52673 -20
    endloop
  endfacet
  facet normal -0.973875 -0.227084 0
    outer loop
      vertex 16.894 4.52673 -18.4
      vertex 17.1539 3.41212 -20
      vertex 17.1539 3.41212 -18.4
    endloop
  endfacet
  facet normal -0.986633 -0.162961 0
    outer loop
      vertex 17.2658 2.73463 -20
      vertex 17.1539 3.41212 -18.4
      vertex 17.1539 3.41212 -20
    endloop
  endfacet
  facet normal -0.986633 -0.162961 0
    outer loop
      vertex 17.1539 3.41212 -18.4
      vertex 17.2658 2.73463 -20
      vertex 17.2658 2.73463 -18.4
    endloop
  endfacet
  facet normal 0.156437 -0.987688 0
    outer loop
      vertex 17.2658 2.73463 -20
      vertex 21.2244 3.36162 -18.4
      vertex 17.2658 2.73463 -18.4
    endloop
  endfacet
  facet normal 0.156437 -0.987688 0
    outer loop
      vertex 21.2244 3.36162 -18.4
      vertex 17.2658 2.73463 -20
      vertex 21.2244 3.36162 -20
    endloop
  endfacet
  facet normal 0 0 -1
    outer loop
      vertex -16.894 4.52673 18.4
      vertex -16.9037 4.52933 18.4
      vertex -16.894 4.52674 18.4
    endloop
  endfacet
  facet normal 0 0 -1
    outer loop
      vertex -17.1539 3.41212 18.4
      vertex -16.9037 4.52933 18.4
      vertex -16.894 4.52673 18.4
    endloop
  endfacet
  facet normal 0 0 -1
    outer loop
      vertex -20.7674 5.56461 18.4
      vertex -16.9037 4.52933 18.4
      vertex -17.1539 3.41212 18.4
    endloop
  endfacet
  facet normal 0 0 -1
    outer loop
      vertex -21.2244 3.36162 18.4
      vertex -17.1539 3.41212 18.4
      vertex -17.2658 2.73463 18.4
    endloop
  endfacet
  facet normal 0 0 -1
    outer loop
      vertex -16.9037 4.52933 18.4
      vertex -17.8766 11.9447 18.4
      vertex -17.0571 13.0884 18.4
    endloop
  endfacet
  facet normal 0 0 -1
    outer loop
      vertex -16.9037 4.52933 18.4
      vertex -18.6195 10.75 18.4
      vertex -17.8766 11.9447 18.4
    endloop
  endfacet
  facet normal 0 0 -1
    outer loop
      vertex -16.9037 4.52933 18.4
      vertex -19.2828 9.5092 18.4
      vertex -18.6195 10.75 18.4
    endloop
  endfacet
  facet normal 0 0 -1
    outer loop
      vertex -16.9037 4.52933 18.4
      vertex -19.8634 8.22769 18.4
      vertex -19.2828 9.5092 18.4
    endloop
  endfacet
  facet normal 0 0 -1
    outer loop
      vertex -16.9037 4.52933 18.4
      vertex -20.359 6.91093 18.4
      vertex -19.8634 8.22769 18.4
    endloop
  endfacet
  facet normal 0 0 -1
    outer loop
      vertex -16.9037 4.52933 18.4
      vertex -20.7674 5.56461 18.4
      vertex -20.359 6.91093 18.4
    endloop
  endfacet
  facet normal 0 0 -1
    outer loop
      vertex -17.1539 3.41212 18.4
      vertex -21.0869 4.19443 18.4
      vertex -20.7674 5.56461 18.4
    endloop
  endfacet
  facet normal -0 0 -1
    outer loop
      vertex -17.1539 3.41212 18.4
      vertex -21.2244 3.36162 18.4
      vertex -21.0869 4.19443 18.4
    endloop
  endfacet
  facet normal 0 0 -1
    outer loop
      vertex 17.1539 3.41212 18.4
      vertex 21.0869 4.19443 18.4
      vertex 21.2244 3.36162 18.4
    endloop
  endfacet
  facet normal -0 0 -1
    outer loop
      vertex 21.0869 4.19443 18.4
      vertex 17.1539 3.41212 18.4
      vertex 20.7674 5.56461 18.4
    endloop
  endfacet
  facet normal -0 0 -1
    outer loop
      vertex 20.7674 5.56461 18.4
      vertex 16.9037 4.52933 18.4
      vertex 20.359 6.91093 18.4
    endloop
  endfacet
  facet normal 0 0 -1
    outer loop
      vertex 16.5713 5.62518 18.4
      vertex 20.359 6.91093 18.4
      vertex 16.9037 4.52933 18.4
    endloop
  endfacet
  facet normal 0 0 -1
    outer loop
      vertex 16.1679 6.69695 18.4
      vertex 19.8634 8.22769 18.4
      vertex 16.5713 5.62518 18.4
    endloop
  endfacet
  facet normal -0 0 -1
    outer loop
      vertex 19.8634 8.22769 18.4
      vertex 16.1679 6.69695 18.4
      vertex 19.2828 9.5092 18.4
    endloop
  endfacet
  facet normal 0 0 -1
    outer loop
      vertex 17.1539 3.41212 18.4
      vertex 21.2244 3.36162 18.4
      vertex 17.2658 2.73463 18.4
    endloop
  endfacet
  facet normal 0 0 -1
    outer loop
      vertex 20.7674 5.56461 18.4
      vertex 17.1539 3.41212 18.4
      vertex 16.9037 4.52933 18.4
    endloop
  endfacet
  facet normal -0 0 -1
    outer loop
      vertex 20.359 6.91093 18.4
      vertex 16.5713 5.62518 18.4
      vertex 19.8634 8.22769 18.4
    endloop
  endfacet
  facet normal 0 0 -1
    outer loop
      vertex 15.6953 7.74005 18.4
      vertex 19.2828 9.5092 18.4
      vertex 16.1679 6.69695 18.4
    endloop
  endfacet
  facet normal 0 0 -1
    outer loop
      vertex 16.894 4.52673 18.4
      vertex 16.9037 4.52933 18.4
      vertex 17.1539 3.41212 18.4
    endloop
  endfacet
  facet normal 0 0 -1
    outer loop
      vertex 16.9037 4.52933 18.4
      vertex 16.894 4.52673 18.4
      vertex 16.894 4.52674 18.4
    endloop
  endfacet
  facet normal -0 0 -1
    outer loop
      vertex 19.2828 9.5092 18.4
      vertex 15.6953 7.74005 18.4
      vertex 18.6195 10.75 18.4
    endloop
  endfacet
  facet normal 0 0 -1
    outer loop
      vertex 15.1554 8.75 18.4
      vertex 18.6195 10.75 18.4
      vertex 15.6953 7.74005 18.4
    endloop
  endfacet
  facet normal -0 0 -1
    outer loop
      vertex 18.6195 10.75 18.4
      vertex 15.1554 8.75 18.4
      vertex 17.8766 11.9447 18.4
    endloop
  endfacet
  facet normal 0 0 -1
    outer loop
      vertex 14.5507 9.72247 18.4
      vertex 17.8766 11.9447 18.4
      vertex 15.1554 8.75 18.4
    endloop
  endfacet
  facet normal -0 0 -1
    outer loop
      vertex 17.8766 11.9447 18.4
      vertex 14.5507 9.72247 18.4
      vertex 17.0571 13.0884 18.4
    endloop
  endfacet
  facet normal 0 0 -1
    outer loop
      vertex 13.8837 10.6533 18.4
      vertex 17.0571 13.0884 18.4
      vertex 14.5507 9.72247 18.4
    endloop
  endfacet
  facet normal -0 0 -1
    outer loop
      vertex 17.0571 13.0884 18.4
      vertex 13.8837 10.6533 18.4
      vertex 16.1646 14.1759 18.4
    endloop
  endfacet
  facet normal 0 0 -1
    outer loop
      vertex 13.1572 11.5385 18.4
      vertex 16.1646 14.1759 18.4
      vertex 13.8837 10.6533 18.4
    endloop
  endfacet
  facet normal -0 0 -1
    outer loop
      vertex 16.1646 14.1759 18.4
      vertex 13.1572 11.5385 18.4
      vertex 15.2028 15.2028 18.4
    endloop
  endfacet
  facet normal 0 0 -1
    outer loop
      vertex 12.3744 12.3744 18.4
      vertex 15.2028 15.2028 18.4
      vertex 13.1572 11.5385 18.4
    endloop
  endfacet
  facet normal -0 0 -1
    outer loop
      vertex 15.2028 15.2028 18.4
      vertex 12.3744 12.3744 18.4
      vertex 14.1759 16.1646 18.4
    endloop
  endfacet
  facet normal 0 0 -1
    outer loop
      vertex 11.5385 13.1572 18.4
      vertex 14.1759 16.1646 18.4
      vertex 12.3744 12.3744 18.4
    endloop
  endfacet
  facet normal -0 0 -1
    outer loop
      vertex 14.1759 16.1646 18.4
      vertex 11.5385 13.1572 18.4
      vertex 13.0884 17.0571 18.4
    endloop
  endfacet
  facet normal 0 0 -1
    outer loop
      vertex 10.6533 13.8837 18.4
      vertex 13.0884 17.0571 18.4
      vertex 11.5385 13.1572 18.4
    endloop
  endfacet
  facet normal -0 0 -1
    outer loop
      vertex 13.0884 17.0571 18.4
      vertex 10.6533 13.8837 18.4
      vertex 11.9447 17.8766 18.4
    endloop
  endfacet
  facet normal 0 0 -1
    outer loop
      vertex 9.72247 14.5507 18.4
      vertex 11.9447 17.8766 18.4
      vertex 10.6533 13.8837 18.4
    endloop
  endfacet
  facet normal -0 0 -1
    outer loop
      vertex 11.9447 17.8766 18.4
      vertex 9.72247 14.5507 18.4
      vertex 10.75 18.6195 18.4
    endloop
  endfacet
  facet normal 0 0 -1
    outer loop
      vertex 8.75 15.1554 18.4
      vertex 10.75 18.6195 18.4
      vertex 9.72247 14.5507 18.4
    endloop
  endfacet
  facet normal -0 0 -1
    outer loop
      vertex 10.75 18.6195 18.4
      vertex 8.75 15.1554 18.4
      vertex 9.5092 19.2828 18.4
    endloop
  endfacet
  facet normal 0 0 -1
    outer loop
      vertex 7.74005 15.6953 18.4
      vertex 9.5092 19.2828 18.4
      vertex 8.75 15.1554 18.4
    endloop
  endfacet
  facet normal -0 0 -1
    outer loop
      vertex 9.5092 19.2828 18.4
      vertex 7.74005 15.6953 18.4
      vertex 8.22769 19.8634 18.4
    endloop
  endfacet
  facet normal 0 0 -1
    outer loop
      vertex 6.69695 16.1679 18.4
      vertex 8.22769 19.8634 18.4
      vertex 7.74005 15.6953 18.4
    endloop
  endfacet
  facet normal -0 0 -1
    outer loop
      vertex 8.22769 19.8634 18.4
      vertex 6.69695 16.1679 18.4
      vertex 6.91093 20.359 18.4
    endloop
  endfacet
  facet normal 0 0 -1
    outer loop
      vertex 5.62518 16.5713 18.4
      vertex 6.91093 20.359 18.4
      vertex 6.69695 16.1679 18.4
    endloop
  endfacet
  facet normal 0 0 -1
    outer loop
      vertex 5.62518 16.5713 18.4
      vertex 5.56461 20.7674 18.4
      vertex 6.91093 20.359 18.4
    endloop
  endfacet
  facet normal 0 0 -1
    outer loop
      vertex 4.52933 16.9037 18.4
      vertex 5.56461 20.7674 18.4
      vertex 5.62518 16.5713 18.4
    endloop
  endfacet
  facet normal 0 0 -1
    outer loop
      vertex 4.52933 16.9037 18.4
      vertex 4.19443 21.0869 18.4
      vertex 5.56461 20.7674 18.4
    endloop
  endfacet
  facet normal 0 0 -1
    outer loop
      vertex 3.41408 17.1637 18.4
      vertex 4.19443 21.0869 18.4
      vertex 4.52933 16.9037 18.4
    endloop
  endfacet
  facet normal 0 0 -1
    outer loop
      vertex 3.41408 17.1637 18.4
      vertex 2.8063 21.3161 18.4
      vertex 4.19443 21.0869 18.4
    endloop
  endfacet
  facet normal 0 0 -1
    outer loop
      vertex 2.28419 17.3503 18.4
      vertex 2.8063 21.3161 18.4
      vertex 3.41408 17.1637 18.4
    endloop
  endfacet
  facet normal 0 0 -1
    outer loop
      vertex 2.28419 17.3503 18.4
      vertex 1.40616 21.454 18.4
      vertex 2.8063 21.3161 18.4
    endloop
  endfacet
  facet normal 0 0 -1
    outer loop
      vertex 1.14455 17.4625 18.4
      vertex 1.40616 21.454 18.4
      vertex 2.28419 17.3503 18.4
    endloop
  endfacet
  facet normal 0 0 -1
    outer loop
      vertex 0 17.5 18.4
      vertex 1.40616 21.454 18.4
      vertex 1.14455 17.4625 18.4
    endloop
  endfacet
  facet normal 0 0 -1
    outer loop
      vertex 0 17.5 18.4
      vertex 0 21.5 18.4
      vertex 1.40616 21.454 18.4
    endloop
  endfacet
  facet normal 0 0 -1
    outer loop
      vertex -1.14455 17.4625 18.4
      vertex 0 21.5 18.4
      vertex 0 17.5 18.4
    endloop
  endfacet
  facet normal 0 0 -1
    outer loop
      vertex -1.14455 17.4625 18.4
      vertex -1.40616 21.454 18.4
      vertex 0 21.5 18.4
    endloop
  endfacet
  facet normal 0 0 -1
    outer loop
      vertex -2.28419 17.3503 18.4
      vertex -1.40616 21.454 18.4
      vertex -1.14455 17.4625 18.4
    endloop
  endfacet
  facet normal 0 0 -1
    outer loop
      vertex -2.28419 17.3503 18.4
      vertex -2.8063 21.3161 18.4
      vertex -1.40616 21.454 18.4
    endloop
  endfacet
  facet normal 0 0 -1
    outer loop
      vertex -3.41408 17.1637 18.4
      vertex -2.8063 21.3161 18.4
      vertex -2.28419 17.3503 18.4
    endloop
  endfacet
  facet normal 0 0 -1
    outer loop
      vertex -3.41408 17.1637 18.4
      vertex -4.19443 21.0869 18.4
      vertex -2.8063 21.3161 18.4
    endloop
  endfacet
  facet normal 0 0 -1
    outer loop
      vertex -4.52933 16.9037 18.4
      vertex -4.19443 21.0869 18.4
      vertex -3.41408 17.1637 18.4
    endloop
  endfacet
  facet normal 0 0 -1
    outer loop
      vertex -4.52933 16.9037 18.4
      vertex -5.56461 20.7674 18.4
      vertex -4.19443 21.0869 18.4
    endloop
  endfacet
  facet normal 0 0 -1
    outer loop
      vertex -5.62518 16.5713 18.4
      vertex -5.56461 20.7674 18.4
      vertex -4.52933 16.9037 18.4
    endloop
  endfacet
  facet normal 0 0 -1
    outer loop
      vertex -6.91093 20.359 18.4
      vertex -5.62518 16.5713 18.4
      vertex -6.69695 16.1679 18.4
    endloop
  endfacet
  facet normal 0 0 -1
    outer loop
      vertex -5.62518 16.5713 18.4
      vertex -6.91093 20.359 18.4
      vertex -5.56461 20.7674 18.4
    endloop
  endfacet
  facet normal 0 0 -1
    outer loop
      vertex -8.22769 19.8634 18.4
      vertex -6.69695 16.1679 18.4
      vertex -7.74005 15.6953 18.4
    endloop
  endfacet
  facet normal 0 0 -1
    outer loop
      vertex -6.69695 16.1679 18.4
      vertex -8.22769 19.8634 18.4
      vertex -6.91093 20.359 18.4
    endloop
  endfacet
  facet normal 0 0 -1
    outer loop
      vertex -9.5092 19.2828 18.4
      vertex -7.74005 15.6953 18.4
      vertex -8.75 15.1554 18.4
    endloop
  endfacet
  facet normal 0 0 -1
    outer loop
      vertex -7.74005 15.6953 18.4
      vertex -9.5092 19.2828 18.4
      vertex -8.22769 19.8634 18.4
    endloop
  endfacet
  facet normal 0 0 -1
    outer loop
      vertex -10.75 18.6195 18.4
      vertex -8.75 15.1554 18.4
      vertex -9.72247 14.5507 18.4
    endloop
  endfacet
  facet normal 0 0 -1
    outer loop
      vertex -11.9447 17.8766 18.4
      vertex -9.72247 14.5507 18.4
      vertex -10.6533 13.8837 18.4
    endloop
  endfacet
  facet normal 0 0 -1
    outer loop
      vertex -8.75 15.1554 18.4
      vertex -10.75 18.6195 18.4
      vertex -9.5092 19.2828 18.4
    endloop
  endfacet
  facet normal 0 0 -1
    outer loop
      vertex -13.0884 17.0571 18.4
      vertex -10.6533 13.8837 18.4
      vertex -11.5385 13.1572 18.4
    endloop
  endfacet
  facet normal 0 0 -1
    outer loop
      vertex -9.72247 14.5507 18.4
      vertex -11.9447 17.8766 18.4
      vertex -10.75 18.6195 18.4
    endloop
  endfacet
  facet normal 0 0 -1
    outer loop
      vertex -14.1759 16.1646 18.4
      vertex -11.5385 13.1572 18.4
      vertex -12.3744 12.3744 18.4
    endloop
  endfacet
  facet normal 0 0 -1
    outer loop
      vertex -10.6533 13.8837 18.4
      vertex -13.0884 17.0571 18.4
      vertex -11.9447 17.8766 18.4
    endloop
  endfacet
  facet normal 0 0 -1
    outer loop
      vertex -15.2028 15.2028 18.4
      vertex -12.3744 12.3744 18.4
      vertex -13.1572 11.5385 18.4
    endloop
  endfacet
  facet normal 0 0 -1
    outer loop
      vertex -16.1646 14.1759 18.4
      vertex -13.1572 11.5385 18.4
      vertex -13.8837 10.6533 18.4
    endloop
  endfacet
  facet normal 0 0 -1
    outer loop
      vertex -11.5385 13.1572 18.4
      vertex -14.1759 16.1646 18.4
      vertex -13.0884 17.0571 18.4
    endloop
  endfacet
  facet normal 0 0 -1
    outer loop
      vertex -17.0571 13.0884 18.4
      vertex -13.8837 10.6533 18.4
      vertex -14.5507 9.72247 18.4
    endloop
  endfacet
  facet normal 0 0 -1
    outer loop
      vertex -17.0571 13.0884 18.4
      vertex -14.5507 9.72247 18.4
      vertex -15.1554 8.75 18.4
    endloop
  endfacet
  facet normal 0 0 -1
    outer loop
      vertex -12.3744 12.3744 18.4
      vertex -15.2028 15.2028 18.4
      vertex -14.1759 16.1646 18.4
    endloop
  endfacet
  facet normal 0 0 -1
    outer loop
      vertex -17.0571 13.0884 18.4
      vertex -15.1554 8.75 18.4
      vertex -15.6953 7.74005 18.4
    endloop
  endfacet
  facet normal 0 0 -1
    outer loop
      vertex -13.1572 11.5385 18.4
      vertex -16.1646 14.1759 18.4
      vertex -15.2028 15.2028 18.4
    endloop
  endfacet
  facet normal 0 0 -1
    outer loop
      vertex -17.0571 13.0884 18.4
      vertex -15.6953 7.74005 18.4
      vertex -16.1679 6.69695 18.4
    endloop
  endfacet
  facet normal 0 0 -1
    outer loop
      vertex -17.0571 13.0884 18.4
      vertex -16.1679 6.69695 18.4
      vertex -16.5713 5.62518 18.4
    endloop
  endfacet
  facet normal 0 0 -1
    outer loop
      vertex -17.0571 13.0884 18.4
      vertex -16.5713 5.62518 18.4
      vertex -16.9037 4.52933 18.4
    endloop
  endfacet
  facet normal 0 0 -1
    outer loop
      vertex -13.8837 10.6533 18.4
      vertex -17.0571 13.0884 18.4
      vertex -16.1646 14.1759 18.4
    endloop
  endfacet
  facet normal 0 0 1
    outer loop
      vertex 11.5036 8.82703 20
      vertex 17.0571 13.0884 20
      vertex 16.1646 14.1759 20
    endloop
  endfacet
  facet normal 0 0 1
    outer loop
      vertex 10.9017 9.5605 20
      vertex 16.1646 14.1759 20
      vertex 15.2028 15.2028 20
    endloop
  endfacet
  facet normal 0 0 1
    outer loop
      vertex 10.253 10.253 20
      vertex 15.2028 15.2028 20
      vertex 14.1759 16.1646 20
    endloop
  endfacet
  facet normal 0 0 1
    outer loop
      vertex 17.0571 13.0884 20
      vertex 12.5574 7.25 20
      vertex 16.894 4.52674 20
    endloop
  endfacet
  facet normal 0 0 1
    outer loop
      vertex 16.894 4.52674 20
      vertex 13.7305 4.66086 20
      vertex 14.0059 3.75287 20
    endloop
  endfacet
  facet normal 0 0 1
    outer loop
      vertex 16.894 4.52674 20
      vertex 13.3962 5.5489 20
      vertex 13.7305 4.66086 20
    endloop
  endfacet
  facet normal 0 0 1
    outer loop
      vertex 9.5605 10.9017 20
      vertex 14.1759 16.1646 20
      vertex 13.0884 17.0571 20
    endloop
  endfacet
  facet normal 0 0 1
    outer loop
      vertex 16.894 4.52674 20
      vertex 13.0047 6.41318 20
      vertex 13.3962 5.5489 20
    endloop
  endfacet
  facet normal 0 0 1
    outer loop
      vertex 16.894 4.52674 20
      vertex 12.5574 7.25 20
      vertex 13.0047 6.41318 20
    endloop
  endfacet
  facet normal 0 0 1
    outer loop
      vertex 17.0571 13.0884 20
      vertex 12.0563 8.05576 20
      vertex 12.5574 7.25 20
    endloop
  endfacet
  facet normal 0 0 1
    outer loop
      vertex 8.82703 11.5036 20
      vertex 13.0884 17.0571 20
      vertex 11.9447 17.8766 20
    endloop
  endfacet
  facet normal 0 0 1
    outer loop
      vertex 17.0571 13.0884 20
      vertex 11.5036 8.82703 20
      vertex 12.0563 8.05576 20
    endloop
  endfacet
  facet normal 0 0 1
    outer loop
      vertex 16.1646 14.1759 20
      vertex 10.9017 9.5605 20
      vertex 11.5036 8.82703 20
    endloop
  endfacet
  facet normal 0 0 1
    outer loop
      vertex 8.05576 12.0563 20
      vertex 11.9447 17.8766 20
      vertex 10.75 18.6195 20
    endloop
  endfacet
  facet normal 0 0 1
    outer loop
      vertex 15.2028 15.2028 20
      vertex 10.253 10.253 20
      vertex 10.9017 9.5605 20
    endloop
  endfacet
  facet normal 0 0 1
    outer loop
      vertex 14.1759 16.1646 20
      vertex 9.5605 10.9017 20
      vertex 10.253 10.253 20
    endloop
  endfacet
  facet normal 0 0 1
    outer loop
      vertex 7.25 12.5574 20
      vertex 10.75 18.6195 20
      vertex 9.5092 19.2828 20
    endloop
  endfacet
  facet normal 0 0 1
    outer loop
      vertex 13.0884 17.0571 20
      vertex 8.82703 11.5036 20
      vertex 9.5605 10.9017 20
    endloop
  endfacet
  facet normal 0 0 1
    outer loop
      vertex 6.41318 13.0047 20
      vertex 9.5092 19.2828 20
      vertex 8.22769 19.8634 20
    endloop
  endfacet
  facet normal 0 0 1
    outer loop
      vertex 11.9447 17.8766 20
      vertex 8.05576 12.0563 20
      vertex 8.82703 11.5036 20
    endloop
  endfacet
  facet normal 0 0 1
    outer loop
      vertex 10.75 18.6195 20
      vertex 7.25 12.5574 20
      vertex 8.05576 12.0563 20
    endloop
  endfacet
  facet normal 0 0 1
    outer loop
      vertex 5.5489 13.3962 20
      vertex 8.22769 19.8634 20
      vertex 6.91093 20.359 20
    endloop
  endfacet
  facet normal 0 0 1
    outer loop
      vertex 9.5092 19.2828 20
      vertex 6.41318 13.0047 20
      vertex 7.25 12.5574 20
    endloop
  endfacet
  facet normal 0 0 1
    outer loop
      vertex 4.66086 13.7305 20
      vertex 6.91093 20.359 20
      vertex 5.56461 20.7674 20
    endloop
  endfacet
  facet normal 0 0 1
    outer loop
      vertex 8.22769 19.8634 20
      vertex 5.5489 13.3962 20
      vertex 6.41318 13.0047 20
    endloop
  endfacet
  facet normal 0 0 1
    outer loop
      vertex 6.91093 20.359 20
      vertex 4.66086 13.7305 20
      vertex 5.5489 13.3962 20
    endloop
  endfacet
  facet normal 0 0 1
    outer loop
      vertex 3.75287 14.0059 20
      vertex 5.56461 20.7674 20
      vertex 4.19443 21.0869 20
    endloop
  endfacet
  facet normal 0 0 1
    outer loop
      vertex 5.56461 20.7674 20
      vertex 3.75287 14.0059 20
      vertex 4.66086 13.7305 20
    endloop
  endfacet
  facet normal 0 0 1
    outer loop
      vertex 4.19443 21.0869 20
      vertex 2.8288 14.2214 20
      vertex 3.75287 14.0059 20
    endloop
  endfacet
  facet normal 0 0 1
    outer loop
      vertex 2.8063 21.3161 20
      vertex 2.8288 14.2214 20
      vertex 4.19443 21.0869 20
    endloop
  endfacet
  facet normal 0 0 1
    outer loop
      vertex 2.8063 21.3161 20
      vertex 1.89262 14.3759 20
      vertex 2.8288 14.2214 20
    endloop
  endfacet
  facet normal 0 0 1
    outer loop
      vertex 1.40616 21.454 20
      vertex 1.89262 14.3759 20
      vertex 2.8063 21.3161 20
    endloop
  endfacet
  facet normal 0 0 1
    outer loop
      vertex 1.40616 21.454 20
      vertex 0.948334 14.4689 20
      vertex 1.89262 14.3759 20
    endloop
  endfacet
  facet normal 0 0 1
    outer loop
      vertex 0 21.5 20
      vertex 0.948334 14.4689 20
      vertex 1.40616 21.454 20
    endloop
  endfacet
  facet normal 0 0 1
    outer loop
      vertex 0 21.5 20
      vertex 0 14.5 20
      vertex 0.948334 14.4689 20
    endloop
  endfacet
  facet normal 0 0 1
    outer loop
      vertex 0 21.5 20
      vertex -0.948334 14.4689 20
      vertex 0 14.5 20
    endloop
  endfacet
  facet normal -0 0 1
    outer loop
      vertex -1.40616 21.454 20
      vertex -0.948334 14.4689 20
      vertex 0 21.5 20
    endloop
  endfacet
  facet normal 0 0 1
    outer loop
      vertex -1.40616 21.454 20
      vertex -1.89262 14.3759 20
      vertex -0.948334 14.4689 20
    endloop
  endfacet
  facet normal -0 0 1
    outer loop
      vertex -2.8063 21.3161 20
      vertex -1.89262 14.3759 20
      vertex -1.40616 21.454 20
    endloop
  endfacet
  facet normal 0 0 1
    outer loop
      vertex -2.8063 21.3161 20
      vertex -2.8288 14.2214 20
      vertex -1.89262 14.3759 20
    endloop
  endfacet
  facet normal -0 0 1
    outer loop
      vertex -4.19443 21.0869 20
      vertex -2.8288 14.2214 20
      vertex -2.8063 21.3161 20
    endloop
  endfacet
  facet normal 0 0 1
    outer loop
      vertex -2.8288 14.2214 20
      vertex -4.19443 21.0869 20
      vertex -3.75287 14.0059 20
    endloop
  endfacet
  facet normal -0 0 1
    outer loop
      vertex -5.56461 20.7674 20
      vertex -3.75287 14.0059 20
      vertex -4.19443 21.0869 20
    endloop
  endfacet
  facet normal 0 0 1
    outer loop
      vertex -3.75287 14.0059 20
      vertex -5.56461 20.7674 20
      vertex -4.66086 13.7305 20
    endloop
  endfacet
  facet normal -0 0 1
    outer loop
      vertex -6.91093 20.359 20
      vertex -4.66086 13.7305 20
      vertex -5.56461 20.7674 20
    endloop
  endfacet
  facet normal 0 0 1
    outer loop
      vertex -4.66086 13.7305 20
      vertex -6.91093 20.359 20
      vertex -5.5489 13.3962 20
    endloop
  endfacet
  facet normal -0 0 1
    outer loop
      vertex -8.22769 19.8634 20
      vertex -5.5489 13.3962 20
      vertex -6.91093 20.359 20
    endloop
  endfacet
  facet normal 0 0 1
    outer loop
      vertex -5.5489 13.3962 20
      vertex -8.22769 19.8634 20
      vertex -6.41318 13.0047 20
    endloop
  endfacet
  facet normal -0 0 1
    outer loop
      vertex -9.5092 19.2828 20
      vertex -6.41318 13.0047 20
      vertex -8.22769 19.8634 20
    endloop
  endfacet
  facet normal 0 0 1
    outer loop
      vertex -6.41318 13.0047 20
      vertex -9.5092 19.2828 20
      vertex -7.25 12.5574 20
    endloop
  endfacet
  facet normal -0 0 1
    outer loop
      vertex -10.75 18.6195 20
      vertex -7.25 12.5574 20
      vertex -9.5092 19.2828 20
    endloop
  endfacet
  facet normal 0 0 1
    outer loop
      vertex -7.25 12.5574 20
      vertex -10.75 18.6195 20
      vertex -8.05576 12.0563 20
    endloop
  endfacet
  facet normal -0 0 1
    outer loop
      vertex -11.9447 17.8766 20
      vertex -8.05576 12.0563 20
      vertex -10.75 18.6195 20
    endloop
  endfacet
  facet normal 0 0 1
    outer loop
      vertex -8.05576 12.0563 20
      vertex -11.9447 17.8766 20
      vertex -8.82703 11.5036 20
    endloop
  endfacet
  facet normal -0 0 1
    outer loop
      vertex -13.0884 17.0571 20
      vertex -8.82703 11.5036 20
      vertex -11.9447 17.8766 20
    endloop
  endfacet
  facet normal 0 0 1
    outer loop
      vertex -8.82703 11.5036 20
      vertex -13.0884 17.0571 20
      vertex -9.5605 10.9017 20
    endloop
  endfacet
  facet normal -0 0 1
    outer loop
      vertex -14.1759 16.1646 20
      vertex -9.5605 10.9017 20
      vertex -13.0884 17.0571 20
    endloop
  endfacet
  facet normal 0 0 1
    outer loop
      vertex -9.5605 10.9017 20
      vertex -14.1759 16.1646 20
      vertex -10.253 10.253 20
    endloop
  endfacet
  facet normal -0 0 1
    outer loop
      vertex -15.2028 15.2028 20
      vertex -10.253 10.253 20
      vertex -14.1759 16.1646 20
    endloop
  endfacet
  facet normal 0 0 1
    outer loop
      vertex -10.253 10.253 20
      vertex -15.2028 15.2028 20
      vertex -10.9017 9.5605 20
    endloop
  endfacet
  facet normal -0 0 1
    outer loop
      vertex -16.1646 14.1759 20
      vertex -10.9017 9.5605 20
      vertex -15.2028 15.2028 20
    endloop
  endfacet
  facet normal 0 0 1
    outer loop
      vertex -10.9017 9.5605 20
      vertex -16.1646 14.1759 20
      vertex -11.5036 8.82703 20
    endloop
  endfacet
  facet normal -0 0 1
    outer loop
      vertex -17.0571 13.0884 20
      vertex -11.5036 8.82703 20
      vertex -16.1646 14.1759 20
    endloop
  endfacet
  facet normal 0 0 1
    outer loop
      vertex -11.5036 8.82703 20
      vertex -17.0571 13.0884 20
      vertex -12.0563 8.05576 20
    endloop
  endfacet
  facet normal -0 0 1
    outer loop
      vertex -17.8766 11.9447 20
      vertex -12.0563 8.05576 20
      vertex -17.0571 13.0884 20
    endloop
  endfacet
  facet normal 0 0 1
    outer loop
      vertex -12.0563 8.05576 20
      vertex -17.8766 11.9447 20
      vertex -12.5574 7.25 20
    endloop
  endfacet
  facet normal -0 0 1
    outer loop
      vertex -18.6195 10.75 20
      vertex -12.5574 7.25 20
      vertex -17.8766 11.9447 20
    endloop
  endfacet
  facet normal 0 0 1
    outer loop
      vertex -12.5574 7.25 20
      vertex -18.6195 10.75 20
      vertex -13.0047 6.41318 20
    endloop
  endfacet
  facet normal -0 0 1
    outer loop
      vertex -19.2828 9.5092 20
      vertex -13.0047 6.41318 20
      vertex -18.6195 10.75 20
    endloop
  endfacet
  facet normal 0 -0 1
    outer loop
      vertex -16.894 4.52674 20
      vertex -13.0047 6.41318 20
      vertex -19.2828 9.5092 20
    endloop
  endfacet
  facet normal 0 0 1
    outer loop
      vertex -13.3962 5.5489 20
      vertex -16.894 4.52674 20
      vertex -13.7305 4.66086 20
    endloop
  endfacet
  facet normal 0 0 1
    outer loop
      vertex -13.7305 4.66086 20
      vertex -16.894 4.52674 20
      vertex -14.0059 3.75287 20
    endloop
  endfacet
  facet normal 0 0 1
    outer loop
      vertex -13.0047 6.41318 20
      vertex -16.894 4.52674 20
      vertex -13.3962 5.5489 20
    endloop
  endfacet
  facet normal -0 0 1
    outer loop
      vertex -19.8634 8.22769 20
      vertex -16.894 4.52674 20
      vertex -19.2828 9.5092 20
    endloop
  endfacet
  facet normal -0 0 1
    outer loop
      vertex -20.359 6.91093 20
      vertex -16.894 4.52674 20
      vertex -19.8634 8.22769 20
    endloop
  endfacet
  facet normal -0 0 1
    outer loop
      vertex -20.7674 5.56461 20
      vertex -16.894 4.52674 20
      vertex -20.359 6.91093 20
    endloop
  endfacet
  facet normal 0 0 1
    outer loop
      vertex -16.894 4.52674 20
      vertex -20.7674 5.56461 20
      vertex -16.894 4.52673 20
    endloop
  endfacet
  facet normal 0 0 1
    outer loop
      vertex -16.894 4.52673 20
      vertex -20.7674 5.56461 20
      vertex -17.1539 3.41212 20
    endloop
  endfacet
  facet normal -0 0 1
    outer loop
      vertex -21.0869 4.19443 20
      vertex -17.1539 3.41212 20
      vertex -20.7674 5.56461 20
    endloop
  endfacet
  facet normal 0 0 1
    outer loop
      vertex -21.2244 3.36162 20
      vertex -17.1539 3.41212 20
      vertex -21.0869 4.19443 20
    endloop
  endfacet
  facet normal 0 0 1
    outer loop
      vertex -17.1539 3.41212 20
      vertex -21.2244 3.36162 20
      vertex -17.2658 2.73463 20
    endloop
  endfacet
  facet normal 0 0 1
    outer loop
      vertex 17.1539 3.41212 20
      vertex 21.0869 4.19443 20
      vertex 20.7674 5.56461 20
    endloop
  endfacet
  facet normal 0 0 1
    outer loop
      vertex 16.894 4.52674 20
      vertex 20.7674 5.56461 20
      vertex 20.359 6.91093 20
    endloop
  endfacet
  facet normal 0 0 1
    outer loop
      vertex 16.894 4.52674 20
      vertex 20.359 6.91093 20
      vertex 19.8634 8.22769 20
    endloop
  endfacet
  facet normal 0 0 1
    outer loop
      vertex 16.894 4.52674 20
      vertex 19.8634 8.22769 20
      vertex 19.2828 9.5092 20
    endloop
  endfacet
  facet normal 0 0 1
    outer loop
      vertex 16.894 4.52674 20
      vertex 19.2828 9.5092 20
      vertex 18.6195 10.75 20
    endloop
  endfacet
  facet normal 0 0 1
    outer loop
      vertex 16.894 4.52674 20
      vertex 18.6195 10.75 20
      vertex 17.8766 11.9447 20
    endloop
  endfacet
  facet normal 0 0 1
    outer loop
      vertex 16.894 4.52673 20
      vertex 20.7674 5.56461 20
      vertex 16.894 4.52674 20
    endloop
  endfacet
  facet normal 0 0 1
    outer loop
      vertex 21.2244 3.36162 20
      vertex 17.1539 3.41212 20
      vertex 17.2658 2.73463 20
    endloop
  endfacet
  facet normal 0 0 1
    outer loop
      vertex 16.894 4.52674 20
      vertex 17.8766 11.9447 20
      vertex 17.0571 13.0884 20
    endloop
  endfacet
  facet normal 0 -0 1
    outer loop
      vertex 17.1539 3.41212 20
      vertex 20.7674 5.56461 20
      vertex 16.894 4.52673 20
    endloop
  endfacet
  facet normal 0 0 1
    outer loop
      vertex 21.0869 4.19443 20
      vertex 17.1539 3.41212 20
      vertex 21.2244 3.36162 20
    endloop
  endfacet
  facet normal 0.986643 0.162898 0
    outer loop
      vertex 21.2244 3.36162 20
      vertex 21.0869 4.19443 18.4
      vertex 21.0869 4.19443 20
    endloop
  endfacet
  facet normal 0.986643 0.162898 0
    outer loop
      vertex 21.0869 4.19443 18.4
      vertex 21.2244 3.36162 20
      vertex 21.2244 3.36162 18.4
    endloop
  endfacet
  facet normal 0.973874 0.227089 0
    outer loop
      vertex 21.0869 4.19443 20
      vertex 20.7674 5.56461 18.4
      vertex 20.7674 5.56461 20
    endloop
  endfacet
  facet normal 0.973874 0.227089 0
    outer loop
      vertex 20.7674 5.56461 18.4
      vertex 21.0869 4.19443 20
      vertex 21.0869 4.19443 18.4
    endloop
  endfacet
  facet normal 0.956941 0.290284 0
    outer loop
      vertex 20.7674 5.56461 20
      vertex 20.359 6.91093 18.4
      vertex 20.359 6.91093 20
    endloop
  endfacet
  facet normal 0.956941 0.290284 0
    outer loop
      vertex 20.359 6.91093 18.4
      vertex 20.7674 5.56461 20
      vertex 20.7674 5.56461 18.4
    endloop
  endfacet
  facet normal 0.935904 0.352254 0
    outer loop
      vertex 20.359 6.91093 20
      vertex 19.8634 8.22769 18.4
      vertex 19.8634 8.22769 20
    endloop
  endfacet
  facet normal 0.935904 0.352254 0
    outer loop
      vertex 19.8634 8.22769 18.4
      vertex 20.359 6.91093 20
      vertex 20.359 6.91093 18.4
    endloop
  endfacet
  facet normal 0.910876 0.412681 0
    outer loop
      vertex 19.8634 8.22769 20
      vertex 19.2828 9.5092 18.4
      vertex 19.2828 9.5092 20
    endloop
  endfacet
  facet normal 0.910876 0.412681 0
    outer loop
      vertex 19.2828 9.5092 18.4
      vertex 19.8634 8.22769 20
      vertex 19.8634 8.22769 18.4
    endloop
  endfacet
  facet normal 0.881898 0.47144 0
    outer loop
      vertex 19.2828 9.5092 20
      vertex 18.6195 10.75 18.4
      vertex 18.6195 10.75 20
    endloop
  endfacet
  facet normal 0.881898 0.47144 0
    outer loop
      vertex 18.6195 10.75 18.4
      vertex 19.2828 9.5092 20
      vertex 19.2828 9.5092 18.4
    endloop
  endfacet
  facet normal 0.849206 0.528062 0
    outer loop
      vertex 18.6195 10.75 20
      vertex 17.8766 11.9447 18.4
      vertex 17.8766 11.9447 20
    endloop
  endfacet
  facet normal 0.849206 0.528062 0
    outer loop
      vertex 17.8766 11.9447 18.4
      vertex 18.6195 10.75 20
      vertex 18.6195 10.75 18.4
    endloop
  endfacet
  facet normal 0.812868 0.582448 0
    outer loop
      vertex 17.8766 11.9447 20
      vertex 17.0571 13.0884 18.4
      vertex 17.0571 13.0884 20
    endloop
  endfacet
  facet normal 0.812868 0.582448 0
    outer loop
      vertex 17.0571 13.0884 18.4
      vertex 17.8766 11.9447 20
      vertex 17.8766 11.9447 18.4
    endloop
  endfacet
  facet normal 0.773006 0.634398 0
    outer loop
      vertex 17.0571 13.0884 20
      vertex 16.1646 14.1759 18.4
      vertex 16.1646 14.1759 20
    endloop
  endfacet
  facet normal 0.773006 0.634398 0
    outer loop
      vertex 16.1646 14.1759 18.4
      vertex 17.0571 13.0884 20
      vertex 17.0571 13.0884 18.4
    endloop
  endfacet
  facet normal 0.729863 0.683594 0
    outer loop
      vertex 16.1646 14.1759 20
      vertex 15.2028 15.2028 18.4
      vertex 15.2028 15.2028 20
    endloop
  endfacet
  facet normal 0.729863 0.683594 0
    outer loop
      vertex 15.2028 15.2028 18.4
      vertex 16.1646 14.1759 20
      vertex 16.1646 14.1759 18.4
    endloop
  endfacet
  facet normal 0.683594 0.729863 -0
    outer loop
      vertex 15.2028 15.2028 18.4
      vertex 14.1759 16.1646 20
      vertex 15.2028 15.2028 20
    endloop
  endfacet
  facet normal 0.683594 0.729863 0
    outer loop
      vertex 14.1759 16.1646 20
      vertex 15.2028 15.2028 18.4
      vertex 14.1759 16.1646 18.4
    endloop
  endfacet
  facet normal 0.634398 0.773006 -0
    outer loop
      vertex 14.1759 16.1646 18.4
      vertex 13.0884 17.0571 20
      vertex 14.1759 16.1646 20
    endloop
  endfacet
  facet normal 0.634398 0.773006 0
    outer loop
      vertex 13.0884 17.0571 20
      vertex 14.1759 16.1646 18.4
      vertex 13.0884 17.0571 18.4
    endloop
  endfacet
  facet normal 0.582448 0.812868 -0
    outer loop
      vertex 13.0884 17.0571 18.4
      vertex 11.9447 17.8766 20
      vertex 13.0884 17.0571 20
    endloop
  endfacet
  facet normal 0.582448 0.812868 0
    outer loop
      vertex 11.9447 17.8766 20
      vertex 13.0884 17.0571 18.4
      vertex 11.9447 17.8766 18.4
    endloop
  endfacet
  facet normal 0.528062 0.849206 -0
    outer loop
      vertex 11.9447 17.8766 18.4
      vertex 10.75 18.6195 20
      vertex 11.9447 17.8766 20
    endloop
  endfacet
  facet normal 0.528062 0.849206 0
    outer loop
      vertex 10.75 18.6195 20
      vertex 11.9447 17.8766 18.4
      vertex 10.75 18.6195 18.4
    endloop
  endfacet
  facet normal 0.47144 0.881898 -0
    outer loop
      vertex 10.75 18.6195 18.4
      vertex 9.5092 19.2828 20
      vertex 10.75 18.6195 20
    endloop
  endfacet
  facet normal 0.47144 0.881898 0
    outer loop
      vertex 9.5092 19.2828 20
      vertex 10.75 18.6195 18.4
      vertex 9.5092 19.2828 18.4
    endloop
  endfacet
  facet normal 0.412681 0.910876 -0
    outer loop
      vertex 9.5092 19.2828 18.4
      vertex 8.22769 19.8634 20
      vertex 9.5092 19.2828 20
    endloop
  endfacet
  facet normal 0.412681 0.910876 0
    outer loop
      vertex 8.22769 19.8634 20
      vertex 9.5092 19.2828 18.4
      vertex 8.22769 19.8634 18.4
    endloop
  endfacet
  facet normal 0.352254 0.935904 -0
    outer loop
      vertex 8.22769 19.8634 18.4
      vertex 6.91093 20.359 20
      vertex 8.22769 19.8634 20
    endloop
  endfacet
  facet normal 0.352254 0.935904 0
    outer loop
      vertex 6.91093 20.359 20
      vertex 8.22769 19.8634 18.4
      vertex 6.91093 20.359 18.4
    endloop
  endfacet
  facet normal 0.290284 0.956941 -0
    outer loop
      vertex 6.91093 20.359 18.4
      vertex 5.56461 20.7674 20
      vertex 6.91093 20.359 20
    endloop
  endfacet
  facet normal 0.290284 0.956941 0
    outer loop
      vertex 5.56461 20.7674 20
      vertex 6.91093 20.359 18.4
      vertex 5.56461 20.7674 18.4
    endloop
  endfacet
  facet normal 0.227089 0.973874 -0
    outer loop
      vertex 5.56461 20.7674 18.4
      vertex 4.19443 21.0869 20
      vertex 5.56461 20.7674 20
    endloop
  endfacet
  facet normal 0.227089 0.973874 0
    outer loop
      vertex 4.19443 21.0869 20
      vertex 5.56461 20.7674 18.4
      vertex 4.19443 21.0869 18.4
    endloop
  endfacet
  facet normal 0.162908 0.986641 -0
    outer loop
      vertex 4.19443 21.0869 18.4
      vertex 2.8063 21.3161 20
      vertex 4.19443 21.0869 20
    endloop
  endfacet
  facet normal 0.162908 0.986641 0
    outer loop
      vertex 2.8063 21.3161 20
      vertex 4.19443 21.0869 18.4
      vertex 2.8063 21.3161 18.4
    endloop
  endfacet
  facet normal 0.0980159 0.995185 -0
    outer loop
      vertex 2.8063 21.3161 18.4
      vertex 1.40616 21.454 20
      vertex 2.8063 21.3161 20
    endloop
  endfacet
  facet normal 0.0980159 0.995185 0
    outer loop
      vertex 1.40616 21.454 20
      vertex 2.8063 21.3161 18.4
      vertex 1.40616 21.454 18.4
    endloop
  endfacet
  facet normal 0.0326957 0.999465 -0
    outer loop
      vertex 1.40616 21.454 18.4
      vertex 0 21.5 20
      vertex 1.40616 21.454 20
    endloop
  endfacet
  facet normal 0.0326957 0.999465 0
    outer loop
      vertex 0 21.5 20
      vertex 1.40616 21.454 18.4
      vertex 0 21.5 18.4
    endloop
  endfacet
  facet normal -0.0326957 0.999465 0
    outer loop
      vertex 0 21.5 18.4
      vertex -1.40616 21.454 20
      vertex 0 21.5 20
    endloop
  endfacet
  facet normal -0.0326957 0.999465 0
    outer loop
      vertex -1.40616 21.454 20
      vertex 0 21.5 18.4
      vertex -1.40616 21.454 18.4
    endloop
  endfacet
  facet normal -0.0980159 0.995185 0
    outer loop
      vertex -1.40616 21.454 18.4
      vertex -2.8063 21.3161 20
      vertex -1.40616 21.454 20
    endloop
  endfacet
  facet normal -0.0980159 0.995185 0
    outer loop
      vertex -2.8063 21.3161 20
      vertex -1.40616 21.454 18.4
      vertex -2.8063 21.3161 18.4
    endloop
  endfacet
  facet normal -0.162908 0.986641 0
    outer loop
      vertex -2.8063 21.3161 18.4
      vertex -4.19443 21.0869 20
      vertex -2.8063 21.3161 20
    endloop
  endfacet
  facet normal -0.162908 0.986641 0
    outer loop
      vertex -4.19443 21.0869 20
      vertex -2.8063 21.3161 18.4
      vertex -4.19443 21.0869 18.4
    endloop
  endfacet
  facet normal -0.227089 0.973874 0
    outer loop
      vertex -4.19443 21.0869 18.4
      vertex -5.56461 20.7674 20
      vertex -4.19443 21.0869 20
    endloop
  endfacet
  facet normal -0.227089 0.973874 0
    outer loop
      vertex -5.56461 20.7674 20
      vertex -4.19443 21.0869 18.4
      vertex -5.56461 20.7674 18.4
    endloop
  endfacet
  facet normal -0.290284 0.956941 0
    outer loop
      vertex -5.56461 20.7674 18.4
      vertex -6.91093 20.359 20
      vertex -5.56461 20.7674 20
    endloop
  endfacet
  facet normal -0.290284 0.956941 0
    outer loop
      vertex -6.91093 20.359 20
      vertex -5.56461 20.7674 18.4
      vertex -6.91093 20.359 18.4
    endloop
  endfacet
  facet normal -0.352254 0.935904 0
    outer loop
      vertex -6.91093 20.359 18.4
      vertex -8.22769 19.8634 20
      vertex -6.91093 20.359 20
    endloop
  endfacet
  facet normal -0.352254 0.935904 0
    outer loop
      vertex -8.22769 19.8634 20
      vertex -6.91093 20.359 18.4
      vertex -8.22769 19.8634 18.4
    endloop
  endfacet
  facet normal -0.412681 0.910876 0
    outer loop
      vertex -8.22769 19.8634 18.4
      vertex -9.5092 19.2828 20
      vertex -8.22769 19.8634 20
    endloop
  endfacet
  facet normal -0.412681 0.910876 0
    outer loop
      vertex -9.5092 19.2828 20
      vertex -8.22769 19.8634 18.4
      vertex -9.5092 19.2828 18.4
    endloop
  endfacet
  facet normal -0.47144 0.881898 0
    outer loop
      vertex -9.5092 19.2828 18.4
      vertex -10.75 18.6195 20
      vertex -9.5092 19.2828 20
    endloop
  endfacet
  facet normal -0.47144 0.881898 0
    outer loop
      vertex -10.75 18.6195 20
      vertex -9.5092 19.2828 18.4
      vertex -10.75 18.6195 18.4
    endloop
  endfacet
  facet normal -0.528062 0.849206 0
    outer loop
      vertex -10.75 18.6195 18.4
      vertex -11.9447 17.8766 20
      vertex -10.75 18.6195 20
    endloop
  endfacet
  facet normal -0.528062 0.849206 0
    outer loop
      vertex -11.9447 17.8766 20
      vertex -10.75 18.6195 18.4
      vertex -11.9447 17.8766 18.4
    endloop
  endfacet
  facet normal -0.582448 0.812868 0
    outer loop
      vertex -11.9447 17.8766 18.4
      vertex -13.0884 17.0571 20
      vertex -11.9447 17.8766 20
    endloop
  endfacet
  facet normal -0.582448 0.812868 0
    outer loop
      vertex -13.0884 17.0571 20
      vertex -11.9447 17.8766 18.4
      vertex -13.0884 17.0571 18.4
    endloop
  endfacet
  facet normal -0.634398 0.773006 0
    outer loop
      vertex -13.0884 17.0571 18.4
      vertex -14.1759 16.1646 20
      vertex -13.0884 17.0571 20
    endloop
  endfacet
  facet normal -0.634398 0.773006 0
    outer loop
      vertex -14.1759 16.1646 20
      vertex -13.0884 17.0571 18.4
      vertex -14.1759 16.1646 18.4
    endloop
  endfacet
  facet normal -0.683594 0.729863 0
    outer loop
      vertex -14.1759 16.1646 18.4
      vertex -15.2028 15.2028 20
      vertex -14.1759 16.1646 20
    endloop
  endfacet
  facet normal -0.683594 0.729863 0
    outer loop
      vertex -15.2028 15.2028 20
      vertex -14.1759 16.1646 18.4
      vertex -15.2028 15.2028 18.4
    endloop
  endfacet
  facet normal -0.729863 0.683594 0
    outer loop
      vertex -16.1646 14.1759 18.4
      vertex -15.2028 15.2028 20
      vertex -15.2028 15.2028 18.4
    endloop
  endfacet
  facet normal -0.729863 0.683594 0
    outer loop
      vertex -15.2028 15.2028 20
      vertex -16.1646 14.1759 18.4
      vertex -16.1646 14.1759 20
    endloop
  endfacet
  facet normal -0.773006 0.634398 0
    outer loop
      vertex -17.0571 13.0884 18.4
      vertex -16.1646 14.1759 20
      vertex -16.1646 14.1759 18.4
    endloop
  endfacet
  facet normal -0.773006 0.634398 0
    outer loop
      vertex -16.1646 14.1759 20
      vertex -17.0571 13.0884 18.4
      vertex -17.0571 13.0884 20
    endloop
  endfacet
  facet normal -0.812868 0.582448 0
    outer loop
      vertex -17.8766 11.9447 18.4
      vertex -17.0571 13.0884 20
      vertex -17.0571 13.0884 18.4
    endloop
  endfacet
  facet normal -0.812868 0.582448 0
    outer loop
      vertex -17.0571 13.0884 20
      vertex -17.8766 11.9447 18.4
      vertex -17.8766 11.9447 20
    endloop
  endfacet
  facet normal -0.849206 0.528062 0
    outer loop
      vertex -18.6195 10.75 18.4
      vertex -17.8766 11.9447 20
      vertex -17.8766 11.9447 18.4
    endloop
  endfacet
  facet normal -0.849206 0.528062 0
    outer loop
      vertex -17.8766 11.9447 20
      vertex -18.6195 10.75 18.4
      vertex -18.6195 10.75 20
    endloop
  endfacet
  facet normal -0.881898 0.47144 0
    outer loop
      vertex -19.2828 9.5092 18.4
      vertex -18.6195 10.75 20
      vertex -18.6195 10.75 18.4
    endloop
  endfacet
  facet normal -0.881898 0.47144 0
    outer loop
      vertex -18.6195 10.75 20
      vertex -19.2828 9.5092 18.4
      vertex -19.2828 9.5092 20
    endloop
  endfacet
  facet normal -0.910876 0.412681 0
    outer loop
      vertex -19.8634 8.22769 18.4
      vertex -19.2828 9.5092 20
      vertex -19.2828 9.5092 18.4
    endloop
  endfacet
  facet normal -0.910876 0.412681 0
    outer loop
      vertex -19.2828 9.5092 20
      vertex -19.8634 8.22769 18.4
      vertex -19.8634 8.22769 20
    endloop
  endfacet
  facet normal -0.935904 0.352254 0
    outer loop
      vertex -20.359 6.91093 18.4
      vertex -19.8634 8.22769 20
      vertex -19.8634 8.22769 18.4
    endloop
  endfacet
  facet normal -0.935904 0.352254 0
    outer loop
      vertex -19.8634 8.22769 20
      vertex -20.359 6.91093 18.4
      vertex -20.359 6.91093 20
    endloop
  endfacet
  facet normal -0.956941 0.290284 0
    outer loop
      vertex -20.7674 5.56461 18.4
      vertex -20.359 6.91093 20
      vertex -20.359 6.91093 18.4
    endloop
  endfacet
  facet normal -0.956941 0.290284 0
    outer loop
      vertex -20.359 6.91093 20
      vertex -20.7674 5.56461 18.4
      vertex -20.7674 5.56461 20
    endloop
  endfacet
  facet normal -0.973874 0.227089 0
    outer loop
      vertex -21.0869 4.19443 18.4
      vertex -20.7674 5.56461 20
      vertex -20.7674 5.56461 18.4
    endloop
  endfacet
  facet normal -0.973874 0.227089 0
    outer loop
      vertex -20.7674 5.56461 20
      vertex -21.0869 4.19443 18.4
      vertex -21.0869 4.19443 20
    endloop
  endfacet
  facet normal -0.986643 0.162898 0
    outer loop
      vertex -21.2244 3.36162 18.4
      vertex -21.0869 4.19443 20
      vertex -21.0869 4.19443 18.4
    endloop
  endfacet
  facet normal -0.986643 0.162898 0
    outer loop
      vertex -21.0869 4.19443 20
      vertex -21.2244 3.36162 18.4
      vertex -21.2244 3.36162 20
    endloop
  endfacet
  facet normal -0.156437 -0.987688 0
    outer loop
      vertex -21.2244 3.36162 18.4
      vertex -17.2658 2.73463 20
      vertex -21.2244 3.36162 20
    endloop
  endfacet
  facet normal -0.156437 -0.987688 -0
    outer loop
      vertex -17.2658 2.73463 20
      vertex -21.2244 3.36162 18.4
      vertex -17.2658 2.73463 18.4
    endloop
  endfacet
  facet normal 0.986633 -0.162961 0
    outer loop
      vertex -17.2658 2.73463 20
      vertex -17.1539 3.41212 18.4
      vertex -17.1539 3.41212 20
    endloop
  endfacet
  facet normal 0.986633 -0.162961 0
    outer loop
      vertex -17.1539 3.41212 18.4
      vertex -17.2658 2.73463 20
      vertex -17.2658 2.73463 18.4
    endloop
  endfacet
  facet normal 0.973875 -0.227084 0
    outer loop
      vertex -17.1539 3.41212 20
      vertex -16.894 4.52673 18.4
      vertex -16.894 4.52673 20
    endloop
  endfacet
  facet normal 0.973875 -0.227084 0
    outer loop
      vertex -16.894 4.52673 18.4
      vertex -17.1539 3.41212 20
      vertex -17.1539 3.41212 18.4
    endloop
  endfacet
  facet normal 1 -0 0
    outer loop
      vertex -16.894 4.52673 20
      vertex -16.894 4.52674 18.4
      vertex -16.894 4.52674 20
    endloop
  endfacet
  facet normal 1 0 0
    outer loop
      vertex -16.894 4.52674 18.4
      vertex -16.894 4.52673 20
      vertex -16.894 4.52673 18.4
    endloop
  endfacet
  facet normal -1 0 0
    outer loop
      vertex 16.894 4.52673 18.4
      vertex 16.894 4.52674 20
      vertex 16.894 4.52674 18.4
    endloop
  endfacet
  facet normal -1 -0 0
    outer loop
      vertex 16.894 4.52674 20
      vertex 16.894 4.52673 18.4
      vertex 16.894 4.52673 20
    endloop
  endfacet
  facet normal -0.973875 -0.227084 0
    outer loop
      vertex 17.1539 3.41212 18.4
      vertex 16.894 4.52673 20
      vertex 16.894 4.52673 18.4
    endloop
  endfacet
  facet normal -0.973875 -0.227084 0
    outer loop
      vertex 16.894 4.52673 20
      vertex 17.1539 3.41212 18.4
      vertex 17.1539 3.41212 20
    endloop
  endfacet
  facet normal -0.986633 -0.162961 0
    outer loop
      vertex 17.2658 2.73463 18.4
      vertex 17.1539 3.41212 20
      vertex 17.1539 3.41212 18.4
    endloop
  endfacet
  facet normal -0.986633 -0.162961 0
    outer loop
      vertex 17.1539 3.41212 20
      vertex 17.2658 2.73463 18.4
      vertex 17.2658 2.73463 20
    endloop
  endfacet
  facet normal 0.156437 -0.987688 0
    outer loop
      vertex 17.2658 2.73463 18.4
      vertex 21.2244 3.36162 20
      vertex 17.2658 2.73463 20
    endloop
  endfacet
  facet normal 0.156437 -0.987688 0
    outer loop
      vertex 21.2244 3.36162 20
      vertex 17.2658 2.73463 18.4
      vertex 21.2244 3.36162 18.4
    endloop
  endfacet
  facet normal 0.956946 0.290267 0
    outer loop
      vertex 16.9037 4.52933 6.35
      vertex 16.5713 5.62518 -6.35
      vertex 16.5713 5.62518 6.35
    endloop
  endfacet
  facet normal 0.956946 0.290267 0
    outer loop
      vertex 16.5713 5.62518 -6.35
      vertex 16.9037 4.52933 6.35
      vertex 16.9037 4.52933 -6.35
    endloop
  endfacet
  facet normal 0.956946 0.290267 0
    outer loop
      vertex 16.9037 4.52933 18.4
      vertex 16.5713 5.62518 8.35
      vertex 16.5713 5.62518 18.4
    endloop
  endfacet
  facet normal 0.956946 0.290267 0
    outer loop
      vertex 16.5713 5.62518 8.35
      vertex 16.9037 4.52933 18.4
      vertex 16.9037 4.52933 8.35
    endloop
  endfacet
  facet normal 0.956946 0.290267 0
    outer loop
      vertex 16.9037 4.52933 -8.35
      vertex 16.5713 5.62518 -18.4
      vertex 16.5713 5.62518 -8.35
    endloop
  endfacet
  facet normal 0.956946 0.290267 0
    outer loop
      vertex 16.5713 5.62518 -18.4
      vertex 16.9037 4.52933 -8.35
      vertex 16.9037 4.52933 -18.4
    endloop
  endfacet
  facet normal 0.935902 0.352261 0
    outer loop
      vertex 16.5713 5.62518 6.35
      vertex 16.1679 6.69695 -6.35
      vertex 16.1679 6.69695 6.35
    endloop
  endfacet
  facet normal 0.935902 0.352261 0
    outer loop
      vertex 16.1679 6.69695 -6.35
      vertex 16.5713 5.62518 6.35
      vertex 16.5713 5.62518 -6.35
    endloop
  endfacet
  facet normal 0.935902 0.352261 0
    outer loop
      vertex 16.5713 5.62518 18.4
      vertex 16.1679 6.69695 8.35
      vertex 16.1679 6.69695 18.4
    endloop
  endfacet
  facet normal 0.935902 0.352261 0
    outer loop
      vertex 16.1679 6.69695 8.35
      vertex 16.5713 5.62518 18.4
      vertex 16.5713 5.62518 8.35
    endloop
  endfacet
  facet normal 0.935902 0.352261 0
    outer loop
      vertex 16.5713 5.62518 -8.35
      vertex 16.1679 6.69695 -18.4
      vertex 16.1679 6.69695 -8.35
    endloop
  endfacet
  facet normal 0.935902 0.352261 0
    outer loop
      vertex 16.1679 6.69695 -18.4
      vertex 16.5713 5.62518 -8.35
      vertex 16.5713 5.62518 -18.4
    endloop
  endfacet
  facet normal 0.910871 0.412691 0
    outer loop
      vertex 16.1679 6.69695 6.35
      vertex 15.6953 7.74005 -6.35
      vertex 15.6953 7.74005 6.35
    endloop
  endfacet
  facet normal 0.910871 0.412691 0
    outer loop
      vertex 15.6953 7.74005 -6.35
      vertex 16.1679 6.69695 6.35
      vertex 16.1679 6.69695 -6.35
    endloop
  endfacet
  facet normal 0.910871 0.412691 0
    outer loop
      vertex 16.1679 6.69695 18.4
      vertex 15.6953 7.74005 8.35
      vertex 15.6953 7.74005 18.4
    endloop
  endfacet
  facet normal 0.910871 0.412691 0
    outer loop
      vertex 15.6953 7.74005 8.35
      vertex 16.1679 6.69695 18.4
      vertex 16.1679 6.69695 8.35
    endloop
  endfacet
  facet normal 0.910871 0.412691 0
    outer loop
      vertex 16.1679 6.69695 -8.35
      vertex 15.6953 7.74005 -18.4
      vertex 15.6953 7.74005 -8.35
    endloop
  endfacet
  facet normal 0.910871 0.412691 0
    outer loop
      vertex 15.6953 7.74005 -18.4
      vertex 16.1679 6.69695 -8.35
      vertex 16.1679 6.69695 -18.4
    endloop
  endfacet
  facet normal 0.881896 0.471445 0
    outer loop
      vertex 15.6953 7.74005 6.35
      vertex 15.1554 8.75 -6.35
      vertex 15.1554 8.75 6.35
    endloop
  endfacet
  facet normal 0.881896 0.471445 0
    outer loop
      vertex 15.1554 8.75 -6.35
      vertex 15.6953 7.74005 6.35
      vertex 15.6953 7.74005 -6.35
    endloop
  endfacet
  facet normal 0.881896 0.471445 0
    outer loop
      vertex 15.6953 7.74005 18.4
      vertex 15.1554 8.75 8.35
      vertex 15.1554 8.75 18.4
    endloop
  endfacet
  facet normal 0.881896 0.471445 0
    outer loop
      vertex 15.1554 8.75 8.35
      vertex 15.6953 7.74005 18.4
      vertex 15.6953 7.74005 8.35
    endloop
  endfacet
  facet normal 0.881896 0.471445 0
    outer loop
      vertex 15.6953 7.74005 -8.35
      vertex 15.1554 8.75 -18.4
      vertex 15.1554 8.75 -8.35
    endloop
  endfacet
  facet normal 0.881896 0.471445 0
    outer loop
      vertex 15.1554 8.75 -18.4
      vertex 15.6953 7.74005 -8.35
      vertex 15.6953 7.74005 -18.4
    endloop
  endfacet
  facet normal 0.84921 0.528055 0
    outer loop
      vertex 15.1554 8.75 6.35
      vertex 14.5507 9.72247 -6.35
      vertex 14.5507 9.72247 6.35
    endloop
  endfacet
  facet normal 0.84921 0.528055 0
    outer loop
      vertex 14.5507 9.72247 -6.35
      vertex 15.1554 8.75 6.35
      vertex 15.1554 8.75 -6.35
    endloop
  endfacet
  facet normal 0.84921 0.528055 0
    outer loop
      vertex 15.1554 8.75 18.4
      vertex 14.5507 9.72247 8.35
      vertex 14.5507 9.72247 18.4
    endloop
  endfacet
  facet normal 0.84921 0.528055 0
    outer loop
      vertex 14.5507 9.72247 8.35
      vertex 15.1554 8.75 18.4
      vertex 15.1554 8.75 8.35
    endloop
  endfacet
  facet normal 0.84921 0.528055 0
    outer loop
      vertex 15.1554 8.75 -8.35
      vertex 14.5507 9.72247 -18.4
      vertex 14.5507 9.72247 -8.35
    endloop
  endfacet
  facet normal 0.84921 0.528055 0
    outer loop
      vertex 14.5507 9.72247 -18.4
      vertex 15.1554 8.75 -8.35
      vertex 15.1554 8.75 -18.4
    endloop
  endfacet
  facet normal 0.812856 0.582464 0
    outer loop
      vertex 14.5507 9.72247 6.35
      vertex 13.8837 10.6533 4.15585
      vertex 13.8837 10.6533 6.35
    endloop
  endfacet
  facet normal 0.812908 0.582392 -4.63977e-05
    outer loop
      vertex 13.8837 10.6533 4.15585
      vertex 14.5507 9.72247 6.35
      vertex 14.0059 10.4827 3.75288
    endloop
  endfacet
  facet normal 0.812826 0.582507 4.49573e-06
    outer loop
      vertex 14.0059 10.4827 3.75288
      vertex 14.5507 9.72247 6.35
      vertex 14.2214 10.182 2.82881
    endloop
  endfacet
  facet normal 0.813209 0.581972 -7.77211e-06
    outer loop
      vertex 14.469 9.83656 0.948345
      vertex 14.5507 9.72247 6.35
      vertex 14.5 9.79323 0
    endloop
  endfacet
  facet normal 0.812631 0.582779 1.80206e-05
    outer loop
      vertex 14.3759 9.96635 1.89263
      vertex 14.5507 9.72247 6.35
      vertex 14.469 9.83656 0.948345
    endloop
  endfacet
  facet normal 0.812882 0.582428 -1.1043e-05
    outer loop
      vertex 14.2214 10.182 2.82881
      vertex 14.5507 9.72247 6.35
      vertex 14.3759 9.96635 1.89263
    endloop
  endfacet
  facet normal 0.812908 0.582392 4.63977e-05
    outer loop
      vertex 14.5507 9.72247 -6.35
      vertex 13.8837 10.6533 -4.15585
      vertex 14.0059 10.4827 -3.75288
    endloop
  endfacet
  facet normal 0.812826 0.582507 -4.49573e-06
    outer loop
      vertex 14.5507 9.72247 -6.35
      vertex 14.0059 10.4827 -3.75288
      vertex 14.2214 10.182 -2.82881
    endloop
  endfacet
  facet normal 0.812882 0.582428 1.1043e-05
    outer loop
      vertex 14.5507 9.72247 -6.35
      vertex 14.2214 10.182 -2.82881
      vertex 14.3759 9.96635 -1.89263
    endloop
  endfacet
  facet normal 0.812856 0.582464 0
    outer loop
      vertex 13.8837 10.6533 -4.15585
      vertex 14.5507 9.72247 -6.35
      vertex 13.8837 10.6533 -6.35
    endloop
  endfacet
  facet normal 0.812631 0.582779 -1.80206e-05
    outer loop
      vertex 14.469 9.83656 -0.948345
      vertex 14.5507 9.72247 -6.35
      vertex 14.3759 9.96635 -1.89263
    endloop
  endfacet
  facet normal 0.813209 0.581972 7.77211e-06
    outer loop
      vertex 14.5 9.79323 0
      vertex 14.5507 9.72247 -6.35
      vertex 14.469 9.83656 -0.948345
    endloop
  endfacet
  facet normal 0.812879 0.582433 -0
    outer loop
      vertex 14.5507 9.72247 -6.35
      vertex 14.5 9.79323 0
      vertex 14.5507 9.72247 6.35
    endloop
  endfacet
  facet normal 0.812856 0.582464 0
    outer loop
      vertex 14.5507 9.72247 18.4
      vertex 13.8837 10.6533 8.35
      vertex 13.8837 10.6533 18.4
    endloop
  endfacet
  facet normal 0.812856 0.582464 0
    outer loop
      vertex 13.8837 10.6533 8.35
      vertex 14.5507 9.72247 18.4
      vertex 14.5507 9.72247 8.35
    endloop
  endfacet
  facet normal 0.812856 0.582464 0
    outer loop
      vertex 14.5507 9.72247 -8.35
      vertex 13.8837 10.6533 -18.4
      vertex 13.8837 10.6533 -8.35
    endloop
  endfacet
  facet normal 0.812856 0.582464 0
    outer loop
      vertex 13.8837 10.6533 -18.4
      vertex 14.5507 9.72247 -8.35
      vertex 14.5507 9.72247 -18.4
    endloop
  endfacet
  facet normal 0.772996 0.63441 0
    outer loop
      vertex 13.1888 11.5 -8.35
      vertex 13.8837 10.6533 -8.35
      vertex 13.1888 11.5 -17.8
    endloop
  endfacet
  facet normal 0.772972 0.63444 0
    outer loop
      vertex 13.1888 11.5 -17.8
      vertex 13.1572 11.5385 -18.4
      vertex 13.1572 11.5385 -17.8
    endloop
  endfacet
  facet normal 0.772996 0.63441 -0
    outer loop
      vertex 13.8837 10.6533 -18.4
      vertex 13.1888 11.5 -17.8
      vertex 13.8837 10.6533 -8.35
    endloop
  endfacet
  facet normal 0.772995 0.634412 -3.01269e-06
    outer loop
      vertex 13.1888 11.5 -17.8
      vertex 13.8837 10.6533 -18.4
      vertex 13.1572 11.5385 -18.4
    endloop
  endfacet
  facet normal 0.772972 0.63444 0
    outer loop
      vertex 13.1572 11.5385 18.4
      vertex 13.1888 11.5 17.8
      vertex 13.1572 11.5385 17.8
    endloop
  endfacet
  facet normal 0.772995 0.634412 3.01269e-06
    outer loop
      vertex 13.8837 10.6533 18.4
      vertex 13.1888 11.5 17.8
      vertex 13.1572 11.5385 18.4
    endloop
  endfacet
  facet normal 0.772996 0.63441 -0
    outer loop
      vertex 13.8837 10.6533 8.35
      vertex 13.1888 11.5 17.8
      vertex 13.8837 10.6533 18.4
    endloop
  endfacet
  facet normal 0.772996 0.63441 0
    outer loop
      vertex 13.1888 11.5 17.8
      vertex 13.8837 10.6533 8.35
      vertex 13.1888 11.5 8.35
    endloop
  endfacet
  facet normal 0.772996 0.63441 0
    outer loop
      vertex 13.8837 10.6533 6.35
      vertex 13.1888 11.5 6.0067
      vertex 13.1888 11.5 6.35
    endloop
  endfacet
  facet normal 0.772968 0.634445 0.000145057
    outer loop
      vertex 13.1888 11.5 6.0067
      vertex 13.8837 10.6533 6.35
      vertex 13.3963 11.2473 5.54891
    endloop
  endfacet
  facet normal 0.773065 0.634326 -2.91559e-06
    outer loop
      vertex 13.3963 11.2473 5.54891
      vertex 13.8837 10.6533 6.35
      vertex 13.7305 10.84 4.66087
    endloop
  endfacet
  facet normal 0.773053 0.634342 0
    outer loop
      vertex 13.7305 10.84 4.66087
      vertex 13.8837 10.6533 6.35
      vertex 13.8837 10.6533 4.15585
    endloop
  endfacet
  facet normal 0.772968 0.634445 -0.000145057
    outer loop
      vertex 13.8837 10.6533 -6.35
      vertex 13.1888 11.5 -6.0067
      vertex 13.3963 11.2473 -5.54891
    endloop
  endfacet
  facet normal 0.773065 0.634326 2.91559e-06
    outer loop
      vertex 13.8837 10.6533 -6.35
      vertex 13.3963 11.2473 -5.54891
      vertex 13.7305 10.84 -4.66087
    endloop
  endfacet
  facet normal 0.772996 0.63441 0
    outer loop
      vertex 13.1888 11.5 -6.0067
      vertex 13.8837 10.6533 -6.35
      vertex 13.1888 11.5 -6.35
    endloop
  endfacet
  facet normal 0.773053 0.634342 -0
    outer loop
      vertex 13.8837 10.6533 -6.35
      vertex 13.7305 10.84 -4.66087
      vertex 13.8837 10.6533 -4.15585
    endloop
  endfacet
  facet normal 0.72991 0.683543 0
    outer loop
      vertex 13.1572 11.5385 -17.8
      vertex 12.3744 12.3744 -18.4
      vertex 12.3744 12.3744 -17.8
    endloop
  endfacet
  facet normal 0.72991 0.683543 0
    outer loop
      vertex 12.3744 12.3744 -18.4
      vertex 13.1572 11.5385 -17.8
      vertex 13.1572 11.5385 -18.4
    endloop
  endfacet
  facet normal 0.72991 0.683543 0
    outer loop
      vertex 13.1572 11.5385 18.4
      vertex 12.3744 12.3744 17.8
      vertex 12.3744 12.3744 18.4
    endloop
  endfacet
  facet normal 0.72991 0.683543 0
    outer loop
      vertex 12.3744 12.3744 17.8
      vertex 13.1572 11.5385 18.4
      vertex 13.1572 11.5385 17.8
    endloop
  endfacet
  facet normal 0.683543 0.72991 -0
    outer loop
      vertex 12.3744 12.3744 -18.4
      vertex 11.5385 13.1572 -17.8
      vertex 12.3744 12.3744 -17.8
    endloop
  endfacet
  facet normal 0.683543 0.72991 0
    outer loop
      vertex 11.5385 13.1572 -17.8
      vertex 12.3744 12.3744 -18.4
      vertex 11.5385 13.1572 -18.4
    endloop
  endfacet
  facet normal 0.683543 0.72991 -0
    outer loop
      vertex 12.3744 12.3744 17.8
      vertex 11.5385 13.1572 18.4
      vertex 12.3744 12.3744 18.4
    endloop
  endfacet
  facet normal 0.683543 0.72991 0
    outer loop
      vertex 11.5385 13.1572 18.4
      vertex 12.3744 12.3744 17.8
      vertex 11.5385 13.1572 17.8
    endloop
  endfacet
  facet normal 0.634412 0.772995 -0
    outer loop
      vertex 11.5385 13.1572 -18.4
      vertex 10.6533 13.8837 -17.8
      vertex 11.5385 13.1572 -17.8
    endloop
  endfacet
  facet normal 0.634412 0.772995 0
    outer loop
      vertex 10.6533 13.8837 -17.8
      vertex 11.5385 13.1572 -18.4
      vertex 10.6533 13.8837 -18.4
    endloop
  endfacet
  facet normal 0.634412 0.772995 -0
    outer loop
      vertex 11.5385 13.1572 17.8
      vertex 10.6533 13.8837 18.4
      vertex 11.5385 13.1572 18.4
    endloop
  endfacet
  facet normal 0.634412 0.772995 0
    outer loop
      vertex 10.6533 13.8837 18.4
      vertex 11.5385 13.1572 17.8
      vertex 10.6533 13.8837 17.8
    endloop
  endfacet
  facet normal 0.582464 0.812856 -0
    outer loop
      vertex 10.6533 13.8837 -18.4
      vertex 9.72247 14.5507 -17.8
      vertex 10.6533 13.8837 -17.8
    endloop
  endfacet
  facet normal 0.582464 0.812856 0
    outer loop
      vertex 9.72247 14.5507 -17.8
      vertex 10.6533 13.8837 -18.4
      vertex 9.72247 14.5507 -18.4
    endloop
  endfacet
  facet normal 0.582464 0.812856 -0
    outer loop
      vertex 10.6533 13.8837 17.8
      vertex 9.72247 14.5507 18.4
      vertex 10.6533 13.8837 18.4
    endloop
  endfacet
  facet normal 0.582464 0.812856 0
    outer loop
      vertex 9.72247 14.5507 18.4
      vertex 10.6533 13.8837 17.8
      vertex 9.72247 14.5507 17.8
    endloop
  endfacet
  facet normal 0.528055 0.84921 -0
    outer loop
      vertex 9.72247 14.5507 -18.4
      vertex 8.75 15.1554 -17.8
      vertex 9.72247 14.5507 -17.8
    endloop
  endfacet
  facet normal 0.528055 0.84921 0
    outer loop
      vertex 8.75 15.1554 -17.8
      vertex 9.72247 14.5507 -18.4
      vertex 8.75 15.1554 -18.4
    endloop
  endfacet
  facet normal 0.528055 0.84921 -0
    outer loop
      vertex 9.72247 14.5507 17.8
      vertex 8.75 15.1554 18.4
      vertex 9.72247 14.5507 18.4
    endloop
  endfacet
  facet normal 0.528055 0.84921 0
    outer loop
      vertex 8.75 15.1554 18.4
      vertex 9.72247 14.5507 17.8
      vertex 8.75 15.1554 17.8
    endloop
  endfacet
  facet normal 0.471445 0.881896 -0
    outer loop
      vertex 8.75 15.1554 -18.4
      vertex 7.74005 15.6953 -17.8
      vertex 8.75 15.1554 -17.8
    endloop
  endfacet
  facet normal 0.471445 0.881896 0
    outer loop
      vertex 7.74005 15.6953 -17.8
      vertex 8.75 15.1554 -18.4
      vertex 7.74005 15.6953 -18.4
    endloop
  endfacet
  facet normal 0.471445 0.881896 -0
    outer loop
      vertex 8.75 15.1554 17.8
      vertex 7.74005 15.6953 18.4
      vertex 8.75 15.1554 18.4
    endloop
  endfacet
  facet normal 0.471445 0.881896 0
    outer loop
      vertex 7.74005 15.6953 18.4
      vertex 8.75 15.1554 17.8
      vertex 7.74005 15.6953 17.8
    endloop
  endfacet
  facet normal 0.412691 0.910871 -0
    outer loop
      vertex 7.74005 15.6953 -18.4
      vertex 6.69695 16.1679 -17.8
      vertex 7.74005 15.6953 -17.8
    endloop
  endfacet
  facet normal 0.412691 0.910871 0
    outer loop
      vertex 6.69695 16.1679 -17.8
      vertex 7.74005 15.6953 -18.4
      vertex 6.69695 16.1679 -18.4
    endloop
  endfacet
  facet normal 0.412691 0.910871 -0
    outer loop
      vertex 7.74005 15.6953 17.8
      vertex 6.69695 16.1679 18.4
      vertex 7.74005 15.6953 18.4
    endloop
  endfacet
  facet normal 0.412691 0.910871 0
    outer loop
      vertex 6.69695 16.1679 18.4
      vertex 7.74005 15.6953 17.8
      vertex 6.69695 16.1679 17.8
    endloop
  endfacet
  facet normal 0.352261 0.935902 -0
    outer loop
      vertex 6.69695 16.1679 -18.4
      vertex 5.62518 16.5713 -17.8
      vertex 6.69695 16.1679 -17.8
    endloop
  endfacet
  facet normal 0.352261 0.935902 0
    outer loop
      vertex 5.62518 16.5713 -17.8
      vertex 6.69695 16.1679 -18.4
      vertex 5.62518 16.5713 -18.4
    endloop
  endfacet
  facet normal 0.352261 0.935902 -0
    outer loop
      vertex 6.69695 16.1679 17.8
      vertex 5.62518 16.5713 18.4
      vertex 6.69695 16.1679 18.4
    endloop
  endfacet
  facet normal 0.352261 0.935902 0
    outer loop
      vertex 5.62518 16.5713 18.4
      vertex 6.69695 16.1679 17.8
      vertex 5.62518 16.5713 17.8
    endloop
  endfacet
  facet normal 0.290267 0.956946 -0
    outer loop
      vertex 5.62518 16.5713 -18.4
      vertex 4.52933 16.9037 -17.8
      vertex 5.62518 16.5713 -17.8
    endloop
  endfacet
  facet normal 0.290267 0.956946 0
    outer loop
      vertex 4.52933 16.9037 -17.8
      vertex 5.62518 16.5713 -18.4
      vertex 4.52933 16.9037 -18.4
    endloop
  endfacet
  facet normal 0.290267 0.956946 -0
    outer loop
      vertex 5.62518 16.5713 17.8
      vertex 4.52933 16.9037 18.4
      vertex 5.62518 16.5713 18.4
    endloop
  endfacet
  facet normal 0.290267 0.956946 0
    outer loop
      vertex 4.52933 16.9037 18.4
      vertex 5.62518 16.5713 17.8
      vertex 4.52933 16.9037 17.8
    endloop
  endfacet
  facet normal 0.227043 0.973885 -0
    outer loop
      vertex 4.52933 16.9037 -18.4
      vertex 3.41408 17.1637 -17.8
      vertex 4.52933 16.9037 -17.8
    endloop
  endfacet
  facet normal 0.227043 0.973885 0
    outer loop
      vertex 3.41408 17.1637 -17.8
      vertex 4.52933 16.9037 -18.4
      vertex 3.41408 17.1637 -18.4
    endloop
  endfacet
  facet normal 0.227043 0.973885 -0
    outer loop
      vertex 4.52933 16.9037 17.8
      vertex 3.41408 17.1637 18.4
      vertex 4.52933 16.9037 18.4
    endloop
  endfacet
  facet normal 0.227043 0.973885 0
    outer loop
      vertex 3.41408 17.1637 18.4
      vertex 4.52933 16.9037 17.8
      vertex 3.41408 17.1637 17.8
    endloop
  endfacet
  facet normal 0.162942 0.986636 -0
    outer loop
      vertex 3.41408 17.1637 -18.4
      vertex 2.28419 17.3503 -17.8
      vertex 3.41408 17.1637 -17.8
    endloop
  endfacet
  facet normal 0.162942 0.986636 0
    outer loop
      vertex 2.28419 17.3503 -17.8
      vertex 3.41408 17.1637 -18.4
      vertex 2.28419 17.3503 -18.4
    endloop
  endfacet
  facet normal 0.162942 0.986636 -0
    outer loop
      vertex 3.41408 17.1637 17.8
      vertex 2.28419 17.3503 18.4
      vertex 3.41408 17.1637 18.4
    endloop
  endfacet
  facet normal 0.162942 0.986636 0
    outer loop
      vertex 2.28419 17.3503 18.4
      vertex 3.41408 17.1637 17.8
      vertex 2.28419 17.3503 17.8
    endloop
  endfacet
  facet normal 0.0979784 0.995189 -0
    outer loop
      vertex 2.28419 17.3503 -18.4
      vertex 1.14455 17.4625 -17.8
      vertex 2.28419 17.3503 -17.8
    endloop
  endfacet
  facet normal 0.0979784 0.995189 0
    outer loop
      vertex 1.14455 17.4625 -17.8
      vertex 2.28419 17.3503 -18.4
      vertex 1.14455 17.4625 -18.4
    endloop
  endfacet
  facet normal 0.0979784 0.995189 -0
    outer loop
      vertex 2.28419 17.3503 17.8
      vertex 1.14455 17.4625 18.4
      vertex 2.28419 17.3503 18.4
    endloop
  endfacet
  facet normal 0.0979784 0.995189 0
    outer loop
      vertex 1.14455 17.4625 18.4
      vertex 2.28419 17.3503 17.8
      vertex 1.14455 17.4625 17.8
    endloop
  endfacet
  facet normal 0.0327464 0.999464 -0
    outer loop
      vertex 1.14455 17.4625 -18.4
      vertex 0 17.5 -17.8
      vertex 1.14455 17.4625 -17.8
    endloop
  endfacet
  facet normal 0.0327464 0.999464 0
    outer loop
      vertex 0 17.5 -17.8
      vertex 1.14455 17.4625 -18.4
      vertex 0 17.5 -18.4
    endloop
  endfacet
  facet normal 0.0327464 0.999464 -0
    outer loop
      vertex 1.14455 17.4625 17.8
      vertex 0 17.5 18.4
      vertex 1.14455 17.4625 18.4
    endloop
  endfacet
  facet normal 0.0327464 0.999464 0
    outer loop
      vertex 0 17.5 18.4
      vertex 1.14455 17.4625 17.8
      vertex 0 17.5 17.8
    endloop
  endfacet
  facet normal -0.0327464 0.999464 0
    outer loop
      vertex 0 17.5 -18.4
      vertex -1.14455 17.4625 -17.8
      vertex 0 17.5 -17.8
    endloop
  endfacet
  facet normal -0.0327464 0.999464 0
    outer loop
      vertex -1.14455 17.4625 -17.8
      vertex 0 17.5 -18.4
      vertex -1.14455 17.4625 -18.4
    endloop
  endfacet
  facet normal -0.0327464 0.999464 0
    outer loop
      vertex 0 17.5 17.8
      vertex -1.14455 17.4625 18.4
      vertex 0 17.5 18.4
    endloop
  endfacet
  facet normal -0.0327464 0.999464 0
    outer loop
      vertex -1.14455 17.4625 18.4
      vertex 0 17.5 17.8
      vertex -1.14455 17.4625 17.8
    endloop
  endfacet
  facet normal -0.0979784 0.995189 0
    outer loop
      vertex -1.14455 17.4625 -18.4
      vertex -2.28419 17.3503 -17.8
      vertex -1.14455 17.4625 -17.8
    endloop
  endfacet
  facet normal -0.0979784 0.995189 0
    outer loop
      vertex -2.28419 17.3503 -17.8
      vertex -1.14455 17.4625 -18.4
      vertex -2.28419 17.3503 -18.4
    endloop
  endfacet
  facet normal -0.0979784 0.995189 0
    outer loop
      vertex -1.14455 17.4625 17.8
      vertex -2.28419 17.3503 18.4
      vertex -1.14455 17.4625 18.4
    endloop
  endfacet
  facet normal -0.0979784 0.995189 0
    outer loop
      vertex -2.28419 17.3503 18.4
      vertex -1.14455 17.4625 17.8
      vertex -2.28419 17.3503 17.8
    endloop
  endfacet
  facet normal -0.162942 0.986636 0
    outer loop
      vertex -2.28419 17.3503 -18.4
      vertex -3.41408 17.1637 -17.8
      vertex -2.28419 17.3503 -17.8
    endloop
  endfacet
  facet normal -0.162942 0.986636 0
    outer loop
      vertex -3.41408 17.1637 -17.8
      vertex -2.28419 17.3503 -18.4
      vertex -3.41408 17.1637 -18.4
    endloop
  endfacet
  facet normal -0.162942 0.986636 0
    outer loop
      vertex -2.28419 17.3503 17.8
      vertex -3.41408 17.1637 18.4
      vertex -2.28419 17.3503 18.4
    endloop
  endfacet
  facet normal -0.162942 0.986636 0
    outer loop
      vertex -3.41408 17.1637 18.4
      vertex -2.28419 17.3503 17.8
      vertex -3.41408 17.1637 17.8
    endloop
  endfacet
  facet normal -0.227043 0.973885 0
    outer loop
      vertex -3.41408 17.1637 -18.4
      vertex -4.52933 16.9037 -17.8
      vertex -3.41408 17.1637 -17.8
    endloop
  endfacet
  facet normal -0.227043 0.973885 0
    outer loop
      vertex -4.52933 16.9037 -17.8
      vertex -3.41408 17.1637 -18.4
      vertex -4.52933 16.9037 -18.4
    endloop
  endfacet
  facet normal -0.227043 0.973885 0
    outer loop
      vertex -3.41408 17.1637 17.8
      vertex -4.52933 16.9037 18.4
      vertex -3.41408 17.1637 18.4
    endloop
  endfacet
  facet normal -0.227043 0.973885 0
    outer loop
      vertex -4.52933 16.9037 18.4
      vertex -3.41408 17.1637 17.8
      vertex -4.52933 16.9037 17.8
    endloop
  endfacet
  facet normal -0.290267 0.956946 0
    outer loop
      vertex -4.52933 16.9037 -18.4
      vertex -5.62518 16.5713 -17.8
      vertex -4.52933 16.9037 -17.8
    endloop
  endfacet
  facet normal -0.290267 0.956946 0
    outer loop
      vertex -5.62518 16.5713 -17.8
      vertex -4.52933 16.9037 -18.4
      vertex -5.62518 16.5713 -18.4
    endloop
  endfacet
  facet normal -0.290267 0.956946 0
    outer loop
      vertex -4.52933 16.9037 17.8
      vertex -5.62518 16.5713 18.4
      vertex -4.52933 16.9037 18.4
    endloop
  endfacet
  facet normal -0.290267 0.956946 0
    outer loop
      vertex -5.62518 16.5713 18.4
      vertex -4.52933 16.9037 17.8
      vertex -5.62518 16.5713 17.8
    endloop
  endfacet
  facet normal -0.352261 0.935902 0
    outer loop
      vertex -5.62518 16.5713 -18.4
      vertex -6.69695 16.1679 -17.8
      vertex -5.62518 16.5713 -17.8
    endloop
  endfacet
  facet normal -0.352261 0.935902 0
    outer loop
      vertex -6.69695 16.1679 -17.8
      vertex -5.62518 16.5713 -18.4
      vertex -6.69695 16.1679 -18.4
    endloop
  endfacet
  facet normal -0.352261 0.935902 0
    outer loop
      vertex -5.62518 16.5713 17.8
      vertex -6.69695 16.1679 18.4
      vertex -5.62518 16.5713 18.4
    endloop
  endfacet
  facet normal -0.352261 0.935902 0
    outer loop
      vertex -6.69695 16.1679 18.4
      vertex -5.62518 16.5713 17.8
      vertex -6.69695 16.1679 17.8
    endloop
  endfacet
  facet normal -0.412691 0.910871 0
    outer loop
      vertex -6.69695 16.1679 -18.4
      vertex -7.74005 15.6953 -17.8
      vertex -6.69695 16.1679 -17.8
    endloop
  endfacet
  facet normal -0.412691 0.910871 0
    outer loop
      vertex -7.74005 15.6953 -17.8
      vertex -6.69695 16.1679 -18.4
      vertex -7.74005 15.6953 -18.4
    endloop
  endfacet
  facet normal -0.412691 0.910871 0
    outer loop
      vertex -6.69695 16.1679 17.8
      vertex -7.74005 15.6953 18.4
      vertex -6.69695 16.1679 18.4
    endloop
  endfacet
  facet normal -0.412691 0.910871 0
    outer loop
      vertex -7.74005 15.6953 18.4
      vertex -6.69695 16.1679 17.8
      vertex -7.74005 15.6953 17.8
    endloop
  endfacet
  facet normal -0.471445 0.881896 0
    outer loop
      vertex -7.74005 15.6953 -18.4
      vertex -8.75 15.1554 -17.8
      vertex -7.74005 15.6953 -17.8
    endloop
  endfacet
  facet normal -0.471445 0.881896 0
    outer loop
      vertex -8.75 15.1554 -17.8
      vertex -7.74005 15.6953 -18.4
      vertex -8.75 15.1554 -18.4
    endloop
  endfacet
  facet normal -0.471445 0.881896 0
    outer loop
      vertex -7.74005 15.6953 17.8
      vertex -8.75 15.1554 18.4
      vertex -7.74005 15.6953 18.4
    endloop
  endfacet
  facet normal -0.471445 0.881896 0
    outer loop
      vertex -8.75 15.1554 18.4
      vertex -7.74005 15.6953 17.8
      vertex -8.75 15.1554 17.8
    endloop
  endfacet
  facet normal -0.528055 0.84921 0
    outer loop
      vertex -8.75 15.1554 -18.4
      vertex -9.72247 14.5507 -17.8
      vertex -8.75 15.1554 -17.8
    endloop
  endfacet
  facet normal -0.528055 0.84921 0
    outer loop
      vertex -9.72247 14.5507 -17.8
      vertex -8.75 15.1554 -18.4
      vertex -9.72247 14.5507 -18.4
    endloop
  endfacet
  facet normal -0.528055 0.84921 0
    outer loop
      vertex -8.75 15.1554 17.8
      vertex -9.72247 14.5507 18.4
      vertex -8.75 15.1554 18.4
    endloop
  endfacet
  facet normal -0.528055 0.84921 0
    outer loop
      vertex -9.72247 14.5507 18.4
      vertex -8.75 15.1554 17.8
      vertex -9.72247 14.5507 17.8
    endloop
  endfacet
  facet normal -0.582464 0.812856 0
    outer loop
      vertex -9.72247 14.5507 -18.4
      vertex -10.6533 13.8837 -17.8
      vertex -9.72247 14.5507 -17.8
    endloop
  endfacet
  facet normal -0.582464 0.812856 0
    outer loop
      vertex -10.6533 13.8837 -17.8
      vertex -9.72247 14.5507 -18.4
      vertex -10.6533 13.8837 -18.4
    endloop
  endfacet
  facet normal -0.582464 0.812856 0
    outer loop
      vertex -9.72247 14.5507 17.8
      vertex -10.6533 13.8837 18.4
      vertex -9.72247 14.5507 18.4
    endloop
  endfacet
  facet normal -0.582464 0.812856 0
    outer loop
      vertex -10.6533 13.8837 18.4
      vertex -9.72247 14.5507 17.8
      vertex -10.6533 13.8837 17.8
    endloop
  endfacet
  facet normal -0.634412 0.772995 0
    outer loop
      vertex -10.6533 13.8837 -18.4
      vertex -11.5385 13.1572 -17.8
      vertex -10.6533 13.8837 -17.8
    endloop
  endfacet
  facet normal -0.634412 0.772995 0
    outer loop
      vertex -11.5385 13.1572 -17.8
      vertex -10.6533 13.8837 -18.4
      vertex -11.5385 13.1572 -18.4
    endloop
  endfacet
  facet normal -0.634412 0.772995 0
    outer loop
      vertex -10.6533 13.8837 17.8
      vertex -11.5385 13.1572 18.4
      vertex -10.6533 13.8837 18.4
    endloop
  endfacet
  facet normal -0.634412 0.772995 0
    outer loop
      vertex -11.5385 13.1572 18.4
      vertex -10.6533 13.8837 17.8
      vertex -11.5385 13.1572 17.8
    endloop
  endfacet
  facet normal -0.683543 0.72991 0
    outer loop
      vertex -11.5385 13.1572 -18.4
      vertex -12.3744 12.3744 -17.8
      vertex -11.5385 13.1572 -17.8
    endloop
  endfacet
  facet normal -0.683543 0.72991 0
    outer loop
      vertex -12.3744 12.3744 -17.8
      vertex -11.5385 13.1572 -18.4
      vertex -12.3744 12.3744 -18.4
    endloop
  endfacet
  facet normal -0.683543 0.72991 0
    outer loop
      vertex -11.5385 13.1572 17.8
      vertex -12.3744 12.3744 18.4
      vertex -11.5385 13.1572 18.4
    endloop
  endfacet
  facet normal -0.683543 0.72991 0
    outer loop
      vertex -12.3744 12.3744 18.4
      vertex -11.5385 13.1572 17.8
      vertex -12.3744 12.3744 17.8
    endloop
  endfacet
  facet normal -0.72991 0.683543 0
    outer loop
      vertex -13.1572 11.5385 -18.4
      vertex -12.3744 12.3744 -17.8
      vertex -12.3744 12.3744 -18.4
    endloop
  endfacet
  facet normal -0.72991 0.683543 0
    outer loop
      vertex -12.3744 12.3744 -17.8
      vertex -13.1572 11.5385 -18.4
      vertex -13.1572 11.5385 -17.8
    endloop
  endfacet
  facet normal -0.72991 0.683543 0
    outer loop
      vertex -13.1572 11.5385 17.8
      vertex -12.3744 12.3744 18.4
      vertex -12.3744 12.3744 17.8
    endloop
  endfacet
  facet normal -0.72991 0.683543 0
    outer loop
      vertex -12.3744 12.3744 18.4
      vertex -13.1572 11.5385 17.8
      vertex -13.1572 11.5385 18.4
    endloop
  endfacet
  facet normal -0.772972 0.63444 0
    outer loop
      vertex -13.1572 11.5385 -18.4
      vertex -13.1888 11.5 -17.8
      vertex -13.1572 11.5385 -17.8
    endloop
  endfacet
  facet normal -0.772995 0.634412 -3.01269e-06
    outer loop
      vertex -13.8837 10.6533 -18.4
      vertex -13.1888 11.5 -17.8
      vertex -13.1572 11.5385 -18.4
    endloop
  endfacet
  facet normal -0.772996 0.63441 0
    outer loop
      vertex -13.8837 10.6533 -8.35
      vertex -13.1888 11.5 -17.8
      vertex -13.8837 10.6533 -18.4
    endloop
  endfacet
  facet normal -0.772996 0.63441 0
    outer loop
      vertex -13.1888 11.5 -17.8
      vertex -13.8837 10.6533 -8.35
      vertex -13.1888 11.5 -8.35
    endloop
  endfacet
  facet normal -0.772996 0.63441 0
    outer loop
      vertex -13.1888 11.5 8.35
      vertex -13.8837 10.6533 8.35
      vertex -13.1888 11.5 17.8
    endloop
  endfacet
  facet normal -0.772972 0.63444 0
    outer loop
      vertex -13.1888 11.5 17.8
      vertex -13.1572 11.5385 18.4
      vertex -13.1572 11.5385 17.8
    endloop
  endfacet
  facet normal -0.772996 0.63441 0
    outer loop
      vertex -13.8837 10.6533 18.4
      vertex -13.1888 11.5 17.8
      vertex -13.8837 10.6533 8.35
    endloop
  endfacet
  facet normal -0.772995 0.634412 3.01269e-06
    outer loop
      vertex -13.1888 11.5 17.8
      vertex -13.8837 10.6533 18.4
      vertex -13.1572 11.5385 18.4
    endloop
  endfacet
  facet normal -0.772968 0.634445 0.000145057
    outer loop
      vertex -13.8837 10.6533 6.35
      vertex -13.1888 11.5 6.0067
      vertex -13.3963 11.2473 5.54891
    endloop
  endfacet
  facet normal -0.773065 0.634326 -2.91559e-06
    outer loop
      vertex -13.8837 10.6533 6.35
      vertex -13.3963 11.2473 5.54891
      vertex -13.7305 10.84 4.66087
    endloop
  endfacet
  facet normal -0.772996 0.63441 0
    outer loop
      vertex -13.1888 11.5 6.0067
      vertex -13.8837 10.6533 6.35
      vertex -13.1888 11.5 6.35
    endloop
  endfacet
  facet normal -0.773053 0.634342 0
    outer loop
      vertex -13.8837 10.6533 6.35
      vertex -13.7305 10.84 4.66087
      vertex -13.8837 10.6533 4.15585
    endloop
  endfacet
  facet normal -0.772996 0.63441 0
    outer loop
      vertex -13.8837 10.6533 -6.35
      vertex -13.1888 11.5 -6.0067
      vertex -13.1888 11.5 -6.35
    endloop
  endfacet
  facet normal -0.772968 0.634445 -0.000145057
    outer loop
      vertex -13.1888 11.5 -6.0067
      vertex -13.8837 10.6533 -6.35
      vertex -13.3963 11.2473 -5.54891
    endloop
  endfacet
  facet normal -0.773065 0.634326 2.91559e-06
    outer loop
      vertex -13.3963 11.2473 -5.54891
      vertex -13.8837 10.6533 -6.35
      vertex -13.7305 10.84 -4.66087
    endloop
  endfacet
  facet normal -0.773053 0.634342 0
    outer loop
      vertex -13.7305 10.84 -4.66087
      vertex -13.8837 10.6533 -6.35
      vertex -13.8837 10.6533 -4.15585
    endloop
  endfacet
  facet normal -0.812856 0.582464 0
    outer loop
      vertex -14.5507 9.72247 -6.35
      vertex -13.8837 10.6533 -4.15585
      vertex -13.8837 10.6533 -6.35
    endloop
  endfacet
  facet normal -0.812908 0.582392 4.63977e-05
    outer loop
      vertex -13.8837 10.6533 -4.15585
      vertex -14.5507 9.72247 -6.35
      vertex -14.0059 10.4827 -3.75288
    endloop
  endfacet
  facet normal -0.812826 0.582507 -4.49573e-06
    outer loop
      vertex -14.0059 10.4827 -3.75288
      vertex -14.5507 9.72247 -6.35
      vertex -14.2214 10.182 -2.82881
    endloop
  endfacet
  facet normal -0.813209 0.581972 7.77211e-06
    outer loop
      vertex -14.469 9.83656 -0.948345
      vertex -14.5507 9.72247 -6.35
      vertex -14.5 9.79323 0
    endloop
  endfacet
  facet normal -0.812631 0.582779 -1.80206e-05
    outer loop
      vertex -14.3759 9.96635 -1.89263
      vertex -14.5507 9.72247 -6.35
      vertex -14.469 9.83656 -0.948345
    endloop
  endfacet
  facet normal -0.812882 0.582428 1.1043e-05
    outer loop
      vertex -14.2214 10.182 -2.82881
      vertex -14.5507 9.72247 -6.35
      vertex -14.3759 9.96635 -1.89263
    endloop
  endfacet
  facet normal -0.812908 0.582392 -4.63977e-05
    outer loop
      vertex -14.5507 9.72247 6.35
      vertex -13.8837 10.6533 4.15585
      vertex -14.0059 10.4827 3.75288
    endloop
  endfacet
  facet normal -0.812826 0.582507 4.49573e-06
    outer loop
      vertex -14.5507 9.72247 6.35
      vertex -14.0059 10.4827 3.75288
      vertex -14.2214 10.182 2.82881
    endloop
  endfacet
  facet normal -0.812882 0.582428 -1.1043e-05
    outer loop
      vertex -14.5507 9.72247 6.35
      vertex -14.2214 10.182 2.82881
      vertex -14.3759 9.96635 1.89263
    endloop
  endfacet
  facet normal -0.812856 0.582464 0
    outer loop
      vertex -13.8837 10.6533 4.15585
      vertex -14.5507 9.72247 6.35
      vertex -13.8837 10.6533 6.35
    endloop
  endfacet
  facet normal -0.812631 0.582779 1.80206e-05
    outer loop
      vertex -14.469 9.83656 0.948345
      vertex -14.5507 9.72247 6.35
      vertex -14.3759 9.96635 1.89263
    endloop
  endfacet
  facet normal -0.813209 0.581972 -7.77211e-06
    outer loop
      vertex -14.5 9.79323 0
      vertex -14.5507 9.72247 6.35
      vertex -14.469 9.83656 0.948345
    endloop
  endfacet
  facet normal -0.812879 0.582433 0
    outer loop
      vertex -14.5507 9.72247 6.35
      vertex -14.5 9.79323 0
      vertex -14.5507 9.72247 -6.35
    endloop
  endfacet
  facet normal -0.812856 0.582464 0
    outer loop
      vertex -14.5507 9.72247 8.35
      vertex -13.8837 10.6533 18.4
      vertex -13.8837 10.6533 8.35
    endloop
  endfacet
  facet normal -0.812856 0.582464 0
    outer loop
      vertex -13.8837 10.6533 18.4
      vertex -14.5507 9.72247 8.35
      vertex -14.5507 9.72247 18.4
    endloop
  endfacet
  facet normal -0.812856 0.582464 0
    outer loop
      vertex -14.5507 9.72247 -18.4
      vertex -13.8837 10.6533 -8.35
      vertex -13.8837 10.6533 -18.4
    endloop
  endfacet
  facet normal -0.812856 0.582464 0
    outer loop
      vertex -13.8837 10.6533 -8.35
      vertex -14.5507 9.72247 -18.4
      vertex -14.5507 9.72247 -8.35
    endloop
  endfacet
  facet normal -0.84921 0.528055 0
    outer loop
      vertex -15.1554 8.75 -6.35
      vertex -14.5507 9.72247 6.35
      vertex -14.5507 9.72247 -6.35
    endloop
  endfacet
  facet normal -0.84921 0.528055 0
    outer loop
      vertex -14.5507 9.72247 6.35
      vertex -15.1554 8.75 -6.35
      vertex -15.1554 8.75 6.35
    endloop
  endfacet
  facet normal -0.84921 0.528055 0
    outer loop
      vertex -15.1554 8.75 8.35
      vertex -14.5507 9.72247 18.4
      vertex -14.5507 9.72247 8.35
    endloop
  endfacet
  facet normal -0.84921 0.528055 0
    outer loop
      vertex -14.5507 9.72247 18.4
      vertex -15.1554 8.75 8.35
      vertex -15.1554 8.75 18.4
    endloop
  endfacet
  facet normal -0.84921 0.528055 0
    outer loop
      vertex -15.1554 8.75 -18.4
      vertex -14.5507 9.72247 -8.35
      vertex -14.5507 9.72247 -18.4
    endloop
  endfacet
  facet normal -0.84921 0.528055 0
    outer loop
      vertex -14.5507 9.72247 -8.35
      vertex -15.1554 8.75 -18.4
      vertex -15.1554 8.75 -8.35
    endloop
  endfacet
  facet normal -0.881896 0.471445 0
    outer loop
      vertex -15.6953 7.74005 -6.35
      vertex -15.1554 8.75 6.35
      vertex -15.1554 8.75 -6.35
    endloop
  endfacet
  facet normal -0.881896 0.471445 0
    outer loop
      vertex -15.1554 8.75 6.35
      vertex -15.6953 7.74005 -6.35
      vertex -15.6953 7.74005 6.35
    endloop
  endfacet
  facet normal -0.881896 0.471445 0
    outer loop
      vertex -15.6953 7.74005 8.35
      vertex -15.1554 8.75 18.4
      vertex -15.1554 8.75 8.35
    endloop
  endfacet
  facet normal -0.881896 0.471445 0
    outer loop
      vertex -15.1554 8.75 18.4
      vertex -15.6953 7.74005 8.35
      vertex -15.6953 7.74005 18.4
    endloop
  endfacet
  facet normal -0.881896 0.471445 0
    outer loop
      vertex -15.6953 7.74005 -18.4
      vertex -15.1554 8.75 -8.35
      vertex -15.1554 8.75 -18.4
    endloop
  endfacet
  facet normal -0.881896 0.471445 0
    outer loop
      vertex -15.1554 8.75 -8.35
      vertex -15.6953 7.74005 -18.4
      vertex -15.6953 7.74005 -8.35
    endloop
  endfacet
  facet normal -0.910871 0.412691 0
    outer loop
      vertex -16.1679 6.69695 -6.35
      vertex -15.6953 7.74005 6.35
      vertex -15.6953 7.74005 -6.35
    endloop
  endfacet
  facet normal -0.910871 0.412691 0
    outer loop
      vertex -15.6953 7.74005 6.35
      vertex -16.1679 6.69695 -6.35
      vertex -16.1679 6.69695 6.35
    endloop
  endfacet
  facet normal -0.910871 0.412691 0
    outer loop
      vertex -16.1679 6.69695 8.35
      vertex -15.6953 7.74005 18.4
      vertex -15.6953 7.74005 8.35
    endloop
  endfacet
  facet normal -0.910871 0.412691 0
    outer loop
      vertex -15.6953 7.74005 18.4
      vertex -16.1679 6.69695 8.35
      vertex -16.1679 6.69695 18.4
    endloop
  endfacet
  facet normal -0.910871 0.412691 0
    outer loop
      vertex -16.1679 6.69695 -18.4
      vertex -15.6953 7.74005 -8.35
      vertex -15.6953 7.74005 -18.4
    endloop
  endfacet
  facet normal -0.910871 0.412691 0
    outer loop
      vertex -15.6953 7.74005 -8.35
      vertex -16.1679 6.69695 -18.4
      vertex -16.1679 6.69695 -8.35
    endloop
  endfacet
  facet normal -0.935902 0.352261 0
    outer loop
      vertex -16.5713 5.62518 -6.35
      vertex -16.1679 6.69695 6.35
      vertex -16.1679 6.69695 -6.35
    endloop
  endfacet
  facet normal -0.935902 0.352261 0
    outer loop
      vertex -16.1679 6.69695 6.35
      vertex -16.5713 5.62518 -6.35
      vertex -16.5713 5.62518 6.35
    endloop
  endfacet
  facet normal -0.935902 0.352261 0
    outer loop
      vertex -16.5713 5.62518 8.35
      vertex -16.1679 6.69695 18.4
      vertex -16.1679 6.69695 8.35
    endloop
  endfacet
  facet normal -0.935902 0.352261 0
    outer loop
      vertex -16.1679 6.69695 18.4
      vertex -16.5713 5.62518 8.35
      vertex -16.5713 5.62518 18.4
    endloop
  endfacet
  facet normal -0.935902 0.352261 0
    outer loop
      vertex -16.5713 5.62518 -18.4
      vertex -16.1679 6.69695 -8.35
      vertex -16.1679 6.69695 -18.4
    endloop
  endfacet
  facet normal -0.935902 0.352261 0
    outer loop
      vertex -16.1679 6.69695 -8.35
      vertex -16.5713 5.62518 -18.4
      vertex -16.5713 5.62518 -8.35
    endloop
  endfacet
  facet normal -0.956946 0.290267 0
    outer loop
      vertex -16.9037 4.52933 -6.35
      vertex -16.5713 5.62518 6.35
      vertex -16.5713 5.62518 -6.35
    endloop
  endfacet
  facet normal -0.956946 0.290267 0
    outer loop
      vertex -16.5713 5.62518 6.35
      vertex -16.9037 4.52933 -6.35
      vertex -16.9037 4.52933 6.35
    endloop
  endfacet
  facet normal -0.956946 0.290267 0
    outer loop
      vertex -16.9037 4.52933 8.35
      vertex -16.5713 5.62518 18.4
      vertex -16.5713 5.62518 8.35
    endloop
  endfacet
  facet normal -0.956946 0.290267 0
    outer loop
      vertex -16.5713 5.62518 18.4
      vertex -16.9037 4.52933 8.35
      vertex -16.9037 4.52933 18.4
    endloop
  endfacet
  facet normal -0.956946 0.290267 0
    outer loop
      vertex -16.9037 4.52933 -18.4
      vertex -16.5713 5.62518 -8.35
      vertex -16.5713 5.62518 -18.4
    endloop
  endfacet
  facet normal -0.956946 0.290267 0
    outer loop
      vertex -16.5713 5.62518 -8.35
      vertex -16.9037 4.52933 -18.4
      vertex -16.9037 4.52933 -8.35
    endloop
  endfacet
  facet normal -0.257973 -0.966152 -0
    outer loop
      vertex -16.9037 4.52933 -8.35
      vertex -16.9037 4.52933 -18.4
      vertex -16.894 4.52674 -8.35
    endloop
  endfacet
  facet normal -0.257973 -0.966152 -0
    outer loop
      vertex -16.9037 4.52933 18.4
      vertex -16.9037 4.52933 8.35
      vertex -16.894 4.52674 18.4
    endloop
  endfacet
  facet normal -0.258821 -0.965925 0
    outer loop
      vertex -16.894 4.52674 18.4
      vertex -14.0059 3.75287 20
      vertex -16.894 4.52674 20
    endloop
  endfacet
  facet normal -0.257973 -0.966152 0
    outer loop
      vertex -16.894 4.52674 8.35
      vertex -16.894 4.52674 18.4
      vertex -16.9037 4.52933 8.35
    endloop
  endfacet
  facet normal -0.258821 -0.965925 -0
    outer loop
      vertex -16.894 4.52674 18.4
      vertex -16.894 4.52674 8.35
      vertex -14.0059 3.75287 20
    endloop
  endfacet
  facet normal -0.258821 -0.965925 0
    outer loop
      vertex -14.0059 3.75287 3.75289
      vertex -16.894 4.52674 8.35
      vertex -16.894 4.52674 6.35
    endloop
  endfacet
  facet normal -0.258821 -0.965925 0
    outer loop
      vertex -16.894 4.52674 8.35
      vertex -14.0059 3.75287 3.75289
      vertex -14.0059 3.75287 20
    endloop
  endfacet
  facet normal -0.257973 -0.966152 0.000693706
    outer loop
      vertex -14.2214 3.8106 2.82881
      vertex -16.894 4.52674 6.35
      vertex -16.9037 4.52933 6.35
    endloop
  endfacet
  facet normal -0.258821 -0.965925 0
    outer loop
      vertex -16.894 4.52674 6.35
      vertex -14.0059 3.75287 3.75288
      vertex -14.0059 3.75287 3.75289
    endloop
  endfacet
  facet normal -0.258811 -0.965928 1.166e-05
    outer loop
      vertex -16.894 4.52674 6.35
      vertex -14.2214 3.8106 2.82881
      vertex -14.0059 3.75287 3.75288
    endloop
  endfacet
  facet normal -0.258844 -0.965919 -1.80468e-05
    outer loop
      vertex -16.9037 4.52933 6.35
      vertex -14.3759 3.85202 1.89263
      vertex -14.2214 3.8106 2.82881
    endloop
  endfacet
  facet normal -0.258778 -0.965937 2.23339e-05
    outer loop
      vertex -16.9037 4.52933 6.35
      vertex -14.469 3.87694 0.948345
      vertex -14.3759 3.85202 1.89263
    endloop
  endfacet
  facet normal -0.258851 -0.965917 -1.27211e-05
    outer loop
      vertex -16.9037 4.52933 6.35
      vertex -14.5 3.88526 0
      vertex -14.469 3.87694 0.948345
    endloop
  endfacet
  facet normal -0.258819 -0.965926 0
    outer loop
      vertex -16.9037 4.52933 -6.35
      vertex -14.5 3.88526 0
      vertex -16.9037 4.52933 6.35
    endloop
  endfacet
  facet normal -0.258851 -0.965917 1.27211e-05
    outer loop
      vertex -14.5 3.88526 0
      vertex -16.9037 4.52933 -6.35
      vertex -14.469 3.87694 -0.948345
    endloop
  endfacet
  facet normal -0.258778 -0.965937 -2.23339e-05
    outer loop
      vertex -14.469 3.87694 -0.948345
      vertex -16.9037 4.52933 -6.35
      vertex -14.3759 3.85202 -1.89263
    endloop
  endfacet
  facet normal -0.258844 -0.965919 1.80468e-05
    outer loop
      vertex -14.3759 3.85202 -1.89263
      vertex -16.9037 4.52933 -6.35
      vertex -14.2214 3.8106 -2.82881
    endloop
  endfacet
  facet normal -0.257973 -0.966152 -0.000693706
    outer loop
      vertex -16.894 4.52674 -6.35
      vertex -14.2214 3.8106 -2.82881
      vertex -16.9037 4.52933 -6.35
    endloop
  endfacet
  facet normal -0.258811 -0.965928 -1.166e-05
    outer loop
      vertex -14.2214 3.8106 -2.82881
      vertex -16.894 4.52674 -6.35
      vertex -14.0059 3.75287 -3.75288
    endloop
  endfacet
  facet normal -0.258821 -0.965925 -0
    outer loop
      vertex -14.0059 3.75287 -3.75288
      vertex -16.894 4.52674 -6.35
      vertex -14.0059 3.75287 -3.75289
    endloop
  endfacet
  facet normal -0.258821 -0.965925 0
    outer loop
      vertex -16.894 4.52674 -8.35
      vertex -14.0059 3.75287 -3.75289
      vertex -16.894 4.52674 -6.35
    endloop
  endfacet
  facet normal -0.257973 -0.966152 0
    outer loop
      vertex -16.894 4.52674 -18.4
      vertex -16.894 4.52674 -8.35
      vertex -16.9037 4.52933 -18.4
    endloop
  endfacet
  facet normal -0.258821 -0.965925 0
    outer loop
      vertex -14.0059 3.75287 -20
      vertex -16.894 4.52674 -8.35
      vertex -16.894 4.52674 -18.4
    endloop
  endfacet
  facet normal -0.258821 -0.965925 0
    outer loop
      vertex -14.0059 3.75287 -20
      vertex -16.894 4.52674 -18.4
      vertex -16.894 4.52674 -20
    endloop
  endfacet
  facet normal -0.258821 -0.965925 0
    outer loop
      vertex -16.894 4.52674 -8.35
      vertex -14.0059 3.75287 -20
      vertex -14.0059 3.75287 -3.75289
    endloop
  endfacet
  facet normal 0.999713 -0.0169458 -0.0169458
    outer loop
      vertex -14.0059 3.75287 -20
      vertex -13.7305 4.66086 -4.66088
      vertex -13.7305 4.66085 -4.66087
    endloop
  endfacet
  facet normal 0.95695 -0.290253 0
    outer loop
      vertex -14.0059 3.75287 -20
      vertex -13.7305 4.66085 -4.66087
      vertex -14.0059 3.75287 -3.75289
    endloop
  endfacet
  facet normal 0.956951 -0.29025 0
    outer loop
      vertex -13.7305 4.66086 -4.66088
      vertex -14.0059 3.75287 -20
      vertex -13.7305 4.66086 -20
    endloop
  endfacet
  facet normal 0.956951 -0.29025 0
    outer loop
      vertex -14.0059 3.75287 20
      vertex -13.7305 4.66086 4.66088
      vertex -13.7305 4.66086 20
    endloop
  endfacet
  facet normal 0.999713 -0.0169458 0.0169458
    outer loop
      vertex -13.7305 4.66086 4.66088
      vertex -14.0059 3.75287 20
      vertex -13.7305 4.66085 4.66087
    endloop
  endfacet
  facet normal 0.95695 -0.290253 0
    outer loop
      vertex -13.7305 4.66085 4.66087
      vertex -14.0059 3.75287 20
      vertex -14.0059 3.75287 3.75289
    endloop
  endfacet
  facet normal 0.301122 -0.952191 0.0515477
    outer loop
      vertex -13.7305 4.66086 -20
      vertex -13.3962 5.5489 -5.54894
      vertex -13.3963 5.54887 -5.54891
    endloop
  endfacet
  facet normal 0.935914 -0.352229 0
    outer loop
      vertex -13.7305 4.66086 -20
      vertex -13.3963 5.54887 -5.54891
      vertex -13.7305 4.66086 -4.66088
    endloop
  endfacet
  facet normal 0.935883 -0.35231 0
    outer loop
      vertex -13.3962 5.5489 -5.54894
      vertex -13.7305 4.66086 -20
      vertex -13.3962 5.5489 -20
    endloop
  endfacet
  facet normal 0.935883 -0.35231 0
    outer loop
      vertex -13.7305 4.66086 20
      vertex -13.3962 5.5489 5.54894
      vertex -13.3962 5.5489 20
    endloop
  endfacet
  facet normal 0.301122 -0.952191 -0.0515477
    outer loop
      vertex -13.3962 5.5489 5.54894
      vertex -13.7305 4.66086 20
      vertex -13.3963 5.54887 5.54891
    endloop
  endfacet
  facet normal 0.935914 -0.352229 0
    outer loop
      vertex -13.3963 5.54887 5.54891
      vertex -13.7305 4.66086 20
      vertex -13.7305 4.66086 4.66088
    endloop
  endfacet
  facet normal 0.910904 -0.412619 0
    outer loop
      vertex -13.3962 5.5489 -20
      vertex -13.0047 6.41318 -6.41319
      vertex -13.3962 5.5489 -5.54894
    endloop
  endfacet
  facet normal 0.910904 -0.412619 0
    outer loop
      vertex -13.0047 6.41318 -6.41319
      vertex -13.3962 5.5489 -20
      vertex -13.0047 6.41318 -20
    endloop
  endfacet
  facet normal 0.910904 -0.412619 0
    outer loop
      vertex -13.3962 5.5489 20
      vertex -13.0047 6.41318 6.41319
      vertex -13.0047 6.41318 20
    endloop
  endfacet
  facet normal 0.910904 -0.412619 0
    outer loop
      vertex -13.0047 6.41318 6.41319
      vertex -13.3962 5.5489 20
      vertex -13.3962 5.5489 5.54894
    endloop
  endfacet
  facet normal 0.998918 -0.032886 -0.032886
    outer loop
      vertex -13.0047 6.41318 -20
      vertex -12.5574 7.25 -7.25002
      vertex -12.5574 7.24998 -7.25
    endloop
  endfacet
  facet normal 0.881912 -0.471414 0
    outer loop
      vertex -13.0047 6.41318 -20
      vertex -12.5574 7.24998 -7.25
      vertex -13.0047 6.41318 -6.41319
    endloop
  endfacet
  facet normal 0.881917 -0.471405 0
    outer loop
      vertex -12.5574 7.25 -7.25002
      vertex -13.0047 6.41318 -20
      vertex -12.5574 7.25 -20
    endloop
  endfacet
  facet normal 0.881917 -0.471405 0
    outer loop
      vertex -13.0047 6.41318 20
      vertex -12.5574 7.25 7.25002
      vertex -12.5574 7.25 20
    endloop
  endfacet
  facet normal 0.998918 -0.032886 0.032886
    outer loop
      vertex -12.5574 7.25 7.25002
      vertex -13.0047 6.41318 20
      vertex -12.5574 7.24998 7.25
    endloop
  endfacet
  facet normal 0.881912 -0.471414 0
    outer loop
      vertex -12.5574 7.24998 7.25
      vertex -13.0047 6.41318 20
      vertex -13.0047 6.41318 6.41319
    endloop
  endfacet
  facet normal 0.999121 0 -0.0419164
    outer loop
      vertex -12.5574 7.25 -20
      vertex -12.0563 8.05576 -8.05577
      vertex -12.0563 8.05575 -8.05577
    endloop
  endfacet
  facet normal 0.849177 -0.528108 0
    outer loop
      vertex -12.5574 7.25 -20
      vertex -12.0563 8.05575 -8.05577
      vertex -12.5574 7.25 -7.25002
    endloop
  endfacet
  facet normal 0.84918 -0.528103 0
    outer loop
      vertex -12.0563 8.05576 -8.05577
      vertex -12.5574 7.25 -20
      vertex -12.0563 8.05576 -20
    endloop
  endfacet
  facet normal 0.84918 -0.528103 0
    outer loop
      vertex -12.5574 7.25 20
      vertex -12.0563 8.05576 8.05577
      vertex -12.0563 8.05576 20
    endloop
  endfacet
  facet normal 0.999121 0 0.0419164
    outer loop
      vertex -12.0563 8.05576 8.05577
      vertex -12.5574 7.25 20
      vertex -12.0563 8.05575 8.05577
    endloop
  endfacet
  facet normal 0.849177 -0.528108 0
    outer loop
      vertex -12.0563 8.05575 8.05577
      vertex -12.5574 7.25 20
      vertex -12.5574 7.25 7.25002
    endloop
  endfacet
  facet normal 0.997866 -0.0461747 -0.0461747
    outer loop
      vertex -12.0563 8.05576 -20
      vertex -11.5036 8.82703 -8.82705
      vertex -11.5036 8.82702 -8.82704
    endloop
  endfacet
  facet normal 0.812835 -0.582494 0
    outer loop
      vertex -12.0563 8.05576 -20
      vertex -11.5036 8.82702 -8.82704
      vertex -12.0563 8.05576 -8.05577
    endloop
  endfacet
  facet normal 0.812839 -0.582489 0
    outer loop
      vertex -11.5036 8.82703 -8.82705
      vertex -12.0563 8.05576 -20
      vertex -11.5036 8.82703 -20
    endloop
  endfacet
  facet normal 0.812839 -0.582489 0
    outer loop
      vertex -12.0563 8.05576 20
      vertex -11.5036 8.82703 8.82705
      vertex -11.5036 8.82703 20
    endloop
  endfacet
  facet normal 0.997866 -0.0461747 0.0461747
    outer loop
      vertex -11.5036 8.82703 8.82705
      vertex -12.0563 8.05576 20
      vertex -11.5036 8.82702 8.82704
    endloop
  endfacet
  facet normal 0.812835 -0.582494 0
    outer loop
      vertex -11.5036 8.82702 8.82704
      vertex -12.0563 8.05576 20
      vertex -12.0563 8.05576 8.05577
    endloop
  endfacet
  facet normal 0.773033 -0.634366 0
    outer loop
      vertex -11.5036 8.82703 -20
      vertex -10.9017 9.5605 -9.56052
      vertex -10.9017 9.5605 -9.56051
    endloop
  endfacet
  facet normal 0.773033 -0.634366 0
    outer loop
      vertex -11.5036 8.82703 -20
      vertex -10.9017 9.5605 -9.56051
      vertex -11.5036 8.82703 -8.82705
    endloop
  endfacet
  facet normal 0.773033 -0.634366 0
    outer loop
      vertex -10.9017 9.5605 -9.56052
      vertex -11.5036 8.82703 -20
      vertex -10.9017 9.5605 -20
    endloop
  endfacet
  facet normal 0.773033 -0.634366 0
    outer loop
      vertex -11.5036 8.82703 20
      vertex -10.9017 9.5605 9.56052
      vertex -10.9017 9.5605 20
    endloop
  endfacet
  facet normal 0.773033 -0.634366 0
    outer loop
      vertex -10.9017 9.5605 9.56052
      vertex -11.5036 8.82703 20
      vertex -10.9017 9.5605 9.56051
    endloop
  endfacet
  facet normal 0.773033 -0.634366 0
    outer loop
      vertex -10.9017 9.5605 9.56051
      vertex -11.5036 8.82703 20
      vertex -11.5036 8.82703 8.82705
    endloop
  endfacet
  facet normal 0.72981 -0.68365 0
    outer loop
      vertex -10.9017 9.5605 -20
      vertex -10.253 10.253 -10.2531
      vertex -10.253 10.253 -10.253
    endloop
  endfacet
  facet normal 0.72981 -0.68365 0
    outer loop
      vertex -10.9017 9.5605 -20
      vertex -10.253 10.253 -10.253
      vertex -10.9017 9.5605 -9.56052
    endloop
  endfacet
  facet normal 0.72981 -0.68365 0
    outer loop
      vertex -10.253 10.253 -10.2531
      vertex -10.9017 9.5605 -20
      vertex -10.253 10.253 -20
    endloop
  endfacet
  facet normal 0.72981 -0.68365 0
    outer loop
      vertex -10.9017 9.5605 20
      vertex -10.253 10.253 10.2531
      vertex -10.253 10.253 20
    endloop
  endfacet
  facet normal 0.72981 -0.68365 0
    outer loop
      vertex -10.253 10.253 10.2531
      vertex -10.9017 9.5605 20
      vertex -10.253 10.253 10.253
    endloop
  endfacet
  facet normal 0.72981 -0.68365 0
    outer loop
      vertex -10.253 10.253 10.253
      vertex -10.9017 9.5605 20
      vertex -10.9017 9.5605 9.56052
    endloop
  endfacet
  facet normal 0.683655 -0.729805 0
    outer loop
      vertex -10.253 10.253 -20
      vertex -9.56051 10.9017 -10.9017
      vertex -10.253 10.253 -10.2531
    endloop
  endfacet
  facet normal 0 -0.997468 0.0711185
    outer loop
      vertex -10.253 10.253 -20
      vertex -9.5605 10.9017 -10.9017
      vertex -9.56051 10.9017 -10.9017
    endloop
  endfacet
  facet normal 0.68365 -0.72981 0
    outer loop
      vertex -9.5605 10.9017 -10.9017
      vertex -10.253 10.253 -20
      vertex -9.5605 10.9017 -20
    endloop
  endfacet
  facet normal 0.68365 -0.72981 0
    outer loop
      vertex -10.253 10.253 20
      vertex -9.5605 10.9017 10.9017
      vertex -9.5605 10.9017 20
    endloop
  endfacet
  facet normal 0 -0.997468 -0.0711185
    outer loop
      vertex -10.253 10.253 20
      vertex -9.56051 10.9017 10.9017
      vertex -9.5605 10.9017 10.9017
    endloop
  endfacet
  facet normal 0.683655 -0.729805 0
    outer loop
      vertex -9.56051 10.9017 10.9017
      vertex -10.253 10.253 20
      vertex -10.253 10.253 10.2531
    endloop
  endfacet
  facet normal 0.634373 -0.773027 0
    outer loop
      vertex -9.5605 10.9017 -10.9017
      vertex -8.83143 11.5 -17.8
      vertex -8.83143 11.5 -11.5
    endloop
  endfacet
  facet normal 0.634373 -0.773027 0
    outer loop
      vertex -9.5605 10.9017 -20
      vertex -8.83143 11.5 -17.8
      vertex -9.5605 10.9017 -10.9017
    endloop
  endfacet
  facet normal 0.634366 -0.773033 3.76927e-06
    outer loop
      vertex -8.82703 11.5036 -20
      vertex -8.83143 11.5 -17.8
      vertex -9.5605 10.9017 -20
    endloop
  endfacet
  facet normal 0.633238 -0.773957 0
    outer loop
      vertex -8.83143 11.5 -17.8
      vertex -8.82703 11.5036 -20
      vertex -8.82703 11.5036 -17.8
    endloop
  endfacet
  facet normal 0.634366 -0.773033 -3.76927e-06
    outer loop
      vertex -9.5605 10.9017 20
      vertex -8.83143 11.5 17.8
      vertex -8.82703 11.5036 20
    endloop
  endfacet
  facet normal 0.634373 -0.773027 0
    outer loop
      vertex -9.5605 10.9017 10.9017
      vertex -8.83143 11.5 17.8
      vertex -9.5605 10.9017 20
    endloop
  endfacet
  facet normal 0.634373 -0.773027 0
    outer loop
      vertex -8.83143 11.5 17.8
      vertex -9.5605 10.9017 10.9017
      vertex -8.83143 11.5 11.5
    endloop
  endfacet
  facet normal 0.633238 -0.773957 0
    outer loop
      vertex -8.82703 11.5036 20
      vertex -8.83143 11.5 17.8
      vertex -8.82703 11.5036 17.8
    endloop
  endfacet
  facet normal 0.582489 -0.812839 0
    outer loop
      vertex -8.82703 11.5036 -20
      vertex -8.05576 12.0563 -17.8
      vertex -8.82703 11.5036 -17.8
    endloop
  endfacet
  facet normal 0.582489 -0.812839 0
    outer loop
      vertex -8.05576 12.0563 -17.8
      vertex -8.82703 11.5036 -20
      vertex -8.05576 12.0563 -20
    endloop
  endfacet
  facet normal 0.582489 -0.812839 0
    outer loop
      vertex -8.82703 11.5036 17.8
      vertex -8.05576 12.0563 20
      vertex -8.82703 11.5036 20
    endloop
  endfacet
  facet normal 0.582489 -0.812839 0
    outer loop
      vertex -8.05576 12.0563 20
      vertex -8.82703 11.5036 17.8
      vertex -8.05576 12.0563 17.8
    endloop
  endfacet
  facet normal 0.528103 -0.84918 0
    outer loop
      vertex -8.05576 12.0563 -20
      vertex -7.25 12.5574 -17.8
      vertex -8.05576 12.0563 -17.8
    endloop
  endfacet
  facet normal 0.528103 -0.84918 0
    outer loop
      vertex -7.25 12.5574 -17.8
      vertex -8.05576 12.0563 -20
      vertex -7.25 12.5574 -20
    endloop
  endfacet
  facet normal 0.528103 -0.84918 0
    outer loop
      vertex -8.05576 12.0563 17.8
      vertex -7.25 12.5574 20
      vertex -8.05576 12.0563 20
    endloop
  endfacet
  facet normal 0.528103 -0.84918 0
    outer loop
      vertex -7.25 12.5574 20
      vertex -8.05576 12.0563 17.8
      vertex -7.25 12.5574 17.8
    endloop
  endfacet
  facet normal 0.471405 -0.881917 0
    outer loop
      vertex -7.25 12.5574 -20
      vertex -6.41318 13.0047 -17.8
      vertex -7.25 12.5574 -17.8
    endloop
  endfacet
  facet normal 0.471405 -0.881917 0
    outer loop
      vertex -6.41318 13.0047 -17.8
      vertex -7.25 12.5574 -20
      vertex -6.41318 13.0047 -20
    endloop
  endfacet
  facet normal 0.471405 -0.881917 0
    outer loop
      vertex -7.25 12.5574 17.8
      vertex -6.41318 13.0047 20
      vertex -7.25 12.5574 20
    endloop
  endfacet
  facet normal 0.471405 -0.881917 0
    outer loop
      vertex -6.41318 13.0047 20
      vertex -7.25 12.5574 17.8
      vertex -6.41318 13.0047 17.8
    endloop
  endfacet
  facet normal 0.412619 -0.910904 0
    outer loop
      vertex -6.41318 13.0047 -20
      vertex -5.5489 13.3962 -17.8
      vertex -6.41318 13.0047 -17.8
    endloop
  endfacet
  facet normal 0.412619 -0.910904 0
    outer loop
      vertex -5.5489 13.3962 -17.8
      vertex -6.41318 13.0047 -20
      vertex -5.5489 13.3962 -20
    endloop
  endfacet
  facet normal 0.412619 -0.910904 0
    outer loop
      vertex -6.41318 13.0047 17.8
      vertex -5.5489 13.3962 20
      vertex -6.41318 13.0047 20
    endloop
  endfacet
  facet normal 0.412619 -0.910904 0
    outer loop
      vertex -5.5489 13.3962 20
      vertex -6.41318 13.0047 17.8
      vertex -5.5489 13.3962 17.8
    endloop
  endfacet
  facet normal 0.35231 -0.935883 0
    outer loop
      vertex -5.5489 13.3962 -20
      vertex -4.66086 13.7305 -17.8
      vertex -5.5489 13.3962 -17.8
    endloop
  endfacet
  facet normal 0.35231 -0.935883 0
    outer loop
      vertex -4.66086 13.7305 -17.8
      vertex -5.5489 13.3962 -20
      vertex -4.66086 13.7305 -20
    endloop
  endfacet
  facet normal 0.35231 -0.935883 0
    outer loop
      vertex -5.5489 13.3962 17.8
      vertex -4.66086 13.7305 20
      vertex -5.5489 13.3962 20
    endloop
  endfacet
  facet normal 0.35231 -0.935883 0
    outer loop
      vertex -4.66086 13.7305 20
      vertex -5.5489 13.3962 17.8
      vertex -4.66086 13.7305 17.8
    endloop
  endfacet
  facet normal 0.29025 -0.956951 0
    outer loop
      vertex -4.66086 13.7305 -20
      vertex -3.75287 14.0059 -17.8
      vertex -4.66086 13.7305 -17.8
    endloop
  endfacet
  facet normal 0.29025 -0.956951 0
    outer loop
      vertex -3.75287 14.0059 -17.8
      vertex -4.66086 13.7305 -20
      vertex -3.75287 14.0059 -20
    endloop
  endfacet
  facet normal 0.29025 -0.956951 0
    outer loop
      vertex -4.66086 13.7305 17.8
      vertex -3.75287 14.0059 20
      vertex -4.66086 13.7305 20
    endloop
  endfacet
  facet normal 0.29025 -0.956951 0
    outer loop
      vertex -3.75287 14.0059 20
      vertex -4.66086 13.7305 17.8
      vertex -3.75287 14.0059 17.8
    endloop
  endfacet
  facet normal 0.227113 -0.973868 0
    outer loop
      vertex -3.75287 14.0059 -20
      vertex -2.8288 14.2214 -17.8
      vertex -3.75287 14.0059 -17.8
    endloop
  endfacet
  facet normal 0.227113 -0.973868 0
    outer loop
      vertex -2.8288 14.2214 -17.8
      vertex -3.75287 14.0059 -20
      vertex -2.8288 14.2214 -20
    endloop
  endfacet
  facet normal 0.227113 -0.973868 0
    outer loop
      vertex -3.75287 14.0059 17.8
      vertex -2.8288 14.2214 20
      vertex -3.75287 14.0059 20
    endloop
  endfacet
  facet normal 0.227113 -0.973868 0
    outer loop
      vertex -2.8288 14.2214 20
      vertex -3.75287 14.0059 17.8
      vertex -2.8288 14.2214 17.8
    endloop
  endfacet
  facet normal 0.16283 -0.986654 0
    outer loop
      vertex -2.8288 14.2214 -20
      vertex -1.89262 14.3759 -17.8
      vertex -2.8288 14.2214 -17.8
    endloop
  endfacet
  facet normal 0.16283 -0.986654 0
    outer loop
      vertex -1.89262 14.3759 -17.8
      vertex -2.8288 14.2214 -20
      vertex -1.89262 14.3759 -20
    endloop
  endfacet
  facet normal 0.16283 -0.986654 0
    outer loop
      vertex -2.8288 14.2214 17.8
      vertex -1.89262 14.3759 20
      vertex -2.8288 14.2214 20
    endloop
  endfacet
  facet normal 0.16283 -0.986654 0
    outer loop
      vertex -1.89262 14.3759 20
      vertex -2.8288 14.2214 17.8
      vertex -1.89262 14.3759 17.8
    endloop
  endfacet
  facet normal 0.0980129 -0.995185 0
    outer loop
      vertex -1.89262 14.3759 -20
      vertex -0.948334 14.4689 -17.8
      vertex -1.89262 14.3759 -17.8
    endloop
  endfacet
  facet normal 0.0980129 -0.995185 0
    outer loop
      vertex -0.948334 14.4689 -17.8
      vertex -1.89262 14.3759 -20
      vertex -0.948334 14.4689 -20
    endloop
  endfacet
  facet normal 0.0980129 -0.995185 0
    outer loop
      vertex -1.89262 14.3759 17.8
      vertex -0.948334 14.4689 20
      vertex -1.89262 14.3759 20
    endloop
  endfacet
  facet normal 0.0980129 -0.995185 0
    outer loop
      vertex -0.948334 14.4689 20
      vertex -1.89262 14.3759 17.8
      vertex -0.948334 14.4689 17.8
    endloop
  endfacet
  facet normal 0.0327767 -0.999463 0
    outer loop
      vertex -0.948334 14.4689 -20
      vertex 0 14.5 -17.8
      vertex -0.948334 14.4689 -17.8
    endloop
  endfacet
  facet normal 0.0327767 -0.999463 0
    outer loop
      vertex 0 14.5 -17.8
      vertex -0.948334 14.4689 -20
      vertex 0 14.5 -20
    endloop
  endfacet
  facet normal 0.0327767 -0.999463 0
    outer loop
      vertex -0.948334 14.4689 17.8
      vertex 0 14.5 20
      vertex -0.948334 14.4689 20
    endloop
  endfacet
  facet normal 0.0327767 -0.999463 0
    outer loop
      vertex 0 14.5 20
      vertex -0.948334 14.4689 17.8
      vertex 0 14.5 17.8
    endloop
  endfacet
  facet normal -0.0327767 -0.999463 0
    outer loop
      vertex 0 14.5 -20
      vertex 0.948334 14.4689 -17.8
      vertex 0 14.5 -17.8
    endloop
  endfacet
  facet normal -0.0327767 -0.999463 -0
    outer loop
      vertex 0.948334 14.4689 -17.8
      vertex 0 14.5 -20
      vertex 0.948334 14.4689 -20
    endloop
  endfacet
  facet normal -0.0327767 -0.999463 0
    outer loop
      vertex 0 14.5 17.8
      vertex 0.948334 14.4689 20
      vertex 0 14.5 20
    endloop
  endfacet
  facet normal -0.0327767 -0.999463 -0
    outer loop
      vertex 0.948334 14.4689 20
      vertex 0 14.5 17.8
      vertex 0.948334 14.4689 17.8
    endloop
  endfacet
  facet normal -0.0980129 -0.995185 0
    outer loop
      vertex 0.948334 14.4689 -20
      vertex 1.89262 14.3759 -17.8
      vertex 0.948334 14.4689 -17.8
    endloop
  endfacet
  facet normal -0.0980129 -0.995185 -0
    outer loop
      vertex 1.89262 14.3759 -17.8
      vertex 0.948334 14.4689 -20
      vertex 1.89262 14.3759 -20
    endloop
  endfacet
  facet normal -0.0980129 -0.995185 0
    outer loop
      vertex 0.948334 14.4689 17.8
      vertex 1.89262 14.3759 20
      vertex 0.948334 14.4689 20
    endloop
  endfacet
  facet normal -0.0980129 -0.995185 -0
    outer loop
      vertex 1.89262 14.3759 20
      vertex 0.948334 14.4689 17.8
      vertex 1.89262 14.3759 17.8
    endloop
  endfacet
  facet normal -0.16283 -0.986654 0
    outer loop
      vertex 1.89262 14.3759 -20
      vertex 2.8288 14.2214 -17.8
      vertex 1.89262 14.3759 -17.8
    endloop
  endfacet
  facet normal -0.16283 -0.986654 -0
    outer loop
      vertex 2.8288 14.2214 -17.8
      vertex 1.89262 14.3759 -20
      vertex 2.8288 14.2214 -20
    endloop
  endfacet
  facet normal -0.16283 -0.986654 0
    outer loop
      vertex 1.89262 14.3759 17.8
      vertex 2.8288 14.2214 20
      vertex 1.89262 14.3759 20
    endloop
  endfacet
  facet normal -0.16283 -0.986654 -0
    outer loop
      vertex 2.8288 14.2214 20
      vertex 1.89262 14.3759 17.8
      vertex 2.8288 14.2214 17.8
    endloop
  endfacet
  facet normal -0.227113 -0.973868 0
    outer loop
      vertex 2.8288 14.2214 -20
      vertex 3.75287 14.0059 -17.8
      vertex 2.8288 14.2214 -17.8
    endloop
  endfacet
  facet normal -0.227113 -0.973868 -0
    outer loop
      vertex 3.75287 14.0059 -17.8
      vertex 2.8288 14.2214 -20
      vertex 3.75287 14.0059 -20
    endloop
  endfacet
  facet normal -0.227113 -0.973868 0
    outer loop
      vertex 2.8288 14.2214 17.8
      vertex 3.75287 14.0059 20
      vertex 2.8288 14.2214 20
    endloop
  endfacet
  facet normal -0.227113 -0.973868 -0
    outer loop
      vertex 3.75287 14.0059 20
      vertex 2.8288 14.2214 17.8
      vertex 3.75287 14.0059 17.8
    endloop
  endfacet
  facet normal -0.29025 -0.956951 0
    outer loop
      vertex 3.75287 14.0059 -20
      vertex 4.66086 13.7305 -17.8
      vertex 3.75287 14.0059 -17.8
    endloop
  endfacet
  facet normal -0.29025 -0.956951 -0
    outer loop
      vertex 4.66086 13.7305 -17.8
      vertex 3.75287 14.0059 -20
      vertex 4.66086 13.7305 -20
    endloop
  endfacet
  facet normal -0.29025 -0.956951 0
    outer loop
      vertex 3.75287 14.0059 17.8
      vertex 4.66086 13.7305 20
      vertex 3.75287 14.0059 20
    endloop
  endfacet
  facet normal -0.29025 -0.956951 -0
    outer loop
      vertex 4.66086 13.7305 20
      vertex 3.75287 14.0059 17.8
      vertex 4.66086 13.7305 17.8
    endloop
  endfacet
  facet normal -0.35231 -0.935883 0
    outer loop
      vertex 4.66086 13.7305 -20
      vertex 5.5489 13.3962 -17.8
      vertex 4.66086 13.7305 -17.8
    endloop
  endfacet
  facet normal -0.35231 -0.935883 -0
    outer loop
      vertex 5.5489 13.3962 -17.8
      vertex 4.66086 13.7305 -20
      vertex 5.5489 13.3962 -20
    endloop
  endfacet
  facet normal -0.35231 -0.935883 0
    outer loop
      vertex 4.66086 13.7305 17.8
      vertex 5.5489 13.3962 20
      vertex 4.66086 13.7305 20
    endloop
  endfacet
  facet normal -0.35231 -0.935883 -0
    outer loop
      vertex 5.5489 13.3962 20
      vertex 4.66086 13.7305 17.8
      vertex 5.5489 13.3962 17.8
    endloop
  endfacet
  facet normal -0.412619 -0.910904 0
    outer loop
      vertex 5.5489 13.3962 -20
      vertex 6.41318 13.0047 -17.8
      vertex 5.5489 13.3962 -17.8
    endloop
  endfacet
  facet normal -0.412619 -0.910904 -0
    outer loop
      vertex 6.41318 13.0047 -17.8
      vertex 5.5489 13.3962 -20
      vertex 6.41318 13.0047 -20
    endloop
  endfacet
  facet normal -0.412619 -0.910904 0
    outer loop
      vertex 5.5489 13.3962 17.8
      vertex 6.41318 13.0047 20
      vertex 5.5489 13.3962 20
    endloop
  endfacet
  facet normal -0.412619 -0.910904 -0
    outer loop
      vertex 6.41318 13.0047 20
      vertex 5.5489 13.3962 17.8
      vertex 6.41318 13.0047 17.8
    endloop
  endfacet
  facet normal -0.471405 -0.881917 0
    outer loop
      vertex 6.41318 13.0047 -20
      vertex 7.25 12.5574 -17.8
      vertex 6.41318 13.0047 -17.8
    endloop
  endfacet
  facet normal -0.471405 -0.881917 -0
    outer loop
      vertex 7.25 12.5574 -17.8
      vertex 6.41318 13.0047 -20
      vertex 7.25 12.5574 -20
    endloop
  endfacet
  facet normal -0.471405 -0.881917 0
    outer loop
      vertex 6.41318 13.0047 17.8
      vertex 7.25 12.5574 20
      vertex 6.41318 13.0047 20
    endloop
  endfacet
  facet normal -0.471405 -0.881917 -0
    outer loop
      vertex 7.25 12.5574 20
      vertex 6.41318 13.0047 17.8
      vertex 7.25 12.5574 17.8
    endloop
  endfacet
  facet normal -0.528103 -0.84918 0
    outer loop
      vertex 7.25 12.5574 -20
      vertex 8.05576 12.0563 -17.8
      vertex 7.25 12.5574 -17.8
    endloop
  endfacet
  facet normal -0.528103 -0.84918 -0
    outer loop
      vertex 8.05576 12.0563 -17.8
      vertex 7.25 12.5574 -20
      vertex 8.05576 12.0563 -20
    endloop
  endfacet
  facet normal -0.528103 -0.84918 0
    outer loop
      vertex 7.25 12.5574 17.8
      vertex 8.05576 12.0563 20
      vertex 7.25 12.5574 20
    endloop
  endfacet
  facet normal -0.528103 -0.84918 -0
    outer loop
      vertex 8.05576 12.0563 20
      vertex 7.25 12.5574 17.8
      vertex 8.05576 12.0563 17.8
    endloop
  endfacet
  facet normal -0.582489 -0.812839 0
    outer loop
      vertex 8.05576 12.0563 -20
      vertex 8.82703 11.5036 -17.8
      vertex 8.05576 12.0563 -17.8
    endloop
  endfacet
  facet normal -0.582489 -0.812839 -0
    outer loop
      vertex 8.82703 11.5036 -17.8
      vertex 8.05576 12.0563 -20
      vertex 8.82703 11.5036 -20
    endloop
  endfacet
  facet normal -0.582489 -0.812839 0
    outer loop
      vertex 8.05576 12.0563 17.8
      vertex 8.82703 11.5036 20
      vertex 8.05576 12.0563 20
    endloop
  endfacet
  facet normal -0.582489 -0.812839 -0
    outer loop
      vertex 8.82703 11.5036 20
      vertex 8.05576 12.0563 17.8
      vertex 8.82703 11.5036 17.8
    endloop
  endfacet
  facet normal -0.633238 -0.773957 -0
    outer loop
      vertex 8.82703 11.5036 -17.8
      vertex 8.82703 11.5036 -20
      vertex 8.83143 11.5 -17.8
    endloop
  endfacet
  facet normal -0.634373 -0.773027 0
    outer loop
      vertex 8.83143 11.5 -17.8
      vertex 9.5605 10.9017 -10.9017
      vertex 8.83143 11.5 -11.5
    endloop
  endfacet
  facet normal -0.634366 -0.773033 3.76927e-06
    outer loop
      vertex 9.5605 10.9017 -20
      vertex 8.83143 11.5 -17.8
      vertex 8.82703 11.5036 -20
    endloop
  endfacet
  facet normal -0.634373 -0.773027 0
    outer loop
      vertex 8.83143 11.5 -17.8
      vertex 9.5605 10.9017 -20
      vertex 9.5605 10.9017 -10.9017
    endloop
  endfacet
  facet normal -0.633238 -0.773957 0
    outer loop
      vertex 8.83143 11.5 17.8
      vertex 8.82703 11.5036 20
      vertex 8.82703 11.5036 17.8
    endloop
  endfacet
  facet normal -0.634366 -0.773033 -3.76927e-06
    outer loop
      vertex 8.82703 11.5036 20
      vertex 8.83143 11.5 17.8
      vertex 9.5605 10.9017 20
    endloop
  endfacet
  facet normal -0.634373 -0.773027 0
    outer loop
      vertex 9.5605 10.9017 10.9017
      vertex 8.83143 11.5 17.8
      vertex 8.83143 11.5 11.5
    endloop
  endfacet
  facet normal -0.634373 -0.773027 0
    outer loop
      vertex 8.83143 11.5 17.8
      vertex 9.5605 10.9017 10.9017
      vertex 9.5605 10.9017 20
    endloop
  endfacet
  facet normal -0.68365 -0.72981 0
    outer loop
      vertex 10.253 10.253 -20
      vertex 9.5605 10.9017 -10.9017
      vertex 9.5605 10.9017 -20
    endloop
  endfacet
  facet normal 0 -0.997468 0.0711185
    outer loop
      vertex 9.5605 10.9017 -10.9017
      vertex 10.253 10.253 -20
      vertex 9.56051 10.9017 -10.9017
    endloop
  endfacet
  facet normal -0.683655 -0.729805 0
    outer loop
      vertex 9.56051 10.9017 -10.9017
      vertex 10.253 10.253 -20
      vertex 10.253 10.253 -10.2531
    endloop
  endfacet
  facet normal -0.68365 -0.72981 0
    outer loop
      vertex 9.5605 10.9017 10.9017
      vertex 10.253 10.253 20
      vertex 9.5605 10.9017 20
    endloop
  endfacet
  facet normal -0 -0.997468 -0.0711185
    outer loop
      vertex 9.56051 10.9017 10.9017
      vertex 10.253 10.253 20
      vertex 9.5605 10.9017 10.9017
    endloop
  endfacet
  facet normal -0.683655 -0.729805 -0
    outer loop
      vertex 10.253 10.253 20
      vertex 9.56051 10.9017 10.9017
      vertex 10.253 10.253 10.2531
    endloop
  endfacet
  facet normal -0.72981 -0.68365 0
    outer loop
      vertex 10.9017 9.5605 -20
      vertex 10.253 10.253 -10.2531
      vertex 10.253 10.253 -20
    endloop
  endfacet
  facet normal -0.72981 -0.68365 0
    outer loop
      vertex 10.253 10.253 -10.2531
      vertex 10.9017 9.5605 -20
      vertex 10.253 10.253 -10.253
    endloop
  endfacet
  facet normal -0.72981 -0.68365 0
    outer loop
      vertex 10.253 10.253 -10.253
      vertex 10.9017 9.5605 -20
      vertex 10.9017 9.5605 -9.56052
    endloop
  endfacet
  facet normal -0.72981 -0.68365 0
    outer loop
      vertex 10.9017 9.5605 20
      vertex 10.253 10.253 10.2531
      vertex 10.253 10.253 10.253
    endloop
  endfacet
  facet normal -0.72981 -0.68365 -0
    outer loop
      vertex 10.9017 9.5605 20
      vertex 10.253 10.253 10.253
      vertex 10.9017 9.5605 9.56052
    endloop
  endfacet
  facet normal -0.72981 -0.68365 0
    outer loop
      vertex 10.253 10.253 10.2531
      vertex 10.9017 9.5605 20
      vertex 10.253 10.253 20
    endloop
  endfacet
  facet normal -0.773033 -0.634366 0
    outer loop
      vertex 11.5036 8.82703 -20
      vertex 10.9017 9.5605 -9.56052
      vertex 10.9017 9.5605 -20
    endloop
  endfacet
  facet normal -0.773033 -0.634366 0
    outer loop
      vertex 10.9017 9.5605 -9.56052
      vertex 11.5036 8.82703 -20
      vertex 10.9017 9.5605 -9.56051
    endloop
  endfacet
  facet normal -0.773033 -0.634366 0
    outer loop
      vertex 10.9017 9.5605 -9.56051
      vertex 11.5036 8.82703 -20
      vertex 11.5036 8.82703 -8.82705
    endloop
  endfacet
  facet normal -0.773033 -0.634366 0
    outer loop
      vertex 11.5036 8.82703 20
      vertex 10.9017 9.5605 9.56052
      vertex 10.9017 9.5605 9.56051
    endloop
  endfacet
  facet normal -0.773033 -0.634366 -0
    outer loop
      vertex 11.5036 8.82703 20
      vertex 10.9017 9.5605 9.56051
      vertex 11.5036 8.82703 8.82705
    endloop
  endfacet
  facet normal -0.773033 -0.634366 0
    outer loop
      vertex 10.9017 9.5605 9.56052
      vertex 11.5036 8.82703 20
      vertex 10.9017 9.5605 20
    endloop
  endfacet
  facet normal -0.812839 -0.582489 0
    outer loop
      vertex 12.0563 8.05576 -20
      vertex 11.5036 8.82703 -8.82705
      vertex 11.5036 8.82703 -20
    endloop
  endfacet
  facet normal -0.997866 -0.0461747 -0.0461747
    outer loop
      vertex 11.5036 8.82703 -8.82705
      vertex 12.0563 8.05576 -20
      vertex 11.5036 8.82702 -8.82704
    endloop
  endfacet
  facet normal -0.812835 -0.582494 0
    outer loop
      vertex 11.5036 8.82702 -8.82704
      vertex 12.0563 8.05576 -20
      vertex 12.0563 8.05576 -8.05577
    endloop
  endfacet
  facet normal -0.997866 -0.0461747 0.0461747
    outer loop
      vertex 12.0563 8.05576 20
      vertex 11.5036 8.82703 8.82705
      vertex 11.5036 8.82702 8.82704
    endloop
  endfacet
  facet normal -0.812835 -0.582494 -0
    outer loop
      vertex 12.0563 8.05576 20
      vertex 11.5036 8.82702 8.82704
      vertex 12.0563 8.05576 8.05577
    endloop
  endfacet
  facet normal -0.812839 -0.582489 0
    outer loop
      vertex 11.5036 8.82703 8.82705
      vertex 12.0563 8.05576 20
      vertex 11.5036 8.82703 20
    endloop
  endfacet
  facet normal -0.84918 -0.528103 0
    outer loop
      vertex 12.5574 7.25 -20
      vertex 12.0563 8.05576 -8.05577
      vertex 12.0563 8.05576 -20
    endloop
  endfacet
  facet normal -0.999121 -0 -0.0419164
    outer loop
      vertex 12.0563 8.05576 -8.05577
      vertex 12.5574 7.25 -20
      vertex 12.0563 8.05575 -8.05577
    endloop
  endfacet
  facet normal -0.849177 -0.528108 0
    outer loop
      vertex 12.0563 8.05575 -8.05577
      vertex 12.5574 7.25 -20
      vertex 12.5574 7.25 -7.25002
    endloop
  endfacet
  facet normal -0.999121 0 0.0419164
    outer loop
      vertex 12.5574 7.25 20
      vertex 12.0563 8.05576 8.05577
      vertex 12.0563 8.05575 8.05577
    endloop
  endfacet
  facet normal -0.849177 -0.528108 -0
    outer loop
      vertex 12.5574 7.25 20
      vertex 12.0563 8.05575 8.05577
      vertex 12.5574 7.25 7.25002
    endloop
  endfacet
  facet normal -0.84918 -0.528103 0
    outer loop
      vertex 12.0563 8.05576 8.05577
      vertex 12.5574 7.25 20
      vertex 12.0563 8.05576 20
    endloop
  endfacet
  facet normal -0.881917 -0.471405 0
    outer loop
      vertex 13.0047 6.41318 -20
      vertex 12.5574 7.25 -7.25002
      vertex 12.5574 7.25 -20
    endloop
  endfacet
  facet normal -0.998918 -0.032886 -0.032886
    outer loop
      vertex 12.5574 7.25 -7.25002
      vertex 13.0047 6.41318 -20
      vertex 12.5574 7.24998 -7.25
    endloop
  endfacet
  facet normal -0.881912 -0.471414 0
    outer loop
      vertex 12.5574 7.24998 -7.25
      vertex 13.0047 6.41318 -20
      vertex 13.0047 6.41318 -6.41319
    endloop
  endfacet
  facet normal -0.998918 -0.032886 0.032886
    outer loop
      vertex 13.0047 6.41318 20
      vertex 12.5574 7.25 7.25002
      vertex 12.5574 7.24998 7.25
    endloop
  endfacet
  facet normal -0.881912 -0.471414 -0
    outer loop
      vertex 13.0047 6.41318 20
      vertex 12.5574 7.24998 7.25
      vertex 13.0047 6.41318 6.41319
    endloop
  endfacet
  facet normal -0.881917 -0.471405 0
    outer loop
      vertex 12.5574 7.25 7.25002
      vertex 13.0047 6.41318 20
      vertex 12.5574 7.25 20
    endloop
  endfacet
  facet normal -0.910904 -0.412619 0
    outer loop
      vertex 13.3962 5.5489 -20
      vertex 13.0047 6.41318 -6.41319
      vertex 13.0047 6.41318 -20
    endloop
  endfacet
  facet normal -0.910904 -0.412619 0
    outer loop
      vertex 13.0047 6.41318 -6.41319
      vertex 13.3962 5.5489 -20
      vertex 13.3962 5.5489 -5.54894
    endloop
  endfacet
  facet normal -0.910904 -0.412619 -0
    outer loop
      vertex 13.3962 5.5489 20
      vertex 13.0047 6.41318 6.41319
      vertex 13.3962 5.5489 5.54894
    endloop
  endfacet
  facet normal -0.910904 -0.412619 0
    outer loop
      vertex 13.0047 6.41318 6.41319
      vertex 13.3962 5.5489 20
      vertex 13.0047 6.41318 20
    endloop
  endfacet
  facet normal -0.935883 -0.35231 0
    outer loop
      vertex 13.7305 4.66086 -20
      vertex 13.3962 5.5489 -5.54894
      vertex 13.3962 5.5489 -20
    endloop
  endfacet
  facet normal -0.301122 -0.952191 0.0515477
    outer loop
      vertex 13.3962 5.5489 -5.54894
      vertex 13.7305 4.66086 -20
      vertex 13.3963 5.54887 -5.54891
    endloop
  endfacet
  facet normal -0.935914 -0.352229 0
    outer loop
      vertex 13.3963 5.54887 -5.54891
      vertex 13.7305 4.66086 -20
      vertex 13.7305 4.66086 -4.66088
    endloop
  endfacet
  facet normal -0.301122 -0.952191 -0.0515477
    outer loop
      vertex 13.7305 4.66086 20
      vertex 13.3962 5.5489 5.54894
      vertex 13.3963 5.54887 5.54891
    endloop
  endfacet
  facet normal -0.935914 -0.352229 -0
    outer loop
      vertex 13.7305 4.66086 20
      vertex 13.3963 5.54887 5.54891
      vertex 13.7305 4.66086 4.66088
    endloop
  endfacet
  facet normal -0.935883 -0.35231 0
    outer loop
      vertex 13.3962 5.5489 5.54894
      vertex 13.7305 4.66086 20
      vertex 13.3962 5.5489 20
    endloop
  endfacet
  facet normal -0.956951 -0.29025 0
    outer loop
      vertex 14.0059 3.75287 -20
      vertex 13.7305 4.66086 -4.66088
      vertex 13.7305 4.66086 -20
    endloop
  endfacet
  facet normal -0.999713 -0.0169458 -0.0169458
    outer loop
      vertex 13.7305 4.66086 -4.66088
      vertex 14.0059 3.75287 -20
      vertex 13.7305 4.66085 -4.66087
    endloop
  endfacet
  facet normal -0.95695 -0.290253 0
    outer loop
      vertex 13.7305 4.66085 -4.66087
      vertex 14.0059 3.75287 -20
      vertex 14.0059 3.75287 -3.75289
    endloop
  endfacet
  facet normal -0.999713 -0.0169458 0.0169458
    outer loop
      vertex 14.0059 3.75287 20
      vertex 13.7305 4.66086 4.66088
      vertex 13.7305 4.66085 4.66087
    endloop
  endfacet
  facet normal -0.95695 -0.290253 -0
    outer loop
      vertex 14.0059 3.75287 20
      vertex 13.7305 4.66085 4.66087
      vertex 14.0059 3.75287 3.75289
    endloop
  endfacet
  facet normal -0.956951 -0.29025 0
    outer loop
      vertex 13.7305 4.66086 4.66088
      vertex 14.0059 3.75287 20
      vertex 13.7305 4.66086 20
    endloop
  endfacet
  facet normal 0.258821 -0.965925 0
    outer loop
      vertex 14.0059 3.75287 -3.75289
      vertex 16.894 4.52674 -8.35
      vertex 16.894 4.52674 -6.35
    endloop
  endfacet
  facet normal 0.257973 -0.966152 0
    outer loop
      vertex 16.894 4.52674 -8.35
      vertex 16.894 4.52674 -18.4
      vertex 16.9037 4.52933 -8.35
    endloop
  endfacet
  facet normal 0.258821 -0.965925 0
    outer loop
      vertex 14.0059 3.75287 -20
      vertex 16.894 4.52674 -8.35
      vertex 14.0059 3.75287 -3.75289
    endloop
  endfacet
  facet normal 0.258821 -0.965925 0
    outer loop
      vertex 16.894 4.52674 -8.35
      vertex 14.0059 3.75287 -20
      vertex 16.894 4.52674 -18.4
    endloop
  endfacet
  facet normal 0.258821 -0.965925 0
    outer loop
      vertex 16.894 4.52674 -18.4
      vertex 14.0059 3.75287 -20
      vertex 16.894 4.52674 -20
    endloop
  endfacet
  facet normal 0.258821 -0.965925 0
    outer loop
      vertex 14.0059 3.75287 20
      vertex 16.894 4.52674 18.4
      vertex 16.894 4.52674 20
    endloop
  endfacet
  facet normal 0.257973 -0.966152 0
    outer loop
      vertex 16.894 4.52674 18.4
      vertex 16.894 4.52674 8.35
      vertex 16.9037 4.52933 18.4
    endloop
  endfacet
  facet normal 0.258821 -0.965925 0
    outer loop
      vertex 14.0059 3.75287 20
      vertex 16.894 4.52674 8.35
      vertex 16.894 4.52674 18.4
    endloop
  endfacet
  facet normal 0.258821 -0.965925 0
    outer loop
      vertex 14.0059 3.75287 3.75289
      vertex 16.894 4.52674 8.35
      vertex 14.0059 3.75287 20
    endloop
  endfacet
  facet normal 0.258821 -0.965925 0
    outer loop
      vertex 16.894 4.52674 8.35
      vertex 14.0059 3.75287 3.75289
      vertex 16.894 4.52674 6.35
    endloop
  endfacet
  facet normal 0.258821 -0.965925 0
    outer loop
      vertex 14.0059 3.75287 3.75288
      vertex 16.894 4.52674 6.35
      vertex 14.0059 3.75287 3.75289
    endloop
  endfacet
  facet normal 0.258811 -0.965928 1.166e-05
    outer loop
      vertex 14.2214 3.8106 2.82881
      vertex 16.894 4.52674 6.35
      vertex 14.0059 3.75287 3.75288
    endloop
  endfacet
  facet normal 0.257973 -0.966152 0.000693706
    outer loop
      vertex 16.894 4.52674 6.35
      vertex 14.2214 3.8106 2.82881
      vertex 16.9037 4.52933 6.35
    endloop
  endfacet
  facet normal 0.258844 -0.965919 -1.80468e-05
    outer loop
      vertex 14.3759 3.85202 1.89263
      vertex 16.9037 4.52933 6.35
      vertex 14.2214 3.8106 2.82881
    endloop
  endfacet
  facet normal 0.258778 -0.965937 2.23339e-05
    outer loop
      vertex 14.469 3.87694 0.948345
      vertex 16.9037 4.52933 6.35
      vertex 14.3759 3.85202 1.89263
    endloop
  endfacet
  facet normal 0.258851 -0.965917 -1.27211e-05
    outer loop
      vertex 14.5 3.88526 0
      vertex 16.9037 4.52933 6.35
      vertex 14.469 3.87694 0.948345
    endloop
  endfacet
  facet normal 0.258851 -0.965917 1.27211e-05
    outer loop
      vertex 16.9037 4.52933 -6.35
      vertex 14.5 3.88526 0
      vertex 14.469 3.87694 -0.948345
    endloop
  endfacet
  facet normal 0.258778 -0.965937 -2.23339e-05
    outer loop
      vertex 16.9037 4.52933 -6.35
      vertex 14.469 3.87694 -0.948345
      vertex 14.3759 3.85202 -1.89263
    endloop
  endfacet
  facet normal 0.258844 -0.965919 1.80468e-05
    outer loop
      vertex 16.9037 4.52933 -6.35
      vertex 14.3759 3.85202 -1.89263
      vertex 14.2214 3.8106 -2.82881
    endloop
  endfacet
  facet normal 0.258811 -0.965928 -1.166e-05
    outer loop
      vertex 16.894 4.52674 -6.35
      vertex 14.2214 3.8106 -2.82881
      vertex 14.0059 3.75287 -3.75288
    endloop
  endfacet
  facet normal 0.258821 -0.965925 0
    outer loop
      vertex 16.894 4.52674 -6.35
      vertex 14.0059 3.75287 -3.75288
      vertex 14.0059 3.75287 -3.75289
    endloop
  endfacet
  facet normal 0.257973 -0.966152 -0.000693706
    outer loop
      vertex 14.2214 3.8106 -2.82881
      vertex 16.894 4.52674 -6.35
      vertex 16.9037 4.52933 -6.35
    endloop
  endfacet
  facet normal 0.258819 -0.965926 0
    outer loop
      vertex 14.5 3.88526 0
      vertex 16.9037 4.52933 -6.35
      vertex 16.9037 4.52933 6.35
    endloop
  endfacet
  facet normal 0.257973 -0.966152 0
    outer loop
      vertex 16.9037 4.52933 18.4
      vertex 16.894 4.52674 8.35
      vertex 16.9037 4.52933 8.35
    endloop
  endfacet
  facet normal 0.257973 -0.966152 0
    outer loop
      vertex 16.9037 4.52933 -8.35
      vertex 16.894 4.52674 -18.4
      vertex 16.9037 4.52933 -18.4
    endloop
  endfacet
  facet normal 1 -0 0
    outer loop
      vertex 16.8 11.5 17.8
      vertex 16.8 21.1 -17.8
      vertex 16.8 21.1 17.8
    endloop
  endfacet
  facet normal 1 0 0
    outer loop
      vertex 16.8 21.1 -17.8
      vertex 16.8 11.5 17.8
      vertex 16.8 11.5 -17.8
    endloop
  endfacet
  facet normal -0 0 1
    outer loop
      vertex 12.3744 12.3744 17.8
      vertex 16.8 11.5 17.8
      vertex 16.8 21.1 17.8
    endloop
  endfacet
  facet normal 0 0 1
    outer loop
      vertex 16.8 11.5 17.8
      vertex 13.1572 11.5385 17.8
      vertex 13.1888 11.5 17.8
    endloop
  endfacet
  facet normal 0 0 1
    outer loop
      vertex 16.8 11.5 17.8
      vertex 12.3744 12.3744 17.8
      vertex 13.1572 11.5385 17.8
    endloop
  endfacet
  facet normal 0 0 1
    outer loop
      vertex 16.8 21.1 17.8
      vertex 11.5385 13.1572 17.8
      vertex 12.3744 12.3744 17.8
    endloop
  endfacet
  facet normal 0 0 1
    outer loop
      vertex 16.8 21.1 17.8
      vertex 10.6533 13.8837 17.8
      vertex 11.5385 13.1572 17.8
    endloop
  endfacet
  facet normal 0 0 1
    outer loop
      vertex 16.8 21.1 17.8
      vertex 9.72247 14.5507 17.8
      vertex 10.6533 13.8837 17.8
    endloop
  endfacet
  facet normal 0 0 1
    outer loop
      vertex 16.8 21.1 17.8
      vertex 8.75 15.1554 17.8
      vertex 9.72247 14.5507 17.8
    endloop
  endfacet
  facet normal 0 0 1
    outer loop
      vertex 16.8 21.1 17.8
      vertex 7.74005 15.6953 17.8
      vertex 8.75 15.1554 17.8
    endloop
  endfacet
  facet normal 0 0 1
    outer loop
      vertex 16.8 21.1 17.8
      vertex 6.69695 16.1679 17.8
      vertex 7.74005 15.6953 17.8
    endloop
  endfacet
  facet normal 0 0 1
    outer loop
      vertex 16.8 21.1 17.8
      vertex 5.62518 16.5713 17.8
      vertex 6.69695 16.1679 17.8
    endloop
  endfacet
  facet normal 0 0 1
    outer loop
      vertex 16.8 21.1 17.8
      vertex 4.52933 16.9037 17.8
      vertex 5.62518 16.5713 17.8
    endloop
  endfacet
  facet normal 0 0 1
    outer loop
      vertex 16.8 21.1 17.8
      vertex 3.41408 17.1637 17.8
      vertex 4.52933 16.9037 17.8
    endloop
  endfacet
  facet normal 0 0 1
    outer loop
      vertex 16.8 21.1 17.8
      vertex 2.28419 17.3503 17.8
      vertex 3.41408 17.1637 17.8
    endloop
  endfacet
  facet normal 0 0 1
    outer loop
      vertex 16.8 21.1 17.8
      vertex 1.14455 17.4625 17.8
      vertex 2.28419 17.3503 17.8
    endloop
  endfacet
  facet normal 0 0 1
    outer loop
      vertex 16.8 21.1 17.8
      vertex 0 17.5 17.8
      vertex 1.14455 17.4625 17.8
    endloop
  endfacet
  facet normal -0 0 1
    outer loop
      vertex -16.8 21.1 17.8
      vertex 0 17.5 17.8
      vertex 16.8 21.1 17.8
    endloop
  endfacet
  facet normal 0 0 1
    outer loop
      vertex 0 17.5 17.8
      vertex -16.8 21.1 17.8
      vertex -1.14455 17.4625 17.8
    endloop
  endfacet
  facet normal 0 0 1
    outer loop
      vertex -1.14455 17.4625 17.8
      vertex -16.8 21.1 17.8
      vertex -2.28419 17.3503 17.8
    endloop
  endfacet
  facet normal 0 0 1
    outer loop
      vertex -2.28419 17.3503 17.8
      vertex -16.8 21.1 17.8
      vertex -3.41408 17.1637 17.8
    endloop
  endfacet
  facet normal 0 0 1
    outer loop
      vertex -16.8 21.1 17.8
      vertex -4.52933 16.9037 17.8
      vertex -3.41408 17.1637 17.8
    endloop
  endfacet
  facet normal 0 0 1
    outer loop
      vertex -16.8 21.1 17.8
      vertex -5.62518 16.5713 17.8
      vertex -4.52933 16.9037 17.8
    endloop
  endfacet
  facet normal 0 0 1
    outer loop
      vertex -16.8 21.1 17.8
      vertex -6.69695 16.1679 17.8
      vertex -5.62518 16.5713 17.8
    endloop
  endfacet
  facet normal 0 0 1
    outer loop
      vertex -16.8 21.1 17.8
      vertex -7.74005 15.6953 17.8
      vertex -6.69695 16.1679 17.8
    endloop
  endfacet
  facet normal 0 0 1
    outer loop
      vertex -16.8 21.1 17.8
      vertex -8.75 15.1554 17.8
      vertex -7.74005 15.6953 17.8
    endloop
  endfacet
  facet normal 0 0 1
    outer loop
      vertex -16.8 21.1 17.8
      vertex -9.72247 14.5507 17.8
      vertex -8.75 15.1554 17.8
    endloop
  endfacet
  facet normal 0 0 1
    outer loop
      vertex -16.8 21.1 17.8
      vertex -10.6533 13.8837 17.8
      vertex -9.72247 14.5507 17.8
    endloop
  endfacet
  facet normal 0 0 1
    outer loop
      vertex -16.8 21.1 17.8
      vertex -11.5385 13.1572 17.8
      vertex -10.6533 13.8837 17.8
    endloop
  endfacet
  facet normal 0 0 1
    outer loop
      vertex -16.8 21.1 17.8
      vertex -12.3744 12.3744 17.8
      vertex -11.5385 13.1572 17.8
    endloop
  endfacet
  facet normal 0 0 1
    outer loop
      vertex -16.8 11.5 17.8
      vertex -12.3744 12.3744 17.8
      vertex -16.8 21.1 17.8
    endloop
  endfacet
  facet normal 0 0 1
    outer loop
      vertex -12.3744 12.3744 17.8
      vertex -16.8 11.5 17.8
      vertex -13.1572 11.5385 17.8
    endloop
  endfacet
  facet normal 0 0 1
    outer loop
      vertex -13.1572 11.5385 17.8
      vertex -16.8 11.5 17.8
      vertex -13.1888 11.5 17.8
    endloop
  endfacet
  facet normal 0 0 1
    outer loop
      vertex 8.05576 12.0563 17.8
      vertex 8.83143 11.5 17.8
      vertex 8.82703 11.5036 17.8
    endloop
  endfacet
  facet normal 0 0 1
    outer loop
      vertex 7.25 12.5574 17.8
      vertex 8.83143 11.5 17.8
      vertex 8.05576 12.0563 17.8
    endloop
  endfacet
  facet normal 0 0 1
    outer loop
      vertex 6.41318 13.0047 17.8
      vertex 8.83143 11.5 17.8
      vertex 7.25 12.5574 17.8
    endloop
  endfacet
  facet normal 0 0 1
    outer loop
      vertex 5.5489 13.3962 17.8
      vertex 8.83143 11.5 17.8
      vertex 6.41318 13.0047 17.8
    endloop
  endfacet
  facet normal 0 0 1
    outer loop
      vertex 4.66086 13.7305 17.8
      vertex 8.83143 11.5 17.8
      vertex 5.5489 13.3962 17.8
    endloop
  endfacet
  facet normal 0 0 1
    outer loop
      vertex 3.75287 14.0059 17.8
      vertex 8.83143 11.5 17.8
      vertex 4.66086 13.7305 17.8
    endloop
  endfacet
  facet normal 0 0 1
    outer loop
      vertex 2.8288 14.2214 17.8
      vertex 8.83143 11.5 17.8
      vertex 3.75287 14.0059 17.8
    endloop
  endfacet
  facet normal 0 0 1
    outer loop
      vertex 1.89262 14.3759 17.8
      vertex 8.83143 11.5 17.8
      vertex 2.8288 14.2214 17.8
    endloop
  endfacet
  facet normal 0 0 1
    outer loop
      vertex 0.948334 14.4689 17.8
      vertex 8.83143 11.5 17.8
      vertex 1.89262 14.3759 17.8
    endloop
  endfacet
  facet normal 0 0 1
    outer loop
      vertex 0 14.5 17.8
      vertex 8.83143 11.5 17.8
      vertex 0.948334 14.4689 17.8
    endloop
  endfacet
  facet normal -0 0 1
    outer loop
      vertex -0.948334 14.4689 17.8
      vertex 8.83143 11.5 17.8
      vertex 0 14.5 17.8
    endloop
  endfacet
  facet normal -0 0 1
    outer loop
      vertex -1.89262 14.3759 17.8
      vertex 8.83143 11.5 17.8
      vertex -0.948334 14.4689 17.8
    endloop
  endfacet
  facet normal -0 0 1
    outer loop
      vertex -2.8288 14.2214 17.8
      vertex 8.83143 11.5 17.8
      vertex -1.89262 14.3759 17.8
    endloop
  endfacet
  facet normal -0 0 1
    outer loop
      vertex -3.75287 14.0059 17.8
      vertex 8.83143 11.5 17.8
      vertex -2.8288 14.2214 17.8
    endloop
  endfacet
  facet normal -0 0 1
    outer loop
      vertex -4.66086 13.7305 17.8
      vertex 8.83143 11.5 17.8
      vertex -3.75287 14.0059 17.8
    endloop
  endfacet
  facet normal -0 0 1
    outer loop
      vertex -5.5489 13.3962 17.8
      vertex 8.83143 11.5 17.8
      vertex -4.66086 13.7305 17.8
    endloop
  endfacet
  facet normal -0 0 1
    outer loop
      vertex -6.41318 13.0047 17.8
      vertex 8.83143 11.5 17.8
      vertex -5.5489 13.3962 17.8
    endloop
  endfacet
  facet normal -0 0 1
    outer loop
      vertex -7.25 12.5574 17.8
      vertex 8.83143 11.5 17.8
      vertex -6.41318 13.0047 17.8
    endloop
  endfacet
  facet normal -0 0 1
    outer loop
      vertex -8.05576 12.0563 17.8
      vertex 8.83143 11.5 17.8
      vertex -7.25 12.5574 17.8
    endloop
  endfacet
  facet normal 0 0 1
    outer loop
      vertex -8.83143 11.5 17.8
      vertex -8.05576 12.0563 17.8
      vertex -8.82703 11.5036 17.8
    endloop
  endfacet
  facet normal 0 0 1
    outer loop
      vertex -8.05576 12.0563 17.8
      vertex -8.83143 11.5 17.8
      vertex 8.83143 11.5 17.8
    endloop
  endfacet
  facet normal 0 0 -1
    outer loop
      vertex 13.1572 11.5385 -17.8
      vertex 16.8 11.5 -17.8
      vertex 13.1888 11.5 -17.8
    endloop
  endfacet
  facet normal 0 0 -1
    outer loop
      vertex 12.3744 12.3744 -17.8
      vertex 16.8 11.5 -17.8
      vertex 13.1572 11.5385 -17.8
    endloop
  endfacet
  facet normal 0 0 -1
    outer loop
      vertex 16.8 11.5 -17.8
      vertex 12.3744 12.3744 -17.8
      vertex 16.8 21.1 -17.8
    endloop
  endfacet
  facet normal 0 0 -1
    outer loop
      vertex 11.5385 13.1572 -17.8
      vertex 16.8 21.1 -17.8
      vertex 12.3744 12.3744 -17.8
    endloop
  endfacet
  facet normal 0 0 -1
    outer loop
      vertex 10.6533 13.8837 -17.8
      vertex 16.8 21.1 -17.8
      vertex 11.5385 13.1572 -17.8
    endloop
  endfacet
  facet normal 0 0 -1
    outer loop
      vertex 9.72247 14.5507 -17.8
      vertex 16.8 21.1 -17.8
      vertex 10.6533 13.8837 -17.8
    endloop
  endfacet
  facet normal 0 0 -1
    outer loop
      vertex 8.75 15.1554 -17.8
      vertex 16.8 21.1 -17.8
      vertex 9.72247 14.5507 -17.8
    endloop
  endfacet
  facet normal 0 0 -1
    outer loop
      vertex 7.74005 15.6953 -17.8
      vertex 16.8 21.1 -17.8
      vertex 8.75 15.1554 -17.8
    endloop
  endfacet
  facet normal 0 0 -1
    outer loop
      vertex 6.69695 16.1679 -17.8
      vertex 16.8 21.1 -17.8
      vertex 7.74005 15.6953 -17.8
    endloop
  endfacet
  facet normal 0 0 -1
    outer loop
      vertex 5.62518 16.5713 -17.8
      vertex 16.8 21.1 -17.8
      vertex 6.69695 16.1679 -17.8
    endloop
  endfacet
  facet normal 0 0 -1
    outer loop
      vertex 4.52933 16.9037 -17.8
      vertex 16.8 21.1 -17.8
      vertex 5.62518 16.5713 -17.8
    endloop
  endfacet
  facet normal 0 0 -1
    outer loop
      vertex 3.41408 17.1637 -17.8
      vertex 16.8 21.1 -17.8
      vertex 4.52933 16.9037 -17.8
    endloop
  endfacet
  facet normal 0 0 -1
    outer loop
      vertex 2.28419 17.3503 -17.8
      vertex 16.8 21.1 -17.8
      vertex 3.41408 17.1637 -17.8
    endloop
  endfacet
  facet normal 0 0 -1
    outer loop
      vertex 1.14455 17.4625 -17.8
      vertex 16.8 21.1 -17.8
      vertex 2.28419 17.3503 -17.8
    endloop
  endfacet
  facet normal 0 0 -1
    outer loop
      vertex 0 17.5 -17.8
      vertex 16.8 21.1 -17.8
      vertex 1.14455 17.4625 -17.8
    endloop
  endfacet
  facet normal 0 0 -1
    outer loop
      vertex -16.8 21.1 -17.8
      vertex 0 17.5 -17.8
      vertex -1.14455 17.4625 -17.8
    endloop
  endfacet
  facet normal 0 0 -1
    outer loop
      vertex -16.8 21.1 -17.8
      vertex -1.14455 17.4625 -17.8
      vertex -2.28419 17.3503 -17.8
    endloop
  endfacet
  facet normal 0 0 -1
    outer loop
      vertex -16.8 21.1 -17.8
      vertex -2.28419 17.3503 -17.8
      vertex -3.41408 17.1637 -17.8
    endloop
  endfacet
  facet normal 0 0 -1
    outer loop
      vertex -16.8 11.5 -17.8
      vertex -13.1572 11.5385 -17.8
      vertex -13.1888 11.5 -17.8
    endloop
  endfacet
  facet normal 0 0 -1
    outer loop
      vertex -16.8 11.5 -17.8
      vertex -12.3744 12.3744 -17.8
      vertex -13.1572 11.5385 -17.8
    endloop
  endfacet
  facet normal 0 0 -1
    outer loop
      vertex -16.8 21.1 -17.8
      vertex -12.3744 12.3744 -17.8
      vertex -16.8 11.5 -17.8
    endloop
  endfacet
  facet normal 0 0 -1
    outer loop
      vertex -12.3744 12.3744 -17.8
      vertex -16.8 21.1 -17.8
      vertex -11.5385 13.1572 -17.8
    endloop
  endfacet
  facet normal 0 0 -1
    outer loop
      vertex -11.5385 13.1572 -17.8
      vertex -16.8 21.1 -17.8
      vertex -10.6533 13.8837 -17.8
    endloop
  endfacet
  facet normal 0 0 -1
    outer loop
      vertex -10.6533 13.8837 -17.8
      vertex -16.8 21.1 -17.8
      vertex -9.72247 14.5507 -17.8
    endloop
  endfacet
  facet normal 0 0 -1
    outer loop
      vertex -9.72247 14.5507 -17.8
      vertex -16.8 21.1 -17.8
      vertex -8.75 15.1554 -17.8
    endloop
  endfacet
  facet normal 0 0 -1
    outer loop
      vertex 0 17.5 -17.8
      vertex -16.8 21.1 -17.8
      vertex 16.8 21.1 -17.8
    endloop
  endfacet
  facet normal 0 0 -1
    outer loop
      vertex -4.52933 16.9037 -17.8
      vertex -16.8 21.1 -17.8
      vertex -3.41408 17.1637 -17.8
    endloop
  endfacet
  facet normal 0 0 -1
    outer loop
      vertex -5.62518 16.5713 -17.8
      vertex -16.8 21.1 -17.8
      vertex -4.52933 16.9037 -17.8
    endloop
  endfacet
  facet normal 0 0 -1
    outer loop
      vertex -6.69695 16.1679 -17.8
      vertex -16.8 21.1 -17.8
      vertex -5.62518 16.5713 -17.8
    endloop
  endfacet
  facet normal 0 0 -1
    outer loop
      vertex -7.74005 15.6953 -17.8
      vertex -16.8 21.1 -17.8
      vertex -6.69695 16.1679 -17.8
    endloop
  endfacet
  facet normal 0 0 -1
    outer loop
      vertex -8.75 15.1554 -17.8
      vertex -16.8 21.1 -17.8
      vertex -7.74005 15.6953 -17.8
    endloop
  endfacet
  facet normal 0 0 -1
    outer loop
      vertex 8.83143 11.5 -17.8
      vertex 8.05576 12.0563 -17.8
      vertex 8.82703 11.5036 -17.8
    endloop
  endfacet
  facet normal 0 0 -1
    outer loop
      vertex 8.83143 11.5 -17.8
      vertex 7.25 12.5574 -17.8
      vertex 8.05576 12.0563 -17.8
    endloop
  endfacet
  facet normal 0 0 -1
    outer loop
      vertex 8.83143 11.5 -17.8
      vertex 6.41318 13.0047 -17.8
      vertex 7.25 12.5574 -17.8
    endloop
  endfacet
  facet normal 0 0 -1
    outer loop
      vertex 8.83143 11.5 -17.8
      vertex 5.5489 13.3962 -17.8
      vertex 6.41318 13.0047 -17.8
    endloop
  endfacet
  facet normal 0 0 -1
    outer loop
      vertex 8.83143 11.5 -17.8
      vertex 4.66086 13.7305 -17.8
      vertex 5.5489 13.3962 -17.8
    endloop
  endfacet
  facet normal 0 0 -1
    outer loop
      vertex 8.83143 11.5 -17.8
      vertex 3.75287 14.0059 -17.8
      vertex 4.66086 13.7305 -17.8
    endloop
  endfacet
  facet normal 0 0 -1
    outer loop
      vertex 8.83143 11.5 -17.8
      vertex 2.8288 14.2214 -17.8
      vertex 3.75287 14.0059 -17.8
    endloop
  endfacet
  facet normal 0 0 -1
    outer loop
      vertex 8.83143 11.5 -17.8
      vertex 1.89262 14.3759 -17.8
      vertex 2.8288 14.2214 -17.8
    endloop
  endfacet
  facet normal 0 0 -1
    outer loop
      vertex 8.83143 11.5 -17.8
      vertex 0.948334 14.4689 -17.8
      vertex 1.89262 14.3759 -17.8
    endloop
  endfacet
  facet normal 0 0 -1
    outer loop
      vertex 8.83143 11.5 -17.8
      vertex 0 14.5 -17.8
      vertex 0.948334 14.4689 -17.8
    endloop
  endfacet
  facet normal 0 0 -1
    outer loop
      vertex 8.83143 11.5 -17.8
      vertex -0.948334 14.4689 -17.8
      vertex 0 14.5 -17.8
    endloop
  endfacet
  facet normal 0 0 -1
    outer loop
      vertex 8.83143 11.5 -17.8
      vertex -1.89262 14.3759 -17.8
      vertex -0.948334 14.4689 -17.8
    endloop
  endfacet
  facet normal 0 0 -1
    outer loop
      vertex 8.83143 11.5 -17.8
      vertex -2.8288 14.2214 -17.8
      vertex -1.89262 14.3759 -17.8
    endloop
  endfacet
  facet normal 0 0 -1
    outer loop
      vertex 8.83143 11.5 -17.8
      vertex -3.75287 14.0059 -17.8
      vertex -2.8288 14.2214 -17.8
    endloop
  endfacet
  facet normal 0 0 -1
    outer loop
      vertex 8.83143 11.5 -17.8
      vertex -4.66086 13.7305 -17.8
      vertex -3.75287 14.0059 -17.8
    endloop
  endfacet
  facet normal 0 0 -1
    outer loop
      vertex 8.83143 11.5 -17.8
      vertex -5.5489 13.3962 -17.8
      vertex -4.66086 13.7305 -17.8
    endloop
  endfacet
  facet normal 0 0 -1
    outer loop
      vertex 8.83143 11.5 -17.8
      vertex -6.41318 13.0047 -17.8
      vertex -5.5489 13.3962 -17.8
    endloop
  endfacet
  facet normal 0 0 -1
    outer loop
      vertex 8.83143 11.5 -17.8
      vertex -7.25 12.5574 -17.8
      vertex -6.41318 13.0047 -17.8
    endloop
  endfacet
  facet normal 0 0 -1
    outer loop
      vertex 8.83143 11.5 -17.8
      vertex -8.05576 12.0563 -17.8
      vertex -7.25 12.5574 -17.8
    endloop
  endfacet
  facet normal 0 0 -1
    outer loop
      vertex -8.83143 11.5 -17.8
      vertex -8.05576 12.0563 -17.8
      vertex 8.83143 11.5 -17.8
    endloop
  endfacet
  facet normal 0 0 -1
    outer loop
      vertex -8.05576 12.0563 -17.8
      vertex -8.83143 11.5 -17.8
      vertex -8.82703 11.5036 -17.8
    endloop
  endfacet
  facet normal -1 0 0
    outer loop
      vertex -16.8 11.5 -17.8
      vertex -16.8 21.1 17.8
      vertex -16.8 21.1 -17.8
    endloop
  endfacet
  facet normal -1 -0 0
    outer loop
      vertex -16.8 21.1 17.8
      vertex -16.8 11.5 -17.8
      vertex -16.8 11.5 17.8
    endloop
  endfacet
  facet normal 0 1 0
    outer loop
      vertex 16.8 21.1 17.8
      vertex 0 21.1 14.5
      vertex -16.8 21.1 17.8
    endloop
  endfacet
  facet normal 0 1 0
    outer loop
      vertex 16.8 21.1 17.8
      vertex 0.948345 21.1 14.469
      vertex 0 21.1 14.5
    endloop
  endfacet
  facet normal 0 1 0
    outer loop
      vertex 16.8 21.1 17.8
      vertex 1.89263 21.1 14.3759
      vertex 0.948345 21.1 14.469
    endloop
  endfacet
  facet normal 0 1 0
    outer loop
      vertex 16.8 21.1 17.8
      vertex 2.82881 21.1 14.2214
      vertex 1.89263 21.1 14.3759
    endloop
  endfacet
  facet normal 0 1 0
    outer loop
      vertex 16.8 21.1 17.8
      vertex 3.75288 21.1 14.0059
      vertex 2.82881 21.1 14.2214
    endloop
  endfacet
  facet normal 0 1 0
    outer loop
      vertex 16.8 21.1 17.8
      vertex 4.66087 21.1 13.7305
      vertex 3.75288 21.1 14.0059
    endloop
  endfacet
  facet normal 0 1 0
    outer loop
      vertex 16.8 21.1 17.8
      vertex 5.54891 21.1 13.3963
      vertex 4.66087 21.1 13.7305
    endloop
  endfacet
  facet normal 0 1 0
    outer loop
      vertex 16.8 21.1 17.8
      vertex 6.41319 21.1 13.0047
      vertex 5.54891 21.1 13.3963
    endloop
  endfacet
  facet normal 0 1 0
    outer loop
      vertex 16.8 21.1 17.8
      vertex 7.25 21.1 12.5574
      vertex 6.41319 21.1 13.0047
    endloop
  endfacet
  facet normal 0 1 0
    outer loop
      vertex 16.8 21.1 17.8
      vertex 8.05577 21.1 12.0563
      vertex 7.25 21.1 12.5574
    endloop
  endfacet
  facet normal 0 1 0
    outer loop
      vertex 16.8 21.1 17.8
      vertex 8.82704 21.1 11.5036
      vertex 8.05577 21.1 12.0563
    endloop
  endfacet
  facet normal 0 1 0
    outer loop
      vertex 16.8 21.1 17.8
      vertex 9.56051 21.1 10.9017
      vertex 8.82704 21.1 11.5036
    endloop
  endfacet
  facet normal 0 1 0
    outer loop
      vertex 16.8 21.1 17.8
      vertex 10.253 21.1 10.253
      vertex 9.56051 21.1 10.9017
    endloop
  endfacet
  facet normal 0 1 0
    outer loop
      vertex 16.8 21.1 17.8
      vertex 10.9017 21.1 9.56051
      vertex 10.253 21.1 10.253
    endloop
  endfacet
  facet normal 0 1 0
    outer loop
      vertex 16.8 21.1 17.8
      vertex 11.5036 21.1 8.82704
      vertex 10.9017 21.1 9.56051
    endloop
  endfacet
  facet normal 0 1 0
    outer loop
      vertex 16.8 21.1 17.8
      vertex 12.0563 21.1 8.05577
      vertex 11.5036 21.1 8.82704
    endloop
  endfacet
  facet normal 0 1 0
    outer loop
      vertex 16.8 21.1 17.8
      vertex 12.5574 21.1 7.25
      vertex 12.0563 21.1 8.05577
    endloop
  endfacet
  facet normal 0 1 0
    outer loop
      vertex 16.8 21.1 17.8
      vertex 13.0047 21.1 6.41319
      vertex 12.5574 21.1 7.25
    endloop
  endfacet
  facet normal 0 1 0
    outer loop
      vertex 16.8 21.1 17.8
      vertex 13.3963 21.1 5.54891
      vertex 13.0047 21.1 6.41319
    endloop
  endfacet
  facet normal 0 1 0
    outer loop
      vertex 16.8 21.1 17.8
      vertex 13.7305 21.1 4.66087
      vertex 13.3963 21.1 5.54891
    endloop
  endfacet
  facet normal 0 1 0
    outer loop
      vertex 16.8 21.1 17.8
      vertex 14.0059 21.1 3.75288
      vertex 13.7305 21.1 4.66087
    endloop
  endfacet
  facet normal 0 1 0
    outer loop
      vertex 16.8 21.1 17.8
      vertex 14.2214 21.1 2.82881
      vertex 14.0059 21.1 3.75288
    endloop
  endfacet
  facet normal 0 1 0
    outer loop
      vertex 16.8 21.1 17.8
      vertex 14.3759 21.1 1.89263
      vertex 14.2214 21.1 2.82881
    endloop
  endfacet
  facet normal 0 1 0
    outer loop
      vertex 16.8 21.1 17.8
      vertex 14.469 21.1 0.948345
      vertex 14.3759 21.1 1.89263
    endloop
  endfacet
  facet normal 0 1 0
    outer loop
      vertex 16.8 21.1 17.8
      vertex 14.5 21.1 0
      vertex 14.469 21.1 0.948345
    endloop
  endfacet
  facet normal 0 1 -0
    outer loop
      vertex 16.8 21.1 -17.8
      vertex 14.5 21.1 0
      vertex 16.8 21.1 17.8
    endloop
  endfacet
  facet normal 0 1 0
    outer loop
      vertex 14.5 21.1 0
      vertex 16.8 21.1 -17.8
      vertex 14.469 21.1 -0.948345
    endloop
  endfacet
  facet normal 0 1 0
    outer loop
      vertex 0.948345 21.1 -14.469
      vertex 16.8 21.1 -17.8
      vertex 0 21.1 -14.5
    endloop
  endfacet
  facet normal 0 1 0
    outer loop
      vertex 1.89263 21.1 -14.3759
      vertex 16.8 21.1 -17.8
      vertex 0.948345 21.1 -14.469
    endloop
  endfacet
  facet normal 0 1 0
    outer loop
      vertex 2.82881 21.1 -14.2214
      vertex 16.8 21.1 -17.8
      vertex 1.89263 21.1 -14.3759
    endloop
  endfacet
  facet normal 0 1 0
    outer loop
      vertex 3.75288 21.1 -14.0059
      vertex 16.8 21.1 -17.8
      vertex 2.82881 21.1 -14.2214
    endloop
  endfacet
  facet normal 0 1 0
    outer loop
      vertex 4.66087 21.1 -13.7305
      vertex 16.8 21.1 -17.8
      vertex 3.75288 21.1 -14.0059
    endloop
  endfacet
  facet normal 0 1 0
    outer loop
      vertex 5.54891 21.1 -13.3963
      vertex 16.8 21.1 -17.8
      vertex 4.66087 21.1 -13.7305
    endloop
  endfacet
  facet normal 0 1 0
    outer loop
      vertex 6.41319 21.1 -13.0047
      vertex 16.8 21.1 -17.8
      vertex 5.54891 21.1 -13.3963
    endloop
  endfacet
  facet normal 0 1 0
    outer loop
      vertex 7.25 21.1 -12.5574
      vertex 16.8 21.1 -17.8
      vertex 6.41319 21.1 -13.0047
    endloop
  endfacet
  facet normal 0 1 0
    outer loop
      vertex 8.05577 21.1 -12.0563
      vertex 16.8 21.1 -17.8
      vertex 7.25 21.1 -12.5574
    endloop
  endfacet
  facet normal 0 1 0
    outer loop
      vertex 8.82704 21.1 -11.5036
      vertex 16.8 21.1 -17.8
      vertex 8.05577 21.1 -12.0563
    endloop
  endfacet
  facet normal 0 1 0
    outer loop
      vertex 9.56051 21.1 -10.9017
      vertex 16.8 21.1 -17.8
      vertex 8.82704 21.1 -11.5036
    endloop
  endfacet
  facet normal 0 1 0
    outer loop
      vertex 10.253 21.1 -10.253
      vertex 16.8 21.1 -17.8
      vertex 9.56051 21.1 -10.9017
    endloop
  endfacet
  facet normal 0 1 0
    outer loop
      vertex 10.9017 21.1 -9.56051
      vertex 16.8 21.1 -17.8
      vertex 10.253 21.1 -10.253
    endloop
  endfacet
  facet normal 0 1 0
    outer loop
      vertex 11.5036 21.1 -8.82704
      vertex 16.8 21.1 -17.8
      vertex 10.9017 21.1 -9.56051
    endloop
  endfacet
  facet normal 0 1 0
    outer loop
      vertex 12.0563 21.1 -8.05577
      vertex 16.8 21.1 -17.8
      vertex 11.5036 21.1 -8.82704
    endloop
  endfacet
  facet normal 0 1 0
    outer loop
      vertex 12.5574 21.1 -7.25
      vertex 16.8 21.1 -17.8
      vertex 12.0563 21.1 -8.05577
    endloop
  endfacet
  facet normal 0 1 0
    outer loop
      vertex 13.0047 21.1 -6.41319
      vertex 16.8 21.1 -17.8
      vertex 12.5574 21.1 -7.25
    endloop
  endfacet
  facet normal 0 1 0
    outer loop
      vertex 13.3963 21.1 -5.54891
      vertex 16.8 21.1 -17.8
      vertex 13.0047 21.1 -6.41319
    endloop
  endfacet
  facet normal 0 1 0
    outer loop
      vertex 13.7305 21.1 -4.66087
      vertex 16.8 21.1 -17.8
      vertex 13.3963 21.1 -5.54891
    endloop
  endfacet
  facet normal 0 1 0
    outer loop
      vertex 14.0059 21.1 -3.75288
      vertex 16.8 21.1 -17.8
      vertex 13.7305 21.1 -4.66087
    endloop
  endfacet
  facet normal 0 1 0
    outer loop
      vertex 14.2214 21.1 -2.82881
      vertex 16.8 21.1 -17.8
      vertex 14.0059 21.1 -3.75288
    endloop
  endfacet
  facet normal 0 1 0
    outer loop
      vertex 14.3759 21.1 -1.89263
      vertex 16.8 21.1 -17.8
      vertex 14.2214 21.1 -2.82881
    endloop
  endfacet
  facet normal 0 1 0
    outer loop
      vertex 14.469 21.1 -0.948345
      vertex 16.8 21.1 -17.8
      vertex 14.3759 21.1 -1.89263
    endloop
  endfacet
  facet normal 0 1 -0
    outer loop
      vertex -0.948345 21.1 14.469
      vertex -16.8 21.1 17.8
      vertex 0 21.1 14.5
    endloop
  endfacet
  facet normal 0 1 -0
    outer loop
      vertex -1.89263 21.1 14.3759
      vertex -16.8 21.1 17.8
      vertex -0.948345 21.1 14.469
    endloop
  endfacet
  facet normal 0 1 -0
    outer loop
      vertex -2.82881 21.1 14.2214
      vertex -16.8 21.1 17.8
      vertex -1.89263 21.1 14.3759
    endloop
  endfacet
  facet normal 0 1 -0
    outer loop
      vertex -3.75288 21.1 14.0059
      vertex -16.8 21.1 17.8
      vertex -2.82881 21.1 14.2214
    endloop
  endfacet
  facet normal 0 1 -0
    outer loop
      vertex -4.66087 21.1 13.7305
      vertex -16.8 21.1 17.8
      vertex -3.75288 21.1 14.0059
    endloop
  endfacet
  facet normal 0 1 -0
    outer loop
      vertex -5.54891 21.1 13.3963
      vertex -16.8 21.1 17.8
      vertex -4.66087 21.1 13.7305
    endloop
  endfacet
  facet normal 0 1 -0
    outer loop
      vertex -6.41319 21.1 13.0047
      vertex -16.8 21.1 17.8
      vertex -5.54891 21.1 13.3963
    endloop
  endfacet
  facet normal 0 1 -0
    outer loop
      vertex -7.25 21.1 12.5574
      vertex -16.8 21.1 17.8
      vertex -6.41319 21.1 13.0047
    endloop
  endfacet
  facet normal 0 1 -0
    outer loop
      vertex -8.05577 21.1 12.0563
      vertex -16.8 21.1 17.8
      vertex -7.25 21.1 12.5574
    endloop
  endfacet
  facet normal 0 1 -0
    outer loop
      vertex -8.82704 21.1 11.5036
      vertex -16.8 21.1 17.8
      vertex -8.05577 21.1 12.0563
    endloop
  endfacet
  facet normal 0 1 -0
    outer loop
      vertex -9.56051 21.1 10.9017
      vertex -16.8 21.1 17.8
      vertex -8.82704 21.1 11.5036
    endloop
  endfacet
  facet normal 0 1 -0
    outer loop
      vertex -10.253 21.1 10.253
      vertex -16.8 21.1 17.8
      vertex -9.56051 21.1 10.9017
    endloop
  endfacet
  facet normal 0 1 -0
    outer loop
      vertex -10.9017 21.1 9.56051
      vertex -16.8 21.1 17.8
      vertex -10.253 21.1 10.253
    endloop
  endfacet
  facet normal 0 1 -0
    outer loop
      vertex -11.5036 21.1 8.82704
      vertex -16.8 21.1 17.8
      vertex -10.9017 21.1 9.56051
    endloop
  endfacet
  facet normal 0 1 -0
    outer loop
      vertex -12.0563 21.1 8.05577
      vertex -16.8 21.1 17.8
      vertex -11.5036 21.1 8.82704
    endloop
  endfacet
  facet normal 0 1 -0
    outer loop
      vertex -12.5574 21.1 7.25
      vertex -16.8 21.1 17.8
      vertex -12.0563 21.1 8.05577
    endloop
  endfacet
  facet normal 0 1 -0
    outer loop
      vertex -13.0047 21.1 6.41319
      vertex -16.8 21.1 17.8
      vertex -12.5574 21.1 7.25
    endloop
  endfacet
  facet normal 0 1 -0
    outer loop
      vertex -13.3963 21.1 5.54891
      vertex -16.8 21.1 17.8
      vertex -13.0047 21.1 6.41319
    endloop
  endfacet
  facet normal 0 1 -0
    outer loop
      vertex -13.7305 21.1 4.66087
      vertex -16.8 21.1 17.8
      vertex -13.3963 21.1 5.54891
    endloop
  endfacet
  facet normal 0 1 -0
    outer loop
      vertex -14.0059 21.1 3.75288
      vertex -16.8 21.1 17.8
      vertex -13.7305 21.1 4.66087
    endloop
  endfacet
  facet normal 0 1 -0
    outer loop
      vertex -14.2214 21.1 2.82881
      vertex -16.8 21.1 17.8
      vertex -14.0059 21.1 3.75288
    endloop
  endfacet
  facet normal 0 1 -0
    outer loop
      vertex -14.3759 21.1 1.89263
      vertex -16.8 21.1 17.8
      vertex -14.2214 21.1 2.82881
    endloop
  endfacet
  facet normal 0 1 -0
    outer loop
      vertex -14.469 21.1 0.948345
      vertex -16.8 21.1 17.8
      vertex -14.3759 21.1 1.89263
    endloop
  endfacet
  facet normal 0 1 -0
    outer loop
      vertex -14.5 21.1 0
      vertex -16.8 21.1 17.8
      vertex -14.469 21.1 0.948345
    endloop
  endfacet
  facet normal 0 1 0
    outer loop
      vertex -16.8 21.1 -17.8
      vertex -14.5 21.1 0
      vertex -14.469 21.1 -0.948345
    endloop
  endfacet
  facet normal 0 1 0
    outer loop
      vertex -16.8 21.1 -17.8
      vertex -14.469 21.1 -0.948345
      vertex -14.3759 21.1 -1.89263
    endloop
  endfacet
  facet normal 0 1 0
    outer loop
      vertex -16.8 21.1 -17.8
      vertex 0 21.1 -14.5
      vertex 16.8 21.1 -17.8
    endloop
  endfacet
  facet normal 0 1 0
    outer loop
      vertex 0 21.1 -14.5
      vertex -16.8 21.1 -17.8
      vertex -0.948345 21.1 -14.469
    endloop
  endfacet
  facet normal 0 1 0
    outer loop
      vertex -0.948345 21.1 -14.469
      vertex -16.8 21.1 -17.8
      vertex -1.89263 21.1 -14.3759
    endloop
  endfacet
  facet normal 0 1 0
    outer loop
      vertex -14.5 21.1 0
      vertex -16.8 21.1 -17.8
      vertex -16.8 21.1 17.8
    endloop
  endfacet
  facet normal 0 1 0
    outer loop
      vertex -14.2214 21.1 -2.82881
      vertex -16.8 21.1 -17.8
      vertex -14.3759 21.1 -1.89263
    endloop
  endfacet
  facet normal 0 1 0
    outer loop
      vertex -14.0059 21.1 -3.75288
      vertex -16.8 21.1 -17.8
      vertex -14.2214 21.1 -2.82881
    endloop
  endfacet
  facet normal 0 1 0
    outer loop
      vertex -13.7305 21.1 -4.66087
      vertex -16.8 21.1 -17.8
      vertex -14.0059 21.1 -3.75288
    endloop
  endfacet
  facet normal 0 1 0
    outer loop
      vertex -13.3963 21.1 -5.54891
      vertex -16.8 21.1 -17.8
      vertex -13.7305 21.1 -4.66087
    endloop
  endfacet
  facet normal 0 1 0
    outer loop
      vertex -13.0047 21.1 -6.41319
      vertex -16.8 21.1 -17.8
      vertex -13.3963 21.1 -5.54891
    endloop
  endfacet
  facet normal 0 1 0
    outer loop
      vertex -12.5574 21.1 -7.25
      vertex -16.8 21.1 -17.8
      vertex -13.0047 21.1 -6.41319
    endloop
  endfacet
  facet normal 0 1 0
    outer loop
      vertex -12.0563 21.1 -8.05577
      vertex -16.8 21.1 -17.8
      vertex -12.5574 21.1 -7.25
    endloop
  endfacet
  facet normal 0 1 0
    outer loop
      vertex -11.5036 21.1 -8.82704
      vertex -16.8 21.1 -17.8
      vertex -12.0563 21.1 -8.05577
    endloop
  endfacet
  facet normal 0 1 0
    outer loop
      vertex -10.9017 21.1 -9.56051
      vertex -16.8 21.1 -17.8
      vertex -11.5036 21.1 -8.82704
    endloop
  endfacet
  facet normal 0 1 0
    outer loop
      vertex -10.253 21.1 -10.253
      vertex -16.8 21.1 -17.8
      vertex -10.9017 21.1 -9.56051
    endloop
  endfacet
  facet normal 0 1 0
    outer loop
      vertex -9.56051 21.1 -10.9017
      vertex -16.8 21.1 -17.8
      vertex -10.253 21.1 -10.253
    endloop
  endfacet
  facet normal 0 1 0
    outer loop
      vertex -8.82704 21.1 -11.5036
      vertex -16.8 21.1 -17.8
      vertex -9.56051 21.1 -10.9017
    endloop
  endfacet
  facet normal 0 1 0
    outer loop
      vertex -8.05577 21.1 -12.0563
      vertex -16.8 21.1 -17.8
      vertex -8.82704 21.1 -11.5036
    endloop
  endfacet
  facet normal 0 1 0
    outer loop
      vertex -7.25 21.1 -12.5574
      vertex -16.8 21.1 -17.8
      vertex -8.05577 21.1 -12.0563
    endloop
  endfacet
  facet normal 0 1 0
    outer loop
      vertex -6.41319 21.1 -13.0047
      vertex -16.8 21.1 -17.8
      vertex -7.25 21.1 -12.5574
    endloop
  endfacet
  facet normal 0 1 0
    outer loop
      vertex -5.54891 21.1 -13.3963
      vertex -16.8 21.1 -17.8
      vertex -6.41319 21.1 -13.0047
    endloop
  endfacet
  facet normal 0 1 0
    outer loop
      vertex -4.66087 21.1 -13.7305
      vertex -16.8 21.1 -17.8
      vertex -5.54891 21.1 -13.3963
    endloop
  endfacet
  facet normal 0 1 0
    outer loop
      vertex -3.75288 21.1 -14.0059
      vertex -16.8 21.1 -17.8
      vertex -4.66087 21.1 -13.7305
    endloop
  endfacet
  facet normal 0 1 0
    outer loop
      vertex -2.82881 21.1 -14.2214
      vertex -16.8 21.1 -17.8
      vertex -3.75288 21.1 -14.0059
    endloop
  endfacet
  facet normal 0 1 0
    outer loop
      vertex -1.89263 21.1 -14.3759
      vertex -16.8 21.1 -17.8
      vertex -2.82881 21.1 -14.2214
    endloop
  endfacet
  facet normal 0 -1 0
    outer loop
      vertex -16.8 11.5 17.8
      vertex -15.982 11.5 8.35
      vertex -13.1888 11.5 17.8
    endloop
  endfacet
  facet normal 0 -1 0
    outer loop
      vertex -16.8 11.5 17.8
      vertex -15.982 11.5 6.35
      vertex -15.982 11.5 8.35
    endloop
  endfacet
  facet normal 0 -1 0
    outer loop
      vertex -13.3963 11.5 5.54891
      vertex -13.1888 11.5 6.35
      vertex -15.982 11.5 6.35
    endloop
  endfacet
  facet normal 0 -1 -0
    outer loop
      vertex -13.1888 11.5 6.35
      vertex -13.3963 11.5 5.54891
      vertex -13.1888 11.5 6.0067
    endloop
  endfacet
  facet normal 0 -1 0
    outer loop
      vertex -15.982 11.5 6.35
      vertex -13.7305 11.5 4.66087
      vertex -13.3963 11.5 5.54891
    endloop
  endfacet
  facet normal 0 -1 0
    outer loop
      vertex -15.982 11.5 6.35
      vertex -14.0059 11.5 3.75288
      vertex -13.7305 11.5 4.66087
    endloop
  endfacet
  facet normal 0 -1 0
    outer loop
      vertex -15.982 11.5 6.35
      vertex -14.2214 11.5 2.82881
      vertex -14.0059 11.5 3.75288
    endloop
  endfacet
  facet normal 0 -1 0
    outer loop
      vertex -15.982 11.5 6.35
      vertex -14.3759 11.5 1.89263
      vertex -14.2214 11.5 2.82881
    endloop
  endfacet
  facet normal 0 -1 0
    outer loop
      vertex -15.982 11.5 6.35
      vertex -14.469 11.5 0.948345
      vertex -14.3759 11.5 1.89263
    endloop
  endfacet
  facet normal 0 -1 0
    outer loop
      vertex -15.982 11.5 6.35
      vertex -14.5 11.5 0
      vertex -14.469 11.5 0.948345
    endloop
  endfacet
  facet normal 0 -1 0
    outer loop
      vertex -15.982 11.5 -6.35
      vertex -14.5 11.5 0
      vertex -15.982 11.5 6.35
    endloop
  endfacet
  facet normal 0 -1 -0
    outer loop
      vertex -14.5 11.5 0
      vertex -15.982 11.5 -6.35
      vertex -14.469 11.5 -0.948345
    endloop
  endfacet
  facet normal 0 -1 -0
    outer loop
      vertex -14.469 11.5 -0.948345
      vertex -15.982 11.5 -6.35
      vertex -14.3759 11.5 -1.89263
    endloop
  endfacet
  facet normal 0 -1 0
    outer loop
      vertex -13.1888 11.5 -6.35
      vertex -13.3963 11.5 -5.54891
      vertex -15.982 11.5 -6.35
    endloop
  endfacet
  facet normal 0 -1 -0
    outer loop
      vertex -13.7305 11.5 -4.66087
      vertex -15.982 11.5 -6.35
      vertex -13.3963 11.5 -5.54891
    endloop
  endfacet
  facet normal 0 -1 -0
    outer loop
      vertex -14.0059 11.5 -3.75288
      vertex -15.982 11.5 -6.35
      vertex -13.7305 11.5 -4.66087
    endloop
  endfacet
  facet normal 0 -1 -0
    outer loop
      vertex -14.2214 11.5 -2.82881
      vertex -15.982 11.5 -6.35
      vertex -14.0059 11.5 -3.75288
    endloop
  endfacet
  facet normal 0 -1 -0
    outer loop
      vertex -14.3759 11.5 -1.89263
      vertex -15.982 11.5 -6.35
      vertex -14.2214 11.5 -2.82881
    endloop
  endfacet
  facet normal 0 -1 0
    outer loop
      vertex -16.8 11.5 17.8
      vertex -15.982 11.5 -6.35
      vertex -15.982 11.5 6.35
    endloop
  endfacet
  facet normal 0 -1 0
    outer loop
      vertex -16.8 11.5 -17.8
      vertex -15.982 11.5 -6.35
      vertex -16.8 11.5 17.8
    endloop
  endfacet
  facet normal 0 -1 -0
    outer loop
      vertex -15.982 11.5 -6.35
      vertex -16.8 11.5 -17.8
      vertex -15.982 11.5 -8.35
    endloop
  endfacet
  facet normal 0 -1 0
    outer loop
      vertex -13.1888 11.5 -17.8
      vertex -15.982 11.5 -8.35
      vertex -16.8 11.5 -17.8
    endloop
  endfacet
  facet normal 0 -1 0
    outer loop
      vertex -15.982 11.5 -8.35
      vertex -13.1888 11.5 -17.8
      vertex -13.1888 11.5 -8.35
    endloop
  endfacet
  facet normal 0 -1 -0
    outer loop
      vertex -13.1888 11.5 17.8
      vertex -15.982 11.5 8.35
      vertex -13.1888 11.5 8.35
    endloop
  endfacet
  facet normal 0 -1 0
    outer loop
      vertex -13.3963 11.5 -5.54891
      vertex -13.1888 11.5 -6.35
      vertex -13.1888 11.5 -6.0067
    endloop
  endfacet
  facet normal 0 -1 0
    outer loop
      vertex 13.1888 11.5 -8.35
      vertex 13.1888 11.5 -17.8
      vertex 15.982 11.5 -8.35
    endloop
  endfacet
  facet normal 0 -1 0
    outer loop
      vertex 13.3963 11.5 5.54891
      vertex 13.1888 11.5 6.35
      vertex 13.1888 11.5 6.0067
    endloop
  endfacet
  facet normal 0 -1 0
    outer loop
      vertex 15.982 11.5 8.35
      vertex 13.1888 11.5 17.8
      vertex 13.1888 11.5 8.35
    endloop
  endfacet
  facet normal 0 -1 0
    outer loop
      vertex 13.1888 11.5 17.8
      vertex 15.982 11.5 8.35
      vertex 16.8 11.5 17.8
    endloop
  endfacet
  facet normal 0 -1 0
    outer loop
      vertex 15.982 11.5 6.35
      vertex 16.8 11.5 17.8
      vertex 15.982 11.5 8.35
    endloop
  endfacet
  facet normal 0 -1 0
    outer loop
      vertex 13.1888 11.5 6.35
      vertex 13.3963 11.5 5.54891
      vertex 15.982 11.5 6.35
    endloop
  endfacet
  facet normal 0 -1 0
    outer loop
      vertex 13.7305 11.5 4.66087
      vertex 15.982 11.5 6.35
      vertex 13.3963 11.5 5.54891
    endloop
  endfacet
  facet normal 0 -1 0
    outer loop
      vertex 14.0059 11.5 3.75288
      vertex 15.982 11.5 6.35
      vertex 13.7305 11.5 4.66087
    endloop
  endfacet
  facet normal 0 -1 0
    outer loop
      vertex 14.2214 11.5 2.82881
      vertex 15.982 11.5 6.35
      vertex 14.0059 11.5 3.75288
    endloop
  endfacet
  facet normal 0 -1 0
    outer loop
      vertex 14.3759 11.5 1.89263
      vertex 15.982 11.5 6.35
      vertex 14.2214 11.5 2.82881
    endloop
  endfacet
  facet normal 0 -1 0
    outer loop
      vertex 14.469 11.5 0.948345
      vertex 15.982 11.5 6.35
      vertex 14.3759 11.5 1.89263
    endloop
  endfacet
  facet normal 0 -1 0
    outer loop
      vertex 14.5 11.5 0
      vertex 15.982 11.5 6.35
      vertex 14.469 11.5 0.948345
    endloop
  endfacet
  facet normal 0 -1 0
    outer loop
      vertex 15.982 11.5 -6.35
      vertex 14.5 11.5 0
      vertex 14.469 11.5 -0.948345
    endloop
  endfacet
  facet normal 0 -1 0
    outer loop
      vertex 15.982 11.5 -6.35
      vertex 14.469 11.5 -0.948345
      vertex 14.3759 11.5 -1.89263
    endloop
  endfacet
  facet normal 0 -1 0
    outer loop
      vertex 15.982 11.5 -6.35
      vertex 14.3759 11.5 -1.89263
      vertex 14.2214 11.5 -2.82881
    endloop
  endfacet
  facet normal 0 -1 0
    outer loop
      vertex 13.1888 11.5 -6.35
      vertex 13.3963 11.5 -5.54891
      vertex 13.1888 11.5 -6.0067
    endloop
  endfacet
  facet normal 0 -1 0
    outer loop
      vertex 15.982 11.5 -6.35
      vertex 13.3963 11.5 -5.54891
      vertex 13.1888 11.5 -6.35
    endloop
  endfacet
  facet normal 0 -1 0
    outer loop
      vertex 13.3963 11.5 -5.54891
      vertex 15.982 11.5 -6.35
      vertex 13.7305 11.5 -4.66087
    endloop
  endfacet
  facet normal 0 -1 0
    outer loop
      vertex 15.982 11.5 -6.35
      vertex 14.0059 11.5 -3.75288
      vertex 13.7305 11.5 -4.66087
    endloop
  endfacet
  facet normal 0 -1 0
    outer loop
      vertex 15.982 11.5 -6.35
      vertex 14.2214 11.5 -2.82881
      vertex 14.0059 11.5 -3.75288
    endloop
  endfacet
  facet normal 0 -1 0
    outer loop
      vertex 14.5 11.5 0
      vertex 15.982 11.5 -6.35
      vertex 15.982 11.5 6.35
    endloop
  endfacet
  facet normal 0 -1 0
    outer loop
      vertex 15.982 11.5 -6.35
      vertex 16.8 11.5 17.8
      vertex 15.982 11.5 6.35
    endloop
  endfacet
  facet normal 0 -1 0
    outer loop
      vertex 16.8 11.5 -17.8
      vertex 15.982 11.5 -6.35
      vertex 15.982 11.5 -8.35
    endloop
  endfacet
  facet normal 0 -1 0
    outer loop
      vertex 15.982 11.5 -6.35
      vertex 16.8 11.5 -17.8
      vertex 16.8 11.5 17.8
    endloop
  endfacet
  facet normal 0 -1 0
    outer loop
      vertex 16.8 11.5 -17.8
      vertex 15.982 11.5 -8.35
      vertex 13.1888 11.5 -17.8
    endloop
  endfacet
  facet normal 0 -1 -0
    outer loop
      vertex -0.948345 11.5 -14.469
      vertex -8.83143 11.5 -17.8
      vertex 0 11.5 -14.5
    endloop
  endfacet
  facet normal 0 -1 -0
    outer loop
      vertex -1.89263 11.5 -14.3759
      vertex -8.83143 11.5 -17.8
      vertex -0.948345 11.5 -14.469
    endloop
  endfacet
  facet normal 0 -1 -0
    outer loop
      vertex -2.82881 11.5 -14.2214
      vertex -8.83143 11.5 -17.8
      vertex -1.89263 11.5 -14.3759
    endloop
  endfacet
  facet normal 0 -1 -0
    outer loop
      vertex -3.75288 11.5 -14.0059
      vertex -8.83143 11.5 -17.8
      vertex -2.82881 11.5 -14.2214
    endloop
  endfacet
  facet normal 0 -1 -0
    outer loop
      vertex -4.66087 11.5 -13.7305
      vertex -8.83143 11.5 -17.8
      vertex -3.75288 11.5 -14.0059
    endloop
  endfacet
  facet normal 0 -1 -0
    outer loop
      vertex -5.54891 11.5 -13.3963
      vertex -8.83143 11.5 -17.8
      vertex -4.66087 11.5 -13.7305
    endloop
  endfacet
  facet normal 0 -1 -0
    outer loop
      vertex -6.41319 11.5 -13.0047
      vertex -8.83143 11.5 -17.8
      vertex -5.54891 11.5 -13.3963
    endloop
  endfacet
  facet normal 0 -1 -0
    outer loop
      vertex -7.25 11.5 -12.5574
      vertex -8.83143 11.5 -17.8
      vertex -6.41319 11.5 -13.0047
    endloop
  endfacet
  facet normal 0 -1 -0
    outer loop
      vertex -8.05577 11.5 -12.0563
      vertex -8.83143 11.5 -17.8
      vertex -7.25 11.5 -12.5574
    endloop
  endfacet
  facet normal 0 -1 -0
    outer loop
      vertex -8.82704 11.5 -11.5036
      vertex -8.83143 11.5 -17.8
      vertex -8.05577 11.5 -12.0563
    endloop
  endfacet
  facet normal 0 -1 0
    outer loop
      vertex -8.83143 11.5 -17.8
      vertex -8.82704 11.5 -11.5036
      vertex -8.83143 11.5 -11.5
    endloop
  endfacet
  facet normal 0 -1 0
    outer loop
      vertex 8.83143 11.5 -17.8
      vertex 0 11.5 -14.5
      vertex -8.83143 11.5 -17.8
    endloop
  endfacet
  facet normal 0 -1 0
    outer loop
      vertex 0 11.5 -14.5
      vertex 8.83143 11.5 -17.8
      vertex 0.948345 11.5 -14.469
    endloop
  endfacet
  facet normal 0 -1 0
    outer loop
      vertex 0.948345 11.5 -14.469
      vertex 8.83143 11.5 -17.8
      vertex 1.89263 11.5 -14.3759
    endloop
  endfacet
  facet normal 0 -1 0
    outer loop
      vertex 1.89263 11.5 -14.3759
      vertex 8.83143 11.5 -17.8
      vertex 2.82881 11.5 -14.2214
    endloop
  endfacet
  facet normal 0 -1 0
    outer loop
      vertex 8.82704 11.5 -11.5036
      vertex 8.83143 11.5 -17.8
      vertex 8.83143 11.5 -11.5
    endloop
  endfacet
  facet normal 0 -1 0
    outer loop
      vertex 8.05577 11.5 -12.0563
      vertex 8.83143 11.5 -17.8
      vertex 8.82704 11.5 -11.5036
    endloop
  endfacet
  facet normal 0 -1 0
    outer loop
      vertex 7.25 11.5 -12.5574
      vertex 8.83143 11.5 -17.8
      vertex 8.05577 11.5 -12.0563
    endloop
  endfacet
  facet normal 0 -1 0
    outer loop
      vertex 6.41319 11.5 -13.0047
      vertex 8.83143 11.5 -17.8
      vertex 7.25 11.5 -12.5574
    endloop
  endfacet
  facet normal 0 -1 0
    outer loop
      vertex 5.54891 11.5 -13.3963
      vertex 8.83143 11.5 -17.8
      vertex 6.41319 11.5 -13.0047
    endloop
  endfacet
  facet normal 0 -1 0
    outer loop
      vertex 4.66087 11.5 -13.7305
      vertex 8.83143 11.5 -17.8
      vertex 5.54891 11.5 -13.3963
    endloop
  endfacet
  facet normal 0 -1 0
    outer loop
      vertex 3.75288 11.5 -14.0059
      vertex 8.83143 11.5 -17.8
      vertex 4.66087 11.5 -13.7305
    endloop
  endfacet
  facet normal 0 -1 0
    outer loop
      vertex 2.82881 11.5 -14.2214
      vertex 8.83143 11.5 -17.8
      vertex 3.75288 11.5 -14.0059
    endloop
  endfacet
  facet normal 0 -1 0
    outer loop
      vertex -8.83143 11.5 17.8
      vertex 0 11.5 14.5
      vertex 8.83143 11.5 17.8
    endloop
  endfacet
  facet normal 0 -1 0
    outer loop
      vertex -8.83143 11.5 17.8
      vertex -0.948345 11.5 14.469
      vertex 0 11.5 14.5
    endloop
  endfacet
  facet normal 0 -1 0
    outer loop
      vertex -8.83143 11.5 17.8
      vertex -1.89263 11.5 14.3759
      vertex -0.948345 11.5 14.469
    endloop
  endfacet
  facet normal 0 -1 0
    outer loop
      vertex -8.83143 11.5 17.8
      vertex -2.82881 11.5 14.2214
      vertex -1.89263 11.5 14.3759
    endloop
  endfacet
  facet normal 0 -1 0
    outer loop
      vertex -8.83143 11.5 17.8
      vertex -3.75288 11.5 14.0059
      vertex -2.82881 11.5 14.2214
    endloop
  endfacet
  facet normal 0 -1 0
    outer loop
      vertex -8.83143 11.5 17.8
      vertex -4.66087 11.5 13.7305
      vertex -3.75288 11.5 14.0059
    endloop
  endfacet
  facet normal 0 -1 0
    outer loop
      vertex -8.83143 11.5 17.8
      vertex -5.54891 11.5 13.3963
      vertex -4.66087 11.5 13.7305
    endloop
  endfacet
  facet normal 0 -1 0
    outer loop
      vertex -8.83143 11.5 17.8
      vertex -6.41319 11.5 13.0047
      vertex -5.54891 11.5 13.3963
    endloop
  endfacet
  facet normal 0 -1 0
    outer loop
      vertex -8.83143 11.5 17.8
      vertex -7.25 11.5 12.5574
      vertex -6.41319 11.5 13.0047
    endloop
  endfacet
  facet normal 0 -1 0
    outer loop
      vertex -8.83143 11.5 17.8
      vertex -8.05577 11.5 12.0563
      vertex -7.25 11.5 12.5574
    endloop
  endfacet
  facet normal 0 -1 0
    outer loop
      vertex -8.83143 11.5 17.8
      vertex -8.82704 11.5 11.5036
      vertex -8.05577 11.5 12.0563
    endloop
  endfacet
  facet normal -0 -1 0
    outer loop
      vertex -8.82704 11.5 11.5036
      vertex -8.83143 11.5 17.8
      vertex -8.83143 11.5 11.5
    endloop
  endfacet
  facet normal 0 -1 0
    outer loop
      vertex 0.948345 11.5 14.469
      vertex 8.83143 11.5 17.8
      vertex 0 11.5 14.5
    endloop
  endfacet
  facet normal 0 -1 0
    outer loop
      vertex 1.89263 11.5 14.3759
      vertex 8.83143 11.5 17.8
      vertex 0.948345 11.5 14.469
    endloop
  endfacet
  facet normal 0 -1 0
    outer loop
      vertex 2.82881 11.5 14.2214
      vertex 8.83143 11.5 17.8
      vertex 1.89263 11.5 14.3759
    endloop
  endfacet
  facet normal 0 -1 0
    outer loop
      vertex 3.75288 11.5 14.0059
      vertex 8.83143 11.5 17.8
      vertex 2.82881 11.5 14.2214
    endloop
  endfacet
  facet normal 0 -1 0
    outer loop
      vertex 4.66087 11.5 13.7305
      vertex 8.83143 11.5 17.8
      vertex 3.75288 11.5 14.0059
    endloop
  endfacet
  facet normal 0 -1 0
    outer loop
      vertex 5.54891 11.5 13.3963
      vertex 8.83143 11.5 17.8
      vertex 4.66087 11.5 13.7305
    endloop
  endfacet
  facet normal 0 -1 0
    outer loop
      vertex 6.41319 11.5 13.0047
      vertex 8.83143 11.5 17.8
      vertex 5.54891 11.5 13.3963
    endloop
  endfacet
  facet normal 0 -1 0
    outer loop
      vertex 7.25 11.5 12.5574
      vertex 8.83143 11.5 17.8
      vertex 6.41319 11.5 13.0047
    endloop
  endfacet
  facet normal 0 -1 0
    outer loop
      vertex 8.05577 11.5 12.0563
      vertex 8.83143 11.5 17.8
      vertex 7.25 11.5 12.5574
    endloop
  endfacet
  facet normal 0 -1 0
    outer loop
      vertex 8.82704 11.5 11.5036
      vertex 8.83143 11.5 17.8
      vertex 8.05577 11.5 12.0563
    endloop
  endfacet
  facet normal 0 -1 -0
    outer loop
      vertex 8.83143 11.5 17.8
      vertex 8.82704 11.5 11.5036
      vertex 8.83143 11.5 11.5
    endloop
  endfacet
  facet normal 0 0 -1
    outer loop
      vertex -16.894 4.52673 6.35
      vertex -16.9037 4.52933 6.35
      vertex -16.894 4.52674 6.35
    endloop
  endfacet
  facet normal 0 0 -1
    outer loop
      vertex -15.6953 7.74005 6.35
      vertex -17.6684 8.71307 6.35
      vertex -17.0607 9.84999 6.35
    endloop
  endfacet
  facet normal 0 0 -1
    outer loop
      vertex -16.5713 5.62518 6.35
      vertex -18.2004 7.53885 6.35
      vertex -17.6684 8.71307 6.35
    endloop
  endfacet
  facet normal 0 0 -1
    outer loop
      vertex -16.5713 5.62518 6.35
      vertex -18.6545 6.33235 6.35
      vertex -18.2004 7.53885 6.35
    endloop
  endfacet
  facet normal 0 0 -1
    outer loop
      vertex -16.9037 4.52933 6.35
      vertex -19.0287 5.09872 6.35
      vertex -18.6545 6.33235 6.35
    endloop
  endfacet
  facet normal 0 0 -1
    outer loop
      vertex -19.0287 5.09872 6.35
      vertex -16.9037 4.52933 6.35
      vertex -16.894 4.52673 6.35
    endloop
  endfacet
  facet normal 0 0 -1
    outer loop
      vertex -13.8837 10.6533 6.35
      vertex -15.982 11.5 6.35
      vertex -13.1888 11.5 6.35
    endloop
  endfacet
  facet normal 0 0 -1
    outer loop
      vertex -14.5507 9.72247 6.35
      vertex -15.982 11.5 6.35
      vertex -13.8837 10.6533 6.35
    endloop
  endfacet
  facet normal 0 0 -1
    outer loop
      vertex -16.3799 10.9447 6.35
      vertex -14.5507 9.72247 6.35
      vertex -15.1554 8.75 6.35
    endloop
  endfacet
  facet normal 0 0 -1
    outer loop
      vertex -17.0607 9.84999 6.35
      vertex -15.1554 8.75 6.35
      vertex -15.6953 7.74005 6.35
    endloop
  endfacet
  facet normal 0 0 -1
    outer loop
      vertex -17.6684 8.71307 6.35
      vertex -15.6953 7.74005 6.35
      vertex -16.1679 6.69695 6.35
    endloop
  endfacet
  facet normal 0 0 -1
    outer loop
      vertex -14.5507 9.72247 6.35
      vertex -16.3799 10.9447 6.35
      vertex -15.982 11.5 6.35
    endloop
  endfacet
  facet normal 0 0 -1
    outer loop
      vertex -17.6684 8.71307 6.35
      vertex -16.1679 6.69695 6.35
      vertex -16.5713 5.62518 6.35
    endloop
  endfacet
  facet normal 0 0 -1
    outer loop
      vertex -18.6545 6.33235 6.35
      vertex -16.5713 5.62518 6.35
      vertex -16.9037 4.52933 6.35
    endloop
  endfacet
  facet normal 0 0 -1
    outer loop
      vertex -15.1554 8.75 6.35
      vertex -17.0607 9.84999 6.35
      vertex -16.3799 10.9447 6.35
    endloop
  endfacet
  facet normal 0 0 -1
    outer loop
      vertex 16.5713 5.62518 6.35
      vertex 18.6545 6.33235 6.35
      vertex 19.0287 5.09872 6.35
    endloop
  endfacet
  facet normal -0 0 -1
    outer loop
      vertex 18.6545 6.33235 6.35
      vertex 16.5713 5.62518 6.35
      vertex 18.2004 7.53885 6.35
    endloop
  endfacet
  facet normal -0 0 -1
    outer loop
      vertex 18.2004 7.53885 6.35
      vertex 16.1679 6.69695 6.35
      vertex 17.6684 8.71307 6.35
    endloop
  endfacet
  facet normal 0 0 -1
    outer loop
      vertex 16.5713 5.62518 6.35
      vertex 19.0287 5.09872 6.35
      vertex 16.9037 4.52933 6.35
    endloop
  endfacet
  facet normal 0 0 -1
    outer loop
      vertex 16.894 4.52673 6.35
      vertex 16.9037 4.52933 6.35
      vertex 19.0287 5.09872 6.35
    endloop
  endfacet
  facet normal 0 0 -1
    outer loop
      vertex 16.9037 4.52933 6.35
      vertex 16.894 4.52673 6.35
      vertex 16.894 4.52674 6.35
    endloop
  endfacet
  facet normal 0 0 -1
    outer loop
      vertex 18.2004 7.53885 6.35
      vertex 16.5713 5.62518 6.35
      vertex 16.1679 6.69695 6.35
    endloop
  endfacet
  facet normal 0 0 -1
    outer loop
      vertex 15.6953 7.74005 6.35
      vertex 17.6684 8.71307 6.35
      vertex 16.1679 6.69695 6.35
    endloop
  endfacet
  facet normal -0 0 -1
    outer loop
      vertex 17.6684 8.71307 6.35
      vertex 15.6953 7.74005 6.35
      vertex 17.0607 9.84999 6.35
    endloop
  endfacet
  facet normal 0 0 -1
    outer loop
      vertex 15.1554 8.75 6.35
      vertex 17.0607 9.84999 6.35
      vertex 15.6953 7.74005 6.35
    endloop
  endfacet
  facet normal -0 0 -1
    outer loop
      vertex 17.0607 9.84999 6.35
      vertex 15.1554 8.75 6.35
      vertex 16.3799 10.9447 6.35
    endloop
  endfacet
  facet normal 0 0 -1
    outer loop
      vertex 14.5507 9.72247 6.35
      vertex 16.3799 10.9447 6.35
      vertex 15.1554 8.75 6.35
    endloop
  endfacet
  facet normal -0 0 -1
    outer loop
      vertex 16.3799 10.9447 6.35
      vertex 14.5507 9.72247 6.35
      vertex 15.982 11.5 6.35
    endloop
  endfacet
  facet normal 0 0 -1
    outer loop
      vertex 13.8837 10.6533 6.35
      vertex 15.982 11.5 6.35
      vertex 14.5507 9.72247 6.35
    endloop
  endfacet
  facet normal -0 0 -1
    outer loop
      vertex 15.982 11.5 6.35
      vertex 13.8837 10.6533 6.35
      vertex 13.1888 11.5 6.35
    endloop
  endfacet
  facet normal -0 0 1
    outer loop
      vertex -15.982 11.5 8.35
      vertex -13.8837 10.6533 8.35
      vertex -13.1888 11.5 8.35
    endloop
  endfacet
  facet normal 0 0 1
    outer loop
      vertex -15.982 11.5 8.35
      vertex -14.5507 9.72247 8.35
      vertex -13.8837 10.6533 8.35
    endloop
  endfacet
  facet normal -0 0 1
    outer loop
      vertex -16.3799 10.9447 8.35
      vertex -14.5507 9.72247 8.35
      vertex -15.982 11.5 8.35
    endloop
  endfacet
  facet normal 0 0 1
    outer loop
      vertex -14.5507 9.72247 8.35
      vertex -16.3799 10.9447 8.35
      vertex -15.1554 8.75 8.35
    endloop
  endfacet
  facet normal -0 0 1
    outer loop
      vertex -17.0607 9.84999 8.35
      vertex -15.1554 8.75 8.35
      vertex -16.3799 10.9447 8.35
    endloop
  endfacet
  facet normal 0 0 1
    outer loop
      vertex -15.1554 8.75 8.35
      vertex -17.0607 9.84999 8.35
      vertex -15.6953 7.74005 8.35
    endloop
  endfacet
  facet normal -0 0 1
    outer loop
      vertex -17.6684 8.71307 8.35
      vertex -15.6953 7.74005 8.35
      vertex -17.0607 9.84999 8.35
    endloop
  endfacet
  facet normal 0 0 1
    outer loop
      vertex -15.6953 7.74005 8.35
      vertex -17.6684 8.71307 8.35
      vertex -16.1679 6.69695 8.35
    endloop
  endfacet
  facet normal -0 0 1
    outer loop
      vertex -18.2004 7.53885 8.35
      vertex -16.1679 6.69695 8.35
      vertex -17.6684 8.71307 8.35
    endloop
  endfacet
  facet normal 0 0 1
    outer loop
      vertex -16.9037 4.52933 8.35
      vertex -16.894 4.52673 8.35
      vertex -16.894 4.52674 8.35
    endloop
  endfacet
  facet normal 0 0 1
    outer loop
      vertex -16.1679 6.69695 8.35
      vertex -18.2004 7.53885 8.35
      vertex -16.5713 5.62518 8.35
    endloop
  endfacet
  facet normal -0 0 1
    outer loop
      vertex -18.6545 6.33235 8.35
      vertex -16.5713 5.62518 8.35
      vertex -18.2004 7.53885 8.35
    endloop
  endfacet
  facet normal 0 0 1
    outer loop
      vertex -16.5713 5.62518 8.35
      vertex -18.6545 6.33235 8.35
      vertex -16.9037 4.52933 8.35
    endloop
  endfacet
  facet normal 0 0 1
    outer loop
      vertex -16.9037 4.52933 8.35
      vertex -19.0287 5.09872 8.35
      vertex -16.894 4.52673 8.35
    endloop
  endfacet
  facet normal -0 0 1
    outer loop
      vertex -19.0287 5.09872 8.35
      vertex -16.9037 4.52933 8.35
      vertex -18.6545 6.33235 8.35
    endloop
  endfacet
  facet normal 0 0 1
    outer loop
      vertex 18.6545 6.33235 8.35
      vertex 16.5713 5.62518 8.35
      vertex 16.9037 4.52933 8.35
    endloop
  endfacet
  facet normal 0 0 1
    outer loop
      vertex 15.1554 8.75 8.35
      vertex 17.0607 9.84999 8.35
      vertex 16.3799 10.9447 8.35
    endloop
  endfacet
  facet normal 0 0 1
    outer loop
      vertex 17.6684 8.71307 8.35
      vertex 16.1679 6.69695 8.35
      vertex 16.5713 5.62518 8.35
    endloop
  endfacet
  facet normal 0 0 1
    outer loop
      vertex 14.5507 9.72247 8.35
      vertex 16.3799 10.9447 8.35
      vertex 15.982 11.5 8.35
    endloop
  endfacet
  facet normal 0 0 1
    outer loop
      vertex 17.6684 8.71307 8.35
      vertex 15.6953 7.74005 8.35
      vertex 16.1679 6.69695 8.35
    endloop
  endfacet
  facet normal 0 0 1
    outer loop
      vertex 17.0607 9.84999 8.35
      vertex 15.1554 8.75 8.35
      vertex 15.6953 7.74005 8.35
    endloop
  endfacet
  facet normal 0 0 1
    outer loop
      vertex 16.3799 10.9447 8.35
      vertex 14.5507 9.72247 8.35
      vertex 15.1554 8.75 8.35
    endloop
  endfacet
  facet normal 0 0 1
    outer loop
      vertex 15.982 11.5 8.35
      vertex 13.8837 10.6533 8.35
      vertex 14.5507 9.72247 8.35
    endloop
  endfacet
  facet normal 0 -0 1
    outer loop
      vertex 13.8837 10.6533 8.35
      vertex 15.982 11.5 8.35
      vertex 13.1888 11.5 8.35
    endloop
  endfacet
  facet normal 0 0 1
    outer loop
      vertex 16.5713 5.62518 8.35
      vertex 18.6545 6.33235 8.35
      vertex 18.2004 7.53885 8.35
    endloop
  endfacet
  facet normal 0 0 1
    outer loop
      vertex 16.5713 5.62518 8.35
      vertex 18.2004 7.53885 8.35
      vertex 17.6684 8.71307 8.35
    endloop
  endfacet
  facet normal 0 0 1
    outer loop
      vertex 15.6953 7.74005 8.35
      vertex 17.6684 8.71307 8.35
      vertex 17.0607 9.84999 8.35
    endloop
  endfacet
  facet normal 0 0 1
    outer loop
      vertex 18.6545 6.33235 8.35
      vertex 16.9037 4.52933 8.35
      vertex 19.0287 5.09872 8.35
    endloop
  endfacet
  facet normal -0 0 1
    outer loop
      vertex 16.9037 4.52933 8.35
      vertex 16.894 4.52673 8.35
      vertex 19.0287 5.09872 8.35
    endloop
  endfacet
  facet normal 0 0 1
    outer loop
      vertex 16.894 4.52673 8.35
      vertex 16.9037 4.52933 8.35
      vertex 16.894 4.52674 8.35
    endloop
  endfacet
  facet normal -1 0 0
    outer loop
      vertex 16.894 4.52673 6.35
      vertex 16.894 4.52674 8.35
      vertex 16.894 4.52674 6.35
    endloop
  endfacet
  facet normal -1 -0 0
    outer loop
      vertex 16.894 4.52674 8.35
      vertex 16.894 4.52673 6.35
      vertex 16.894 4.52673 8.35
    endloop
  endfacet
  facet normal 0.258819 -0.965926 0
    outer loop
      vertex 16.894 4.52673 6.35
      vertex 19.0287 5.09872 8.35
      vertex 16.894 4.52673 8.35
    endloop
  endfacet
  facet normal 0.258819 -0.965926 0
    outer loop
      vertex 19.0287 5.09872 8.35
      vertex 16.894 4.52673 6.35
      vertex 19.0287 5.09872 6.35
    endloop
  endfacet
  facet normal 0.956944 0.290272 0
    outer loop
      vertex 19.0287 5.09872 8.35
      vertex 18.6545 6.33235 6.35
      vertex 18.6545 6.33235 8.35
    endloop
  endfacet
  facet normal 0.956944 0.290272 0
    outer loop
      vertex 18.6545 6.33235 6.35
      vertex 19.0287 5.09872 8.35
      vertex 19.0287 5.09872 6.35
    endloop
  endfacet
  facet normal 0.935905 0.352254 0
    outer loop
      vertex 18.6545 6.33235 8.35
      vertex 18.2004 7.53885 6.35
      vertex 18.2004 7.53885 8.35
    endloop
  endfacet
  facet normal 0.935905 0.352254 0
    outer loop
      vertex 18.2004 7.53885 6.35
      vertex 18.6545 6.33235 8.35
      vertex 18.6545 6.33235 6.35
    endloop
  endfacet
  facet normal 0.910873 0.412686 0
    outer loop
      vertex 18.2004 7.53885 8.35
      vertex 17.6684 8.71307 6.35
      vertex 17.6684 8.71307 8.35
    endloop
  endfacet
  facet normal 0.910873 0.412686 0
    outer loop
      vertex 17.6684 8.71307 6.35
      vertex 18.2004 7.53885 8.35
      vertex 18.2004 7.53885 6.35
    endloop
  endfacet
  facet normal 0.88192 0.471399 0
    outer loop
      vertex 17.6684 8.71307 8.35
      vertex 17.0607 9.84999 6.35
      vertex 17.0607 9.84999 8.35
    endloop
  endfacet
  facet normal 0.88192 0.471399 0
    outer loop
      vertex 17.0607 9.84999 6.35
      vertex 17.6684 8.71307 8.35
      vertex 17.6684 8.71307 6.35
    endloop
  endfacet
  facet normal 0.849179 0.528105 0
    outer loop
      vertex 17.0607 9.84999 8.35
      vertex 16.3799 10.9447 6.35
      vertex 16.3799 10.9447 8.35
    endloop
  endfacet
  facet normal 0.849179 0.528105 0
    outer loop
      vertex 16.3799 10.9447 6.35
      vertex 17.0607 9.84999 8.35
      vertex 17.0607 9.84999 6.35
    endloop
  endfacet
  facet normal 0.812862 0.582456 0
    outer loop
      vertex 16.3799 10.9447 8.35
      vertex 15.982 11.5 6.35
      vertex 15.982 11.5 8.35
    endloop
  endfacet
  facet normal 0.812862 0.582456 0
    outer loop
      vertex 15.982 11.5 6.35
      vertex 16.3799 10.9447 8.35
      vertex 16.3799 10.9447 6.35
    endloop
  endfacet
  facet normal -0.812862 0.582456 0
    outer loop
      vertex -16.3799 10.9447 6.35
      vertex -15.982 11.5 8.35
      vertex -15.982 11.5 6.35
    endloop
  endfacet
  facet normal -0.812862 0.582456 0
    outer loop
      vertex -15.982 11.5 8.35
      vertex -16.3799 10.9447 6.35
      vertex -16.3799 10.9447 8.35
    endloop
  endfacet
  facet normal -0.849179 0.528105 0
    outer loop
      vertex -17.0607 9.84999 6.35
      vertex -16.3799 10.9447 8.35
      vertex -16.3799 10.9447 6.35
    endloop
  endfacet
  facet normal -0.849179 0.528105 0
    outer loop
      vertex -16.3799 10.9447 8.35
      vertex -17.0607 9.84999 6.35
      vertex -17.0607 9.84999 8.35
    endloop
  endfacet
  facet normal -0.88192 0.471399 0
    outer loop
      vertex -17.6684 8.71307 6.35
      vertex -17.0607 9.84999 8.35
      vertex -17.0607 9.84999 6.35
    endloop
  endfacet
  facet normal -0.88192 0.471399 0
    outer loop
      vertex -17.0607 9.84999 8.35
      vertex -17.6684 8.71307 6.35
      vertex -17.6684 8.71307 8.35
    endloop
  endfacet
  facet normal -0.910873 0.412686 0
    outer loop
      vertex -18.2004 7.53885 6.35
      vertex -17.6684 8.71307 8.35
      vertex -17.6684 8.71307 6.35
    endloop
  endfacet
  facet normal -0.910873 0.412686 0
    outer loop
      vertex -17.6684 8.71307 8.35
      vertex -18.2004 7.53885 6.35
      vertex -18.2004 7.53885 8.35
    endloop
  endfacet
  facet normal -0.935905 0.352254 0
    outer loop
      vertex -18.6545 6.33235 6.35
      vertex -18.2004 7.53885 8.35
      vertex -18.2004 7.53885 6.35
    endloop
  endfacet
  facet normal -0.935905 0.352254 0
    outer loop
      vertex -18.2004 7.53885 8.35
      vertex -18.6545 6.33235 6.35
      vertex -18.6545 6.33235 8.35
    endloop
  endfacet
  facet normal -0.956944 0.290272 0
    outer loop
      vertex -19.0287 5.09872 6.35
      vertex -18.6545 6.33235 8.35
      vertex -18.6545 6.33235 6.35
    endloop
  endfacet
  facet normal -0.956944 0.290272 0
    outer loop
      vertex -18.6545 6.33235 8.35
      vertex -19.0287 5.09872 6.35
      vertex -19.0287 5.09872 8.35
    endloop
  endfacet
  facet normal -0.258819 -0.965926 0
    outer loop
      vertex -19.0287 5.09872 6.35
      vertex -16.894 4.52673 8.35
      vertex -19.0287 5.09872 8.35
    endloop
  endfacet
  facet normal -0.258819 -0.965926 -0
    outer loop
      vertex -16.894 4.52673 8.35
      vertex -19.0287 5.09872 6.35
      vertex -16.894 4.52673 6.35
    endloop
  endfacet
  facet normal 1 -0 0
    outer loop
      vertex -16.894 4.52673 8.35
      vertex -16.894 4.52674 6.35
      vertex -16.894 4.52674 8.35
    endloop
  endfacet
  facet normal 1 0 0
    outer loop
      vertex -16.894 4.52674 6.35
      vertex -16.894 4.52673 8.35
      vertex -16.894 4.52673 6.35
    endloop
  endfacet
  facet normal 0 0 -1
    outer loop
      vertex -16.894 4.52673 -8.35
      vertex -16.9037 4.52933 -8.35
      vertex -16.894 4.52674 -8.35
    endloop
  endfacet
  facet normal 0 0 -1
    outer loop
      vertex -15.6953 7.74005 -8.35
      vertex -17.6684 8.71307 -8.35
      vertex -17.0607 9.84999 -8.35
    endloop
  endfacet
  facet normal 0 0 -1
    outer loop
      vertex -16.5713 5.62518 -8.35
      vertex -18.2004 7.53885 -8.35
      vertex -17.6684 8.71307 -8.35
    endloop
  endfacet
  facet normal 0 0 -1
    outer loop
      vertex -16.5713 5.62518 -8.35
      vertex -18.6545 6.33235 -8.35
      vertex -18.2004 7.53885 -8.35
    endloop
  endfacet
  facet normal 0 0 -1
    outer loop
      vertex -16.9037 4.52933 -8.35
      vertex -19.0287 5.09872 -8.35
      vertex -18.6545 6.33235 -8.35
    endloop
  endfacet
  facet normal 0 0 -1
    outer loop
      vertex -19.0287 5.09872 -8.35
      vertex -16.9037 4.52933 -8.35
      vertex -16.894 4.52673 -8.35
    endloop
  endfacet
  facet normal 0 0 -1
    outer loop
      vertex -13.8837 10.6533 -8.35
      vertex -15.982 11.5 -8.35
      vertex -13.1888 11.5 -8.35
    endloop
  endfacet
  facet normal 0 0 -1
    outer loop
      vertex -14.5507 9.72247 -8.35
      vertex -15.982 11.5 -8.35
      vertex -13.8837 10.6533 -8.35
    endloop
  endfacet
  facet normal 0 0 -1
    outer loop
      vertex -16.3799 10.9447 -8.35
      vertex -14.5507 9.72247 -8.35
      vertex -15.1554 8.75 -8.35
    endloop
  endfacet
  facet normal 0 0 -1
    outer loop
      vertex -17.0607 9.84999 -8.35
      vertex -15.1554 8.75 -8.35
      vertex -15.6953 7.74005 -8.35
    endloop
  endfacet
  facet normal 0 0 -1
    outer loop
      vertex -17.6684 8.71307 -8.35
      vertex -15.6953 7.74005 -8.35
      vertex -16.1679 6.69695 -8.35
    endloop
  endfacet
  facet normal 0 0 -1
    outer loop
      vertex -14.5507 9.72247 -8.35
      vertex -16.3799 10.9447 -8.35
      vertex -15.982 11.5 -8.35
    endloop
  endfacet
  facet normal 0 0 -1
    outer loop
      vertex -17.6684 8.71307 -8.35
      vertex -16.1679 6.69695 -8.35
      vertex -16.5713 5.62518 -8.35
    endloop
  endfacet
  facet normal 0 0 -1
    outer loop
      vertex -18.6545 6.33235 -8.35
      vertex -16.5713 5.62518 -8.35
      vertex -16.9037 4.52933 -8.35
    endloop
  endfacet
  facet normal 0 0 -1
    outer loop
      vertex -15.1554 8.75 -8.35
      vertex -17.0607 9.84999 -8.35
      vertex -16.3799 10.9447 -8.35
    endloop
  endfacet
  facet normal 0 0 -1
    outer loop
      vertex 16.5713 5.62518 -8.35
      vertex 18.6545 6.33235 -8.35
      vertex 19.0287 5.09872 -8.35
    endloop
  endfacet
  facet normal -0 0 -1
    outer loop
      vertex 18.6545 6.33235 -8.35
      vertex 16.5713 5.62518 -8.35
      vertex 18.2004 7.53885 -8.35
    endloop
  endfacet
  facet normal -0 0 -1
    outer loop
      vertex 18.2004 7.53885 -8.35
      vertex 16.1679 6.69695 -8.35
      vertex 17.6684 8.71307 -8.35
    endloop
  endfacet
  facet normal 0 0 -1
    outer loop
      vertex 16.5713 5.62518 -8.35
      vertex 19.0287 5.09872 -8.35
      vertex 16.9037 4.52933 -8.35
    endloop
  endfacet
  facet normal 0 0 -1
    outer loop
      vertex 16.894 4.52673 -8.35
      vertex 16.9037 4.52933 -8.35
      vertex 19.0287 5.09872 -8.35
    endloop
  endfacet
  facet normal 0 0 -1
    outer loop
      vertex 16.9037 4.52933 -8.35
      vertex 16.894 4.52673 -8.35
      vertex 16.894 4.52674 -8.35
    endloop
  endfacet
  facet normal 0 0 -1
    outer loop
      vertex 18.2004 7.53885 -8.35
      vertex 16.5713 5.62518 -8.35
      vertex 16.1679 6.69695 -8.35
    endloop
  endfacet
  facet normal 0 0 -1
    outer loop
      vertex 15.6953 7.74005 -8.35
      vertex 17.6684 8.71307 -8.35
      vertex 16.1679 6.69695 -8.35
    endloop
  endfacet
  facet normal -0 0 -1
    outer loop
      vertex 17.6684 8.71307 -8.35
      vertex 15.6953 7.74005 -8.35
      vertex 17.0607 9.84999 -8.35
    endloop
  endfacet
  facet normal 0 0 -1
    outer loop
      vertex 15.1554 8.75 -8.35
      vertex 17.0607 9.84999 -8.35
      vertex 15.6953 7.74005 -8.35
    endloop
  endfacet
  facet normal -0 0 -1
    outer loop
      vertex 17.0607 9.84999 -8.35
      vertex 15.1554 8.75 -8.35
      vertex 16.3799 10.9447 -8.35
    endloop
  endfacet
  facet normal 0 0 -1
    outer loop
      vertex 14.5507 9.72247 -8.35
      vertex 16.3799 10.9447 -8.35
      vertex 15.1554 8.75 -8.35
    endloop
  endfacet
  facet normal -0 0 -1
    outer loop
      vertex 16.3799 10.9447 -8.35
      vertex 14.5507 9.72247 -8.35
      vertex 15.982 11.5 -8.35
    endloop
  endfacet
  facet normal 0 0 -1
    outer loop
      vertex 13.8837 10.6533 -8.35
      vertex 15.982 11.5 -8.35
      vertex 14.5507 9.72247 -8.35
    endloop
  endfacet
  facet normal -0 0 -1
    outer loop
      vertex 15.982 11.5 -8.35
      vertex 13.8837 10.6533 -8.35
      vertex 13.1888 11.5 -8.35
    endloop
  endfacet
  facet normal -0 0 1
    outer loop
      vertex -15.982 11.5 -6.35
      vertex -13.8837 10.6533 -6.35
      vertex -13.1888 11.5 -6.35
    endloop
  endfacet
  facet normal 0 0 1
    outer loop
      vertex -15.982 11.5 -6.35
      vertex -14.5507 9.72247 -6.35
      vertex -13.8837 10.6533 -6.35
    endloop
  endfacet
  facet normal -0 0 1
    outer loop
      vertex -16.3799 10.9447 -6.35
      vertex -14.5507 9.72247 -6.35
      vertex -15.982 11.5 -6.35
    endloop
  endfacet
  facet normal 0 0 1
    outer loop
      vertex -14.5507 9.72247 -6.35
      vertex -16.3799 10.9447 -6.35
      vertex -15.1554 8.75 -6.35
    endloop
  endfacet
  facet normal -0 0 1
    outer loop
      vertex -17.0607 9.84999 -6.35
      vertex -15.1554 8.75 -6.35
      vertex -16.3799 10.9447 -6.35
    endloop
  endfacet
  facet normal 0 0 1
    outer loop
      vertex -15.1554 8.75 -6.35
      vertex -17.0607 9.84999 -6.35
      vertex -15.6953 7.74005 -6.35
    endloop
  endfacet
  facet normal -0 0 1
    outer loop
      vertex -17.6684 8.71307 -6.35
      vertex -15.6953 7.74005 -6.35
      vertex -17.0607 9.84999 -6.35
    endloop
  endfacet
  facet normal 0 0 1
    outer loop
      vertex -15.6953 7.74005 -6.35
      vertex -17.6684 8.71307 -6.35
      vertex -16.1679 6.69695 -6.35
    endloop
  endfacet
  facet normal -0 0 1
    outer loop
      vertex -18.2004 7.53885 -6.35
      vertex -16.1679 6.69695 -6.35
      vertex -17.6684 8.71307 -6.35
    endloop
  endfacet
  facet normal 0 0 1
    outer loop
      vertex -16.9037 4.52933 -6.35
      vertex -16.894 4.52673 -6.35
      vertex -16.894 4.52674 -6.35
    endloop
  endfacet
  facet normal 0 0 1
    outer loop
      vertex -16.1679 6.69695 -6.35
      vertex -18.2004 7.53885 -6.35
      vertex -16.5713 5.62518 -6.35
    endloop
  endfacet
  facet normal -0 0 1
    outer loop
      vertex -18.6545 6.33235 -6.35
      vertex -16.5713 5.62518 -6.35
      vertex -18.2004 7.53885 -6.35
    endloop
  endfacet
  facet normal 0 0 1
    outer loop
      vertex -16.5713 5.62518 -6.35
      vertex -18.6545 6.33235 -6.35
      vertex -16.9037 4.52933 -6.35
    endloop
  endfacet
  facet normal 0 0 1
    outer loop
      vertex -16.9037 4.52933 -6.35
      vertex -19.0287 5.09872 -6.35
      vertex -16.894 4.52673 -6.35
    endloop
  endfacet
  facet normal -0 0 1
    outer loop
      vertex -19.0287 5.09872 -6.35
      vertex -16.9037 4.52933 -6.35
      vertex -18.6545 6.33235 -6.35
    endloop
  endfacet
  facet normal 0 0 1
    outer loop
      vertex 18.6545 6.33235 -6.35
      vertex 16.5713 5.62518 -6.35
      vertex 16.9037 4.52933 -6.35
    endloop
  endfacet
  facet normal 0 0 1
    outer loop
      vertex 15.1554 8.75 -6.35
      vertex 17.0607 9.84999 -6.35
      vertex 16.3799 10.9447 -6.35
    endloop
  endfacet
  facet normal 0 0 1
    outer loop
      vertex 17.6684 8.71307 -6.35
      vertex 16.1679 6.69695 -6.35
      vertex 16.5713 5.62518 -6.35
    endloop
  endfacet
  facet normal 0 0 1
    outer loop
      vertex 14.5507 9.72247 -6.35
      vertex 16.3799 10.9447 -6.35
      vertex 15.982 11.5 -6.35
    endloop
  endfacet
  facet normal 0 0 1
    outer loop
      vertex 17.6684 8.71307 -6.35
      vertex 15.6953 7.74005 -6.35
      vertex 16.1679 6.69695 -6.35
    endloop
  endfacet
  facet normal 0 0 1
    outer loop
      vertex 17.0607 9.84999 -6.35
      vertex 15.1554 8.75 -6.35
      vertex 15.6953 7.74005 -6.35
    endloop
  endfacet
  facet normal 0 0 1
    outer loop
      vertex 16.3799 10.9447 -6.35
      vertex 14.5507 9.72247 -6.35
      vertex 15.1554 8.75 -6.35
    endloop
  endfacet
  facet normal 0 0 1
    outer loop
      vertex 15.982 11.5 -6.35
      vertex 13.8837 10.6533 -6.35
      vertex 14.5507 9.72247 -6.35
    endloop
  endfacet
  facet normal 0 -0 1
    outer loop
      vertex 13.8837 10.6533 -6.35
      vertex 15.982 11.5 -6.35
      vertex 13.1888 11.5 -6.35
    endloop
  endfacet
  facet normal 0 0 1
    outer loop
      vertex 16.5713 5.62518 -6.35
      vertex 18.6545 6.33235 -6.35
      vertex 18.2004 7.53885 -6.35
    endloop
  endfacet
  facet normal 0 0 1
    outer loop
      vertex 16.5713 5.62518 -6.35
      vertex 18.2004 7.53885 -6.35
      vertex 17.6684 8.71307 -6.35
    endloop
  endfacet
  facet normal 0 0 1
    outer loop
      vertex 15.6953 7.74005 -6.35
      vertex 17.6684 8.71307 -6.35
      vertex 17.0607 9.84999 -6.35
    endloop
  endfacet
  facet normal 0 0 1
    outer loop
      vertex 18.6545 6.33235 -6.35
      vertex 16.9037 4.52933 -6.35
      vertex 19.0287 5.09872 -6.35
    endloop
  endfacet
  facet normal -0 0 1
    outer loop
      vertex 16.9037 4.52933 -6.35
      vertex 16.894 4.52673 -6.35
      vertex 19.0287 5.09872 -6.35
    endloop
  endfacet
  facet normal 0 0 1
    outer loop
      vertex 16.894 4.52673 -6.35
      vertex 16.9037 4.52933 -6.35
      vertex 16.894 4.52674 -6.35
    endloop
  endfacet
  facet normal -1 0 0
    outer loop
      vertex 16.894 4.52673 -8.35
      vertex 16.894 4.52674 -6.35
      vertex 16.894 4.52674 -8.35
    endloop
  endfacet
  facet normal -1 -0 0
    outer loop
      vertex 16.894 4.52674 -6.35
      vertex 16.894 4.52673 -8.35
      vertex 16.894 4.52673 -6.35
    endloop
  endfacet
  facet normal 0.258819 -0.965926 0
    outer loop
      vertex 16.894 4.52673 -8.35
      vertex 19.0287 5.09872 -6.35
      vertex 16.894 4.52673 -6.35
    endloop
  endfacet
  facet normal 0.258819 -0.965926 0
    outer loop
      vertex 19.0287 5.09872 -6.35
      vertex 16.894 4.52673 -8.35
      vertex 19.0287 5.09872 -8.35
    endloop
  endfacet
  facet normal 0.956944 0.290272 0
    outer loop
      vertex 19.0287 5.09872 -6.35
      vertex 18.6545 6.33235 -8.35
      vertex 18.6545 6.33235 -6.35
    endloop
  endfacet
  facet normal 0.956944 0.290272 0
    outer loop
      vertex 18.6545 6.33235 -8.35
      vertex 19.0287 5.09872 -6.35
      vertex 19.0287 5.09872 -8.35
    endloop
  endfacet
  facet normal 0.935905 0.352254 0
    outer loop
      vertex 18.6545 6.33235 -6.35
      vertex 18.2004 7.53885 -8.35
      vertex 18.2004 7.53885 -6.35
    endloop
  endfacet
  facet normal 0.935905 0.352254 0
    outer loop
      vertex 18.2004 7.53885 -8.35
      vertex 18.6545 6.33235 -6.35
      vertex 18.6545 6.33235 -8.35
    endloop
  endfacet
  facet normal 0.910873 0.412686 0
    outer loop
      vertex 18.2004 7.53885 -6.35
      vertex 17.6684 8.71307 -8.35
      vertex 17.6684 8.71307 -6.35
    endloop
  endfacet
  facet normal 0.910873 0.412686 0
    outer loop
      vertex 17.6684 8.71307 -8.35
      vertex 18.2004 7.53885 -6.35
      vertex 18.2004 7.53885 -8.35
    endloop
  endfacet
  facet normal 0.88192 0.471399 0
    outer loop
      vertex 17.6684 8.71307 -6.35
      vertex 17.0607 9.84999 -8.35
      vertex 17.0607 9.84999 -6.35
    endloop
  endfacet
  facet normal 0.88192 0.471399 0
    outer loop
      vertex 17.0607 9.84999 -8.35
      vertex 17.6684 8.71307 -6.35
      vertex 17.6684 8.71307 -8.35
    endloop
  endfacet
  facet normal 0.849179 0.528105 0
    outer loop
      vertex 17.0607 9.84999 -6.35
      vertex 16.3799 10.9447 -8.35
      vertex 16.3799 10.9447 -6.35
    endloop
  endfacet
  facet normal 0.849179 0.528105 0
    outer loop
      vertex 16.3799 10.9447 -8.35
      vertex 17.0607 9.84999 -6.35
      vertex 17.0607 9.84999 -8.35
    endloop
  endfacet
  facet normal 0.812862 0.582456 0
    outer loop
      vertex 16.3799 10.9447 -6.35
      vertex 15.982 11.5 -8.35
      vertex 15.982 11.5 -6.35
    endloop
  endfacet
  facet normal 0.812862 0.582456 0
    outer loop
      vertex 15.982 11.5 -8.35
      vertex 16.3799 10.9447 -6.35
      vertex 16.3799 10.9447 -8.35
    endloop
  endfacet
  facet normal -0.812862 0.582456 0
    outer loop
      vertex -16.3799 10.9447 -8.35
      vertex -15.982 11.5 -6.35
      vertex -15.982 11.5 -8.35
    endloop
  endfacet
  facet normal -0.812862 0.582456 0
    outer loop
      vertex -15.982 11.5 -6.35
      vertex -16.3799 10.9447 -8.35
      vertex -16.3799 10.9447 -6.35
    endloop
  endfacet
  facet normal -0.849179 0.528105 0
    outer loop
      vertex -17.0607 9.84999 -8.35
      vertex -16.3799 10.9447 -6.35
      vertex -16.3799 10.9447 -8.35
    endloop
  endfacet
  facet normal -0.849179 0.528105 0
    outer loop
      vertex -16.3799 10.9447 -6.35
      vertex -17.0607 9.84999 -8.35
      vertex -17.0607 9.84999 -6.35
    endloop
  endfacet
  facet normal -0.88192 0.471399 0
    outer loop
      vertex -17.6684 8.71307 -8.35
      vertex -17.0607 9.84999 -6.35
      vertex -17.0607 9.84999 -8.35
    endloop
  endfacet
  facet normal -0.88192 0.471399 0
    outer loop
      vertex -17.0607 9.84999 -6.35
      vertex -17.6684 8.71307 -8.35
      vertex -17.6684 8.71307 -6.35
    endloop
  endfacet
  facet normal -0.910873 0.412686 0
    outer loop
      vertex -18.2004 7.53885 -8.35
      vertex -17.6684 8.71307 -6.35
      vertex -17.6684 8.71307 -8.35
    endloop
  endfacet
  facet normal -0.910873 0.412686 0
    outer loop
      vertex -17.6684 8.71307 -6.35
      vertex -18.2004 7.53885 -8.35
      vertex -18.2004 7.53885 -6.35
    endloop
  endfacet
  facet normal -0.935905 0.352254 0
    outer loop
      vertex -18.6545 6.33235 -8.35
      vertex -18.2004 7.53885 -6.35
      vertex -18.2004 7.53885 -8.35
    endloop
  endfacet
  facet normal -0.935905 0.352254 0
    outer loop
      vertex -18.2004 7.53885 -6.35
      vertex -18.6545 6.33235 -8.35
      vertex -18.6545 6.33235 -6.35
    endloop
  endfacet
  facet normal -0.956944 0.290272 0
    outer loop
      vertex -19.0287 5.09872 -8.35
      vertex -18.6545 6.33235 -6.35
      vertex -18.6545 6.33235 -8.35
    endloop
  endfacet
  facet normal -0.956944 0.290272 0
    outer loop
      vertex -18.6545 6.33235 -6.35
      vertex -19.0287 5.09872 -8.35
      vertex -19.0287 5.09872 -6.35
    endloop
  endfacet
  facet normal -0.258819 -0.965926 0
    outer loop
      vertex -19.0287 5.09872 -8.35
      vertex -16.894 4.52673 -6.35
      vertex -19.0287 5.09872 -6.35
    endloop
  endfacet
  facet normal -0.258819 -0.965926 -0
    outer loop
      vertex -16.894 4.52673 -6.35
      vertex -19.0287 5.09872 -8.35
      vertex -16.894 4.52673 -8.35
    endloop
  endfacet
  facet normal 1 -0 0
    outer loop
      vertex -16.894 4.52673 -6.35
      vertex -16.894 4.52674 -8.35
      vertex -16.894 4.52674 -6.35
    endloop
  endfacet
  facet normal 1 0 0
    outer loop
      vertex -16.894 4.52674 -8.35
      vertex -16.894 4.52673 -6.35
      vertex -16.894 4.52673 -8.35
    endloop
  endfacet
  facet normal -0.986654 0 -0.16283
    outer loop
      vertex 14.2214 3.8106 2.82881
      vertex 14.3759 9.96635 1.89263
      vertex 14.3759 3.85202 1.89263
    endloop
  endfacet
  facet normal -0.986654 0 -0.16283
    outer loop
      vertex 14.3759 9.96635 1.89263
      vertex 14.2214 3.8106 2.82881
      vertex 14.2214 10.182 2.82881
    endloop
  endfacet
  facet normal -0.986654 0 -0.16283
    outer loop
      vertex 14.3759 11.5 1.89263
      vertex 14.2214 21.1 2.82881
      vertex 14.3759 21.1 1.89263
    endloop
  endfacet
  facet normal -0.986654 -0 -0.16283
    outer loop
      vertex 14.2214 21.1 2.82881
      vertex 14.3759 11.5 1.89263
      vertex 14.2214 11.5 2.82881
    endloop
  endfacet
  facet normal -0.995175 0 -0.0981174
    outer loop
      vertex 14.3759 3.85202 1.89263
      vertex 14.469 9.83656 0.948345
      vertex 14.469 3.87694 0.948345
    endloop
  endfacet
  facet normal -0.995175 0 -0.0981174
    outer loop
      vertex 14.469 9.83656 0.948345
      vertex 14.3759 3.85202 1.89263
      vertex 14.3759 9.96635 1.89263
    endloop
  endfacet
  facet normal -0.995175 0 -0.0981174
    outer loop
      vertex 14.469 11.5 0.948345
      vertex 14.3759 21.1 1.89263
      vertex 14.469 21.1 0.948345
    endloop
  endfacet
  facet normal -0.995175 -0 -0.0981174
    outer loop
      vertex 14.3759 21.1 1.89263
      vertex 14.469 11.5 0.948345
      vertex 14.3759 11.5 1.89263
    endloop
  endfacet
  facet normal -0.999466 0 -0.0326711
    outer loop
      vertex 14.469 3.87694 0.948345
      vertex 14.5 9.79323 0
      vertex 14.5 3.88526 0
    endloop
  endfacet
  facet normal -0.999466 0 -0.0326711
    outer loop
      vertex 14.5 9.79323 0
      vertex 14.469 3.87694 0.948345
      vertex 14.469 9.83656 0.948345
    endloop
  endfacet
  facet normal -0.999466 0 -0.0326711
    outer loop
      vertex 14.5 11.5 0
      vertex 14.469 21.1 0.948345
      vertex 14.5 21.1 0
    endloop
  endfacet
  facet normal -0.999466 -0 -0.0326711
    outer loop
      vertex 14.469 21.1 0.948345
      vertex 14.5 11.5 0
      vertex 14.469 11.5 0.948345
    endloop
  endfacet
  facet normal -1 0 0
    outer loop
      vertex 10.253 10.253 10.2531
      vertex 10.253 21.1 10.253
      vertex 10.253 10.253 10.253
    endloop
  endfacet
  facet normal -0.683603 -6.72863e-06 -0.729854
    outer loop
      vertex 9.56051 10.9017 10.9017
      vertex 10.253 21.1 10.253
      vertex 10.253 10.253 10.2531
    endloop
  endfacet
  facet normal -0.683655 0 -0.729805
    outer loop
      vertex 10.253 21.1 10.253
      vertex 9.56051 10.9017 10.9017
      vertex 9.56051 21.1 10.9017
    endloop
  endfacet
  facet normal -0.528098 0 -0.849183
    outer loop
      vertex 7.25 11.5 12.5574
      vertex 8.05577 21.1 12.0563
      vertex 8.05577 11.5 12.0563
    endloop
  endfacet
  facet normal -0.528098 0 -0.849183
    outer loop
      vertex 8.05577 21.1 12.0563
      vertex 7.25 11.5 12.5574
      vertex 7.25 21.1 12.5574
    endloop
  endfacet
  facet normal -0.0326711 0 -0.999466
    outer loop
      vertex 0 11.5 14.5
      vertex 0.948345 21.1 14.469
      vertex 0.948345 11.5 14.469
    endloop
  endfacet
  facet normal -0.0326711 0 -0.999466
    outer loop
      vertex 0.948345 21.1 14.469
      vertex 0 11.5 14.5
      vertex 0 21.1 14.5
    endloop
  endfacet
  facet normal -0.812839 0 0.582489
    outer loop
      vertex 11.5036 8.82702 -8.82704
      vertex 12.0563 21.1 -8.05577
      vertex 11.5036 21.1 -8.82704
    endloop
  endfacet
  facet normal -0.812839 0 0.582489
    outer loop
      vertex 12.0563 8.05576 -8.05577
      vertex 12.0563 21.1 -8.05577
      vertex 11.5036 8.82702 -8.82704
    endloop
  endfacet
  facet normal 0 0 0
    outer loop
      vertex 12.0563 21.1 -8.05577
      vertex 12.0563 8.05576 -8.05577
      vertex 12.0563 8.05575 -8.05577
    endloop
  endfacet
  facet normal -0.227113 0 -0.973868
    outer loop
      vertex 2.82881 11.5 14.2214
      vertex 3.75288 21.1 14.0059
      vertex 3.75288 11.5 14.0059
    endloop
  endfacet
  facet normal -0.227113 0 -0.973868
    outer loop
      vertex 3.75288 21.1 14.0059
      vertex 2.82881 11.5 14.2214
      vertex 2.82881 21.1 14.2214
    endloop
  endfacet
  facet normal 0.582489 0 -0.812839
    outer loop
      vertex -8.82704 11.5 11.5036
      vertex -8.05577 21.1 12.0563
      vertex -8.05577 11.5 12.0563
    endloop
  endfacet
  facet normal 0.582489 0 -0.812839
    outer loop
      vertex -8.05577 21.1 12.0563
      vertex -8.82704 11.5 11.5036
      vertex -8.82704 21.1 11.5036
    endloop
  endfacet
  facet normal -0.973868 0 -0.227113
    outer loop
      vertex 14.0059 3.75287 3.75288
      vertex 14.2214 10.182 2.82881
      vertex 14.2214 3.8106 2.82881
    endloop
  endfacet
  facet normal -0.973868 0 -0.227113
    outer loop
      vertex 14.2214 10.182 2.82881
      vertex 14.0059 3.75287 3.75288
      vertex 14.0059 10.4827 3.75288
    endloop
  endfacet
  facet normal -0.973868 0 -0.227113
    outer loop
      vertex 14.2214 11.5 2.82881
      vertex 14.0059 21.1 3.75288
      vertex 14.2214 21.1 2.82881
    endloop
  endfacet
  facet normal -0.973868 -0 -0.227113
    outer loop
      vertex 14.0059 21.1 3.75288
      vertex 14.2214 11.5 2.82881
      vertex 14.0059 11.5 3.75288
    endloop
  endfacet
  facet normal 0.935918 0 0.352218
    outer loop
      vertex -13.7305 10.84 -4.66087
      vertex -13.3963 5.54887 -5.54891
      vertex -13.3963 11.2473 -5.54891
    endloop
  endfacet
  facet normal 0.935917 -5.70016e-07 0.352221
    outer loop
      vertex -13.7305 10.84 -4.66087
      vertex -13.7305 4.66086 -4.66088
      vertex -13.3963 5.54887 -5.54891
    endloop
  endfacet
  facet normal 1 0 -0
    outer loop
      vertex -13.7305 4.66086 -4.66088
      vertex -13.7305 10.84 -4.66087
      vertex -13.7305 4.66085 -4.66087
    endloop
  endfacet
  facet normal 0.935918 -0 0.352218
    outer loop
      vertex -13.7305 11.5 -4.66087
      vertex -13.3963 21.1 -5.54891
      vertex -13.7305 21.1 -4.66087
    endloop
  endfacet
  facet normal 0.935918 0 0.352218
    outer loop
      vertex -13.3963 21.1 -5.54891
      vertex -13.7305 11.5 -4.66087
      vertex -13.3963 11.5 -5.54891
    endloop
  endfacet
  facet normal -0.812839 0 -0.582489
    outer loop
      vertex 12.0563 21.1 8.05577
      vertex 11.5036 8.82702 8.82704
      vertex 11.5036 21.1 8.82704
    endloop
  endfacet
  facet normal -0.812839 -0 -0.582489
    outer loop
      vertex 12.0563 21.1 8.05577
      vertex 12.0563 8.05576 8.05577
      vertex 11.5036 8.82702 8.82704
    endloop
  endfacet
  facet normal 0 0 -0
    outer loop
      vertex 12.0563 8.05576 8.05577
      vertex 12.0563 21.1 8.05577
      vertex 12.0563 8.05575 8.05577
    endloop
  endfacet
  facet normal 0.910864 7.41418e-06 -0.412707
    outer loop
      vertex -13.0047 21.1 6.41319
      vertex -13.1888 11.5 6.0067
      vertex -13.3963 21.1 5.54891
    endloop
  endfacet
  facet normal 0.91093 0 -0.412562
    outer loop
      vertex -13.0047 6.41318 6.41319
      vertex -13.1888 11.5 6.0067
      vertex -13.0047 21.1 6.41319
    endloop
  endfacet
  facet normal 0.910811 -2.52991e-05 -0.412824
    outer loop
      vertex -13.0047 6.41318 6.41319
      vertex -13.3963 11.2473 5.54891
      vertex -13.1888 11.5 6.0067
    endloop
  endfacet
  facet normal 0.910893 1.38127e-05 -0.412643
    outer loop
      vertex -13.3962 5.5489 5.54894
      vertex -13.3963 11.2473 5.54891
      vertex -13.0047 6.41318 6.41319
    endloop
  endfacet
  facet normal 0.287348 0 -0.957826
    outer loop
      vertex -13.3963 11.2473 5.54891
      vertex -13.3962 5.5489 5.54894
      vertex -13.3963 5.54887 5.54891
    endloop
  endfacet
  facet normal 0.910805 0 -0.412836
    outer loop
      vertex -13.3963 21.1 5.54891
      vertex -13.1888 11.5 6.0067
      vertex -13.3963 11.5 5.54891
    endloop
  endfacet
  facet normal -0.227113 0 0.973868
    outer loop
      vertex 2.82881 21.1 -14.2214
      vertex 3.75288 11.5 -14.0059
      vertex 3.75288 21.1 -14.0059
    endloop
  endfacet
  facet normal -0.227113 0 0.973868
    outer loop
      vertex 3.75288 11.5 -14.0059
      vertex 2.82881 21.1 -14.2214
      vertex 2.82881 11.5 -14.2214
    endloop
  endfacet
  facet normal -0.910805 0 -0.412836
    outer loop
      vertex 13.1888 11.5 6.0067
      vertex 13.3963 21.1 5.54891
      vertex 13.3963 11.5 5.54891
    endloop
  endfacet
  facet normal -0.910864 7.41418e-06 -0.412707
    outer loop
      vertex 13.3963 21.1 5.54891
      vertex 13.1888 11.5 6.0067
      vertex 13.0047 21.1 6.41319
    endloop
  endfacet
  facet normal -0.91093 0 -0.412562
    outer loop
      vertex 13.1888 11.5 6.0067
      vertex 13.0047 6.41318 6.41319
      vertex 13.0047 21.1 6.41319
    endloop
  endfacet
  facet normal -0.910811 -2.52991e-05 -0.412824
    outer loop
      vertex 13.3963 11.2473 5.54891
      vertex 13.0047 6.41318 6.41319
      vertex 13.1888 11.5 6.0067
    endloop
  endfacet
  facet normal -0.910893 1.38127e-05 -0.412643
    outer loop
      vertex 13.3963 11.2473 5.54891
      vertex 13.3962 5.5489 5.54894
      vertex 13.0047 6.41318 6.41319
    endloop
  endfacet
  facet normal -0.287348 0 -0.957826
    outer loop
      vertex 13.3962 5.5489 5.54894
      vertex 13.3963 11.2473 5.54891
      vertex 13.3963 5.54887 5.54891
    endloop
  endfacet
  facet normal -0.29025 0 0.956951
    outer loop
      vertex 3.75288 21.1 -14.0059
      vertex 4.66087 11.5 -13.7305
      vertex 4.66087 21.1 -13.7305
    endloop
  endfacet
  facet normal -0.29025 0 0.956951
    outer loop
      vertex 4.66087 11.5 -13.7305
      vertex 3.75288 21.1 -14.0059
      vertex 3.75288 11.5 -14.0059
    endloop
  endfacet
  facet normal -0.956965 8.24979e-06 -0.290202
    outer loop
      vertex 13.7305 4.66085 4.66087
      vertex 13.8837 10.6533 4.15585
      vertex 14.0059 10.4827 3.75288
    endloop
  endfacet
  facet normal -0.956938 0 -0.290291
    outer loop
      vertex 13.8837 10.6533 4.15585
      vertex 13.7305 4.66085 4.66087
      vertex 13.7305 10.84 4.66087
    endloop
  endfacet
  facet normal -0.956951 0 -0.29025
    outer loop
      vertex 14.0059 3.75287 3.75288
      vertex 13.7305 4.66085 4.66087
      vertex 14.0059 10.4827 3.75288
    endloop
  endfacet
  facet normal -0.95695 -0.290253 0
    outer loop
      vertex 13.7305 4.66085 4.66087
      vertex 14.0059 3.75287 3.75288
      vertex 14.0059 3.75287 3.75289
    endloop
  endfacet
  facet normal -0.956951 0 -0.29025
    outer loop
      vertex 14.0059 11.5 3.75288
      vertex 13.7305 21.1 4.66087
      vertex 14.0059 21.1 3.75288
    endloop
  endfacet
  facet normal -0.956951 -0 -0.29025
    outer loop
      vertex 13.7305 21.1 4.66087
      vertex 14.0059 11.5 3.75288
      vertex 13.7305 11.5 4.66087
    endloop
  endfacet
  facet normal 0.881914 0 0.47141
    outer loop
      vertex -13.0047 21.1 -6.41319
      vertex -12.5574 7.24998 -7.25
      vertex -12.5574 21.1 -7.25
    endloop
  endfacet
  facet normal 0.881914 0 0.47141
    outer loop
      vertex -12.5574 7.24998 -7.25
      vertex -13.0047 21.1 -6.41319
      vertex -13.0047 6.41318 -6.41319
    endloop
  endfacet
  facet normal -0.849183 0 -0.528098
    outer loop
      vertex 12.5574 21.1 7.25
      vertex 12.0563 8.05575 8.05577
      vertex 12.0563 21.1 8.05577
    endloop
  endfacet
  facet normal -0.849178 -7.6261e-07 -0.528107
    outer loop
      vertex 12.5574 21.1 7.25
      vertex 12.5574 7.25 7.25002
      vertex 12.0563 8.05575 8.05577
    endloop
  endfacet
  facet normal -1 0 -0
    outer loop
      vertex 12.5574 7.25 7.25002
      vertex 12.5574 21.1 7.25
      vertex 12.5574 7.24998 7.25
    endloop
  endfacet
  facet normal 0.683603 -6.72863e-06 -0.729854
    outer loop
      vertex -10.253 21.1 10.253
      vertex -9.56051 10.9017 10.9017
      vertex -10.253 10.253 10.2531
    endloop
  endfacet
  facet normal 1 0 0
    outer loop
      vertex -10.253 21.1 10.253
      vertex -10.253 10.253 10.2531
      vertex -10.253 10.253 10.253
    endloop
  endfacet
  facet normal 0.683655 0 -0.729805
    outer loop
      vertex -9.56051 10.9017 10.9017
      vertex -10.253 21.1 10.253
      vertex -9.56051 21.1 10.9017
    endloop
  endfacet
  facet normal 0.683655 0 0.729805
    outer loop
      vertex -10.253 21.1 -10.253
      vertex -9.56051 10.9017 -10.9017
      vertex -9.56051 21.1 -10.9017
    endloop
  endfacet
  facet normal 0.683603 -6.72863e-06 0.729854
    outer loop
      vertex -9.56051 10.9017 -10.9017
      vertex -10.253 21.1 -10.253
      vertex -10.253 10.253 -10.2531
    endloop
  endfacet
  facet normal 1 0 0
    outer loop
      vertex -10.253 10.253 -10.2531
      vertex -10.253 21.1 -10.253
      vertex -10.253 10.253 -10.253
    endloop
  endfacet
  facet normal 0.16283 0 -0.986654
    outer loop
      vertex -2.82881 11.5 14.2214
      vertex -1.89263 21.1 14.3759
      vertex -1.89263 11.5 14.3759
    endloop
  endfacet
  facet normal 0.16283 0 -0.986654
    outer loop
      vertex -1.89263 21.1 14.3759
      vertex -2.82881 11.5 14.2214
      vertex -2.82881 21.1 14.2214
    endloop
  endfacet
  facet normal 0.582489 0 0.812839
    outer loop
      vertex -8.82704 21.1 -11.5036
      vertex -8.05577 11.5 -12.0563
      vertex -8.05577 21.1 -12.0563
    endloop
  endfacet
  facet normal 0.582489 0 0.812839
    outer loop
      vertex -8.05577 11.5 -12.0563
      vertex -8.82704 21.1 -11.5036
      vertex -8.82704 11.5 -11.5036
    endloop
  endfacet
  facet normal 0.986654 0 -0.16283
    outer loop
      vertex -14.2214 3.8106 2.82881
      vertex -14.3759 9.96635 1.89263
      vertex -14.2214 10.182 2.82881
    endloop
  endfacet
  facet normal 0.986654 0 -0.16283
    outer loop
      vertex -14.3759 9.96635 1.89263
      vertex -14.2214 3.8106 2.82881
      vertex -14.3759 3.85202 1.89263
    endloop
  endfacet
  facet normal 0.986654 0 -0.16283
    outer loop
      vertex -14.2214 11.5 2.82881
      vertex -14.3759 21.1 1.89263
      vertex -14.2214 21.1 2.82881
    endloop
  endfacet
  facet normal 0.986654 0 -0.16283
    outer loop
      vertex -14.3759 21.1 1.89263
      vertex -14.2214 11.5 2.82881
      vertex -14.3759 11.5 1.89263
    endloop
  endfacet
  facet normal -0.47141 0 0.881914
    outer loop
      vertex 6.41319 21.1 -13.0047
      vertex 7.25 11.5 -12.5574
      vertex 7.25 21.1 -12.5574
    endloop
  endfacet
  facet normal -0.47141 0 0.881914
    outer loop
      vertex 7.25 11.5 -12.5574
      vertex 6.41319 21.1 -13.0047
      vertex 6.41319 11.5 -13.0047
    endloop
  endfacet
  facet normal 0.0981174 0 0.995175
    outer loop
      vertex -1.89263 21.1 -14.3759
      vertex -0.948345 11.5 -14.469
      vertex -0.948345 21.1 -14.469
    endloop
  endfacet
  facet normal 0.0981174 0 0.995175
    outer loop
      vertex -0.948345 11.5 -14.469
      vertex -1.89263 21.1 -14.3759
      vertex -1.89263 11.5 -14.3759
    endloop
  endfacet
  facet normal 0.352218 0 0.935918
    outer loop
      vertex -5.54891 21.1 -13.3963
      vertex -4.66087 11.5 -13.7305
      vertex -4.66087 21.1 -13.7305
    endloop
  endfacet
  facet normal 0.352218 0 0.935918
    outer loop
      vertex -4.66087 11.5 -13.7305
      vertex -5.54891 21.1 -13.3963
      vertex -5.54891 11.5 -13.3963
    endloop
  endfacet
  facet normal 0.227113 0 -0.973868
    outer loop
      vertex -3.75288 11.5 14.0059
      vertex -2.82881 21.1 14.2214
      vertex -2.82881 11.5 14.2214
    endloop
  endfacet
  facet normal 0.227113 0 -0.973868
    outer loop
      vertex -2.82881 21.1 14.2214
      vertex -3.75288 11.5 14.0059
      vertex -3.75288 21.1 14.0059
    endloop
  endfacet
  facet normal 0.729805 0 -0.683655
    outer loop
      vertex -10.253 10.253 10.253
      vertex -10.9017 21.1 9.56051
      vertex -10.253 21.1 10.253
    endloop
  endfacet
  facet normal 0.7298 -5.92452e-07 -0.68366
    outer loop
      vertex -10.9017 9.5605 9.56052
      vertex -10.9017 21.1 9.56051
      vertex -10.253 10.253 10.253
    endloop
  endfacet
  facet normal 1 0 0
    outer loop
      vertex -10.9017 21.1 9.56051
      vertex -10.9017 9.5605 9.56052
      vertex -10.9017 9.5605 9.56051
    endloop
  endfacet
  facet normal -0.729805 0 0.683655
    outer loop
      vertex 10.253 10.253 -10.253
      vertex 10.9017 21.1 -9.56051
      vertex 10.253 21.1 -10.253
    endloop
  endfacet
  facet normal -0.7298 -5.92452e-07 0.68366
    outer loop
      vertex 10.9017 9.5605 -9.56052
      vertex 10.9017 21.1 -9.56051
      vertex 10.253 10.253 -10.253
    endloop
  endfacet
  facet normal -1 -0 0
    outer loop
      vertex 10.9017 21.1 -9.56051
      vertex 10.9017 9.5605 -9.56052
      vertex 10.9017 9.5605 -9.56051
    endloop
  endfacet
  facet normal 0.0326711 0 -0.999466
    outer loop
      vertex -0.948345 11.5 14.469
      vertex 0 21.1 14.5
      vertex 0 11.5 14.5
    endloop
  endfacet
  facet normal 0.0326711 0 -0.999466
    outer loop
      vertex 0 21.1 14.5
      vertex -0.948345 11.5 14.469
      vertex -0.948345 21.1 14.469
    endloop
  endfacet
  facet normal -0.910864 7.41418e-06 0.412707
    outer loop
      vertex 13.0047 21.1 -6.41319
      vertex 13.1888 11.5 -6.0067
      vertex 13.3963 21.1 -5.54891
    endloop
  endfacet
  facet normal -0.91093 0 0.412562
    outer loop
      vertex 13.0047 6.41318 -6.41319
      vertex 13.1888 11.5 -6.0067
      vertex 13.0047 21.1 -6.41319
    endloop
  endfacet
  facet normal -0.910811 -2.52991e-05 0.412824
    outer loop
      vertex 13.0047 6.41318 -6.41319
      vertex 13.3963 11.2473 -5.54891
      vertex 13.1888 11.5 -6.0067
    endloop
  endfacet
  facet normal -0.910893 1.38127e-05 0.412643
    outer loop
      vertex 13.3962 5.5489 -5.54894
      vertex 13.3963 11.2473 -5.54891
      vertex 13.0047 6.41318 -6.41319
    endloop
  endfacet
  facet normal -0.287348 0 0.957826
    outer loop
      vertex 13.3963 11.2473 -5.54891
      vertex 13.3962 5.5489 -5.54894
      vertex 13.3963 5.54887 -5.54891
    endloop
  endfacet
  facet normal -0.910805 0 0.412836
    outer loop
      vertex 13.3963 21.1 -5.54891
      vertex 13.1888 11.5 -6.0067
      vertex 13.3963 11.5 -5.54891
    endloop
  endfacet
  facet normal 0.910805 0 0.412836
    outer loop
      vertex -13.1888 11.5 -6.0067
      vertex -13.3963 21.1 -5.54891
      vertex -13.3963 11.5 -5.54891
    endloop
  endfacet
  facet normal 0.910864 7.41418e-06 0.412707
    outer loop
      vertex -13.3963 21.1 -5.54891
      vertex -13.1888 11.5 -6.0067
      vertex -13.0047 21.1 -6.41319
    endloop
  endfacet
  facet normal 0.91093 0 0.412562
    outer loop
      vertex -13.1888 11.5 -6.0067
      vertex -13.0047 6.41318 -6.41319
      vertex -13.0047 21.1 -6.41319
    endloop
  endfacet
  facet normal 0.910811 -2.52991e-05 0.412824
    outer loop
      vertex -13.3963 11.2473 -5.54891
      vertex -13.0047 6.41318 -6.41319
      vertex -13.1888 11.5 -6.0067
    endloop
  endfacet
  facet normal 0.910893 1.38127e-05 0.412643
    outer loop
      vertex -13.3963 11.2473 -5.54891
      vertex -13.3962 5.5489 -5.54894
      vertex -13.0047 6.41318 -6.41319
    endloop
  endfacet
  facet normal 0.287348 0 0.957826
    outer loop
      vertex -13.3962 5.5489 -5.54894
      vertex -13.3963 11.2473 -5.54891
      vertex -13.3963 5.54887 -5.54891
    endloop
  endfacet
  facet normal 0.812839 0 -0.582489
    outer loop
      vertex -11.5036 8.82702 8.82704
      vertex -12.0563 21.1 8.05577
      vertex -11.5036 21.1 8.82704
    endloop
  endfacet
  facet normal 0.812839 0 -0.582489
    outer loop
      vertex -12.0563 8.05576 8.05577
      vertex -12.0563 21.1 8.05577
      vertex -11.5036 8.82702 8.82704
    endloop
  endfacet
  facet normal 0 0 0
    outer loop
      vertex -12.0563 21.1 8.05577
      vertex -12.0563 8.05576 8.05577
      vertex -12.0563 8.05575 8.05577
    endloop
  endfacet
  facet normal -0.973868 0 0.227113
    outer loop
      vertex 14.0059 3.75287 -3.75288
      vertex 14.2214 10.182 -2.82881
      vertex 14.0059 10.4827 -3.75288
    endloop
  endfacet
  facet normal -0.973868 0 0.227113
    outer loop
      vertex 14.2214 10.182 -2.82881
      vertex 14.0059 3.75287 -3.75288
      vertex 14.2214 3.8106 -2.82881
    endloop
  endfacet
  facet normal -0.973868 0 0.227113
    outer loop
      vertex 14.0059 11.5 -3.75288
      vertex 14.2214 21.1 -2.82881
      vertex 14.0059 21.1 -3.75288
    endloop
  endfacet
  facet normal -0.973868 0 0.227113
    outer loop
      vertex 14.2214 21.1 -2.82881
      vertex 14.0059 11.5 -3.75288
      vertex 14.2214 11.5 -2.82881
    endloop
  endfacet
  facet normal -0.528098 0 0.849183
    outer loop
      vertex 7.25 21.1 -12.5574
      vertex 8.05577 11.5 -12.0563
      vertex 8.05577 21.1 -12.0563
    endloop
  endfacet
  facet normal -0.528098 0 0.849183
    outer loop
      vertex 8.05577 11.5 -12.0563
      vertex 7.25 21.1 -12.5574
      vertex 7.25 11.5 -12.5574
    endloop
  endfacet
  facet normal -0.582489 0 -0.812839
    outer loop
      vertex 8.05577 11.5 12.0563
      vertex 8.82704 21.1 11.5036
      vertex 8.82704 11.5 11.5036
    endloop
  endfacet
  facet normal -0.582489 0 -0.812839
    outer loop
      vertex 8.82704 21.1 11.5036
      vertex 8.05577 11.5 12.0563
      vertex 8.05577 21.1 12.0563
    endloop
  endfacet
  facet normal 0.0981174 0 -0.995175
    outer loop
      vertex -1.89263 11.5 14.3759
      vertex -0.948345 21.1 14.469
      vertex -0.948345 11.5 14.469
    endloop
  endfacet
  facet normal 0.0981174 0 -0.995175
    outer loop
      vertex -0.948345 21.1 14.469
      vertex -1.89263 11.5 14.3759
      vertex -1.89263 21.1 14.3759
    endloop
  endfacet
  facet normal 0.999466 0 0.0326711
    outer loop
      vertex -14.469 3.87694 -0.948345
      vertex -14.5 9.79323 0
      vertex -14.5 3.88526 0
    endloop
  endfacet
  facet normal 0.999466 0 0.0326711
    outer loop
      vertex -14.5 9.79323 0
      vertex -14.469 3.87694 -0.948345
      vertex -14.469 9.83656 -0.948345
    endloop
  endfacet
  facet normal 0.999466 -0 0.0326711
    outer loop
      vertex -14.5 11.5 0
      vertex -14.469 21.1 -0.948345
      vertex -14.5 21.1 0
    endloop
  endfacet
  facet normal 0.999466 0 0.0326711
    outer loop
      vertex -14.469 21.1 -0.948345
      vertex -14.5 11.5 0
      vertex -14.469 11.5 -0.948345
    endloop
  endfacet
  facet normal -0.0326711 0 0.999466
    outer loop
      vertex 0 21.1 -14.5
      vertex 0.948345 11.5 -14.469
      vertex 0.948345 21.1 -14.469
    endloop
  endfacet
  facet normal -0.0326711 0 0.999466
    outer loop
      vertex 0.948345 11.5 -14.469
      vertex 0 21.1 -14.5
      vertex 0 11.5 -14.5
    endloop
  endfacet
  facet normal -0.47141 0 -0.881914
    outer loop
      vertex 6.41319 11.5 13.0047
      vertex 7.25 21.1 12.5574
      vertex 7.25 11.5 12.5574
    endloop
  endfacet
  facet normal -0.47141 0 -0.881914
    outer loop
      vertex 7.25 21.1 12.5574
      vertex 6.41319 11.5 13.0047
      vertex 6.41319 21.1 13.0047
    endloop
  endfacet
  facet normal -0.956938 0 0.290291
    outer loop
      vertex 13.7305 4.66085 -4.66087
      vertex 13.8837 10.6533 -4.15585
      vertex 13.7305 10.84 -4.66087
    endloop
  endfacet
  facet normal -0.956965 8.24979e-06 0.290202
    outer loop
      vertex 13.8837 10.6533 -4.15585
      vertex 13.7305 4.66085 -4.66087
      vertex 14.0059 10.4827 -3.75288
    endloop
  endfacet
  facet normal -0.956951 0 0.29025
    outer loop
      vertex 13.7305 4.66085 -4.66087
      vertex 14.0059 3.75287 -3.75288
      vertex 14.0059 10.4827 -3.75288
    endloop
  endfacet
  facet normal -0.95695 -0.290253 -0
    outer loop
      vertex 14.0059 3.75287 -3.75288
      vertex 13.7305 4.66085 -4.66087
      vertex 14.0059 3.75287 -3.75289
    endloop
  endfacet
  facet normal -0.956951 0 0.29025
    outer loop
      vertex 13.7305 11.5 -4.66087
      vertex 14.0059 21.1 -3.75288
      vertex 13.7305 21.1 -4.66087
    endloop
  endfacet
  facet normal -0.956951 0 0.29025
    outer loop
      vertex 14.0059 21.1 -3.75288
      vertex 13.7305 11.5 -4.66087
      vertex 14.0059 11.5 -3.75288
    endloop
  endfacet
  facet normal 0.528098 0 0.849183
    outer loop
      vertex -8.05577 21.1 -12.0563
      vertex -7.25 11.5 -12.5574
      vertex -7.25 21.1 -12.5574
    endloop
  endfacet
  facet normal 0.528098 0 0.849183
    outer loop
      vertex -7.25 11.5 -12.5574
      vertex -8.05577 21.1 -12.0563
      vertex -8.05577 11.5 -12.0563
    endloop
  endfacet
  facet normal -0.773033 0 -0.634366
    outer loop
      vertex 11.5036 21.1 8.82704
      vertex 10.9017 9.5605 9.56051
      vertex 10.9017 21.1 9.56051
    endloop
  endfacet
  facet normal -0.773029 -5.16885e-07 -0.634371
    outer loop
      vertex 11.5036 21.1 8.82704
      vertex 11.5036 8.82703 8.82705
      vertex 10.9017 9.5605 9.56051
    endloop
  endfacet
  facet normal -1 0 -0
    outer loop
      vertex 11.5036 8.82703 8.82705
      vertex 11.5036 21.1 8.82704
      vertex 11.5036 8.82702 8.82704
    endloop
  endfacet
  facet normal 0.352218 0 -0.935918
    outer loop
      vertex -5.54891 11.5 13.3963
      vertex -4.66087 21.1 13.7305
      vertex -4.66087 11.5 13.7305
    endloop
  endfacet
  facet normal 0.352218 0 -0.935918
    outer loop
      vertex -4.66087 21.1 13.7305
      vertex -5.54891 11.5 13.3963
      vertex -5.54891 21.1 13.3963
    endloop
  endfacet
  facet normal 0.973868 0 0.227113
    outer loop
      vertex -14.0059 3.75287 -3.75288
      vertex -14.2214 10.182 -2.82881
      vertex -14.2214 3.8106 -2.82881
    endloop
  endfacet
  facet normal 0.973868 0 0.227113
    outer loop
      vertex -14.2214 10.182 -2.82881
      vertex -14.0059 3.75287 -3.75288
      vertex -14.0059 10.4827 -3.75288
    endloop
  endfacet
  facet normal 0.973868 -0 0.227113
    outer loop
      vertex -14.2214 11.5 -2.82881
      vertex -14.0059 21.1 -3.75288
      vertex -14.2214 21.1 -2.82881
    endloop
  endfacet
  facet normal 0.973868 0 0.227113
    outer loop
      vertex -14.0059 21.1 -3.75288
      vertex -14.2214 11.5 -2.82881
      vertex -14.0059 11.5 -3.75288
    endloop
  endfacet
  facet normal -0.849183 0 0.528098
    outer loop
      vertex 12.0563 8.05575 -8.05577
      vertex 12.5574 21.1 -7.25
      vertex 12.0563 21.1 -8.05577
    endloop
  endfacet
  facet normal -0.849178 -7.6261e-07 0.528107
    outer loop
      vertex 12.5574 7.25 -7.25002
      vertex 12.5574 21.1 -7.25
      vertex 12.0563 8.05575 -8.05577
    endloop
  endfacet
  facet normal -1 -0 0
    outer loop
      vertex 12.5574 21.1 -7.25
      vertex 12.5574 7.25 -7.25002
      vertex 12.5574 7.24998 -7.25
    endloop
  endfacet
  facet normal -0.935918 0 -0.352218
    outer loop
      vertex 13.7305 10.84 4.66087
      vertex 13.3963 5.54887 5.54891
      vertex 13.3963 11.2473 5.54891
    endloop
  endfacet
  facet normal -0.935917 -5.70016e-07 -0.352221
    outer loop
      vertex 13.7305 10.84 4.66087
      vertex 13.7305 4.66086 4.66088
      vertex 13.3963 5.54887 5.54891
    endloop
  endfacet
  facet normal -1 0 -0
    outer loop
      vertex 13.7305 4.66086 4.66088
      vertex 13.7305 10.84 4.66087
      vertex 13.7305 4.66085 4.66087
    endloop
  endfacet
  facet normal -0.935918 0 -0.352218
    outer loop
      vertex 13.7305 11.5 4.66087
      vertex 13.3963 21.1 5.54891
      vertex 13.7305 21.1 4.66087
    endloop
  endfacet
  facet normal -0.935918 -0 -0.352218
    outer loop
      vertex 13.3963 21.1 5.54891
      vertex 13.7305 11.5 4.66087
      vertex 13.3963 11.5 5.54891
    endloop
  endfacet
  facet normal -0.995175 0 0.0981174
    outer loop
      vertex 14.3759 3.85202 -1.89263
      vertex 14.469 9.83656 -0.948345
      vertex 14.3759 9.96635 -1.89263
    endloop
  endfacet
  facet normal -0.995175 0 0.0981174
    outer loop
      vertex 14.469 9.83656 -0.948345
      vertex 14.3759 3.85202 -1.89263
      vertex 14.469 3.87694 -0.948345
    endloop
  endfacet
  facet normal -0.995175 0 0.0981174
    outer loop
      vertex 14.3759 11.5 -1.89263
      vertex 14.469 21.1 -0.948345
      vertex 14.3759 21.1 -1.89263
    endloop
  endfacet
  facet normal -0.995175 0 0.0981174
    outer loop
      vertex 14.469 21.1 -0.948345
      vertex 14.3759 11.5 -1.89263
      vertex 14.469 11.5 -0.948345
    endloop
  endfacet
  facet normal 0.812839 0 0.582489
    outer loop
      vertex -12.0563 21.1 -8.05577
      vertex -11.5036 8.82702 -8.82704
      vertex -11.5036 21.1 -8.82704
    endloop
  endfacet
  facet normal 0.812839 0 0.582489
    outer loop
      vertex -12.0563 21.1 -8.05577
      vertex -12.0563 8.05576 -8.05577
      vertex -11.5036 8.82702 -8.82704
    endloop
  endfacet
  facet normal 0 0 -0
    outer loop
      vertex -12.0563 8.05576 -8.05577
      vertex -12.0563 21.1 -8.05577
      vertex -12.0563 8.05575 -8.05577
    endloop
  endfacet
  facet normal -0.999466 0 0.0326711
    outer loop
      vertex 14.469 3.87694 -0.948345
      vertex 14.5 9.79323 0
      vertex 14.469 9.83656 -0.948345
    endloop
  endfacet
  facet normal -0.999466 0 0.0326711
    outer loop
      vertex 14.5 9.79323 0
      vertex 14.469 3.87694 -0.948345
      vertex 14.5 3.88526 0
    endloop
  endfacet
  facet normal -0.999466 0 0.0326711
    outer loop
      vertex 14.469 11.5 -0.948345
      vertex 14.5 21.1 0
      vertex 14.469 21.1 -0.948345
    endloop
  endfacet
  facet normal -0.999466 0 0.0326711
    outer loop
      vertex 14.5 21.1 0
      vertex 14.469 11.5 -0.948345
      vertex 14.5 11.5 0
    endloop
  endfacet
  facet normal 0.995175 0 0.0981174
    outer loop
      vertex -14.3759 3.85202 -1.89263
      vertex -14.469 9.83656 -0.948345
      vertex -14.469 3.87694 -0.948345
    endloop
  endfacet
  facet normal 0.995175 0 0.0981174
    outer loop
      vertex -14.469 9.83656 -0.948345
      vertex -14.3759 3.85202 -1.89263
      vertex -14.3759 9.96635 -1.89263
    endloop
  endfacet
  facet normal 0.995175 -0 0.0981174
    outer loop
      vertex -14.469 11.5 -0.948345
      vertex -14.3759 21.1 -1.89263
      vertex -14.469 21.1 -0.948345
    endloop
  endfacet
  facet normal 0.995175 0 0.0981174
    outer loop
      vertex -14.3759 21.1 -1.89263
      vertex -14.469 11.5 -0.948345
      vertex -14.3759 11.5 -1.89263
    endloop
  endfacet
  facet normal -0.29025 0 -0.956951
    outer loop
      vertex 3.75288 11.5 14.0059
      vertex 4.66087 21.1 13.7305
      vertex 4.66087 11.5 13.7305
    endloop
  endfacet
  facet normal -0.29025 0 -0.956951
    outer loop
      vertex 4.66087 21.1 13.7305
      vertex 3.75288 11.5 14.0059
      vertex 3.75288 21.1 14.0059
    endloop
  endfacet
  facet normal 0.412707 0 0.910864
    outer loop
      vertex -6.41319 21.1 -13.0047
      vertex -5.54891 11.5 -13.3963
      vertex -5.54891 21.1 -13.3963
    endloop
  endfacet
  facet normal 0.412707 0 0.910864
    outer loop
      vertex -5.54891 11.5 -13.3963
      vertex -6.41319 21.1 -13.0047
      vertex -6.41319 11.5 -13.0047
    endloop
  endfacet
  facet normal -0.881914 0 0.47141
    outer loop
      vertex 12.5574 7.24998 -7.25
      vertex 13.0047 21.1 -6.41319
      vertex 12.5574 21.1 -7.25
    endloop
  endfacet
  facet normal -0.881914 0 0.47141
    outer loop
      vertex 13.0047 21.1 -6.41319
      vertex 12.5574 7.24998 -7.25
      vertex 13.0047 6.41318 -6.41319
    endloop
  endfacet
  facet normal 0.986654 0 0.16283
    outer loop
      vertex -14.2214 3.8106 -2.82881
      vertex -14.3759 9.96635 -1.89263
      vertex -14.3759 3.85202 -1.89263
    endloop
  endfacet
  facet normal 0.986654 0 0.16283
    outer loop
      vertex -14.3759 9.96635 -1.89263
      vertex -14.2214 3.8106 -2.82881
      vertex -14.2214 10.182 -2.82881
    endloop
  endfacet
  facet normal 0.986654 -0 0.16283
    outer loop
      vertex -14.3759 11.5 -1.89263
      vertex -14.2214 21.1 -2.82881
      vertex -14.3759 21.1 -1.89263
    endloop
  endfacet
  facet normal 0.986654 0 0.16283
    outer loop
      vertex -14.2214 21.1 -2.82881
      vertex -14.3759 11.5 -1.89263
      vertex -14.2214 11.5 -2.82881
    endloop
  endfacet
  facet normal 0.729805 0 0.683655
    outer loop
      vertex -10.9017 21.1 -9.56051
      vertex -10.253 10.253 -10.253
      vertex -10.253 21.1 -10.253
    endloop
  endfacet
  facet normal 0.7298 -5.92452e-07 0.68366
    outer loop
      vertex -10.9017 21.1 -9.56051
      vertex -10.9017 9.5605 -9.56052
      vertex -10.253 10.253 -10.253
    endloop
  endfacet
  facet normal 1 0 0
    outer loop
      vertex -10.9017 9.5605 -9.56052
      vertex -10.9017 21.1 -9.56051
      vertex -10.9017 9.5605 -9.56051
    endloop
  endfacet
  facet normal -0.352218 0 0.935918
    outer loop
      vertex 4.66087 21.1 -13.7305
      vertex 5.54891 11.5 -13.3963
      vertex 5.54891 21.1 -13.3963
    endloop
  endfacet
  facet normal -0.352218 0 0.935918
    outer loop
      vertex 5.54891 11.5 -13.3963
      vertex 4.66087 21.1 -13.7305
      vertex 4.66087 11.5 -13.7305
    endloop
  endfacet
  facet normal -0.352218 0 -0.935918
    outer loop
      vertex 4.66087 11.5 13.7305
      vertex 5.54891 21.1 13.3963
      vertex 5.54891 11.5 13.3963
    endloop
  endfacet
  facet normal -0.352218 0 -0.935918
    outer loop
      vertex 5.54891 21.1 13.3963
      vertex 4.66087 11.5 13.7305
      vertex 4.66087 21.1 13.7305
    endloop
  endfacet
  facet normal 0.995175 0 -0.0981174
    outer loop
      vertex -14.3759 3.85202 1.89263
      vertex -14.469 9.83656 0.948345
      vertex -14.3759 9.96635 1.89263
    endloop
  endfacet
  facet normal 0.995175 0 -0.0981174
    outer loop
      vertex -14.469 9.83656 0.948345
      vertex -14.3759 3.85202 1.89263
      vertex -14.469 3.87694 0.948345
    endloop
  endfacet
  facet normal 0.995175 0 -0.0981174
    outer loop
      vertex -14.3759 11.5 1.89263
      vertex -14.469 21.1 0.948345
      vertex -14.3759 21.1 1.89263
    endloop
  endfacet
  facet normal 0.995175 0 -0.0981174
    outer loop
      vertex -14.469 21.1 0.948345
      vertex -14.3759 11.5 1.89263
      vertex -14.469 11.5 0.948345
    endloop
  endfacet
  facet normal 0.849183 0 -0.528098
    outer loop
      vertex -12.0563 8.05575 8.05577
      vertex -12.5574 21.1 7.25
      vertex -12.0563 21.1 8.05577
    endloop
  endfacet
  facet normal 0.849178 -7.6261e-07 -0.528107
    outer loop
      vertex -12.5574 7.25 7.25002
      vertex -12.5574 21.1 7.25
      vertex -12.0563 8.05575 8.05577
    endloop
  endfacet
  facet normal 1 0 0
    outer loop
      vertex -12.5574 21.1 7.25
      vertex -12.5574 7.25 7.25002
      vertex -12.5574 7.24998 7.25
    endloop
  endfacet
  facet normal 0.634101 0 -0.773251
    outer loop
      vertex -8.83143 11.5 11.5
      vertex -8.82704 21.1 11.5036
      vertex -8.82704 11.5 11.5036
    endloop
  endfacet
  facet normal 0.634373 6.22038e-07 -0.773027
    outer loop
      vertex -9.56051 21.1 10.9017
      vertex -8.83143 11.5 11.5
      vertex -9.5605 10.9017 10.9017
    endloop
  endfacet
  facet normal 0 0 -1
    outer loop
      vertex -9.56051 21.1 10.9017
      vertex -9.5605 10.9017 10.9017
      vertex -9.56051 10.9017 10.9017
    endloop
  endfacet
  facet normal 0.634366 -2.02993e-07 -0.773033
    outer loop
      vertex -8.83143 11.5 11.5
      vertex -9.56051 21.1 10.9017
      vertex -8.82704 21.1 11.5036
    endloop
  endfacet
  facet normal -0.773033 0 0.634366
    outer loop
      vertex 10.9017 9.5605 -9.56051
      vertex 11.5036 21.1 -8.82704
      vertex 10.9017 21.1 -9.56051
    endloop
  endfacet
  facet normal -0.773029 -5.16885e-07 0.634371
    outer loop
      vertex 11.5036 8.82703 -8.82705
      vertex 11.5036 21.1 -8.82704
      vertex 10.9017 9.5605 -9.56051
    endloop
  endfacet
  facet normal -1 -0 0
    outer loop
      vertex 11.5036 21.1 -8.82704
      vertex 11.5036 8.82703 -8.82705
      vertex 11.5036 8.82702 -8.82704
    endloop
  endfacet
  facet normal -0.881914 0 -0.47141
    outer loop
      vertex 13.0047 21.1 6.41319
      vertex 12.5574 7.24998 7.25
      vertex 12.5574 21.1 7.25
    endloop
  endfacet
  facet normal -0.881914 0 -0.47141
    outer loop
      vertex 12.5574 7.24998 7.25
      vertex 13.0047 21.1 6.41319
      vertex 13.0047 6.41318 6.41319
    endloop
  endfacet
  facet normal 0 0 -1
    outer loop
      vertex 9.5605 10.9017 10.9017
      vertex 9.56051 21.1 10.9017
      vertex 9.56051 10.9017 10.9017
    endloop
  endfacet
  facet normal -0.634373 6.22038e-07 -0.773027
    outer loop
      vertex 8.83143 11.5 11.5
      vertex 9.56051 21.1 10.9017
      vertex 9.5605 10.9017 10.9017
    endloop
  endfacet
  facet normal -0.634101 -0 -0.773251
    outer loop
      vertex 8.82704 21.1 11.5036
      vertex 8.83143 11.5 11.5
      vertex 8.82704 11.5 11.5036
    endloop
  endfacet
  facet normal -0.634366 -2.02993e-07 -0.773033
    outer loop
      vertex 8.83143 11.5 11.5
      vertex 8.82704 21.1 11.5036
      vertex 9.56051 21.1 10.9017
    endloop
  endfacet
  facet normal -0.935918 0 0.352218
    outer loop
      vertex 13.3963 5.54887 -5.54891
      vertex 13.7305 10.84 -4.66087
      vertex 13.3963 11.2473 -5.54891
    endloop
  endfacet
  facet normal -0.935917 -5.70016e-07 0.352221
    outer loop
      vertex 13.7305 4.66086 -4.66088
      vertex 13.7305 10.84 -4.66087
      vertex 13.3963 5.54887 -5.54891
    endloop
  endfacet
  facet normal -1 -0 0
    outer loop
      vertex 13.7305 10.84 -4.66087
      vertex 13.7305 4.66086 -4.66088
      vertex 13.7305 4.66085 -4.66087
    endloop
  endfacet
  facet normal -0.935918 0 0.352218
    outer loop
      vertex 13.3963 11.5 -5.54891
      vertex 13.7305 21.1 -4.66087
      vertex 13.3963 21.1 -5.54891
    endloop
  endfacet
  facet normal -0.935918 0 0.352218
    outer loop
      vertex 13.7305 21.1 -4.66087
      vertex 13.3963 11.5 -5.54891
      vertex 13.7305 11.5 -4.66087
    endloop
  endfacet
  facet normal 0.935918 0 -0.352218
    outer loop
      vertex -13.3963 5.54887 5.54891
      vertex -13.7305 10.84 4.66087
      vertex -13.3963 11.2473 5.54891
    endloop
  endfacet
  facet normal 0.935917 -5.70016e-07 -0.352221
    outer loop
      vertex -13.7305 4.66086 4.66088
      vertex -13.7305 10.84 4.66087
      vertex -13.3963 5.54887 5.54891
    endloop
  endfacet
  facet normal 1 0 0
    outer loop
      vertex -13.7305 10.84 4.66087
      vertex -13.7305 4.66086 4.66088
      vertex -13.7305 4.66085 4.66087
    endloop
  endfacet
  facet normal 0.935918 0 -0.352218
    outer loop
      vertex -13.3963 11.5 5.54891
      vertex -13.7305 21.1 4.66087
      vertex -13.3963 21.1 5.54891
    endloop
  endfacet
  facet normal 0.935918 0 -0.352218
    outer loop
      vertex -13.7305 21.1 4.66087
      vertex -13.3963 11.5 5.54891
      vertex -13.7305 11.5 4.66087
    endloop
  endfacet
  facet normal 0.227113 0 0.973868
    outer loop
      vertex -3.75288 21.1 -14.0059
      vertex -2.82881 11.5 -14.2214
      vertex -2.82881 21.1 -14.2214
    endloop
  endfacet
  facet normal 0.227113 0 0.973868
    outer loop
      vertex -2.82881 11.5 -14.2214
      vertex -3.75288 21.1 -14.0059
      vertex -3.75288 11.5 -14.0059
    endloop
  endfacet
  facet normal 0.29025 0 -0.956951
    outer loop
      vertex -4.66087 11.5 13.7305
      vertex -3.75288 21.1 14.0059
      vertex -3.75288 11.5 14.0059
    endloop
  endfacet
  facet normal 0.29025 0 -0.956951
    outer loop
      vertex -3.75288 21.1 14.0059
      vertex -4.66087 11.5 13.7305
      vertex -4.66087 21.1 13.7305
    endloop
  endfacet
  facet normal -0.412707 0 -0.910864
    outer loop
      vertex 5.54891 11.5 13.3963
      vertex 6.41319 21.1 13.0047
      vertex 6.41319 11.5 13.0047
    endloop
  endfacet
  facet normal -0.412707 0 -0.910864
    outer loop
      vertex 6.41319 21.1 13.0047
      vertex 5.54891 11.5 13.3963
      vertex 5.54891 21.1 13.3963
    endloop
  endfacet
  facet normal 0.999466 0 -0.0326711
    outer loop
      vertex -14.469 3.87694 0.948345
      vertex -14.5 9.79323 0
      vertex -14.469 9.83656 0.948345
    endloop
  endfacet
  facet normal 0.999466 0 -0.0326711
    outer loop
      vertex -14.5 9.79323 0
      vertex -14.469 3.87694 0.948345
      vertex -14.5 3.88526 0
    endloop
  endfacet
  facet normal 0.999466 0 -0.0326711
    outer loop
      vertex -14.469 11.5 0.948345
      vertex -14.5 21.1 0
      vertex -14.469 21.1 0.948345
    endloop
  endfacet
  facet normal 0.999466 0 -0.0326711
    outer loop
      vertex -14.5 21.1 0
      vertex -14.469 11.5 0.948345
      vertex -14.5 11.5 0
    endloop
  endfacet
  facet normal -1 -0 0
    outer loop
      vertex 10.253 21.1 -10.253
      vertex 10.253 10.253 -10.2531
      vertex 10.253 10.253 -10.253
    endloop
  endfacet
  facet normal -0.683655 0 0.729805
    outer loop
      vertex 9.56051 10.9017 -10.9017
      vertex 10.253 21.1 -10.253
      vertex 9.56051 21.1 -10.9017
    endloop
  endfacet
  facet normal -0.683603 -6.72863e-06 0.729854
    outer loop
      vertex 10.253 21.1 -10.253
      vertex 9.56051 10.9017 -10.9017
      vertex 10.253 10.253 -10.2531
    endloop
  endfacet
  facet normal 0.773033 0 -0.634366
    outer loop
      vertex -10.9017 9.5605 9.56051
      vertex -11.5036 21.1 8.82704
      vertex -10.9017 21.1 9.56051
    endloop
  endfacet
  facet normal 0.773029 -5.16885e-07 -0.634371
    outer loop
      vertex -11.5036 8.82703 8.82705
      vertex -11.5036 21.1 8.82704
      vertex -10.9017 9.5605 9.56051
    endloop
  endfacet
  facet normal 1 0 0
    outer loop
      vertex -11.5036 21.1 8.82704
      vertex -11.5036 8.82703 8.82705
      vertex -11.5036 8.82702 8.82704
    endloop
  endfacet
  facet normal 0.849183 0 0.528098
    outer loop
      vertex -12.5574 21.1 -7.25
      vertex -12.0563 8.05575 -8.05577
      vertex -12.0563 21.1 -8.05577
    endloop
  endfacet
  facet normal 0.849178 -7.6261e-07 0.528107
    outer loop
      vertex -12.5574 21.1 -7.25
      vertex -12.5574 7.25 -7.25002
      vertex -12.0563 8.05575 -8.05577
    endloop
  endfacet
  facet normal 1 0 -0
    outer loop
      vertex -12.5574 7.25 -7.25002
      vertex -12.5574 21.1 -7.25
      vertex -12.5574 7.24998 -7.25
    endloop
  endfacet
  facet normal -0.729805 0 -0.683655
    outer loop
      vertex 10.9017 21.1 9.56051
      vertex 10.253 10.253 10.253
      vertex 10.253 21.1 10.253
    endloop
  endfacet
  facet normal -0.7298 -5.92452e-07 -0.68366
    outer loop
      vertex 10.9017 21.1 9.56051
      vertex 10.9017 9.5605 9.56052
      vertex 10.253 10.253 10.253
    endloop
  endfacet
  facet normal -1 0 0
    outer loop
      vertex 10.9017 9.5605 9.56052
      vertex 10.9017 21.1 9.56051
      vertex 10.9017 9.5605 9.56051
    endloop
  endfacet
  facet normal -0.16283 0 0.986654
    outer loop
      vertex 1.89263 21.1 -14.3759
      vertex 2.82881 11.5 -14.2214
      vertex 2.82881 21.1 -14.2214
    endloop
  endfacet
  facet normal -0.16283 0 0.986654
    outer loop
      vertex 2.82881 11.5 -14.2214
      vertex 1.89263 21.1 -14.3759
      vertex 1.89263 11.5 -14.3759
    endloop
  endfacet
  facet normal 0.29025 0 0.956951
    outer loop
      vertex -4.66087 21.1 -13.7305
      vertex -3.75288 11.5 -14.0059
      vertex -3.75288 21.1 -14.0059
    endloop
  endfacet
  facet normal 0.29025 0 0.956951
    outer loop
      vertex -3.75288 11.5 -14.0059
      vertex -4.66087 21.1 -13.7305
      vertex -4.66087 11.5 -13.7305
    endloop
  endfacet
  facet normal 0.881914 0 -0.47141
    outer loop
      vertex -12.5574 7.24998 7.25
      vertex -13.0047 21.1 6.41319
      vertex -12.5574 21.1 7.25
    endloop
  endfacet
  facet normal 0.881914 0 -0.47141
    outer loop
      vertex -13.0047 21.1 6.41319
      vertex -12.5574 7.24998 7.25
      vertex -13.0047 6.41318 6.41319
    endloop
  endfacet
  facet normal 0.528098 0 -0.849183
    outer loop
      vertex -8.05577 11.5 12.0563
      vertex -7.25 21.1 12.5574
      vertex -7.25 11.5 12.5574
    endloop
  endfacet
  facet normal 0.528098 0 -0.849183
    outer loop
      vertex -7.25 21.1 12.5574
      vertex -8.05577 11.5 12.0563
      vertex -8.05577 21.1 12.0563
    endloop
  endfacet
  facet normal 0.956938 0 -0.290291
    outer loop
      vertex -13.7305 4.66085 4.66087
      vertex -13.8837 10.6533 4.15585
      vertex -13.7305 10.84 4.66087
    endloop
  endfacet
  facet normal 0.956965 8.24979e-06 -0.290202
    outer loop
      vertex -13.8837 10.6533 4.15585
      vertex -13.7305 4.66085 4.66087
      vertex -14.0059 10.4827 3.75288
    endloop
  endfacet
  facet normal 0.956951 0 -0.29025
    outer loop
      vertex -13.7305 4.66085 4.66087
      vertex -14.0059 3.75287 3.75288
      vertex -14.0059 10.4827 3.75288
    endloop
  endfacet
  facet normal 0.95695 -0.290253 0
    outer loop
      vertex -14.0059 3.75287 3.75288
      vertex -13.7305 4.66085 4.66087
      vertex -14.0059 3.75287 3.75289
    endloop
  endfacet
  facet normal 0.956951 0 -0.29025
    outer loop
      vertex -13.7305 11.5 4.66087
      vertex -14.0059 21.1 3.75288
      vertex -13.7305 21.1 4.66087
    endloop
  endfacet
  facet normal 0.956951 0 -0.29025
    outer loop
      vertex -14.0059 21.1 3.75288
      vertex -13.7305 11.5 4.66087
      vertex -14.0059 11.5 3.75288
    endloop
  endfacet
  facet normal -0.412707 0 0.910864
    outer loop
      vertex 5.54891 21.1 -13.3963
      vertex 6.41319 11.5 -13.0047
      vertex 6.41319 21.1 -13.0047
    endloop
  endfacet
  facet normal -0.412707 0 0.910864
    outer loop
      vertex 6.41319 11.5 -13.0047
      vertex 5.54891 21.1 -13.3963
      vertex 5.54891 11.5 -13.3963
    endloop
  endfacet
  facet normal 0.16283 0 0.986654
    outer loop
      vertex -2.82881 21.1 -14.2214
      vertex -1.89263 11.5 -14.3759
      vertex -1.89263 21.1 -14.3759
    endloop
  endfacet
  facet normal 0.16283 0 0.986654
    outer loop
      vertex -1.89263 11.5 -14.3759
      vertex -2.82881 21.1 -14.2214
      vertex -2.82881 11.5 -14.2214
    endloop
  endfacet
  facet normal 0.634101 0 0.773251
    outer loop
      vertex -8.82704 21.1 -11.5036
      vertex -8.83143 11.5 -11.5
      vertex -8.82704 11.5 -11.5036
    endloop
  endfacet
  facet normal 0.634366 -2.02993e-07 0.773033
    outer loop
      vertex -9.56051 21.1 -10.9017
      vertex -8.83143 11.5 -11.5
      vertex -8.82704 21.1 -11.5036
    endloop
  endfacet
  facet normal 0.634373 6.22038e-07 0.773027
    outer loop
      vertex -8.83143 11.5 -11.5
      vertex -9.56051 21.1 -10.9017
      vertex -9.5605 10.9017 -10.9017
    endloop
  endfacet
  facet normal 0 0 1
    outer loop
      vertex -9.5605 10.9017 -10.9017
      vertex -9.56051 21.1 -10.9017
      vertex -9.56051 10.9017 -10.9017
    endloop
  endfacet
  facet normal 0.773033 0 0.634366
    outer loop
      vertex -11.5036 21.1 -8.82704
      vertex -10.9017 9.5605 -9.56051
      vertex -10.9017 21.1 -9.56051
    endloop
  endfacet
  facet normal 0.773029 -5.16885e-07 0.634371
    outer loop
      vertex -11.5036 21.1 -8.82704
      vertex -11.5036 8.82703 -8.82705
      vertex -10.9017 9.5605 -9.56051
    endloop
  endfacet
  facet normal 1 0 -0
    outer loop
      vertex -11.5036 8.82703 -8.82705
      vertex -11.5036 21.1 -8.82704
      vertex -11.5036 8.82702 -8.82704
    endloop
  endfacet
  facet normal 0.0326711 0 0.999466
    outer loop
      vertex -0.948345 21.1 -14.469
      vertex 0 11.5 -14.5
      vertex 0 21.1 -14.5
    endloop
  endfacet
  facet normal 0.0326711 0 0.999466
    outer loop
      vertex 0 11.5 -14.5
      vertex -0.948345 21.1 -14.469
      vertex -0.948345 11.5 -14.469
    endloop
  endfacet
  facet normal -0.0981174 0 -0.995175
    outer loop
      vertex 0.948345 11.5 14.469
      vertex 1.89263 21.1 14.3759
      vertex 1.89263 11.5 14.3759
    endloop
  endfacet
  facet normal -0.0981174 0 -0.995175
    outer loop
      vertex 1.89263 21.1 14.3759
      vertex 0.948345 11.5 14.469
      vertex 0.948345 21.1 14.469
    endloop
  endfacet
  facet normal -0.0981174 0 0.995175
    outer loop
      vertex 0.948345 21.1 -14.469
      vertex 1.89263 11.5 -14.3759
      vertex 1.89263 21.1 -14.3759
    endloop
  endfacet
  facet normal -0.0981174 0 0.995175
    outer loop
      vertex 1.89263 11.5 -14.3759
      vertex 0.948345 21.1 -14.469
      vertex 0.948345 11.5 -14.469
    endloop
  endfacet
  facet normal -0.582489 0 0.812839
    outer loop
      vertex 8.05577 21.1 -12.0563
      vertex 8.82704 11.5 -11.5036
      vertex 8.82704 21.1 -11.5036
    endloop
  endfacet
  facet normal -0.582489 0 0.812839
    outer loop
      vertex 8.82704 11.5 -11.5036
      vertex 8.05577 21.1 -12.0563
      vertex 8.05577 11.5 -12.0563
    endloop
  endfacet
  facet normal -0.16283 0 -0.986654
    outer loop
      vertex 1.89263 11.5 14.3759
      vertex 2.82881 21.1 14.2214
      vertex 2.82881 11.5 14.2214
    endloop
  endfacet
  facet normal -0.16283 0 -0.986654
    outer loop
      vertex 2.82881 21.1 14.2214
      vertex 1.89263 11.5 14.3759
      vertex 1.89263 21.1 14.3759
    endloop
  endfacet
  facet normal 0 0 1
    outer loop
      vertex 9.56051 21.1 -10.9017
      vertex 9.5605 10.9017 -10.9017
      vertex 9.56051 10.9017 -10.9017
    endloop
  endfacet
  facet normal -0.634373 6.22038e-07 0.773027
    outer loop
      vertex 9.56051 21.1 -10.9017
      vertex 8.83143 11.5 -11.5
      vertex 9.5605 10.9017 -10.9017
    endloop
  endfacet
  facet normal -0.634366 -2.02993e-07 0.773033
    outer loop
      vertex 8.82704 21.1 -11.5036
      vertex 8.83143 11.5 -11.5
      vertex 9.56051 21.1 -10.9017
    endloop
  endfacet
  facet normal -0.634101 0 0.773251
    outer loop
      vertex 8.83143 11.5 -11.5
      vertex 8.82704 21.1 -11.5036
      vertex 8.82704 11.5 -11.5036
    endloop
  endfacet
  facet normal 0.956965 8.24979e-06 0.290202
    outer loop
      vertex -13.7305 4.66085 -4.66087
      vertex -13.8837 10.6533 -4.15585
      vertex -14.0059 10.4827 -3.75288
    endloop
  endfacet
  facet normal 0.956938 0 0.290291
    outer loop
      vertex -13.8837 10.6533 -4.15585
      vertex -13.7305 4.66085 -4.66087
      vertex -13.7305 10.84 -4.66087
    endloop
  endfacet
  facet normal 0.956951 -0 0.29025
    outer loop
      vertex -14.0059 3.75287 -3.75288
      vertex -13.7305 4.66085 -4.66087
      vertex -14.0059 10.4827 -3.75288
    endloop
  endfacet
  facet normal 0.95695 -0.290253 0
    outer loop
      vertex -13.7305 4.66085 -4.66087
      vertex -14.0059 3.75287 -3.75288
      vertex -14.0059 3.75287 -3.75289
    endloop
  endfacet
  facet normal 0.956951 -0 0.29025
    outer loop
      vertex -14.0059 11.5 -3.75288
      vertex -13.7305 21.1 -4.66087
      vertex -14.0059 21.1 -3.75288
    endloop
  endfacet
  facet normal 0.956951 0 0.29025
    outer loop
      vertex -13.7305 21.1 -4.66087
      vertex -14.0059 11.5 -3.75288
      vertex -13.7305 11.5 -4.66087
    endloop
  endfacet
  facet normal 0.412707 0 -0.910864
    outer loop
      vertex -6.41319 11.5 13.0047
      vertex -5.54891 21.1 13.3963
      vertex -5.54891 11.5 13.3963
    endloop
  endfacet
  facet normal 0.412707 0 -0.910864
    outer loop
      vertex -5.54891 21.1 13.3963
      vertex -6.41319 11.5 13.0047
      vertex -6.41319 21.1 13.0047
    endloop
  endfacet
  facet normal -0.986654 0 0.16283
    outer loop
      vertex 14.2214 3.8106 -2.82881
      vertex 14.3759 9.96635 -1.89263
      vertex 14.2214 10.182 -2.82881
    endloop
  endfacet
  facet normal -0.986654 0 0.16283
    outer loop
      vertex 14.3759 9.96635 -1.89263
      vertex 14.2214 3.8106 -2.82881
      vertex 14.3759 3.85202 -1.89263
    endloop
  endfacet
  facet normal -0.986654 0 0.16283
    outer loop
      vertex 14.2214 11.5 -2.82881
      vertex 14.3759 21.1 -1.89263
      vertex 14.2214 21.1 -2.82881
    endloop
  endfacet
  facet normal -0.986654 0 0.16283
    outer loop
      vertex 14.3759 21.1 -1.89263
      vertex 14.2214 11.5 -2.82881
      vertex 14.3759 11.5 -1.89263
    endloop
  endfacet
  facet normal 0.973868 0 -0.227113
    outer loop
      vertex -14.0059 3.75287 3.75288
      vertex -14.2214 10.182 2.82881
      vertex -14.0059 10.4827 3.75288
    endloop
  endfacet
  facet normal 0.973868 0 -0.227113
    outer loop
      vertex -14.2214 10.182 2.82881
      vertex -14.0059 3.75287 3.75288
      vertex -14.2214 3.8106 2.82881
    endloop
  endfacet
  facet normal 0.973868 0 -0.227113
    outer loop
      vertex -14.0059 11.5 3.75288
      vertex -14.2214 21.1 2.82881
      vertex -14.0059 21.1 3.75288
    endloop
  endfacet
  facet normal 0.973868 0 -0.227113
    outer loop
      vertex -14.2214 21.1 2.82881
      vertex -14.0059 11.5 3.75288
      vertex -14.2214 11.5 2.82881
    endloop
  endfacet
  facet normal 0.47141 0 -0.881914
    outer loop
      vertex -7.25 11.5 12.5574
      vertex -6.41319 21.1 13.0047
      vertex -6.41319 11.5 13.0047
    endloop
  endfacet
  facet normal 0.47141 0 -0.881914
    outer loop
      vertex -6.41319 21.1 13.0047
      vertex -7.25 11.5 12.5574
      vertex -7.25 21.1 12.5574
    endloop
  endfacet
  facet normal 0.47141 0 0.881914
    outer loop
      vertex -7.25 21.1 -12.5574
      vertex -6.41319 11.5 -13.0047
      vertex -6.41319 21.1 -13.0047
    endloop
  endfacet
  facet normal 0.47141 0 0.881914
    outer loop
      vertex -6.41319 11.5 -13.0047
      vertex -7.25 21.1 -12.5574
      vertex -7.25 11.5 -12.5574
    endloop
  endfacet
endsolid OpenSCAD_Model
