solid OpenSCAD_Model
  facet normal 1 -0 0
    outer loop
      vertex 48.4 -33.4 2.4
      vertex 48.4 33.4 0
      vertex 48.4 33.4 2.4
    endloop
  endfacet
  facet normal 1 0 0
    outer loop
      vertex 48.4 33.4 0
      vertex 48.4 -33.4 2.4
      vertex 48.4 -33.4 0
    endloop
  endfacet
  facet normal 0 0 1
    outer loop
      vertex 39.4886 26.4844 2.4
      vertex -39.4886 26.4844 2.4
      vertex 39.562 26.2896 2.4
    endloop
  endfacet
  facet normal 0 0 1
    outer loop
      vertex 39.857 -25.7374 2.4
      vertex -39.3261 -27.302 2.4
      vertex -39.3193 -27.51 2.4
    endloop
  endfacet
  facet normal 0 0 1
    outer loop
      vertex 39.562 26.2896 2.4
      vertex -39.4886 26.4844 2.4
      vertex 39.5622 26.289 2.4
    endloop
  endfacet
  facet normal 0 0 1
    outer loop
      vertex 39.857 -25.7374 2.4
      vertex -39.3261 -27.3013 2.4
      vertex -39.3261 -27.302 2.4
    endloop
  endfacet
  facet normal -0 0 1
    outer loop
      vertex -39.562 26.2896 2.4
      vertex 39.5622 26.289 2.4
      vertex -39.4886 26.4844 2.4
    endloop
  endfacet
  facet normal 0 0 1
    outer loop
      vertex 39.857 -25.7374 2.4
      vertex -39.3262 -27.3006 2.4
      vertex -39.3261 -27.3013 2.4
    endloop
  endfacet
  facet normal 0 0 1
    outer loop
      vertex -39.5622 26.289 2.4
      vertex 39.5622 26.289 2.4
      vertex -39.562 26.2896 2.4
    endloop
  endfacet
  facet normal 0 0 1
    outer loop
      vertex 39.857 -25.7374 2.4
      vertex -39.3466 -27.0935 2.4
      vertex -39.3262 -27.3006 2.4
    endloop
  endfacet
  facet normal 0 0 1
    outer loop
      vertex 39.5622 26.289 2.4
      vertex -39.5622 26.289 2.4
      vertex 39.6481 26.0994 2.4
    endloop
  endfacet
  facet normal 0 0 1
    outer loop
      vertex 39.857 -25.7374 2.4
      vertex -39.3805 -26.8882 2.4
      vertex -39.3466 -27.0935 2.4
    endloop
  endfacet
  facet normal 0 0 1
    outer loop
      vertex 39.6481 26.0994 2.4
      vertex -39.5622 26.289 2.4
      vertex 39.6484 26.0988 2.4
    endloop
  endfacet
  facet normal 0 0 1
    outer loop
      vertex 39.857 -25.7374 2.4
      vertex -39.3806 -26.8875 2.4
      vertex -39.3805 -26.8882 2.4
    endloop
  endfacet
  facet normal -0 0 1
    outer loop
      vertex -39.6481 26.0994 2.4
      vertex 39.6484 26.0988 2.4
      vertex -39.5622 26.289 2.4
    endloop
  endfacet
  facet normal 0 0 1
    outer loop
      vertex 39.857 -25.7374 2.4
      vertex -39.3808 -26.8869 2.4
      vertex -39.3806 -26.8875 2.4
    endloop
  endfacet
  facet normal 0 0 1
    outer loop
      vertex -39.6484 26.0988 2.4
      vertex 39.6484 26.0988 2.4
      vertex -39.6481 26.0994 2.4
    endloop
  endfacet
  facet normal 0 0 1
    outer loop
      vertex 39.857 -25.7374 2.4
      vertex -39.428 -26.6842 2.4
      vertex -39.3808 -26.8869 2.4
    endloop
  endfacet
  facet normal 0 0 1
    outer loop
      vertex 39.6484 26.0988 2.4
      vertex -39.6484 26.0988 2.4
      vertex 39.6487 26.0982 2.4
    endloop
  endfacet
  facet normal 0 0 1
    outer loop
      vertex 39.857 -25.7374 2.4
      vertex -39.4282 -26.6835 2.4
      vertex -39.428 -26.6842 2.4
    endloop
  endfacet
  facet normal 0 0 1
    outer loop
      vertex 39.6487 26.0982 2.4
      vertex -39.6484 26.0988 2.4
      vertex 39.7468 25.9147 2.4
    endloop
  endfacet
  facet normal 0 0 1
    outer loop
      vertex 39.857 -25.7374 2.4
      vertex -39.4886 -26.4844 2.4
      vertex -39.4282 -26.6835 2.4
    endloop
  endfacet
  facet normal -0 0 1
    outer loop
      vertex -39.6487 26.0982 2.4
      vertex 39.7468 25.9147 2.4
      vertex -39.6484 26.0988 2.4
    endloop
  endfacet
  facet normal 0 0 1
    outer loop
      vertex 39.857 -25.7374 2.4
      vertex -39.562 -26.2896 2.4
      vertex -39.4886 -26.4844 2.4
    endloop
  endfacet
  facet normal 0 0 1
    outer loop
      vertex -39.7468 25.9147 2.4
      vertex 39.7468 25.9147 2.4
      vertex -39.6487 26.0982 2.4
    endloop
  endfacet
  facet normal 0 0 1
    outer loop
      vertex 39.857 -25.7374 2.4
      vertex -39.5622 -26.289 2.4
      vertex -39.562 -26.2896 2.4
    endloop
  endfacet
  facet normal 0 0 1
    outer loop
      vertex 39.7468 25.9147 2.4
      vertex -39.7468 25.9147 2.4
      vertex 39.8567 25.7379 2.4
    endloop
  endfacet
  facet normal 0 0 1
    outer loop
      vertex 39.857 -25.7374 2.4
      vertex -39.6481 -26.0994 2.4
      vertex -39.5622 -26.289 2.4
    endloop
  endfacet
  facet normal 0 0 1
    outer loop
      vertex 39.8567 25.7379 2.4
      vertex -39.7468 25.9147 2.4
      vertex 39.857 25.7374 2.4
    endloop
  endfacet
  facet normal 0 0 1
    outer loop
      vertex 39.857 -25.7374 2.4
      vertex -39.6484 -26.0988 2.4
      vertex -39.6481 -26.0994 2.4
    endloop
  endfacet
  facet normal -0 0 1
    outer loop
      vertex -39.8567 25.7379 2.4
      vertex 39.857 25.7374 2.4
      vertex -39.7468 25.9147 2.4
    endloop
  endfacet
  facet normal 0 0 1
    outer loop
      vertex 39.857 -25.7374 2.4
      vertex -39.6487 -26.0982 2.4
      vertex -39.6484 -26.0988 2.4
    endloop
  endfacet
  facet normal 0 0 1
    outer loop
      vertex -39.857 25.7374 2.4
      vertex 39.857 25.7374 2.4
      vertex -39.8567 25.7379 2.4
    endloop
  endfacet
  facet normal 0 0 1
    outer loop
      vertex 39.857 -25.7374 2.4
      vertex -39.7468 -25.9147 2.4
      vertex -39.6487 -26.0982 2.4
    endloop
  endfacet
  facet normal 0 0 1
    outer loop
      vertex 39.857 25.7374 2.4
      vertex -39.857 25.7374 2.4
      vertex 39.857 -25.7374 2.4
    endloop
  endfacet
  facet normal 0 0 1
    outer loop
      vertex 39.857 -25.7374 2.4
      vertex -39.8567 -25.7379 2.4
      vertex -39.7468 -25.9147 2.4
    endloop
  endfacet
  facet normal 0 0 1
    outer loop
      vertex -39.857 -25.7374 2.4
      vertex 39.857 -25.7374 2.4
      vertex -39.857 25.7374 2.4
    endloop
  endfacet
  facet normal 0 0 1
    outer loop
      vertex 39.857 -25.7374 2.4
      vertex -39.857 -25.7374 2.4
      vertex -39.8567 -25.7379 2.4
    endloop
  endfacet
  facet normal -0 0 1
    outer loop
      vertex -39.9783 25.5682 2.4
      vertex -39.857 -25.7374 2.4
      vertex -39.857 25.7374 2.4
    endloop
  endfacet
  facet normal 0 0 1
    outer loop
      vertex -39.9783 25.5682 2.4
      vertex -39.9783 -25.5682 2.4
      vertex -39.857 -25.7374 2.4
    endloop
  endfacet
  facet normal -0 0 1
    outer loop
      vertex -39.9787 25.5676 2.4
      vertex -39.9783 -25.5682 2.4
      vertex -39.9783 25.5682 2.4
    endloop
  endfacet
  facet normal 0 0 1
    outer loop
      vertex -39.9787 25.5676 2.4
      vertex -39.9787 -25.5676 2.4
      vertex -39.9783 -25.5682 2.4
    endloop
  endfacet
  facet normal -0 0 1
    outer loop
      vertex -39.9791 25.5671 2.4
      vertex -39.9787 -25.5676 2.4
      vertex -39.9787 25.5676 2.4
    endloop
  endfacet
  facet normal 0 0 1
    outer loop
      vertex -39.9791 25.5671 2.4
      vertex -39.9791 -25.5671 2.4
      vertex -39.9787 -25.5676 2.4
    endloop
  endfacet
  facet normal -0 0 1
    outer loop
      vertex -40.1111 25.4062 2.4
      vertex -39.9791 -25.5671 2.4
      vertex -39.9791 25.5671 2.4
    endloop
  endfacet
  facet normal 0 0 1
    outer loop
      vertex -40.1111 25.4062 2.4
      vertex -40.1111 -25.4062 2.4
      vertex -39.9791 -25.5671 2.4
    endloop
  endfacet
  facet normal -0 0 1
    outer loop
      vertex -40.1116 25.4057 2.4
      vertex -40.1111 -25.4062 2.4
      vertex -40.1111 25.4062 2.4
    endloop
  endfacet
  facet normal 0 0 1
    outer loop
      vertex -40.1116 25.4057 2.4
      vertex -40.1116 -25.4057 2.4
      vertex -40.1111 -25.4062 2.4
    endloop
  endfacet
  facet normal -0 0 1
    outer loop
      vertex -40.2538 25.2538 2.4
      vertex -40.1116 -25.4057 2.4
      vertex -40.1116 25.4057 2.4
    endloop
  endfacet
  facet normal 0 0 1
    outer loop
      vertex -40.2538 25.2538 2.4
      vertex -40.2538 -25.2538 2.4
      vertex -40.1116 -25.4057 2.4
    endloop
  endfacet
  facet normal -0 0 1
    outer loop
      vertex -40.4057 25.1116 2.4
      vertex -40.2538 -25.2538 2.4
      vertex -40.2538 25.2538 2.4
    endloop
  endfacet
  facet normal 0 0 1
    outer loop
      vertex -40.4057 25.1116 2.4
      vertex -40.4057 -25.1116 2.4
      vertex -40.2538 -25.2538 2.4
    endloop
  endfacet
  facet normal -0 0 1
    outer loop
      vertex -40.4062 25.1111 2.4
      vertex -40.4057 -25.1116 2.4
      vertex -40.4057 25.1116 2.4
    endloop
  endfacet
  facet normal 0 0 1
    outer loop
      vertex -40.4062 25.1111 2.4
      vertex -40.4062 -25.1111 2.4
      vertex -40.4057 -25.1116 2.4
    endloop
  endfacet
  facet normal -0 0 1
    outer loop
      vertex -40.5671 24.9791 2.4
      vertex -40.4062 -25.1111 2.4
      vertex -40.4062 25.1111 2.4
    endloop
  endfacet
  facet normal 0 0 1
    outer loop
      vertex -40.5671 24.9791 2.4
      vertex -40.5671 -24.9791 2.4
      vertex -40.4062 -25.1111 2.4
    endloop
  endfacet
  facet normal -0 0 1
    outer loop
      vertex -40.5676 24.9787 2.4
      vertex -40.5671 -24.9791 2.4
      vertex -40.5671 24.9791 2.4
    endloop
  endfacet
  facet normal 0 0 1
    outer loop
      vertex -40.5676 24.9787 2.4
      vertex -40.5676 -24.9787 2.4
      vertex -40.5671 -24.9791 2.4
    endloop
  endfacet
  facet normal -0 0 1
    outer loop
      vertex -40.5682 24.9783 2.4
      vertex -40.5676 -24.9787 2.4
      vertex -40.5676 24.9787 2.4
    endloop
  endfacet
  facet normal 0 0 1
    outer loop
      vertex -40.5682 24.9783 2.4
      vertex -40.5682 -24.9783 2.4
      vertex -40.5676 -24.9787 2.4
    endloop
  endfacet
  facet normal -0 0 1
    outer loop
      vertex -40.7374 24.857 2.4
      vertex -40.5682 -24.9783 2.4
      vertex -40.5682 24.9783 2.4
    endloop
  endfacet
  facet normal 0 0 1
    outer loop
      vertex -40.7374 24.857 2.4
      vertex -40.7374 -24.857 2.4
      vertex -40.5682 -24.9783 2.4
    endloop
  endfacet
  facet normal -0 0 1
    outer loop
      vertex -40.7379 24.8567 2.4
      vertex -40.7374 -24.857 2.4
      vertex -40.7374 24.857 2.4
    endloop
  endfacet
  facet normal 0 0 1
    outer loop
      vertex -40.7379 24.8567 2.4
      vertex -40.7379 -24.8567 2.4
      vertex -40.7374 -24.857 2.4
    endloop
  endfacet
  facet normal -0 0 1
    outer loop
      vertex -40.9147 24.7468 2.4
      vertex -40.7379 -24.8567 2.4
      vertex -40.7379 24.8567 2.4
    endloop
  endfacet
  facet normal 0 0 1
    outer loop
      vertex -40.9147 24.7468 2.4
      vertex -40.9147 -24.7468 2.4
      vertex -40.7379 -24.8567 2.4
    endloop
  endfacet
  facet normal -0 0 1
    outer loop
      vertex -41.0982 24.6487 2.4
      vertex -40.9147 -24.7468 2.4
      vertex -40.9147 24.7468 2.4
    endloop
  endfacet
  facet normal 0 0 1
    outer loop
      vertex -41.0982 24.6487 2.4
      vertex -41.0982 -24.6487 2.4
      vertex -40.9147 -24.7468 2.4
    endloop
  endfacet
  facet normal -0 0 1
    outer loop
      vertex -41.0988 24.6484 2.4
      vertex -41.0982 -24.6487 2.4
      vertex -41.0982 24.6487 2.4
    endloop
  endfacet
  facet normal 0 0 1
    outer loop
      vertex -41.0988 24.6484 2.4
      vertex -41.0988 -24.6484 2.4
      vertex -41.0982 -24.6487 2.4
    endloop
  endfacet
  facet normal -0 0 1
    outer loop
      vertex -41.0994 24.6481 2.4
      vertex -41.0988 -24.6484 2.4
      vertex -41.0988 24.6484 2.4
    endloop
  endfacet
  facet normal 0 0 1
    outer loop
      vertex -41.0994 24.6481 2.4
      vertex -41.0994 -24.6481 2.4
      vertex -41.0988 -24.6484 2.4
    endloop
  endfacet
  facet normal -0 0 1
    outer loop
      vertex -41.289 24.5622 2.4
      vertex -41.0994 -24.6481 2.4
      vertex -41.0994 24.6481 2.4
    endloop
  endfacet
  facet normal 0 0 1
    outer loop
      vertex -41.289 24.5622 2.4
      vertex -41.289 -24.5622 2.4
      vertex -41.0994 -24.6481 2.4
    endloop
  endfacet
  facet normal -0 0 1
    outer loop
      vertex -41.2896 24.5619 2.4
      vertex -41.289 -24.5622 2.4
      vertex -41.289 24.5622 2.4
    endloop
  endfacet
  facet normal 0 0 1
    outer loop
      vertex -41.2896 24.5619 2.4
      vertex -41.2896 -24.5619 2.4
      vertex -41.289 -24.5622 2.4
    endloop
  endfacet
  facet normal -0 0 1
    outer loop
      vertex -41.4844 24.4886 2.4
      vertex -41.2896 -24.5619 2.4
      vertex -41.2896 24.5619 2.4
    endloop
  endfacet
  facet normal 0 0 1
    outer loop
      vertex -41.4844 24.4886 2.4
      vertex -41.4844 -24.4886 2.4
      vertex -41.2896 -24.5619 2.4
    endloop
  endfacet
  facet normal -0 0 1
    outer loop
      vertex -41.6835 24.4282 2.4
      vertex -41.4844 -24.4886 2.4
      vertex -41.4844 24.4886 2.4
    endloop
  endfacet
  facet normal 0 0 1
    outer loop
      vertex -41.6835 24.4282 2.4
      vertex -41.6835 -24.4282 2.4
      vertex -41.4844 -24.4886 2.4
    endloop
  endfacet
  facet normal -0 0 1
    outer loop
      vertex -41.6842 24.428 2.4
      vertex -41.6835 -24.4282 2.4
      vertex -41.6835 24.4282 2.4
    endloop
  endfacet
  facet normal 0 0 1
    outer loop
      vertex -41.6842 24.428 2.4
      vertex -41.6842 -24.428 2.4
      vertex -41.6835 -24.4282 2.4
    endloop
  endfacet
  facet normal -0 0 1
    outer loop
      vertex -41.8869 24.3808 2.4
      vertex -41.6842 -24.428 2.4
      vertex -41.6842 24.428 2.4
    endloop
  endfacet
  facet normal 0 0 1
    outer loop
      vertex -41.8869 24.3808 2.4
      vertex -41.8869 -24.3808 2.4
      vertex -41.6842 -24.428 2.4
    endloop
  endfacet
  facet normal -0 0 1
    outer loop
      vertex -41.8875 24.3806 2.4
      vertex -41.8869 -24.3808 2.4
      vertex -41.8869 24.3808 2.4
    endloop
  endfacet
  facet normal 0 0 1
    outer loop
      vertex -41.8875 24.3806 2.4
      vertex -41.8875 -24.3806 2.4
      vertex -41.8869 -24.3808 2.4
    endloop
  endfacet
  facet normal -0 0 1
    outer loop
      vertex -41.8882 24.3805 2.4
      vertex -41.8875 -24.3806 2.4
      vertex -41.8875 24.3806 2.4
    endloop
  endfacet
  facet normal 0 0 1
    outer loop
      vertex -41.8882 24.3805 2.4
      vertex -41.8882 -24.3805 2.4
      vertex -41.8875 -24.3806 2.4
    endloop
  endfacet
  facet normal -0 0 1
    outer loop
      vertex -42.0935 24.3466 2.4
      vertex -41.8882 -24.3805 2.4
      vertex -41.8882 24.3805 2.4
    endloop
  endfacet
  facet normal 0 0 1
    outer loop
      vertex -42.0935 24.3466 2.4
      vertex -42.0935 -24.3466 2.4
      vertex -41.8882 -24.3805 2.4
    endloop
  endfacet
  facet normal -0 0 1
    outer loop
      vertex -42.3006 24.3262 2.4
      vertex -42.0935 -24.3466 2.4
      vertex -42.0935 24.3466 2.4
    endloop
  endfacet
  facet normal 0 0 1
    outer loop
      vertex -42.3006 24.3262 2.4
      vertex -42.3006 -24.3262 2.4
      vertex -42.0935 -24.3466 2.4
    endloop
  endfacet
  facet normal -0 0 1
    outer loop
      vertex -42.3013 24.3261 2.4
      vertex -42.3006 -24.3262 2.4
      vertex -42.3006 24.3262 2.4
    endloop
  endfacet
  facet normal 0 0 1
    outer loop
      vertex -42.3013 24.3261 2.4
      vertex -42.3013 -24.3261 2.4
      vertex -42.3006 -24.3262 2.4
    endloop
  endfacet
  facet normal -0 0 1
    outer loop
      vertex -42.302 24.3261 2.4
      vertex -42.3013 -24.3261 2.4
      vertex -42.3013 24.3261 2.4
    endloop
  endfacet
  facet normal 0 0 1
    outer loop
      vertex -42.302 24.3261 2.4
      vertex -42.302 -24.3261 2.4
      vertex -42.3013 -24.3261 2.4
    endloop
  endfacet
  facet normal -0 0 1
    outer loop
      vertex -42.51 24.3193 2.4
      vertex -42.302 -24.3261 2.4
      vertex -42.302 24.3261 2.4
    endloop
  endfacet
  facet normal 0 0 1
    outer loop
      vertex -42.51 24.3193 2.4
      vertex -42.51 -24.3193 2.4
      vertex -42.302 -24.3261 2.4
    endloop
  endfacet
  facet normal 0 0 1
    outer loop
      vertex -42.718 24.3261 2.4
      vertex -42.51 -24.3193 2.4
      vertex -42.51 24.3193 2.4
    endloop
  endfacet
  facet normal 0 0 1
    outer loop
      vertex -42.718 24.3261 2.4
      vertex -42.718 -24.3261 2.4
      vertex -42.51 -24.3193 2.4
    endloop
  endfacet
  facet normal -0 0 1
    outer loop
      vertex -42.7187 24.3261 2.4
      vertex -42.718 -24.3261 2.4
      vertex -42.718 24.3261 2.4
    endloop
  endfacet
  facet normal 0 0 1
    outer loop
      vertex -42.7187 24.3261 2.4
      vertex -42.7187 -24.3261 2.4
      vertex -42.718 -24.3261 2.4
    endloop
  endfacet
  facet normal 0 0 1
    outer loop
      vertex -42.7194 24.3262 2.4
      vertex -42.7187 -24.3261 2.4
      vertex -42.7187 24.3261 2.4
    endloop
  endfacet
  facet normal 0 0 1
    outer loop
      vertex -42.7194 24.3262 2.4
      vertex -42.7194 -24.3262 2.4
      vertex -42.7187 -24.3261 2.4
    endloop
  endfacet
  facet normal 0 0 1
    outer loop
      vertex -42.9265 24.3466 2.4
      vertex -42.7194 -24.3262 2.4
      vertex -42.7194 24.3262 2.4
    endloop
  endfacet
  facet normal 0 0 1
    outer loop
      vertex -42.9265 24.3466 2.4
      vertex -42.9265 -24.3466 2.4
      vertex -42.7194 -24.3262 2.4
    endloop
  endfacet
  facet normal 0 0 1
    outer loop
      vertex -43.1318 24.3805 2.4
      vertex -42.9265 -24.3466 2.4
      vertex -42.9265 24.3466 2.4
    endloop
  endfacet
  facet normal 0 0 1
    outer loop
      vertex -43.1318 24.3805 2.4
      vertex -43.1318 -24.3805 2.4
      vertex -42.9265 -24.3466 2.4
    endloop
  endfacet
  facet normal 0 0 1
    outer loop
      vertex -43.1325 24.3806 2.4
      vertex -43.1318 -24.3805 2.4
      vertex -43.1318 24.3805 2.4
    endloop
  endfacet
  facet normal 0 0 1
    outer loop
      vertex -43.1325 24.3806 2.4
      vertex -43.1325 -24.3806 2.4
      vertex -43.1318 -24.3805 2.4
    endloop
  endfacet
  facet normal 0 0 1
    outer loop
      vertex -43.1331 24.3808 2.4
      vertex -43.1325 -24.3806 2.4
      vertex -43.1325 24.3806 2.4
    endloop
  endfacet
  facet normal 0 0 1
    outer loop
      vertex -43.1331 24.3808 2.4
      vertex -43.1331 -24.3808 2.4
      vertex -43.1325 -24.3806 2.4
    endloop
  endfacet
  facet normal 0 0 1
    outer loop
      vertex -43.3358 24.428 2.4
      vertex -43.1331 -24.3808 2.4
      vertex -43.1331 24.3808 2.4
    endloop
  endfacet
  facet normal 0 0 1
    outer loop
      vertex -43.3358 24.428 2.4
      vertex -43.3358 -24.428 2.4
      vertex -43.1331 -24.3808 2.4
    endloop
  endfacet
  facet normal 0 0 1
    outer loop
      vertex -43.3365 24.4282 2.4
      vertex -43.3358 -24.428 2.4
      vertex -43.3358 24.428 2.4
    endloop
  endfacet
  facet normal 0 0 1
    outer loop
      vertex -43.3365 24.4282 2.4
      vertex -43.3365 -24.4282 2.4
      vertex -43.3358 -24.428 2.4
    endloop
  endfacet
  facet normal 0 0 1
    outer loop
      vertex -43.5356 24.4886 2.4
      vertex -43.3365 -24.4282 2.4
      vertex -43.3365 24.4282 2.4
    endloop
  endfacet
  facet normal 0 0 1
    outer loop
      vertex -43.5356 24.4886 2.4
      vertex -43.5356 -24.4886 2.4
      vertex -43.3365 -24.4282 2.4
    endloop
  endfacet
  facet normal 0 0 1
    outer loop
      vertex -43.7304 24.5619 2.4
      vertex -43.5356 -24.4886 2.4
      vertex -43.5356 24.4886 2.4
    endloop
  endfacet
  facet normal 0 0 1
    outer loop
      vertex -43.7304 24.5619 2.4
      vertex -43.7304 -24.5619 2.4
      vertex -43.5356 -24.4886 2.4
    endloop
  endfacet
  facet normal 0 0 1
    outer loop
      vertex -43.731 24.5622 2.4
      vertex -43.7304 -24.5619 2.4
      vertex -43.7304 24.5619 2.4
    endloop
  endfacet
  facet normal 0 0 1
    outer loop
      vertex -43.731 24.5622 2.4
      vertex -43.731 -24.5622 2.4
      vertex -43.7304 -24.5619 2.4
    endloop
  endfacet
  facet normal 0 0 1
    outer loop
      vertex -43.9206 24.6481 2.4
      vertex -43.731 -24.5622 2.4
      vertex -43.731 24.5622 2.4
    endloop
  endfacet
  facet normal 0 0 1
    outer loop
      vertex -43.9206 24.6481 2.4
      vertex -43.9206 -24.6481 2.4
      vertex -43.731 -24.5622 2.4
    endloop
  endfacet
  facet normal 0 0 1
    outer loop
      vertex -43.9212 24.6484 2.4
      vertex -43.9206 -24.6481 2.4
      vertex -43.9206 24.6481 2.4
    endloop
  endfacet
  facet normal 0 0 1
    outer loop
      vertex -43.9212 24.6484 2.4
      vertex -43.9212 -24.6484 2.4
      vertex -43.9206 -24.6481 2.4
    endloop
  endfacet
  facet normal 0 0 1
    outer loop
      vertex -43.9218 24.6487 2.4
      vertex -43.9212 -24.6484 2.4
      vertex -43.9212 24.6484 2.4
    endloop
  endfacet
  facet normal 0 0 1
    outer loop
      vertex -43.9218 24.6487 2.4
      vertex -43.9218 -24.6487 2.4
      vertex -43.9212 -24.6484 2.4
    endloop
  endfacet
  facet normal 0 0 1
    outer loop
      vertex -44.1053 24.7468 2.4
      vertex -43.9218 -24.6487 2.4
      vertex -43.9218 24.6487 2.4
    endloop
  endfacet
  facet normal 0 0 1
    outer loop
      vertex -44.1053 24.7468 2.4
      vertex -44.1053 -24.7468 2.4
      vertex -43.9218 -24.6487 2.4
    endloop
  endfacet
  facet normal 0 0 1
    outer loop
      vertex -44.2821 24.8567 2.4
      vertex -44.1053 -24.7468 2.4
      vertex -44.1053 24.7468 2.4
    endloop
  endfacet
  facet normal 0 0 1
    outer loop
      vertex -44.2821 24.8567 2.4
      vertex -44.2821 -24.8567 2.4
      vertex -44.1053 -24.7468 2.4
    endloop
  endfacet
  facet normal 0 0 1
    outer loop
      vertex -44.2826 24.857 2.4
      vertex -44.2821 -24.8567 2.4
      vertex -44.2821 24.8567 2.4
    endloop
  endfacet
  facet normal 0 0 1
    outer loop
      vertex -44.2826 24.857 2.4
      vertex -44.2826 -24.857 2.4
      vertex -44.2821 -24.8567 2.4
    endloop
  endfacet
  facet normal 0 0 1
    outer loop
      vertex -44.2832 24.8574 2.4
      vertex -44.2826 -24.857 2.4
      vertex -44.2826 24.857 2.4
    endloop
  endfacet
  facet normal 0 0 1
    outer loop
      vertex -44.2832 24.8574 2.4
      vertex -44.2832 -24.8574 2.4
      vertex -44.2826 -24.857 2.4
    endloop
  endfacet
  facet normal 0 0 1
    outer loop
      vertex -44.4524 24.9787 2.4
      vertex -44.2832 -24.8574 2.4
      vertex -44.2832 24.8574 2.4
    endloop
  endfacet
  facet normal 0 0 1
    outer loop
      vertex -44.4524 24.9787 2.4
      vertex -44.4524 -24.9787 2.4
      vertex -44.2832 -24.8574 2.4
    endloop
  endfacet
  facet normal 0 0 1
    outer loop
      vertex -44.6132 25.1107 2.4
      vertex -44.4524 -24.9787 2.4
      vertex -44.4524 24.9787 2.4
    endloop
  endfacet
  facet normal 0 0 1
    outer loop
      vertex -44.6132 25.1107 2.4
      vertex -44.6132 -25.1107 2.4
      vertex -44.4524 -24.9787 2.4
    endloop
  endfacet
  facet normal 0 0 1
    outer loop
      vertex -44.6138 25.1111 2.4
      vertex -44.6132 -25.1107 2.4
      vertex -44.6132 25.1107 2.4
    endloop
  endfacet
  facet normal 0 0 1
    outer loop
      vertex -44.6138 25.1111 2.4
      vertex -44.6138 -25.1111 2.4
      vertex -44.6132 -25.1107 2.4
    endloop
  endfacet
  facet normal 0 0 1
    outer loop
      vertex -44.6143 25.1116 2.4
      vertex -44.6138 -25.1111 2.4
      vertex -44.6138 25.1111 2.4
    endloop
  endfacet
  facet normal 0 0 1
    outer loop
      vertex -44.6143 25.1116 2.4
      vertex -44.6143 -25.1116 2.4
      vertex -44.6138 -25.1111 2.4
    endloop
  endfacet
  facet normal 0 0 1
    outer loop
      vertex -44.7662 25.2538 2.4
      vertex -44.6143 -25.1116 2.4
      vertex -44.6143 25.1116 2.4
    endloop
  endfacet
  facet normal 0 0 1
    outer loop
      vertex -44.7662 25.2538 2.4
      vertex -44.7662 -25.2538 2.4
      vertex -44.6143 -25.1116 2.4
    endloop
  endfacet
  facet normal 0 0 1
    outer loop
      vertex -44.9084 25.4057 2.4
      vertex -44.7662 -25.2538 2.4
      vertex -44.7662 25.2538 2.4
    endloop
  endfacet
  facet normal 0 0 1
    outer loop
      vertex -44.9084 25.4057 2.4
      vertex -44.9084 -25.4057 2.4
      vertex -44.7662 -25.2538 2.4
    endloop
  endfacet
  facet normal 0 0 1
    outer loop
      vertex -44.9089 25.4062 2.4
      vertex -44.9084 -25.4057 2.4
      vertex -44.9084 25.4057 2.4
    endloop
  endfacet
  facet normal 0 0 1
    outer loop
      vertex -44.9089 25.4062 2.4
      vertex -44.9089 -25.4062 2.4
      vertex -44.9084 -25.4057 2.4
    endloop
  endfacet
  facet normal 0 0 1
    outer loop
      vertex -45.0409 25.5671 2.4
      vertex -44.9089 -25.4062 2.4
      vertex -44.9089 25.4062 2.4
    endloop
  endfacet
  facet normal 0 0 1
    outer loop
      vertex -45.0409 25.5671 2.4
      vertex -45.0409 -25.5671 2.4
      vertex -44.9089 -25.4062 2.4
    endloop
  endfacet
  facet normal 0 0 1
    outer loop
      vertex -45.0413 25.5676 2.4
      vertex -45.0409 -25.5671 2.4
      vertex -45.0409 25.5671 2.4
    endloop
  endfacet
  facet normal 0 0 1
    outer loop
      vertex -45.0413 25.5676 2.4
      vertex -45.0413 -25.5676 2.4
      vertex -45.0409 -25.5671 2.4
    endloop
  endfacet
  facet normal 0 0 1
    outer loop
      vertex -45.0417 25.5682 2.4
      vertex -45.0413 -25.5676 2.4
      vertex -45.0413 25.5676 2.4
    endloop
  endfacet
  facet normal 0 0 1
    outer loop
      vertex -45.0417 25.5682 2.4
      vertex -45.0417 -25.5682 2.4
      vertex -45.0413 -25.5676 2.4
    endloop
  endfacet
  facet normal 0 0 1
    outer loop
      vertex -45.163 25.7374 2.4
      vertex -45.0417 -25.5682 2.4
      vertex -45.0417 25.5682 2.4
    endloop
  endfacet
  facet normal 0 0 1
    outer loop
      vertex -45.163 25.7374 2.4
      vertex -45.163 -25.7374 2.4
      vertex -45.0417 -25.5682 2.4
    endloop
  endfacet
  facet normal 0 0 1
    outer loop
      vertex -45.2728 25.9141 2.4
      vertex -45.163 -25.7374 2.4
      vertex -45.163 25.7374 2.4
    endloop
  endfacet
  facet normal 0 0 1
    outer loop
      vertex -45.2728 25.9141 2.4
      vertex -45.2728 -25.9141 2.4
      vertex -45.163 -25.7374 2.4
    endloop
  endfacet
  facet normal 0 0 1
    outer loop
      vertex -45.2732 25.9147 2.4
      vertex -45.2728 -25.9141 2.4
      vertex -45.2728 25.9141 2.4
    endloop
  endfacet
  facet normal 0 0 1
    outer loop
      vertex -45.2732 25.9147 2.4
      vertex -45.2732 -25.9147 2.4
      vertex -45.2728 -25.9141 2.4
    endloop
  endfacet
  facet normal 0 0 1
    outer loop
      vertex -45.3713 26.0982 2.4
      vertex -45.2732 -25.9147 2.4
      vertex -45.2732 25.9147 2.4
    endloop
  endfacet
  facet normal 0 0 1
    outer loop
      vertex -45.3713 26.0982 2.4
      vertex -45.3713 -26.0982 2.4
      vertex -45.2732 -25.9147 2.4
    endloop
  endfacet
  facet normal 0 0 1
    outer loop
      vertex -45.3716 26.0988 2.4
      vertex -45.3713 -26.0982 2.4
      vertex -45.3713 26.0982 2.4
    endloop
  endfacet
  facet normal 0 0 1
    outer loop
      vertex -45.3716 26.0988 2.4
      vertex -45.3716 -26.0988 2.4
      vertex -45.3713 -26.0982 2.4
    endloop
  endfacet
  facet normal 0 0 1
    outer loop
      vertex -45.3719 26.0994 2.4
      vertex -45.3716 -26.0988 2.4
      vertex -45.3716 26.0988 2.4
    endloop
  endfacet
  facet normal 0 0 1
    outer loop
      vertex -45.3719 26.0994 2.4
      vertex -45.3719 -26.0994 2.4
      vertex -45.3716 -26.0988 2.4
    endloop
  endfacet
  facet normal 0 0 1
    outer loop
      vertex -45.4578 26.289 2.4
      vertex -45.3719 -26.0994 2.4
      vertex -45.3719 26.0994 2.4
    endloop
  endfacet
  facet normal 0 0 1
    outer loop
      vertex -45.4578 26.289 2.4
      vertex -45.4578 -26.289 2.4
      vertex -45.3719 -26.0994 2.4
    endloop
  endfacet
  facet normal 0 0 1
    outer loop
      vertex -45.5311 26.4837 2.4
      vertex -45.4578 -26.289 2.4
      vertex -45.4578 26.289 2.4
    endloop
  endfacet
  facet normal 0 0 1
    outer loop
      vertex -45.5311 26.4837 2.4
      vertex -45.5311 -26.4837 2.4
      vertex -45.4578 -26.289 2.4
    endloop
  endfacet
  facet normal 0 0 1
    outer loop
      vertex -45.5314 26.4844 2.4
      vertex -45.5311 -26.4837 2.4
      vertex -45.5311 26.4837 2.4
    endloop
  endfacet
  facet normal 0 0 1
    outer loop
      vertex -45.5314 26.4844 2.4
      vertex -45.5314 -26.4844 2.4
      vertex -45.5311 -26.4837 2.4
    endloop
  endfacet
  facet normal 0 0 1
    outer loop
      vertex -48.4 33.4 2.4
      vertex -45.5314 26.4844 2.4
      vertex -45.5316 26.485 2.4
    endloop
  endfacet
  facet normal 0 0 1
    outer loop
      vertex -45.5314 26.4844 2.4
      vertex -48.4 33.4 2.4
      vertex -45.5314 -26.4844 2.4
    endloop
  endfacet
  facet normal 0 0 1
    outer loop
      vertex -48.4 33.4 2.4
      vertex -45.5316 26.485 2.4
      vertex -45.592 26.6842 2.4
    endloop
  endfacet
  facet normal 0 0 1
    outer loop
      vertex -48.4 -33.4 2.4
      vertex -45.5314 -26.4844 2.4
      vertex -48.4 33.4 2.4
    endloop
  endfacet
  facet normal 0 0 1
    outer loop
      vertex -48.4 33.4 2.4
      vertex -45.592 26.6842 2.4
      vertex -45.6392 26.8869 2.4
    endloop
  endfacet
  facet normal 0 0 1
    outer loop
      vertex -45.5314 -26.4844 2.4
      vertex -48.4 -33.4 2.4
      vertex -45.5316 -26.485 2.4
    endloop
  endfacet
  facet normal 0 0 1
    outer loop
      vertex -48.4 33.4 2.4
      vertex -45.6392 26.8869 2.4
      vertex -45.6394 26.8875 2.4
    endloop
  endfacet
  facet normal 0 0 1
    outer loop
      vertex -45.5316 -26.485 2.4
      vertex -48.4 -33.4 2.4
      vertex -45.592 -26.6842 2.4
    endloop
  endfacet
  facet normal 0 0 1
    outer loop
      vertex -48.4 33.4 2.4
      vertex -45.6394 26.8875 2.4
      vertex -45.6733 27.0928 2.4
    endloop
  endfacet
  facet normal 0 0 1
    outer loop
      vertex -45.592 -26.6842 2.4
      vertex -48.4 -33.4 2.4
      vertex -45.6392 -26.8869 2.4
    endloop
  endfacet
  facet normal 0 0 1
    outer loop
      vertex -48.4 33.4 2.4
      vertex -45.6733 27.0928 2.4
      vertex -45.6734 27.0935 2.4
    endloop
  endfacet
  facet normal 0 0 1
    outer loop
      vertex -45.6392 -26.8869 2.4
      vertex -48.4 -33.4 2.4
      vertex -45.6394 -26.8875 2.4
    endloop
  endfacet
  facet normal 0 0 1
    outer loop
      vertex -48.4 33.4 2.4
      vertex -45.6734 27.0935 2.4
      vertex -45.6735 27.0942 2.4
    endloop
  endfacet
  facet normal 0 0 1
    outer loop
      vertex -45.6394 -26.8875 2.4
      vertex -48.4 -33.4 2.4
      vertex -45.6733 -27.0928 2.4
    endloop
  endfacet
  facet normal 0 0 1
    outer loop
      vertex -48.4 33.4 2.4
      vertex -45.6735 27.0942 2.4
      vertex -45.6939 27.3013 2.4
    endloop
  endfacet
  facet normal 0 0 1
    outer loop
      vertex -45.6733 -27.0928 2.4
      vertex -48.4 -33.4 2.4
      vertex -45.6734 -27.0935 2.4
    endloop
  endfacet
  facet normal 0 0 1
    outer loop
      vertex -48.4 33.4 2.4
      vertex -45.6939 27.3013 2.4
      vertex -45.7007 27.5093 2.4
    endloop
  endfacet
  facet normal 0 0 1
    outer loop
      vertex -45.6734 -27.0935 2.4
      vertex -48.4 -33.4 2.4
      vertex -45.6735 -27.0942 2.4
    endloop
  endfacet
  facet normal 0 0 1
    outer loop
      vertex -48.4 33.4 2.4
      vertex -45.7007 27.5093 2.4
      vertex -45.7007 27.51 2.4
    endloop
  endfacet
  facet normal 0 0 1
    outer loop
      vertex -45.6735 -27.0942 2.4
      vertex -48.4 -33.4 2.4
      vertex -45.6939 -27.3013 2.4
    endloop
  endfacet
  facet normal 0 0 1
    outer loop
      vertex 45.6735 27.0942 2.4
      vertex 48.4 33.4 2.4
      vertex 45.6939 27.3013 2.4
    endloop
  endfacet
  facet normal 0 0 1
    outer loop
      vertex 48.4 -33.4 2.4
      vertex 45.7007 -27.5093 2.4
      vertex 45.7007 -27.51 2.4
    endloop
  endfacet
  facet normal 0 0 1
    outer loop
      vertex 45.6734 27.0935 2.4
      vertex 48.4 33.4 2.4
      vertex 45.6735 27.0942 2.4
    endloop
  endfacet
  facet normal 0 0 1
    outer loop
      vertex 48.4 -33.4 2.4
      vertex 45.6939 -27.3013 2.4
      vertex 45.7007 -27.5093 2.4
    endloop
  endfacet
  facet normal 0 0 1
    outer loop
      vertex 45.6733 27.0928 2.4
      vertex 48.4 33.4 2.4
      vertex 45.6734 27.0935 2.4
    endloop
  endfacet
  facet normal 0 0 1
    outer loop
      vertex 48.4 -33.4 2.4
      vertex 45.6735 -27.0942 2.4
      vertex 45.6939 -27.3013 2.4
    endloop
  endfacet
  facet normal 0 0 1
    outer loop
      vertex 45.6394 26.8875 2.4
      vertex 48.4 33.4 2.4
      vertex 45.6733 27.0928 2.4
    endloop
  endfacet
  facet normal 0 0 1
    outer loop
      vertex 48.4 -33.4 2.4
      vertex 45.6734 -27.0935 2.4
      vertex 45.6735 -27.0942 2.4
    endloop
  endfacet
  facet normal 0 0 1
    outer loop
      vertex 45.6392 26.8869 2.4
      vertex 48.4 33.4 2.4
      vertex 45.6394 26.8875 2.4
    endloop
  endfacet
  facet normal 0 0 1
    outer loop
      vertex 48.4 -33.4 2.4
      vertex 45.6733 -27.0928 2.4
      vertex 45.6734 -27.0935 2.4
    endloop
  endfacet
  facet normal 0 0 1
    outer loop
      vertex 45.592 26.6842 2.4
      vertex 48.4 33.4 2.4
      vertex 45.6392 26.8869 2.4
    endloop
  endfacet
  facet normal 0 0 1
    outer loop
      vertex 48.4 -33.4 2.4
      vertex 45.6394 -26.8875 2.4
      vertex 45.6733 -27.0928 2.4
    endloop
  endfacet
  facet normal 0 0 1
    outer loop
      vertex 45.5316 26.485 2.4
      vertex 48.4 33.4 2.4
      vertex 45.592 26.6842 2.4
    endloop
  endfacet
  facet normal 0 0 1
    outer loop
      vertex 48.4 -33.4 2.4
      vertex 45.6392 -26.8869 2.4
      vertex 45.6394 -26.8875 2.4
    endloop
  endfacet
  facet normal 0 0 1
    outer loop
      vertex 45.5314 26.4844 2.4
      vertex 48.4 33.4 2.4
      vertex 45.5316 26.485 2.4
    endloop
  endfacet
  facet normal 0 0 1
    outer loop
      vertex 48.4 -33.4 2.4
      vertex 45.592 -26.6842 2.4
      vertex 45.6392 -26.8869 2.4
    endloop
  endfacet
  facet normal 0 0 1
    outer loop
      vertex 48.4 33.4 2.4
      vertex 45.5314 26.4844 2.4
      vertex 48.4 -33.4 2.4
    endloop
  endfacet
  facet normal 0 0 1
    outer loop
      vertex 48.4 -33.4 2.4
      vertex 45.5316 -26.485 2.4
      vertex 45.592 -26.6842 2.4
    endloop
  endfacet
  facet normal -0 0 1
    outer loop
      vertex 45.5314 -26.4844 2.4
      vertex 48.4 -33.4 2.4
      vertex 45.5314 26.4844 2.4
    endloop
  endfacet
  facet normal 0 0 1
    outer loop
      vertex 48.4 -33.4 2.4
      vertex 45.5314 -26.4844 2.4
      vertex 45.5316 -26.485 2.4
    endloop
  endfacet
  facet normal -0 0 1
    outer loop
      vertex 45.5311 26.4837 2.4
      vertex 45.5314 -26.4844 2.4
      vertex 45.5314 26.4844 2.4
    endloop
  endfacet
  facet normal 0 0 1
    outer loop
      vertex 45.5311 26.4837 2.4
      vertex 45.5311 -26.4837 2.4
      vertex 45.5314 -26.4844 2.4
    endloop
  endfacet
  facet normal -0 0 1
    outer loop
      vertex 45.4578 26.289 2.4
      vertex 45.5311 -26.4837 2.4
      vertex 45.5311 26.4837 2.4
    endloop
  endfacet
  facet normal 0 0 1
    outer loop
      vertex 45.4578 26.289 2.4
      vertex 45.4578 -26.289 2.4
      vertex 45.5311 -26.4837 2.4
    endloop
  endfacet
  facet normal -0 0 1
    outer loop
      vertex 45.3719 26.0994 2.4
      vertex 45.4578 -26.289 2.4
      vertex 45.4578 26.289 2.4
    endloop
  endfacet
  facet normal 0 0 1
    outer loop
      vertex 45.3719 26.0994 2.4
      vertex 45.3719 -26.0994 2.4
      vertex 45.4578 -26.289 2.4
    endloop
  endfacet
  facet normal -0 0 1
    outer loop
      vertex 45.3716 26.0988 2.4
      vertex 45.3719 -26.0994 2.4
      vertex 45.3719 26.0994 2.4
    endloop
  endfacet
  facet normal 0 0 1
    outer loop
      vertex 45.3716 26.0988 2.4
      vertex 45.3716 -26.0988 2.4
      vertex 45.3719 -26.0994 2.4
    endloop
  endfacet
  facet normal -0 0 1
    outer loop
      vertex 45.3713 26.0982 2.4
      vertex 45.3716 -26.0988 2.4
      vertex 45.3716 26.0988 2.4
    endloop
  endfacet
  facet normal 0 0 1
    outer loop
      vertex 45.3713 26.0982 2.4
      vertex 45.3713 -26.0982 2.4
      vertex 45.3716 -26.0988 2.4
    endloop
  endfacet
  facet normal -0 0 1
    outer loop
      vertex 45.2732 25.9147 2.4
      vertex 45.3713 -26.0982 2.4
      vertex 45.3713 26.0982 2.4
    endloop
  endfacet
  facet normal 0 0 1
    outer loop
      vertex 45.2732 25.9147 2.4
      vertex 45.2732 -25.9147 2.4
      vertex 45.3713 -26.0982 2.4
    endloop
  endfacet
  facet normal -0 0 1
    outer loop
      vertex 45.2728 25.9141 2.4
      vertex 45.2732 -25.9147 2.4
      vertex 45.2732 25.9147 2.4
    endloop
  endfacet
  facet normal 0 0 1
    outer loop
      vertex 45.2728 25.9141 2.4
      vertex 45.2728 -25.9141 2.4
      vertex 45.2732 -25.9147 2.4
    endloop
  endfacet
  facet normal -0 0 1
    outer loop
      vertex 45.163 25.7374 2.4
      vertex 45.2728 -25.9141 2.4
      vertex 45.2728 25.9141 2.4
    endloop
  endfacet
  facet normal 0 0 1
    outer loop
      vertex 45.163 25.7374 2.4
      vertex 45.163 -25.7374 2.4
      vertex 45.2728 -25.9141 2.4
    endloop
  endfacet
  facet normal -0 0 1
    outer loop
      vertex 45.0417 25.5682 2.4
      vertex 45.163 -25.7374 2.4
      vertex 45.163 25.7374 2.4
    endloop
  endfacet
  facet normal 0 0 1
    outer loop
      vertex 45.0417 25.5682 2.4
      vertex 45.0417 -25.5682 2.4
      vertex 45.163 -25.7374 2.4
    endloop
  endfacet
  facet normal -0 0 1
    outer loop
      vertex 45.0413 25.5676 2.4
      vertex 45.0417 -25.5682 2.4
      vertex 45.0417 25.5682 2.4
    endloop
  endfacet
  facet normal 0 0 1
    outer loop
      vertex 45.0413 25.5676 2.4
      vertex 45.0413 -25.5676 2.4
      vertex 45.0417 -25.5682 2.4
    endloop
  endfacet
  facet normal -0 0 1
    outer loop
      vertex 45.0409 25.5671 2.4
      vertex 45.0413 -25.5676 2.4
      vertex 45.0413 25.5676 2.4
    endloop
  endfacet
  facet normal 0 0 1
    outer loop
      vertex 45.0409 25.5671 2.4
      vertex 45.0409 -25.5671 2.4
      vertex 45.0413 -25.5676 2.4
    endloop
  endfacet
  facet normal -0 0 1
    outer loop
      vertex 44.9089 25.4062 2.4
      vertex 45.0409 -25.5671 2.4
      vertex 45.0409 25.5671 2.4
    endloop
  endfacet
  facet normal 0 0 1
    outer loop
      vertex 44.9089 25.4062 2.4
      vertex 44.9089 -25.4062 2.4
      vertex 45.0409 -25.5671 2.4
    endloop
  endfacet
  facet normal -0 0 1
    outer loop
      vertex 44.9084 25.4057 2.4
      vertex 44.9089 -25.4062 2.4
      vertex 44.9089 25.4062 2.4
    endloop
  endfacet
  facet normal 0 0 1
    outer loop
      vertex 44.9084 25.4057 2.4
      vertex 44.9084 -25.4057 2.4
      vertex 44.9089 -25.4062 2.4
    endloop
  endfacet
  facet normal -0 0 1
    outer loop
      vertex 44.7662 25.2538 2.4
      vertex 44.9084 -25.4057 2.4
      vertex 44.9084 25.4057 2.4
    endloop
  endfacet
  facet normal 0 0 1
    outer loop
      vertex 44.7662 25.2538 2.4
      vertex 44.7662 -25.2538 2.4
      vertex 44.9084 -25.4057 2.4
    endloop
  endfacet
  facet normal -0 0 1
    outer loop
      vertex 44.6143 25.1116 2.4
      vertex 44.7662 -25.2538 2.4
      vertex 44.7662 25.2538 2.4
    endloop
  endfacet
  facet normal 0 0 1
    outer loop
      vertex 44.6143 25.1116 2.4
      vertex 44.6143 -25.1116 2.4
      vertex 44.7662 -25.2538 2.4
    endloop
  endfacet
  facet normal -0 0 1
    outer loop
      vertex 44.6138 25.1111 2.4
      vertex 44.6143 -25.1116 2.4
      vertex 44.6143 25.1116 2.4
    endloop
  endfacet
  facet normal 0 0 1
    outer loop
      vertex 44.6138 25.1111 2.4
      vertex 44.6138 -25.1111 2.4
      vertex 44.6143 -25.1116 2.4
    endloop
  endfacet
  facet normal -0 0 1
    outer loop
      vertex 44.6132 25.1107 2.4
      vertex 44.6138 -25.1111 2.4
      vertex 44.6138 25.1111 2.4
    endloop
  endfacet
  facet normal 0 0 1
    outer loop
      vertex 44.6132 25.1107 2.4
      vertex 44.6132 -25.1107 2.4
      vertex 44.6138 -25.1111 2.4
    endloop
  endfacet
  facet normal -0 0 1
    outer loop
      vertex 44.4524 24.9787 2.4
      vertex 44.6132 -25.1107 2.4
      vertex 44.6132 25.1107 2.4
    endloop
  endfacet
  facet normal 0 0 1
    outer loop
      vertex 44.4524 24.9787 2.4
      vertex 44.4524 -24.9787 2.4
      vertex 44.6132 -25.1107 2.4
    endloop
  endfacet
  facet normal -0 0 1
    outer loop
      vertex 44.2832 24.8574 2.4
      vertex 44.4524 -24.9787 2.4
      vertex 44.4524 24.9787 2.4
    endloop
  endfacet
  facet normal 0 0 1
    outer loop
      vertex 44.2832 24.8574 2.4
      vertex 44.2832 -24.8574 2.4
      vertex 44.4524 -24.9787 2.4
    endloop
  endfacet
  facet normal -0 0 1
    outer loop
      vertex 44.2826 24.857 2.4
      vertex 44.2832 -24.8574 2.4
      vertex 44.2832 24.8574 2.4
    endloop
  endfacet
  facet normal 0 0 1
    outer loop
      vertex 44.2826 24.857 2.4
      vertex 44.2826 -24.857 2.4
      vertex 44.2832 -24.8574 2.4
    endloop
  endfacet
  facet normal -0 0 1
    outer loop
      vertex 44.2821 24.8567 2.4
      vertex 44.2826 -24.857 2.4
      vertex 44.2826 24.857 2.4
    endloop
  endfacet
  facet normal 0 0 1
    outer loop
      vertex 44.2821 24.8567 2.4
      vertex 44.2821 -24.8567 2.4
      vertex 44.2826 -24.857 2.4
    endloop
  endfacet
  facet normal -0 0 1
    outer loop
      vertex 44.1053 24.7468 2.4
      vertex 44.2821 -24.8567 2.4
      vertex 44.2821 24.8567 2.4
    endloop
  endfacet
  facet normal 0 0 1
    outer loop
      vertex 44.1053 24.7468 2.4
      vertex 44.1053 -24.7468 2.4
      vertex 44.2821 -24.8567 2.4
    endloop
  endfacet
  facet normal -0 0 1
    outer loop
      vertex 43.9218 24.6487 2.4
      vertex 44.1053 -24.7468 2.4
      vertex 44.1053 24.7468 2.4
    endloop
  endfacet
  facet normal 0 0 1
    outer loop
      vertex 43.9218 24.6487 2.4
      vertex 43.9218 -24.6487 2.4
      vertex 44.1053 -24.7468 2.4
    endloop
  endfacet
  facet normal -0 0 1
    outer loop
      vertex 43.9212 24.6484 2.4
      vertex 43.9218 -24.6487 2.4
      vertex 43.9218 24.6487 2.4
    endloop
  endfacet
  facet normal 0 0 1
    outer loop
      vertex 43.9212 24.6484 2.4
      vertex 43.9212 -24.6484 2.4
      vertex 43.9218 -24.6487 2.4
    endloop
  endfacet
  facet normal -0 0 1
    outer loop
      vertex 43.9206 24.6481 2.4
      vertex 43.9212 -24.6484 2.4
      vertex 43.9212 24.6484 2.4
    endloop
  endfacet
  facet normal 0 0 1
    outer loop
      vertex 43.9206 24.6481 2.4
      vertex 43.9206 -24.6481 2.4
      vertex 43.9212 -24.6484 2.4
    endloop
  endfacet
  facet normal -0 0 1
    outer loop
      vertex 43.731 24.5622 2.4
      vertex 43.9206 -24.6481 2.4
      vertex 43.9206 24.6481 2.4
    endloop
  endfacet
  facet normal 0 0 1
    outer loop
      vertex 43.731 24.5622 2.4
      vertex 43.731 -24.5622 2.4
      vertex 43.9206 -24.6481 2.4
    endloop
  endfacet
  facet normal -0 0 1
    outer loop
      vertex 43.7304 24.5619 2.4
      vertex 43.731 -24.5622 2.4
      vertex 43.731 24.5622 2.4
    endloop
  endfacet
  facet normal 0 0 1
    outer loop
      vertex 43.7304 24.5619 2.4
      vertex 43.7304 -24.5619 2.4
      vertex 43.731 -24.5622 2.4
    endloop
  endfacet
  facet normal -0 0 1
    outer loop
      vertex 43.5356 24.4886 2.4
      vertex 43.7304 -24.5619 2.4
      vertex 43.7304 24.5619 2.4
    endloop
  endfacet
  facet normal 0 0 1
    outer loop
      vertex 43.5356 24.4886 2.4
      vertex 43.5356 -24.4886 2.4
      vertex 43.7304 -24.5619 2.4
    endloop
  endfacet
  facet normal -0 0 1
    outer loop
      vertex 43.3365 24.4282 2.4
      vertex 43.5356 -24.4886 2.4
      vertex 43.5356 24.4886 2.4
    endloop
  endfacet
  facet normal 0 0 1
    outer loop
      vertex 43.3365 24.4282 2.4
      vertex 43.3365 -24.4282 2.4
      vertex 43.5356 -24.4886 2.4
    endloop
  endfacet
  facet normal -0 0 1
    outer loop
      vertex 43.3358 24.428 2.4
      vertex 43.3365 -24.4282 2.4
      vertex 43.3365 24.4282 2.4
    endloop
  endfacet
  facet normal 0 0 1
    outer loop
      vertex 43.3358 24.428 2.4
      vertex 43.3358 -24.428 2.4
      vertex 43.3365 -24.4282 2.4
    endloop
  endfacet
  facet normal -0 0 1
    outer loop
      vertex 43.1331 24.3808 2.4
      vertex 43.3358 -24.428 2.4
      vertex 43.3358 24.428 2.4
    endloop
  endfacet
  facet normal 0 0 1
    outer loop
      vertex 43.1331 24.3808 2.4
      vertex 43.1331 -24.3808 2.4
      vertex 43.3358 -24.428 2.4
    endloop
  endfacet
  facet normal -0 0 1
    outer loop
      vertex 43.1325 24.3806 2.4
      vertex 43.1331 -24.3808 2.4
      vertex 43.1331 24.3808 2.4
    endloop
  endfacet
  facet normal 0 0 1
    outer loop
      vertex 43.1325 24.3806 2.4
      vertex 43.1325 -24.3806 2.4
      vertex 43.1331 -24.3808 2.4
    endloop
  endfacet
  facet normal -0 0 1
    outer loop
      vertex 43.1318 24.3805 2.4
      vertex 43.1325 -24.3806 2.4
      vertex 43.1325 24.3806 2.4
    endloop
  endfacet
  facet normal 0 0 1
    outer loop
      vertex 43.1318 24.3805 2.4
      vertex 43.1318 -24.3805 2.4
      vertex 43.1325 -24.3806 2.4
    endloop
  endfacet
  facet normal -0 0 1
    outer loop
      vertex 42.9265 24.3466 2.4
      vertex 43.1318 -24.3805 2.4
      vertex 43.1318 24.3805 2.4
    endloop
  endfacet
  facet normal 0 0 1
    outer loop
      vertex 42.9265 24.3466 2.4
      vertex 42.9265 -24.3466 2.4
      vertex 43.1318 -24.3805 2.4
    endloop
  endfacet
  facet normal -0 0 1
    outer loop
      vertex 42.7194 24.3262 2.4
      vertex 42.9265 -24.3466 2.4
      vertex 42.9265 24.3466 2.4
    endloop
  endfacet
  facet normal 0 0 1
    outer loop
      vertex 42.7194 24.3262 2.4
      vertex 42.7194 -24.3262 2.4
      vertex 42.9265 -24.3466 2.4
    endloop
  endfacet
  facet normal -0 0 1
    outer loop
      vertex 42.7187 24.3261 2.4
      vertex 42.7194 -24.3262 2.4
      vertex 42.7194 24.3262 2.4
    endloop
  endfacet
  facet normal 0 0 1
    outer loop
      vertex 42.7187 24.3261 2.4
      vertex 42.7187 -24.3261 2.4
      vertex 42.7194 -24.3262 2.4
    endloop
  endfacet
  facet normal -0 0 1
    outer loop
      vertex 42.718 24.3261 2.4
      vertex 42.7187 -24.3261 2.4
      vertex 42.7187 24.3261 2.4
    endloop
  endfacet
  facet normal 0 0 1
    outer loop
      vertex 42.718 24.3261 2.4
      vertex 42.718 -24.3261 2.4
      vertex 42.7187 -24.3261 2.4
    endloop
  endfacet
  facet normal -0 0 1
    outer loop
      vertex 42.51 24.3193 2.4
      vertex 42.718 -24.3261 2.4
      vertex 42.718 24.3261 2.4
    endloop
  endfacet
  facet normal 0 0 1
    outer loop
      vertex 42.51 24.3193 2.4
      vertex 42.51 -24.3193 2.4
      vertex 42.718 -24.3261 2.4
    endloop
  endfacet
  facet normal 0 0 1
    outer loop
      vertex 42.302 24.3261 2.4
      vertex 42.51 -24.3193 2.4
      vertex 42.51 24.3193 2.4
    endloop
  endfacet
  facet normal 0 0 1
    outer loop
      vertex 42.302 24.3261 2.4
      vertex 42.302 -24.3261 2.4
      vertex 42.51 -24.3193 2.4
    endloop
  endfacet
  facet normal -0 0 1
    outer loop
      vertex 42.3013 24.3261 2.4
      vertex 42.302 -24.3261 2.4
      vertex 42.302 24.3261 2.4
    endloop
  endfacet
  facet normal 0 0 1
    outer loop
      vertex 42.3013 24.3261 2.4
      vertex 42.3013 -24.3261 2.4
      vertex 42.302 -24.3261 2.4
    endloop
  endfacet
  facet normal 0 0 1
    outer loop
      vertex 42.3006 24.3262 2.4
      vertex 42.3013 -24.3261 2.4
      vertex 42.3013 24.3261 2.4
    endloop
  endfacet
  facet normal 0 0 1
    outer loop
      vertex 42.3006 24.3262 2.4
      vertex 42.3006 -24.3262 2.4
      vertex 42.3013 -24.3261 2.4
    endloop
  endfacet
  facet normal 0 0 1
    outer loop
      vertex 42.0935 24.3466 2.4
      vertex 42.3006 -24.3262 2.4
      vertex 42.3006 24.3262 2.4
    endloop
  endfacet
  facet normal 0 0 1
    outer loop
      vertex 42.0935 24.3466 2.4
      vertex 42.0935 -24.3466 2.4
      vertex 42.3006 -24.3262 2.4
    endloop
  endfacet
  facet normal 0 0 1
    outer loop
      vertex 41.8882 24.3805 2.4
      vertex 42.0935 -24.3466 2.4
      vertex 42.0935 24.3466 2.4
    endloop
  endfacet
  facet normal 0 0 1
    outer loop
      vertex 41.8882 24.3805 2.4
      vertex 41.8882 -24.3805 2.4
      vertex 42.0935 -24.3466 2.4
    endloop
  endfacet
  facet normal 0 0 1
    outer loop
      vertex 41.8875 24.3806 2.4
      vertex 41.8882 -24.3805 2.4
      vertex 41.8882 24.3805 2.4
    endloop
  endfacet
  facet normal 0 0 1
    outer loop
      vertex 41.8875 24.3806 2.4
      vertex 41.8875 -24.3806 2.4
      vertex 41.8882 -24.3805 2.4
    endloop
  endfacet
  facet normal 0 0 1
    outer loop
      vertex 41.8869 24.3808 2.4
      vertex 41.8875 -24.3806 2.4
      vertex 41.8875 24.3806 2.4
    endloop
  endfacet
  facet normal 0 0 1
    outer loop
      vertex 41.8869 24.3808 2.4
      vertex 41.8869 -24.3808 2.4
      vertex 41.8875 -24.3806 2.4
    endloop
  endfacet
  facet normal 0 0 1
    outer loop
      vertex 41.6842 24.428 2.4
      vertex 41.8869 -24.3808 2.4
      vertex 41.8869 24.3808 2.4
    endloop
  endfacet
  facet normal 0 0 1
    outer loop
      vertex 41.6842 24.428 2.4
      vertex 41.6842 -24.428 2.4
      vertex 41.8869 -24.3808 2.4
    endloop
  endfacet
  facet normal 0 0 1
    outer loop
      vertex 41.6835 24.4282 2.4
      vertex 41.6842 -24.428 2.4
      vertex 41.6842 24.428 2.4
    endloop
  endfacet
  facet normal 0 0 1
    outer loop
      vertex 41.6835 24.4282 2.4
      vertex 41.6835 -24.4282 2.4
      vertex 41.6842 -24.428 2.4
    endloop
  endfacet
  facet normal 0 0 1
    outer loop
      vertex 41.4844 24.4886 2.4
      vertex 41.6835 -24.4282 2.4
      vertex 41.6835 24.4282 2.4
    endloop
  endfacet
  facet normal 0 0 1
    outer loop
      vertex 41.4844 24.4886 2.4
      vertex 41.4844 -24.4886 2.4
      vertex 41.6835 -24.4282 2.4
    endloop
  endfacet
  facet normal 0 0 1
    outer loop
      vertex 41.2896 24.5619 2.4
      vertex 41.4844 -24.4886 2.4
      vertex 41.4844 24.4886 2.4
    endloop
  endfacet
  facet normal 0 0 1
    outer loop
      vertex 41.2896 24.5619 2.4
      vertex 41.2896 -24.5619 2.4
      vertex 41.4844 -24.4886 2.4
    endloop
  endfacet
  facet normal 0 0 1
    outer loop
      vertex 41.289 24.5622 2.4
      vertex 41.2896 -24.5619 2.4
      vertex 41.2896 24.5619 2.4
    endloop
  endfacet
  facet normal 0 0 1
    outer loop
      vertex 41.289 24.5622 2.4
      vertex 41.289 -24.5622 2.4
      vertex 41.2896 -24.5619 2.4
    endloop
  endfacet
  facet normal 0 0 1
    outer loop
      vertex 41.0994 24.6481 2.4
      vertex 41.289 -24.5622 2.4
      vertex 41.289 24.5622 2.4
    endloop
  endfacet
  facet normal 0 0 1
    outer loop
      vertex 41.0994 24.6481 2.4
      vertex 41.0994 -24.6481 2.4
      vertex 41.289 -24.5622 2.4
    endloop
  endfacet
  facet normal 0 0 1
    outer loop
      vertex 41.0988 24.6484 2.4
      vertex 41.0994 -24.6481 2.4
      vertex 41.0994 24.6481 2.4
    endloop
  endfacet
  facet normal 0 0 1
    outer loop
      vertex 41.0988 24.6484 2.4
      vertex 41.0988 -24.6484 2.4
      vertex 41.0994 -24.6481 2.4
    endloop
  endfacet
  facet normal 0 0 1
    outer loop
      vertex 41.0982 24.6487 2.4
      vertex 41.0988 -24.6484 2.4
      vertex 41.0988 24.6484 2.4
    endloop
  endfacet
  facet normal 0 0 1
    outer loop
      vertex 41.0982 24.6487 2.4
      vertex 41.0982 -24.6487 2.4
      vertex 41.0988 -24.6484 2.4
    endloop
  endfacet
  facet normal 0 0 1
    outer loop
      vertex 40.9147 24.7468 2.4
      vertex 41.0982 -24.6487 2.4
      vertex 41.0982 24.6487 2.4
    endloop
  endfacet
  facet normal 0 0 1
    outer loop
      vertex 40.9147 24.7468 2.4
      vertex 40.9147 -24.7468 2.4
      vertex 41.0982 -24.6487 2.4
    endloop
  endfacet
  facet normal 0 0 1
    outer loop
      vertex 40.7379 24.8567 2.4
      vertex 40.9147 -24.7468 2.4
      vertex 40.9147 24.7468 2.4
    endloop
  endfacet
  facet normal 0 0 1
    outer loop
      vertex 40.7379 24.8567 2.4
      vertex 40.7379 -24.8567 2.4
      vertex 40.9147 -24.7468 2.4
    endloop
  endfacet
  facet normal 0 0 1
    outer loop
      vertex 40.7374 24.857 2.4
      vertex 40.7379 -24.8567 2.4
      vertex 40.7379 24.8567 2.4
    endloop
  endfacet
  facet normal 0 0 1
    outer loop
      vertex 40.7374 24.857 2.4
      vertex 40.7374 -24.857 2.4
      vertex 40.7379 -24.8567 2.4
    endloop
  endfacet
  facet normal 0 0 1
    outer loop
      vertex 40.5682 24.9783 2.4
      vertex 40.7374 -24.857 2.4
      vertex 40.7374 24.857 2.4
    endloop
  endfacet
  facet normal 0 0 1
    outer loop
      vertex 40.5682 24.9783 2.4
      vertex 40.5682 -24.9783 2.4
      vertex 40.7374 -24.857 2.4
    endloop
  endfacet
  facet normal 0 0 1
    outer loop
      vertex 40.5676 24.9787 2.4
      vertex 40.5682 -24.9783 2.4
      vertex 40.5682 24.9783 2.4
    endloop
  endfacet
  facet normal 0 0 1
    outer loop
      vertex 40.5676 24.9787 2.4
      vertex 40.5676 -24.9787 2.4
      vertex 40.5682 -24.9783 2.4
    endloop
  endfacet
  facet normal 0 0 1
    outer loop
      vertex 40.5671 24.9791 2.4
      vertex 40.5676 -24.9787 2.4
      vertex 40.5676 24.9787 2.4
    endloop
  endfacet
  facet normal 0 0 1
    outer loop
      vertex 40.5671 24.9791 2.4
      vertex 40.5671 -24.9791 2.4
      vertex 40.5676 -24.9787 2.4
    endloop
  endfacet
  facet normal 0 0 1
    outer loop
      vertex 40.4062 25.1111 2.4
      vertex 40.5671 -24.9791 2.4
      vertex 40.5671 24.9791 2.4
    endloop
  endfacet
  facet normal 0 0 1
    outer loop
      vertex 40.4062 25.1111 2.4
      vertex 40.4062 -25.1111 2.4
      vertex 40.5671 -24.9791 2.4
    endloop
  endfacet
  facet normal 0 0 1
    outer loop
      vertex 40.4057 25.1116 2.4
      vertex 40.4062 -25.1111 2.4
      vertex 40.4062 25.1111 2.4
    endloop
  endfacet
  facet normal 0 0 1
    outer loop
      vertex 40.4057 25.1116 2.4
      vertex 40.4057 -25.1116 2.4
      vertex 40.4062 -25.1111 2.4
    endloop
  endfacet
  facet normal 0 0 1
    outer loop
      vertex 40.2538 25.2538 2.4
      vertex 40.4057 -25.1116 2.4
      vertex 40.4057 25.1116 2.4
    endloop
  endfacet
  facet normal 0 0 1
    outer loop
      vertex 40.2538 25.2538 2.4
      vertex 40.2538 -25.2538 2.4
      vertex 40.4057 -25.1116 2.4
    endloop
  endfacet
  facet normal 0 0 1
    outer loop
      vertex 40.1116 25.4057 2.4
      vertex 40.2538 -25.2538 2.4
      vertex 40.2538 25.2538 2.4
    endloop
  endfacet
  facet normal 0 0 1
    outer loop
      vertex 40.1116 25.4057 2.4
      vertex 40.1116 -25.4057 2.4
      vertex 40.2538 -25.2538 2.4
    endloop
  endfacet
  facet normal 0 0 1
    outer loop
      vertex 40.1111 25.4062 2.4
      vertex 40.1116 -25.4057 2.4
      vertex 40.1116 25.4057 2.4
    endloop
  endfacet
  facet normal 0 0 1
    outer loop
      vertex 40.1111 25.4062 2.4
      vertex 40.1111 -25.4062 2.4
      vertex 40.1116 -25.4057 2.4
    endloop
  endfacet
  facet normal 0 0 1
    outer loop
      vertex 39.9791 25.5671 2.4
      vertex 40.1111 -25.4062 2.4
      vertex 40.1111 25.4062 2.4
    endloop
  endfacet
  facet normal 0 0 1
    outer loop
      vertex 39.9791 25.5671 2.4
      vertex 39.9791 -25.5671 2.4
      vertex 40.1111 -25.4062 2.4
    endloop
  endfacet
  facet normal 0 0 1
    outer loop
      vertex 39.9787 25.5676 2.4
      vertex 39.9791 -25.5671 2.4
      vertex 39.9791 25.5671 2.4
    endloop
  endfacet
  facet normal 0 0 1
    outer loop
      vertex 39.9787 25.5676 2.4
      vertex 39.9787 -25.5676 2.4
      vertex 39.9791 -25.5671 2.4
    endloop
  endfacet
  facet normal 0 0 1
    outer loop
      vertex 39.9783 25.5682 2.4
      vertex 39.9787 -25.5676 2.4
      vertex 39.9787 25.5676 2.4
    endloop
  endfacet
  facet normal 0 0 1
    outer loop
      vertex 39.9783 25.5682 2.4
      vertex 39.9783 -25.5682 2.4
      vertex 39.9787 -25.5676 2.4
    endloop
  endfacet
  facet normal 0 0 1
    outer loop
      vertex 39.857 25.7374 2.4
      vertex 39.9783 -25.5682 2.4
      vertex 39.9783 25.5682 2.4
    endloop
  endfacet
  facet normal 0 0 1
    outer loop
      vertex 39.857 25.7374 2.4
      vertex 39.857 -25.7374 2.4
      vertex 39.9783 -25.5682 2.4
    endloop
  endfacet
  facet normal 0 0 1
    outer loop
      vertex 39.4282 26.6835 2.4
      vertex -39.428 26.6842 2.4
      vertex 39.4886 26.4844 2.4
    endloop
  endfacet
  facet normal -0 0 1
    outer loop
      vertex -39.4282 26.6835 2.4
      vertex 39.4886 26.4844 2.4
      vertex -39.428 26.6842 2.4
    endloop
  endfacet
  facet normal 0 0 1
    outer loop
      vertex 39.428 26.6842 2.4
      vertex -39.428 26.6842 2.4
      vertex 39.4282 26.6835 2.4
    endloop
  endfacet
  facet normal 0 0 1
    outer loop
      vertex -39.4886 26.4844 2.4
      vertex 39.4886 26.4844 2.4
      vertex -39.4282 26.6835 2.4
    endloop
  endfacet
  facet normal 0 0 1
    outer loop
      vertex -39.428 26.6842 2.4
      vertex 39.428 26.6842 2.4
      vertex -39.3808 26.8869 2.4
    endloop
  endfacet
  facet normal 0 0 1
    outer loop
      vertex 39.857 -25.7374 2.4
      vertex -39.3193 -27.51 2.4
      vertex 39.8567 -25.7379 2.4
    endloop
  endfacet
  facet normal -0 0 1
    outer loop
      vertex -39.3808 26.8869 2.4
      vertex 39.428 26.6842 2.4
      vertex -39.3806 26.8875 2.4
    endloop
  endfacet
  facet normal 0 0 1
    outer loop
      vertex 39.8567 -25.7379 2.4
      vertex -39.3193 -27.51 2.4
      vertex 39.7468 -25.9147 2.4
    endloop
  endfacet
  facet normal 0 0 1
    outer loop
      vertex 39.3808 26.8869 2.4
      vertex -39.3806 26.8875 2.4
      vertex 39.428 26.6842 2.4
    endloop
  endfacet
  facet normal 0 0 1
    outer loop
      vertex 39.7468 -25.9147 2.4
      vertex -39.3193 -27.51 2.4
      vertex 39.6487 -26.0982 2.4
    endloop
  endfacet
  facet normal 0 0 1
    outer loop
      vertex 39.3806 26.8875 2.4
      vertex -39.3806 26.8875 2.4
      vertex 39.3808 26.8869 2.4
    endloop
  endfacet
  facet normal 0 0 1
    outer loop
      vertex 39.6487 -26.0982 2.4
      vertex -39.3193 -27.51 2.4
      vertex 39.6484 -26.0988 2.4
    endloop
  endfacet
  facet normal 0 0 1
    outer loop
      vertex -39.3806 26.8875 2.4
      vertex 39.3806 26.8875 2.4
      vertex -39.3805 26.8882 2.4
    endloop
  endfacet
  facet normal 0 0 1
    outer loop
      vertex 39.6484 -26.0988 2.4
      vertex -39.3193 -27.51 2.4
      vertex 39.6481 -26.0994 2.4
    endloop
  endfacet
  facet normal -0 0 1
    outer loop
      vertex -39.3805 26.8882 2.4
      vertex 39.3806 26.8875 2.4
      vertex -39.3466 27.0935 2.4
    endloop
  endfacet
  facet normal 0 0 1
    outer loop
      vertex 39.6481 -26.0994 2.4
      vertex -39.3193 -27.51 2.4
      vertex 39.5622 -26.289 2.4
    endloop
  endfacet
  facet normal 0 0 1
    outer loop
      vertex 39.3805 26.8882 2.4
      vertex -39.3466 27.0935 2.4
      vertex 39.3806 26.8875 2.4
    endloop
  endfacet
  facet normal 0 0 1
    outer loop
      vertex 39.5622 -26.289 2.4
      vertex -39.3193 -27.51 2.4
      vertex 39.562 -26.2896 2.4
    endloop
  endfacet
  facet normal 0 0 1
    outer loop
      vertex 39.3466 27.0935 2.4
      vertex -39.3466 27.0935 2.4
      vertex 39.3805 26.8882 2.4
    endloop
  endfacet
  facet normal 0 0 1
    outer loop
      vertex 39.562 -26.2896 2.4
      vertex -39.3193 -27.51 2.4
      vertex 39.4886 -26.4844 2.4
    endloop
  endfacet
  facet normal 0 0 1
    outer loop
      vertex -39.3466 27.0935 2.4
      vertex 39.3466 27.0935 2.4
      vertex -39.3262 27.3006 2.4
    endloop
  endfacet
  facet normal 0 0 1
    outer loop
      vertex 39.4886 -26.4844 2.4
      vertex -39.3193 -27.51 2.4
      vertex 39.4282 -26.6835 2.4
    endloop
  endfacet
  facet normal -0 0 1
    outer loop
      vertex -39.3262 27.3006 2.4
      vertex 39.3466 27.0935 2.4
      vertex -39.3261 27.3013 2.4
    endloop
  endfacet
  facet normal 0 0 1
    outer loop
      vertex 39.4282 -26.6835 2.4
      vertex -39.3193 -27.51 2.4
      vertex 39.428 -26.6842 2.4
    endloop
  endfacet
  facet normal 0 0 1
    outer loop
      vertex 39.3262 27.3006 2.4
      vertex -39.3261 27.3013 2.4
      vertex 39.3466 27.0935 2.4
    endloop
  endfacet
  facet normal 0 0 1
    outer loop
      vertex 39.428 -26.6842 2.4
      vertex -39.3193 -27.51 2.4
      vertex 39.3808 -26.8869 2.4
    endloop
  endfacet
  facet normal 0 0 1
    outer loop
      vertex 39.3261 27.3013 2.4
      vertex -39.3261 27.3013 2.4
      vertex 39.3262 27.3006 2.4
    endloop
  endfacet
  facet normal 0 0 1
    outer loop
      vertex 39.3808 -26.8869 2.4
      vertex -39.3193 -27.51 2.4
      vertex 39.3806 -26.8875 2.4
    endloop
  endfacet
  facet normal 0 0 1
    outer loop
      vertex -39.3261 27.3013 2.4
      vertex 39.3261 27.3013 2.4
      vertex -39.3261 27.302 2.4
    endloop
  endfacet
  facet normal 0 0 1
    outer loop
      vertex 39.3806 -26.8875 2.4
      vertex -39.3193 -27.51 2.4
      vertex 39.3805 -26.8882 2.4
    endloop
  endfacet
  facet normal -0 0 1
    outer loop
      vertex -39.3261 27.302 2.4
      vertex 39.3261 27.3013 2.4
      vertex -39.3193 27.51 2.4
    endloop
  endfacet
  facet normal 0 0 1
    outer loop
      vertex 39.3805 -26.8882 2.4
      vertex -39.3193 -27.51 2.4
      vertex 39.3466 -27.0935 2.4
    endloop
  endfacet
  facet normal 0 0 1
    outer loop
      vertex -39.3193 27.51 2.4
      vertex 39.3261 27.3013 2.4
      vertex 39.3261 27.302 2.4
    endloop
  endfacet
  facet normal 0 0 1
    outer loop
      vertex 39.3466 -27.0935 2.4
      vertex -39.3193 -27.51 2.4
      vertex 39.3262 -27.3006 2.4
    endloop
  endfacet
  facet normal -0 0 1
    outer loop
      vertex -39.3193 27.51 2.4
      vertex 39.3261 27.302 2.4
      vertex 39.3193 27.51 2.4
    endloop
  endfacet
  facet normal 0 0 1
    outer loop
      vertex 39.3262 -27.3006 2.4
      vertex -39.3193 -27.51 2.4
      vertex 39.3261 -27.3013 2.4
    endloop
  endfacet
  facet normal 0 0 1
    outer loop
      vertex 45.7007 27.5093 2.4
      vertex 48.4 33.4 2.4
      vertex 45.7007 27.51 2.4
    endloop
  endfacet
  facet normal 0 0 1
    outer loop
      vertex 48.4 33.4 2.4
      vertex 45.7007 27.5107 2.4
      vertex 45.7007 27.51 2.4
    endloop
  endfacet
  facet normal 0 0 1
    outer loop
      vertex 48.4 33.4 2.4
      vertex 45.6939 27.7187 2.4
      vertex 45.7007 27.5107 2.4
    endloop
  endfacet
  facet normal 0 0 1
    outer loop
      vertex 48.4 33.4 2.4
      vertex 45.6735 27.9258 2.4
      vertex 45.6939 27.7187 2.4
    endloop
  endfacet
  facet normal 0 0 1
    outer loop
      vertex 48.4 33.4 2.4
      vertex 45.6734 27.9265 2.4
      vertex 45.6735 27.9258 2.4
    endloop
  endfacet
  facet normal 0 0 1
    outer loop
      vertex 48.4 33.4 2.4
      vertex 45.6733 27.9271 2.4
      vertex 45.6734 27.9265 2.4
    endloop
  endfacet
  facet normal 0 0 1
    outer loop
      vertex 48.4 33.4 2.4
      vertex 45.6394 28.1325 2.4
      vertex 45.6733 27.9271 2.4
    endloop
  endfacet
  facet normal 0 0 1
    outer loop
      vertex 48.4 33.4 2.4
      vertex 45.6392 28.1331 2.4
      vertex 45.6394 28.1325 2.4
    endloop
  endfacet
  facet normal 0 0 1
    outer loop
      vertex 48.4 33.4 2.4
      vertex 45.592 28.3358 2.4
      vertex 45.6392 28.1331 2.4
    endloop
  endfacet
  facet normal 0 0 1
    outer loop
      vertex 48.4 33.4 2.4
      vertex 45.5316 28.535 2.4
      vertex 45.592 28.3358 2.4
    endloop
  endfacet
  facet normal 0 0 1
    outer loop
      vertex 48.4 33.4 2.4
      vertex 45.5314 28.5356 2.4
      vertex 45.5316 28.535 2.4
    endloop
  endfacet
  facet normal 0 0 1
    outer loop
      vertex 48.4 33.4 2.4
      vertex 45.5311 28.5363 2.4
      vertex 45.5314 28.5356 2.4
    endloop
  endfacet
  facet normal 0 0 1
    outer loop
      vertex 48.4 33.4 2.4
      vertex 45.4578 28.731 2.4
      vertex 45.5311 28.5363 2.4
    endloop
  endfacet
  facet normal 0 0 1
    outer loop
      vertex 48.4 33.4 2.4
      vertex 45.3719 28.9206 2.4
      vertex 45.4578 28.731 2.4
    endloop
  endfacet
  facet normal 0 0 1
    outer loop
      vertex 48.4 33.4 2.4
      vertex 45.3716 28.9212 2.4
      vertex 45.3719 28.9206 2.4
    endloop
  endfacet
  facet normal 0 0 1
    outer loop
      vertex 48.4 33.4 2.4
      vertex 45.3713 28.9218 2.4
      vertex 45.3716 28.9212 2.4
    endloop
  endfacet
  facet normal 0 0 1
    outer loop
      vertex 48.4 33.4 2.4
      vertex 45.2732 29.1053 2.4
      vertex 45.3713 28.9218 2.4
    endloop
  endfacet
  facet normal 0 0 1
    outer loop
      vertex 48.4 33.4 2.4
      vertex 45.2728 29.1059 2.4
      vertex 45.2732 29.1053 2.4
    endloop
  endfacet
  facet normal 0 0 1
    outer loop
      vertex 48.4 33.4 2.4
      vertex 45.163 29.2826 2.4
      vertex 45.2728 29.1059 2.4
    endloop
  endfacet
  facet normal 0 0 1
    outer loop
      vertex 48.4 33.4 2.4
      vertex 45.0417 29.4518 2.4
      vertex 45.163 29.2826 2.4
    endloop
  endfacet
  facet normal 0 0 1
    outer loop
      vertex 48.4 33.4 2.4
      vertex 45.0413 29.4524 2.4
      vertex 45.0417 29.4518 2.4
    endloop
  endfacet
  facet normal 0 0 1
    outer loop
      vertex 48.4 33.4 2.4
      vertex 44.9093 29.6132 2.4
      vertex 45.0413 29.4524 2.4
    endloop
  endfacet
  facet normal 0 0 1
    outer loop
      vertex 48.4 33.4 2.4
      vertex 44.9089 29.6138 2.4
      vertex 44.9093 29.6132 2.4
    endloop
  endfacet
  facet normal 0 0 1
    outer loop
      vertex 48.4 33.4 2.4
      vertex 44.9084 29.6143 2.4
      vertex 44.9089 29.6138 2.4
    endloop
  endfacet
  facet normal 0 0 1
    outer loop
      vertex 48.4 33.4 2.4
      vertex 44.7662 29.7662 2.4
      vertex 44.9084 29.6143 2.4
    endloop
  endfacet
  facet normal 0 0 1
    outer loop
      vertex 48.4 33.4 2.4
      vertex 44.6143 29.9084 2.4
      vertex 44.7662 29.7662 2.4
    endloop
  endfacet
  facet normal 0 0 1
    outer loop
      vertex 48.4 33.4 2.4
      vertex 44.6138 29.9089 2.4
      vertex 44.6143 29.9084 2.4
    endloop
  endfacet
  facet normal 0 0 1
    outer loop
      vertex 48.4 33.4 2.4
      vertex 44.6132 29.9093 2.4
      vertex 44.6138 29.9089 2.4
    endloop
  endfacet
  facet normal 0 0 1
    outer loop
      vertex 48.4 33.4 2.4
      vertex 44.4524 30.0413 2.4
      vertex 44.6132 29.9093 2.4
    endloop
  endfacet
  facet normal 0 0 1
    outer loop
      vertex 48.4 33.4 2.4
      vertex 44.4518 30.0417 2.4
      vertex 44.4524 30.0413 2.4
    endloop
  endfacet
  facet normal 0 0 1
    outer loop
      vertex 48.4 33.4 2.4
      vertex 44.2826 30.163 2.4
      vertex 44.4518 30.0417 2.4
    endloop
  endfacet
  facet normal 0 0 1
    outer loop
      vertex 48.4 33.4 2.4
      vertex 44.1059 30.2728 2.4
      vertex 44.2826 30.163 2.4
    endloop
  endfacet
  facet normal 0 0 1
    outer loop
      vertex 48.4 33.4 2.4
      vertex 44.1053 30.2732 2.4
      vertex 44.1059 30.2728 2.4
    endloop
  endfacet
  facet normal 0 0 1
    outer loop
      vertex 48.4 33.4 2.4
      vertex 43.9218 30.3713 2.4
      vertex 44.1053 30.2732 2.4
    endloop
  endfacet
  facet normal 0 0 1
    outer loop
      vertex 48.4 33.4 2.4
      vertex 43.9212 30.3716 2.4
      vertex 43.9218 30.3713 2.4
    endloop
  endfacet
  facet normal 0 0 1
    outer loop
      vertex 48.4 33.4 2.4
      vertex 43.9206 30.3719 2.4
      vertex 43.9212 30.3716 2.4
    endloop
  endfacet
  facet normal 0 0 1
    outer loop
      vertex 48.4 33.4 2.4
      vertex 43.731 30.4578 2.4
      vertex 43.9206 30.3719 2.4
    endloop
  endfacet
  facet normal 0 0 1
    outer loop
      vertex 48.4 33.4 2.4
      vertex 43.5363 30.5311 2.4
      vertex 43.731 30.4578 2.4
    endloop
  endfacet
  facet normal 0 0 1
    outer loop
      vertex 48.4 33.4 2.4
      vertex 43.5356 30.5314 2.4
      vertex 43.5363 30.5311 2.4
    endloop
  endfacet
  facet normal 0 0 1
    outer loop
      vertex 48.4 33.4 2.4
      vertex 43.535 30.5316 2.4
      vertex 43.5356 30.5314 2.4
    endloop
  endfacet
  facet normal 0 0 1
    outer loop
      vertex 48.4 33.4 2.4
      vertex 43.3358 30.592 2.4
      vertex 43.535 30.5316 2.4
    endloop
  endfacet
  facet normal 0 0 1
    outer loop
      vertex 48.4 33.4 2.4
      vertex 43.1331 30.6392 2.4
      vertex 43.3358 30.592 2.4
    endloop
  endfacet
  facet normal 0 0 1
    outer loop
      vertex 48.4 33.4 2.4
      vertex 43.1325 30.6394 2.4
      vertex 43.1331 30.6392 2.4
    endloop
  endfacet
  facet normal 0 0 1
    outer loop
      vertex 48.4 33.4 2.4
      vertex 42.9271 30.6733 2.4
      vertex 43.1325 30.6394 2.4
    endloop
  endfacet
  facet normal 0 0 1
    outer loop
      vertex 48.4 33.4 2.4
      vertex 42.9265 30.6734 2.4
      vertex 42.9271 30.6733 2.4
    endloop
  endfacet
  facet normal 0 0 1
    outer loop
      vertex 48.4 33.4 2.4
      vertex 42.9258 30.6735 2.4
      vertex 42.9265 30.6734 2.4
    endloop
  endfacet
  facet normal 0 0 1
    outer loop
      vertex 48.4 33.4 2.4
      vertex 42.7187 30.6939 2.4
      vertex 42.9258 30.6735 2.4
    endloop
  endfacet
  facet normal 0 0 1
    outer loop
      vertex 48.4 33.4 2.4
      vertex 42.5107 30.7007 2.4
      vertex 42.7187 30.6939 2.4
    endloop
  endfacet
  facet normal 0 0 1
    outer loop
      vertex 48.4 33.4 2.4
      vertex 42.51 30.7007 2.4
      vertex 42.5107 30.7007 2.4
    endloop
  endfacet
  facet normal 0 0 1
    outer loop
      vertex 48.4 33.4 2.4
      vertex 42.5093 30.7007 2.4
      vertex 42.51 30.7007 2.4
    endloop
  endfacet
  facet normal 0 0 1
    outer loop
      vertex 48.4 33.4 2.4
      vertex 42.3013 30.6939 2.4
      vertex 42.5093 30.7007 2.4
    endloop
  endfacet
  facet normal 0 0 1
    outer loop
      vertex 48.4 33.4 2.4
      vertex 42.0942 30.6735 2.4
      vertex 42.3013 30.6939 2.4
    endloop
  endfacet
  facet normal 0 0 1
    outer loop
      vertex 48.4 33.4 2.4
      vertex 42.0935 30.6734 2.4
      vertex 42.0942 30.6735 2.4
    endloop
  endfacet
  facet normal 0 0 1
    outer loop
      vertex 48.4 33.4 2.4
      vertex 42.0928 30.6733 2.4
      vertex 42.0935 30.6734 2.4
    endloop
  endfacet
  facet normal 0 0 1
    outer loop
      vertex 48.4 33.4 2.4
      vertex 41.8875 30.6394 2.4
      vertex 42.0928 30.6733 2.4
    endloop
  endfacet
  facet normal 0 0 1
    outer loop
      vertex 48.4 33.4 2.4
      vertex 41.8869 30.6392 2.4
      vertex 41.8875 30.6394 2.4
    endloop
  endfacet
  facet normal 0 0 1
    outer loop
      vertex 48.4 33.4 2.4
      vertex 41.6842 30.592 2.4
      vertex 41.8869 30.6392 2.4
    endloop
  endfacet
  facet normal 0 0 1
    outer loop
      vertex 48.4 33.4 2.4
      vertex 41.4851 30.5316 2.4
      vertex 41.6842 30.592 2.4
    endloop
  endfacet
  facet normal 0 0 1
    outer loop
      vertex 48.4 33.4 2.4
      vertex 41.4844 30.5314 2.4
      vertex 41.4851 30.5316 2.4
    endloop
  endfacet
  facet normal 0 0 -1
    outer loop
      vertex 48.4 33.4 2.4
      vertex 41.4837 30.5311 2.4
      vertex 41.4844 30.5314 2.4
    endloop
  endfacet
  facet normal 0 0 1
    outer loop
      vertex 48.4 33.4 2.4
      vertex 41.289 30.4578 2.4
      vertex 41.4837 30.5311 2.4
    endloop
  endfacet
  facet normal 0 0 1
    outer loop
      vertex 40.9147 30.2732 2.4
      vertex 40.7374 30.163 2.4
      vertex 40.9141 30.2728 2.4
    endloop
  endfacet
  facet normal 0 0 -1
    outer loop
      vertex 40.5676 30.0413 2.4
      vertex 40.4062 29.9089 2.4
      vertex 40.5671 30.0409 2.4
    endloop
  endfacet
  facet normal 0 0 1
    outer loop
      vertex 40.4062 29.9089 2.4
      vertex 40.2538 29.7662 2.4
      vertex 40.4057 29.9084 2.4
    endloop
  endfacet
  facet normal 0 0 1
    outer loop
      vertex 39.5622 28.731 2.4
      vertex 39.4886 28.5356 2.4
      vertex 39.562 28.7304 2.4
    endloop
  endfacet
  facet normal 0 0 -1
    outer loop
      vertex 39.4886 28.5356 2.4
      vertex 39.428 28.3358 2.4
      vertex 39.4282 28.3365 2.4
    endloop
  endfacet
  facet normal 0 0 1
    outer loop
      vertex 39.428 28.3358 2.4
      vertex 39.3806 28.1325 2.4
      vertex 39.3808 28.1331 2.4
    endloop
  endfacet
  facet normal 0 0 1
    outer loop
      vertex 39.3806 28.1325 2.4
      vertex 39.3466 27.9265 2.4
      vertex 39.3805 28.1318 2.4
    endloop
  endfacet
  facet normal 0 0 1
    outer loop
      vertex 39.3261 -27.3013 2.4
      vertex -39.3193 -27.51 2.4
      vertex 39.3261 -27.302 2.4
    endloop
  endfacet
  facet normal 0 0 1
    outer loop
      vertex 39.3261 27.718 2.4
      vertex -39.3193 27.51 2.4
      vertex 39.3193 27.51 2.4
    endloop
  endfacet
  facet normal 0 0 1
    outer loop
      vertex 39.3261 27.7187 2.4
      vertex -39.3193 27.51 2.4
      vertex 39.3261 27.718 2.4
    endloop
  endfacet
  facet normal 0 0 1
    outer loop
      vertex -39.3261 27.7187 2.4
      vertex 39.3261 27.7187 2.4
      vertex 39.3262 27.7194 2.4
    endloop
  endfacet
  facet normal 0 0 1
    outer loop
      vertex -39.3261 27.7187 2.4
      vertex 39.3262 27.7194 2.4
      vertex 39.3466 27.9265 2.4
    endloop
  endfacet
  facet normal 0 0 1
    outer loop
      vertex -39.3466 27.9265 2.4
      vertex 39.3466 27.9265 2.4
      vertex 39.3806 28.1325 2.4
    endloop
  endfacet
  facet normal 0 0 1
    outer loop
      vertex -39.3806 28.1325 2.4
      vertex 39.3806 28.1325 2.4
      vertex 39.428 28.3358 2.4
    endloop
  endfacet
  facet normal 0 0 1
    outer loop
      vertex -39.428 28.3358 2.4
      vertex 39.428 28.3358 2.4
      vertex 39.4886 28.5356 2.4
    endloop
  endfacet
  facet normal 0 0 1
    outer loop
      vertex -39.4886 28.5356 2.4
      vertex 39.4886 28.5356 2.4
      vertex 39.5622 28.731 2.4
    endloop
  endfacet
  facet normal 0 0 1
    outer loop
      vertex -39.5622 28.731 2.4
      vertex 39.5622 28.731 2.4
      vertex 39.6481 28.9206 2.4
    endloop
  endfacet
  facet normal 0 0 1
    outer loop
      vertex -39.5622 28.731 2.4
      vertex 39.6481 28.9206 2.4
      vertex 39.6484 28.9212 2.4
    endloop
  endfacet
  facet normal 0 0 1
    outer loop
      vertex -39.6484 28.9212 2.4
      vertex 39.6484 28.9212 2.4
      vertex 39.6487 28.9218 2.4
    endloop
  endfacet
  facet normal 0 0 1
    outer loop
      vertex -39.6484 28.9212 2.4
      vertex 39.6487 28.9218 2.4
      vertex 39.7468 29.1053 2.4
    endloop
  endfacet
  facet normal 0 0 1
    outer loop
      vertex -39.7468 29.1053 2.4
      vertex 39.7468 29.1053 2.4
      vertex 39.8567 29.2821 2.4
    endloop
  endfacet
  facet normal 0 0 1
    outer loop
      vertex -39.7468 29.1053 2.4
      vertex 39.8567 29.2821 2.4
      vertex 39.857 29.2826 2.4
    endloop
  endfacet
  facet normal 0 0 1
    outer loop
      vertex -39.857 29.2826 2.4
      vertex 39.857 29.2826 2.4
      vertex 39.8574 29.2832 2.4
    endloop
  endfacet
  facet normal 0 0 1
    outer loop
      vertex -39.857 29.2826 2.4
      vertex 39.8574 29.2832 2.4
      vertex 39.9787 29.4524 2.4
    endloop
  endfacet
  facet normal 0 0 1
    outer loop
      vertex -39.9787 29.4524 2.4
      vertex 39.9787 29.4524 2.4
      vertex 40.1107 29.6132 2.4
    endloop
  endfacet
  facet normal 0 0 1
    outer loop
      vertex -39.9787 29.4524 2.4
      vertex 40.1107 29.6132 2.4
      vertex 40.1111 29.6138 2.4
    endloop
  endfacet
  facet normal 0 0 1
    outer loop
      vertex -40.1111 29.6138 2.4
      vertex 40.1111 29.6138 2.4
      vertex 40.1116 29.6143 2.4
    endloop
  endfacet
  facet normal 0 0 1
    outer loop
      vertex -40.1111 29.6138 2.4
      vertex 40.1116 29.6143 2.4
      vertex 40.2538 29.7662 2.4
    endloop
  endfacet
  facet normal 0 0 1
    outer loop
      vertex -40.2538 29.7662 2.4
      vertex 40.2538 29.7662 2.4
      vertex 40.4062 29.9089 2.4
    endloop
  endfacet
  facet normal 0 0 1
    outer loop
      vertex -40.4062 29.9089 2.4
      vertex 40.4062 29.9089 2.4
      vertex 40.5676 30.0413 2.4
    endloop
  endfacet
  facet normal 0 0 1
    outer loop
      vertex -40.5676 30.0413 2.4
      vertex 40.5676 30.0413 2.4
      vertex 40.5682 30.0417 2.4
    endloop
  endfacet
  facet normal 0 0 1
    outer loop
      vertex -40.5676 30.0413 2.4
      vertex 40.5682 30.0417 2.4
      vertex 40.7374 30.163 2.4
    endloop
  endfacet
  facet normal 0 0 1
    outer loop
      vertex -40.7374 30.163 2.4
      vertex 40.7374 30.163 2.4
      vertex 40.9147 30.2732 2.4
    endloop
  endfacet
  facet normal 0 0 1
    outer loop
      vertex -40.9147 30.2732 2.4
      vertex 40.9147 30.2732 2.4
      vertex 41.0982 30.3713 2.4
    endloop
  endfacet
  facet normal 0 0 1
    outer loop
      vertex -40.9147 30.2732 2.4
      vertex 41.0982 30.3713 2.4
      vertex 41.0988 30.3716 2.4
    endloop
  endfacet
  facet normal 0 0 1
    outer loop
      vertex -41.0988 30.3716 2.4
      vertex 41.0988 30.3716 2.4
      vertex 41.0994 30.3719 2.4
    endloop
  endfacet
  facet normal 0 0 1
    outer loop
      vertex -41.0988 30.3716 2.4
      vertex 41.0994 30.3719 2.4
      vertex 41.289 30.4578 2.4
    endloop
  endfacet
  facet normal 0 0 1
    outer loop
      vertex -41.289 30.4578 2.4
      vertex 41.289 30.4578 2.4
      vertex 48.4 33.4 2.4
    endloop
  endfacet
  facet normal 0 0 1
    outer loop
      vertex 39.3261 27.7187 2.4
      vertex -39.3261 27.718 2.4
      vertex -39.3193 27.51 2.4
    endloop
  endfacet
  facet normal 0 0 1
    outer loop
      vertex 39.3261 27.7187 2.4
      vertex -39.3261 27.7187 2.4
      vertex -39.3261 27.718 2.4
    endloop
  endfacet
  facet normal 0 0 1
    outer loop
      vertex 39.3466 27.9265 2.4
      vertex -39.3262 27.7194 2.4
      vertex -39.3261 27.7187 2.4
    endloop
  endfacet
  facet normal 0 0 1
    outer loop
      vertex 39.3466 27.9265 2.4
      vertex -39.3466 27.9265 2.4
      vertex -39.3262 27.7194 2.4
    endloop
  endfacet
  facet normal 0 0 1
    outer loop
      vertex 39.3806 28.1325 2.4
      vertex -39.3805 28.1318 2.4
      vertex -39.3466 27.9265 2.4
    endloop
  endfacet
  facet normal 0 0 1
    outer loop
      vertex 39.3806 28.1325 2.4
      vertex -39.3806 28.1325 2.4
      vertex -39.3805 28.1318 2.4
    endloop
  endfacet
  facet normal 0 0 1
    outer loop
      vertex 39.428 28.3358 2.4
      vertex -39.3808 28.1331 2.4
      vertex -39.3806 28.1325 2.4
    endloop
  endfacet
  facet normal 0 0 1
    outer loop
      vertex 39.428 28.3358 2.4
      vertex -39.428 28.3358 2.4
      vertex -39.3808 28.1331 2.4
    endloop
  endfacet
  facet normal 0 0 1
    outer loop
      vertex 39.4886 28.5356 2.4
      vertex -39.4282 28.3365 2.4
      vertex -39.428 28.3358 2.4
    endloop
  endfacet
  facet normal 0 0 1
    outer loop
      vertex 39.4886 28.5356 2.4
      vertex -39.4886 28.5356 2.4
      vertex -39.4282 28.3365 2.4
    endloop
  endfacet
  facet normal 0 0 1
    outer loop
      vertex 39.5622 28.731 2.4
      vertex -39.562 28.7304 2.4
      vertex -39.4886 28.5356 2.4
    endloop
  endfacet
  facet normal 0 0 1
    outer loop
      vertex 39.5622 28.731 2.4
      vertex -39.5622 28.731 2.4
      vertex -39.562 28.7304 2.4
    endloop
  endfacet
  facet normal 0 0 1
    outer loop
      vertex 39.6484 28.9212 2.4
      vertex -39.6481 28.9206 2.4
      vertex -39.5622 28.731 2.4
    endloop
  endfacet
  facet normal 0 0 1
    outer loop
      vertex 39.6484 28.9212 2.4
      vertex -39.6484 28.9212 2.4
      vertex -39.6481 28.9206 2.4
    endloop
  endfacet
  facet normal 0 0 1
    outer loop
      vertex 39.7468 29.1053 2.4
      vertex -39.6487 28.9218 2.4
      vertex -39.6484 28.9212 2.4
    endloop
  endfacet
  facet normal 0 0 1
    outer loop
      vertex 39.7468 29.1053 2.4
      vertex -39.7468 29.1053 2.4
      vertex -39.6487 28.9218 2.4
    endloop
  endfacet
  facet normal 0 0 1
    outer loop
      vertex 39.857 29.2826 2.4
      vertex -39.8567 29.2821 2.4
      vertex -39.7468 29.1053 2.4
    endloop
  endfacet
  facet normal 0 0 1
    outer loop
      vertex 39.857 29.2826 2.4
      vertex -39.857 29.2826 2.4
      vertex -39.8567 29.2821 2.4
    endloop
  endfacet
  facet normal 0 0 1
    outer loop
      vertex 39.9787 29.4524 2.4
      vertex -39.8574 29.2832 2.4
      vertex -39.857 29.2826 2.4
    endloop
  endfacet
  facet normal 0 0 1
    outer loop
      vertex 39.9787 29.4524 2.4
      vertex -39.9787 29.4524 2.4
      vertex -39.8574 29.2832 2.4
    endloop
  endfacet
  facet normal 0 0 1
    outer loop
      vertex 40.1111 29.6138 2.4
      vertex -40.1107 29.6132 2.4
      vertex -39.9787 29.4524 2.4
    endloop
  endfacet
  facet normal 0 0 1
    outer loop
      vertex 40.1111 29.6138 2.4
      vertex -40.1111 29.6138 2.4
      vertex -40.1107 29.6132 2.4
    endloop
  endfacet
  facet normal 0 0 1
    outer loop
      vertex 40.2538 29.7662 2.4
      vertex -40.1116 29.6143 2.4
      vertex -40.1111 29.6138 2.4
    endloop
  endfacet
  facet normal 0 0 1
    outer loop
      vertex 40.2538 29.7662 2.4
      vertex -40.2538 29.7662 2.4
      vertex -40.1116 29.6143 2.4
    endloop
  endfacet
  facet normal 0 0 1
    outer loop
      vertex 40.4062 29.9089 2.4
      vertex -40.4057 29.9084 2.4
      vertex -40.2538 29.7662 2.4
    endloop
  endfacet
  facet normal 0 0 1
    outer loop
      vertex 40.4062 29.9089 2.4
      vertex -40.4062 29.9089 2.4
      vertex -40.4057 29.9084 2.4
    endloop
  endfacet
  facet normal 0 0 1
    outer loop
      vertex 40.5676 30.0413 2.4
      vertex -40.5671 30.0409 2.4
      vertex -40.4062 29.9089 2.4
    endloop
  endfacet
  facet normal 0 0 1
    outer loop
      vertex 40.5676 30.0413 2.4
      vertex -40.5676 30.0413 2.4
      vertex -40.5671 30.0409 2.4
    endloop
  endfacet
  facet normal 0 0 1
    outer loop
      vertex 40.7374 30.163 2.4
      vertex -40.5682 30.0417 2.4
      vertex -40.5676 30.0413 2.4
    endloop
  endfacet
  facet normal 0 0 1
    outer loop
      vertex 40.7374 30.163 2.4
      vertex -40.7374 30.163 2.4
      vertex -40.5682 30.0417 2.4
    endloop
  endfacet
  facet normal 0 0 1
    outer loop
      vertex 40.9147 30.2732 2.4
      vertex -40.9141 30.2728 2.4
      vertex -40.7374 30.163 2.4
    endloop
  endfacet
  facet normal 0 0 1
    outer loop
      vertex 40.9147 30.2732 2.4
      vertex -40.9147 30.2732 2.4
      vertex -40.9141 30.2728 2.4
    endloop
  endfacet
  facet normal 0 0 1
    outer loop
      vertex 41.0988 30.3716 2.4
      vertex -41.0982 30.3713 2.4
      vertex -40.9147 30.2732 2.4
    endloop
  endfacet
  facet normal 0 0 1
    outer loop
      vertex 41.0988 30.3716 2.4
      vertex -41.0988 30.3716 2.4
      vertex -41.0982 30.3713 2.4
    endloop
  endfacet
  facet normal 0 0 1
    outer loop
      vertex 41.289 30.4578 2.4
      vertex -41.0994 30.3719 2.4
      vertex -41.0988 30.3716 2.4
    endloop
  endfacet
  facet normal 0 0 1
    outer loop
      vertex 41.289 30.4578 2.4
      vertex -41.289 30.4578 2.4
      vertex -41.0994 30.3719 2.4
    endloop
  endfacet
  facet normal 0 0 1
    outer loop
      vertex 48.4 33.4 2.4
      vertex -41.4837 30.5311 2.4
      vertex -41.289 30.4578 2.4
    endloop
  endfacet
  facet normal 0 0 1
    outer loop
      vertex 48.4 33.4 2.4
      vertex -41.4844 30.5314 2.4
      vertex -41.4837 30.5311 2.4
    endloop
  endfacet
  facet normal -0 0 1
    outer loop
      vertex -48.4 33.4 2.4
      vertex -41.4844 30.5314 2.4
      vertex 48.4 33.4 2.4
    endloop
  endfacet
  facet normal 0 0 1
    outer loop
      vertex -41.4844 30.5314 2.4
      vertex -48.4 33.4 2.4
      vertex -41.4851 30.5316 2.4
    endloop
  endfacet
  facet normal 0 0 1
    outer loop
      vertex -41.4851 30.5316 2.4
      vertex -48.4 33.4 2.4
      vertex -41.6842 30.592 2.4
    endloop
  endfacet
  facet normal 0 0 1
    outer loop
      vertex -41.6842 30.592 2.4
      vertex -48.4 33.4 2.4
      vertex -41.8869 30.6392 2.4
    endloop
  endfacet
  facet normal 0 0 1
    outer loop
      vertex -41.8869 30.6392 2.4
      vertex -48.4 33.4 2.4
      vertex -41.8875 30.6394 2.4
    endloop
  endfacet
  facet normal 0 0 1
    outer loop
      vertex -41.8875 30.6394 2.4
      vertex -48.4 33.4 2.4
      vertex -42.0928 30.6733 2.4
    endloop
  endfacet
  facet normal 0 0 1
    outer loop
      vertex -42.0928 30.6733 2.4
      vertex -48.4 33.4 2.4
      vertex -42.0935 30.6734 2.4
    endloop
  endfacet
  facet normal 0 0 1
    outer loop
      vertex -42.0935 30.6734 2.4
      vertex -48.4 33.4 2.4
      vertex -42.0942 30.6735 2.4
    endloop
  endfacet
  facet normal 0 0 1
    outer loop
      vertex -42.0942 30.6735 2.4
      vertex -48.4 33.4 2.4
      vertex -42.3013 30.6939 2.4
    endloop
  endfacet
  facet normal 0 0 1
    outer loop
      vertex -42.3013 30.6939 2.4
      vertex -48.4 33.4 2.4
      vertex -42.5093 30.7007 2.4
    endloop
  endfacet
  facet normal 0 0 1
    outer loop
      vertex -48.4 33.4 2.4
      vertex -42.5107 30.7007 2.4
      vertex -42.51 30.7007 2.4
    endloop
  endfacet
  facet normal 0 0 1
    outer loop
      vertex -48.4 33.4 2.4
      vertex -42.9271 30.6733 2.4
      vertex -42.9265 30.6734 2.4
    endloop
  endfacet
  facet normal 0 0 1
    outer loop
      vertex -48.4 33.4 2.4
      vertex -43.1331 30.6392 2.4
      vertex -43.1325 30.6394 2.4
    endloop
  endfacet
  facet normal 0 0 1
    outer loop
      vertex -48.4 33.4 2.4
      vertex -44.1059 30.2728 2.4
      vertex -44.1053 30.2732 2.4
    endloop
  endfacet
  facet normal 0 0 1
    outer loop
      vertex -48.4 33.4 2.4
      vertex -44.4518 30.0417 2.4
      vertex -44.2826 30.163 2.4
    endloop
  endfacet
  facet normal 0 0 1
    outer loop
      vertex -48.4 33.4 2.4
      vertex -44.9084 29.6143 2.4
      vertex -44.7662 29.7662 2.4
    endloop
  endfacet
  facet normal 0 0 1
    outer loop
      vertex -48.4 33.4 2.4
      vertex -45.0417 29.4518 2.4
      vertex -45.0413 29.4524 2.4
    endloop
  endfacet
  facet normal 0 0 1
    outer loop
      vertex -48.4 33.4 2.4
      vertex -45.2728 29.1059 2.4
      vertex -45.163 29.2826 2.4
    endloop
  endfacet
  facet normal 0 0 1
    outer loop
      vertex -48.4 33.4 2.4
      vertex -45.5311 28.5363 2.4
      vertex -45.4578 28.731 2.4
    endloop
  endfacet
  facet normal 0 0 1
    outer loop
      vertex -48.4 33.4 2.4
      vertex -45.6733 27.9271 2.4
      vertex -45.6394 28.1325 2.4
    endloop
  endfacet
  facet normal 0 0 1
    outer loop
      vertex -48.4 33.4 2.4
      vertex -45.7007 27.5107 2.4
      vertex -45.6939 27.7187 2.4
    endloop
  endfacet
  facet normal 0 0 1
    outer loop
      vertex -45.6939 -27.3013 2.4
      vertex -48.4 -33.4 2.4
      vertex -45.7007 -27.5093 2.4
    endloop
  endfacet
  facet normal 0 0 1
    outer loop
      vertex -45.7007 27.5107 2.4
      vertex -48.4 33.4 2.4
      vertex -45.7007 27.51 2.4
    endloop
  endfacet
  facet normal 0 0 1
    outer loop
      vertex -45.6735 27.9258 2.4
      vertex -48.4 33.4 2.4
      vertex -45.6939 27.7187 2.4
    endloop
  endfacet
  facet normal 0 0 1
    outer loop
      vertex -45.6734 27.9265 2.4
      vertex -48.4 33.4 2.4
      vertex -45.6735 27.9258 2.4
    endloop
  endfacet
  facet normal 0 0 1
    outer loop
      vertex -45.6733 27.9271 2.4
      vertex -48.4 33.4 2.4
      vertex -45.6734 27.9265 2.4
    endloop
  endfacet
  facet normal 0 0 1
    outer loop
      vertex -45.6392 28.1331 2.4
      vertex -48.4 33.4 2.4
      vertex -45.6394 28.1325 2.4
    endloop
  endfacet
  facet normal 0 0 1
    outer loop
      vertex -45.592 28.3358 2.4
      vertex -48.4 33.4 2.4
      vertex -45.6392 28.1331 2.4
    endloop
  endfacet
  facet normal 0 0 1
    outer loop
      vertex -45.5316 28.535 2.4
      vertex -48.4 33.4 2.4
      vertex -45.592 28.3358 2.4
    endloop
  endfacet
  facet normal 0 0 1
    outer loop
      vertex -45.5314 28.5356 2.4
      vertex -48.4 33.4 2.4
      vertex -45.5316 28.535 2.4
    endloop
  endfacet
  facet normal 0 0 1
    outer loop
      vertex -45.5311 28.5363 2.4
      vertex -48.4 33.4 2.4
      vertex -45.5314 28.5356 2.4
    endloop
  endfacet
  facet normal 0 0 1
    outer loop
      vertex -45.3719 28.9206 2.4
      vertex -48.4 33.4 2.4
      vertex -45.4578 28.731 2.4
    endloop
  endfacet
  facet normal 0 0 1
    outer loop
      vertex -45.3716 28.9212 2.4
      vertex -48.4 33.4 2.4
      vertex -45.3719 28.9206 2.4
    endloop
  endfacet
  facet normal 0 0 1
    outer loop
      vertex -45.3713 28.9218 2.4
      vertex -48.4 33.4 2.4
      vertex -45.3716 28.9212 2.4
    endloop
  endfacet
  facet normal 0 0 1
    outer loop
      vertex -45.2732 29.1053 2.4
      vertex -48.4 33.4 2.4
      vertex -45.3713 28.9218 2.4
    endloop
  endfacet
  facet normal 0 0 1
    outer loop
      vertex -45.2728 29.1059 2.4
      vertex -48.4 33.4 2.4
      vertex -45.2732 29.1053 2.4
    endloop
  endfacet
  facet normal 0 0 1
    outer loop
      vertex -45.0417 29.4518 2.4
      vertex -48.4 33.4 2.4
      vertex -45.163 29.2826 2.4
    endloop
  endfacet
  facet normal 0 0 1
    outer loop
      vertex -44.9093 29.6132 2.4
      vertex -48.4 33.4 2.4
      vertex -45.0413 29.4524 2.4
    endloop
  endfacet
  facet normal 0 0 1
    outer loop
      vertex -44.9089 29.6138 2.4
      vertex -48.4 33.4 2.4
      vertex -44.9093 29.6132 2.4
    endloop
  endfacet
  facet normal 0 0 1
    outer loop
      vertex -44.9084 29.6143 2.4
      vertex -48.4 33.4 2.4
      vertex -44.9089 29.6138 2.4
    endloop
  endfacet
  facet normal 0 0 1
    outer loop
      vertex -44.6143 29.9084 2.4
      vertex -48.4 33.4 2.4
      vertex -44.7662 29.7662 2.4
    endloop
  endfacet
  facet normal 0 0 1
    outer loop
      vertex -44.6138 29.9089 2.4
      vertex -48.4 33.4 2.4
      vertex -44.6143 29.9084 2.4
    endloop
  endfacet
  facet normal 0 0 1
    outer loop
      vertex -44.6132 29.9093 2.4
      vertex -48.4 33.4 2.4
      vertex -44.6138 29.9089 2.4
    endloop
  endfacet
  facet normal 0 0 1
    outer loop
      vertex -44.4524 30.0413 2.4
      vertex -48.4 33.4 2.4
      vertex -44.6132 29.9093 2.4
    endloop
  endfacet
  facet normal 0 0 1
    outer loop
      vertex -44.4518 30.0417 2.4
      vertex -48.4 33.4 2.4
      vertex -44.4524 30.0413 2.4
    endloop
  endfacet
  facet normal 0 0 1
    outer loop
      vertex -44.1059 30.2728 2.4
      vertex -48.4 33.4 2.4
      vertex -44.2826 30.163 2.4
    endloop
  endfacet
  facet normal 0 0 1
    outer loop
      vertex -43.9218 30.3713 2.4
      vertex -48.4 33.4 2.4
      vertex -44.1053 30.2732 2.4
    endloop
  endfacet
  facet normal 0 0 1
    outer loop
      vertex -43.9212 30.3716 2.4
      vertex -48.4 33.4 2.4
      vertex -43.9218 30.3713 2.4
    endloop
  endfacet
  facet normal 0 0 1
    outer loop
      vertex -43.9206 30.3719 2.4
      vertex -48.4 33.4 2.4
      vertex -43.9212 30.3716 2.4
    endloop
  endfacet
  facet normal 0 0 1
    outer loop
      vertex -43.731 30.4578 2.4
      vertex -48.4 33.4 2.4
      vertex -43.9206 30.3719 2.4
    endloop
  endfacet
  facet normal 0 0 1
    outer loop
      vertex -43.5363 30.5311 2.4
      vertex -48.4 33.4 2.4
      vertex -43.731 30.4578 2.4
    endloop
  endfacet
  facet normal 0 0 1
    outer loop
      vertex -43.5356 30.5314 2.4
      vertex -48.4 33.4 2.4
      vertex -43.5363 30.5311 2.4
    endloop
  endfacet
  facet normal 0 0 1
    outer loop
      vertex -43.535 30.5316 2.4
      vertex -48.4 33.4 2.4
      vertex -43.5356 30.5314 2.4
    endloop
  endfacet
  facet normal 0 0 1
    outer loop
      vertex -43.3358 30.592 2.4
      vertex -48.4 33.4 2.4
      vertex -43.535 30.5316 2.4
    endloop
  endfacet
  facet normal 0 0 1
    outer loop
      vertex -43.1331 30.6392 2.4
      vertex -48.4 33.4 2.4
      vertex -43.3358 30.592 2.4
    endloop
  endfacet
  facet normal 0 0 1
    outer loop
      vertex -42.9271 30.6733 2.4
      vertex -48.4 33.4 2.4
      vertex -43.1325 30.6394 2.4
    endloop
  endfacet
  facet normal 0 0 1
    outer loop
      vertex -42.9258 30.6735 2.4
      vertex -48.4 33.4 2.4
      vertex -42.9265 30.6734 2.4
    endloop
  endfacet
  facet normal 0 0 1
    outer loop
      vertex -42.7187 30.6939 2.4
      vertex -48.4 33.4 2.4
      vertex -42.9258 30.6735 2.4
    endloop
  endfacet
  facet normal 0 0 1
    outer loop
      vertex -42.5107 30.7007 2.4
      vertex -48.4 33.4 2.4
      vertex -42.7187 30.6939 2.4
    endloop
  endfacet
  facet normal 0 0 1
    outer loop
      vertex -42.5093 30.7007 2.4
      vertex -48.4 33.4 2.4
      vertex -42.51 30.7007 2.4
    endloop
  endfacet
  facet normal 0 0 1
    outer loop
      vertex 45.6939 27.3013 2.4
      vertex 48.4 33.4 2.4
      vertex 45.7007 27.5093 2.4
    endloop
  endfacet
  facet normal -0 0 1
    outer loop
      vertex 45.7007 -27.5107 2.4
      vertex 48.4 -33.4 2.4
      vertex 45.7007 -27.51 2.4
    endloop
  endfacet
  facet normal -0 0 1
    outer loop
      vertex 45.6939 -27.7187 2.4
      vertex 48.4 -33.4 2.4
      vertex 45.7007 -27.5107 2.4
    endloop
  endfacet
  facet normal -0 0 1
    outer loop
      vertex 45.6735 -27.9258 2.4
      vertex 48.4 -33.4 2.4
      vertex 45.6939 -27.7187 2.4
    endloop
  endfacet
  facet normal -0 0 1
    outer loop
      vertex 45.6734 -27.9265 2.4
      vertex 48.4 -33.4 2.4
      vertex 45.6735 -27.9258 2.4
    endloop
  endfacet
  facet normal -0 0 1
    outer loop
      vertex 45.6733 -27.9271 2.4
      vertex 48.4 -33.4 2.4
      vertex 45.6734 -27.9265 2.4
    endloop
  endfacet
  facet normal -0 0 1
    outer loop
      vertex 45.6394 -28.1325 2.4
      vertex 48.4 -33.4 2.4
      vertex 45.6733 -27.9271 2.4
    endloop
  endfacet
  facet normal -0 0 1
    outer loop
      vertex 45.6392 -28.1331 2.4
      vertex 48.4 -33.4 2.4
      vertex 45.6394 -28.1325 2.4
    endloop
  endfacet
  facet normal -0 0 1
    outer loop
      vertex 45.592 -28.3358 2.4
      vertex 48.4 -33.4 2.4
      vertex 45.6392 -28.1331 2.4
    endloop
  endfacet
  facet normal -0 0 1
    outer loop
      vertex 45.5316 -28.535 2.4
      vertex 48.4 -33.4 2.4
      vertex 45.592 -28.3358 2.4
    endloop
  endfacet
  facet normal -0 0 1
    outer loop
      vertex 45.5314 -28.5356 2.4
      vertex 48.4 -33.4 2.4
      vertex 45.5316 -28.535 2.4
    endloop
  endfacet
  facet normal -0 0 1
    outer loop
      vertex 45.5311 -28.5363 2.4
      vertex 48.4 -33.4 2.4
      vertex 45.5314 -28.5356 2.4
    endloop
  endfacet
  facet normal -0 0 1
    outer loop
      vertex 45.4578 -28.731 2.4
      vertex 48.4 -33.4 2.4
      vertex 45.5311 -28.5363 2.4
    endloop
  endfacet
  facet normal -0 0 1
    outer loop
      vertex 45.3719 -28.9206 2.4
      vertex 48.4 -33.4 2.4
      vertex 45.4578 -28.731 2.4
    endloop
  endfacet
  facet normal -0 0 1
    outer loop
      vertex 45.3716 -28.9212 2.4
      vertex 48.4 -33.4 2.4
      vertex 45.3719 -28.9206 2.4
    endloop
  endfacet
  facet normal -0 0 1
    outer loop
      vertex 45.3713 -28.9218 2.4
      vertex 48.4 -33.4 2.4
      vertex 45.3716 -28.9212 2.4
    endloop
  endfacet
  facet normal -0 0 1
    outer loop
      vertex 45.2732 -29.1053 2.4
      vertex 48.4 -33.4 2.4
      vertex 45.3713 -28.9218 2.4
    endloop
  endfacet
  facet normal -0 0 1
    outer loop
      vertex 45.2728 -29.1059 2.4
      vertex 48.4 -33.4 2.4
      vertex 45.2732 -29.1053 2.4
    endloop
  endfacet
  facet normal -0 0 1
    outer loop
      vertex 45.163 -29.2826 2.4
      vertex 48.4 -33.4 2.4
      vertex 45.2728 -29.1059 2.4
    endloop
  endfacet
  facet normal -0 0 1
    outer loop
      vertex 45.0417 -29.4518 2.4
      vertex 48.4 -33.4 2.4
      vertex 45.163 -29.2826 2.4
    endloop
  endfacet
  facet normal -0 0 1
    outer loop
      vertex 45.0413 -29.4524 2.4
      vertex 48.4 -33.4 2.4
      vertex 45.0417 -29.4518 2.4
    endloop
  endfacet
  facet normal -0 0 1
    outer loop
      vertex 44.9093 -29.6132 2.4
      vertex 48.4 -33.4 2.4
      vertex 45.0413 -29.4524 2.4
    endloop
  endfacet
  facet normal -0 0 1
    outer loop
      vertex 44.9089 -29.6138 2.4
      vertex 48.4 -33.4 2.4
      vertex 44.9093 -29.6132 2.4
    endloop
  endfacet
  facet normal -0 0 1
    outer loop
      vertex 44.9084 -29.6143 2.4
      vertex 48.4 -33.4 2.4
      vertex 44.9089 -29.6138 2.4
    endloop
  endfacet
  facet normal -0 0 1
    outer loop
      vertex 44.7662 -29.7662 2.4
      vertex 48.4 -33.4 2.4
      vertex 44.9084 -29.6143 2.4
    endloop
  endfacet
  facet normal -0 0 1
    outer loop
      vertex 44.6143 -29.9084 2.4
      vertex 48.4 -33.4 2.4
      vertex 44.7662 -29.7662 2.4
    endloop
  endfacet
  facet normal -0 0 1
    outer loop
      vertex 44.6138 -29.9089 2.4
      vertex 48.4 -33.4 2.4
      vertex 44.6143 -29.9084 2.4
    endloop
  endfacet
  facet normal -0 0 1
    outer loop
      vertex 44.6132 -29.9093 2.4
      vertex 48.4 -33.4 2.4
      vertex 44.6138 -29.9089 2.4
    endloop
  endfacet
  facet normal -0 0 1
    outer loop
      vertex 44.4524 -30.0413 2.4
      vertex 48.4 -33.4 2.4
      vertex 44.6132 -29.9093 2.4
    endloop
  endfacet
  facet normal -0 0 1
    outer loop
      vertex 44.4518 -30.0417 2.4
      vertex 48.4 -33.4 2.4
      vertex 44.4524 -30.0413 2.4
    endloop
  endfacet
  facet normal -0 0 1
    outer loop
      vertex 44.2826 -30.163 2.4
      vertex 48.4 -33.4 2.4
      vertex 44.4518 -30.0417 2.4
    endloop
  endfacet
  facet normal -0 0 1
    outer loop
      vertex 44.1059 -30.2728 2.4
      vertex 48.4 -33.4 2.4
      vertex 44.2826 -30.163 2.4
    endloop
  endfacet
  facet normal -0 0 1
    outer loop
      vertex 44.1053 -30.2732 2.4
      vertex 48.4 -33.4 2.4
      vertex 44.1059 -30.2728 2.4
    endloop
  endfacet
  facet normal -0 0 1
    outer loop
      vertex 43.9218 -30.3713 2.4
      vertex 48.4 -33.4 2.4
      vertex 44.1053 -30.2732 2.4
    endloop
  endfacet
  facet normal -0 0 1
    outer loop
      vertex 43.9212 -30.3716 2.4
      vertex 48.4 -33.4 2.4
      vertex 43.9218 -30.3713 2.4
    endloop
  endfacet
  facet normal -0 0 1
    outer loop
      vertex 43.9206 -30.3719 2.4
      vertex 48.4 -33.4 2.4
      vertex 43.9212 -30.3716 2.4
    endloop
  endfacet
  facet normal -0 0 1
    outer loop
      vertex 43.731 -30.4578 2.4
      vertex 48.4 -33.4 2.4
      vertex 43.9206 -30.3719 2.4
    endloop
  endfacet
  facet normal -0 0 1
    outer loop
      vertex 43.5363 -30.5311 2.4
      vertex 48.4 -33.4 2.4
      vertex 43.731 -30.4578 2.4
    endloop
  endfacet
  facet normal -0 0 1
    outer loop
      vertex 43.5356 -30.5314 2.4
      vertex 48.4 -33.4 2.4
      vertex 43.5363 -30.5311 2.4
    endloop
  endfacet
  facet normal -0 0 1
    outer loop
      vertex 43.535 -30.5316 2.4
      vertex 48.4 -33.4 2.4
      vertex 43.5356 -30.5314 2.4
    endloop
  endfacet
  facet normal -0 0 1
    outer loop
      vertex 43.3358 -30.592 2.4
      vertex 48.4 -33.4 2.4
      vertex 43.535 -30.5316 2.4
    endloop
  endfacet
  facet normal -0 0 1
    outer loop
      vertex 43.1331 -30.6392 2.4
      vertex 48.4 -33.4 2.4
      vertex 43.3358 -30.592 2.4
    endloop
  endfacet
  facet normal -0 0 1
    outer loop
      vertex 43.1325 -30.6394 2.4
      vertex 48.4 -33.4 2.4
      vertex 43.1331 -30.6392 2.4
    endloop
  endfacet
  facet normal -0 0 1
    outer loop
      vertex 42.9271 -30.6733 2.4
      vertex 48.4 -33.4 2.4
      vertex 43.1325 -30.6394 2.4
    endloop
  endfacet
  facet normal -0 0 1
    outer loop
      vertex 42.9265 -30.6734 2.4
      vertex 48.4 -33.4 2.4
      vertex 42.9271 -30.6733 2.4
    endloop
  endfacet
  facet normal -0 0 1
    outer loop
      vertex 42.9258 -30.6735 2.4
      vertex 48.4 -33.4 2.4
      vertex 42.9265 -30.6734 2.4
    endloop
  endfacet
  facet normal -0 0 1
    outer loop
      vertex 42.7187 -30.6939 2.4
      vertex 48.4 -33.4 2.4
      vertex 42.9258 -30.6735 2.4
    endloop
  endfacet
  facet normal -0 0 1
    outer loop
      vertex 42.5107 -30.7007 2.4
      vertex 48.4 -33.4 2.4
      vertex 42.7187 -30.6939 2.4
    endloop
  endfacet
  facet normal -0 0 1
    outer loop
      vertex 42.51 -30.7007 2.4
      vertex 48.4 -33.4 2.4
      vertex 42.5107 -30.7007 2.4
    endloop
  endfacet
  facet normal -0 0 1
    outer loop
      vertex 42.5093 -30.7007 2.4
      vertex 48.4 -33.4 2.4
      vertex 42.51 -30.7007 2.4
    endloop
  endfacet
  facet normal 0 0 1
    outer loop
      vertex 42.3013 -30.6939 2.4
      vertex 48.4 -33.4 2.4
      vertex 42.5093 -30.7007 2.4
    endloop
  endfacet
  facet normal 0 0 1
    outer loop
      vertex 42.0942 -30.6735 2.4
      vertex 48.4 -33.4 2.4
      vertex 42.3013 -30.6939 2.4
    endloop
  endfacet
  facet normal 0 0 1
    outer loop
      vertex 42.0935 -30.6734 2.4
      vertex 48.4 -33.4 2.4
      vertex 42.0942 -30.6735 2.4
    endloop
  endfacet
  facet normal 0 0 1
    outer loop
      vertex 42.0928 -30.6733 2.4
      vertex 48.4 -33.4 2.4
      vertex 42.0935 -30.6734 2.4
    endloop
  endfacet
  facet normal 0 0 1
    outer loop
      vertex 41.8875 -30.6394 2.4
      vertex 48.4 -33.4 2.4
      vertex 42.0928 -30.6733 2.4
    endloop
  endfacet
  facet normal 0 0 1
    outer loop
      vertex 41.8869 -30.6392 2.4
      vertex 48.4 -33.4 2.4
      vertex 41.8875 -30.6394 2.4
    endloop
  endfacet
  facet normal 0 0 1
    outer loop
      vertex 41.6842 -30.592 2.4
      vertex 48.4 -33.4 2.4
      vertex 41.8869 -30.6392 2.4
    endloop
  endfacet
  facet normal 0 0 1
    outer loop
      vertex 41.4851 -30.5316 2.4
      vertex 48.4 -33.4 2.4
      vertex 41.6842 -30.592 2.4
    endloop
  endfacet
  facet normal 0 0 1
    outer loop
      vertex 41.4844 -30.5314 2.4
      vertex 48.4 -33.4 2.4
      vertex 41.4851 -30.5316 2.4
    endloop
  endfacet
  facet normal 0 0 -1
    outer loop
      vertex 41.4837 -30.5311 2.4
      vertex 48.4 -33.4 2.4
      vertex 41.4844 -30.5314 2.4
    endloop
  endfacet
  facet normal 0 0 1
    outer loop
      vertex 41.289 -30.4578 2.4
      vertex 48.4 -33.4 2.4
      vertex 41.4837 -30.5311 2.4
    endloop
  endfacet
  facet normal 0 0 1
    outer loop
      vertex 40.7374 -30.163 2.4
      vertex 40.9147 -30.2732 2.4
      vertex 40.9141 -30.2728 2.4
    endloop
  endfacet
  facet normal 0 0 -1
    outer loop
      vertex 40.4062 -29.9089 2.4
      vertex 40.5676 -30.0413 2.4
      vertex 40.5671 -30.0409 2.4
    endloop
  endfacet
  facet normal 0 0 1
    outer loop
      vertex 40.2538 -29.7662 2.4
      vertex 40.4062 -29.9089 2.4
      vertex 40.4057 -29.9084 2.4
    endloop
  endfacet
  facet normal 0 0 1
    outer loop
      vertex 39.4886 -28.5356 2.4
      vertex 39.5622 -28.731 2.4
      vertex 39.562 -28.7304 2.4
    endloop
  endfacet
  facet normal 0 0 -1
    outer loop
      vertex 39.428 -28.3358 2.4
      vertex 39.4886 -28.5356 2.4
      vertex 39.4282 -28.3365 2.4
    endloop
  endfacet
  facet normal 0 0 1
    outer loop
      vertex 39.3806 -28.1325 2.4
      vertex 39.428 -28.3358 2.4
      vertex 39.3808 -28.1331 2.4
    endloop
  endfacet
  facet normal 0 0 1
    outer loop
      vertex 39.3466 -27.9265 2.4
      vertex 39.3806 -28.1325 2.4
      vertex 39.3805 -28.1318 2.4
    endloop
  endfacet
  facet normal 0 0 1
    outer loop
      vertex 39.3261 -27.302 2.4
      vertex -39.3193 -27.51 2.4
      vertex 39.3193 -27.51 2.4
    endloop
  endfacet
  facet normal 0 0 1
    outer loop
      vertex 39.3193 -27.51 2.4
      vertex -39.3193 -27.51 2.4
      vertex 39.3261 -27.718 2.4
    endloop
  endfacet
  facet normal 0 0 1
    outer loop
      vertex 39.3261 -27.718 2.4
      vertex -39.3193 -27.51 2.4
      vertex 39.3261 -27.7187 2.4
    endloop
  endfacet
  facet normal -0 0 1
    outer loop
      vertex -39.3261 -27.718 2.4
      vertex 39.3261 -27.7187 2.4
      vertex -39.3193 -27.51 2.4
    endloop
  endfacet
  facet normal 0 0 1
    outer loop
      vertex -39.3261 -27.7187 2.4
      vertex 39.3261 -27.7187 2.4
      vertex -39.3261 -27.718 2.4
    endloop
  endfacet
  facet normal 0 0 1
    outer loop
      vertex 39.3261 -27.7187 2.4
      vertex -39.3261 -27.7187 2.4
      vertex 39.3262 -27.7194 2.4
    endloop
  endfacet
  facet normal 0 0 1
    outer loop
      vertex 39.3262 -27.7194 2.4
      vertex -39.3261 -27.7187 2.4
      vertex 39.3466 -27.9265 2.4
    endloop
  endfacet
  facet normal -0 0 1
    outer loop
      vertex -39.3262 -27.7194 2.4
      vertex 39.3466 -27.9265 2.4
      vertex -39.3261 -27.7187 2.4
    endloop
  endfacet
  facet normal 0 0 1
    outer loop
      vertex -39.3466 -27.9265 2.4
      vertex 39.3466 -27.9265 2.4
      vertex -39.3262 -27.7194 2.4
    endloop
  endfacet
  facet normal 0 0 1
    outer loop
      vertex 39.3466 -27.9265 2.4
      vertex -39.3466 -27.9265 2.4
      vertex 39.3806 -28.1325 2.4
    endloop
  endfacet
  facet normal -0 0 1
    outer loop
      vertex -39.3805 -28.1318 2.4
      vertex 39.3806 -28.1325 2.4
      vertex -39.3466 -27.9265 2.4
    endloop
  endfacet
  facet normal 0 0 1
    outer loop
      vertex -39.3806 -28.1325 2.4
      vertex 39.3806 -28.1325 2.4
      vertex -39.3805 -28.1318 2.4
    endloop
  endfacet
  facet normal 0 0 1
    outer loop
      vertex 39.3806 -28.1325 2.4
      vertex -39.3806 -28.1325 2.4
      vertex 39.428 -28.3358 2.4
    endloop
  endfacet
  facet normal -0 0 1
    outer loop
      vertex -39.3808 -28.1331 2.4
      vertex 39.428 -28.3358 2.4
      vertex -39.3806 -28.1325 2.4
    endloop
  endfacet
  facet normal 0 0 1
    outer loop
      vertex -39.428 -28.3358 2.4
      vertex 39.428 -28.3358 2.4
      vertex -39.3808 -28.1331 2.4
    endloop
  endfacet
  facet normal 0 0 1
    outer loop
      vertex 39.428 -28.3358 2.4
      vertex -39.428 -28.3358 2.4
      vertex 39.4886 -28.5356 2.4
    endloop
  endfacet
  facet normal -0 0 1
    outer loop
      vertex -39.4282 -28.3365 2.4
      vertex 39.4886 -28.5356 2.4
      vertex -39.428 -28.3358 2.4
    endloop
  endfacet
  facet normal 0 0 1
    outer loop
      vertex -39.4886 -28.5356 2.4
      vertex 39.4886 -28.5356 2.4
      vertex -39.4282 -28.3365 2.4
    endloop
  endfacet
  facet normal 0 0 1
    outer loop
      vertex 39.4886 -28.5356 2.4
      vertex -39.4886 -28.5356 2.4
      vertex 39.5622 -28.731 2.4
    endloop
  endfacet
  facet normal -0 0 1
    outer loop
      vertex -39.562 -28.7304 2.4
      vertex 39.5622 -28.731 2.4
      vertex -39.4886 -28.5356 2.4
    endloop
  endfacet
  facet normal 0 0 1
    outer loop
      vertex -39.5622 -28.731 2.4
      vertex 39.5622 -28.731 2.4
      vertex -39.562 -28.7304 2.4
    endloop
  endfacet
  facet normal 0 0 1
    outer loop
      vertex 39.5622 -28.731 2.4
      vertex -39.5622 -28.731 2.4
      vertex 39.6481 -28.9206 2.4
    endloop
  endfacet
  facet normal 0 0 1
    outer loop
      vertex 39.6481 -28.9206 2.4
      vertex -39.5622 -28.731 2.4
      vertex 39.6484 -28.9212 2.4
    endloop
  endfacet
  facet normal -0 0 1
    outer loop
      vertex -39.6481 -28.9206 2.4
      vertex 39.6484 -28.9212 2.4
      vertex -39.5622 -28.731 2.4
    endloop
  endfacet
  facet normal 0 0 1
    outer loop
      vertex -39.6484 -28.9212 2.4
      vertex 39.6484 -28.9212 2.4
      vertex -39.6481 -28.9206 2.4
    endloop
  endfacet
  facet normal 0 0 1
    outer loop
      vertex 39.6484 -28.9212 2.4
      vertex -39.6484 -28.9212 2.4
      vertex 39.6487 -28.9218 2.4
    endloop
  endfacet
  facet normal 0 0 1
    outer loop
      vertex 39.6487 -28.9218 2.4
      vertex -39.6484 -28.9212 2.4
      vertex 39.7468 -29.1053 2.4
    endloop
  endfacet
  facet normal -0 0 1
    outer loop
      vertex -39.6487 -28.9218 2.4
      vertex 39.7468 -29.1053 2.4
      vertex -39.6484 -28.9212 2.4
    endloop
  endfacet
  facet normal 0 0 1
    outer loop
      vertex -39.7468 -29.1053 2.4
      vertex 39.7468 -29.1053 2.4
      vertex -39.6487 -28.9218 2.4
    endloop
  endfacet
  facet normal 0 0 1
    outer loop
      vertex 39.7468 -29.1053 2.4
      vertex -39.7468 -29.1053 2.4
      vertex 39.8567 -29.2821 2.4
    endloop
  endfacet
  facet normal 0 0 1
    outer loop
      vertex 39.8567 -29.2821 2.4
      vertex -39.7468 -29.1053 2.4
      vertex 39.857 -29.2826 2.4
    endloop
  endfacet
  facet normal -0 0 1
    outer loop
      vertex -39.8567 -29.2821 2.4
      vertex 39.857 -29.2826 2.4
      vertex -39.7468 -29.1053 2.4
    endloop
  endfacet
  facet normal 0 0 1
    outer loop
      vertex -39.857 -29.2826 2.4
      vertex 39.857 -29.2826 2.4
      vertex -39.8567 -29.2821 2.4
    endloop
  endfacet
  facet normal 0 0 1
    outer loop
      vertex 39.857 -29.2826 2.4
      vertex -39.857 -29.2826 2.4
      vertex 39.8574 -29.2832 2.4
    endloop
  endfacet
  facet normal 0 0 1
    outer loop
      vertex 39.8574 -29.2832 2.4
      vertex -39.857 -29.2826 2.4
      vertex 39.9787 -29.4524 2.4
    endloop
  endfacet
  facet normal -0 0 1
    outer loop
      vertex -39.8574 -29.2832 2.4
      vertex 39.9787 -29.4524 2.4
      vertex -39.857 -29.2826 2.4
    endloop
  endfacet
  facet normal 0 0 1
    outer loop
      vertex -39.9787 -29.4524 2.4
      vertex 39.9787 -29.4524 2.4
      vertex -39.8574 -29.2832 2.4
    endloop
  endfacet
  facet normal 0 0 1
    outer loop
      vertex 39.9787 -29.4524 2.4
      vertex -39.9787 -29.4524 2.4
      vertex 40.1107 -29.6132 2.4
    endloop
  endfacet
  facet normal 0 0 1
    outer loop
      vertex 40.1107 -29.6132 2.4
      vertex -39.9787 -29.4524 2.4
      vertex 40.1111 -29.6138 2.4
    endloop
  endfacet
  facet normal -0 0 1
    outer loop
      vertex -40.1107 -29.6132 2.4
      vertex 40.1111 -29.6138 2.4
      vertex -39.9787 -29.4524 2.4
    endloop
  endfacet
  facet normal 0 0 1
    outer loop
      vertex -40.1111 -29.6138 2.4
      vertex 40.1111 -29.6138 2.4
      vertex -40.1107 -29.6132 2.4
    endloop
  endfacet
  facet normal 0 0 1
    outer loop
      vertex 40.1111 -29.6138 2.4
      vertex -40.1111 -29.6138 2.4
      vertex 40.1116 -29.6143 2.4
    endloop
  endfacet
  facet normal 0 0 1
    outer loop
      vertex 40.1116 -29.6143 2.4
      vertex -40.1111 -29.6138 2.4
      vertex 40.2538 -29.7662 2.4
    endloop
  endfacet
  facet normal -0 0 1
    outer loop
      vertex -40.1116 -29.6143 2.4
      vertex 40.2538 -29.7662 2.4
      vertex -40.1111 -29.6138 2.4
    endloop
  endfacet
  facet normal 0 0 1
    outer loop
      vertex -40.2538 -29.7662 2.4
      vertex 40.2538 -29.7662 2.4
      vertex -40.1116 -29.6143 2.4
    endloop
  endfacet
  facet normal 0 0 1
    outer loop
      vertex 40.2538 -29.7662 2.4
      vertex -40.2538 -29.7662 2.4
      vertex 40.4062 -29.9089 2.4
    endloop
  endfacet
  facet normal -0 0 1
    outer loop
      vertex -40.4057 -29.9084 2.4
      vertex 40.4062 -29.9089 2.4
      vertex -40.2538 -29.7662 2.4
    endloop
  endfacet
  facet normal 0 0 1
    outer loop
      vertex -40.4062 -29.9089 2.4
      vertex 40.4062 -29.9089 2.4
      vertex -40.4057 -29.9084 2.4
    endloop
  endfacet
  facet normal 0 0 1
    outer loop
      vertex 40.4062 -29.9089 2.4
      vertex -40.4062 -29.9089 2.4
      vertex 40.5676 -30.0413 2.4
    endloop
  endfacet
  facet normal -0 0 1
    outer loop
      vertex -40.5671 -30.0409 2.4
      vertex 40.5676 -30.0413 2.4
      vertex -40.4062 -29.9089 2.4
    endloop
  endfacet
  facet normal 0 0 1
    outer loop
      vertex -40.5676 -30.0413 2.4
      vertex 40.5676 -30.0413 2.4
      vertex -40.5671 -30.0409 2.4
    endloop
  endfacet
  facet normal 0 0 1
    outer loop
      vertex 40.5676 -30.0413 2.4
      vertex -40.5676 -30.0413 2.4
      vertex 40.5682 -30.0417 2.4
    endloop
  endfacet
  facet normal 0 0 1
    outer loop
      vertex 40.5682 -30.0417 2.4
      vertex -40.5676 -30.0413 2.4
      vertex 40.7374 -30.163 2.4
    endloop
  endfacet
  facet normal -0 0 1
    outer loop
      vertex -40.5682 -30.0417 2.4
      vertex 40.7374 -30.163 2.4
      vertex -40.5676 -30.0413 2.4
    endloop
  endfacet
  facet normal 0 0 1
    outer loop
      vertex -40.7374 -30.163 2.4
      vertex 40.7374 -30.163 2.4
      vertex -40.5682 -30.0417 2.4
    endloop
  endfacet
  facet normal 0 0 1
    outer loop
      vertex 40.7374 -30.163 2.4
      vertex -40.7374 -30.163 2.4
      vertex 40.9147 -30.2732 2.4
    endloop
  endfacet
  facet normal -0 0 1
    outer loop
      vertex -40.9141 -30.2728 2.4
      vertex 40.9147 -30.2732 2.4
      vertex -40.7374 -30.163 2.4
    endloop
  endfacet
  facet normal 0 0 1
    outer loop
      vertex -40.9147 -30.2732 2.4
      vertex 40.9147 -30.2732 2.4
      vertex -40.9141 -30.2728 2.4
    endloop
  endfacet
  facet normal 0 0 1
    outer loop
      vertex 40.9147 -30.2732 2.4
      vertex -40.9147 -30.2732 2.4
      vertex 41.0982 -30.3713 2.4
    endloop
  endfacet
  facet normal 0 0 1
    outer loop
      vertex 41.0982 -30.3713 2.4
      vertex -40.9147 -30.2732 2.4
      vertex 41.0988 -30.3716 2.4
    endloop
  endfacet
  facet normal -0 0 1
    outer loop
      vertex -41.0982 -30.3713 2.4
      vertex 41.0988 -30.3716 2.4
      vertex -40.9147 -30.2732 2.4
    endloop
  endfacet
  facet normal 0 0 1
    outer loop
      vertex -41.0988 -30.3716 2.4
      vertex 41.0988 -30.3716 2.4
      vertex -41.0982 -30.3713 2.4
    endloop
  endfacet
  facet normal 0 0 1
    outer loop
      vertex 41.0988 -30.3716 2.4
      vertex -41.0988 -30.3716 2.4
      vertex 41.0994 -30.3719 2.4
    endloop
  endfacet
  facet normal 0 0 1
    outer loop
      vertex 41.0994 -30.3719 2.4
      vertex -41.0988 -30.3716 2.4
      vertex 41.289 -30.4578 2.4
    endloop
  endfacet
  facet normal -0 0 1
    outer loop
      vertex -41.0994 -30.3719 2.4
      vertex 41.289 -30.4578 2.4
      vertex -41.0988 -30.3716 2.4
    endloop
  endfacet
  facet normal 0 0 1
    outer loop
      vertex -41.289 -30.4578 2.4
      vertex 41.289 -30.4578 2.4
      vertex -41.0994 -30.3719 2.4
    endloop
  endfacet
  facet normal 0 0 1
    outer loop
      vertex 41.289 -30.4578 2.4
      vertex -41.289 -30.4578 2.4
      vertex 48.4 -33.4 2.4
    endloop
  endfacet
  facet normal -0 0 1
    outer loop
      vertex -41.4837 -30.5311 2.4
      vertex 48.4 -33.4 2.4
      vertex -41.289 -30.4578 2.4
    endloop
  endfacet
  facet normal -0 0 1
    outer loop
      vertex -41.4844 -30.5314 2.4
      vertex 48.4 -33.4 2.4
      vertex -41.4837 -30.5311 2.4
    endloop
  endfacet
  facet normal 0 0 1
    outer loop
      vertex -48.4 -33.4 2.4
      vertex -41.4844 -30.5314 2.4
      vertex -41.4851 -30.5316 2.4
    endloop
  endfacet
  facet normal 0 0 1
    outer loop
      vertex -48.4 -33.4 2.4
      vertex -41.4851 -30.5316 2.4
      vertex -41.6842 -30.592 2.4
    endloop
  endfacet
  facet normal 0 0 1
    outer loop
      vertex -48.4 -33.4 2.4
      vertex -41.6842 -30.592 2.4
      vertex -41.8869 -30.6392 2.4
    endloop
  endfacet
  facet normal 0 0 1
    outer loop
      vertex -48.4 -33.4 2.4
      vertex -41.8869 -30.6392 2.4
      vertex -41.8875 -30.6394 2.4
    endloop
  endfacet
  facet normal 0 0 1
    outer loop
      vertex -48.4 -33.4 2.4
      vertex -41.8875 -30.6394 2.4
      vertex -42.0928 -30.6733 2.4
    endloop
  endfacet
  facet normal 0 0 1
    outer loop
      vertex -48.4 -33.4 2.4
      vertex -42.0928 -30.6733 2.4
      vertex -42.0935 -30.6734 2.4
    endloop
  endfacet
  facet normal 0 0 1
    outer loop
      vertex -48.4 -33.4 2.4
      vertex -42.0935 -30.6734 2.4
      vertex -42.0942 -30.6735 2.4
    endloop
  endfacet
  facet normal 0 0 1
    outer loop
      vertex -48.4 -33.4 2.4
      vertex -42.0942 -30.6735 2.4
      vertex -42.3013 -30.6939 2.4
    endloop
  endfacet
  facet normal 0 0 1
    outer loop
      vertex -48.4 -33.4 2.4
      vertex -42.3013 -30.6939 2.4
      vertex -42.5093 -30.7007 2.4
    endloop
  endfacet
  facet normal 0 0 1
    outer loop
      vertex -48.4 -33.4 2.4
      vertex -42.5093 -30.7007 2.4
      vertex -42.51 -30.7007 2.4
    endloop
  endfacet
  facet normal 0 0 1
    outer loop
      vertex -48.4 -33.4 2.4
      vertex -42.5107 -30.7007 2.4
      vertex -42.7187 -30.6939 2.4
    endloop
  endfacet
  facet normal 0 0 1
    outer loop
      vertex -48.4 -33.4 2.4
      vertex -42.9271 -30.6733 2.4
      vertex -43.1325 -30.6394 2.4
    endloop
  endfacet
  facet normal 0 0 1
    outer loop
      vertex -48.4 -33.4 2.4
      vertex -43.1331 -30.6392 2.4
      vertex -43.3358 -30.592 2.4
    endloop
  endfacet
  facet normal 0 0 1
    outer loop
      vertex -48.4 -33.4 2.4
      vertex -44.1059 -30.2728 2.4
      vertex -44.2826 -30.163 2.4
    endloop
  endfacet
  facet normal 0 0 1
    outer loop
      vertex -48.4 -33.4 2.4
      vertex -44.4518 -30.0417 2.4
      vertex -44.4524 -30.0413 2.4
    endloop
  endfacet
  facet normal 0 0 1
    outer loop
      vertex -48.4 -33.4 2.4
      vertex -44.9084 -29.6143 2.4
      vertex -44.9089 -29.6138 2.4
    endloop
  endfacet
  facet normal 0 0 1
    outer loop
      vertex -48.4 -33.4 2.4
      vertex -45.0417 -29.4518 2.4
      vertex -45.163 -29.2826 2.4
    endloop
  endfacet
  facet normal 0 0 1
    outer loop
      vertex -48.4 -33.4 2.4
      vertex -45.2728 -29.1059 2.4
      vertex -45.2732 -29.1053 2.4
    endloop
  endfacet
  facet normal 0 0 1
    outer loop
      vertex -48.4 -33.4 2.4
      vertex -45.5311 -28.5363 2.4
      vertex -45.5314 -28.5356 2.4
    endloop
  endfacet
  facet normal 0 0 1
    outer loop
      vertex -48.4 -33.4 2.4
      vertex -45.6733 -27.9271 2.4
      vertex -45.6734 -27.9265 2.4
    endloop
  endfacet
  facet normal 0 0 1
    outer loop
      vertex -48.4 -33.4 2.4
      vertex -45.7007 -27.5107 2.4
      vertex -45.7007 -27.51 2.4
    endloop
  endfacet
  facet normal 0 0 1
    outer loop
      vertex -45.7007 -27.5093 2.4
      vertex -48.4 -33.4 2.4
      vertex -45.7007 -27.51 2.4
    endloop
  endfacet
  facet normal 0 0 1
    outer loop
      vertex -41.4844 -30.5314 2.4
      vertex -48.4 -33.4 2.4
      vertex 48.4 -33.4 2.4
    endloop
  endfacet
  facet normal -0 0 1
    outer loop
      vertex -42.5107 -30.7007 2.4
      vertex -48.4 -33.4 2.4
      vertex -42.51 -30.7007 2.4
    endloop
  endfacet
  facet normal 0 0 1
    outer loop
      vertex -42.9258 -30.6735 2.4
      vertex -48.4 -33.4 2.4
      vertex -42.7187 -30.6939 2.4
    endloop
  endfacet
  facet normal 0 0 1
    outer loop
      vertex -42.9265 -30.6734 2.4
      vertex -48.4 -33.4 2.4
      vertex -42.9258 -30.6735 2.4
    endloop
  endfacet
  facet normal 0 0 1
    outer loop
      vertex -42.9271 -30.6733 2.4
      vertex -48.4 -33.4 2.4
      vertex -42.9265 -30.6734 2.4
    endloop
  endfacet
  facet normal 0 0 1
    outer loop
      vertex -43.1331 -30.6392 2.4
      vertex -48.4 -33.4 2.4
      vertex -43.1325 -30.6394 2.4
    endloop
  endfacet
  facet normal 0 0 1
    outer loop
      vertex -43.535 -30.5316 2.4
      vertex -48.4 -33.4 2.4
      vertex -43.3358 -30.592 2.4
    endloop
  endfacet
  facet normal 0 0 1
    outer loop
      vertex -43.5356 -30.5314 2.4
      vertex -48.4 -33.4 2.4
      vertex -43.535 -30.5316 2.4
    endloop
  endfacet
  facet normal 0 0 1
    outer loop
      vertex -43.5363 -30.5311 2.4
      vertex -48.4 -33.4 2.4
      vertex -43.5356 -30.5314 2.4
    endloop
  endfacet
  facet normal 0 0 1
    outer loop
      vertex -43.731 -30.4578 2.4
      vertex -48.4 -33.4 2.4
      vertex -43.5363 -30.5311 2.4
    endloop
  endfacet
  facet normal 0 0 1
    outer loop
      vertex -43.9206 -30.3719 2.4
      vertex -48.4 -33.4 2.4
      vertex -43.731 -30.4578 2.4
    endloop
  endfacet
  facet normal 0 0 1
    outer loop
      vertex -43.9212 -30.3716 2.4
      vertex -48.4 -33.4 2.4
      vertex -43.9206 -30.3719 2.4
    endloop
  endfacet
  facet normal 0 0 1
    outer loop
      vertex -43.9218 -30.3713 2.4
      vertex -48.4 -33.4 2.4
      vertex -43.9212 -30.3716 2.4
    endloop
  endfacet
  facet normal 0 0 1
    outer loop
      vertex -44.1053 -30.2732 2.4
      vertex -48.4 -33.4 2.4
      vertex -43.9218 -30.3713 2.4
    endloop
  endfacet
  facet normal 0 0 1
    outer loop
      vertex -44.1059 -30.2728 2.4
      vertex -48.4 -33.4 2.4
      vertex -44.1053 -30.2732 2.4
    endloop
  endfacet
  facet normal 0 0 1
    outer loop
      vertex -44.4518 -30.0417 2.4
      vertex -48.4 -33.4 2.4
      vertex -44.2826 -30.163 2.4
    endloop
  endfacet
  facet normal 0 0 1
    outer loop
      vertex -44.6132 -29.9093 2.4
      vertex -48.4 -33.4 2.4
      vertex -44.4524 -30.0413 2.4
    endloop
  endfacet
  facet normal 0 0 1
    outer loop
      vertex -44.6138 -29.9089 2.4
      vertex -48.4 -33.4 2.4
      vertex -44.6132 -29.9093 2.4
    endloop
  endfacet
  facet normal 0 0 1
    outer loop
      vertex -44.6143 -29.9084 2.4
      vertex -48.4 -33.4 2.4
      vertex -44.6138 -29.9089 2.4
    endloop
  endfacet
  facet normal 0 0 1
    outer loop
      vertex -44.7662 -29.7662 2.4
      vertex -48.4 -33.4 2.4
      vertex -44.6143 -29.9084 2.4
    endloop
  endfacet
  facet normal 0 0 1
    outer loop
      vertex -44.9084 -29.6143 2.4
      vertex -48.4 -33.4 2.4
      vertex -44.7662 -29.7662 2.4
    endloop
  endfacet
  facet normal 0 0 1
    outer loop
      vertex -44.9093 -29.6132 2.4
      vertex -48.4 -33.4 2.4
      vertex -44.9089 -29.6138 2.4
    endloop
  endfacet
  facet normal 0 0 1
    outer loop
      vertex -45.0413 -29.4524 2.4
      vertex -48.4 -33.4 2.4
      vertex -44.9093 -29.6132 2.4
    endloop
  endfacet
  facet normal 0 0 1
    outer loop
      vertex -45.0417 -29.4518 2.4
      vertex -48.4 -33.4 2.4
      vertex -45.0413 -29.4524 2.4
    endloop
  endfacet
  facet normal 0 0 1
    outer loop
      vertex -45.2728 -29.1059 2.4
      vertex -48.4 -33.4 2.4
      vertex -45.163 -29.2826 2.4
    endloop
  endfacet
  facet normal 0 0 1
    outer loop
      vertex -45.3713 -28.9218 2.4
      vertex -48.4 -33.4 2.4
      vertex -45.2732 -29.1053 2.4
    endloop
  endfacet
  facet normal 0 0 1
    outer loop
      vertex -45.3716 -28.9212 2.4
      vertex -48.4 -33.4 2.4
      vertex -45.3713 -28.9218 2.4
    endloop
  endfacet
  facet normal 0 0 1
    outer loop
      vertex -45.3719 -28.9206 2.4
      vertex -48.4 -33.4 2.4
      vertex -45.3716 -28.9212 2.4
    endloop
  endfacet
  facet normal 0 0 1
    outer loop
      vertex -45.4578 -28.731 2.4
      vertex -48.4 -33.4 2.4
      vertex -45.3719 -28.9206 2.4
    endloop
  endfacet
  facet normal 0 0 1
    outer loop
      vertex -45.5311 -28.5363 2.4
      vertex -48.4 -33.4 2.4
      vertex -45.4578 -28.731 2.4
    endloop
  endfacet
  facet normal 0 0 1
    outer loop
      vertex -45.5316 -28.535 2.4
      vertex -48.4 -33.4 2.4
      vertex -45.5314 -28.5356 2.4
    endloop
  endfacet
  facet normal 0 0 1
    outer loop
      vertex -45.592 -28.3358 2.4
      vertex -48.4 -33.4 2.4
      vertex -45.5316 -28.535 2.4
    endloop
  endfacet
  facet normal 0 0 1
    outer loop
      vertex -45.6392 -28.1331 2.4
      vertex -48.4 -33.4 2.4
      vertex -45.592 -28.3358 2.4
    endloop
  endfacet
  facet normal 0 0 1
    outer loop
      vertex -45.6394 -28.1325 2.4
      vertex -48.4 -33.4 2.4
      vertex -45.6392 -28.1331 2.4
    endloop
  endfacet
  facet normal 0 0 1
    outer loop
      vertex -45.6733 -27.9271 2.4
      vertex -48.4 -33.4 2.4
      vertex -45.6394 -28.1325 2.4
    endloop
  endfacet
  facet normal 0 0 1
    outer loop
      vertex -45.6735 -27.9258 2.4
      vertex -48.4 -33.4 2.4
      vertex -45.6734 -27.9265 2.4
    endloop
  endfacet
  facet normal 0 0 1
    outer loop
      vertex -45.6939 -27.7187 2.4
      vertex -48.4 -33.4 2.4
      vertex -45.6735 -27.9258 2.4
    endloop
  endfacet
  facet normal 0 0 1
    outer loop
      vertex -45.7007 -27.5107 2.4
      vertex -48.4 -33.4 2.4
      vertex -45.6939 -27.7187 2.4
    endloop
  endfacet
  facet normal 0 0 -1
    outer loop
      vertex 48.4 -33.4 0
      vertex 45.7 -30.7 0
      vertex 48.4 33.4 0
    endloop
  endfacet
  facet normal 0 0 -1
    outer loop
      vertex 48.4 -33.4 0
      vertex -45.7 -30.7 0
      vertex 45.7 -30.7 0
    endloop
  endfacet
  facet normal -0 0 -1
    outer loop
      vertex -45.7 -30.7 0
      vertex -48.4 -33.4 0
      vertex -45.7 30.7 0
    endloop
  endfacet
  facet normal 0 0 -1
    outer loop
      vertex -48.4 -33.4 0
      vertex -45.7 -30.7 0
      vertex 48.4 -33.4 0
    endloop
  endfacet
  facet normal 0 0 -1
    outer loop
      vertex 45.7 30.7 0
      vertex 48.4 33.4 0
      vertex 45.7 -30.7 0
    endloop
  endfacet
  facet normal 0 0 -1
    outer loop
      vertex -45.7 30.7 0
      vertex 48.4 33.4 0
      vertex 45.7 30.7 0
    endloop
  endfacet
  facet normal 0 0 -1
    outer loop
      vertex -45.7 30.7 0
      vertex -48.4 33.4 0
      vertex 48.4 33.4 0
    endloop
  endfacet
  facet normal 0 0 -1
    outer loop
      vertex -48.4 33.4 0
      vertex -45.7 30.7 0
      vertex -48.4 -33.4 0
    endloop
  endfacet
  facet normal 0 0 -1
    outer loop
      vertex -40.9394 -26.8594 0
      vertex 40.9394 -26.8594 0
      vertex -40.9002 -26.9636 0
    endloop
  endfacet
  facet normal 0 0 -1
    outer loop
      vertex 41.0965 26.5655 0
      vertex -40.8136 27.3988 0
      vertex -40.81 27.51 0
    endloop
  endfacet
  facet normal 0 0 -1
    outer loop
      vertex 40.9394 -26.8594 0
      vertex -40.9394 -26.8594 0
      vertex 40.9853 -26.7581 0
    endloop
  endfacet
  facet normal 0 0 -1
    outer loop
      vertex 41.0965 26.5655 0
      vertex -40.8245 27.2881 0
      vertex -40.8136 27.3988 0
    endloop
  endfacet
  facet normal 0 0 -1
    outer loop
      vertex -40.9853 -26.7581 0
      vertex 40.9853 -26.7581 0
      vertex -40.9394 -26.8594 0
    endloop
  endfacet
  facet normal 0 0 -1
    outer loop
      vertex 41.0965 26.5655 0
      vertex -40.8427 27.1783 0
      vertex -40.8245 27.2881 0
    endloop
  endfacet
  facet normal 0 0 -1
    outer loop
      vertex 40.9853 -26.7581 0
      vertex -40.9853 -26.7581 0
      vertex 41.0378 -26.66 0
    endloop
  endfacet
  facet normal 0 0 -1
    outer loop
      vertex 41.0965 26.5655 0
      vertex -40.8679 27.07 0
      vertex -40.8427 27.1783 0
    endloop
  endfacet
  facet normal 0 0 -1
    outer loop
      vertex -41.0378 -26.66 0
      vertex 41.0378 -26.66 0
      vertex -40.9853 -26.7581 0
    endloop
  endfacet
  facet normal 0 0 -1
    outer loop
      vertex 41.0965 26.5655 0
      vertex -40.9002 26.9636 0
      vertex -40.8679 27.07 0
    endloop
  endfacet
  facet normal 0 0 -1
    outer loop
      vertex 41.0378 -26.66 0
      vertex -41.0378 -26.66 0
      vertex 41.0965 -26.5655 0
    endloop
  endfacet
  facet normal 0 0 -1
    outer loop
      vertex 41.0965 26.5655 0
      vertex -40.9394 26.8594 0
      vertex -40.9002 26.9636 0
    endloop
  endfacet
  facet normal 0 0 -1
    outer loop
      vertex -41.0965 -26.5655 0
      vertex 41.0965 -26.5655 0
      vertex -41.0378 -26.66 0
    endloop
  endfacet
  facet normal 0 0 -1
    outer loop
      vertex 41.0965 26.5655 0
      vertex -40.9853 26.7581 0
      vertex -40.9394 26.8594 0
    endloop
  endfacet
  facet normal 0 0 -1
    outer loop
      vertex 41.0965 -26.5655 0
      vertex -41.0965 -26.5655 0
      vertex 41.0965 26.5655 0
    endloop
  endfacet
  facet normal 0 0 -1
    outer loop
      vertex 41.0965 26.5655 0
      vertex -41.0378 26.66 0
      vertex -40.9853 26.7581 0
    endloop
  endfacet
  facet normal 0 0 -1
    outer loop
      vertex -41.0965 26.5655 0
      vertex 41.0965 26.5655 0
      vertex -41.0965 -26.5655 0
    endloop
  endfacet
  facet normal 0 0 -1
    outer loop
      vertex 41.0965 26.5655 0
      vertex -41.0965 26.5655 0
      vertex -41.0378 26.66 0
    endloop
  endfacet
  facet normal 0 0 -1
    outer loop
      vertex -41.1613 -26.4751 0
      vertex -41.0965 26.5655 0
      vertex -41.0965 -26.5655 0
    endloop
  endfacet
  facet normal 0 0 -1
    outer loop
      vertex -41.1613 -26.4751 0
      vertex -41.1613 26.4751 0
      vertex -41.0965 26.5655 0
    endloop
  endfacet
  facet normal 0 0 -1
    outer loop
      vertex -41.2319 -26.3891 0
      vertex -41.1613 26.4751 0
      vertex -41.1613 -26.4751 0
    endloop
  endfacet
  facet normal 0 0 -1
    outer loop
      vertex -41.2319 -26.3891 0
      vertex -41.2319 26.3891 0
      vertex -41.1613 26.4751 0
    endloop
  endfacet
  facet normal 0 0 -1
    outer loop
      vertex -41.3079 -26.3079 0
      vertex -41.2319 26.3891 0
      vertex -41.2319 -26.3891 0
    endloop
  endfacet
  facet normal 0 0 -1
    outer loop
      vertex -41.3079 -26.3079 0
      vertex -41.3079 26.3079 0
      vertex -41.2319 26.3891 0
    endloop
  endfacet
  facet normal 0 0 -1
    outer loop
      vertex -41.3891 -26.2319 0
      vertex -41.3079 26.3079 0
      vertex -41.3079 -26.3079 0
    endloop
  endfacet
  facet normal 0 0 -1
    outer loop
      vertex -41.3891 -26.2319 0
      vertex -41.3891 26.2319 0
      vertex -41.3079 26.3079 0
    endloop
  endfacet
  facet normal 0 0 -1
    outer loop
      vertex -41.4751 -26.1613 0
      vertex -41.3891 26.2319 0
      vertex -41.3891 -26.2319 0
    endloop
  endfacet
  facet normal 0 0 -1
    outer loop
      vertex -41.4751 -26.1613 0
      vertex -41.4751 26.1613 0
      vertex -41.3891 26.2319 0
    endloop
  endfacet
  facet normal 0 0 -1
    outer loop
      vertex -41.5655 -26.0965 0
      vertex -41.4751 26.1613 0
      vertex -41.4751 -26.1613 0
    endloop
  endfacet
  facet normal 0 0 -1
    outer loop
      vertex -41.5655 -26.0965 0
      vertex -41.5655 26.0965 0
      vertex -41.4751 26.1613 0
    endloop
  endfacet
  facet normal 0 0 -1
    outer loop
      vertex -41.66 -26.0378 0
      vertex -41.5655 26.0965 0
      vertex -41.5655 -26.0965 0
    endloop
  endfacet
  facet normal 0 0 -1
    outer loop
      vertex -41.66 -26.0378 0
      vertex -41.66 26.0378 0
      vertex -41.5655 26.0965 0
    endloop
  endfacet
  facet normal 0 0 -1
    outer loop
      vertex -41.7581 -25.9853 0
      vertex -41.66 26.0378 0
      vertex -41.66 -26.0378 0
    endloop
  endfacet
  facet normal 0 0 -1
    outer loop
      vertex -41.7581 -25.9853 0
      vertex -41.7581 25.9853 0
      vertex -41.66 26.0378 0
    endloop
  endfacet
  facet normal 0 0 -1
    outer loop
      vertex -41.8594 -25.9394 0
      vertex -41.7581 25.9853 0
      vertex -41.7581 -25.9853 0
    endloop
  endfacet
  facet normal 0 0 -1
    outer loop
      vertex -41.8594 -25.9394 0
      vertex -41.8594 25.9394 0
      vertex -41.7581 25.9853 0
    endloop
  endfacet
  facet normal 0 0 -1
    outer loop
      vertex -41.9636 -25.9002 0
      vertex -41.8594 25.9394 0
      vertex -41.8594 -25.9394 0
    endloop
  endfacet
  facet normal 0 0 -1
    outer loop
      vertex -41.9636 -25.9002 0
      vertex -41.9636 25.9002 0
      vertex -41.8594 25.9394 0
    endloop
  endfacet
  facet normal 0 0 -1
    outer loop
      vertex -42.07 -25.8679 0
      vertex -41.9636 25.9002 0
      vertex -41.9636 -25.9002 0
    endloop
  endfacet
  facet normal 0 0 -1
    outer loop
      vertex -42.07 -25.8679 0
      vertex -42.07 25.8679 0
      vertex -41.9636 25.9002 0
    endloop
  endfacet
  facet normal 0 0 -1
    outer loop
      vertex -42.1783 -25.8427 0
      vertex -42.07 25.8679 0
      vertex -42.07 -25.8679 0
    endloop
  endfacet
  facet normal 0 0 -1
    outer loop
      vertex -42.1783 -25.8427 0
      vertex -42.1783 25.8427 0
      vertex -42.07 25.8679 0
    endloop
  endfacet
  facet normal 0 0 -1
    outer loop
      vertex -42.2881 -25.8245 0
      vertex -42.1783 25.8427 0
      vertex -42.1783 -25.8427 0
    endloop
  endfacet
  facet normal 0 0 -1
    outer loop
      vertex -42.2881 -25.8245 0
      vertex -42.2881 25.8245 0
      vertex -42.1783 25.8427 0
    endloop
  endfacet
  facet normal 0 0 -1
    outer loop
      vertex -42.3988 -25.8136 0
      vertex -42.2881 25.8245 0
      vertex -42.2881 -25.8245 0
    endloop
  endfacet
  facet normal 0 0 -1
    outer loop
      vertex -42.3988 -25.8136 0
      vertex -42.3988 25.8136 0
      vertex -42.2881 25.8245 0
    endloop
  endfacet
  facet normal 0 0 -1
    outer loop
      vertex -42.51 -25.81 0
      vertex -42.3988 25.8136 0
      vertex -42.3988 -25.8136 0
    endloop
  endfacet
  facet normal 0 0 -1
    outer loop
      vertex -42.51 -25.81 0
      vertex -42.51 25.81 0
      vertex -42.3988 25.8136 0
    endloop
  endfacet
  facet normal 0 0 -1
    outer loop
      vertex -42.6212 -25.8136 0
      vertex -42.51 25.81 0
      vertex -42.51 -25.81 0
    endloop
  endfacet
  facet normal 0 0 -1
    outer loop
      vertex -42.6212 -25.8136 0
      vertex -42.6212 25.8136 0
      vertex -42.51 25.81 0
    endloop
  endfacet
  facet normal 0 0 -1
    outer loop
      vertex -42.7319 -25.8245 0
      vertex -42.6212 25.8136 0
      vertex -42.6212 -25.8136 0
    endloop
  endfacet
  facet normal 0 0 -1
    outer loop
      vertex -42.7319 -25.8245 0
      vertex -42.7319 25.8245 0
      vertex -42.6212 25.8136 0
    endloop
  endfacet
  facet normal 0 0 -1
    outer loop
      vertex -42.8417 -25.8427 0
      vertex -42.7319 25.8245 0
      vertex -42.7319 -25.8245 0
    endloop
  endfacet
  facet normal 0 0 -1
    outer loop
      vertex -42.8417 -25.8427 0
      vertex -42.8417 25.8427 0
      vertex -42.7319 25.8245 0
    endloop
  endfacet
  facet normal 0 0 -1
    outer loop
      vertex -42.95 -25.8679 0
      vertex -42.8417 25.8427 0
      vertex -42.8417 -25.8427 0
    endloop
  endfacet
  facet normal 0 0 -1
    outer loop
      vertex -42.95 -25.8679 0
      vertex -42.95 25.8679 0
      vertex -42.8417 25.8427 0
    endloop
  endfacet
  facet normal 0 0 -1
    outer loop
      vertex -43.0564 -25.9002 0
      vertex -42.95 25.8679 0
      vertex -42.95 -25.8679 0
    endloop
  endfacet
  facet normal 0 0 -1
    outer loop
      vertex -43.0564 -25.9002 0
      vertex -43.0564 25.9002 0
      vertex -42.95 25.8679 0
    endloop
  endfacet
  facet normal 0 0 -1
    outer loop
      vertex -43.1606 -25.9394 0
      vertex -43.0564 25.9002 0
      vertex -43.0564 -25.9002 0
    endloop
  endfacet
  facet normal 0 0 -1
    outer loop
      vertex -43.1606 -25.9394 0
      vertex -43.1606 25.9394 0
      vertex -43.0564 25.9002 0
    endloop
  endfacet
  facet normal 0 0 -1
    outer loop
      vertex -43.2619 -25.9853 0
      vertex -43.1606 25.9394 0
      vertex -43.1606 -25.9394 0
    endloop
  endfacet
  facet normal 0 0 -1
    outer loop
      vertex -43.2619 -25.9853 0
      vertex -43.2619 25.9853 0
      vertex -43.1606 25.9394 0
    endloop
  endfacet
  facet normal 0 0 -1
    outer loop
      vertex -43.36 -26.0378 0
      vertex -43.2619 25.9853 0
      vertex -43.2619 -25.9853 0
    endloop
  endfacet
  facet normal 0 0 -1
    outer loop
      vertex -43.36 -26.0378 0
      vertex -43.36 26.0378 0
      vertex -43.2619 25.9853 0
    endloop
  endfacet
  facet normal 0 0 -1
    outer loop
      vertex -43.4545 -26.0965 0
      vertex -43.36 26.0378 0
      vertex -43.36 -26.0378 0
    endloop
  endfacet
  facet normal 0 0 -1
    outer loop
      vertex -43.4545 -26.0965 0
      vertex -43.4545 26.0965 0
      vertex -43.36 26.0378 0
    endloop
  endfacet
  facet normal 0 0 -1
    outer loop
      vertex -43.5449 -26.1613 0
      vertex -43.4545 26.0965 0
      vertex -43.4545 -26.0965 0
    endloop
  endfacet
  facet normal 0 0 -1
    outer loop
      vertex -43.5449 -26.1613 0
      vertex -43.5449 26.1613 0
      vertex -43.4545 26.0965 0
    endloop
  endfacet
  facet normal 0 0 -1
    outer loop
      vertex -43.6309 -26.2319 0
      vertex -43.5449 26.1613 0
      vertex -43.5449 -26.1613 0
    endloop
  endfacet
  facet normal 0 0 -1
    outer loop
      vertex -43.6309 -26.2319 0
      vertex -43.6309 26.2319 0
      vertex -43.5449 26.1613 0
    endloop
  endfacet
  facet normal 0 0 -1
    outer loop
      vertex -43.7 -26.2966 0
      vertex -43.6309 26.2319 0
      vertex -43.6309 -26.2319 0
    endloop
  endfacet
  facet normal -0 0 -1
    outer loop
      vertex -43.6309 26.2319 0
      vertex -43.7 -26.2966 0
      vertex -43.7 26.2966 0
    endloop
  endfacet
  facet normal 0 0 -1
    outer loop
      vertex 40.8245 27.2881 0
      vertex -40.81 27.51 0
      vertex 40.8136 27.3988 0
    endloop
  endfacet
  facet normal 0 0 -1
    outer loop
      vertex 40.8136 -27.6212 0
      vertex -40.81 -27.51 0
      vertex 40.81 -27.51 0
    endloop
  endfacet
  facet normal 0 0 -1
    outer loop
      vertex -40.8136 -27.6212 0
      vertex 40.8136 -27.6212 0
      vertex 40.8245 -27.7319 0
    endloop
  endfacet
  facet normal 0 0 -1
    outer loop
      vertex -40.8245 -27.7319 0
      vertex 40.8245 -27.7319 0
      vertex 40.8427 -27.8417 0
    endloop
  endfacet
  facet normal 0 0 -1
    outer loop
      vertex -40.8427 -27.8417 0
      vertex 40.8427 -27.8417 0
      vertex 40.8679 -27.95 0
    endloop
  endfacet
  facet normal 0 0 -1
    outer loop
      vertex -40.8679 -27.95 0
      vertex 40.8679 -27.95 0
      vertex 40.9002 -28.0564 0
    endloop
  endfacet
  facet normal 0 0 -1
    outer loop
      vertex -40.9002 -28.0564 0
      vertex 40.9002 -28.0564 0
      vertex 40.9394 -28.1606 0
    endloop
  endfacet
  facet normal 0 0 -1
    outer loop
      vertex -40.9394 -28.1606 0
      vertex 40.9394 -28.1606 0
      vertex 40.9853 -28.2619 0
    endloop
  endfacet
  facet normal 0 0 -1
    outer loop
      vertex -40.9853 -28.2619 0
      vertex 40.9853 -28.2619 0
      vertex 41.0378 -28.36 0
    endloop
  endfacet
  facet normal 0 0 -1
    outer loop
      vertex -41.0378 -28.36 0
      vertex 41.0378 -28.36 0
      vertex 41.0965 -28.4545 0
    endloop
  endfacet
  facet normal 0 0 -1
    outer loop
      vertex -41.0965 -28.4545 0
      vertex 41.0965 -28.4545 0
      vertex 41.1613 -28.5449 0
    endloop
  endfacet
  facet normal 0 0 -1
    outer loop
      vertex -41.1613 -28.5449 0
      vertex 41.1613 -28.5449 0
      vertex 41.2319 -28.6309 0
    endloop
  endfacet
  facet normal 0 0 -1
    outer loop
      vertex -41.2319 -28.6309 0
      vertex 41.2319 -28.6309 0
      vertex 41.2966 -28.7 0
    endloop
  endfacet
  facet normal 0 0 -1
    outer loop
      vertex 40.8136 -27.6212 0
      vertex -40.8136 -27.6212 0
      vertex -40.81 -27.51 0
    endloop
  endfacet
  facet normal 0 0 -1
    outer loop
      vertex 40.8245 -27.7319 0
      vertex -40.8245 -27.7319 0
      vertex -40.8136 -27.6212 0
    endloop
  endfacet
  facet normal 0 0 -1
    outer loop
      vertex 40.8427 -27.8417 0
      vertex -40.8427 -27.8417 0
      vertex -40.8245 -27.7319 0
    endloop
  endfacet
  facet normal 0 0 -1
    outer loop
      vertex 40.8679 -27.95 0
      vertex -40.8679 -27.95 0
      vertex -40.8427 -27.8417 0
    endloop
  endfacet
  facet normal 0 0 -1
    outer loop
      vertex 40.9002 -28.0564 0
      vertex -40.9002 -28.0564 0
      vertex -40.8679 -27.95 0
    endloop
  endfacet
  facet normal 0 0 -1
    outer loop
      vertex 40.9394 -28.1606 0
      vertex -40.9394 -28.1606 0
      vertex -40.9002 -28.0564 0
    endloop
  endfacet
  facet normal 0 0 -1
    outer loop
      vertex 40.9853 -28.2619 0
      vertex -40.9853 -28.2619 0
      vertex -40.9394 -28.1606 0
    endloop
  endfacet
  facet normal 0 0 -1
    outer loop
      vertex 41.0378 -28.36 0
      vertex -41.0378 -28.36 0
      vertex -40.9853 -28.2619 0
    endloop
  endfacet
  facet normal 0 0 -1
    outer loop
      vertex 41.0965 -28.4545 0
      vertex -41.0965 -28.4545 0
      vertex -41.0378 -28.36 0
    endloop
  endfacet
  facet normal 0 0 -1
    outer loop
      vertex 41.1613 -28.5449 0
      vertex -41.1613 -28.5449 0
      vertex -41.0965 -28.4545 0
    endloop
  endfacet
  facet normal 0 0 -1
    outer loop
      vertex 41.2319 -28.6309 0
      vertex -41.2319 -28.6309 0
      vertex -41.1613 -28.5449 0
    endloop
  endfacet
  facet normal 0 -0 -1
    outer loop
      vertex -41.2319 -28.6309 0
      vertex 41.2966 -28.7 0
      vertex -41.2966 -28.7 0
    endloop
  endfacet
  facet normal 0 0 -1
    outer loop
      vertex 43.6309 -26.2319 0
      vertex 43.7 26.2966 0
      vertex 43.7 -26.2966 0
    endloop
  endfacet
  facet normal 0 0 -1
    outer loop
      vertex 43.6309 -26.2319 0
      vertex 43.6309 26.2319 0
      vertex 43.7 26.2966 0
    endloop
  endfacet
  facet normal 0 0 -1
    outer loop
      vertex 43.5449 -26.1613 0
      vertex 43.6309 26.2319 0
      vertex 43.6309 -26.2319 0
    endloop
  endfacet
  facet normal 0 0 -1
    outer loop
      vertex 43.5449 -26.1613 0
      vertex 43.5449 26.1613 0
      vertex 43.6309 26.2319 0
    endloop
  endfacet
  facet normal 0 0 -1
    outer loop
      vertex 43.4545 -26.0965 0
      vertex 43.5449 26.1613 0
      vertex 43.5449 -26.1613 0
    endloop
  endfacet
  facet normal 0 0 -1
    outer loop
      vertex 43.4545 -26.0965 0
      vertex 43.4545 26.0965 0
      vertex 43.5449 26.1613 0
    endloop
  endfacet
  facet normal 0 0 -1
    outer loop
      vertex 43.36 -26.0378 0
      vertex 43.4545 26.0965 0
      vertex 43.4545 -26.0965 0
    endloop
  endfacet
  facet normal 0 0 -1
    outer loop
      vertex 43.36 -26.0378 0
      vertex 43.36 26.0378 0
      vertex 43.4545 26.0965 0
    endloop
  endfacet
  facet normal 0 0 -1
    outer loop
      vertex 43.2619 -25.9853 0
      vertex 43.36 26.0378 0
      vertex 43.36 -26.0378 0
    endloop
  endfacet
  facet normal 0 0 -1
    outer loop
      vertex 43.2619 -25.9853 0
      vertex 43.2619 25.9853 0
      vertex 43.36 26.0378 0
    endloop
  endfacet
  facet normal 0 0 -1
    outer loop
      vertex 43.1606 -25.9394 0
      vertex 43.2619 25.9853 0
      vertex 43.2619 -25.9853 0
    endloop
  endfacet
  facet normal 0 0 -1
    outer loop
      vertex 43.1606 -25.9394 0
      vertex 43.1606 25.9394 0
      vertex 43.2619 25.9853 0
    endloop
  endfacet
  facet normal 0 0 -1
    outer loop
      vertex 43.0564 -25.9002 0
      vertex 43.1606 25.9394 0
      vertex 43.1606 -25.9394 0
    endloop
  endfacet
  facet normal 0 0 -1
    outer loop
      vertex 43.0564 -25.9002 0
      vertex 43.0564 25.9002 0
      vertex 43.1606 25.9394 0
    endloop
  endfacet
  facet normal 0 0 -1
    outer loop
      vertex 42.95 -25.8679 0
      vertex 43.0564 25.9002 0
      vertex 43.0564 -25.9002 0
    endloop
  endfacet
  facet normal 0 0 -1
    outer loop
      vertex 42.95 -25.8679 0
      vertex 42.95 25.8679 0
      vertex 43.0564 25.9002 0
    endloop
  endfacet
  facet normal 0 0 -1
    outer loop
      vertex 42.8417 -25.8427 0
      vertex 42.95 25.8679 0
      vertex 42.95 -25.8679 0
    endloop
  endfacet
  facet normal 0 0 -1
    outer loop
      vertex 42.8417 -25.8427 0
      vertex 42.8417 25.8427 0
      vertex 42.95 25.8679 0
    endloop
  endfacet
  facet normal 0 0 -1
    outer loop
      vertex 42.7319 -25.8245 0
      vertex 42.8417 25.8427 0
      vertex 42.8417 -25.8427 0
    endloop
  endfacet
  facet normal 0 0 -1
    outer loop
      vertex 42.7319 -25.8245 0
      vertex 42.7319 25.8245 0
      vertex 42.8417 25.8427 0
    endloop
  endfacet
  facet normal 0 0 -1
    outer loop
      vertex 42.6212 -25.8136 0
      vertex 42.7319 25.8245 0
      vertex 42.7319 -25.8245 0
    endloop
  endfacet
  facet normal 0 0 -1
    outer loop
      vertex 42.6212 -25.8136 0
      vertex 42.6212 25.8136 0
      vertex 42.7319 25.8245 0
    endloop
  endfacet
  facet normal 0 0 -1
    outer loop
      vertex 42.51 -25.81 0
      vertex 42.6212 25.8136 0
      vertex 42.6212 -25.8136 0
    endloop
  endfacet
  facet normal 0 0 -1
    outer loop
      vertex 42.51 -25.81 0
      vertex 42.51 25.81 0
      vertex 42.6212 25.8136 0
    endloop
  endfacet
  facet normal 0 0 -1
    outer loop
      vertex 42.3988 -25.8136 0
      vertex 42.51 25.81 0
      vertex 42.51 -25.81 0
    endloop
  endfacet
  facet normal 0 0 -1
    outer loop
      vertex 42.3988 -25.8136 0
      vertex 42.3988 25.8136 0
      vertex 42.51 25.81 0
    endloop
  endfacet
  facet normal 0 0 -1
    outer loop
      vertex 42.2881 -25.8245 0
      vertex 42.3988 25.8136 0
      vertex 42.3988 -25.8136 0
    endloop
  endfacet
  facet normal 0 0 -1
    outer loop
      vertex 42.2881 -25.8245 0
      vertex 42.2881 25.8245 0
      vertex 42.3988 25.8136 0
    endloop
  endfacet
  facet normal 0 0 -1
    outer loop
      vertex 42.1783 -25.8427 0
      vertex 42.2881 25.8245 0
      vertex 42.2881 -25.8245 0
    endloop
  endfacet
  facet normal 0 0 -1
    outer loop
      vertex 42.1783 -25.8427 0
      vertex 42.1783 25.8427 0
      vertex 42.2881 25.8245 0
    endloop
  endfacet
  facet normal 0 0 -1
    outer loop
      vertex 42.07 -25.8679 0
      vertex 42.1783 25.8427 0
      vertex 42.1783 -25.8427 0
    endloop
  endfacet
  facet normal 0 0 -1
    outer loop
      vertex 42.07 -25.8679 0
      vertex 42.07 25.8679 0
      vertex 42.1783 25.8427 0
    endloop
  endfacet
  facet normal 0 0 -1
    outer loop
      vertex 41.9636 -25.9002 0
      vertex 42.07 25.8679 0
      vertex 42.07 -25.8679 0
    endloop
  endfacet
  facet normal 0 0 -1
    outer loop
      vertex 41.9636 -25.9002 0
      vertex 41.9636 25.9002 0
      vertex 42.07 25.8679 0
    endloop
  endfacet
  facet normal 0 0 -1
    outer loop
      vertex 41.8594 -25.9394 0
      vertex 41.9636 25.9002 0
      vertex 41.9636 -25.9002 0
    endloop
  endfacet
  facet normal 0 0 -1
    outer loop
      vertex 41.8594 -25.9394 0
      vertex 41.8594 25.9394 0
      vertex 41.9636 25.9002 0
    endloop
  endfacet
  facet normal 0 0 -1
    outer loop
      vertex 41.7581 -25.9853 0
      vertex 41.8594 25.9394 0
      vertex 41.8594 -25.9394 0
    endloop
  endfacet
  facet normal 0 0 -1
    outer loop
      vertex 41.7581 -25.9853 0
      vertex 41.7581 25.9853 0
      vertex 41.8594 25.9394 0
    endloop
  endfacet
  facet normal 0 0 -1
    outer loop
      vertex 41.66 -26.0378 0
      vertex 41.7581 25.9853 0
      vertex 41.7581 -25.9853 0
    endloop
  endfacet
  facet normal 0 0 -1
    outer loop
      vertex 41.66 -26.0378 0
      vertex 41.66 26.0378 0
      vertex 41.7581 25.9853 0
    endloop
  endfacet
  facet normal 0 0 -1
    outer loop
      vertex 41.5655 -26.0965 0
      vertex 41.66 26.0378 0
      vertex 41.66 -26.0378 0
    endloop
  endfacet
  facet normal 0 0 -1
    outer loop
      vertex 41.5655 -26.0965 0
      vertex 41.5655 26.0965 0
      vertex 41.66 26.0378 0
    endloop
  endfacet
  facet normal 0 0 -1
    outer loop
      vertex 41.4751 -26.1613 0
      vertex 41.5655 26.0965 0
      vertex 41.5655 -26.0965 0
    endloop
  endfacet
  facet normal 0 0 -1
    outer loop
      vertex 41.4751 -26.1613 0
      vertex 41.4751 26.1613 0
      vertex 41.5655 26.0965 0
    endloop
  endfacet
  facet normal 0 0 -1
    outer loop
      vertex 41.3891 -26.2319 0
      vertex 41.4751 26.1613 0
      vertex 41.4751 -26.1613 0
    endloop
  endfacet
  facet normal 0 0 -1
    outer loop
      vertex 41.3891 -26.2319 0
      vertex 41.3891 26.2319 0
      vertex 41.4751 26.1613 0
    endloop
  endfacet
  facet normal 0 0 -1
    outer loop
      vertex 41.3079 -26.3079 0
      vertex 41.3891 26.2319 0
      vertex 41.3891 -26.2319 0
    endloop
  endfacet
  facet normal 0 0 -1
    outer loop
      vertex 41.3079 -26.3079 0
      vertex 41.3079 26.3079 0
      vertex 41.3891 26.2319 0
    endloop
  endfacet
  facet normal 0 0 -1
    outer loop
      vertex 41.2319 -26.3891 0
      vertex 41.3079 26.3079 0
      vertex 41.3079 -26.3079 0
    endloop
  endfacet
  facet normal 0 0 -1
    outer loop
      vertex 41.2319 -26.3891 0
      vertex 41.2319 26.3891 0
      vertex 41.3079 26.3079 0
    endloop
  endfacet
  facet normal 0 0 -1
    outer loop
      vertex 41.1613 -26.4751 0
      vertex 41.2319 26.3891 0
      vertex 41.2319 -26.3891 0
    endloop
  endfacet
  facet normal 0 0 -1
    outer loop
      vertex 41.1613 -26.4751 0
      vertex 41.1613 26.4751 0
      vertex 41.2319 26.3891 0
    endloop
  endfacet
  facet normal 0 0 -1
    outer loop
      vertex 41.0965 -26.5655 0
      vertex 41.1613 26.4751 0
      vertex 41.1613 -26.4751 0
    endloop
  endfacet
  facet normal 0 0 -1
    outer loop
      vertex 41.0965 -26.5655 0
      vertex 41.0965 26.5655 0
      vertex 41.1613 26.4751 0
    endloop
  endfacet
  facet normal 0 0 -1
    outer loop
      vertex 40.8679 -27.07 0
      vertex -40.8679 -27.07 0
      vertex 40.9002 -26.9636 0
    endloop
  endfacet
  facet normal 0 0 -1
    outer loop
      vertex -40.9002 -26.9636 0
      vertex 40.9002 -26.9636 0
      vertex -40.8679 -27.07 0
    endloop
  endfacet
  facet normal 0 0 -1
    outer loop
      vertex -40.8679 -27.07 0
      vertex 40.8679 -27.07 0
      vertex -40.8427 -27.1783 0
    endloop
  endfacet
  facet normal 0 0 -1
    outer loop
      vertex 40.9002 -26.9636 0
      vertex -40.9002 -26.9636 0
      vertex 40.9394 -26.8594 0
    endloop
  endfacet
  facet normal 0 0 -1
    outer loop
      vertex 40.8427 -27.1783 0
      vertex -40.8427 -27.1783 0
      vertex 40.8679 -27.07 0
    endloop
  endfacet
  facet normal 0 0 -1
    outer loop
      vertex 41.0965 26.5655 0
      vertex -40.81 27.51 0
      vertex 41.0378 26.66 0
    endloop
  endfacet
  facet normal 0 0 -1
    outer loop
      vertex -40.8427 -27.1783 0
      vertex 40.8427 -27.1783 0
      vertex -40.8245 -27.2881 0
    endloop
  endfacet
  facet normal 0 0 -1
    outer loop
      vertex 41.0378 26.66 0
      vertex -40.81 27.51 0
      vertex 40.9853 26.7581 0
    endloop
  endfacet
  facet normal 0 0 -1
    outer loop
      vertex 40.8245 -27.2881 0
      vertex -40.8245 -27.2881 0
      vertex 40.8427 -27.1783 0
    endloop
  endfacet
  facet normal 0 0 -1
    outer loop
      vertex 40.9853 26.7581 0
      vertex -40.81 27.51 0
      vertex 40.9394 26.8594 0
    endloop
  endfacet
  facet normal 0 0 -1
    outer loop
      vertex -40.8245 -27.2881 0
      vertex 40.8245 -27.2881 0
      vertex -40.8136 -27.3988 0
    endloop
  endfacet
  facet normal 0 0 -1
    outer loop
      vertex 40.9394 26.8594 0
      vertex -40.81 27.51 0
      vertex 40.9002 26.9636 0
    endloop
  endfacet
  facet normal 0 0 -1
    outer loop
      vertex 40.8136 -27.3988 0
      vertex -40.8136 -27.3988 0
      vertex 40.8245 -27.2881 0
    endloop
  endfacet
  facet normal 0 0 -1
    outer loop
      vertex 40.9002 26.9636 0
      vertex -40.81 27.51 0
      vertex 40.8679 27.07 0
    endloop
  endfacet
  facet normal 0 0 -1
    outer loop
      vertex -40.8136 -27.3988 0
      vertex 40.8136 -27.3988 0
      vertex -40.81 -27.51 0
    endloop
  endfacet
  facet normal 0 0 -1
    outer loop
      vertex 40.8679 27.07 0
      vertex -40.81 27.51 0
      vertex 40.8427 27.1783 0
    endloop
  endfacet
  facet normal 0 0 -1
    outer loop
      vertex -40.81 -27.51 0
      vertex 40.8136 -27.3988 0
      vertex 40.81 -27.51 0
    endloop
  endfacet
  facet normal 0 0 -1
    outer loop
      vertex 40.8427 27.1783 0
      vertex -40.81 27.51 0
      vertex 40.8245 27.2881 0
    endloop
  endfacet
  facet normal 0 0 -1
    outer loop
      vertex 40.8136 27.3988 0
      vertex -40.81 27.51 0
      vertex 40.81 27.51 0
    endloop
  endfacet
  facet normal 0 0 -1
    outer loop
      vertex 40.81 27.51 0
      vertex -40.81 27.51 0
      vertex 40.8136 27.6212 0
    endloop
  endfacet
  facet normal 0 0 -1
    outer loop
      vertex -40.8136 27.6212 0
      vertex 40.8136 27.6212 0
      vertex -40.81 27.51 0
    endloop
  endfacet
  facet normal 0 0 -1
    outer loop
      vertex 40.8136 27.6212 0
      vertex -40.8136 27.6212 0
      vertex 40.8245 27.7319 0
    endloop
  endfacet
  facet normal 0 0 -1
    outer loop
      vertex -40.8245 27.7319 0
      vertex 40.8245 27.7319 0
      vertex -40.8136 27.6212 0
    endloop
  endfacet
  facet normal 0 0 -1
    outer loop
      vertex 40.8245 27.7319 0
      vertex -40.8245 27.7319 0
      vertex 40.8427 27.8417 0
    endloop
  endfacet
  facet normal 0 0 -1
    outer loop
      vertex -40.8427 27.8417 0
      vertex 40.8427 27.8417 0
      vertex -40.8245 27.7319 0
    endloop
  endfacet
  facet normal 0 0 -1
    outer loop
      vertex 40.8427 27.8417 0
      vertex -40.8427 27.8417 0
      vertex 40.8679 27.95 0
    endloop
  endfacet
  facet normal 0 0 -1
    outer loop
      vertex -40.8679 27.95 0
      vertex 40.8679 27.95 0
      vertex -40.8427 27.8417 0
    endloop
  endfacet
  facet normal 0 0 -1
    outer loop
      vertex 40.8679 27.95 0
      vertex -40.8679 27.95 0
      vertex 40.9002 28.0564 0
    endloop
  endfacet
  facet normal 0 0 -1
    outer loop
      vertex -40.9002 28.0564 0
      vertex 40.9002 28.0564 0
      vertex -40.8679 27.95 0
    endloop
  endfacet
  facet normal 0 0 -1
    outer loop
      vertex 40.9002 28.0564 0
      vertex -40.9002 28.0564 0
      vertex 40.9394 28.1606 0
    endloop
  endfacet
  facet normal 0 0 -1
    outer loop
      vertex -40.9394 28.1606 0
      vertex 40.9394 28.1606 0
      vertex -40.9002 28.0564 0
    endloop
  endfacet
  facet normal 0 0 -1
    outer loop
      vertex 40.9394 28.1606 0
      vertex -40.9394 28.1606 0
      vertex 40.9853 28.2619 0
    endloop
  endfacet
  facet normal 0 0 -1
    outer loop
      vertex -40.9853 28.2619 0
      vertex 40.9853 28.2619 0
      vertex -40.9394 28.1606 0
    endloop
  endfacet
  facet normal 0 0 -1
    outer loop
      vertex 40.9853 28.2619 0
      vertex -40.9853 28.2619 0
      vertex 41.0378 28.36 0
    endloop
  endfacet
  facet normal 0 0 -1
    outer loop
      vertex -41.0378 28.36 0
      vertex 41.0378 28.36 0
      vertex -40.9853 28.2619 0
    endloop
  endfacet
  facet normal 0 0 -1
    outer loop
      vertex 41.0378 28.36 0
      vertex -41.0378 28.36 0
      vertex 41.0965 28.4545 0
    endloop
  endfacet
  facet normal 0 0 -1
    outer loop
      vertex -41.0965 28.4545 0
      vertex 41.0965 28.4545 0
      vertex -41.0378 28.36 0
    endloop
  endfacet
  facet normal 0 0 -1
    outer loop
      vertex 41.0965 28.4545 0
      vertex -41.0965 28.4545 0
      vertex 41.1613 28.5449 0
    endloop
  endfacet
  facet normal 0 0 -1
    outer loop
      vertex -41.1613 28.5449 0
      vertex 41.1613 28.5449 0
      vertex -41.0965 28.4545 0
    endloop
  endfacet
  facet normal 0 0 -1
    outer loop
      vertex 41.1613 28.5449 0
      vertex -41.1613 28.5449 0
      vertex 41.2319 28.6309 0
    endloop
  endfacet
  facet normal 0 0 -1
    outer loop
      vertex -41.2319 28.6309 0
      vertex 41.2319 28.6309 0
      vertex -41.1613 28.5449 0
    endloop
  endfacet
  facet normal 0 0 -1
    outer loop
      vertex 41.2319 28.6309 0
      vertex -41.2319 28.6309 0
      vertex 41.2966 28.7 0
    endloop
  endfacet
  facet normal -0 0 -1
    outer loop
      vertex 41.2966 28.7 0
      vertex -41.2319 28.6309 0
      vertex -41.2966 28.7 0
    endloop
  endfacet
  facet normal -1 0 0
    outer loop
      vertex -48.4 -33.4 0
      vertex -48.4 33.4 2.4
      vertex -48.4 33.4 0
    endloop
  endfacet
  facet normal -1 -0 0
    outer loop
      vertex -48.4 33.4 2.4
      vertex -48.4 -33.4 0
      vertex -48.4 -33.4 2.4
    endloop
  endfacet
  facet normal 0 1 -0
    outer loop
      vertex 48.4 33.4 0
      vertex -48.4 33.4 2.4
      vertex 48.4 33.4 2.4
    endloop
  endfacet
  facet normal 0 1 0
    outer loop
      vertex -48.4 33.4 2.4
      vertex 48.4 33.4 0
      vertex -48.4 33.4 0
    endloop
  endfacet
  facet normal 0 -1 0
    outer loop
      vertex -48.4 -33.4 0
      vertex 48.4 -33.4 2.4
      vertex -48.4 -33.4 2.4
    endloop
  endfacet
  facet normal 0 -1 -0
    outer loop
      vertex 48.4 -33.4 2.4
      vertex -48.4 -33.4 0
      vertex 48.4 -33.4 0
    endloop
  endfacet
  facet normal 0 0 -1
    outer loop
      vertex 44.1773 -27.1783 -1.6
      vertex 45.7 -30.7 -1.6
      vertex 44.1955 -27.2881 -1.6
    endloop
  endfacet
  facet normal 0 0 -1
    outer loop
      vertex 45.7 30.7 -1.6
      vertex 44.2064 27.3988 -1.6
      vertex 44.21 27.51 -1.6
    endloop
  endfacet
  facet normal 0 0 -1
    outer loop
      vertex 44.1521 -27.07 -1.6
      vertex 45.7 -30.7 -1.6
      vertex 44.1773 -27.1783 -1.6
    endloop
  endfacet
  facet normal 0 0 -1
    outer loop
      vertex 45.7 30.7 -1.6
      vertex 44.1955 27.2881 -1.6
      vertex 44.2064 27.3988 -1.6
    endloop
  endfacet
  facet normal 0 0 -1
    outer loop
      vertex 44.1198 -26.9636 -1.6
      vertex 45.7 -30.7 -1.6
      vertex 44.1521 -27.07 -1.6
    endloop
  endfacet
  facet normal 0 0 -1
    outer loop
      vertex 45.7 30.7 -1.6
      vertex 44.1773 27.1783 -1.6
      vertex 44.1955 27.2881 -1.6
    endloop
  endfacet
  facet normal 0 0 -1
    outer loop
      vertex 44.0806 -26.8594 -1.6
      vertex 45.7 -30.7 -1.6
      vertex 44.1198 -26.9636 -1.6
    endloop
  endfacet
  facet normal 0 0 -1
    outer loop
      vertex 45.7 30.7 -1.6
      vertex 44.1521 27.07 -1.6
      vertex 44.1773 27.1783 -1.6
    endloop
  endfacet
  facet normal 0 0 -1
    outer loop
      vertex 45.7 -30.7 -1.6
      vertex 44.0806 -26.8594 -1.6
      vertex 45.7 30.7 -1.6
    endloop
  endfacet
  facet normal 0 0 -1
    outer loop
      vertex 45.7 30.7 -1.6
      vertex 44.1198 26.9636 -1.6
      vertex 44.1521 27.07 -1.6
    endloop
  endfacet
  facet normal 0 0 -1
    outer loop
      vertex 44.0806 26.8594 -1.6
      vertex 45.7 30.7 -1.6
      vertex 44.0806 -26.8594 -1.6
    endloop
  endfacet
  facet normal 0 0 -1
    outer loop
      vertex 45.7 30.7 -1.6
      vertex 44.0806 26.8594 -1.6
      vertex 44.1198 26.9636 -1.6
    endloop
  endfacet
  facet normal 0 0 -1
    outer loop
      vertex 44.0347 -26.7581 -1.6
      vertex 44.0806 26.8594 -1.6
      vertex 44.0806 -26.8594 -1.6
    endloop
  endfacet
  facet normal 0 0 -1
    outer loop
      vertex 44.0347 -26.7581 -1.6
      vertex 44.0347 26.7581 -1.6
      vertex 44.0806 26.8594 -1.6
    endloop
  endfacet
  facet normal 0 0 -1
    outer loop
      vertex 43.9822 -26.66 -1.6
      vertex 44.0347 26.7581 -1.6
      vertex 44.0347 -26.7581 -1.6
    endloop
  endfacet
  facet normal 0 0 -1
    outer loop
      vertex 43.9822 -26.66 -1.6
      vertex 43.9822 26.66 -1.6
      vertex 44.0347 26.7581 -1.6
    endloop
  endfacet
  facet normal 0 0 -1
    outer loop
      vertex 43.9235 -26.5655 -1.6
      vertex 43.9822 26.66 -1.6
      vertex 43.9822 -26.66 -1.6
    endloop
  endfacet
  facet normal 0 0 -1
    outer loop
      vertex 43.9235 -26.5655 -1.6
      vertex 43.9235 26.5655 -1.6
      vertex 43.9822 26.66 -1.6
    endloop
  endfacet
  facet normal 0 0 -1
    outer loop
      vertex 43.8587 -26.4751 -1.6
      vertex 43.9235 26.5655 -1.6
      vertex 43.9235 -26.5655 -1.6
    endloop
  endfacet
  facet normal 0 0 -1
    outer loop
      vertex 43.8587 -26.4751 -1.6
      vertex 43.8587 26.4751 -1.6
      vertex 43.9235 26.5655 -1.6
    endloop
  endfacet
  facet normal 0 0 -1
    outer loop
      vertex 43.7881 -26.3891 -1.6
      vertex 43.8587 26.4751 -1.6
      vertex 43.8587 -26.4751 -1.6
    endloop
  endfacet
  facet normal 0 0 -1
    outer loop
      vertex 43.7881 -26.3891 -1.6
      vertex 43.7881 26.3891 -1.6
      vertex 43.8587 26.4751 -1.6
    endloop
  endfacet
  facet normal 0 0 -1
    outer loop
      vertex 43.7121 -26.3079 -1.6
      vertex 43.7881 26.3891 -1.6
      vertex 43.7881 -26.3891 -1.6
    endloop
  endfacet
  facet normal 0 0 -1
    outer loop
      vertex 43.7121 -26.3079 -1.6
      vertex 43.7121 26.3079 -1.6
      vertex 43.7881 26.3891 -1.6
    endloop
  endfacet
  facet normal 0 0 -1
    outer loop
      vertex 43.7 -26.2966 -1.6
      vertex 43.7121 26.3079 -1.6
      vertex 43.7121 -26.3079 -1.6
    endloop
  endfacet
  facet normal 0 0 -1
    outer loop
      vertex 43.7121 26.3079 -1.6
      vertex 43.7 -26.2966 -1.6
      vertex 43.7 26.2966 -1.6
    endloop
  endfacet
  facet normal 0 0 -1
    outer loop
      vertex 44.2064 -27.3988 -1.6
      vertex 45.7 -30.7 -1.6
      vertex 44.21 -27.51 -1.6
    endloop
  endfacet
  facet normal 0 0 -1
    outer loop
      vertex 45.7 -30.7 -1.6
      vertex 44.2064 -27.6212 -1.6
      vertex 44.21 -27.51 -1.6
    endloop
  endfacet
  facet normal 0 0 -1
    outer loop
      vertex 45.7 -30.7 -1.6
      vertex 44.1955 -27.7319 -1.6
      vertex 44.2064 -27.6212 -1.6
    endloop
  endfacet
  facet normal 0 0 -1
    outer loop
      vertex 45.7 -30.7 -1.6
      vertex 44.1773 -27.8417 -1.6
      vertex 44.1955 -27.7319 -1.6
    endloop
  endfacet
  facet normal 0 0 -1
    outer loop
      vertex 45.7 -30.7 -1.6
      vertex 44.1521 -27.95 -1.6
      vertex 44.1773 -27.8417 -1.6
    endloop
  endfacet
  facet normal 0 0 -1
    outer loop
      vertex 45.7 -30.7 -1.6
      vertex 44.1198 -28.0564 -1.6
      vertex 44.1521 -27.95 -1.6
    endloop
  endfacet
  facet normal 0 0 -1
    outer loop
      vertex 45.7 -30.7 -1.6
      vertex 44.0806 -28.1606 -1.6
      vertex 44.1198 -28.0564 -1.6
    endloop
  endfacet
  facet normal 0 0 -1
    outer loop
      vertex 45.7 -30.7 -1.6
      vertex 44.0347 -28.2619 -1.6
      vertex 44.0806 -28.1606 -1.6
    endloop
  endfacet
  facet normal 0 0 -1
    outer loop
      vertex 45.7 -30.7 -1.6
      vertex 43.9822 -28.36 -1.6
      vertex 44.0347 -28.2619 -1.6
    endloop
  endfacet
  facet normal 0 0 -1
    outer loop
      vertex 45.7 -30.7 -1.6
      vertex 43.9235 -28.4545 -1.6
      vertex 43.9822 -28.36 -1.6
    endloop
  endfacet
  facet normal 0 0 -1
    outer loop
      vertex 45.7 -30.7 -1.6
      vertex 43.8587 -28.5449 -1.6
      vertex 43.9235 -28.4545 -1.6
    endloop
  endfacet
  facet normal 0 0 -1
    outer loop
      vertex 45.7 -30.7 -1.6
      vertex 43.7881 -28.6309 -1.6
      vertex 43.8587 -28.5449 -1.6
    endloop
  endfacet
  facet normal 0 0 -1
    outer loop
      vertex 45.7 -30.7 -1.6
      vertex 43.7121 -28.7121 -1.6
      vertex 43.7881 -28.6309 -1.6
    endloop
  endfacet
  facet normal 0 0 -1
    outer loop
      vertex 45.7 -30.7 -1.6
      vertex 43.6309 -28.7881 -1.6
      vertex 43.7121 -28.7121 -1.6
    endloop
  endfacet
  facet normal 0 0 -1
    outer loop
      vertex 45.7 -30.7 -1.6
      vertex 43.5449 -28.8587 -1.6
      vertex 43.6309 -28.7881 -1.6
    endloop
  endfacet
  facet normal 0 0 -1
    outer loop
      vertex 45.7 -30.7 -1.6
      vertex 43.4545 -28.9235 -1.6
      vertex 43.5449 -28.8587 -1.6
    endloop
  endfacet
  facet normal 0 0 -1
    outer loop
      vertex 45.7 -30.7 -1.6
      vertex 43.36 -28.9822 -1.6
      vertex 43.4545 -28.9235 -1.6
    endloop
  endfacet
  facet normal 0 0 -1
    outer loop
      vertex 45.7 -30.7 -1.6
      vertex 43.2619 -29.0347 -1.6
      vertex 43.36 -28.9822 -1.6
    endloop
  endfacet
  facet normal 0 0 -1
    outer loop
      vertex 45.7 -30.7 -1.6
      vertex 43.1606 -29.0806 -1.6
      vertex 43.2619 -29.0347 -1.6
    endloop
  endfacet
  facet normal 0 0 -1
    outer loop
      vertex 45.7 -30.7 -1.6
      vertex 43.0564 -29.1198 -1.6
      vertex 43.1606 -29.0806 -1.6
    endloop
  endfacet
  facet normal 0 0 -1
    outer loop
      vertex 45.7 -30.7 -1.6
      vertex 42.95 -29.1521 -1.6
      vertex 43.0564 -29.1198 -1.6
    endloop
  endfacet
  facet normal 0 0 -1
    outer loop
      vertex 45.7 -30.7 -1.6
      vertex 42.8417 -29.1773 -1.6
      vertex 42.95 -29.1521 -1.6
    endloop
  endfacet
  facet normal 0 0 -1
    outer loop
      vertex 45.7 -30.7 -1.6
      vertex 42.7319 -29.1955 -1.6
      vertex 42.8417 -29.1773 -1.6
    endloop
  endfacet
  facet normal 0 0 -1
    outer loop
      vertex 45.7 -30.7 -1.6
      vertex 42.6212 -29.2064 -1.6
      vertex 42.7319 -29.1955 -1.6
    endloop
  endfacet
  facet normal 0 0 -1
    outer loop
      vertex 45.7 -30.7 -1.6
      vertex 42.51 -29.21 -1.6
      vertex 42.6212 -29.2064 -1.6
    endloop
  endfacet
  facet normal 0 0 -1
    outer loop
      vertex 45.7 -30.7 -1.6
      vertex 42.3988 -29.2064 -1.6
      vertex 42.51 -29.21 -1.6
    endloop
  endfacet
  facet normal 0 0 -1
    outer loop
      vertex 45.7 -30.7 -1.6
      vertex 42.2881 -29.1955 -1.6
      vertex 42.3988 -29.2064 -1.6
    endloop
  endfacet
  facet normal 0 0 -1
    outer loop
      vertex 45.7 -30.7 -1.6
      vertex 42.1783 -29.1773 -1.6
      vertex 42.2881 -29.1955 -1.6
    endloop
  endfacet
  facet normal 0 0 -1
    outer loop
      vertex 45.7 -30.7 -1.6
      vertex 42.07 -29.1521 -1.6
      vertex 42.1783 -29.1773 -1.6
    endloop
  endfacet
  facet normal 0 0 -1
    outer loop
      vertex 45.7 -30.7 -1.6
      vertex 41.9636 -29.1198 -1.6
      vertex 42.07 -29.1521 -1.6
    endloop
  endfacet
  facet normal 0 0 -1
    outer loop
      vertex 45.7 -30.7 -1.6
      vertex 41.8594 -29.0806 -1.6
      vertex 41.9636 -29.1198 -1.6
    endloop
  endfacet
  facet normal 0 0 -1
    outer loop
      vertex 41.3079 -28.7121 -1.6
      vertex -41.2966 -28.7 -1.6
      vertex 41.2966 -28.7 -1.6
    endloop
  endfacet
  facet normal 0 0 -1
    outer loop
      vertex -41.3079 -28.7121 -1.6
      vertex 41.3079 -28.7121 -1.6
      vertex 41.3891 -28.7881 -1.6
    endloop
  endfacet
  facet normal 0 0 -1
    outer loop
      vertex -41.3891 -28.7881 -1.6
      vertex 41.3891 -28.7881 -1.6
      vertex 41.4751 -28.8587 -1.6
    endloop
  endfacet
  facet normal 0 0 -1
    outer loop
      vertex -41.4751 -28.8587 -1.6
      vertex 41.4751 -28.8587 -1.6
      vertex 41.5655 -28.9235 -1.6
    endloop
  endfacet
  facet normal 0 0 -1
    outer loop
      vertex -41.5655 -28.9235 -1.6
      vertex 41.5655 -28.9235 -1.6
      vertex 41.66 -28.9822 -1.6
    endloop
  endfacet
  facet normal 0 0 -1
    outer loop
      vertex -41.66 -28.9822 -1.6
      vertex 41.66 -28.9822 -1.6
      vertex 41.7581 -29.0347 -1.6
    endloop
  endfacet
  facet normal 0 0 -1
    outer loop
      vertex -41.7581 -29.0347 -1.6
      vertex 41.7581 -29.0347 -1.6
      vertex 41.8594 -29.0806 -1.6
    endloop
  endfacet
  facet normal 0 0 -1
    outer loop
      vertex -41.8594 -29.0806 -1.6
      vertex 41.8594 -29.0806 -1.6
      vertex 45.7 -30.7 -1.6
    endloop
  endfacet
  facet normal 0 0 -1
    outer loop
      vertex 41.3079 -28.7121 -1.6
      vertex -41.3079 -28.7121 -1.6
      vertex -41.2966 -28.7 -1.6
    endloop
  endfacet
  facet normal 0 0 -1
    outer loop
      vertex 41.3891 -28.7881 -1.6
      vertex -41.3891 -28.7881 -1.6
      vertex -41.3079 -28.7121 -1.6
    endloop
  endfacet
  facet normal 0 0 -1
    outer loop
      vertex 41.4751 -28.8587 -1.6
      vertex -41.4751 -28.8587 -1.6
      vertex -41.3891 -28.7881 -1.6
    endloop
  endfacet
  facet normal 0 0 -1
    outer loop
      vertex 41.5655 -28.9235 -1.6
      vertex -41.5655 -28.9235 -1.6
      vertex -41.4751 -28.8587 -1.6
    endloop
  endfacet
  facet normal 0 0 -1
    outer loop
      vertex 41.66 -28.9822 -1.6
      vertex -41.66 -28.9822 -1.6
      vertex -41.5655 -28.9235 -1.6
    endloop
  endfacet
  facet normal 0 0 -1
    outer loop
      vertex 41.7581 -29.0347 -1.6
      vertex -41.7581 -29.0347 -1.6
      vertex -41.66 -28.9822 -1.6
    endloop
  endfacet
  facet normal 0 0 -1
    outer loop
      vertex 41.8594 -29.0806 -1.6
      vertex -41.8594 -29.0806 -1.6
      vertex -41.7581 -29.0347 -1.6
    endloop
  endfacet
  facet normal 0 0 -1
    outer loop
      vertex -45.7 -30.7 -1.6
      vertex -41.8594 -29.0806 -1.6
      vertex 45.7 -30.7 -1.6
    endloop
  endfacet
  facet normal 0 0 -1
    outer loop
      vertex -41.8594 -29.0806 -1.6
      vertex -45.7 -30.7 -1.6
      vertex -41.9636 -29.1198 -1.6
    endloop
  endfacet
  facet normal 0 0 -1
    outer loop
      vertex -41.9636 -29.1198 -1.6
      vertex -45.7 -30.7 -1.6
      vertex -42.07 -29.1521 -1.6
    endloop
  endfacet
  facet normal 0 0 -1
    outer loop
      vertex -42.07 -29.1521 -1.6
      vertex -45.7 -30.7 -1.6
      vertex -42.1783 -29.1773 -1.6
    endloop
  endfacet
  facet normal 0 0 -1
    outer loop
      vertex -42.1783 -29.1773 -1.6
      vertex -45.7 -30.7 -1.6
      vertex -42.2881 -29.1955 -1.6
    endloop
  endfacet
  facet normal 0 0 -1
    outer loop
      vertex -42.2881 -29.1955 -1.6
      vertex -45.7 -30.7 -1.6
      vertex -42.3988 -29.2064 -1.6
    endloop
  endfacet
  facet normal 0 0 -1
    outer loop
      vertex -44.1955 27.2881 -1.6
      vertex -45.7 30.7 -1.6
      vertex -44.2064 27.3988 -1.6
    endloop
  endfacet
  facet normal -0 0 -1
    outer loop
      vertex -44.2064 -27.6212 -1.6
      vertex -45.7 -30.7 -1.6
      vertex -44.21 -27.51 -1.6
    endloop
  endfacet
  facet normal -0 0 -1
    outer loop
      vertex -44.1955 -27.7319 -1.6
      vertex -45.7 -30.7 -1.6
      vertex -44.2064 -27.6212 -1.6
    endloop
  endfacet
  facet normal -0 0 -1
    outer loop
      vertex -44.1773 -27.8417 -1.6
      vertex -45.7 -30.7 -1.6
      vertex -44.1955 -27.7319 -1.6
    endloop
  endfacet
  facet normal -0 0 -1
    outer loop
      vertex -44.1521 -27.95 -1.6
      vertex -45.7 -30.7 -1.6
      vertex -44.1773 -27.8417 -1.6
    endloop
  endfacet
  facet normal -0 0 -1
    outer loop
      vertex -44.1198 -28.0564 -1.6
      vertex -45.7 -30.7 -1.6
      vertex -44.1521 -27.95 -1.6
    endloop
  endfacet
  facet normal -0 0 -1
    outer loop
      vertex -44.0806 -28.1606 -1.6
      vertex -45.7 -30.7 -1.6
      vertex -44.1198 -28.0564 -1.6
    endloop
  endfacet
  facet normal -0 0 -1
    outer loop
      vertex -44.0347 -28.2619 -1.6
      vertex -45.7 -30.7 -1.6
      vertex -44.0806 -28.1606 -1.6
    endloop
  endfacet
  facet normal -0 0 -1
    outer loop
      vertex -43.9822 -28.36 -1.6
      vertex -45.7 -30.7 -1.6
      vertex -44.0347 -28.2619 -1.6
    endloop
  endfacet
  facet normal -0 0 -1
    outer loop
      vertex -43.9235 -28.4545 -1.6
      vertex -45.7 -30.7 -1.6
      vertex -43.9822 -28.36 -1.6
    endloop
  endfacet
  facet normal -0 0 -1
    outer loop
      vertex -43.8587 -28.5449 -1.6
      vertex -45.7 -30.7 -1.6
      vertex -43.9235 -28.4545 -1.6
    endloop
  endfacet
  facet normal -0 0 -1
    outer loop
      vertex -43.7881 -28.6309 -1.6
      vertex -45.7 -30.7 -1.6
      vertex -43.8587 -28.5449 -1.6
    endloop
  endfacet
  facet normal -0 0 -1
    outer loop
      vertex -43.7121 -28.7121 -1.6
      vertex -45.7 -30.7 -1.6
      vertex -43.7881 -28.6309 -1.6
    endloop
  endfacet
  facet normal -0 0 -1
    outer loop
      vertex -43.6309 -28.7881 -1.6
      vertex -45.7 -30.7 -1.6
      vertex -43.7121 -28.7121 -1.6
    endloop
  endfacet
  facet normal -0 0 -1
    outer loop
      vertex -43.5449 -28.8587 -1.6
      vertex -45.7 -30.7 -1.6
      vertex -43.6309 -28.7881 -1.6
    endloop
  endfacet
  facet normal -0 0 -1
    outer loop
      vertex -43.4545 -28.9235 -1.6
      vertex -45.7 -30.7 -1.6
      vertex -43.5449 -28.8587 -1.6
    endloop
  endfacet
  facet normal -0 0 -1
    outer loop
      vertex -43.36 -28.9822 -1.6
      vertex -45.7 -30.7 -1.6
      vertex -43.4545 -28.9235 -1.6
    endloop
  endfacet
  facet normal -0 0 -1
    outer loop
      vertex -43.2619 -29.0347 -1.6
      vertex -45.7 -30.7 -1.6
      vertex -43.36 -28.9822 -1.6
    endloop
  endfacet
  facet normal -0 0 -1
    outer loop
      vertex -43.1606 -29.0806 -1.6
      vertex -45.7 -30.7 -1.6
      vertex -43.2619 -29.0347 -1.6
    endloop
  endfacet
  facet normal -0 0 -1
    outer loop
      vertex -43.0564 -29.1198 -1.6
      vertex -45.7 -30.7 -1.6
      vertex -43.1606 -29.0806 -1.6
    endloop
  endfacet
  facet normal -0 0 -1
    outer loop
      vertex -42.95 -29.1521 -1.6
      vertex -45.7 -30.7 -1.6
      vertex -43.0564 -29.1198 -1.6
    endloop
  endfacet
  facet normal -0 0 -1
    outer loop
      vertex -42.8417 -29.1773 -1.6
      vertex -45.7 -30.7 -1.6
      vertex -42.95 -29.1521 -1.6
    endloop
  endfacet
  facet normal -0 0 -1
    outer loop
      vertex -42.7319 -29.1955 -1.6
      vertex -45.7 -30.7 -1.6
      vertex -42.8417 -29.1773 -1.6
    endloop
  endfacet
  facet normal -0 0 -1
    outer loop
      vertex -42.6212 -29.2064 -1.6
      vertex -45.7 -30.7 -1.6
      vertex -42.7319 -29.1955 -1.6
    endloop
  endfacet
  facet normal -0 0 -1
    outer loop
      vertex -42.51 -29.21 -1.6
      vertex -45.7 -30.7 -1.6
      vertex -42.6212 -29.2064 -1.6
    endloop
  endfacet
  facet normal 0 0 -1
    outer loop
      vertex -42.3988 -29.2064 -1.6
      vertex -45.7 -30.7 -1.6
      vertex -42.51 -29.21 -1.6
    endloop
  endfacet
  facet normal 0 0 -1
    outer loop
      vertex 44.1955 -27.2881 -1.6
      vertex 45.7 -30.7 -1.6
      vertex 44.2064 -27.3988 -1.6
    endloop
  endfacet
  facet normal 0 0 -1
    outer loop
      vertex 44.2064 27.6212 -1.6
      vertex 45.7 30.7 -1.6
      vertex 44.21 27.51 -1.6
    endloop
  endfacet
  facet normal 0 0 -1
    outer loop
      vertex 44.1955 27.7319 -1.6
      vertex 45.7 30.7 -1.6
      vertex 44.2064 27.6212 -1.6
    endloop
  endfacet
  facet normal 0 0 -1
    outer loop
      vertex 44.1773 27.8417 -1.6
      vertex 45.7 30.7 -1.6
      vertex 44.1955 27.7319 -1.6
    endloop
  endfacet
  facet normal 0 0 -1
    outer loop
      vertex 44.1521 27.95 -1.6
      vertex 45.7 30.7 -1.6
      vertex 44.1773 27.8417 -1.6
    endloop
  endfacet
  facet normal 0 0 -1
    outer loop
      vertex 44.1198 28.0564 -1.6
      vertex 45.7 30.7 -1.6
      vertex 44.1521 27.95 -1.6
    endloop
  endfacet
  facet normal 0 0 -1
    outer loop
      vertex 44.0806 28.1606 -1.6
      vertex 45.7 30.7 -1.6
      vertex 44.1198 28.0564 -1.6
    endloop
  endfacet
  facet normal 0 0 -1
    outer loop
      vertex 44.0347 28.2619 -1.6
      vertex 45.7 30.7 -1.6
      vertex 44.0806 28.1606 -1.6
    endloop
  endfacet
  facet normal 0 0 -1
    outer loop
      vertex 43.9822 28.36 -1.6
      vertex 45.7 30.7 -1.6
      vertex 44.0347 28.2619 -1.6
    endloop
  endfacet
  facet normal 0 0 -1
    outer loop
      vertex 43.9235 28.4545 -1.6
      vertex 45.7 30.7 -1.6
      vertex 43.9822 28.36 -1.6
    endloop
  endfacet
  facet normal 0 0 -1
    outer loop
      vertex 43.8587 28.5449 -1.6
      vertex 45.7 30.7 -1.6
      vertex 43.9235 28.4545 -1.6
    endloop
  endfacet
  facet normal 0 0 -1
    outer loop
      vertex 43.7881 28.6309 -1.6
      vertex 45.7 30.7 -1.6
      vertex 43.8587 28.5449 -1.6
    endloop
  endfacet
  facet normal 0 0 -1
    outer loop
      vertex 43.7121 28.7121 -1.6
      vertex 45.7 30.7 -1.6
      vertex 43.7881 28.6309 -1.6
    endloop
  endfacet
  facet normal 0 0 -1
    outer loop
      vertex 43.6309 28.7881 -1.6
      vertex 45.7 30.7 -1.6
      vertex 43.7121 28.7121 -1.6
    endloop
  endfacet
  facet normal 0 0 -1
    outer loop
      vertex 43.5449 28.8587 -1.6
      vertex 45.7 30.7 -1.6
      vertex 43.6309 28.7881 -1.6
    endloop
  endfacet
  facet normal 0 0 -1
    outer loop
      vertex 43.4545 28.9235 -1.6
      vertex 45.7 30.7 -1.6
      vertex 43.5449 28.8587 -1.6
    endloop
  endfacet
  facet normal 0 0 -1
    outer loop
      vertex 43.36 28.9822 -1.6
      vertex 45.7 30.7 -1.6
      vertex 43.4545 28.9235 -1.6
    endloop
  endfacet
  facet normal 0 0 -1
    outer loop
      vertex 43.2619 29.0347 -1.6
      vertex 45.7 30.7 -1.6
      vertex 43.36 28.9822 -1.6
    endloop
  endfacet
  facet normal 0 0 -1
    outer loop
      vertex 43.1606 29.0806 -1.6
      vertex 45.7 30.7 -1.6
      vertex 43.2619 29.0347 -1.6
    endloop
  endfacet
  facet normal 0 0 -1
    outer loop
      vertex 43.0564 29.1198 -1.6
      vertex 45.7 30.7 -1.6
      vertex 43.1606 29.0806 -1.6
    endloop
  endfacet
  facet normal 0 0 -1
    outer loop
      vertex 42.95 29.1521 -1.6
      vertex 45.7 30.7 -1.6
      vertex 43.0564 29.1198 -1.6
    endloop
  endfacet
  facet normal 0 0 -1
    outer loop
      vertex 42.8417 29.1773 -1.6
      vertex 45.7 30.7 -1.6
      vertex 42.95 29.1521 -1.6
    endloop
  endfacet
  facet normal 0 0 -1
    outer loop
      vertex 42.7319 29.1955 -1.6
      vertex 45.7 30.7 -1.6
      vertex 42.8417 29.1773 -1.6
    endloop
  endfacet
  facet normal 0 0 -1
    outer loop
      vertex 42.6212 29.2064 -1.6
      vertex 45.7 30.7 -1.6
      vertex 42.7319 29.1955 -1.6
    endloop
  endfacet
  facet normal 0 0 -1
    outer loop
      vertex 42.51 29.21 -1.6
      vertex 45.7 30.7 -1.6
      vertex 42.6212 29.2064 -1.6
    endloop
  endfacet
  facet normal 0 0 -1
    outer loop
      vertex 42.3988 29.2064 -1.6
      vertex 45.7 30.7 -1.6
      vertex 42.51 29.21 -1.6
    endloop
  endfacet
  facet normal 0 0 -1
    outer loop
      vertex 42.2881 29.1955 -1.6
      vertex 45.7 30.7 -1.6
      vertex 42.3988 29.2064 -1.6
    endloop
  endfacet
  facet normal 0 0 -1
    outer loop
      vertex 42.1783 29.1773 -1.6
      vertex 45.7 30.7 -1.6
      vertex 42.2881 29.1955 -1.6
    endloop
  endfacet
  facet normal 0 0 -1
    outer loop
      vertex 42.07 29.1521 -1.6
      vertex 45.7 30.7 -1.6
      vertex 42.1783 29.1773 -1.6
    endloop
  endfacet
  facet normal 0 0 -1
    outer loop
      vertex 41.9636 29.1198 -1.6
      vertex 45.7 30.7 -1.6
      vertex 42.07 29.1521 -1.6
    endloop
  endfacet
  facet normal 0 0 -1
    outer loop
      vertex 41.8594 29.0806 -1.6
      vertex 45.7 30.7 -1.6
      vertex 41.9636 29.1198 -1.6
    endloop
  endfacet
  facet normal 0 0 -1
    outer loop
      vertex -41.2966 28.7 -1.6
      vertex 41.3079 28.7121 -1.6
      vertex 41.2966 28.7 -1.6
    endloop
  endfacet
  facet normal 0 0 -1
    outer loop
      vertex -41.3079 28.7121 -1.6
      vertex 41.3079 28.7121 -1.6
      vertex -41.2966 28.7 -1.6
    endloop
  endfacet
  facet normal 0 0 -1
    outer loop
      vertex 41.3079 28.7121 -1.6
      vertex -41.3079 28.7121 -1.6
      vertex 41.3891 28.7881 -1.6
    endloop
  endfacet
  facet normal 0 0 -1
    outer loop
      vertex -41.3891 28.7881 -1.6
      vertex 41.3891 28.7881 -1.6
      vertex -41.3079 28.7121 -1.6
    endloop
  endfacet
  facet normal 0 0 -1
    outer loop
      vertex 41.3891 28.7881 -1.6
      vertex -41.3891 28.7881 -1.6
      vertex 41.4751 28.8587 -1.6
    endloop
  endfacet
  facet normal 0 0 -1
    outer loop
      vertex -41.4751 28.8587 -1.6
      vertex 41.4751 28.8587 -1.6
      vertex -41.3891 28.7881 -1.6
    endloop
  endfacet
  facet normal 0 0 -1
    outer loop
      vertex 41.4751 28.8587 -1.6
      vertex -41.4751 28.8587 -1.6
      vertex 41.5655 28.9235 -1.6
    endloop
  endfacet
  facet normal 0 0 -1
    outer loop
      vertex -41.5655 28.9235 -1.6
      vertex 41.5655 28.9235 -1.6
      vertex -41.4751 28.8587 -1.6
    endloop
  endfacet
  facet normal 0 0 -1
    outer loop
      vertex 41.5655 28.9235 -1.6
      vertex -41.5655 28.9235 -1.6
      vertex 41.66 28.9822 -1.6
    endloop
  endfacet
  facet normal 0 0 -1
    outer loop
      vertex -41.66 28.9822 -1.6
      vertex 41.66 28.9822 -1.6
      vertex -41.5655 28.9235 -1.6
    endloop
  endfacet
  facet normal 0 0 -1
    outer loop
      vertex 41.66 28.9822 -1.6
      vertex -41.66 28.9822 -1.6
      vertex 41.7581 29.0347 -1.6
    endloop
  endfacet
  facet normal 0 0 -1
    outer loop
      vertex -41.7581 29.0347 -1.6
      vertex 41.7581 29.0347 -1.6
      vertex -41.66 28.9822 -1.6
    endloop
  endfacet
  facet normal 0 0 -1
    outer loop
      vertex 41.7581 29.0347 -1.6
      vertex -41.7581 29.0347 -1.6
      vertex 41.8594 29.0806 -1.6
    endloop
  endfacet
  facet normal 0 0 -1
    outer loop
      vertex -41.8594 29.0806 -1.6
      vertex 41.8594 29.0806 -1.6
      vertex -41.7581 29.0347 -1.6
    endloop
  endfacet
  facet normal 0 0 -1
    outer loop
      vertex 41.8594 29.0806 -1.6
      vertex -41.8594 29.0806 -1.6
      vertex 45.7 30.7 -1.6
    endloop
  endfacet
  facet normal 0 0 -1
    outer loop
      vertex -45.7 30.7 -1.6
      vertex -41.8594 29.0806 -1.6
      vertex -41.9636 29.1198 -1.6
    endloop
  endfacet
  facet normal 0 0 -1
    outer loop
      vertex -45.7 30.7 -1.6
      vertex -41.9636 29.1198 -1.6
      vertex -42.07 29.1521 -1.6
    endloop
  endfacet
  facet normal 0 0 -1
    outer loop
      vertex -45.7 30.7 -1.6
      vertex -42.07 29.1521 -1.6
      vertex -42.1783 29.1773 -1.6
    endloop
  endfacet
  facet normal 0 0 -1
    outer loop
      vertex -45.7 30.7 -1.6
      vertex -42.1783 29.1773 -1.6
      vertex -42.2881 29.1955 -1.6
    endloop
  endfacet
  facet normal 0 0 -1
    outer loop
      vertex -45.7 30.7 -1.6
      vertex -42.2881 29.1955 -1.6
      vertex -42.3988 29.2064 -1.6
    endloop
  endfacet
  facet normal 0 0 -1
    outer loop
      vertex -45.7 30.7 -1.6
      vertex -42.3988 29.2064 -1.6
      vertex -42.51 29.21 -1.6
    endloop
  endfacet
  facet normal 0 0 -1
    outer loop
      vertex -41.8594 29.0806 -1.6
      vertex -45.7 30.7 -1.6
      vertex 45.7 30.7 -1.6
    endloop
  endfacet
  facet normal 0 0 -1
    outer loop
      vertex -42.6212 29.2064 -1.6
      vertex -45.7 30.7 -1.6
      vertex -42.51 29.21 -1.6
    endloop
  endfacet
  facet normal 0 0 -1
    outer loop
      vertex -42.7319 29.1955 -1.6
      vertex -45.7 30.7 -1.6
      vertex -42.6212 29.2064 -1.6
    endloop
  endfacet
  facet normal 0 0 -1
    outer loop
      vertex -42.8417 29.1773 -1.6
      vertex -45.7 30.7 -1.6
      vertex -42.7319 29.1955 -1.6
    endloop
  endfacet
  facet normal 0 0 -1
    outer loop
      vertex -42.95 29.1521 -1.6
      vertex -45.7 30.7 -1.6
      vertex -42.8417 29.1773 -1.6
    endloop
  endfacet
  facet normal 0 0 -1
    outer loop
      vertex -43.0564 29.1198 -1.6
      vertex -45.7 30.7 -1.6
      vertex -42.95 29.1521 -1.6
    endloop
  endfacet
  facet normal 0 0 -1
    outer loop
      vertex -43.1606 29.0806 -1.6
      vertex -45.7 30.7 -1.6
      vertex -43.0564 29.1198 -1.6
    endloop
  endfacet
  facet normal 0 0 -1
    outer loop
      vertex -43.2619 29.0347 -1.6
      vertex -45.7 30.7 -1.6
      vertex -43.1606 29.0806 -1.6
    endloop
  endfacet
  facet normal 0 0 -1
    outer loop
      vertex -43.36 28.9822 -1.6
      vertex -45.7 30.7 -1.6
      vertex -43.2619 29.0347 -1.6
    endloop
  endfacet
  facet normal 0 0 -1
    outer loop
      vertex -43.4545 28.9235 -1.6
      vertex -45.7 30.7 -1.6
      vertex -43.36 28.9822 -1.6
    endloop
  endfacet
  facet normal 0 0 -1
    outer loop
      vertex -43.5449 28.8587 -1.6
      vertex -45.7 30.7 -1.6
      vertex -43.4545 28.9235 -1.6
    endloop
  endfacet
  facet normal 0 0 -1
    outer loop
      vertex -43.6309 28.7881 -1.6
      vertex -45.7 30.7 -1.6
      vertex -43.5449 28.8587 -1.6
    endloop
  endfacet
  facet normal 0 0 -1
    outer loop
      vertex -43.7121 28.7121 -1.6
      vertex -45.7 30.7 -1.6
      vertex -43.6309 28.7881 -1.6
    endloop
  endfacet
  facet normal 0 0 -1
    outer loop
      vertex -43.7881 28.6309 -1.6
      vertex -45.7 30.7 -1.6
      vertex -43.7121 28.7121 -1.6
    endloop
  endfacet
  facet normal 0 0 -1
    outer loop
      vertex -43.8587 28.5449 -1.6
      vertex -45.7 30.7 -1.6
      vertex -43.7881 28.6309 -1.6
    endloop
  endfacet
  facet normal 0 0 -1
    outer loop
      vertex -43.9235 28.4545 -1.6
      vertex -45.7 30.7 -1.6
      vertex -43.8587 28.5449 -1.6
    endloop
  endfacet
  facet normal 0 0 -1
    outer loop
      vertex -43.9822 28.36 -1.6
      vertex -45.7 30.7 -1.6
      vertex -43.9235 28.4545 -1.6
    endloop
  endfacet
  facet normal 0 0 -1
    outer loop
      vertex -44.0347 28.2619 -1.6
      vertex -45.7 30.7 -1.6
      vertex -43.9822 28.36 -1.6
    endloop
  endfacet
  facet normal 0 0 -1
    outer loop
      vertex -44.0806 28.1606 -1.6
      vertex -45.7 30.7 -1.6
      vertex -44.0347 28.2619 -1.6
    endloop
  endfacet
  facet normal 0 0 -1
    outer loop
      vertex -44.1198 28.0564 -1.6
      vertex -45.7 30.7 -1.6
      vertex -44.0806 28.1606 -1.6
    endloop
  endfacet
  facet normal 0 0 -1
    outer loop
      vertex -44.1521 27.95 -1.6
      vertex -45.7 30.7 -1.6
      vertex -44.1198 28.0564 -1.6
    endloop
  endfacet
  facet normal 0 0 -1
    outer loop
      vertex -44.1773 27.8417 -1.6
      vertex -45.7 30.7 -1.6
      vertex -44.1521 27.95 -1.6
    endloop
  endfacet
  facet normal 0 0 -1
    outer loop
      vertex -44.1955 27.7319 -1.6
      vertex -45.7 30.7 -1.6
      vertex -44.1773 27.8417 -1.6
    endloop
  endfacet
  facet normal 0 0 -1
    outer loop
      vertex -44.2064 27.6212 -1.6
      vertex -45.7 30.7 -1.6
      vertex -44.1955 27.7319 -1.6
    endloop
  endfacet
  facet normal 0 0 -1
    outer loop
      vertex -44.21 27.51 -1.6
      vertex -45.7 30.7 -1.6
      vertex -44.2064 27.6212 -1.6
    endloop
  endfacet
  facet normal 0 0 -1
    outer loop
      vertex -44.2064 27.3988 -1.6
      vertex -45.7 30.7 -1.6
      vertex -44.21 27.51 -1.6
    endloop
  endfacet
  facet normal 0 0 -1
    outer loop
      vertex -43.7121 -26.3079 -1.6
      vertex -43.7 26.2966 -1.6
      vertex -43.7 -26.2966 -1.6
    endloop
  endfacet
  facet normal 0 0 -1
    outer loop
      vertex -43.7121 -26.3079 -1.6
      vertex -43.7121 26.3079 -1.6
      vertex -43.7 26.2966 -1.6
    endloop
  endfacet
  facet normal 0 0 -1
    outer loop
      vertex -43.7881 -26.3891 -1.6
      vertex -43.7121 26.3079 -1.6
      vertex -43.7121 -26.3079 -1.6
    endloop
  endfacet
  facet normal 0 0 -1
    outer loop
      vertex -43.7881 -26.3891 -1.6
      vertex -43.7881 26.3891 -1.6
      vertex -43.7121 26.3079 -1.6
    endloop
  endfacet
  facet normal 0 0 -1
    outer loop
      vertex -43.8587 -26.4751 -1.6
      vertex -43.7881 26.3891 -1.6
      vertex -43.7881 -26.3891 -1.6
    endloop
  endfacet
  facet normal 0 0 -1
    outer loop
      vertex -43.8587 -26.4751 -1.6
      vertex -43.8587 26.4751 -1.6
      vertex -43.7881 26.3891 -1.6
    endloop
  endfacet
  facet normal 0 0 -1
    outer loop
      vertex -43.9235 -26.5655 -1.6
      vertex -43.8587 26.4751 -1.6
      vertex -43.8587 -26.4751 -1.6
    endloop
  endfacet
  facet normal 0 0 -1
    outer loop
      vertex -43.9235 -26.5655 -1.6
      vertex -43.9235 26.5655 -1.6
      vertex -43.8587 26.4751 -1.6
    endloop
  endfacet
  facet normal 0 0 -1
    outer loop
      vertex -43.9822 -26.66 -1.6
      vertex -43.9235 26.5655 -1.6
      vertex -43.9235 -26.5655 -1.6
    endloop
  endfacet
  facet normal 0 0 -1
    outer loop
      vertex -43.9822 -26.66 -1.6
      vertex -43.9822 26.66 -1.6
      vertex -43.9235 26.5655 -1.6
    endloop
  endfacet
  facet normal 0 0 -1
    outer loop
      vertex -44.0347 -26.7581 -1.6
      vertex -43.9822 26.66 -1.6
      vertex -43.9822 -26.66 -1.6
    endloop
  endfacet
  facet normal 0 0 -1
    outer loop
      vertex -44.0347 -26.7581 -1.6
      vertex -44.0347 26.7581 -1.6
      vertex -43.9822 26.66 -1.6
    endloop
  endfacet
  facet normal 0 0 -1
    outer loop
      vertex -44.0806 -26.8594 -1.6
      vertex -44.0347 26.7581 -1.6
      vertex -44.0347 -26.7581 -1.6
    endloop
  endfacet
  facet normal 0 0 -1
    outer loop
      vertex -44.0806 -26.8594 -1.6
      vertex -44.0806 26.8594 -1.6
      vertex -44.0347 26.7581 -1.6
    endloop
  endfacet
  facet normal 0 0 -1
    outer loop
      vertex -45.7 -30.7 -1.6
      vertex -44.0806 -26.8594 -1.6
      vertex -44.1198 -26.9636 -1.6
    endloop
  endfacet
  facet normal -0 0 -1
    outer loop
      vertex -44.0806 -26.8594 -1.6
      vertex -45.7 -30.7 -1.6
      vertex -44.0806 26.8594 -1.6
    endloop
  endfacet
  facet normal 0 0 -1
    outer loop
      vertex -45.7 -30.7 -1.6
      vertex -44.1198 -26.9636 -1.6
      vertex -44.1521 -27.07 -1.6
    endloop
  endfacet
  facet normal 0 0 -1
    outer loop
      vertex -45.7 30.7 -1.6
      vertex -44.0806 26.8594 -1.6
      vertex -45.7 -30.7 -1.6
    endloop
  endfacet
  facet normal 0 0 -1
    outer loop
      vertex -45.7 -30.7 -1.6
      vertex -44.1521 -27.07 -1.6
      vertex -44.1773 -27.1783 -1.6
    endloop
  endfacet
  facet normal 0 0 -1
    outer loop
      vertex -44.0806 26.8594 -1.6
      vertex -45.7 30.7 -1.6
      vertex -44.1198 26.9636 -1.6
    endloop
  endfacet
  facet normal 0 0 -1
    outer loop
      vertex -45.7 -30.7 -1.6
      vertex -44.1773 -27.1783 -1.6
      vertex -44.1955 -27.2881 -1.6
    endloop
  endfacet
  facet normal 0 0 -1
    outer loop
      vertex -44.1198 26.9636 -1.6
      vertex -45.7 30.7 -1.6
      vertex -44.1521 27.07 -1.6
    endloop
  endfacet
  facet normal 0 0 -1
    outer loop
      vertex -45.7 -30.7 -1.6
      vertex -44.1955 -27.2881 -1.6
      vertex -44.2064 -27.3988 -1.6
    endloop
  endfacet
  facet normal 0 0 -1
    outer loop
      vertex -44.1521 27.07 -1.6
      vertex -45.7 30.7 -1.6
      vertex -44.1773 27.1783 -1.6
    endloop
  endfacet
  facet normal 0 0 -1
    outer loop
      vertex -45.7 -30.7 -1.6
      vertex -44.2064 -27.3988 -1.6
      vertex -44.21 -27.51 -1.6
    endloop
  endfacet
  facet normal 0 0 -1
    outer loop
      vertex -44.1773 27.1783 -1.6
      vertex -45.7 30.7 -1.6
      vertex -44.1955 27.2881 -1.6
    endloop
  endfacet
  facet normal 0 1 -0
    outer loop
      vertex 45.7 30.7 -1.6
      vertex -45.7 30.7 0
      vertex 45.7 30.7 0
    endloop
  endfacet
  facet normal 0 1 0
    outer loop
      vertex -45.7 30.7 0
      vertex 45.7 30.7 -1.6
      vertex -45.7 30.7 -1.6
    endloop
  endfacet
  facet normal -1 0 0
    outer loop
      vertex -45.7 -30.7 -1.6
      vertex -45.7 30.7 0
      vertex -45.7 30.7 -1.6
    endloop
  endfacet
  facet normal -1 -0 0
    outer loop
      vertex -45.7 30.7 0
      vertex -45.7 -30.7 -1.6
      vertex -45.7 -30.7 0
    endloop
  endfacet
  facet normal 0 -1 0
    outer loop
      vertex -45.7 -30.7 -1.6
      vertex 45.7 -30.7 0
      vertex -45.7 -30.7 0
    endloop
  endfacet
  facet normal 0 -1 -0
    outer loop
      vertex 45.7 -30.7 0
      vertex -45.7 -30.7 -1.6
      vertex 45.7 -30.7 -1.6
    endloop
  endfacet
  facet normal 1 -0 0
    outer loop
      vertex 45.7 -30.7 0
      vertex 45.7 30.7 -1.6
      vertex 45.7 30.7 0
    endloop
  endfacet
  facet normal 1 0 0
    outer loop
      vertex 45.7 30.7 -1.6
      vertex 45.7 -30.7 0
      vertex 45.7 -30.7 -1.6
    endloop
  endfacet
  facet normal 1 -0 0
    outer loop
      vertex -43.7 -26.2966 0
      vertex -43.7 26.2966 -1.6
      vertex -43.7 26.2966 0
    endloop
  endfacet
  facet normal 1 0 0
    outer loop
      vertex -43.7 26.2966 -1.6
      vertex -43.7 -26.2966 0
      vertex -43.7 -26.2966 -1.6
    endloop
  endfacet
  facet normal 0 -1 0
    outer loop
      vertex -41.2966 28.7 -1.6
      vertex 41.2966 28.7 0
      vertex -41.2966 28.7 0
    endloop
  endfacet
  facet normal 0 -1 -0
    outer loop
      vertex 41.2966 28.7 0
      vertex -41.2966 28.7 -1.6
      vertex 41.2966 28.7 -1.6
    endloop
  endfacet
  facet normal -1 0 0
    outer loop
      vertex 43.7 -26.2966 -1.6
      vertex 43.7 26.2966 0
      vertex 43.7 26.2966 -1.6
    endloop
  endfacet
  facet normal -1 -0 0
    outer loop
      vertex 43.7 26.2966 0
      vertex 43.7 -26.2966 -1.6
      vertex 43.7 -26.2966 0
    endloop
  endfacet
  facet normal 0 1 -0
    outer loop
      vertex 41.2966 -28.7 -1.6
      vertex -41.2966 -28.7 0
      vertex 41.2966 -28.7 0
    endloop
  endfacet
  facet normal 0 1 0
    outer loop
      vertex -41.2966 -28.7 0
      vertex 41.2966 -28.7 -1.6
      vertex -41.2966 -28.7 -1.6
    endloop
  endfacet
  facet normal -0.88168 0.471847 0
    outer loop
      vertex -41.0378 -28.36 0
      vertex -40.9853 -28.2619 0.799999
      vertex -40.9853 -28.2619 0
    endloop
  endfacet
  facet normal -0.88168 0.471847 0
    outer loop
      vertex -40.9853 -28.2619 0.799999
      vertex -41.0378 -28.36 0
      vertex -41.0378 -28.36 0.799999
    endloop
  endfacet
  facet normal -0.995187 -0.0979904 0
    outer loop
      vertex -40.8136 -27.3988 0
      vertex -40.8245 -27.2881 0.799999
      vertex -40.8245 -27.2881 0
    endloop
  endfacet
  facet normal -0.995187 -0.0979904 0
    outer loop
      vertex -40.8245 -27.2881 0.799999
      vertex -40.8136 -27.3988 0
      vertex -40.8136 -27.3988 0.799999
    endloop
  endfacet
  facet normal -0.999476 -0.0323571 0
    outer loop
      vertex -40.81 -27.51 0
      vertex -40.8136 -27.3988 0.799999
      vertex -40.8136 -27.3988 0
    endloop
  endfacet
  facet normal -0.999476 -0.0323571 0
    outer loop
      vertex -40.8136 -27.3988 0.799999
      vertex -40.81 -27.51 0
      vertex -40.81 -27.51 0.799999
    endloop
  endfacet
  facet normal 0.412719 0.910859 -0
    outer loop
      vertex -43.1606 -29.0806 -1.6
      vertex -43.2619 -29.0347 0.799999
      vertex -43.1606 -29.0806 0.799999
    endloop
  endfacet
  facet normal 0.412719 0.910859 0
    outer loop
      vertex -43.2619 -29.0347 0.799999
      vertex -43.1606 -29.0806 -1.6
      vertex -43.2619 -29.0347 -1.6
    endloop
  endfacet
  facet normal -0.84946 -0.527654 0
    outer loop
      vertex -41.0378 -26.66 0
      vertex -41.0965 -26.5655 0.799999
      vertex -41.0965 -26.5655 0
    endloop
  endfacet
  facet normal -0.84946 -0.527654 0
    outer loop
      vertex -41.0965 -26.5655 0.799999
      vertex -41.0378 -26.66 0
      vertex -41.0378 -26.66 0.799999
    endloop
  endfacet
  facet normal 0.0323571 0.999476 -0
    outer loop
      vertex -42.51 -29.21 -1.6
      vertex -42.6212 -29.2064 0.799999
      vertex -42.51 -29.21 0.799999
    endloop
  endfacet
  facet normal 0.0323571 0.999476 0
    outer loop
      vertex -42.6212 -29.2064 0.799999
      vertex -42.51 -29.21 -1.6
      vertex -42.6212 -29.2064 -1.6
    endloop
  endfacet
  facet normal -0.527654 0.84946 0
    outer loop
      vertex -41.5655 -28.9235 -1.6
      vertex -41.66 -28.9822 0.799999
      vertex -41.5655 -28.9235 0.799999
    endloop
  endfacet
  facet normal -0.527654 0.84946 0
    outer loop
      vertex -41.66 -28.9822 0.799999
      vertex -41.5655 -28.9235 -1.6
      vertex -41.66 -28.9822 -1.6
    endloop
  endfacet
  facet normal -0.93596 -0.352108 0
    outer loop
      vertex -40.9002 -26.9636 0
      vertex -40.9394 -26.8594 0.799999
      vertex -40.9394 -26.8594 0
    endloop
  endfacet
  facet normal -0.93596 -0.352108 0
    outer loop
      vertex -40.9394 -26.8594 0.799999
      vertex -40.9002 -26.9636 0
      vertex -40.9002 -26.9636 0.799999
    endloop
  endfacet
  facet normal 0.290482 -0.956881 0
    outer loop
      vertex -43.0564 -25.9002 0
      vertex -42.95 -25.8679 0.799999
      vertex -43.0564 -25.9002 0.799999
    endloop
  endfacet
  facet normal 0.290482 -0.956881 0
    outer loop
      vertex -42.95 -25.8679 0.799999
      vertex -43.0564 -25.9002 0
      vertex -42.95 -25.8679 0
    endloop
  endfacet
  facet normal -0.226633 0.97398 0
    outer loop
      vertex -42.07 -29.1521 -1.6
      vertex -42.1783 -29.1773 0.799999
      vertex -42.07 -29.1521 0.799999
    endloop
  endfacet
  facet normal -0.226633 0.97398 0
    outer loop
      vertex -42.1783 -29.1773 0.799999
      vertex -42.07 -29.1521 -1.6
      vertex -42.1783 -29.1773 -1.6
    endloop
  endfacet
  facet normal -0.412719 -0.910859 0
    outer loop
      vertex -41.8594 -25.9394 0
      vertex -41.7581 -25.9853 0.799999
      vertex -41.8594 -25.9394 0.799999
    endloop
  endfacet
  facet normal -0.412719 -0.910859 -0
    outer loop
      vertex -41.7581 -25.9853 0.799999
      vertex -41.8594 -25.9394 0
      vertex -41.7581 -25.9853 0
    endloop
  endfacet
  facet normal 0.730098 -0.683343 0
    outer loop
      vertex -43.7881 -26.3891 0.799999
      vertex -43.7121 -26.3079 -1.6
      vertex -43.7121 -26.3079 0.799999
    endloop
  endfacet
  facet normal 0.730098 -0.683343 0
    outer loop
      vertex -43.7121 -26.3079 -1.6
      vertex -43.7881 -26.3891 0.799999
      vertex -43.7881 -26.3891 -1.6
    endloop
  endfacet
  facet normal -0.582598 0.81276 0
    outer loop
      vertex -41.4751 -28.8587 -1.6
      vertex -41.5655 -28.9235 0.799999
      vertex -41.4751 -28.8587 0.799999
    endloop
  endfacet
  facet normal -0.582598 0.81276 0
    outer loop
      vertex -41.5655 -28.9235 0.799999
      vertex -41.4751 -28.8587 -1.6
      vertex -41.5655 -28.9235 -1.6
    endloop
  endfacet
  facet normal -0.97398 -0.226633 0
    outer loop
      vertex -40.8427 -27.1783 0
      vertex -40.8679 -27.07 0.799999
      vertex -40.8679 -27.07 0
    endloop
  endfacet
  facet normal -0.97398 -0.226633 0
    outer loop
      vertex -40.8679 -27.07 0.799999
      vertex -40.8427 -27.1783 0
      vertex -40.8427 -27.1783 0.799999
    endloop
  endfacet
  facet normal 0.84946 -0.527654 0
    outer loop
      vertex -43.9822 -26.66 0.799999
      vertex -43.9235 -26.5655 -1.6
      vertex -43.9235 -26.5655 0.799999
    endloop
  endfacet
  facet normal 0.84946 -0.527654 0
    outer loop
      vertex -43.9235 -26.5655 -1.6
      vertex -43.9822 -26.66 0.799999
      vertex -43.9822 -26.66 -1.6
    endloop
  endfacet
  facet normal -0.772915 0.634509 0
    outer loop
      vertex -41.2319 -28.6309 0
      vertex -41.1613 -28.5449 0.799999
      vertex -41.1613 -28.5449 0
    endloop
  endfacet
  facet normal -0.772915 0.634509 0
    outer loop
      vertex -41.1613 -28.5449 0.799999
      vertex -41.2319 -28.6309 0
      vertex -41.2319 -28.6309 0.799999
    endloop
  endfacet
  facet normal -0.956881 0.290482 0
    outer loop
      vertex -40.9002 -28.0564 0
      vertex -40.8679 -27.95 0.799999
      vertex -40.8679 -27.95 0
    endloop
  endfacet
  facet normal -0.956881 0.290482 0
    outer loop
      vertex -40.8679 -27.95 0.799999
      vertex -40.9002 -28.0564 0
      vertex -40.9002 -28.0564 0.799999
    endloop
  endfacet
  facet normal 0.582598 -0.81276 0
    outer loop
      vertex -43.5449 -26.1613 0
      vertex -43.4545 -26.0965 0.799999
      vertex -43.5449 -26.1613 0.799999
    endloop
  endfacet
  facet normal 0.582598 -0.81276 0
    outer loop
      vertex -43.4545 -26.0965 0.799999
      vertex -43.5449 -26.1613 0
      vertex -43.4545 -26.0965 0
    endloop
  endfacet
  facet normal 0.683343 -0.730098 2.2928e-05
    outer loop
      vertex -43.7121 -26.3079 0.799999
      vertex -43.7 -26.2966 0
      vertex -43.6309 -26.2319 0.799999
    endloop
  endfacet
  facet normal 0.682533 -0.730854 0
    outer loop
      vertex -43.7121 -26.3079 -1.6
      vertex -43.7 -26.2966 0
      vertex -43.7121 -26.3079 0.799999
    endloop
  endfacet
  facet normal 0.682533 -0.730854 0
    outer loop
      vertex -43.7 -26.2966 0
      vertex -43.7121 -26.3079 -1.6
      vertex -43.7 -26.2966 -1.6
    endloop
  endfacet
  facet normal 0.683484 -0.729965 0
    outer loop
      vertex -43.6309 -26.2319 0.799999
      vertex -43.7 -26.2966 0
      vertex -43.6309 -26.2319 0
    endloop
  endfacet
  facet normal 0.910859 -0.412719 0
    outer loop
      vertex -44.0806 -26.8594 0.799999
      vertex -44.0347 -26.7581 -1.6
      vertex -44.0347 -26.7581 0.799999
    endloop
  endfacet
  facet normal 0.910859 -0.412719 0
    outer loop
      vertex -44.0347 -26.7581 -1.6
      vertex -44.0806 -26.8594 0.799999
      vertex -44.0806 -26.8594 -1.6
    endloop
  endfacet
  facet normal -0.986539 -0.163525 0
    outer loop
      vertex -40.8245 -27.2881 0
      vertex -40.8427 -27.1783 0.799999
      vertex -40.8427 -27.1783 0
    endloop
  endfacet
  facet normal -0.986539 -0.163525 0
    outer loop
      vertex -40.8427 -27.1783 0.799999
      vertex -40.8245 -27.2881 0
      vertex -40.8245 -27.2881 0.799999
    endloop
  endfacet
  facet normal 0.0323571 -0.999476 0
    outer loop
      vertex -42.6212 -25.8136 0
      vertex -42.51 -25.81 0.799999
      vertex -42.6212 -25.8136 0.799999
    endloop
  endfacet
  facet normal 0.0323571 -0.999476 0
    outer loop
      vertex -42.51 -25.81 0.799999
      vertex -42.6212 -25.8136 0
      vertex -42.51 -25.81 0
    endloop
  endfacet
  facet normal 0.683343 0.730098 -0
    outer loop
      vertex -43.6309 -28.7881 -1.6
      vertex -43.7121 -28.7121 0.799999
      vertex -43.6309 -28.7881 0.799999
    endloop
  endfacet
  facet normal 0.683343 0.730098 0
    outer loop
      vertex -43.7121 -28.7121 0.799999
      vertex -43.6309 -28.7881 -1.6
      vertex -43.7121 -28.7121 -1.6
    endloop
  endfacet
  facet normal 0.97398 0.226633 0
    outer loop
      vertex -44.1521 -27.95 0.799999
      vertex -44.1773 -27.8417 -1.6
      vertex -44.1773 -27.8417 0.799999
    endloop
  endfacet
  facet normal 0.97398 0.226633 0
    outer loop
      vertex -44.1773 -27.8417 -1.6
      vertex -44.1521 -27.95 0.799999
      vertex -44.1521 -27.95 -1.6
    endloop
  endfacet
  facet normal 0.471847 -0.88168 0
    outer loop
      vertex -43.36 -26.0378 0
      vertex -43.2619 -25.9853 0.799999
      vertex -43.36 -26.0378 0.799999
    endloop
  endfacet
  facet normal 0.471847 -0.88168 0
    outer loop
      vertex -43.2619 -25.9853 0.799999
      vertex -43.36 -26.0378 0
      vertex -43.2619 -25.9853 0
    endloop
  endfacet
  facet normal 0.995187 0.0979904 0
    outer loop
      vertex -44.1955 -27.7319 0.799999
      vertex -44.2064 -27.6212 -1.6
      vertex -44.2064 -27.6212 0.799999
    endloop
  endfacet
  facet normal 0.995187 0.0979904 0
    outer loop
      vertex -44.2064 -27.6212 -1.6
      vertex -44.1955 -27.7319 0.799999
      vertex -44.1955 -27.7319 -1.6
    endloop
  endfacet
  facet normal -0.956881 -0.290482 0
    outer loop
      vertex -40.8679 -27.07 0
      vertex -40.9002 -26.9636 0.799999
      vertex -40.9002 -26.9636 0
    endloop
  endfacet
  facet normal -0.956881 -0.290482 0
    outer loop
      vertex -40.9002 -26.9636 0.799999
      vertex -40.8679 -27.07 0
      vertex -40.8679 -27.07 0.799999
    endloop
  endfacet
  facet normal 0.163525 0.986539 -0
    outer loop
      vertex -42.7319 -29.1955 -1.6
      vertex -42.8417 -29.1773 0.799999
      vertex -42.7319 -29.1955 0.799999
    endloop
  endfacet
  facet normal 0.163525 0.986539 0
    outer loop
      vertex -42.8417 -29.1773 0.799999
      vertex -42.7319 -29.1955 -1.6
      vertex -42.8417 -29.1773 -1.6
    endloop
  endfacet
  facet normal -0.527654 -0.84946 0
    outer loop
      vertex -41.66 -26.0378 0
      vertex -41.5655 -26.0965 0.799999
      vertex -41.66 -26.0378 0.799999
    endloop
  endfacet
  facet normal -0.527654 -0.84946 -0
    outer loop
      vertex -41.5655 -26.0965 0.799999
      vertex -41.66 -26.0378 0
      vertex -41.5655 -26.0965 0
    endloop
  endfacet
  facet normal -0.0323571 0.999476 0
    outer loop
      vertex -42.3988 -29.2064 -1.6
      vertex -42.51 -29.21 0.799999
      vertex -42.3988 -29.2064 0.799999
    endloop
  endfacet
  facet normal -0.0323571 0.999476 0
    outer loop
      vertex -42.51 -29.21 0.799999
      vertex -42.3988 -29.2064 -1.6
      vertex -42.51 -29.21 -1.6
    endloop
  endfacet
  facet normal -0.290482 0.956881 0
    outer loop
      vertex -41.9636 -29.1198 -1.6
      vertex -42.07 -29.1521 0.799999
      vertex -41.9636 -29.1198 0.799999
    endloop
  endfacet
  facet normal -0.290482 0.956881 0
    outer loop
      vertex -42.07 -29.1521 0.799999
      vertex -41.9636 -29.1198 -1.6
      vertex -42.07 -29.1521 -1.6
    endloop
  endfacet
  facet normal -0.0979904 0.995187 0
    outer loop
      vertex -42.2881 -29.1955 -1.6
      vertex -42.3988 -29.2064 0.799999
      vertex -42.2881 -29.1955 0.799999
    endloop
  endfacet
  facet normal -0.0979904 0.995187 0
    outer loop
      vertex -42.3988 -29.2064 0.799999
      vertex -42.2881 -29.1955 -1.6
      vertex -42.3988 -29.2064 -1.6
    endloop
  endfacet
  facet normal 0.352108 -0.93596 0
    outer loop
      vertex -43.1606 -25.9394 0
      vertex -43.0564 -25.9002 0.799999
      vertex -43.1606 -25.9394 0.799999
    endloop
  endfacet
  facet normal 0.352108 -0.93596 0
    outer loop
      vertex -43.0564 -25.9002 0.799999
      vertex -43.1606 -25.9394 0
      vertex -43.0564 -25.9002 0
    endloop
  endfacet
  facet normal 0.81276 -0.582598 0
    outer loop
      vertex -43.9235 -26.5655 0.799999
      vertex -43.8587 -26.4751 -1.6
      vertex -43.8587 -26.4751 0.799999
    endloop
  endfacet
  facet normal 0.81276 -0.582598 0
    outer loop
      vertex -43.8587 -26.4751 -1.6
      vertex -43.9235 -26.5655 0.799999
      vertex -43.9235 -26.5655 -1.6
    endloop
  endfacet
  facet normal -0.910859 -0.412719 0
    outer loop
      vertex -40.9394 -26.8594 0
      vertex -40.9853 -26.7581 0.799999
      vertex -40.9853 -26.7581 0
    endloop
  endfacet
  facet normal -0.910859 -0.412719 0
    outer loop
      vertex -40.9853 -26.7581 0.799999
      vertex -40.9394 -26.8594 0
      vertex -40.9394 -26.8594 0.799999
    endloop
  endfacet
  facet normal -0.910859 0.412719 0
    outer loop
      vertex -40.9853 -28.2619 0
      vertex -40.9394 -28.1606 0.799999
      vertex -40.9394 -28.1606 0
    endloop
  endfacet
  facet normal -0.910859 0.412719 0
    outer loop
      vertex -40.9394 -28.1606 0.799999
      vertex -40.9853 -28.2619 0
      vertex -40.9853 -28.2619 0.799999
    endloop
  endfacet
  facet normal 0.910859 0.412719 0
    outer loop
      vertex -44.0347 -28.2619 0.799999
      vertex -44.0806 -28.1606 -1.6
      vertex -44.0806 -28.1606 0.799999
    endloop
  endfacet
  facet normal 0.910859 0.412719 0
    outer loop
      vertex -44.0806 -28.1606 -1.6
      vertex -44.0347 -28.2619 0.799999
      vertex -44.0347 -28.2619 -1.6
    endloop
  endfacet
  facet normal 0.527654 -0.84946 0
    outer loop
      vertex -43.4545 -26.0965 0
      vertex -43.36 -26.0378 0.799999
      vertex -43.4545 -26.0965 0.799999
    endloop
  endfacet
  facet normal 0.527654 -0.84946 0
    outer loop
      vertex -43.36 -26.0378 0.799999
      vertex -43.4545 -26.0965 0
      vertex -43.36 -26.0378 0
    endloop
  endfacet
  facet normal -0.163525 0.986539 0
    outer loop
      vertex -42.1783 -29.1773 -1.6
      vertex -42.2881 -29.1955 0.799999
      vertex -42.1783 -29.1773 0.799999
    endloop
  endfacet
  facet normal -0.163525 0.986539 0
    outer loop
      vertex -42.2881 -29.1955 0.799999
      vertex -42.1783 -29.1773 -1.6
      vertex -42.2881 -29.1955 -1.6
    endloop
  endfacet
  facet normal -0.163525 -0.986539 0
    outer loop
      vertex -42.2881 -25.8245 0
      vertex -42.1783 -25.8427 0.799999
      vertex -42.2881 -25.8245 0.799999
    endloop
  endfacet
  facet normal -0.163525 -0.986539 -0
    outer loop
      vertex -42.1783 -25.8427 0.799999
      vertex -42.2881 -25.8245 0
      vertex -42.1783 -25.8427 0
    endloop
  endfacet
  facet normal 0.163525 -0.986539 0
    outer loop
      vertex -42.8417 -25.8427 0
      vertex -42.7319 -25.8245 0.799999
      vertex -42.8417 -25.8427 0.799999
    endloop
  endfacet
  facet normal 0.163525 -0.986539 0
    outer loop
      vertex -42.7319 -25.8245 0.799999
      vertex -42.8417 -25.8427 0
      vertex -42.7319 -25.8245 0
    endloop
  endfacet
  facet normal -0.683343 -0.730098 0
    outer loop
      vertex -41.3891 -26.2319 0
      vertex -41.3079 -26.3079 0.799999
      vertex -41.3891 -26.2319 0.799999
    endloop
  endfacet
  facet normal -0.683343 -0.730098 -0
    outer loop
      vertex -41.3079 -26.3079 0.799999
      vertex -41.3891 -26.2319 0
      vertex -41.3079 -26.3079 0
    endloop
  endfacet
  facet normal 0.352108 0.93596 -0
    outer loop
      vertex -43.0564 -29.1198 -1.6
      vertex -43.1606 -29.0806 0.799999
      vertex -43.0564 -29.1198 0.799999
    endloop
  endfacet
  facet normal 0.352108 0.93596 0
    outer loop
      vertex -43.1606 -29.0806 0.799999
      vertex -43.0564 -29.1198 -1.6
      vertex -43.1606 -29.0806 -1.6
    endloop
  endfacet
  facet normal -0.995187 0.0979904 0
    outer loop
      vertex -40.8245 -27.7319 0
      vertex -40.8136 -27.6212 0.799999
      vertex -40.8136 -27.6212 0
    endloop
  endfacet
  facet normal -0.995187 0.0979904 0
    outer loop
      vertex -40.8136 -27.6212 0.799999
      vertex -40.8245 -27.7319 0
      vertex -40.8245 -27.7319 0.799999
    endloop
  endfacet
  facet normal -0.999476 0.0323571 0
    outer loop
      vertex -40.8136 -27.6212 0
      vertex -40.81 -27.51 0.799999
      vertex -40.81 -27.51 0
    endloop
  endfacet
  facet normal -0.999476 0.0323571 0
    outer loop
      vertex -40.81 -27.51 0.799999
      vertex -40.8136 -27.6212 0
      vertex -40.8136 -27.6212 0.799999
    endloop
  endfacet
  facet normal 0.0979904 0.995187 -0
    outer loop
      vertex -42.6212 -29.2064 -1.6
      vertex -42.7319 -29.1955 0.799999
      vertex -42.6212 -29.2064 0.799999
    endloop
  endfacet
  facet normal 0.0979904 0.995187 0
    outer loop
      vertex -42.7319 -29.1955 0.799999
      vertex -42.6212 -29.2064 -1.6
      vertex -42.7319 -29.1955 -1.6
    endloop
  endfacet
  facet normal 0.88168 -0.471847 0
    outer loop
      vertex -44.0347 -26.7581 0.799999
      vertex -43.9822 -26.66 -1.6
      vertex -43.9822 -26.66 0.799999
    endloop
  endfacet
  facet normal 0.88168 -0.471847 0
    outer loop
      vertex -43.9822 -26.66 -1.6
      vertex -44.0347 -26.7581 0.799999
      vertex -44.0347 -26.7581 -1.6
    endloop
  endfacet
  facet normal 0.226633 -0.97398 0
    outer loop
      vertex -42.95 -25.8679 0
      vertex -42.8417 -25.8427 0.799999
      vertex -42.95 -25.8679 0.799999
    endloop
  endfacet
  facet normal 0.226633 -0.97398 0
    outer loop
      vertex -42.8417 -25.8427 0.799999
      vertex -42.95 -25.8679 0
      vertex -42.8417 -25.8427 0
    endloop
  endfacet
  facet normal -0.352108 -0.93596 0
    outer loop
      vertex -41.9636 -25.9002 0
      vertex -41.8594 -25.9394 0.799999
      vertex -41.9636 -25.9002 0.799999
    endloop
  endfacet
  facet normal -0.352108 -0.93596 -0
    outer loop
      vertex -41.8594 -25.9394 0.799999
      vertex -41.9636 -25.9002 0
      vertex -41.8594 -25.9394 0
    endloop
  endfacet
  facet normal -0.226633 -0.97398 0
    outer loop
      vertex -42.1783 -25.8427 0
      vertex -42.07 -25.8679 0.799999
      vertex -42.1783 -25.8427 0.799999
    endloop
  endfacet
  facet normal -0.226633 -0.97398 -0
    outer loop
      vertex -42.07 -25.8679 0.799999
      vertex -42.1783 -25.8427 0
      vertex -42.07 -25.8679 0
    endloop
  endfacet
  facet normal -0.0979904 -0.995187 0
    outer loop
      vertex -42.3988 -25.8136 0
      vertex -42.2881 -25.8245 0.799999
      vertex -42.3988 -25.8136 0.799999
    endloop
  endfacet
  facet normal -0.0979904 -0.995187 -0
    outer loop
      vertex -42.2881 -25.8245 0.799999
      vertex -42.3988 -25.8136 0
      vertex -42.2881 -25.8245 0
    endloop
  endfacet
  facet normal 0.97398 -0.226633 0
    outer loop
      vertex -44.1773 -27.1783 0.799999
      vertex -44.1521 -27.07 -1.6
      vertex -44.1521 -27.07 0.799999
    endloop
  endfacet
  facet normal 0.97398 -0.226633 0
    outer loop
      vertex -44.1521 -27.07 -1.6
      vertex -44.1773 -27.1783 0.799999
      vertex -44.1773 -27.1783 -1.6
    endloop
  endfacet
  facet normal 0.527654 0.84946 -0
    outer loop
      vertex -43.36 -28.9822 -1.6
      vertex -43.4545 -28.9235 0.799999
      vertex -43.36 -28.9822 0.799999
    endloop
  endfacet
  facet normal 0.527654 0.84946 0
    outer loop
      vertex -43.4545 -28.9235 0.799999
      vertex -43.36 -28.9822 -1.6
      vertex -43.4545 -28.9235 -1.6
    endloop
  endfacet
  facet normal -0.683343 0.730098 0
    outer loop
      vertex -41.3079 -28.7121 -1.6
      vertex -41.3891 -28.7881 0.799999
      vertex -41.3079 -28.7121 0.799999
    endloop
  endfacet
  facet normal -0.683343 0.730098 0
    outer loop
      vertex -41.3891 -28.7881 0.799999
      vertex -41.3079 -28.7121 -1.6
      vertex -41.3891 -28.7881 -1.6
    endloop
  endfacet
  facet normal -0.88168 -0.471847 0
    outer loop
      vertex -40.9853 -26.7581 0
      vertex -41.0378 -26.66 0.799999
      vertex -41.0378 -26.66 0
    endloop
  endfacet
  facet normal -0.88168 -0.471847 0
    outer loop
      vertex -41.0378 -26.66 0.799999
      vertex -40.9853 -26.7581 0
      vertex -40.9853 -26.7581 0.799999
    endloop
  endfacet
  facet normal -0.634509 0.772915 0
    outer loop
      vertex -41.3891 -28.7881 -1.6
      vertex -41.4751 -28.8587 0.799999
      vertex -41.3891 -28.7881 0.799999
    endloop
  endfacet
  facet normal -0.634509 0.772915 0
    outer loop
      vertex -41.4751 -28.8587 0.799999
      vertex -41.3891 -28.7881 -1.6
      vertex -41.4751 -28.8587 -1.6
    endloop
  endfacet
  facet normal 0.995187 -0.0979904 0
    outer loop
      vertex -44.2064 -27.3988 0.799999
      vertex -44.1955 -27.2881 -1.6
      vertex -44.1955 -27.2881 0.799999
    endloop
  endfacet
  facet normal 0.995187 -0.0979904 0
    outer loop
      vertex -44.1955 -27.2881 -1.6
      vertex -44.2064 -27.3988 0.799999
      vertex -44.2064 -27.3988 -1.6
    endloop
  endfacet
  facet normal 0.93596 -0.352108 0
    outer loop
      vertex -44.1198 -26.9636 0.799999
      vertex -44.0806 -26.8594 -1.6
      vertex -44.0806 -26.8594 0.799999
    endloop
  endfacet
  facet normal 0.93596 -0.352108 0
    outer loop
      vertex -44.0806 -26.8594 -1.6
      vertex -44.1198 -26.9636 0.799999
      vertex -44.1198 -26.9636 -1.6
    endloop
  endfacet
  facet normal -0.97398 0.226633 0
    outer loop
      vertex -40.8679 -27.95 0
      vertex -40.8427 -27.8417 0.799999
      vertex -40.8427 -27.8417 0
    endloop
  endfacet
  facet normal -0.97398 0.226633 0
    outer loop
      vertex -40.8427 -27.8417 0.799999
      vertex -40.8679 -27.95 0
      vertex -40.8679 -27.95 0.799999
    endloop
  endfacet
  facet normal 0.986539 -0.163525 0
    outer loop
      vertex -44.1955 -27.2881 0.799999
      vertex -44.1773 -27.1783 -1.6
      vertex -44.1773 -27.1783 0.799999
    endloop
  endfacet
  facet normal 0.986539 -0.163525 0
    outer loop
      vertex -44.1773 -27.1783 -1.6
      vertex -44.1955 -27.2881 0.799999
      vertex -44.1955 -27.2881 -1.6
    endloop
  endfacet
  facet normal -0.986539 0.163525 0
    outer loop
      vertex -40.8427 -27.8417 0
      vertex -40.8245 -27.7319 0.799999
      vertex -40.8245 -27.7319 0
    endloop
  endfacet
  facet normal -0.986539 0.163525 0
    outer loop
      vertex -40.8245 -27.7319 0.799999
      vertex -40.8427 -27.8417 0
      vertex -40.8427 -27.8417 0.799999
    endloop
  endfacet
  facet normal 0.0979904 -0.995187 0
    outer loop
      vertex -42.7319 -25.8245 0
      vertex -42.6212 -25.8136 0.799999
      vertex -42.7319 -25.8245 0.799999
    endloop
  endfacet
  facet normal 0.0979904 -0.995187 0
    outer loop
      vertex -42.6212 -25.8136 0.799999
      vertex -42.7319 -25.8245 0
      vertex -42.6212 -25.8136 0
    endloop
  endfacet
  facet normal 0.412719 -0.910859 0
    outer loop
      vertex -43.2619 -25.9853 0
      vertex -43.1606 -25.9394 0.799999
      vertex -43.2619 -25.9853 0.799999
    endloop
  endfacet
  facet normal 0.412719 -0.910859 0
    outer loop
      vertex -43.1606 -25.9394 0.799999
      vertex -43.2619 -25.9853 0
      vertex -43.1606 -25.9394 0
    endloop
  endfacet
  facet normal -0.84946 0.527654 0
    outer loop
      vertex -41.0965 -28.4545 0
      vertex -41.0378 -28.36 0.799999
      vertex -41.0378 -28.36 0
    endloop
  endfacet
  facet normal -0.84946 0.527654 0
    outer loop
      vertex -41.0378 -28.36 0.799999
      vertex -41.0965 -28.4545 0
      vertex -41.0965 -28.4545 0.799999
    endloop
  endfacet
  facet normal 0.956881 -0.290482 0
    outer loop
      vertex -44.1521 -27.07 0.799999
      vertex -44.1198 -26.9636 -1.6
      vertex -44.1198 -26.9636 0.799999
    endloop
  endfacet
  facet normal 0.956881 -0.290482 0
    outer loop
      vertex -44.1198 -26.9636 -1.6
      vertex -44.1521 -27.07 0.799999
      vertex -44.1521 -27.07 -1.6
    endloop
  endfacet
  facet normal -0.634509 -0.772915 0
    outer loop
      vertex -41.4751 -26.1613 0
      vertex -41.3891 -26.2319 0.799999
      vertex -41.4751 -26.1613 0.799999
    endloop
  endfacet
  facet normal -0.634509 -0.772915 -0
    outer loop
      vertex -41.3891 -26.2319 0.799999
      vertex -41.4751 -26.1613 0
      vertex -41.3891 -26.2319 0
    endloop
  endfacet
  facet normal -0.81276 0.582598 0
    outer loop
      vertex -41.1613 -28.5449 0
      vertex -41.0965 -28.4545 0.799999
      vertex -41.0965 -28.4545 0
    endloop
  endfacet
  facet normal -0.81276 0.582598 0
    outer loop
      vertex -41.0965 -28.4545 0.799999
      vertex -41.1613 -28.5449 0
      vertex -41.1613 -28.5449 0.799999
    endloop
  endfacet
  facet normal -0.582598 -0.81276 0
    outer loop
      vertex -41.5655 -26.0965 0
      vertex -41.4751 -26.1613 0.799999
      vertex -41.5655 -26.0965 0.799999
    endloop
  endfacet
  facet normal -0.582598 -0.81276 -0
    outer loop
      vertex -41.4751 -26.1613 0.799999
      vertex -41.5655 -26.0965 0
      vertex -41.4751 -26.1613 0
    endloop
  endfacet
  facet normal -0.290482 -0.956881 0
    outer loop
      vertex -42.07 -25.8679 0
      vertex -41.9636 -25.9002 0.799999
      vertex -42.07 -25.8679 0.799999
    endloop
  endfacet
  facet normal -0.290482 -0.956881 -0
    outer loop
      vertex -41.9636 -25.9002 0.799999
      vertex -42.07 -25.8679 0
      vertex -41.9636 -25.9002 0
    endloop
  endfacet
  facet normal -0.412719 0.910859 0
    outer loop
      vertex -41.7581 -29.0347 -1.6
      vertex -41.8594 -29.0806 0.799999
      vertex -41.7581 -29.0347 0.799999
    endloop
  endfacet
  facet normal -0.412719 0.910859 0
    outer loop
      vertex -41.8594 -29.0806 0.799999
      vertex -41.7581 -29.0347 -1.6
      vertex -41.8594 -29.0806 -1.6
    endloop
  endfacet
  facet normal -0.352108 0.93596 0
    outer loop
      vertex -41.8594 -29.0806 -1.6
      vertex -41.9636 -29.1198 0.799999
      vertex -41.8594 -29.0806 0.799999
    endloop
  endfacet
  facet normal -0.352108 0.93596 0
    outer loop
      vertex -41.9636 -29.1198 0.799999
      vertex -41.8594 -29.0806 -1.6
      vertex -41.9636 -29.1198 -1.6
    endloop
  endfacet
  facet normal 0.81276 0.582598 0
    outer loop
      vertex -43.8587 -28.5449 0.799999
      vertex -43.9235 -28.4545 -1.6
      vertex -43.9235 -28.4545 0.799999
    endloop
  endfacet
  facet normal 0.81276 0.582598 0
    outer loop
      vertex -43.9235 -28.4545 -1.6
      vertex -43.8587 -28.5449 0.799999
      vertex -43.8587 -28.5449 -1.6
    endloop
  endfacet
  facet normal 0.986539 0.163525 0
    outer loop
      vertex -44.1773 -27.8417 0.799999
      vertex -44.1955 -27.7319 -1.6
      vertex -44.1955 -27.7319 0.799999
    endloop
  endfacet
  facet normal 0.986539 0.163525 0
    outer loop
      vertex -44.1955 -27.7319 -1.6
      vertex -44.1773 -27.8417 0.799999
      vertex -44.1773 -27.8417 -1.6
    endloop
  endfacet
  facet normal -0.93596 0.352108 0
    outer loop
      vertex -40.9394 -28.1606 0
      vertex -40.9002 -28.0564 0.799999
      vertex -40.9002 -28.0564 0
    endloop
  endfacet
  facet normal -0.93596 0.352108 0
    outer loop
      vertex -40.9002 -28.0564 0.799999
      vertex -40.9394 -28.1606 0
      vertex -40.9394 -28.1606 0.799999
    endloop
  endfacet
  facet normal -0.772915 -0.634509 0
    outer loop
      vertex -41.1613 -26.4751 0
      vertex -41.2319 -26.3891 0.799999
      vertex -41.2319 -26.3891 0
    endloop
  endfacet
  facet normal -0.772915 -0.634509 0
    outer loop
      vertex -41.2319 -26.3891 0.799999
      vertex -41.1613 -26.4751 0
      vertex -41.1613 -26.4751 0.799999
    endloop
  endfacet
  facet normal -0.730098 -0.683343 0
    outer loop
      vertex -41.2319 -26.3891 0
      vertex -41.3079 -26.3079 0.799999
      vertex -41.3079 -26.3079 0
    endloop
  endfacet
  facet normal -0.730098 -0.683343 0
    outer loop
      vertex -41.3079 -26.3079 0.799999
      vertex -41.2319 -26.3891 0
      vertex -41.2319 -26.3891 0.799999
    endloop
  endfacet
  facet normal 0.88168 0.471847 0
    outer loop
      vertex -43.9822 -28.36 0.799999
      vertex -44.0347 -28.2619 -1.6
      vertex -44.0347 -28.2619 0.799999
    endloop
  endfacet
  facet normal 0.88168 0.471847 0
    outer loop
      vertex -44.0347 -28.2619 -1.6
      vertex -43.9822 -28.36 0.799999
      vertex -43.9822 -28.36 -1.6
    endloop
  endfacet
  facet normal -0.81276 -0.582598 0
    outer loop
      vertex -41.0965 -26.5655 0
      vertex -41.1613 -26.4751 0.799999
      vertex -41.1613 -26.4751 0
    endloop
  endfacet
  facet normal -0.81276 -0.582598 0
    outer loop
      vertex -41.1613 -26.4751 0.799999
      vertex -41.0965 -26.5655 0
      vertex -41.0965 -26.5655 0.799999
    endloop
  endfacet
  facet normal 0.93596 0.352108 0
    outer loop
      vertex -44.0806 -28.1606 0.799999
      vertex -44.1198 -28.0564 -1.6
      vertex -44.1198 -28.0564 0.799999
    endloop
  endfacet
  facet normal 0.93596 0.352108 0
    outer loop
      vertex -44.1198 -28.0564 -1.6
      vertex -44.0806 -28.1606 0.799999
      vertex -44.0806 -28.1606 -1.6
    endloop
  endfacet
  facet normal 0.634509 -0.772915 0
    outer loop
      vertex -43.6309 -26.2319 0
      vertex -43.5449 -26.1613 0.799999
      vertex -43.6309 -26.2319 0.799999
    endloop
  endfacet
  facet normal 0.634509 -0.772915 0
    outer loop
      vertex -43.5449 -26.1613 0.799999
      vertex -43.6309 -26.2319 0
      vertex -43.5449 -26.1613 0
    endloop
  endfacet
  facet normal -0.0323571 -0.999476 0
    outer loop
      vertex -42.51 -25.81 0
      vertex -42.3988 -25.8136 0.799999
      vertex -42.51 -25.81 0.799999
    endloop
  endfacet
  facet normal -0.0323571 -0.999476 -0
    outer loop
      vertex -42.3988 -25.8136 0.799999
      vertex -42.51 -25.81 0
      vertex -42.3988 -25.8136 0
    endloop
  endfacet
  facet normal 0.772915 -0.634509 0
    outer loop
      vertex -43.8587 -26.4751 0.799999
      vertex -43.7881 -26.3891 -1.6
      vertex -43.7881 -26.3891 0.799999
    endloop
  endfacet
  facet normal 0.772915 -0.634509 0
    outer loop
      vertex -43.7881 -26.3891 -1.6
      vertex -43.8587 -26.4751 0.799999
      vertex -43.8587 -26.4751 -1.6
    endloop
  endfacet
  facet normal 0.772915 0.634509 0
    outer loop
      vertex -43.7881 -28.6309 0.799999
      vertex -43.8587 -28.5449 -1.6
      vertex -43.8587 -28.5449 0.799999
    endloop
  endfacet
  facet normal 0.772915 0.634509 0
    outer loop
      vertex -43.8587 -28.5449 -1.6
      vertex -43.7881 -28.6309 0.799999
      vertex -43.7881 -28.6309 -1.6
    endloop
  endfacet
  facet normal 0.226633 0.97398 -0
    outer loop
      vertex -42.8417 -29.1773 -1.6
      vertex -42.95 -29.1521 0.799999
      vertex -42.8417 -29.1773 0.799999
    endloop
  endfacet
  facet normal 0.226633 0.97398 0
    outer loop
      vertex -42.95 -29.1521 0.799999
      vertex -42.8417 -29.1773 -1.6
      vertex -42.95 -29.1521 -1.6
    endloop
  endfacet
  facet normal -0.471847 -0.88168 0
    outer loop
      vertex -41.7581 -25.9853 0
      vertex -41.66 -26.0378 0.799999
      vertex -41.7581 -25.9853 0.799999
    endloop
  endfacet
  facet normal -0.471847 -0.88168 -0
    outer loop
      vertex -41.66 -26.0378 0.799999
      vertex -41.7581 -25.9853 0
      vertex -41.66 -26.0378 0
    endloop
  endfacet
  facet normal 0.471847 0.88168 -0
    outer loop
      vertex -43.2619 -29.0347 -1.6
      vertex -43.36 -28.9822 0.799999
      vertex -43.2619 -29.0347 0.799999
    endloop
  endfacet
  facet normal 0.471847 0.88168 0
    outer loop
      vertex -43.36 -28.9822 0.799999
      vertex -43.2619 -29.0347 -1.6
      vertex -43.36 -28.9822 -1.6
    endloop
  endfacet
  facet normal 0.730098 0.683343 0
    outer loop
      vertex -43.7121 -28.7121 0.799999
      vertex -43.7881 -28.6309 -1.6
      vertex -43.7881 -28.6309 0.799999
    endloop
  endfacet
  facet normal 0.730098 0.683343 0
    outer loop
      vertex -43.7881 -28.6309 -1.6
      vertex -43.7121 -28.7121 0.799999
      vertex -43.7121 -28.7121 -1.6
    endloop
  endfacet
  facet normal 0.290482 0.956881 -0
    outer loop
      vertex -42.95 -29.1521 -1.6
      vertex -43.0564 -29.1198 0.799999
      vertex -42.95 -29.1521 0.799999
    endloop
  endfacet
  facet normal 0.290482 0.956881 0
    outer loop
      vertex -43.0564 -29.1198 0.799999
      vertex -42.95 -29.1521 -1.6
      vertex -43.0564 -29.1198 -1.6
    endloop
  endfacet
  facet normal -0.730854 0.682533 0
    outer loop
      vertex -41.2966 -28.7 -1.6
      vertex -41.3079 -28.7121 -1.6
      vertex -41.2966 -28.7 0
    endloop
  endfacet
  facet normal -0.729965 0.683484 0
    outer loop
      vertex -41.2966 -28.7 0
      vertex -41.2319 -28.6309 0.799999
      vertex -41.2319 -28.6309 0
    endloop
  endfacet
  facet normal -0.730098 0.683343 2.2928e-05
    outer loop
      vertex -41.2966 -28.7 0
      vertex -41.3079 -28.7121 0.799999
      vertex -41.2319 -28.6309 0.799999
    endloop
  endfacet
  facet normal -0.730854 0.682533 0
    outer loop
      vertex -41.3079 -28.7121 0.799999
      vertex -41.2966 -28.7 0
      vertex -41.3079 -28.7121 -1.6
    endloop
  endfacet
  facet normal -0.471847 0.88168 0
    outer loop
      vertex -41.66 -28.9822 -1.6
      vertex -41.7581 -29.0347 0.799999
      vertex -41.66 -28.9822 0.799999
    endloop
  endfacet
  facet normal -0.471847 0.88168 0
    outer loop
      vertex -41.7581 -29.0347 0.799999
      vertex -41.66 -28.9822 -1.6
      vertex -41.7581 -29.0347 -1.6
    endloop
  endfacet
  facet normal 0.84946 0.527654 0
    outer loop
      vertex -43.9235 -28.4545 0.799999
      vertex -43.9822 -28.36 -1.6
      vertex -43.9822 -28.36 0.799999
    endloop
  endfacet
  facet normal 0.84946 0.527654 0
    outer loop
      vertex -43.9822 -28.36 -1.6
      vertex -43.9235 -28.4545 0.799999
      vertex -43.9235 -28.4545 -1.6
    endloop
  endfacet
  facet normal 0.999476 -0.0323571 0
    outer loop
      vertex -44.21 -27.51 0.799999
      vertex -44.2064 -27.3988 -1.6
      vertex -44.2064 -27.3988 0.799999
    endloop
  endfacet
  facet normal 0.999476 -0.0323571 0
    outer loop
      vertex -44.2064 -27.3988 -1.6
      vertex -44.21 -27.51 0.799999
      vertex -44.21 -27.51 -1.6
    endloop
  endfacet
  facet normal 0.999476 0.0323571 0
    outer loop
      vertex -44.2064 -27.6212 0.799999
      vertex -44.21 -27.51 -1.6
      vertex -44.21 -27.51 0.799999
    endloop
  endfacet
  facet normal 0.999476 0.0323571 0
    outer loop
      vertex -44.21 -27.51 -1.6
      vertex -44.2064 -27.6212 0.799999
      vertex -44.2064 -27.6212 -1.6
    endloop
  endfacet
  facet normal 0.956881 0.290482 0
    outer loop
      vertex -44.1198 -28.0564 0.799999
      vertex -44.1521 -27.95 -1.6
      vertex -44.1521 -27.95 0.799999
    endloop
  endfacet
  facet normal 0.956881 0.290482 0
    outer loop
      vertex -44.1521 -27.95 -1.6
      vertex -44.1198 -28.0564 0.799999
      vertex -44.1198 -28.0564 -1.6
    endloop
  endfacet
  facet normal 0.634509 0.772915 -0
    outer loop
      vertex -43.5449 -28.8587 -1.6
      vertex -43.6309 -28.7881 0.799999
      vertex -43.5449 -28.8587 0.799999
    endloop
  endfacet
  facet normal 0.634509 0.772915 0
    outer loop
      vertex -43.6309 -28.7881 0.799999
      vertex -43.5449 -28.8587 -1.6
      vertex -43.6309 -28.7881 -1.6
    endloop
  endfacet
  facet normal 0.582598 0.81276 -0
    outer loop
      vertex -43.4545 -28.9235 -1.6
      vertex -43.5449 -28.8587 0.799999
      vertex -43.4545 -28.9235 0.799999
    endloop
  endfacet
  facet normal 0.582598 0.81276 0
    outer loop
      vertex -43.5449 -28.8587 0.799999
      vertex -43.4545 -28.9235 -1.6
      vertex -43.5449 -28.8587 -1.6
    endloop
  endfacet
  facet normal -0.995187 -0.0979904 0
    outer loop
      vertex -40.8136 27.6212 0
      vertex -40.8245 27.7319 0.799999
      vertex -40.8245 27.7319 0
    endloop
  endfacet
  facet normal -0.995187 -0.0979904 0
    outer loop
      vertex -40.8245 27.7319 0.799999
      vertex -40.8136 27.6212 0
      vertex -40.8136 27.6212 0.799999
    endloop
  endfacet
  facet normal -0.999476 -0.0323571 0
    outer loop
      vertex -40.81 27.51 0
      vertex -40.8136 27.6212 0.799999
      vertex -40.8136 27.6212 0
    endloop
  endfacet
  facet normal -0.999476 -0.0323571 0
    outer loop
      vertex -40.8136 27.6212 0.799999
      vertex -40.81 27.51 0
      vertex -40.81 27.51 0.799999
    endloop
  endfacet
  facet normal -0.956881 0.290482 0
    outer loop
      vertex -40.9002 26.9636 0
      vertex -40.8679 27.07 0.799999
      vertex -40.8679 27.07 0
    endloop
  endfacet
  facet normal -0.956881 0.290482 0
    outer loop
      vertex -40.8679 27.07 0.799999
      vertex -40.9002 26.9636 0
      vertex -40.9002 26.9636 0.799999
    endloop
  endfacet
  facet normal -0.97398 -0.226633 0
    outer loop
      vertex -40.8427 27.8417 0
      vertex -40.8679 27.95 0.799999
      vertex -40.8679 27.95 0
    endloop
  endfacet
  facet normal -0.97398 -0.226633 0
    outer loop
      vertex -40.8679 27.95 0.799999
      vertex -40.8427 27.8417 0
      vertex -40.8427 27.8417 0.799999
    endloop
  endfacet
  facet normal 0.226633 -0.97398 0
    outer loop
      vertex -42.95 29.1521 -1.6
      vertex -42.8417 29.1773 0.799999
      vertex -42.95 29.1521 0.799999
    endloop
  endfacet
  facet normal 0.226633 -0.97398 0
    outer loop
      vertex -42.8417 29.1773 0.799999
      vertex -42.95 29.1521 -1.6
      vertex -42.8417 29.1773 -1.6
    endloop
  endfacet
  facet normal -0.910859 0.412719 0
    outer loop
      vertex -40.9853 26.7581 0
      vertex -40.9394 26.8594 0.799999
      vertex -40.9394 26.8594 0
    endloop
  endfacet
  facet normal -0.910859 0.412719 0
    outer loop
      vertex -40.9394 26.8594 0.799999
      vertex -40.9853 26.7581 0
      vertex -40.9853 26.7581 0.799999
    endloop
  endfacet
  facet normal -0.412719 0.910859 0
    outer loop
      vertex -41.7581 25.9853 0
      vertex -41.8594 25.9394 0.799999
      vertex -41.7581 25.9853 0.799999
    endloop
  endfacet
  facet normal -0.412719 0.910859 0
    outer loop
      vertex -41.8594 25.9394 0.799999
      vertex -41.7581 25.9853 0
      vertex -41.8594 25.9394 0
    endloop
  endfacet
  facet normal -0.84946 -0.527654 0
    outer loop
      vertex -41.0378 28.36 0
      vertex -41.0965 28.4545 0.799999
      vertex -41.0965 28.4545 0
    endloop
  endfacet
  facet normal -0.84946 -0.527654 0
    outer loop
      vertex -41.0965 28.4545 0.799999
      vertex -41.0378 28.36 0
      vertex -41.0378 28.36 0.799999
    endloop
  endfacet
  facet normal -0.471847 -0.88168 0
    outer loop
      vertex -41.7581 29.0347 -1.6
      vertex -41.66 28.9822 0.799999
      vertex -41.7581 29.0347 0.799999
    endloop
  endfacet
  facet normal -0.471847 -0.88168 -0
    outer loop
      vertex -41.66 28.9822 0.799999
      vertex -41.7581 29.0347 -1.6
      vertex -41.66 28.9822 -1.6
    endloop
  endfacet
  facet normal -0.956881 -0.290482 0
    outer loop
      vertex -40.8679 27.95 0
      vertex -40.9002 28.0564 0.799999
      vertex -40.9002 28.0564 0
    endloop
  endfacet
  facet normal -0.956881 -0.290482 0
    outer loop
      vertex -40.9002 28.0564 0.799999
      vertex -40.8679 27.95 0
      vertex -40.8679 27.95 0.799999
    endloop
  endfacet
  facet normal 0.0979904 -0.995187 0
    outer loop
      vertex -42.7319 29.1955 -1.6
      vertex -42.6212 29.2064 0.799999
      vertex -42.7319 29.1955 0.799999
    endloop
  endfacet
  facet normal 0.0979904 -0.995187 0
    outer loop
      vertex -42.6212 29.2064 0.799999
      vertex -42.7319 29.1955 -1.6
      vertex -42.6212 29.2064 -1.6
    endloop
  endfacet
  facet normal -0.226633 0.97398 0
    outer loop
      vertex -42.07 25.8679 0
      vertex -42.1783 25.8427 0.799999
      vertex -42.07 25.8679 0.799999
    endloop
  endfacet
  facet normal -0.226633 0.97398 0
    outer loop
      vertex -42.1783 25.8427 0.799999
      vertex -42.07 25.8679 0
      vertex -42.1783 25.8427 0
    endloop
  endfacet
  facet normal 0.995187 -0.0979904 0
    outer loop
      vertex -44.2064 27.6212 0.799999
      vertex -44.1955 27.7319 -1.6
      vertex -44.1955 27.7319 0.799999
    endloop
  endfacet
  facet normal 0.995187 -0.0979904 0
    outer loop
      vertex -44.1955 27.7319 -1.6
      vertex -44.2064 27.6212 0.799999
      vertex -44.2064 27.6212 -1.6
    endloop
  endfacet
  facet normal -0.290482 0.956881 0
    outer loop
      vertex -41.9636 25.9002 0
      vertex -42.07 25.8679 0.799999
      vertex -41.9636 25.9002 0.799999
    endloop
  endfacet
  facet normal -0.290482 0.956881 0
    outer loop
      vertex -42.07 25.8679 0.799999
      vertex -41.9636 25.9002 0
      vertex -42.07 25.8679 0
    endloop
  endfacet
  facet normal -0.986539 -0.163525 0
    outer loop
      vertex -40.8245 27.7319 0
      vertex -40.8427 27.8417 0.799999
      vertex -40.8427 27.8417 0
    endloop
  endfacet
  facet normal -0.986539 -0.163525 0
    outer loop
      vertex -40.8427 27.8417 0.799999
      vertex -40.8245 27.7319 0
      vertex -40.8245 27.7319 0.799999
    endloop
  endfacet
  facet normal -0.986539 0.163525 0
    outer loop
      vertex -40.8427 27.1783 0
      vertex -40.8245 27.2881 0.799999
      vertex -40.8245 27.2881 0
    endloop
  endfacet
  facet normal -0.986539 0.163525 0
    outer loop
      vertex -40.8245 27.2881 0.799999
      vertex -40.8427 27.1783 0
      vertex -40.8427 27.1783 0.799999
    endloop
  endfacet
  facet normal 0.772915 -0.634509 0
    outer loop
      vertex -43.8587 28.5449 0.799999
      vertex -43.7881 28.6309 -1.6
      vertex -43.7881 28.6309 0.799999
    endloop
  endfacet
  facet normal 0.772915 -0.634509 0
    outer loop
      vertex -43.7881 28.6309 -1.6
      vertex -43.8587 28.5449 0.799999
      vertex -43.8587 28.5449 -1.6
    endloop
  endfacet
  facet normal 0.412719 -0.910859 0
    outer loop
      vertex -43.2619 29.0347 -1.6
      vertex -43.1606 29.0806 0.799999
      vertex -43.2619 29.0347 0.799999
    endloop
  endfacet
  facet normal 0.412719 -0.910859 0
    outer loop
      vertex -43.1606 29.0806 0.799999
      vertex -43.2619 29.0347 -1.6
      vertex -43.1606 29.0806 -1.6
    endloop
  endfacet
  facet normal -0.352108 0.93596 0
    outer loop
      vertex -41.8594 25.9394 0
      vertex -41.9636 25.9002 0.799999
      vertex -41.8594 25.9394 0.799999
    endloop
  endfacet
  facet normal -0.352108 0.93596 0
    outer loop
      vertex -41.9636 25.9002 0.799999
      vertex -41.8594 25.9394 0
      vertex -41.9636 25.9002 0
    endloop
  endfacet
  facet normal 0.683343 -0.730098 0
    outer loop
      vertex -43.7121 28.7121 -1.6
      vertex -43.6309 28.7881 0.799999
      vertex -43.7121 28.7121 0.799999
    endloop
  endfacet
  facet normal 0.683343 -0.730098 0
    outer loop
      vertex -43.6309 28.7881 0.799999
      vertex -43.7121 28.7121 -1.6
      vertex -43.6309 28.7881 -1.6
    endloop
  endfacet
  facet normal 0.910859 -0.412719 0
    outer loop
      vertex -44.0806 28.1606 0.799999
      vertex -44.0347 28.2619 -1.6
      vertex -44.0347 28.2619 0.799999
    endloop
  endfacet
  facet normal 0.910859 -0.412719 0
    outer loop
      vertex -44.0347 28.2619 -1.6
      vertex -44.0806 28.1606 0.799999
      vertex -44.0806 28.1606 -1.6
    endloop
  endfacet
  facet normal -0.527654 -0.84946 0
    outer loop
      vertex -41.66 28.9822 -1.6
      vertex -41.5655 28.9235 0.799999
      vertex -41.66 28.9822 0.799999
    endloop
  endfacet
  facet normal -0.527654 -0.84946 -0
    outer loop
      vertex -41.5655 28.9235 0.799999
      vertex -41.66 28.9822 -1.6
      vertex -41.5655 28.9235 -1.6
    endloop
  endfacet
  facet normal -0.527654 0.84946 0
    outer loop
      vertex -41.5655 26.0965 0
      vertex -41.66 26.0378 0.799999
      vertex -41.5655 26.0965 0.799999
    endloop
  endfacet
  facet normal -0.527654 0.84946 0
    outer loop
      vertex -41.66 26.0378 0.799999
      vertex -41.5655 26.0965 0
      vertex -41.66 26.0378 0
    endloop
  endfacet
  facet normal 0.527654 -0.84946 0
    outer loop
      vertex -43.4545 28.9235 -1.6
      vertex -43.36 28.9822 0.799999
      vertex -43.4545 28.9235 0.799999
    endloop
  endfacet
  facet normal 0.527654 -0.84946 0
    outer loop
      vertex -43.36 28.9822 0.799999
      vertex -43.4545 28.9235 -1.6
      vertex -43.36 28.9822 -1.6
    endloop
  endfacet
  facet normal -0.93596 -0.352108 0
    outer loop
      vertex -40.9002 28.0564 0
      vertex -40.9394 28.1606 0.799999
      vertex -40.9394 28.1606 0
    endloop
  endfacet
  facet normal -0.93596 -0.352108 0
    outer loop
      vertex -40.9394 28.1606 0.799999
      vertex -40.9002 28.0564 0
      vertex -40.9002 28.0564 0.799999
    endloop
  endfacet
  facet normal -0.471847 0.88168 0
    outer loop
      vertex -41.66 26.0378 0
      vertex -41.7581 25.9853 0.799999
      vertex -41.66 26.0378 0.799999
    endloop
  endfacet
  facet normal -0.471847 0.88168 0
    outer loop
      vertex -41.7581 25.9853 0.799999
      vertex -41.66 26.0378 0
      vertex -41.7581 25.9853 0
    endloop
  endfacet
  facet normal -0.0323571 0.999476 0
    outer loop
      vertex -42.3988 25.8136 0
      vertex -42.51 25.81 0.799999
      vertex -42.3988 25.8136 0.799999
    endloop
  endfacet
  facet normal -0.0323571 0.999476 0
    outer loop
      vertex -42.51 25.81 0.799999
      vertex -42.3988 25.8136 0
      vertex -42.51 25.81 0
    endloop
  endfacet
  facet normal 0.84946 -0.527654 0
    outer loop
      vertex -43.9822 28.36 0.799999
      vertex -43.9235 28.4545 -1.6
      vertex -43.9235 28.4545 0.799999
    endloop
  endfacet
  facet normal 0.84946 -0.527654 0
    outer loop
      vertex -43.9235 28.4545 -1.6
      vertex -43.9822 28.36 0.799999
      vertex -43.9822 28.36 -1.6
    endloop
  endfacet
  facet normal 0.226633 0.97398 -0
    outer loop
      vertex -42.8417 25.8427 0
      vertex -42.95 25.8679 0.799999
      vertex -42.8417 25.8427 0.799999
    endloop
  endfacet
  facet normal 0.226633 0.97398 0
    outer loop
      vertex -42.95 25.8679 0.799999
      vertex -42.8417 25.8427 0
      vertex -42.95 25.8679 0
    endloop
  endfacet
  facet normal -0.995187 0.0979904 0
    outer loop
      vertex -40.8245 27.2881 0
      vertex -40.8136 27.3988 0.799999
      vertex -40.8136 27.3988 0
    endloop
  endfacet
  facet normal -0.995187 0.0979904 0
    outer loop
      vertex -40.8136 27.3988 0.799999
      vertex -40.8245 27.2881 0
      vertex -40.8245 27.2881 0.799999
    endloop
  endfacet
  facet normal -0.0979904 0.995187 0
    outer loop
      vertex -42.2881 25.8245 0
      vertex -42.3988 25.8136 0.799999
      vertex -42.2881 25.8245 0.799999
    endloop
  endfacet
  facet normal -0.0979904 0.995187 0
    outer loop
      vertex -42.3988 25.8136 0.799999
      vertex -42.2881 25.8245 0
      vertex -42.3988 25.8136 0
    endloop
  endfacet
  facet normal -0.582598 -0.81276 0
    outer loop
      vertex -41.5655 28.9235 -1.6
      vertex -41.4751 28.8587 0.799999
      vertex -41.5655 28.9235 0.799999
    endloop
  endfacet
  facet normal -0.582598 -0.81276 -0
    outer loop
      vertex -41.4751 28.8587 0.799999
      vertex -41.5655 28.9235 -1.6
      vertex -41.4751 28.8587 -1.6
    endloop
  endfacet
  facet normal 0.81276 -0.582598 0
    outer loop
      vertex -43.9235 28.4545 0.799999
      vertex -43.8587 28.5449 -1.6
      vertex -43.8587 28.5449 0.799999
    endloop
  endfacet
  facet normal 0.81276 -0.582598 0
    outer loop
      vertex -43.8587 28.5449 -1.6
      vertex -43.9235 28.4545 0.799999
      vertex -43.9235 28.4545 -1.6
    endloop
  endfacet
  facet normal -0.163525 0.986539 0
    outer loop
      vertex -42.1783 25.8427 0
      vertex -42.2881 25.8245 0.799999
      vertex -42.1783 25.8427 0.799999
    endloop
  endfacet
  facet normal -0.163525 0.986539 0
    outer loop
      vertex -42.2881 25.8245 0.799999
      vertex -42.1783 25.8427 0
      vertex -42.2881 25.8245 0
    endloop
  endfacet
  facet normal -0.290482 -0.956881 0
    outer loop
      vertex -42.07 29.1521 -1.6
      vertex -41.9636 29.1198 0.799999
      vertex -42.07 29.1521 0.799999
    endloop
  endfacet
  facet normal -0.290482 -0.956881 -0
    outer loop
      vertex -41.9636 29.1198 0.799999
      vertex -42.07 29.1521 -1.6
      vertex -41.9636 29.1198 -1.6
    endloop
  endfacet
  facet normal 0.93596 -0.352108 0
    outer loop
      vertex -44.1198 28.0564 0.799999
      vertex -44.0806 28.1606 -1.6
      vertex -44.0806 28.1606 0.799999
    endloop
  endfacet
  facet normal 0.93596 -0.352108 0
    outer loop
      vertex -44.0806 28.1606 -1.6
      vertex -44.1198 28.0564 0.799999
      vertex -44.1198 28.0564 -1.6
    endloop
  endfacet
  facet normal 0.81276 0.582598 0
    outer loop
      vertex -43.8587 26.4751 0.799999
      vertex -43.9235 26.5655 -1.6
      vertex -43.9235 26.5655 0.799999
    endloop
  endfacet
  facet normal 0.81276 0.582598 0
    outer loop
      vertex -43.9235 26.5655 -1.6
      vertex -43.8587 26.4751 0.799999
      vertex -43.8587 26.4751 -1.6
    endloop
  endfacet
  facet normal -0.683343 -0.730098 0
    outer loop
      vertex -41.3891 28.7881 -1.6
      vertex -41.3079 28.7121 0.799999
      vertex -41.3891 28.7881 0.799999
    endloop
  endfacet
  facet normal -0.683343 -0.730098 -0
    outer loop
      vertex -41.3079 28.7121 0.799999
      vertex -41.3891 28.7881 -1.6
      vertex -41.3079 28.7121 -1.6
    endloop
  endfacet
  facet normal 0.412719 0.910859 -0
    outer loop
      vertex -43.1606 25.9394 0
      vertex -43.2619 25.9853 0.799999
      vertex -43.1606 25.9394 0.799999
    endloop
  endfacet
  facet normal 0.412719 0.910859 0
    outer loop
      vertex -43.2619 25.9853 0.799999
      vertex -43.1606 25.9394 0
      vertex -43.2619 25.9853 0
    endloop
  endfacet
  facet normal 0.999476 -0.0323571 0
    outer loop
      vertex -44.21 27.51 0.799999
      vertex -44.2064 27.6212 -1.6
      vertex -44.2064 27.6212 0.799999
    endloop
  endfacet
  facet normal 0.999476 -0.0323571 0
    outer loop
      vertex -44.2064 27.6212 -1.6
      vertex -44.21 27.51 0.799999
      vertex -44.21 27.51 -1.6
    endloop
  endfacet
  facet normal 0.163525 -0.986539 0
    outer loop
      vertex -42.8417 29.1773 -1.6
      vertex -42.7319 29.1955 0.799999
      vertex -42.8417 29.1773 0.799999
    endloop
  endfacet
  facet normal 0.163525 -0.986539 0
    outer loop
      vertex -42.7319 29.1955 0.799999
      vertex -42.8417 29.1773 -1.6
      vertex -42.7319 29.1955 -1.6
    endloop
  endfacet
  facet normal -0.352108 -0.93596 0
    outer loop
      vertex -41.9636 29.1198 -1.6
      vertex -41.8594 29.0806 0.799999
      vertex -41.9636 29.1198 0.799999
    endloop
  endfacet
  facet normal -0.352108 -0.93596 -0
    outer loop
      vertex -41.8594 29.0806 0.799999
      vertex -41.9636 29.1198 -1.6
      vertex -41.8594 29.0806 -1.6
    endloop
  endfacet
  facet normal 0.352108 -0.93596 0
    outer loop
      vertex -43.1606 29.0806 -1.6
      vertex -43.0564 29.1198 0.799999
      vertex -43.1606 29.0806 0.799999
    endloop
  endfacet
  facet normal 0.352108 -0.93596 0
    outer loop
      vertex -43.0564 29.1198 0.799999
      vertex -43.1606 29.0806 -1.6
      vertex -43.0564 29.1198 -1.6
    endloop
  endfacet
  facet normal -0.88168 -0.471847 0
    outer loop
      vertex -40.9853 28.2619 0
      vertex -41.0378 28.36 0.799999
      vertex -41.0378 28.36 0
    endloop
  endfacet
  facet normal -0.88168 -0.471847 0
    outer loop
      vertex -41.0378 28.36 0.799999
      vertex -40.9853 28.2619 0
      vertex -40.9853 28.2619 0.799999
    endloop
  endfacet
  facet normal -0.999476 0.0323571 0
    outer loop
      vertex -40.8136 27.3988 0
      vertex -40.81 27.51 0.799999
      vertex -40.81 27.51 0
    endloop
  endfacet
  facet normal -0.999476 0.0323571 0
    outer loop
      vertex -40.81 27.51 0.799999
      vertex -40.8136 27.3988 0
      vertex -40.8136 27.3988 0.799999
    endloop
  endfacet
  facet normal -0.163525 -0.986539 0
    outer loop
      vertex -42.2881 29.1955 -1.6
      vertex -42.1783 29.1773 0.799999
      vertex -42.2881 29.1955 0.799999
    endloop
  endfacet
  facet normal -0.163525 -0.986539 -0
    outer loop
      vertex -42.1783 29.1773 0.799999
      vertex -42.2881 29.1955 -1.6
      vertex -42.1783 29.1773 -1.6
    endloop
  endfacet
  facet normal -0.910859 -0.412719 0
    outer loop
      vertex -40.9394 28.1606 0
      vertex -40.9853 28.2619 0.799999
      vertex -40.9853 28.2619 0
    endloop
  endfacet
  facet normal -0.910859 -0.412719 0
    outer loop
      vertex -40.9853 28.2619 0.799999
      vertex -40.9394 28.1606 0
      vertex -40.9394 28.1606 0.799999
    endloop
  endfacet
  facet normal 0.730098 -0.683343 0
    outer loop
      vertex -43.7881 28.6309 0.799999
      vertex -43.7121 28.7121 -1.6
      vertex -43.7121 28.7121 0.799999
    endloop
  endfacet
  facet normal 0.730098 -0.683343 0
    outer loop
      vertex -43.7121 28.7121 -1.6
      vertex -43.7881 28.6309 0.799999
      vertex -43.7881 28.6309 -1.6
    endloop
  endfacet
  facet normal -0.97398 0.226633 0
    outer loop
      vertex -40.8679 27.07 0
      vertex -40.8427 27.1783 0.799999
      vertex -40.8427 27.1783 0
    endloop
  endfacet
  facet normal -0.97398 0.226633 0
    outer loop
      vertex -40.8427 27.1783 0.799999
      vertex -40.8679 27.07 0
      vertex -40.8679 27.07 0.799999
    endloop
  endfacet
  facet normal 0.290482 0.956881 -0
    outer loop
      vertex -42.95 25.8679 0
      vertex -43.0564 25.9002 0.799999
      vertex -42.95 25.8679 0.799999
    endloop
  endfacet
  facet normal 0.290482 0.956881 0
    outer loop
      vertex -43.0564 25.9002 0.799999
      vertex -42.95 25.8679 0
      vertex -43.0564 25.9002 0
    endloop
  endfacet
  facet normal 0.956881 -0.290482 0
    outer loop
      vertex -44.1521 27.95 0.799999
      vertex -44.1198 28.0564 -1.6
      vertex -44.1198 28.0564 0.799999
    endloop
  endfacet
  facet normal 0.956881 -0.290482 0
    outer loop
      vertex -44.1198 28.0564 -1.6
      vertex -44.1521 27.95 0.799999
      vertex -44.1521 27.95 -1.6
    endloop
  endfacet
  facet normal 0.956881 0.290482 0
    outer loop
      vertex -44.1198 26.9636 0.799999
      vertex -44.1521 27.07 -1.6
      vertex -44.1521 27.07 0.799999
    endloop
  endfacet
  facet normal 0.956881 0.290482 0
    outer loop
      vertex -44.1521 27.07 -1.6
      vertex -44.1198 26.9636 0.799999
      vertex -44.1198 26.9636 -1.6
    endloop
  endfacet
  facet normal 0.163525 0.986539 -0
    outer loop
      vertex -42.7319 25.8245 0
      vertex -42.8417 25.8427 0.799999
      vertex -42.7319 25.8245 0.799999
    endloop
  endfacet
  facet normal 0.163525 0.986539 0
    outer loop
      vertex -42.8417 25.8427 0.799999
      vertex -42.7319 25.8245 0
      vertex -42.8417 25.8427 0
    endloop
  endfacet
  facet normal 0.999476 0.0323571 0
    outer loop
      vertex -44.2064 27.3988 0.799999
      vertex -44.21 27.51 -1.6
      vertex -44.21 27.51 0.799999
    endloop
  endfacet
  facet normal 0.999476 0.0323571 0
    outer loop
      vertex -44.21 27.51 -1.6
      vertex -44.2064 27.3988 0.799999
      vertex -44.2064 27.3988 -1.6
    endloop
  endfacet
  facet normal 0.986539 0.163525 0
    outer loop
      vertex -44.1773 27.1783 0.799999
      vertex -44.1955 27.2881 -1.6
      vertex -44.1955 27.2881 0.799999
    endloop
  endfacet
  facet normal 0.986539 0.163525 0
    outer loop
      vertex -44.1955 27.2881 -1.6
      vertex -44.1773 27.1783 0.799999
      vertex -44.1773 27.1783 -1.6
    endloop
  endfacet
  facet normal 0.93596 0.352108 0
    outer loop
      vertex -44.0806 26.8594 0.799999
      vertex -44.1198 26.9636 -1.6
      vertex -44.1198 26.9636 0.799999
    endloop
  endfacet
  facet normal 0.93596 0.352108 0
    outer loop
      vertex -44.1198 26.9636 -1.6
      vertex -44.0806 26.8594 0.799999
      vertex -44.0806 26.8594 -1.6
    endloop
  endfacet
  facet normal -0.81276 -0.582598 0
    outer loop
      vertex -41.0965 28.4545 0
      vertex -41.1613 28.5449 0.799999
      vertex -41.1613 28.5449 0
    endloop
  endfacet
  facet normal -0.81276 -0.582598 0
    outer loop
      vertex -41.1613 28.5449 0.799999
      vertex -41.0965 28.4545 0
      vertex -41.0965 28.4545 0.799999
    endloop
  endfacet
  facet normal -0.634509 -0.772915 0
    outer loop
      vertex -41.4751 28.8587 -1.6
      vertex -41.3891 28.7881 0.799999
      vertex -41.4751 28.8587 0.799999
    endloop
  endfacet
  facet normal -0.634509 -0.772915 -0
    outer loop
      vertex -41.3891 28.7881 0.799999
      vertex -41.4751 28.8587 -1.6
      vertex -41.3891 28.7881 -1.6
    endloop
  endfacet
  facet normal 0.910859 0.412719 0
    outer loop
      vertex -44.0347 26.7581 0.799999
      vertex -44.0806 26.8594 -1.6
      vertex -44.0806 26.8594 0.799999
    endloop
  endfacet
  facet normal 0.910859 0.412719 0
    outer loop
      vertex -44.0806 26.8594 -1.6
      vertex -44.0347 26.7581 0.799999
      vertex -44.0347 26.7581 -1.6
    endloop
  endfacet
  facet normal -0.0323571 -0.999476 0
    outer loop
      vertex -42.51 29.21 -1.6
      vertex -42.3988 29.2064 0.799999
      vertex -42.51 29.21 0.799999
    endloop
  endfacet
  facet normal -0.0323571 -0.999476 -0
    outer loop
      vertex -42.3988 29.2064 0.799999
      vertex -42.51 29.21 -1.6
      vertex -42.3988 29.2064 -1.6
    endloop
  endfacet
  facet normal -0.683343 0.730098 0
    outer loop
      vertex -41.3079 26.3079 0
      vertex -41.3891 26.2319 0.799999
      vertex -41.3079 26.3079 0.799999
    endloop
  endfacet
  facet normal -0.683343 0.730098 0
    outer loop
      vertex -41.3891 26.2319 0.799999
      vertex -41.3079 26.3079 0
      vertex -41.3891 26.2319 0
    endloop
  endfacet
  facet normal 0.84946 0.527654 0
    outer loop
      vertex -43.9235 26.5655 0.799999
      vertex -43.9822 26.66 -1.6
      vertex -43.9822 26.66 0.799999
    endloop
  endfacet
  facet normal 0.84946 0.527654 0
    outer loop
      vertex -43.9822 26.66 -1.6
      vertex -43.9235 26.5655 0.799999
      vertex -43.9235 26.5655 -1.6
    endloop
  endfacet
  facet normal 0.88168 -0.471847 0
    outer loop
      vertex -44.0347 28.2619 0.799999
      vertex -43.9822 28.36 -1.6
      vertex -43.9822 28.36 0.799999
    endloop
  endfacet
  facet normal 0.88168 -0.471847 0
    outer loop
      vertex -43.9822 28.36 -1.6
      vertex -44.0347 28.2619 0.799999
      vertex -44.0347 28.2619 -1.6
    endloop
  endfacet
  facet normal -0.81276 0.582598 0
    outer loop
      vertex -41.1613 26.4751 0
      vertex -41.0965 26.5655 0.799999
      vertex -41.0965 26.5655 0
    endloop
  endfacet
  facet normal -0.81276 0.582598 0
    outer loop
      vertex -41.0965 26.5655 0.799999
      vertex -41.1613 26.4751 0
      vertex -41.1613 26.4751 0.799999
    endloop
  endfacet
  facet normal 0.471847 -0.88168 0
    outer loop
      vertex -43.36 28.9822 -1.6
      vertex -43.2619 29.0347 0.799999
      vertex -43.36 28.9822 0.799999
    endloop
  endfacet
  facet normal 0.471847 -0.88168 0
    outer loop
      vertex -43.2619 29.0347 0.799999
      vertex -43.36 28.9822 -1.6
      vertex -43.2619 29.0347 -1.6
    endloop
  endfacet
  facet normal -0.0979904 -0.995187 0
    outer loop
      vertex -42.3988 29.2064 -1.6
      vertex -42.2881 29.1955 0.799999
      vertex -42.3988 29.2064 0.799999
    endloop
  endfacet
  facet normal -0.0979904 -0.995187 -0
    outer loop
      vertex -42.2881 29.1955 0.799999
      vertex -42.3988 29.2064 -1.6
      vertex -42.2881 29.1955 -1.6
    endloop
  endfacet
  facet normal 0.290482 -0.956881 0
    outer loop
      vertex -43.0564 29.1198 -1.6
      vertex -42.95 29.1521 0.799999
      vertex -43.0564 29.1198 0.799999
    endloop
  endfacet
  facet normal 0.290482 -0.956881 0
    outer loop
      vertex -42.95 29.1521 0.799999
      vertex -43.0564 29.1198 -1.6
      vertex -42.95 29.1521 -1.6
    endloop
  endfacet
  facet normal -0.582598 0.81276 0
    outer loop
      vertex -41.4751 26.1613 0
      vertex -41.5655 26.0965 0.799999
      vertex -41.4751 26.1613 0.799999
    endloop
  endfacet
  facet normal -0.582598 0.81276 0
    outer loop
      vertex -41.5655 26.0965 0.799999
      vertex -41.4751 26.1613 0
      vertex -41.5655 26.0965 0
    endloop
  endfacet
  facet normal -0.226633 -0.97398 0
    outer loop
      vertex -42.1783 29.1773 -1.6
      vertex -42.07 29.1521 0.799999
      vertex -42.1783 29.1773 0.799999
    endloop
  endfacet
  facet normal -0.226633 -0.97398 -0
    outer loop
      vertex -42.07 29.1521 0.799999
      vertex -42.1783 29.1773 -1.6
      vertex -42.07 29.1521 -1.6
    endloop
  endfacet
  facet normal -0.412719 -0.910859 0
    outer loop
      vertex -41.8594 29.0806 -1.6
      vertex -41.7581 29.0347 0.799999
      vertex -41.8594 29.0806 0.799999
    endloop
  endfacet
  facet normal -0.412719 -0.910859 -0
    outer loop
      vertex -41.7581 29.0347 0.799999
      vertex -41.8594 29.0806 -1.6
      vertex -41.7581 29.0347 -1.6
    endloop
  endfacet
  facet normal 0.0323571 -0.999476 0
    outer loop
      vertex -42.6212 29.2064 -1.6
      vertex -42.51 29.21 0.799999
      vertex -42.6212 29.2064 0.799999
    endloop
  endfacet
  facet normal 0.0323571 -0.999476 0
    outer loop
      vertex -42.51 29.21 0.799999
      vertex -42.6212 29.2064 -1.6
      vertex -42.51 29.21 -1.6
    endloop
  endfacet
  facet normal 0.471847 0.88168 -0
    outer loop
      vertex -43.2619 25.9853 0
      vertex -43.36 26.0378 0.799999
      vertex -43.2619 25.9853 0.799999
    endloop
  endfacet
  facet normal 0.471847 0.88168 0
    outer loop
      vertex -43.36 26.0378 0.799999
      vertex -43.2619 25.9853 0
      vertex -43.36 26.0378 0
    endloop
  endfacet
  facet normal -0.772915 0.634509 0
    outer loop
      vertex -41.2319 26.3891 0
      vertex -41.1613 26.4751 0.799999
      vertex -41.1613 26.4751 0
    endloop
  endfacet
  facet normal -0.772915 0.634509 0
    outer loop
      vertex -41.1613 26.4751 0.799999
      vertex -41.2319 26.3891 0
      vertex -41.2319 26.3891 0.799999
    endloop
  endfacet
  facet normal -0.93596 0.352108 0
    outer loop
      vertex -40.9394 26.8594 0
      vertex -40.9002 26.9636 0.799999
      vertex -40.9002 26.9636 0
    endloop
  endfacet
  facet normal -0.93596 0.352108 0
    outer loop
      vertex -40.9002 26.9636 0.799999
      vertex -40.9394 26.8594 0
      vertex -40.9394 26.8594 0.799999
    endloop
  endfacet
  facet normal 0.582598 -0.81276 0
    outer loop
      vertex -43.5449 28.8587 -1.6
      vertex -43.4545 28.9235 0.799999
      vertex -43.5449 28.8587 0.799999
    endloop
  endfacet
  facet normal 0.582598 -0.81276 0
    outer loop
      vertex -43.4545 28.9235 0.799999
      vertex -43.5449 28.8587 -1.6
      vertex -43.4545 28.9235 -1.6
    endloop
  endfacet
  facet normal 0.88168 0.471847 0
    outer loop
      vertex -43.9822 26.66 0.799999
      vertex -44.0347 26.7581 -1.6
      vertex -44.0347 26.7581 0.799999
    endloop
  endfacet
  facet normal 0.88168 0.471847 0
    outer loop
      vertex -44.0347 26.7581 -1.6
      vertex -43.9822 26.66 0.799999
      vertex -43.9822 26.66 -1.6
    endloop
  endfacet
  facet normal -0.84946 0.527654 0
    outer loop
      vertex -41.0965 26.5655 0
      vertex -41.0378 26.66 0.799999
      vertex -41.0378 26.66 0
    endloop
  endfacet
  facet normal -0.84946 0.527654 0
    outer loop
      vertex -41.0378 26.66 0.799999
      vertex -41.0965 26.5655 0
      vertex -41.0965 26.5655 0.799999
    endloop
  endfacet
  facet normal -0.88168 0.471847 0
    outer loop
      vertex -41.0378 26.66 0
      vertex -40.9853 26.7581 0.799999
      vertex -40.9853 26.7581 0
    endloop
  endfacet
  facet normal -0.88168 0.471847 0
    outer loop
      vertex -40.9853 26.7581 0.799999
      vertex -41.0378 26.66 0
      vertex -41.0378 26.66 0.799999
    endloop
  endfacet
  facet normal -0.730098 0.683343 0
    outer loop
      vertex -41.3079 26.3079 0
      vertex -41.2319 26.3891 0.799999
      vertex -41.2319 26.3891 0
    endloop
  endfacet
  facet normal -0.730098 0.683343 0
    outer loop
      vertex -41.2319 26.3891 0.799999
      vertex -41.3079 26.3079 0
      vertex -41.3079 26.3079 0.799999
    endloop
  endfacet
  facet normal 0.995187 0.0979904 0
    outer loop
      vertex -44.1955 27.2881 0.799999
      vertex -44.2064 27.3988 -1.6
      vertex -44.2064 27.3988 0.799999
    endloop
  endfacet
  facet normal 0.995187 0.0979904 0
    outer loop
      vertex -44.2064 27.3988 -1.6
      vertex -44.1955 27.2881 0.799999
      vertex -44.1955 27.2881 -1.6
    endloop
  endfacet
  facet normal 0.527654 0.84946 -0
    outer loop
      vertex -43.36 26.0378 0
      vertex -43.4545 26.0965 0.799999
      vertex -43.36 26.0378 0.799999
    endloop
  endfacet
  facet normal 0.527654 0.84946 0
    outer loop
      vertex -43.4545 26.0965 0.799999
      vertex -43.36 26.0378 0
      vertex -43.4545 26.0965 0
    endloop
  endfacet
  facet normal 0.0979904 0.995187 -0
    outer loop
      vertex -42.6212 25.8136 0
      vertex -42.7319 25.8245 0.799999
      vertex -42.6212 25.8136 0.799999
    endloop
  endfacet
  facet normal 0.0979904 0.995187 0
    outer loop
      vertex -42.7319 25.8245 0.799999
      vertex -42.6212 25.8136 0
      vertex -42.7319 25.8245 0
    endloop
  endfacet
  facet normal 0.97398 -0.226633 0
    outer loop
      vertex -44.1773 27.8417 0.799999
      vertex -44.1521 27.95 -1.6
      vertex -44.1521 27.95 0.799999
    endloop
  endfacet
  facet normal 0.97398 -0.226633 0
    outer loop
      vertex -44.1521 27.95 -1.6
      vertex -44.1773 27.8417 0.799999
      vertex -44.1773 27.8417 -1.6
    endloop
  endfacet
  facet normal 0.730098 0.683343 0
    outer loop
      vertex -43.7121 26.3079 0.799999
      vertex -43.7881 26.3891 -1.6
      vertex -43.7881 26.3891 0.799999
    endloop
  endfacet
  facet normal 0.730098 0.683343 0
    outer loop
      vertex -43.7881 26.3891 -1.6
      vertex -43.7121 26.3079 0.799999
      vertex -43.7121 26.3079 -1.6
    endloop
  endfacet
  facet normal 0.772915 0.634509 0
    outer loop
      vertex -43.7881 26.3891 0.799999
      vertex -43.8587 26.4751 -1.6
      vertex -43.8587 26.4751 0.799999
    endloop
  endfacet
  facet normal 0.772915 0.634509 0
    outer loop
      vertex -43.8587 26.4751 -1.6
      vertex -43.7881 26.3891 0.799999
      vertex -43.7881 26.3891 -1.6
    endloop
  endfacet
  facet normal 0.634509 0.772915 -0
    outer loop
      vertex -43.5449 26.1613 0
      vertex -43.6309 26.2319 0.799999
      vertex -43.5449 26.1613 0.799999
    endloop
  endfacet
  facet normal 0.634509 0.772915 0
    outer loop
      vertex -43.6309 26.2319 0.799999
      vertex -43.5449 26.1613 0
      vertex -43.6309 26.2319 0
    endloop
  endfacet
  facet normal 0.683484 0.729965 0
    outer loop
      vertex -43.7 26.2966 0
      vertex -43.6309 26.2319 0.799999
      vertex -43.6309 26.2319 0
    endloop
  endfacet
  facet normal 0.683343 0.730098 2.2928e-05
    outer loop
      vertex -43.6309 26.2319 0.799999
      vertex -43.7 26.2966 0
      vertex -43.7121 26.3079 0.799999
    endloop
  endfacet
  facet normal 0.682533 0.730854 0
    outer loop
      vertex -43.7121 26.3079 -1.6
      vertex -43.7 26.2966 0
      vertex -43.7 26.2966 -1.6
    endloop
  endfacet
  facet normal 0.682533 0.730854 0
    outer loop
      vertex -43.7 26.2966 0
      vertex -43.7121 26.3079 -1.6
      vertex -43.7121 26.3079 0.799999
    endloop
  endfacet
  facet normal 0.97398 0.226633 0
    outer loop
      vertex -44.1521 27.07 0.799999
      vertex -44.1773 27.1783 -1.6
      vertex -44.1773 27.1783 0.799999
    endloop
  endfacet
  facet normal 0.97398 0.226633 0
    outer loop
      vertex -44.1773 27.1783 -1.6
      vertex -44.1521 27.07 0.799999
      vertex -44.1521 27.07 -1.6
    endloop
  endfacet
  facet normal -0.772915 -0.634509 0
    outer loop
      vertex -41.1613 28.5449 0
      vertex -41.2319 28.6309 0.799999
      vertex -41.2319 28.6309 0
    endloop
  endfacet
  facet normal -0.772915 -0.634509 0
    outer loop
      vertex -41.2319 28.6309 0.799999
      vertex -41.1613 28.5449 0
      vertex -41.1613 28.5449 0.799999
    endloop
  endfacet
  facet normal 0.352108 0.93596 -0
    outer loop
      vertex -43.0564 25.9002 0
      vertex -43.1606 25.9394 0.799999
      vertex -43.0564 25.9002 0.799999
    endloop
  endfacet
  facet normal 0.352108 0.93596 0
    outer loop
      vertex -43.1606 25.9394 0.799999
      vertex -43.0564 25.9002 0
      vertex -43.1606 25.9394 0
    endloop
  endfacet
  facet normal 0.0323571 0.999476 -0
    outer loop
      vertex -42.51 25.81 0
      vertex -42.6212 25.8136 0.799999
      vertex -42.51 25.81 0.799999
    endloop
  endfacet
  facet normal 0.0323571 0.999476 0
    outer loop
      vertex -42.6212 25.8136 0.799999
      vertex -42.51 25.81 0
      vertex -42.6212 25.8136 0
    endloop
  endfacet
  facet normal -0.730854 -0.682533 -0
    outer loop
      vertex -41.2966 28.7 0
      vertex -41.3079 28.7121 -1.6
      vertex -41.2966 28.7 -1.6
    endloop
  endfacet
  facet normal -0.730854 -0.682533 0
    outer loop
      vertex -41.3079 28.7121 -1.6
      vertex -41.2966 28.7 0
      vertex -41.3079 28.7121 0.799999
    endloop
  endfacet
  facet normal -0.729965 -0.683484 -0
    outer loop
      vertex -41.2319 28.6309 0.799999
      vertex -41.2966 28.7 0
      vertex -41.2319 28.6309 0
    endloop
  endfacet
  facet normal -0.730098 -0.683343 2.2928e-05
    outer loop
      vertex -41.2966 28.7 0
      vertex -41.2319 28.6309 0.799999
      vertex -41.3079 28.7121 0.799999
    endloop
  endfacet
  facet normal -0.634509 0.772915 0
    outer loop
      vertex -41.3891 26.2319 0
      vertex -41.4751 26.1613 0.799999
      vertex -41.3891 26.2319 0.799999
    endloop
  endfacet
  facet normal -0.634509 0.772915 0
    outer loop
      vertex -41.4751 26.1613 0.799999
      vertex -41.3891 26.2319 0
      vertex -41.4751 26.1613 0
    endloop
  endfacet
  facet normal 0.634509 -0.772915 0
    outer loop
      vertex -43.6309 28.7881 -1.6
      vertex -43.5449 28.8587 0.799999
      vertex -43.6309 28.7881 0.799999
    endloop
  endfacet
  facet normal 0.634509 -0.772915 0
    outer loop
      vertex -43.5449 28.8587 0.799999
      vertex -43.6309 28.7881 -1.6
      vertex -43.5449 28.8587 -1.6
    endloop
  endfacet
  facet normal 0.582598 0.81276 -0
    outer loop
      vertex -43.4545 26.0965 0
      vertex -43.5449 26.1613 0.799999
      vertex -43.4545 26.0965 0.799999
    endloop
  endfacet
  facet normal 0.582598 0.81276 0
    outer loop
      vertex -43.5449 26.1613 0.799999
      vertex -43.4545 26.0965 0
      vertex -43.5449 26.1613 0
    endloop
  endfacet
  facet normal 0.986539 -0.163525 0
    outer loop
      vertex -44.1955 27.7319 0.799999
      vertex -44.1773 27.8417 -1.6
      vertex -44.1773 27.8417 0.799999
    endloop
  endfacet
  facet normal 0.986539 -0.163525 0
    outer loop
      vertex -44.1773 27.8417 -1.6
      vertex -44.1955 27.7319 0.799999
      vertex -44.1955 27.7319 -1.6
    endloop
  endfacet
  facet normal -0.226633 0.97398 0
    outer loop
      vertex 42.95 -29.1521 -1.6
      vertex 42.8417 -29.1773 0.799999
      vertex 42.95 -29.1521 0.799999
    endloop
  endfacet
  facet normal -0.226633 0.97398 0
    outer loop
      vertex 42.8417 -29.1773 0.799999
      vertex 42.95 -29.1521 -1.6
      vertex 42.8417 -29.1773 -1.6
    endloop
  endfacet
  facet normal -0.352108 -0.93596 0
    outer loop
      vertex 43.0564 -25.9002 0
      vertex 43.1606 -25.9394 0.799999
      vertex 43.0564 -25.9002 0.799999
    endloop
  endfacet
  facet normal -0.352108 -0.93596 -0
    outer loop
      vertex 43.1606 -25.9394 0.799999
      vertex 43.0564 -25.9002 0
      vertex 43.1606 -25.9394 0
    endloop
  endfacet
  facet normal 0.0323571 -0.999476 0
    outer loop
      vertex 42.3988 -25.8136 0
      vertex 42.51 -25.81 0.799999
      vertex 42.3988 -25.8136 0.799999
    endloop
  endfacet
  facet normal 0.0323571 -0.999476 0
    outer loop
      vertex 42.51 -25.81 0.799999
      vertex 42.3988 -25.8136 0
      vertex 42.51 -25.81 0
    endloop
  endfacet
  facet normal -0.986539 -0.163525 0
    outer loop
      vertex 44.1955 -27.2881 -1.6
      vertex 44.1773 -27.1783 0.799999
      vertex 44.1773 -27.1783 -1.6
    endloop
  endfacet
  facet normal -0.986539 -0.163525 0
    outer loop
      vertex 44.1773 -27.1783 0.799999
      vertex 44.1955 -27.2881 -1.6
      vertex 44.1955 -27.2881 0.799999
    endloop
  endfacet
  facet normal -0.290482 -0.956881 0
    outer loop
      vertex 42.95 -25.8679 0
      vertex 43.0564 -25.9002 0.799999
      vertex 42.95 -25.8679 0.799999
    endloop
  endfacet
  facet normal -0.290482 -0.956881 -0
    outer loop
      vertex 43.0564 -25.9002 0.799999
      vertex 42.95 -25.8679 0
      vertex 43.0564 -25.9002 0
    endloop
  endfacet
  facet normal 0.97398 -0.226633 0
    outer loop
      vertex 40.8427 -27.1783 0.799999
      vertex 40.8679 -27.07 0
      vertex 40.8679 -27.07 0.799999
    endloop
  endfacet
  facet normal 0.97398 -0.226633 0
    outer loop
      vertex 40.8679 -27.07 0
      vertex 40.8427 -27.1783 0.799999
      vertex 40.8427 -27.1783 0
    endloop
  endfacet
  facet normal -0.995187 -0.0979904 0
    outer loop
      vertex 44.2064 -27.3988 -1.6
      vertex 44.1955 -27.2881 0.799999
      vertex 44.1955 -27.2881 -1.6
    endloop
  endfacet
  facet normal -0.995187 -0.0979904 0
    outer loop
      vertex 44.1955 -27.2881 0.799999
      vertex 44.2064 -27.3988 -1.6
      vertex 44.2064 -27.3988 0.799999
    endloop
  endfacet
  facet normal -0.81276 -0.582598 0
    outer loop
      vertex 43.9235 -26.5655 -1.6
      vertex 43.8587 -26.4751 0.799999
      vertex 43.8587 -26.4751 -1.6
    endloop
  endfacet
  facet normal -0.81276 -0.582598 0
    outer loop
      vertex 43.8587 -26.4751 0.799999
      vertex 43.9235 -26.5655 -1.6
      vertex 43.9235 -26.5655 0.799999
    endloop
  endfacet
  facet normal 0.88168 -0.471847 0
    outer loop
      vertex 40.9853 -26.7581 0.799999
      vertex 41.0378 -26.66 0
      vertex 41.0378 -26.66 0.799999
    endloop
  endfacet
  facet normal 0.88168 -0.471847 0
    outer loop
      vertex 41.0378 -26.66 0
      vertex 40.9853 -26.7581 0.799999
      vertex 40.9853 -26.7581 0
    endloop
  endfacet
  facet normal 0.772915 -0.634509 0
    outer loop
      vertex 41.1613 -26.4751 0.799999
      vertex 41.2319 -26.3891 0
      vertex 41.2319 -26.3891 0.799999
    endloop
  endfacet
  facet normal 0.772915 -0.634509 0
    outer loop
      vertex 41.2319 -26.3891 0
      vertex 41.1613 -26.4751 0.799999
      vertex 41.1613 -26.4751 0
    endloop
  endfacet
  facet normal 0.93596 0.352108 0
    outer loop
      vertex 40.9394 -28.1606 0.799999
      vertex 40.9002 -28.0564 0
      vertex 40.9002 -28.0564 0.799999
    endloop
  endfacet
  facet normal 0.93596 0.352108 0
    outer loop
      vertex 40.9002 -28.0564 0
      vertex 40.9394 -28.1606 0.799999
      vertex 40.9394 -28.1606 0
    endloop
  endfacet
  facet normal 0.93596 -0.352108 0
    outer loop
      vertex 40.9002 -26.9636 0.799999
      vertex 40.9394 -26.8594 0
      vertex 40.9394 -26.8594 0.799999
    endloop
  endfacet
  facet normal 0.93596 -0.352108 0
    outer loop
      vertex 40.9394 -26.8594 0
      vertex 40.9002 -26.9636 0.799999
      vertex 40.9002 -26.9636 0
    endloop
  endfacet
  facet normal 0.986539 0.163525 0
    outer loop
      vertex 40.8427 -27.8417 0.799999
      vertex 40.8245 -27.7319 0
      vertex 40.8245 -27.7319 0.799999
    endloop
  endfacet
  facet normal 0.986539 0.163525 0
    outer loop
      vertex 40.8245 -27.7319 0
      vertex 40.8427 -27.8417 0.799999
      vertex 40.8427 -27.8417 0
    endloop
  endfacet
  facet normal 0.527654 -0.84946 0
    outer loop
      vertex 41.5655 -26.0965 0
      vertex 41.66 -26.0378 0.799999
      vertex 41.5655 -26.0965 0.799999
    endloop
  endfacet
  facet normal 0.527654 -0.84946 0
    outer loop
      vertex 41.66 -26.0378 0.799999
      vertex 41.5655 -26.0965 0
      vertex 41.66 -26.0378 0
    endloop
  endfacet
  facet normal -0.81276 0.582598 0
    outer loop
      vertex 43.8587 -28.5449 -1.6
      vertex 43.9235 -28.4545 0.799999
      vertex 43.9235 -28.4545 -1.6
    endloop
  endfacet
  facet normal -0.81276 0.582598 0
    outer loop
      vertex 43.9235 -28.4545 0.799999
      vertex 43.8587 -28.5449 -1.6
      vertex 43.8587 -28.5449 0.799999
    endloop
  endfacet
  facet normal 0.0979904 0.995187 -0
    outer loop
      vertex 42.3988 -29.2064 -1.6
      vertex 42.2881 -29.1955 0.799999
      vertex 42.3988 -29.2064 0.799999
    endloop
  endfacet
  facet normal 0.0979904 0.995187 0
    outer loop
      vertex 42.2881 -29.1955 0.799999
      vertex 42.3988 -29.2064 -1.6
      vertex 42.2881 -29.1955 -1.6
    endloop
  endfacet
  facet normal 0.582598 -0.81276 0
    outer loop
      vertex 41.4751 -26.1613 0
      vertex 41.5655 -26.0965 0.799999
      vertex 41.4751 -26.1613 0.799999
    endloop
  endfacet
  facet normal 0.582598 -0.81276 0
    outer loop
      vertex 41.5655 -26.0965 0.799999
      vertex 41.4751 -26.1613 0
      vertex 41.5655 -26.0965 0
    endloop
  endfacet
  facet normal 0.88168 0.471847 0
    outer loop
      vertex 41.0378 -28.36 0.799999
      vertex 40.9853 -28.2619 0
      vertex 40.9853 -28.2619 0.799999
    endloop
  endfacet
  facet normal 0.88168 0.471847 0
    outer loop
      vertex 40.9853 -28.2619 0
      vertex 41.0378 -28.36 0.799999
      vertex 41.0378 -28.36 0
    endloop
  endfacet
  facet normal 0.683343 -0.730098 0
    outer loop
      vertex 41.3079 -26.3079 0
      vertex 41.3891 -26.2319 0.799999
      vertex 41.3079 -26.3079 0.799999
    endloop
  endfacet
  facet normal 0.683343 -0.730098 0
    outer loop
      vertex 41.3891 -26.2319 0.799999
      vertex 41.3079 -26.3079 0
      vertex 41.3891 -26.2319 0
    endloop
  endfacet
  facet normal 0.0323571 0.999476 -0
    outer loop
      vertex 42.51 -29.21 -1.6
      vertex 42.3988 -29.2064 0.799999
      vertex 42.51 -29.21 0.799999
    endloop
  endfacet
  facet normal 0.0323571 0.999476 0
    outer loop
      vertex 42.3988 -29.2064 0.799999
      vertex 42.51 -29.21 -1.6
      vertex 42.3988 -29.2064 -1.6
    endloop
  endfacet
  facet normal 0.84946 -0.527654 0
    outer loop
      vertex 41.0378 -26.66 0.799999
      vertex 41.0965 -26.5655 0
      vertex 41.0965 -26.5655 0.799999
    endloop
  endfacet
  facet normal 0.84946 -0.527654 0
    outer loop
      vertex 41.0965 -26.5655 0
      vertex 41.0378 -26.66 0.799999
      vertex 41.0378 -26.66 0
    endloop
  endfacet
  facet normal -0.352108 0.93596 0
    outer loop
      vertex 43.1606 -29.0806 -1.6
      vertex 43.0564 -29.1198 0.799999
      vertex 43.1606 -29.0806 0.799999
    endloop
  endfacet
  facet normal -0.352108 0.93596 0
    outer loop
      vertex 43.0564 -29.1198 0.799999
      vertex 43.1606 -29.0806 -1.6
      vertex 43.0564 -29.1198 -1.6
    endloop
  endfacet
  facet normal -0.582598 -0.81276 0
    outer loop
      vertex 43.4545 -26.0965 0
      vertex 43.5449 -26.1613 0.799999
      vertex 43.4545 -26.0965 0.799999
    endloop
  endfacet
  facet normal -0.582598 -0.81276 -0
    outer loop
      vertex 43.5449 -26.1613 0.799999
      vertex 43.4545 -26.0965 0
      vertex 43.5449 -26.1613 0
    endloop
  endfacet
  facet normal -0.0979904 -0.995187 0
    outer loop
      vertex 42.6212 -25.8136 0
      vertex 42.7319 -25.8245 0.799999
      vertex 42.6212 -25.8136 0.799999
    endloop
  endfacet
  facet normal -0.0979904 -0.995187 -0
    outer loop
      vertex 42.7319 -25.8245 0.799999
      vertex 42.6212 -25.8136 0
      vertex 42.7319 -25.8245 0
    endloop
  endfacet
  facet normal 0.582598 0.81276 -0
    outer loop
      vertex 41.5655 -28.9235 -1.6
      vertex 41.4751 -28.8587 0.799999
      vertex 41.5655 -28.9235 0.799999
    endloop
  endfacet
  facet normal 0.582598 0.81276 0
    outer loop
      vertex 41.4751 -28.8587 0.799999
      vertex 41.5655 -28.9235 -1.6
      vertex 41.4751 -28.8587 -1.6
    endloop
  endfacet
  facet normal -0.956881 0.290482 0
    outer loop
      vertex 44.1198 -28.0564 -1.6
      vertex 44.1521 -27.95 0.799999
      vertex 44.1521 -27.95 -1.6
    endloop
  endfacet
  facet normal -0.956881 0.290482 0
    outer loop
      vertex 44.1521 -27.95 0.799999
      vertex 44.1198 -28.0564 -1.6
      vertex 44.1198 -28.0564 0.799999
    endloop
  endfacet
  facet normal -0.999476 0.0323571 0
    outer loop
      vertex 44.2064 -27.6212 -1.6
      vertex 44.21 -27.51 0.799999
      vertex 44.21 -27.51 -1.6
    endloop
  endfacet
  facet normal -0.999476 0.0323571 0
    outer loop
      vertex 44.21 -27.51 0.799999
      vertex 44.2064 -27.6212 -1.6
      vertex 44.2064 -27.6212 0.799999
    endloop
  endfacet
  facet normal -0.97398 -0.226633 0
    outer loop
      vertex 44.1773 -27.1783 -1.6
      vertex 44.1521 -27.07 0.799999
      vertex 44.1521 -27.07 -1.6
    endloop
  endfacet
  facet normal -0.97398 -0.226633 0
    outer loop
      vertex 44.1521 -27.07 0.799999
      vertex 44.1773 -27.1783 -1.6
      vertex 44.1773 -27.1783 0.799999
    endloop
  endfacet
  facet normal -0.634509 0.772915 0
    outer loop
      vertex 43.6309 -28.7881 -1.6
      vertex 43.5449 -28.8587 0.799999
      vertex 43.6309 -28.7881 0.799999
    endloop
  endfacet
  facet normal -0.634509 0.772915 0
    outer loop
      vertex 43.5449 -28.8587 0.799999
      vertex 43.6309 -28.7881 -1.6
      vertex 43.5449 -28.8587 -1.6
    endloop
  endfacet
  facet normal -0.730098 0.683343 0
    outer loop
      vertex 43.7121 -28.7121 -1.6
      vertex 43.7881 -28.6309 0.799999
      vertex 43.7881 -28.6309 -1.6
    endloop
  endfacet
  facet normal -0.730098 0.683343 0
    outer loop
      vertex 43.7881 -28.6309 0.799999
      vertex 43.7121 -28.7121 -1.6
      vertex 43.7121 -28.7121 0.799999
    endloop
  endfacet
  facet normal 0.352108 0.93596 -0
    outer loop
      vertex 41.9636 -29.1198 -1.6
      vertex 41.8594 -29.0806 0.799999
      vertex 41.9636 -29.1198 0.799999
    endloop
  endfacet
  facet normal 0.352108 0.93596 0
    outer loop
      vertex 41.8594 -29.0806 0.799999
      vertex 41.9636 -29.1198 -1.6
      vertex 41.8594 -29.0806 -1.6
    endloop
  endfacet
  facet normal -0.88168 -0.471847 0
    outer loop
      vertex 44.0347 -26.7581 -1.6
      vertex 43.9822 -26.66 0.799999
      vertex 43.9822 -26.66 -1.6
    endloop
  endfacet
  facet normal -0.88168 -0.471847 0
    outer loop
      vertex 43.9822 -26.66 0.799999
      vertex 44.0347 -26.7581 -1.6
      vertex 44.0347 -26.7581 0.799999
    endloop
  endfacet
  facet normal -0.999476 -0.0323571 0
    outer loop
      vertex 44.21 -27.51 -1.6
      vertex 44.2064 -27.3988 0.799999
      vertex 44.2064 -27.3988 -1.6
    endloop
  endfacet
  facet normal -0.999476 -0.0323571 0
    outer loop
      vertex 44.2064 -27.3988 0.799999
      vertex 44.21 -27.51 -1.6
      vertex 44.21 -27.51 0.799999
    endloop
  endfacet
  facet normal -0.910859 -0.412719 0
    outer loop
      vertex 44.0806 -26.8594 -1.6
      vertex 44.0347 -26.7581 0.799999
      vertex 44.0347 -26.7581 -1.6
    endloop
  endfacet
  facet normal -0.910859 -0.412719 0
    outer loop
      vertex 44.0347 -26.7581 0.799999
      vertex 44.0806 -26.8594 -1.6
      vertex 44.0806 -26.8594 0.799999
    endloop
  endfacet
  facet normal 0.772915 0.634509 0
    outer loop
      vertex 41.2319 -28.6309 0.799999
      vertex 41.1613 -28.5449 0
      vertex 41.1613 -28.5449 0.799999
    endloop
  endfacet
  facet normal 0.772915 0.634509 0
    outer loop
      vertex 41.1613 -28.5449 0
      vertex 41.2319 -28.6309 0.799999
      vertex 41.2319 -28.6309 0
    endloop
  endfacet
  facet normal 0.956881 0.290482 0
    outer loop
      vertex 40.9002 -28.0564 0.799999
      vertex 40.8679 -27.95 0
      vertex 40.8679 -27.95 0.799999
    endloop
  endfacet
  facet normal 0.956881 0.290482 0
    outer loop
      vertex 40.8679 -27.95 0
      vertex 40.9002 -28.0564 0.799999
      vertex 40.9002 -28.0564 0
    endloop
  endfacet
  facet normal 0.84946 0.527654 0
    outer loop
      vertex 41.0965 -28.4545 0.799999
      vertex 41.0378 -28.36 0
      vertex 41.0378 -28.36 0.799999
    endloop
  endfacet
  facet normal 0.84946 0.527654 0
    outer loop
      vertex 41.0378 -28.36 0
      vertex 41.0965 -28.4545 0.799999
      vertex 41.0965 -28.4545 0
    endloop
  endfacet
  facet normal -0.471847 -0.88168 0
    outer loop
      vertex 43.2619 -25.9853 0
      vertex 43.36 -26.0378 0.799999
      vertex 43.2619 -25.9853 0.799999
    endloop
  endfacet
  facet normal -0.471847 -0.88168 -0
    outer loop
      vertex 43.36 -26.0378 0.799999
      vertex 43.2619 -25.9853 0
      vertex 43.36 -26.0378 0
    endloop
  endfacet
  facet normal -0.93596 -0.352108 0
    outer loop
      vertex 44.1198 -26.9636 -1.6
      vertex 44.0806 -26.8594 0.799999
      vertex 44.0806 -26.8594 -1.6
    endloop
  endfacet
  facet normal -0.93596 -0.352108 0
    outer loop
      vertex 44.0806 -26.8594 0.799999
      vertex 44.1198 -26.9636 -1.6
      vertex 44.1198 -26.9636 0.799999
    endloop
  endfacet
  facet normal -0.772915 -0.634509 0
    outer loop
      vertex 43.8587 -26.4751 -1.6
      vertex 43.7881 -26.3891 0.799999
      vertex 43.7881 -26.3891 -1.6
    endloop
  endfacet
  facet normal -0.772915 -0.634509 0
    outer loop
      vertex 43.7881 -26.3891 0.799999
      vertex 43.8587 -26.4751 -1.6
      vertex 43.8587 -26.4751 0.799999
    endloop
  endfacet
  facet normal 0.352108 -0.93596 0
    outer loop
      vertex 41.8594 -25.9394 0
      vertex 41.9636 -25.9002 0.799999
      vertex 41.8594 -25.9394 0.799999
    endloop
  endfacet
  facet normal 0.352108 -0.93596 0
    outer loop
      vertex 41.9636 -25.9002 0.799999
      vertex 41.8594 -25.9394 0
      vertex 41.9636 -25.9002 0
    endloop
  endfacet
  facet normal 0.97398 0.226633 0
    outer loop
      vertex 40.8679 -27.95 0.799999
      vertex 40.8427 -27.8417 0
      vertex 40.8427 -27.8417 0.799999
    endloop
  endfacet
  facet normal 0.97398 0.226633 0
    outer loop
      vertex 40.8427 -27.8417 0
      vertex 40.8679 -27.95 0.799999
      vertex 40.8679 -27.95 0
    endloop
  endfacet
  facet normal -0.412719 0.910859 0
    outer loop
      vertex 43.2619 -29.0347 -1.6
      vertex 43.1606 -29.0806 0.799999
      vertex 43.2619 -29.0347 0.799999
    endloop
  endfacet
  facet normal -0.412719 0.910859 0
    outer loop
      vertex 43.1606 -29.0806 0.799999
      vertex 43.2619 -29.0347 -1.6
      vertex 43.1606 -29.0806 -1.6
    endloop
  endfacet
  facet normal 0.910859 -0.412719 0
    outer loop
      vertex 40.9394 -26.8594 0.799999
      vertex 40.9853 -26.7581 0
      vertex 40.9853 -26.7581 0.799999
    endloop
  endfacet
  facet normal 0.910859 -0.412719 0
    outer loop
      vertex 40.9853 -26.7581 0
      vertex 40.9394 -26.8594 0.799999
      vertex 40.9394 -26.8594 0
    endloop
  endfacet
  facet normal -0.772915 0.634509 0
    outer loop
      vertex 43.7881 -28.6309 -1.6
      vertex 43.8587 -28.5449 0.799999
      vertex 43.8587 -28.5449 -1.6
    endloop
  endfacet
  facet normal -0.772915 0.634509 0
    outer loop
      vertex 43.8587 -28.5449 0.799999
      vertex 43.7881 -28.6309 -1.6
      vertex 43.7881 -28.6309 0.799999
    endloop
  endfacet
  facet normal -0.730098 -0.683343 0
    outer loop
      vertex 43.7881 -26.3891 -1.6
      vertex 43.7121 -26.3079 0.799999
      vertex 43.7121 -26.3079 -1.6
    endloop
  endfacet
  facet normal -0.730098 -0.683343 0
    outer loop
      vertex 43.7121 -26.3079 0.799999
      vertex 43.7881 -26.3891 -1.6
      vertex 43.7881 -26.3891 0.799999
    endloop
  endfacet
  facet normal 0.471847 0.88168 -0
    outer loop
      vertex 41.7581 -29.0347 -1.6
      vertex 41.66 -28.9822 0.799999
      vertex 41.7581 -29.0347 0.799999
    endloop
  endfacet
  facet normal 0.471847 0.88168 0
    outer loop
      vertex 41.66 -28.9822 0.799999
      vertex 41.7581 -29.0347 -1.6
      vertex 41.66 -28.9822 -1.6
    endloop
  endfacet
  facet normal -0.683484 -0.729965 0
    outer loop
      vertex 43.7 -26.2966 0
      vertex 43.6309 -26.2319 0.799999
      vertex 43.6309 -26.2319 0
    endloop
  endfacet
  facet normal -0.683343 -0.730098 2.2928e-05
    outer loop
      vertex 43.6309 -26.2319 0.799999
      vertex 43.7 -26.2966 0
      vertex 43.7121 -26.3079 0.799999
    endloop
  endfacet
  facet normal -0.682533 -0.730854 0
    outer loop
      vertex 43.7121 -26.3079 -1.6
      vertex 43.7 -26.2966 0
      vertex 43.7 -26.2966 -1.6
    endloop
  endfacet
  facet normal -0.682533 -0.730854 0
    outer loop
      vertex 43.7 -26.2966 0
      vertex 43.7121 -26.3079 -1.6
      vertex 43.7121 -26.3079 0.799999
    endloop
  endfacet
  facet normal -0.226633 -0.97398 0
    outer loop
      vertex 42.8417 -25.8427 0
      vertex 42.95 -25.8679 0.799999
      vertex 42.8417 -25.8427 0.799999
    endloop
  endfacet
  facet normal -0.226633 -0.97398 -0
    outer loop
      vertex 42.95 -25.8679 0.799999
      vertex 42.8417 -25.8427 0
      vertex 42.95 -25.8679 0
    endloop
  endfacet
  facet normal 0.729965 0.683484 0
    outer loop
      vertex 41.2319 -28.6309 0.799999
      vertex 41.2966 -28.7 0
      vertex 41.2319 -28.6309 0
    endloop
  endfacet
  facet normal 0.730098 0.683343 2.2928e-05
    outer loop
      vertex 41.3079 -28.7121 0.799999
      vertex 41.2966 -28.7 0
      vertex 41.2319 -28.6309 0.799999
    endloop
  endfacet
  facet normal 0.730854 0.682533 -0
    outer loop
      vertex 41.3079 -28.7121 -1.6
      vertex 41.2966 -28.7 0
      vertex 41.3079 -28.7121 0.799999
    endloop
  endfacet
  facet normal 0.730854 0.682533 0
    outer loop
      vertex 41.2966 -28.7 0
      vertex 41.3079 -28.7121 -1.6
      vertex 41.2966 -28.7 -1.6
    endloop
  endfacet
  facet normal -0.163525 0.986539 0
    outer loop
      vertex 42.8417 -29.1773 -1.6
      vertex 42.7319 -29.1955 0.799999
      vertex 42.8417 -29.1773 0.799999
    endloop
  endfacet
  facet normal -0.163525 0.986539 0
    outer loop
      vertex 42.7319 -29.1955 0.799999
      vertex 42.8417 -29.1773 -1.6
      vertex 42.7319 -29.1955 -1.6
    endloop
  endfacet
  facet normal -0.0979904 0.995187 0
    outer loop
      vertex 42.7319 -29.1955 -1.6
      vertex 42.6212 -29.2064 0.799999
      vertex 42.7319 -29.1955 0.799999
    endloop
  endfacet
  facet normal -0.0979904 0.995187 0
    outer loop
      vertex 42.6212 -29.2064 0.799999
      vertex 42.7319 -29.1955 -1.6
      vertex 42.6212 -29.2064 -1.6
    endloop
  endfacet
  facet normal -0.986539 0.163525 0
    outer loop
      vertex 44.1773 -27.8417 -1.6
      vertex 44.1955 -27.7319 0.799999
      vertex 44.1955 -27.7319 -1.6
    endloop
  endfacet
  facet normal -0.986539 0.163525 0
    outer loop
      vertex 44.1955 -27.7319 0.799999
      vertex 44.1773 -27.8417 -1.6
      vertex 44.1773 -27.8417 0.799999
    endloop
  endfacet
  facet normal -0.956881 -0.290482 0
    outer loop
      vertex 44.1521 -27.07 -1.6
      vertex 44.1198 -26.9636 0.799999
      vertex 44.1198 -26.9636 -1.6
    endloop
  endfacet
  facet normal -0.956881 -0.290482 0
    outer loop
      vertex 44.1198 -26.9636 0.799999
      vertex 44.1521 -27.07 -1.6
      vertex 44.1521 -27.07 0.799999
    endloop
  endfacet
  facet normal -0.582598 0.81276 0
    outer loop
      vertex 43.5449 -28.8587 -1.6
      vertex 43.4545 -28.9235 0.799999
      vertex 43.5449 -28.8587 0.799999
    endloop
  endfacet
  facet normal -0.582598 0.81276 0
    outer loop
      vertex 43.4545 -28.9235 0.799999
      vertex 43.5449 -28.8587 -1.6
      vertex 43.4545 -28.9235 -1.6
    endloop
  endfacet
  facet normal -0.527654 -0.84946 0
    outer loop
      vertex 43.36 -26.0378 0
      vertex 43.4545 -26.0965 0.799999
      vertex 43.36 -26.0378 0.799999
    endloop
  endfacet
  facet normal -0.527654 -0.84946 -0
    outer loop
      vertex 43.4545 -26.0965 0.799999
      vertex 43.36 -26.0378 0
      vertex 43.4545 -26.0965 0
    endloop
  endfacet
  facet normal -0.471847 0.88168 0
    outer loop
      vertex 43.36 -28.9822 -1.6
      vertex 43.2619 -29.0347 0.799999
      vertex 43.36 -28.9822 0.799999
    endloop
  endfacet
  facet normal -0.471847 0.88168 0
    outer loop
      vertex 43.2619 -29.0347 0.799999
      vertex 43.36 -28.9822 -1.6
      vertex 43.2619 -29.0347 -1.6
    endloop
  endfacet
  facet normal -0.995187 0.0979904 0
    outer loop
      vertex 44.1955 -27.7319 -1.6
      vertex 44.2064 -27.6212 0.799999
      vertex 44.2064 -27.6212 -1.6
    endloop
  endfacet
  facet normal -0.995187 0.0979904 0
    outer loop
      vertex 44.2064 -27.6212 0.799999
      vertex 44.1955 -27.7319 -1.6
      vertex 44.1955 -27.7319 0.799999
    endloop
  endfacet
  facet normal -0.163525 -0.986539 0
    outer loop
      vertex 42.7319 -25.8245 0
      vertex 42.8417 -25.8427 0.799999
      vertex 42.7319 -25.8245 0.799999
    endloop
  endfacet
  facet normal -0.163525 -0.986539 -0
    outer loop
      vertex 42.8417 -25.8427 0.799999
      vertex 42.7319 -25.8245 0
      vertex 42.8417 -25.8427 0
    endloop
  endfacet
  facet normal 0.730098 -0.683343 0
    outer loop
      vertex 41.2319 -26.3891 0.799999
      vertex 41.3079 -26.3079 0
      vertex 41.3079 -26.3079 0.799999
    endloop
  endfacet
  facet normal 0.730098 -0.683343 0
    outer loop
      vertex 41.3079 -26.3079 0
      vertex 41.2319 -26.3891 0.799999
      vertex 41.2319 -26.3891 0
    endloop
  endfacet
  facet normal -0.910859 0.412719 0
    outer loop
      vertex 44.0347 -28.2619 -1.6
      vertex 44.0806 -28.1606 0.799999
      vertex 44.0806 -28.1606 -1.6
    endloop
  endfacet
  facet normal -0.910859 0.412719 0
    outer loop
      vertex 44.0806 -28.1606 0.799999
      vertex 44.0347 -28.2619 -1.6
      vertex 44.0347 -28.2619 0.799999
    endloop
  endfacet
  facet normal -0.84946 -0.527654 0
    outer loop
      vertex 43.9822 -26.66 -1.6
      vertex 43.9235 -26.5655 0.799999
      vertex 43.9235 -26.5655 -1.6
    endloop
  endfacet
  facet normal -0.84946 -0.527654 0
    outer loop
      vertex 43.9235 -26.5655 0.799999
      vertex 43.9822 -26.66 -1.6
      vertex 43.9822 -26.66 0.799999
    endloop
  endfacet
  facet normal 0.986539 -0.163525 0
    outer loop
      vertex 40.8245 -27.2881 0.799999
      vertex 40.8427 -27.1783 0
      vertex 40.8427 -27.1783 0.799999
    endloop
  endfacet
  facet normal 0.986539 -0.163525 0
    outer loop
      vertex 40.8427 -27.1783 0
      vertex 40.8245 -27.2881 0.799999
      vertex 40.8245 -27.2881 0
    endloop
  endfacet
  facet normal -0.84946 0.527654 0
    outer loop
      vertex 43.9235 -28.4545 -1.6
      vertex 43.9822 -28.36 0.799999
      vertex 43.9822 -28.36 -1.6
    endloop
  endfacet
  facet normal -0.84946 0.527654 0
    outer loop
      vertex 43.9822 -28.36 0.799999
      vertex 43.9235 -28.4545 -1.6
      vertex 43.9235 -28.4545 0.799999
    endloop
  endfacet
  facet normal 0.999476 -0.0323571 0
    outer loop
      vertex 40.81 -27.51 0.799999
      vertex 40.8136 -27.3988 0
      vertex 40.8136 -27.3988 0.799999
    endloop
  endfacet
  facet normal 0.999476 -0.0323571 0
    outer loop
      vertex 40.8136 -27.3988 0
      vertex 40.81 -27.51 0.799999
      vertex 40.81 -27.51 0
    endloop
  endfacet
  facet normal 0.81276 0.582598 0
    outer loop
      vertex 41.1613 -28.5449 0.799999
      vertex 41.0965 -28.4545 0
      vertex 41.0965 -28.4545 0.799999
    endloop
  endfacet
  facet normal 0.81276 0.582598 0
    outer loop
      vertex 41.0965 -28.4545 0
      vertex 41.1613 -28.5449 0.799999
      vertex 41.1613 -28.5449 0
    endloop
  endfacet
  facet normal 0.634509 -0.772915 0
    outer loop
      vertex 41.3891 -26.2319 0
      vertex 41.4751 -26.1613 0.799999
      vertex 41.3891 -26.2319 0.799999
    endloop
  endfacet
  facet normal 0.634509 -0.772915 0
    outer loop
      vertex 41.4751 -26.1613 0.799999
      vertex 41.3891 -26.2319 0
      vertex 41.4751 -26.1613 0
    endloop
  endfacet
  facet normal 0.163525 -0.986539 0
    outer loop
      vertex 42.1783 -25.8427 0
      vertex 42.2881 -25.8245 0.799999
      vertex 42.1783 -25.8427 0.799999
    endloop
  endfacet
  facet normal 0.163525 -0.986539 0
    outer loop
      vertex 42.2881 -25.8245 0.799999
      vertex 42.1783 -25.8427 0
      vertex 42.2881 -25.8245 0
    endloop
  endfacet
  facet normal 0.226633 0.97398 -0
    outer loop
      vertex 42.1783 -29.1773 -1.6
      vertex 42.07 -29.1521 0.799999
      vertex 42.1783 -29.1773 0.799999
    endloop
  endfacet
  facet normal 0.226633 0.97398 0
    outer loop
      vertex 42.07 -29.1521 0.799999
      vertex 42.1783 -29.1773 -1.6
      vertex 42.07 -29.1521 -1.6
    endloop
  endfacet
  facet normal -0.93596 0.352108 0
    outer loop
      vertex 44.0806 -28.1606 -1.6
      vertex 44.1198 -28.0564 0.799999
      vertex 44.1198 -28.0564 -1.6
    endloop
  endfacet
  facet normal -0.93596 0.352108 0
    outer loop
      vertex 44.1198 -28.0564 0.799999
      vertex 44.0806 -28.1606 -1.6
      vertex 44.0806 -28.1606 0.799999
    endloop
  endfacet
  facet normal 0.995187 0.0979904 0
    outer loop
      vertex 40.8245 -27.7319 0.799999
      vertex 40.8136 -27.6212 0
      vertex 40.8136 -27.6212 0.799999
    endloop
  endfacet
  facet normal 0.995187 0.0979904 0
    outer loop
      vertex 40.8136 -27.6212 0
      vertex 40.8245 -27.7319 0.799999
      vertex 40.8245 -27.7319 0
    endloop
  endfacet
  facet normal 0.910859 0.412719 0
    outer loop
      vertex 40.9853 -28.2619 0.799999
      vertex 40.9394 -28.1606 0
      vertex 40.9394 -28.1606 0.799999
    endloop
  endfacet
  facet normal 0.910859 0.412719 0
    outer loop
      vertex 40.9394 -28.1606 0
      vertex 40.9853 -28.2619 0.799999
      vertex 40.9853 -28.2619 0
    endloop
  endfacet
  facet normal -0.0323571 0.999476 0
    outer loop
      vertex 42.6212 -29.2064 -1.6
      vertex 42.51 -29.21 0.799999
      vertex 42.6212 -29.2064 0.799999
    endloop
  endfacet
  facet normal -0.0323571 0.999476 0
    outer loop
      vertex 42.51 -29.21 0.799999
      vertex 42.6212 -29.2064 -1.6
      vertex 42.51 -29.21 -1.6
    endloop
  endfacet
  facet normal 0.683343 0.730098 -0
    outer loop
      vertex 41.3891 -28.7881 -1.6
      vertex 41.3079 -28.7121 0.799999
      vertex 41.3891 -28.7881 0.799999
    endloop
  endfacet
  facet normal 0.683343 0.730098 0
    outer loop
      vertex 41.3079 -28.7121 0.799999
      vertex 41.3891 -28.7881 -1.6
      vertex 41.3079 -28.7121 -1.6
    endloop
  endfacet
  facet normal 0.0979904 -0.995187 0
    outer loop
      vertex 42.2881 -25.8245 0
      vertex 42.3988 -25.8136 0.799999
      vertex 42.2881 -25.8245 0.799999
    endloop
  endfacet
  facet normal 0.0979904 -0.995187 0
    outer loop
      vertex 42.3988 -25.8136 0.799999
      vertex 42.2881 -25.8245 0
      vertex 42.3988 -25.8136 0
    endloop
  endfacet
  facet normal -0.412719 -0.910859 0
    outer loop
      vertex 43.1606 -25.9394 0
      vertex 43.2619 -25.9853 0.799999
      vertex 43.1606 -25.9394 0.799999
    endloop
  endfacet
  facet normal -0.412719 -0.910859 -0
    outer loop
      vertex 43.2619 -25.9853 0.799999
      vertex 43.1606 -25.9394 0
      vertex 43.2619 -25.9853 0
    endloop
  endfacet
  facet normal -0.290482 0.956881 0
    outer loop
      vertex 43.0564 -29.1198 -1.6
      vertex 42.95 -29.1521 0.799999
      vertex 43.0564 -29.1198 0.799999
    endloop
  endfacet
  facet normal -0.290482 0.956881 0
    outer loop
      vertex 42.95 -29.1521 0.799999
      vertex 43.0564 -29.1198 -1.6
      vertex 42.95 -29.1521 -1.6
    endloop
  endfacet
  facet normal 0.634509 0.772915 -0
    outer loop
      vertex 41.4751 -28.8587 -1.6
      vertex 41.3891 -28.7881 0.799999
      vertex 41.4751 -28.8587 0.799999
    endloop
  endfacet
  facet normal 0.634509 0.772915 0
    outer loop
      vertex 41.3891 -28.7881 0.799999
      vertex 41.4751 -28.8587 -1.6
      vertex 41.3891 -28.7881 -1.6
    endloop
  endfacet
  facet normal -0.634509 -0.772915 0
    outer loop
      vertex 43.5449 -26.1613 0
      vertex 43.6309 -26.2319 0.799999
      vertex 43.5449 -26.1613 0.799999
    endloop
  endfacet
  facet normal -0.634509 -0.772915 -0
    outer loop
      vertex 43.6309 -26.2319 0.799999
      vertex 43.5449 -26.1613 0
      vertex 43.6309 -26.2319 0
    endloop
  endfacet
  facet normal 0.527654 0.84946 -0
    outer loop
      vertex 41.66 -28.9822 -1.6
      vertex 41.5655 -28.9235 0.799999
      vertex 41.66 -28.9822 0.799999
    endloop
  endfacet
  facet normal 0.527654 0.84946 0
    outer loop
      vertex 41.5655 -28.9235 0.799999
      vertex 41.66 -28.9822 -1.6
      vertex 41.5655 -28.9235 -1.6
    endloop
  endfacet
  facet normal 0.290482 0.956881 -0
    outer loop
      vertex 42.07 -29.1521 -1.6
      vertex 41.9636 -29.1198 0.799999
      vertex 42.07 -29.1521 0.799999
    endloop
  endfacet
  facet normal 0.290482 0.956881 0
    outer loop
      vertex 41.9636 -29.1198 0.799999
      vertex 42.07 -29.1521 -1.6
      vertex 41.9636 -29.1198 -1.6
    endloop
  endfacet
  facet normal -0.0323571 -0.999476 0
    outer loop
      vertex 42.51 -25.81 0
      vertex 42.6212 -25.8136 0.799999
      vertex 42.51 -25.81 0.799999
    endloop
  endfacet
  facet normal -0.0323571 -0.999476 -0
    outer loop
      vertex 42.6212 -25.8136 0.799999
      vertex 42.51 -25.81 0
      vertex 42.6212 -25.8136 0
    endloop
  endfacet
  facet normal -0.88168 0.471847 0
    outer loop
      vertex 43.9822 -28.36 -1.6
      vertex 44.0347 -28.2619 0.799999
      vertex 44.0347 -28.2619 -1.6
    endloop
  endfacet
  facet normal -0.88168 0.471847 0
    outer loop
      vertex 44.0347 -28.2619 0.799999
      vertex 43.9822 -28.36 -1.6
      vertex 43.9822 -28.36 0.799999
    endloop
  endfacet
  facet normal -0.97398 0.226633 0
    outer loop
      vertex 44.1521 -27.95 -1.6
      vertex 44.1773 -27.8417 0.799999
      vertex 44.1773 -27.8417 -1.6
    endloop
  endfacet
  facet normal -0.97398 0.226633 0
    outer loop
      vertex 44.1773 -27.8417 0.799999
      vertex 44.1521 -27.95 -1.6
      vertex 44.1521 -27.95 0.799999
    endloop
  endfacet
  facet normal 0.412719 0.910859 -0
    outer loop
      vertex 41.8594 -29.0806 -1.6
      vertex 41.7581 -29.0347 0.799999
      vertex 41.8594 -29.0806 0.799999
    endloop
  endfacet
  facet normal 0.412719 0.910859 0
    outer loop
      vertex 41.7581 -29.0347 0.799999
      vertex 41.8594 -29.0806 -1.6
      vertex 41.7581 -29.0347 -1.6
    endloop
  endfacet
  facet normal 0.995187 -0.0979904 0
    outer loop
      vertex 40.8136 -27.3988 0.799999
      vertex 40.8245 -27.2881 0
      vertex 40.8245 -27.2881 0.799999
    endloop
  endfacet
  facet normal 0.995187 -0.0979904 0
    outer loop
      vertex 40.8245 -27.2881 0
      vertex 40.8136 -27.3988 0.799999
      vertex 40.8136 -27.3988 0
    endloop
  endfacet
  facet normal 0.999476 0.0323571 0
    outer loop
      vertex 40.8136 -27.6212 0.799999
      vertex 40.81 -27.51 0
      vertex 40.81 -27.51 0.799999
    endloop
  endfacet
  facet normal 0.999476 0.0323571 0
    outer loop
      vertex 40.81 -27.51 0
      vertex 40.8136 -27.6212 0.799999
      vertex 40.8136 -27.6212 0
    endloop
  endfacet
  facet normal 0.956881 -0.290482 0
    outer loop
      vertex 40.8679 -27.07 0.799999
      vertex 40.9002 -26.9636 0
      vertex 40.9002 -26.9636 0.799999
    endloop
  endfacet
  facet normal 0.956881 -0.290482 0
    outer loop
      vertex 40.9002 -26.9636 0
      vertex 40.8679 -27.07 0.799999
      vertex 40.8679 -27.07 0
    endloop
  endfacet
  facet normal -0.527654 0.84946 0
    outer loop
      vertex 43.4545 -28.9235 -1.6
      vertex 43.36 -28.9822 0.799999
      vertex 43.4545 -28.9235 0.799999
    endloop
  endfacet
  facet normal -0.527654 0.84946 0
    outer loop
      vertex 43.36 -28.9822 0.799999
      vertex 43.4545 -28.9235 -1.6
      vertex 43.36 -28.9822 -1.6
    endloop
  endfacet
  facet normal -0.683343 0.730098 0
    outer loop
      vertex 43.7121 -28.7121 -1.6
      vertex 43.6309 -28.7881 0.799999
      vertex 43.7121 -28.7121 0.799999
    endloop
  endfacet
  facet normal -0.683343 0.730098 0
    outer loop
      vertex 43.6309 -28.7881 0.799999
      vertex 43.7121 -28.7121 -1.6
      vertex 43.6309 -28.7881 -1.6
    endloop
  endfacet
  facet normal 0.471847 -0.88168 0
    outer loop
      vertex 41.66 -26.0378 0
      vertex 41.7581 -25.9853 0.799999
      vertex 41.66 -26.0378 0.799999
    endloop
  endfacet
  facet normal 0.471847 -0.88168 0
    outer loop
      vertex 41.7581 -25.9853 0.799999
      vertex 41.66 -26.0378 0
      vertex 41.7581 -25.9853 0
    endloop
  endfacet
  facet normal 0.226633 -0.97398 0
    outer loop
      vertex 42.07 -25.8679 0
      vertex 42.1783 -25.8427 0.799999
      vertex 42.07 -25.8679 0.799999
    endloop
  endfacet
  facet normal 0.226633 -0.97398 0
    outer loop
      vertex 42.1783 -25.8427 0.799999
      vertex 42.07 -25.8679 0
      vertex 42.1783 -25.8427 0
    endloop
  endfacet
  facet normal 0.290482 -0.956881 0
    outer loop
      vertex 41.9636 -25.9002 0
      vertex 42.07 -25.8679 0.799999
      vertex 41.9636 -25.9002 0.799999
    endloop
  endfacet
  facet normal 0.290482 -0.956881 0
    outer loop
      vertex 42.07 -25.8679 0.799999
      vertex 41.9636 -25.9002 0
      vertex 42.07 -25.8679 0
    endloop
  endfacet
  facet normal 0.163525 0.986539 -0
    outer loop
      vertex 42.2881 -29.1955 -1.6
      vertex 42.1783 -29.1773 0.799999
      vertex 42.2881 -29.1955 0.799999
    endloop
  endfacet
  facet normal 0.163525 0.986539 0
    outer loop
      vertex 42.1783 -29.1773 0.799999
      vertex 42.2881 -29.1955 -1.6
      vertex 42.1783 -29.1773 -1.6
    endloop
  endfacet
  facet normal 0.81276 -0.582598 0
    outer loop
      vertex 41.0965 -26.5655 0.799999
      vertex 41.1613 -26.4751 0
      vertex 41.1613 -26.4751 0.799999
    endloop
  endfacet
  facet normal 0.81276 -0.582598 0
    outer loop
      vertex 41.1613 -26.4751 0
      vertex 41.0965 -26.5655 0.799999
      vertex 41.0965 -26.5655 0
    endloop
  endfacet
  facet normal 0.412719 -0.910859 0
    outer loop
      vertex 41.7581 -25.9853 0
      vertex 41.8594 -25.9394 0.799999
      vertex 41.7581 -25.9853 0.799999
    endloop
  endfacet
  facet normal 0.412719 -0.910859 0
    outer loop
      vertex 41.8594 -25.9394 0.799999
      vertex 41.7581 -25.9853 0
      vertex 41.8594 -25.9394 0
    endloop
  endfacet
  facet normal -0.995187 -0.0979904 0
    outer loop
      vertex 44.2064 27.6212 -1.6
      vertex 44.1955 27.7319 0.799999
      vertex 44.1955 27.7319 -1.6
    endloop
  endfacet
  facet normal -0.995187 -0.0979904 0
    outer loop
      vertex 44.1955 27.7319 0.799999
      vertex 44.2064 27.6212 -1.6
      vertex 44.2064 27.6212 0.799999
    endloop
  endfacet
  facet normal -0.999476 -0.0323571 0
    outer loop
      vertex 44.21 27.51 -1.6
      vertex 44.2064 27.6212 0.799999
      vertex 44.2064 27.6212 -1.6
    endloop
  endfacet
  facet normal -0.999476 -0.0323571 0
    outer loop
      vertex 44.2064 27.6212 0.799999
      vertex 44.21 27.51 -1.6
      vertex 44.21 27.51 0.799999
    endloop
  endfacet
  facet normal -0.986539 -0.163525 0
    outer loop
      vertex 44.1955 27.7319 -1.6
      vertex 44.1773 27.8417 0.799999
      vertex 44.1773 27.8417 -1.6
    endloop
  endfacet
  facet normal -0.986539 -0.163525 0
    outer loop
      vertex 44.1773 27.8417 0.799999
      vertex 44.1955 27.7319 -1.6
      vertex 44.1955 27.7319 0.799999
    endloop
  endfacet
  facet normal 0.730098 0.683343 0
    outer loop
      vertex 41.3079 26.3079 0.799999
      vertex 41.2319 26.3891 0
      vertex 41.2319 26.3891 0.799999
    endloop
  endfacet
  facet normal 0.730098 0.683343 0
    outer loop
      vertex 41.2319 26.3891 0
      vertex 41.3079 26.3079 0.799999
      vertex 41.3079 26.3079 0
    endloop
  endfacet
  facet normal 0.93596 -0.352108 0
    outer loop
      vertex 40.9002 28.0564 0.799999
      vertex 40.9394 28.1606 0
      vertex 40.9394 28.1606 0.799999
    endloop
  endfacet
  facet normal 0.93596 -0.352108 0
    outer loop
      vertex 40.9394 28.1606 0
      vertex 40.9002 28.0564 0.799999
      vertex 40.9002 28.0564 0
    endloop
  endfacet
  facet normal 0.81276 -0.582598 0
    outer loop
      vertex 41.0965 28.4545 0.799999
      vertex 41.1613 28.5449 0
      vertex 41.1613 28.5449 0.799999
    endloop
  endfacet
  facet normal 0.81276 -0.582598 0
    outer loop
      vertex 41.1613 28.5449 0
      vertex 41.0965 28.4545 0.799999
      vertex 41.0965 28.4545 0
    endloop
  endfacet
  facet normal -0.88168 0.471847 0
    outer loop
      vertex 43.9822 26.66 -1.6
      vertex 44.0347 26.7581 0.799999
      vertex 44.0347 26.7581 -1.6
    endloop
  endfacet
  facet normal -0.88168 0.471847 0
    outer loop
      vertex 44.0347 26.7581 0.799999
      vertex 43.9822 26.66 -1.6
      vertex 43.9822 26.66 0.799999
    endloop
  endfacet
  facet normal -0.986539 0.163525 0
    outer loop
      vertex 44.1773 27.1783 -1.6
      vertex 44.1955 27.2881 0.799999
      vertex 44.1955 27.2881 -1.6
    endloop
  endfacet
  facet normal -0.986539 0.163525 0
    outer loop
      vertex 44.1955 27.2881 0.799999
      vertex 44.1773 27.1783 -1.6
      vertex 44.1773 27.1783 0.799999
    endloop
  endfacet
  facet normal -0.0979904 0.995187 0
    outer loop
      vertex 42.7319 25.8245 0
      vertex 42.6212 25.8136 0.799999
      vertex 42.7319 25.8245 0.799999
    endloop
  endfacet
  facet normal -0.0979904 0.995187 0
    outer loop
      vertex 42.6212 25.8136 0.799999
      vertex 42.7319 25.8245 0
      vertex 42.6212 25.8136 0
    endloop
  endfacet
  facet normal 0.471847 -0.88168 0
    outer loop
      vertex 41.66 28.9822 -1.6
      vertex 41.7581 29.0347 0.799999
      vertex 41.66 28.9822 0.799999
    endloop
  endfacet
  facet normal 0.471847 -0.88168 0
    outer loop
      vertex 41.7581 29.0347 0.799999
      vertex 41.66 28.9822 -1.6
      vertex 41.7581 29.0347 -1.6
    endloop
  endfacet
  facet normal 0.0323571 0.999476 -0
    outer loop
      vertex 42.51 25.81 0
      vertex 42.3988 25.8136 0.799999
      vertex 42.51 25.81 0.799999
    endloop
  endfacet
  facet normal 0.0323571 0.999476 0
    outer loop
      vertex 42.3988 25.8136 0.799999
      vertex 42.51 25.81 0
      vertex 42.3988 25.8136 0
    endloop
  endfacet
  facet normal -0.352108 -0.93596 0
    outer loop
      vertex 43.0564 29.1198 -1.6
      vertex 43.1606 29.0806 0.799999
      vertex 43.0564 29.1198 0.799999
    endloop
  endfacet
  facet normal -0.352108 -0.93596 -0
    outer loop
      vertex 43.1606 29.0806 0.799999
      vertex 43.0564 29.1198 -1.6
      vertex 43.1606 29.0806 -1.6
    endloop
  endfacet
  facet normal -0.0323571 0.999476 0
    outer loop
      vertex 42.6212 25.8136 0
      vertex 42.51 25.81 0.799999
      vertex 42.6212 25.8136 0.799999
    endloop
  endfacet
  facet normal -0.0323571 0.999476 0
    outer loop
      vertex 42.51 25.81 0.799999
      vertex 42.6212 25.8136 0
      vertex 42.51 25.81 0
    endloop
  endfacet
  facet normal -0.163525 0.986539 0
    outer loop
      vertex 42.8417 25.8427 0
      vertex 42.7319 25.8245 0.799999
      vertex 42.8417 25.8427 0.799999
    endloop
  endfacet
  facet normal -0.163525 0.986539 0
    outer loop
      vertex 42.7319 25.8245 0.799999
      vertex 42.8417 25.8427 0
      vertex 42.7319 25.8245 0
    endloop
  endfacet
  facet normal 0.772915 0.634509 0
    outer loop
      vertex 41.2319 26.3891 0.799999
      vertex 41.1613 26.4751 0
      vertex 41.1613 26.4751 0.799999
    endloop
  endfacet
  facet normal 0.772915 0.634509 0
    outer loop
      vertex 41.1613 26.4751 0
      vertex 41.2319 26.3891 0.799999
      vertex 41.2319 26.3891 0
    endloop
  endfacet
  facet normal -0.290482 -0.956881 0
    outer loop
      vertex 42.95 29.1521 -1.6
      vertex 43.0564 29.1198 0.799999
      vertex 42.95 29.1521 0.799999
    endloop
  endfacet
  facet normal -0.290482 -0.956881 -0
    outer loop
      vertex 43.0564 29.1198 0.799999
      vertex 42.95 29.1521 -1.6
      vertex 43.0564 29.1198 -1.6
    endloop
  endfacet
  facet normal -0.527654 -0.84946 0
    outer loop
      vertex 43.36 28.9822 -1.6
      vertex 43.4545 28.9235 0.799999
      vertex 43.36 28.9822 0.799999
    endloop
  endfacet
  facet normal -0.527654 -0.84946 -0
    outer loop
      vertex 43.4545 28.9235 0.799999
      vertex 43.36 28.9822 -1.6
      vertex 43.4545 28.9235 -1.6
    endloop
  endfacet
  facet normal -0.999476 0.0323571 0
    outer loop
      vertex 44.2064 27.3988 -1.6
      vertex 44.21 27.51 0.799999
      vertex 44.21 27.51 -1.6
    endloop
  endfacet
  facet normal -0.999476 0.0323571 0
    outer loop
      vertex 44.21 27.51 0.799999
      vertex 44.2064 27.3988 -1.6
      vertex 44.2064 27.3988 0.799999
    endloop
  endfacet
  facet normal -0.730098 0.683343 0
    outer loop
      vertex 43.7121 26.3079 -1.6
      vertex 43.7881 26.3891 0.799999
      vertex 43.7881 26.3891 -1.6
    endloop
  endfacet
  facet normal -0.730098 0.683343 0
    outer loop
      vertex 43.7881 26.3891 0.799999
      vertex 43.7121 26.3079 -1.6
      vertex 43.7121 26.3079 0.799999
    endloop
  endfacet
  facet normal 0.88168 0.471847 0
    outer loop
      vertex 41.0378 26.66 0.799999
      vertex 40.9853 26.7581 0
      vertex 40.9853 26.7581 0.799999
    endloop
  endfacet
  facet normal 0.88168 0.471847 0
    outer loop
      vertex 40.9853 26.7581 0
      vertex 41.0378 26.66 0.799999
      vertex 41.0378 26.66 0
    endloop
  endfacet
  facet normal 0.956881 -0.290482 0
    outer loop
      vertex 40.8679 27.95 0.799999
      vertex 40.9002 28.0564 0
      vertex 40.9002 28.0564 0.799999
    endloop
  endfacet
  facet normal 0.956881 -0.290482 0
    outer loop
      vertex 40.9002 28.0564 0
      vertex 40.8679 27.95 0.799999
      vertex 40.8679 27.95 0
    endloop
  endfacet
  facet normal 0.683343 -0.730098 0
    outer loop
      vertex 41.3079 28.7121 -1.6
      vertex 41.3891 28.7881 0.799999
      vertex 41.3079 28.7121 0.799999
    endloop
  endfacet
  facet normal 0.683343 -0.730098 0
    outer loop
      vertex 41.3891 28.7881 0.799999
      vertex 41.3079 28.7121 -1.6
      vertex 41.3891 28.7881 -1.6
    endloop
  endfacet
  facet normal -0.97398 -0.226633 0
    outer loop
      vertex 44.1773 27.8417 -1.6
      vertex 44.1521 27.95 0.799999
      vertex 44.1521 27.95 -1.6
    endloop
  endfacet
  facet normal -0.97398 -0.226633 0
    outer loop
      vertex 44.1521 27.95 0.799999
      vertex 44.1773 27.8417 -1.6
      vertex 44.1773 27.8417 0.799999
    endloop
  endfacet
  facet normal 0.986539 0.163525 0
    outer loop
      vertex 40.8427 27.1783 0.799999
      vertex 40.8245 27.2881 0
      vertex 40.8245 27.2881 0.799999
    endloop
  endfacet
  facet normal 0.986539 0.163525 0
    outer loop
      vertex 40.8245 27.2881 0
      vertex 40.8427 27.1783 0.799999
      vertex 40.8427 27.1783 0
    endloop
  endfacet
  facet normal -0.910859 -0.412719 0
    outer loop
      vertex 44.0806 28.1606 -1.6
      vertex 44.0347 28.2619 0.799999
      vertex 44.0347 28.2619 -1.6
    endloop
  endfacet
  facet normal -0.910859 -0.412719 0
    outer loop
      vertex 44.0347 28.2619 0.799999
      vertex 44.0806 28.1606 -1.6
      vertex 44.0806 28.1606 0.799999
    endloop
  endfacet
  facet normal 0.163525 -0.986539 0
    outer loop
      vertex 42.1783 29.1773 -1.6
      vertex 42.2881 29.1955 0.799999
      vertex 42.1783 29.1773 0.799999
    endloop
  endfacet
  facet normal 0.163525 -0.986539 0
    outer loop
      vertex 42.2881 29.1955 0.799999
      vertex 42.1783 29.1773 -1.6
      vertex 42.2881 29.1955 -1.6
    endloop
  endfacet
  facet normal 0.226633 0.97398 -0
    outer loop
      vertex 42.1783 25.8427 0
      vertex 42.07 25.8679 0.799999
      vertex 42.1783 25.8427 0.799999
    endloop
  endfacet
  facet normal 0.226633 0.97398 0
    outer loop
      vertex 42.07 25.8679 0.799999
      vertex 42.1783 25.8427 0
      vertex 42.07 25.8679 0
    endloop
  endfacet
  facet normal 0.995187 -0.0979904 0
    outer loop
      vertex 40.8136 27.6212 0.799999
      vertex 40.8245 27.7319 0
      vertex 40.8245 27.7319 0.799999
    endloop
  endfacet
  facet normal 0.995187 -0.0979904 0
    outer loop
      vertex 40.8245 27.7319 0
      vertex 40.8136 27.6212 0.799999
      vertex 40.8136 27.6212 0
    endloop
  endfacet
  facet normal -0.81276 0.582598 0
    outer loop
      vertex 43.8587 26.4751 -1.6
      vertex 43.9235 26.5655 0.799999
      vertex 43.9235 26.5655 -1.6
    endloop
  endfacet
  facet normal -0.81276 0.582598 0
    outer loop
      vertex 43.9235 26.5655 0.799999
      vertex 43.8587 26.4751 -1.6
      vertex 43.8587 26.4751 0.799999
    endloop
  endfacet
  facet normal -0.634509 -0.772915 0
    outer loop
      vertex 43.5449 28.8587 -1.6
      vertex 43.6309 28.7881 0.799999
      vertex 43.5449 28.8587 0.799999
    endloop
  endfacet
  facet normal -0.634509 -0.772915 -0
    outer loop
      vertex 43.6309 28.7881 0.799999
      vertex 43.5449 28.8587 -1.6
      vertex 43.6309 28.7881 -1.6
    endloop
  endfacet
  facet normal 0.84946 0.527654 0
    outer loop
      vertex 41.0965 26.5655 0.799999
      vertex 41.0378 26.66 0
      vertex 41.0378 26.66 0.799999
    endloop
  endfacet
  facet normal 0.84946 0.527654 0
    outer loop
      vertex 41.0378 26.66 0
      vertex 41.0965 26.5655 0.799999
      vertex 41.0965 26.5655 0
    endloop
  endfacet
  facet normal 0.0979904 0.995187 -0
    outer loop
      vertex 42.3988 25.8136 0
      vertex 42.2881 25.8245 0.799999
      vertex 42.3988 25.8136 0.799999
    endloop
  endfacet
  facet normal 0.0979904 0.995187 0
    outer loop
      vertex 42.2881 25.8245 0.799999
      vertex 42.3988 25.8136 0
      vertex 42.2881 25.8245 0
    endloop
  endfacet
  facet normal 0.412719 -0.910859 0
    outer loop
      vertex 41.7581 29.0347 -1.6
      vertex 41.8594 29.0806 0.799999
      vertex 41.7581 29.0347 0.799999
    endloop
  endfacet
  facet normal 0.412719 -0.910859 0
    outer loop
      vertex 41.8594 29.0806 0.799999
      vertex 41.7581 29.0347 -1.6
      vertex 41.8594 29.0806 -1.6
    endloop
  endfacet
  facet normal -0.81276 -0.582598 0
    outer loop
      vertex 43.9235 28.4545 -1.6
      vertex 43.8587 28.5449 0.799999
      vertex 43.8587 28.5449 -1.6
    endloop
  endfacet
  facet normal -0.81276 -0.582598 0
    outer loop
      vertex 43.8587 28.5449 0.799999
      vertex 43.9235 28.4545 -1.6
      vertex 43.9235 28.4545 0.799999
    endloop
  endfacet
  facet normal -0.582598 -0.81276 0
    outer loop
      vertex 43.4545 28.9235 -1.6
      vertex 43.5449 28.8587 0.799999
      vertex 43.4545 28.9235 0.799999
    endloop
  endfacet
  facet normal -0.582598 -0.81276 -0
    outer loop
      vertex 43.5449 28.8587 0.799999
      vertex 43.4545 28.9235 -1.6
      vertex 43.5449 28.8587 -1.6
    endloop
  endfacet
  facet normal 0.352108 -0.93596 0
    outer loop
      vertex 41.8594 29.0806 -1.6
      vertex 41.9636 29.1198 0.799999
      vertex 41.8594 29.0806 0.799999
    endloop
  endfacet
  facet normal 0.352108 -0.93596 0
    outer loop
      vertex 41.9636 29.1198 0.799999
      vertex 41.8594 29.0806 -1.6
      vertex 41.9636 29.1198 -1.6
    endloop
  endfacet
  facet normal -0.910859 0.412719 0
    outer loop
      vertex 44.0347 26.7581 -1.6
      vertex 44.0806 26.8594 0.799999
      vertex 44.0806 26.8594 -1.6
    endloop
  endfacet
  facet normal -0.910859 0.412719 0
    outer loop
      vertex 44.0806 26.8594 0.799999
      vertex 44.0347 26.7581 -1.6
      vertex 44.0347 26.7581 0.799999
    endloop
  endfacet
  facet normal -0.956881 -0.290482 0
    outer loop
      vertex 44.1521 27.95 -1.6
      vertex 44.1198 28.0564 0.799999
      vertex 44.1198 28.0564 -1.6
    endloop
  endfacet
  facet normal -0.956881 -0.290482 0
    outer loop
      vertex 44.1198 28.0564 0.799999
      vertex 44.1521 27.95 -1.6
      vertex 44.1521 27.95 0.799999
    endloop
  endfacet
  facet normal 0.97398 0.226633 0
    outer loop
      vertex 40.8679 27.07 0.799999
      vertex 40.8427 27.1783 0
      vertex 40.8427 27.1783 0.799999
    endloop
  endfacet
  facet normal 0.97398 0.226633 0
    outer loop
      vertex 40.8427 27.1783 0
      vertex 40.8679 27.07 0.799999
      vertex 40.8679 27.07 0
    endloop
  endfacet
  facet normal -0.97398 0.226633 0
    outer loop
      vertex 44.1521 27.07 -1.6
      vertex 44.1773 27.1783 0.799999
      vertex 44.1773 27.1783 -1.6
    endloop
  endfacet
  facet normal -0.97398 0.226633 0
    outer loop
      vertex 44.1773 27.1783 0.799999
      vertex 44.1521 27.07 -1.6
      vertex 44.1521 27.07 0.799999
    endloop
  endfacet
  facet normal 0.163525 0.986539 -0
    outer loop
      vertex 42.2881 25.8245 0
      vertex 42.1783 25.8427 0.799999
      vertex 42.2881 25.8245 0.799999
    endloop
  endfacet
  facet normal 0.163525 0.986539 0
    outer loop
      vertex 42.1783 25.8427 0.799999
      vertex 42.2881 25.8245 0
      vertex 42.1783 25.8427 0
    endloop
  endfacet
  facet normal 0.290482 -0.956881 0
    outer loop
      vertex 41.9636 29.1198 -1.6
      vertex 42.07 29.1521 0.799999
      vertex 41.9636 29.1198 0.799999
    endloop
  endfacet
  facet normal 0.290482 -0.956881 0
    outer loop
      vertex 42.07 29.1521 0.799999
      vertex 41.9636 29.1198 -1.6
      vertex 42.07 29.1521 -1.6
    endloop
  endfacet
  facet normal -0.683343 -0.730098 0
    outer loop
      vertex 43.6309 28.7881 -1.6
      vertex 43.7121 28.7121 0.799999
      vertex 43.6309 28.7881 0.799999
    endloop
  endfacet
  facet normal -0.683343 -0.730098 -0
    outer loop
      vertex 43.7121 28.7121 0.799999
      vertex 43.6309 28.7881 -1.6
      vertex 43.7121 28.7121 -1.6
    endloop
  endfacet
  facet normal 0.986539 -0.163525 0
    outer loop
      vertex 40.8245 27.7319 0.799999
      vertex 40.8427 27.8417 0
      vertex 40.8427 27.8417 0.799999
    endloop
  endfacet
  facet normal 0.986539 -0.163525 0
    outer loop
      vertex 40.8427 27.8417 0
      vertex 40.8245 27.7319 0.799999
      vertex 40.8245 27.7319 0
    endloop
  endfacet
  facet normal -0.84946 0.527654 0
    outer loop
      vertex 43.9235 26.5655 -1.6
      vertex 43.9822 26.66 0.799999
      vertex 43.9822 26.66 -1.6
    endloop
  endfacet
  facet normal -0.84946 0.527654 0
    outer loop
      vertex 43.9822 26.66 0.799999
      vertex 43.9235 26.5655 -1.6
      vertex 43.9235 26.5655 0.799999
    endloop
  endfacet
  facet normal -0.226633 -0.97398 0
    outer loop
      vertex 42.8417 29.1773 -1.6
      vertex 42.95 29.1521 0.799999
      vertex 42.8417 29.1773 0.799999
    endloop
  endfacet
  facet normal -0.226633 -0.97398 -0
    outer loop
      vertex 42.95 29.1521 0.799999
      vertex 42.8417 29.1773 -1.6
      vertex 42.95 29.1521 -1.6
    endloop
  endfacet
  facet normal -0.412719 -0.910859 0
    outer loop
      vertex 43.1606 29.0806 -1.6
      vertex 43.2619 29.0347 0.799999
      vertex 43.1606 29.0806 0.799999
    endloop
  endfacet
  facet normal -0.412719 -0.910859 -0
    outer loop
      vertex 43.2619 29.0347 0.799999
      vertex 43.1606 29.0806 -1.6
      vertex 43.2619 29.0347 -1.6
    endloop
  endfacet
  facet normal -0.93596 0.352108 0
    outer loop
      vertex 44.0806 26.8594 -1.6
      vertex 44.1198 26.9636 0.799999
      vertex 44.1198 26.9636 -1.6
    endloop
  endfacet
  facet normal -0.93596 0.352108 0
    outer loop
      vertex 44.1198 26.9636 0.799999
      vertex 44.0806 26.8594 -1.6
      vertex 44.0806 26.8594 0.799999
    endloop
  endfacet
  facet normal 0.88168 -0.471847 0
    outer loop
      vertex 40.9853 28.2619 0.799999
      vertex 41.0378 28.36 0
      vertex 41.0378 28.36 0.799999
    endloop
  endfacet
  facet normal 0.88168 -0.471847 0
    outer loop
      vertex 41.0378 28.36 0
      vertex 40.9853 28.2619 0.799999
      vertex 40.9853 28.2619 0
    endloop
  endfacet
  facet normal -0.995187 0.0979904 0
    outer loop
      vertex 44.1955 27.2881 -1.6
      vertex 44.2064 27.3988 0.799999
      vertex 44.2064 27.3988 -1.6
    endloop
  endfacet
  facet normal -0.995187 0.0979904 0
    outer loop
      vertex 44.2064 27.3988 0.799999
      vertex 44.1955 27.2881 -1.6
      vertex 44.1955 27.2881 0.799999
    endloop
  endfacet
  facet normal 0.956881 0.290482 0
    outer loop
      vertex 40.9002 26.9636 0.799999
      vertex 40.8679 27.07 0
      vertex 40.8679 27.07 0.799999
    endloop
  endfacet
  facet normal 0.956881 0.290482 0
    outer loop
      vertex 40.8679 27.07 0
      vertex 40.9002 26.9636 0.799999
      vertex 40.9002 26.9636 0
    endloop
  endfacet
  facet normal -0.290482 0.956881 0
    outer loop
      vertex 43.0564 25.9002 0
      vertex 42.95 25.8679 0.799999
      vertex 43.0564 25.9002 0.799999
    endloop
  endfacet
  facet normal -0.290482 0.956881 0
    outer loop
      vertex 42.95 25.8679 0.799999
      vertex 43.0564 25.9002 0
      vertex 42.95 25.8679 0
    endloop
  endfacet
  facet normal 0.97398 -0.226633 0
    outer loop
      vertex 40.8427 27.8417 0.799999
      vertex 40.8679 27.95 0
      vertex 40.8679 27.95 0.799999
    endloop
  endfacet
  facet normal 0.97398 -0.226633 0
    outer loop
      vertex 40.8679 27.95 0
      vertex 40.8427 27.8417 0.799999
      vertex 40.8427 27.8417 0
    endloop
  endfacet
  facet normal 0.0323571 -0.999476 0
    outer loop
      vertex 42.3988 29.2064 -1.6
      vertex 42.51 29.21 0.799999
      vertex 42.3988 29.2064 0.799999
    endloop
  endfacet
  facet normal 0.0323571 -0.999476 0
    outer loop
      vertex 42.51 29.21 0.799999
      vertex 42.3988 29.2064 -1.6
      vertex 42.51 29.21 -1.6
    endloop
  endfacet
  facet normal -0.527654 0.84946 0
    outer loop
      vertex 43.4545 26.0965 0
      vertex 43.36 26.0378 0.799999
      vertex 43.4545 26.0965 0.799999
    endloop
  endfacet
  facet normal -0.527654 0.84946 0
    outer loop
      vertex 43.36 26.0378 0.799999
      vertex 43.4545 26.0965 0
      vertex 43.36 26.0378 0
    endloop
  endfacet
  facet normal -0.84946 -0.527654 0
    outer loop
      vertex 43.9822 28.36 -1.6
      vertex 43.9235 28.4545 0.799999
      vertex 43.9235 28.4545 -1.6
    endloop
  endfacet
  facet normal -0.84946 -0.527654 0
    outer loop
      vertex 43.9235 28.4545 0.799999
      vertex 43.9822 28.36 -1.6
      vertex 43.9822 28.36 0.799999
    endloop
  endfacet
  facet normal 0.226633 -0.97398 0
    outer loop
      vertex 42.07 29.1521 -1.6
      vertex 42.1783 29.1773 0.799999
      vertex 42.07 29.1521 0.799999
    endloop
  endfacet
  facet normal 0.226633 -0.97398 0
    outer loop
      vertex 42.1783 29.1773 0.799999
      vertex 42.07 29.1521 -1.6
      vertex 42.1783 29.1773 -1.6
    endloop
  endfacet
  facet normal -0.0979904 -0.995187 0
    outer loop
      vertex 42.6212 29.2064 -1.6
      vertex 42.7319 29.1955 0.799999
      vertex 42.6212 29.2064 0.799999
    endloop
  endfacet
  facet normal -0.0979904 -0.995187 -0
    outer loop
      vertex 42.7319 29.1955 0.799999
      vertex 42.6212 29.2064 -1.6
      vertex 42.7319 29.1955 -1.6
    endloop
  endfacet
  facet normal -0.0323571 -0.999476 0
    outer loop
      vertex 42.51 29.21 -1.6
      vertex 42.6212 29.2064 0.799999
      vertex 42.51 29.21 0.799999
    endloop
  endfacet
  facet normal -0.0323571 -0.999476 -0
    outer loop
      vertex 42.6212 29.2064 0.799999
      vertex 42.51 29.21 -1.6
      vertex 42.6212 29.2064 -1.6
    endloop
  endfacet
  facet normal 0.93596 0.352108 0
    outer loop
      vertex 40.9394 26.8594 0.799999
      vertex 40.9002 26.9636 0
      vertex 40.9002 26.9636 0.799999
    endloop
  endfacet
  facet normal 0.93596 0.352108 0
    outer loop
      vertex 40.9002 26.9636 0
      vertex 40.9394 26.8594 0.799999
      vertex 40.9394 26.8594 0
    endloop
  endfacet
  facet normal -0.163525 -0.986539 0
    outer loop
      vertex 42.7319 29.1955 -1.6
      vertex 42.8417 29.1773 0.799999
      vertex 42.7319 29.1955 0.799999
    endloop
  endfacet
  facet normal -0.163525 -0.986539 -0
    outer loop
      vertex 42.8417 29.1773 0.799999
      vertex 42.7319 29.1955 -1.6
      vertex 42.8417 29.1773 -1.6
    endloop
  endfacet
  facet normal -0.772915 0.634509 0
    outer loop
      vertex 43.7881 26.3891 -1.6
      vertex 43.8587 26.4751 0.799999
      vertex 43.8587 26.4751 -1.6
    endloop
  endfacet
  facet normal -0.772915 0.634509 0
    outer loop
      vertex 43.8587 26.4751 0.799999
      vertex 43.7881 26.3891 -1.6
      vertex 43.7881 26.3891 0.799999
    endloop
  endfacet
  facet normal -0.730098 -0.683343 0
    outer loop
      vertex 43.7881 28.6309 -1.6
      vertex 43.7121 28.7121 0.799999
      vertex 43.7121 28.7121 -1.6
    endloop
  endfacet
  facet normal -0.730098 -0.683343 0
    outer loop
      vertex 43.7121 28.7121 0.799999
      vertex 43.7881 28.6309 -1.6
      vertex 43.7881 28.6309 0.799999
    endloop
  endfacet
  facet normal 0.683343 0.730098 -0
    outer loop
      vertex 41.3891 26.2319 0
      vertex 41.3079 26.3079 0.799999
      vertex 41.3891 26.2319 0.799999
    endloop
  endfacet
  facet normal 0.683343 0.730098 0
    outer loop
      vertex 41.3079 26.3079 0.799999
      vertex 41.3891 26.2319 0
      vertex 41.3079 26.3079 0
    endloop
  endfacet
  facet normal -0.88168 -0.471847 0
    outer loop
      vertex 44.0347 28.2619 -1.6
      vertex 43.9822 28.36 0.799999
      vertex 43.9822 28.36 -1.6
    endloop
  endfacet
  facet normal -0.88168 -0.471847 0
    outer loop
      vertex 43.9822 28.36 0.799999
      vertex 44.0347 28.2619 -1.6
      vertex 44.0347 28.2619 0.799999
    endloop
  endfacet
  facet normal -0.352108 0.93596 0
    outer loop
      vertex 43.1606 25.9394 0
      vertex 43.0564 25.9002 0.799999
      vertex 43.1606 25.9394 0.799999
    endloop
  endfacet
  facet normal -0.352108 0.93596 0
    outer loop
      vertex 43.0564 25.9002 0.799999
      vertex 43.1606 25.9394 0
      vertex 43.0564 25.9002 0
    endloop
  endfacet
  facet normal 0.772915 -0.634509 0
    outer loop
      vertex 41.1613 28.5449 0.799999
      vertex 41.2319 28.6309 0
      vertex 41.2319 28.6309 0.799999
    endloop
  endfacet
  facet normal 0.772915 -0.634509 0
    outer loop
      vertex 41.2319 28.6309 0
      vertex 41.1613 28.5449 0.799999
      vertex 41.1613 28.5449 0
    endloop
  endfacet
  facet normal -0.956881 0.290482 0
    outer loop
      vertex 44.1198 26.9636 -1.6
      vertex 44.1521 27.07 0.799999
      vertex 44.1521 27.07 -1.6
    endloop
  endfacet
  facet normal -0.956881 0.290482 0
    outer loop
      vertex 44.1521 27.07 0.799999
      vertex 44.1198 26.9636 -1.6
      vertex 44.1198 26.9636 0.799999
    endloop
  endfacet
  facet normal 0.81276 0.582598 0
    outer loop
      vertex 41.1613 26.4751 0.799999
      vertex 41.0965 26.5655 0
      vertex 41.0965 26.5655 0.799999
    endloop
  endfacet
  facet normal 0.81276 0.582598 0
    outer loop
      vertex 41.0965 26.5655 0
      vertex 41.1613 26.4751 0.799999
      vertex 41.1613 26.4751 0
    endloop
  endfacet
  facet normal 0.527654 -0.84946 0
    outer loop
      vertex 41.5655 28.9235 -1.6
      vertex 41.66 28.9822 0.799999
      vertex 41.5655 28.9235 0.799999
    endloop
  endfacet
  facet normal 0.527654 -0.84946 0
    outer loop
      vertex 41.66 28.9822 0.799999
      vertex 41.5655 28.9235 -1.6
      vertex 41.66 28.9822 -1.6
    endloop
  endfacet
  facet normal -0.93596 -0.352108 0
    outer loop
      vertex 44.1198 28.0564 -1.6
      vertex 44.0806 28.1606 0.799999
      vertex 44.0806 28.1606 -1.6
    endloop
  endfacet
  facet normal -0.93596 -0.352108 0
    outer loop
      vertex 44.0806 28.1606 0.799999
      vertex 44.1198 28.0564 -1.6
      vertex 44.1198 28.0564 0.799999
    endloop
  endfacet
  facet normal 0.352108 0.93596 -0
    outer loop
      vertex 41.9636 25.9002 0
      vertex 41.8594 25.9394 0.799999
      vertex 41.9636 25.9002 0.799999
    endloop
  endfacet
  facet normal 0.352108 0.93596 0
    outer loop
      vertex 41.8594 25.9394 0.799999
      vertex 41.9636 25.9002 0
      vertex 41.8594 25.9394 0
    endloop
  endfacet
  facet normal -0.471847 0.88168 0
    outer loop
      vertex 43.36 26.0378 0
      vertex 43.2619 25.9853 0.799999
      vertex 43.36 26.0378 0.799999
    endloop
  endfacet
  facet normal -0.471847 0.88168 0
    outer loop
      vertex 43.2619 25.9853 0.799999
      vertex 43.36 26.0378 0
      vertex 43.2619 25.9853 0
    endloop
  endfacet
  facet normal 0.527654 0.84946 -0
    outer loop
      vertex 41.66 26.0378 0
      vertex 41.5655 26.0965 0.799999
      vertex 41.66 26.0378 0.799999
    endloop
  endfacet
  facet normal 0.527654 0.84946 0
    outer loop
      vertex 41.5655 26.0965 0.799999
      vertex 41.66 26.0378 0
      vertex 41.5655 26.0965 0
    endloop
  endfacet
  facet normal 0.290482 0.956881 -0
    outer loop
      vertex 42.07 25.8679 0
      vertex 41.9636 25.9002 0.799999
      vertex 42.07 25.8679 0.799999
    endloop
  endfacet
  facet normal 0.290482 0.956881 0
    outer loop
      vertex 41.9636 25.9002 0.799999
      vertex 42.07 25.8679 0
      vertex 41.9636 25.9002 0
    endloop
  endfacet
  facet normal 0.995187 0.0979904 0
    outer loop
      vertex 40.8245 27.2881 0.799999
      vertex 40.8136 27.3988 0
      vertex 40.8136 27.3988 0.799999
    endloop
  endfacet
  facet normal 0.995187 0.0979904 0
    outer loop
      vertex 40.8136 27.3988 0
      vertex 40.8245 27.2881 0.799999
      vertex 40.8245 27.2881 0
    endloop
  endfacet
  facet normal 0.582598 -0.81276 0
    outer loop
      vertex 41.4751 28.8587 -1.6
      vertex 41.5655 28.9235 0.799999
      vertex 41.4751 28.8587 0.799999
    endloop
  endfacet
  facet normal 0.582598 -0.81276 0
    outer loop
      vertex 41.5655 28.9235 0.799999
      vertex 41.4751 28.8587 -1.6
      vertex 41.5655 28.9235 -1.6
    endloop
  endfacet
  facet normal 0.910859 -0.412719 0
    outer loop
      vertex 40.9394 28.1606 0.799999
      vertex 40.9853 28.2619 0
      vertex 40.9853 28.2619 0.799999
    endloop
  endfacet
  facet normal 0.910859 -0.412719 0
    outer loop
      vertex 40.9853 28.2619 0
      vertex 40.9394 28.1606 0.799999
      vertex 40.9394 28.1606 0
    endloop
  endfacet
  facet normal 0.910859 0.412719 0
    outer loop
      vertex 40.9853 26.7581 0.799999
      vertex 40.9394 26.8594 0
      vertex 40.9394 26.8594 0.799999
    endloop
  endfacet
  facet normal 0.910859 0.412719 0
    outer loop
      vertex 40.9394 26.8594 0
      vertex 40.9853 26.7581 0.799999
      vertex 40.9853 26.7581 0
    endloop
  endfacet
  facet normal -0.226633 0.97398 0
    outer loop
      vertex 42.95 25.8679 0
      vertex 42.8417 25.8427 0.799999
      vertex 42.95 25.8679 0.799999
    endloop
  endfacet
  facet normal -0.226633 0.97398 0
    outer loop
      vertex 42.8417 25.8427 0.799999
      vertex 42.95 25.8679 0
      vertex 42.8417 25.8427 0
    endloop
  endfacet
  facet normal 0.0979904 -0.995187 0
    outer loop
      vertex 42.2881 29.1955 -1.6
      vertex 42.3988 29.2064 0.799999
      vertex 42.2881 29.1955 0.799999
    endloop
  endfacet
  facet normal 0.0979904 -0.995187 0
    outer loop
      vertex 42.3988 29.2064 0.799999
      vertex 42.2881 29.1955 -1.6
      vertex 42.3988 29.2064 -1.6
    endloop
  endfacet
  facet normal -0.412719 0.910859 0
    outer loop
      vertex 43.2619 25.9853 0
      vertex 43.1606 25.9394 0.799999
      vertex 43.2619 25.9853 0.799999
    endloop
  endfacet
  facet normal -0.412719 0.910859 0
    outer loop
      vertex 43.1606 25.9394 0.799999
      vertex 43.2619 25.9853 0
      vertex 43.1606 25.9394 0
    endloop
  endfacet
  facet normal -0.634509 0.772915 0
    outer loop
      vertex 43.6309 26.2319 0
      vertex 43.5449 26.1613 0.799999
      vertex 43.6309 26.2319 0.799999
    endloop
  endfacet
  facet normal -0.634509 0.772915 0
    outer loop
      vertex 43.5449 26.1613 0.799999
      vertex 43.6309 26.2319 0
      vertex 43.5449 26.1613 0
    endloop
  endfacet
  facet normal 0.634509 0.772915 -0
    outer loop
      vertex 41.4751 26.1613 0
      vertex 41.3891 26.2319 0.799999
      vertex 41.4751 26.1613 0.799999
    endloop
  endfacet
  facet normal 0.634509 0.772915 0
    outer loop
      vertex 41.3891 26.2319 0.799999
      vertex 41.4751 26.1613 0
      vertex 41.3891 26.2319 0
    endloop
  endfacet
  facet normal 0.582598 0.81276 -0
    outer loop
      vertex 41.5655 26.0965 0
      vertex 41.4751 26.1613 0.799999
      vertex 41.5655 26.0965 0.799999
    endloop
  endfacet
  facet normal 0.582598 0.81276 0
    outer loop
      vertex 41.4751 26.1613 0.799999
      vertex 41.5655 26.0965 0
      vertex 41.4751 26.1613 0
    endloop
  endfacet
  facet normal 0.999476 0.0323571 0
    outer loop
      vertex 40.8136 27.3988 0.799999
      vertex 40.81 27.51 0
      vertex 40.81 27.51 0.799999
    endloop
  endfacet
  facet normal 0.999476 0.0323571 0
    outer loop
      vertex 40.81 27.51 0
      vertex 40.8136 27.3988 0.799999
      vertex 40.8136 27.3988 0
    endloop
  endfacet
  facet normal -0.471847 -0.88168 0
    outer loop
      vertex 43.2619 29.0347 -1.6
      vertex 43.36 28.9822 0.799999
      vertex 43.2619 29.0347 0.799999
    endloop
  endfacet
  facet normal -0.471847 -0.88168 -0
    outer loop
      vertex 43.36 28.9822 0.799999
      vertex 43.2619 29.0347 -1.6
      vertex 43.36 28.9822 -1.6
    endloop
  endfacet
  facet normal -0.582598 0.81276 0
    outer loop
      vertex 43.5449 26.1613 0
      vertex 43.4545 26.0965 0.799999
      vertex 43.5449 26.1613 0.799999
    endloop
  endfacet
  facet normal -0.582598 0.81276 0
    outer loop
      vertex 43.4545 26.0965 0.799999
      vertex 43.5449 26.1613 0
      vertex 43.4545 26.0965 0
    endloop
  endfacet
  facet normal -0.772915 -0.634509 0
    outer loop
      vertex 43.8587 28.5449 -1.6
      vertex 43.7881 28.6309 0.799999
      vertex 43.7881 28.6309 -1.6
    endloop
  endfacet
  facet normal -0.772915 -0.634509 0
    outer loop
      vertex 43.7881 28.6309 0.799999
      vertex 43.8587 28.5449 -1.6
      vertex 43.8587 28.5449 0.799999
    endloop
  endfacet
  facet normal 0.634509 -0.772915 0
    outer loop
      vertex 41.3891 28.7881 -1.6
      vertex 41.4751 28.8587 0.799999
      vertex 41.3891 28.7881 0.799999
    endloop
  endfacet
  facet normal 0.634509 -0.772915 0
    outer loop
      vertex 41.4751 28.8587 0.799999
      vertex 41.3891 28.7881 -1.6
      vertex 41.4751 28.8587 -1.6
    endloop
  endfacet
  facet normal 0.999476 -0.0323571 0
    outer loop
      vertex 40.81 27.51 0.799999
      vertex 40.8136 27.6212 0
      vertex 40.8136 27.6212 0.799999
    endloop
  endfacet
  facet normal 0.999476 -0.0323571 0
    outer loop
      vertex 40.8136 27.6212 0
      vertex 40.81 27.51 0.799999
      vertex 40.81 27.51 0
    endloop
  endfacet
  facet normal 0.412719 0.910859 -0
    outer loop
      vertex 41.8594 25.9394 0
      vertex 41.7581 25.9853 0.799999
      vertex 41.8594 25.9394 0.799999
    endloop
  endfacet
  facet normal 0.412719 0.910859 0
    outer loop
      vertex 41.7581 25.9853 0.799999
      vertex 41.8594 25.9394 0
      vertex 41.7581 25.9853 0
    endloop
  endfacet
  facet normal 0.730854 -0.682533 0
    outer loop
      vertex 41.3079 28.7121 0.799999
      vertex 41.2966 28.7 0
      vertex 41.3079 28.7121 -1.6
    endloop
  endfacet
  facet normal 0.730098 -0.683343 2.2928e-05
    outer loop
      vertex 41.2319 28.6309 0.799999
      vertex 41.2966 28.7 0
      vertex 41.3079 28.7121 0.799999
    endloop
  endfacet
  facet normal 0.729965 -0.683484 0
    outer loop
      vertex 41.2966 28.7 0
      vertex 41.2319 28.6309 0.799999
      vertex 41.2319 28.6309 0
    endloop
  endfacet
  facet normal 0.730854 -0.682533 0
    outer loop
      vertex 41.3079 28.7121 -1.6
      vertex 41.2966 28.7 0
      vertex 41.2966 28.7 -1.6
    endloop
  endfacet
  facet normal -0.683343 0.730098 2.2928e-05
    outer loop
      vertex 43.7121 26.3079 0.799999
      vertex 43.7 26.2966 0
      vertex 43.6309 26.2319 0.799999
    endloop
  endfacet
  facet normal -0.682533 0.730854 0
    outer loop
      vertex 43.7121 26.3079 -1.6
      vertex 43.7 26.2966 0
      vertex 43.7121 26.3079 0.799999
    endloop
  endfacet
  facet normal -0.682533 0.730854 0
    outer loop
      vertex 43.7 26.2966 0
      vertex 43.7121 26.3079 -1.6
      vertex 43.7 26.2966 -1.6
    endloop
  endfacet
  facet normal -0.683484 0.729965 0
    outer loop
      vertex 43.6309 26.2319 0.799999
      vertex 43.7 26.2966 0
      vertex 43.6309 26.2319 0
    endloop
  endfacet
  facet normal 0.84946 -0.527654 0
    outer loop
      vertex 41.0378 28.36 0.799999
      vertex 41.0965 28.4545 0
      vertex 41.0965 28.4545 0.799999
    endloop
  endfacet
  facet normal 0.84946 -0.527654 0
    outer loop
      vertex 41.0965 28.4545 0
      vertex 41.0378 28.36 0.799999
      vertex 41.0378 28.36 0
    endloop
  endfacet
  facet normal 0.471847 0.88168 -0
    outer loop
      vertex 41.7581 25.9853 0
      vertex 41.66 26.0378 0.799999
      vertex 41.7581 25.9853 0.799999
    endloop
  endfacet
  facet normal 0.471847 0.88168 0
    outer loop
      vertex 41.66 26.0378 0.799999
      vertex 41.7581 25.9853 0
      vertex 41.66 26.0378 0
    endloop
  endfacet
  facet normal -0.594788 0.426405 0.681474
    outer loop
      vertex -39.9787 -29.4524 2.4
      vertex -39.8574 -29.2832 2.4
      vertex -41.1613 -28.5449 0.799999
    endloop
  endfacet
  facet normal -0.72207 -0.119231 0.681468
    outer loop
      vertex -39.3466 -27.0935 2.4
      vertex -39.3805 -26.8882 2.4
      vertex -40.8245 -27.2881 0.799999
    endloop
  endfacet
  facet normal 0 0.731656 0.681674
    outer loop
      vertex -42.51 -29.21 0.799999
      vertex -42.5107 -30.7007 2.4
      vertex -42.51 -30.7007 2.4
    endloop
  endfacet
  facet normal 0.0236799 0.731446 0.681489
    outer loop
      vertex -42.5107 -30.7007 2.4
      vertex -42.51 -29.21 0.799999
      vertex -42.6212 -29.2064 0.799999
    endloop
  endfacet
  facet normal -0.731447 -0.0239127 0.681479
    outer loop
      vertex -39.3193 -27.51 2.4
      vertex -39.3261 -27.302 2.4
      vertex -40.81 -27.51 0.799999
    endloop
  endfacet
  facet normal -0.732386 0 0.68089
    outer loop
      vertex -40.8136 -27.3988 0.799999
      vertex -39.3261 -27.302 2.4
      vertex -39.3261 -27.3013 2.4
    endloop
  endfacet
  facet normal -0.731466 -0.0236805 0.681467
    outer loop
      vertex -39.3261 -27.302 2.4
      vertex -40.8136 -27.3988 0.799999
      vertex -40.81 -27.51 0.799999
    endloop
  endfacet
  facet normal -0.565664 0.464351 0.68147
    outer loop
      vertex -40.1107 -29.6132 2.4
      vertex -39.9787 -29.4524 2.4
      vertex -41.1613 -28.5449 0.799999
    endloop
  endfacet
  facet normal -0.608779 0.405853 0.681668
    outer loop
      vertex -41.0965 -28.4545 0.799999
      vertex -39.8574 -29.2832 2.4
      vertex -39.857 -29.2826 2.4
    endloop
  endfacet
  facet normal -0.594811 0.426369 0.681476
    outer loop
      vertex -39.8574 -29.2832 2.4
      vertex -41.0965 -28.4545 0.799999
      vertex -41.1613 -28.5449 0.799999
    endloop
  endfacet
  facet normal -0.594791 -0.426407 0.681469
    outer loop
      vertex -39.857 -25.7374 2.4
      vertex -39.9783 -25.5682 2.4
      vertex -41.0965 -26.5655 0.799999
    endloop
  endfacet
  facet normal -0.386264 0.621611 0.681469
    outer loop
      vertex -40.9141 -30.2728 2.4
      vertex -40.7374 -30.163 2.4
      vertex -41.5655 -28.9235 0.799999
    endloop
  endfacet
  facet normal 0.724332 -0.103476 0.681642
    outer loop
      vertex -45.6735 -27.0942 2.4
      vertex -44.1955 -27.2881 0.799999
      vertex -45.6734 -27.0935 2.4
    endloop
  endfacet
  facet normal 0.728319 -0.0717134 0.681475
    outer loop
      vertex -44.1955 -27.2881 0.799999
      vertex -45.6735 -27.0942 2.4
      vertex -44.2064 -27.3988 0.799999
    endloop
  endfacet
  facet normal 0.621611 0.386264 0.681469
    outer loop
      vertex -45.163 -29.2826 2.4
      vertex -43.9235 -28.4545 0.799999
      vertex -45.2728 -29.1059 2.4
    endloop
  endfacet
  facet normal 0 -0.732386 0.68089
    outer loop
      vertex -42.6212 -25.8136 0.799999
      vertex -42.718 -24.3261 2.4
      vertex -42.7187 -24.3261 2.4
    endloop
  endfacet
  facet normal 0.0236805 -0.731466 0.681467
    outer loop
      vertex -42.718 -24.3261 2.4
      vertex -42.6212 -25.8136 0.799999
      vertex -42.51 -25.81 0.799999
    endloop
  endfacet
  facet normal 0.666624 0.30202 0.681466
    outer loop
      vertex -45.3719 -28.9206 2.4
      vertex -44.0806 -28.1606 0.799999
      vertex -45.4578 -28.731 2.4
    endloop
  endfacet
  facet normal 0.700352 0.212356 0.681477
    outer loop
      vertex -45.5316 -28.535 2.4
      vertex -44.1521 -27.95 0.799999
      vertex -45.592 -28.3358 2.4
    endloop
  endfacet
  facet normal -0.257685 -0.684968 0.681482
    outer loop
      vertex -41.8594 -25.9394 0.799999
      vertex -41.2896 -24.5619 2.4
      vertex -41.9636 -25.9002 0.799999
    endloop
  endfacet
  facet normal -0.327595 -0.655189 0.680741
    outer loop
      vertex -41.2896 -24.5619 2.4
      vertex -41.8594 -25.9394 0.799999
      vertex -41.289 -24.5622 2.4
    endloop
  endfacet
  facet normal -0.700286 0.212587 0.681473
    outer loop
      vertex -40.9002 -28.0564 0.799999
      vertex -39.428 -28.3358 2.4
      vertex -40.8679 -27.95 0.799999
    endloop
  endfacet
  facet normal -0.703151 0.2009 0.682069
    outer loop
      vertex -39.428 -28.3358 2.4
      vertex -40.9002 -28.0564 0.799999
      vertex -39.4282 -28.3365 2.4
    endloop
  endfacet
  facet normal 0.212452 -0.700317 0.681484
    outer loop
      vertex -43.0564 -25.9002 0.799999
      vertex -43.3365 -24.4282 2.4
      vertex -43.5356 -24.4886 2.4
    endloop
  endfacet
  facet normal -0.0717413 0.728315 0.681477
    outer loop
      vertex -42.3013 -30.6939 2.4
      vertex -42.0942 -30.6735 2.4
      vertex -42.3988 -29.2064 0.799999
    endloop
  endfacet
  facet normal -0.0717421 -0.728323 0.681468
    outer loop
      vertex -42.2881 -25.8245 0.799999
      vertex -42.0935 -24.3466 2.4
      vertex -42.3006 -24.3262 2.4
    endloop
  endfacet
  facet normal 0.700352 -0.212356 0.681477
    outer loop
      vertex -44.1521 -27.07 0.799999
      vertex -45.5316 -26.485 2.4
      vertex -45.592 -26.6842 2.4
    endloop
  endfacet
  facet normal 0.731449 -0.0239128 0.681476
    outer loop
      vertex -44.2064 -27.3988 0.799999
      vertex -45.6939 -27.3013 2.4
      vertex -45.7007 -27.5093 2.4
    endloop
  endfacet
  facet normal -0.103476 0.724332 0.681642
    outer loop
      vertex -42.2881 -29.1955 0.799999
      vertex -42.0942 -30.6735 2.4
      vertex -42.0935 -30.6734 2.4
    endloop
  endfacet
  facet normal -0.0717134 0.728319 0.681475
    outer loop
      vertex -42.0942 -30.6735 2.4
      vertex -42.2881 -29.1955 0.799999
      vertex -42.3988 -29.2064 0.799999
    endloop
  endfacet
  facet normal 0.621669 0.386158 0.681476
    outer loop
      vertex -43.9822 -28.36 0.799999
      vertex -45.2728 -29.1059 2.4
      vertex -43.9235 -28.4545 0.799999
    endloop
  endfacet
  facet normal 0.609364 0.406243 0.680913
    outer loop
      vertex -45.2728 -29.1059 2.4
      vertex -43.9822 -28.36 0.799999
      vertex -45.2732 -29.1053 2.4
    endloop
  endfacet
  facet normal -0.257734 -0.684946 0.681485
    outer loop
      vertex -41.2896 -24.5619 2.4
      vertex -41.4844 -24.4886 2.4
      vertex -41.9636 -25.9002 0.799999
    endloop
  endfacet
  facet normal -0.212452 -0.700317 0.681484
    outer loop
      vertex -41.4844 -24.4886 2.4
      vertex -41.6835 -24.4282 2.4
      vertex -41.9636 -25.9002 0.799999
    endloop
  endfacet
  facet normal -0.165974 0.712775 0.681473
    outer loop
      vertex -41.8869 -30.6392 2.4
      vertex -41.6842 -30.592 2.4
      vertex -42.07 -29.1521 0.799999
    endloop
  endfacet
  facet normal -0.426407 0.594791 0.681469
    outer loop
      vertex -40.7374 -30.163 2.4
      vertex -40.5682 -30.0417 2.4
      vertex -41.5655 -28.9235 0.799999
    endloop
  endfacet
  facet normal -0.0236805 -0.731466 0.681467
    outer loop
      vertex -42.3988 -25.8136 0.799999
      vertex -42.302 -24.3261 2.4
      vertex -42.51 -25.81 0.799999
    endloop
  endfacet
  facet normal 0 -0.732386 0.68089
    outer loop
      vertex -42.302 -24.3261 2.4
      vertex -42.3988 -25.8136 0.799999
      vertex -42.3013 -24.3261 2.4
    endloop
  endfacet
  facet normal 0.345034 -0.645399 0.681477
    outer loop
      vertex -43.36 -26.0378 0.799999
      vertex -43.9218 -24.6487 2.4
      vertex -44.1053 -24.7468 2.4
    endloop
  endfacet
  facet normal -0.712775 0.165974 0.681473
    outer loop
      vertex -39.428 -28.3358 2.4
      vertex -39.3808 -28.1331 2.4
      vertex -40.8679 -27.95 0.799999
    endloop
  endfacet
  facet normal 0.464362 0.565654 0.681471
    outer loop
      vertex -43.6309 -28.7881 0.799999
      vertex -44.6132 -29.9093 2.4
      vertex -43.5449 -28.8587 0.799999
    endloop
  endfacet
  facet normal 0.407487 0.611231 0.678491
    outer loop
      vertex -44.6132 -29.9093 2.4
      vertex -43.6309 -28.7881 0.799999
      vertex -44.6138 -29.9089 2.4
    endloop
  endfacet
  facet normal -0.0717133 -0.728317 0.681477
    outer loop
      vertex -42.2881 -25.8245 0.799999
      vertex -42.3013 -24.3261 2.4
      vertex -42.3988 -25.8136 0.799999
    endloop
  endfacet
  facet normal -0.10377 -0.726388 0.679406
    outer loop
      vertex -42.3013 -24.3261 2.4
      vertex -42.2881 -25.8245 0.799999
      vertex -42.3006 -24.3262 2.4
    endloop
  endfacet
  facet normal 0.302047 0.66661 0.681468
    outer loop
      vertex -43.2619 -29.0347 0.799999
      vertex -43.9206 -30.3719 2.4
      vertex -43.1606 -29.0806 0.799999
    endloop
  endfacet
  facet normal 0.327216 0.654432 0.681652
    outer loop
      vertex -43.9206 -30.3719 2.4
      vertex -43.2619 -29.0347 0.799999
      vertex -43.9212 -30.3716 2.4
    endloop
  endfacet
  facet normal 0.119172 0.722061 0.681488
    outer loop
      vertex -42.9271 -30.6733 2.4
      vertex -42.8417 -29.1773 0.799999
      vertex -43.1325 -30.6394 2.4
    endloop
  endfacet
  facet normal 0.0717134 0.728319 0.681475
    outer loop
      vertex -42.7319 -29.1955 0.799999
      vertex -42.9258 -30.6735 2.4
      vertex -42.6212 -29.2064 0.799999
    endloop
  endfacet
  facet normal 0.103476 0.724332 0.681642
    outer loop
      vertex -42.9258 -30.6735 2.4
      vertex -42.7319 -29.1955 0.799999
      vertex -42.9265 -30.6734 2.4
    endloop
  endfacet
  facet normal -0.0239128 0.731449 0.681476
    outer loop
      vertex -42.3013 -30.6939 2.4
      vertex -42.3988 -29.2064 0.799999
      vertex -42.5093 -30.7007 2.4
    endloop
  endfacet
  facet normal 0.728319 0.0717134 0.681475
    outer loop
      vertex -45.6735 -27.9258 2.4
      vertex -44.1955 -27.7319 0.799999
      vertex -44.2064 -27.6212 0.799999
    endloop
  endfacet
  facet normal 0.724332 0.103476 0.681642
    outer loop
      vertex -44.1955 -27.7319 0.799999
      vertex -45.6735 -27.9258 2.4
      vertex -45.6734 -27.9265 2.4
    endloop
  endfacet
  facet normal -0.386356 -0.621544 0.681478
    outer loop
      vertex -40.7379 -24.8567 2.4
      vertex -40.9147 -24.7468 2.4
      vertex -41.66 -26.0378 0.799999
    endloop
  endfacet
  facet normal -0.119228 0.722051 0.681489
    outer loop
      vertex -42.0928 -30.6733 2.4
      vertex -41.8875 -30.6394 2.4
      vertex -42.1783 -29.1773 0.799999
    endloop
  endfacet
  facet normal 0.698886 -0.232962 0.67623
    outer loop
      vertex -45.6394 -26.8875 2.4
      vertex -44.1521 -27.07 0.799999
      vertex -45.6392 -26.8869 2.4
    endloop
  endfacet
  facet normal 0.712783 -0.165855 0.681493
    outer loop
      vertex -44.1521 -27.07 0.799999
      vertex -45.6394 -26.8875 2.4
      vertex -44.1773 -27.1783 0.799999
    endloop
  endfacet
  facet normal 0.69411 -0.23137 0.681674
    outer loop
      vertex -45.5316 -26.485 2.4
      vertex -44.1198 -26.9636 0.799999
      vertex -45.5314 -26.4844 2.4
    endloop
  endfacet
  facet normal 0.700271 -0.212582 0.68149
    outer loop
      vertex -44.1198 -26.9636 0.799999
      vertex -45.5316 -26.485 2.4
      vertex -44.1521 -27.07 0.799999
    endloop
  endfacet
  facet normal 0.712775 -0.165974 0.681473
    outer loop
      vertex -44.1521 -27.07 0.799999
      vertex -45.592 -26.6842 2.4
      vertex -45.6392 -26.8869 2.4
    endloop
  endfacet
  facet normal 0.257855 0.684918 0.681468
    outer loop
      vertex -43.5363 -30.5311 2.4
      vertex -43.1606 -29.0806 0.799999
      vertex -43.731 -30.4578 2.4
    endloop
  endfacet
  facet normal -0.684988 0.257692 0.681459
    outer loop
      vertex -40.9394 -28.1606 0.799999
      vertex -39.562 -28.7304 2.4
      vertex -40.9002 -28.0564 0.799999
    endloop
  endfacet
  facet normal -0.694932 0.231644 0.680743
    outer loop
      vertex -39.562 -28.7304 2.4
      vertex -40.9394 -28.1606 0.799999
      vertex -39.5622 -28.731 2.4
    endloop
  endfacet
  facet normal 0.594791 0.426407 0.681469
    outer loop
      vertex -45.0417 -29.4518 2.4
      vertex -43.9235 -28.4545 0.799999
      vertex -45.163 -29.2826 2.4
    endloop
  endfacet
  facet normal -0.119231 -0.72207 0.681468
    outer loop
      vertex -41.8882 -24.3805 2.4
      vertex -42.0935 -24.3466 2.4
      vertex -42.2881 -25.8245 0.799999
    endloop
  endfacet
  facet normal -0.731447 0.0239127 0.681479
    outer loop
      vertex -39.3261 -27.718 2.4
      vertex -39.3193 -27.51 2.4
      vertex -40.81 -27.51 0.799999
    endloop
  endfacet
  facet normal 0.534263 0.500146 0.681481
    outer loop
      vertex -44.7662 -29.7662 2.4
      vertex -43.7121 -28.7121 0.799999
      vertex -44.9084 -29.6143 2.4
    endloop
  endfacet
  facet normal -0.731466 0.0236805 0.681467
    outer loop
      vertex -40.8136 -27.6212 0.799999
      vertex -39.3261 -27.718 2.4
      vertex -40.81 -27.51 0.799999
    endloop
  endfacet
  facet normal -0.732386 0 0.68089
    outer loop
      vertex -39.3261 -27.718 2.4
      vertex -40.8136 -27.6212 0.799999
      vertex -39.3261 -27.7187 2.4
    endloop
  endfacet
  facet normal 0.621611 -0.386264 0.681469
    outer loop
      vertex -43.9235 -26.5655 0.799999
      vertex -45.163 -25.7374 2.4
      vertex -45.2728 -25.9141 2.4
    endloop
  endfacet
  facet normal -0.46417 -0.565795 0.681485
    outer loop
      vertex -40.4062 -25.1111 2.4
      vertex -40.5671 -24.9791 2.4
      vertex -41.3891 -26.2319 0.799999
    endloop
  endfacet
  facet normal 0.565664 0.464351 0.68147
    outer loop
      vertex -44.9093 -29.6132 2.4
      vertex -43.8587 -28.5449 0.799999
      vertex -45.0413 -29.4524 2.4
    endloop
  endfacet
  facet normal 0.684918 0.257855 0.681468
    outer loop
      vertex -45.4578 -28.731 2.4
      vertex -44.0806 -28.1606 0.799999
      vertex -45.5311 -28.5363 2.4
    endloop
  endfacet
  facet normal 0.517869 -0.517869 0.6809
    outer loop
      vertex -44.6143 -25.1116 2.4
      vertex -43.6309 -26.2319 0.799999
      vertex -44.6138 -25.1111 2.4
    endloop
  endfacet
  facet normal 0.500092 -0.534309 0.681485
    outer loop
      vertex -43.6309 -26.2319 0.799999
      vertex -44.6143 -25.1116 2.4
      vertex -43.7121 -26.3079 0.799999
    endloop
  endfacet
  facet normal -0.703151 -0.2009 0.682069
    outer loop
      vertex -40.9002 -26.9636 0.799999
      vertex -39.428 -26.6842 2.4
      vertex -39.4282 -26.6835 2.4
    endloop
  endfacet
  facet normal -0.700286 -0.212587 0.681473
    outer loop
      vertex -39.428 -26.6842 2.4
      vertex -40.9002 -26.9636 0.799999
      vertex -40.8679 -27.07 0.799999
    endloop
  endfacet
  facet normal 0.645399 0.345034 0.681477
    outer loop
      vertex -45.2732 -29.1053 2.4
      vertex -43.9822 -28.36 0.799999
      vertex -45.3713 -28.9218 2.4
    endloop
  endfacet
  facet normal -0.654432 0.327216 0.681652
    outer loop
      vertex -40.9853 -28.2619 0.799999
      vertex -39.6487 -28.9218 2.4
      vertex -39.6484 -28.9212 2.4
    endloop
  endfacet
  facet normal -0.645262 0.345324 0.68146
    outer loop
      vertex -39.6487 -28.9218 2.4
      vertex -40.9853 -28.2619 0.799999
      vertex -41.0378 -28.36 0.799999
    endloop
  endfacet
  facet normal -0.257855 0.684918 0.681468
    outer loop
      vertex -41.4837 -30.5311 2.4
      vertex -41.289 -30.4578 2.4
      vertex -41.8594 -29.0806 0.799999
    endloop
  endfacet
  facet normal 0.405853 -0.608779 0.681668
    outer loop
      vertex -44.2832 -24.8574 2.4
      vertex -43.4545 -26.0965 0.799999
      vertex -44.2826 -24.857 2.4
    endloop
  endfacet
  facet normal 0.426369 -0.594811 0.681476
    outer loop
      vertex -43.4545 -26.0965 0.799999
      vertex -44.2832 -24.8574 2.4
      vertex -43.5449 -26.1613 0.799999
    endloop
  endfacet
  facet normal -0.500146 -0.534263 0.681481
    outer loop
      vertex -40.2538 -25.2538 2.4
      vertex -40.4057 -25.1116 2.4
      vertex -41.3079 -26.3079 0.799999
    endloop
  endfacet
  facet normal 0.728315 0.0717413 0.681477
    outer loop
      vertex -45.6735 -27.9258 2.4
      vertex -44.2064 -27.6212 0.799999
      vertex -45.6939 -27.7187 2.4
    endloop
  endfacet
  facet normal -0.212454 0.700324 0.681476
    outer loop
      vertex -41.6842 -30.592 2.4
      vertex -41.4851 -30.5316 2.4
      vertex -42.07 -29.1521 0.799999
    endloop
  endfacet
  facet normal -0.724792 -0.103542 0.681143
    outer loop
      vertex -40.8427 -27.1783 0.799999
      vertex -39.3805 -26.8882 2.4
      vertex -39.3806 -26.8875 2.4
    endloop
  endfacet
  facet normal -0.721975 -0.119672 0.681492
    outer loop
      vertex -39.3805 -26.8882 2.4
      vertex -40.8427 -27.1783 0.799999
      vertex -40.8245 -27.2881 0.799999
    endloop
  endfacet
  facet normal -0.728317 0.0717133 0.681477
    outer loop
      vertex -40.8245 -27.7319 0.799999
      vertex -39.3261 -27.7187 2.4
      vertex -40.8136 -27.6212 0.799999
    endloop
  endfacet
  facet normal -0.726388 0.10377 0.679406
    outer loop
      vertex -39.3261 -27.7187 2.4
      vertex -40.8245 -27.7319 0.799999
      vertex -39.3262 -27.7194 2.4
    endloop
  endfacet
  facet normal -0.376643 -0.627739 0.681237
    outer loop
      vertex -40.7379 -24.8567 2.4
      vertex -41.5655 -26.0965 0.799999
      vertex -40.7374 -24.857 2.4
    endloop
  endfacet
  facet normal -0.386164 -0.621678 0.681465
    outer loop
      vertex -41.5655 -26.0965 0.799999
      vertex -40.7379 -24.8567 2.4
      vertex -41.66 -26.0378 0.799999
    endloop
  endfacet
  facet normal 0.0717413 0.728315 0.681477
    outer loop
      vertex -42.7187 -30.6939 2.4
      vertex -42.6212 -29.2064 0.799999
      vertex -42.9258 -30.6735 2.4
    endloop
  endfacet
  facet normal 0.712775 0.165974 0.681473
    outer loop
      vertex -45.592 -28.3358 2.4
      vertex -44.1521 -27.95 0.799999
      vertex -45.6392 -28.1331 2.4
    endloop
  endfacet
  facet normal 0.565654 0.464362 0.681471
    outer loop
      vertex -44.9093 -29.6132 2.4
      vertex -43.7881 -28.6309 0.799999
      vertex -43.8587 -28.5449 0.799999
    endloop
  endfacet
  facet normal 0.611231 0.407487 0.678491
    outer loop
      vertex -43.7881 -28.6309 0.799999
      vertex -44.9093 -29.6132 2.4
      vertex -44.9089 -29.6138 2.4
    endloop
  endfacet
  facet normal 0.722061 0.119172 0.681488
    outer loop
      vertex -45.6394 -28.1325 2.4
      vertex -44.1773 -27.8417 0.799999
      vertex -45.6733 -27.9271 2.4
    endloop
  endfacet
  facet normal 0.103542 -0.724792 0.681143
    outer loop
      vertex -42.8417 -25.8427 0.799999
      vertex -43.1318 -24.3805 2.4
      vertex -43.1325 -24.3806 2.4
    endloop
  endfacet
  facet normal 0.119672 -0.721975 0.681492
    outer loop
      vertex -43.1318 -24.3805 2.4
      vertex -42.8417 -25.8427 0.799999
      vertex -42.7319 -25.8245 0.799999
    endloop
  endfacet
  facet normal 0.609406 -0.406271 0.680859
    outer loop
      vertex -45.0417 -25.5682 2.4
      vertex -43.8587 -26.4751 0.799999
      vertex -45.0413 -25.5676 2.4
    endloop
  endfacet
  facet normal 0.594818 -0.426374 0.681467
    outer loop
      vertex -43.8587 -26.4751 0.799999
      vertex -45.0417 -25.5682 2.4
      vertex -43.9235 -26.5655 0.799999
    endloop
  endfacet
  facet normal 0.684918 -0.257855 0.681468
    outer loop
      vertex -44.0806 -26.8594 0.799999
      vertex -45.4578 -26.289 2.4
      vertex -45.5311 -26.4837 2.4
    endloop
  endfacet
  facet normal 0.731656 0 0.681674
    outer loop
      vertex -44.21 -27.51 0.799999
      vertex -45.7007 -27.5093 2.4
      vertex -45.7007 -27.51 2.4
    endloop
  endfacet
  facet normal 0.731446 -0.0236799 0.681489
    outer loop
      vertex -45.7007 -27.5093 2.4
      vertex -44.21 -27.51 0.799999
      vertex -44.2064 -27.3988 0.799999
    endloop
  endfacet
  facet normal -0.565654 0.464362 0.681471
    outer loop
      vertex -41.2319 -28.6309 0.799999
      vertex -40.1107 -29.6132 2.4
      vertex -41.1613 -28.5449 0.799999
    endloop
  endfacet
  facet normal -0.611231 0.407487 0.678491
    outer loop
      vertex -40.1107 -29.6132 2.4
      vertex -41.2319 -28.6309 0.799999
      vertex -40.1111 -29.6138 2.4
    endloop
  endfacet
  facet normal 0.731656 -0 0.681674
    outer loop
      vertex -45.7007 -27.5107 2.4
      vertex -44.21 -27.51 0.799999
      vertex -45.7007 -27.51 2.4
    endloop
  endfacet
  facet normal 0.731446 0.0236799 0.681489
    outer loop
      vertex -44.21 -27.51 0.799999
      vertex -45.7007 -27.5107 2.4
      vertex -44.2064 -27.6212 0.799999
    endloop
  endfacet
  facet normal -0.345034 -0.645399 0.681477
    outer loop
      vertex -40.9147 -24.7468 2.4
      vertex -41.0982 -24.6487 2.4
      vertex -41.66 -26.0378 0.799999
    endloop
  endfacet
  facet normal 0.0239127 -0.731447 0.681479
    outer loop
      vertex -42.51 -25.81 0.799999
      vertex -42.51 -24.3193 2.4
      vertex -42.718 -24.3261 2.4
    endloop
  endfacet
  facet normal 0.500146 -0.534263 0.681481
    outer loop
      vertex -43.7121 -26.3079 0.799999
      vertex -44.6143 -25.1116 2.4
      vertex -44.7662 -25.2538 2.4
    endloop
  endfacet
  facet normal -0.666624 -0.30202 0.681466
    outer loop
      vertex -39.5622 -26.289 2.4
      vertex -39.6481 -26.0994 2.4
      vertex -40.9394 -26.8594 0.799999
    endloop
  endfacet
  facet normal -0.621544 -0.386356 0.681478
    outer loop
      vertex -39.7468 -25.9147 2.4
      vertex -39.8567 -25.7379 2.4
      vertex -41.0378 -26.66 0.799999
    endloop
  endfacet
  facet normal 0.712783 0.165855 0.681493
    outer loop
      vertex -45.6394 -28.1325 2.4
      vertex -44.1521 -27.95 0.799999
      vertex -44.1773 -27.8417 0.799999
    endloop
  endfacet
  facet normal 0.698886 0.232962 0.67623
    outer loop
      vertex -44.1521 -27.95 0.799999
      vertex -45.6394 -28.1325 2.4
      vertex -45.6392 -28.1331 2.4
    endloop
  endfacet
  facet normal -0.627739 -0.376643 0.681237
    outer loop
      vertex -41.0965 -26.5655 0.799999
      vertex -39.8567 -25.7379 2.4
      vertex -39.857 -25.7374 2.4
    endloop
  endfacet
  facet normal -0.621678 -0.386164 0.681465
    outer loop
      vertex -39.8567 -25.7379 2.4
      vertex -41.0965 -26.5655 0.799999
      vertex -41.0378 -26.66 0.799999
    endloop
  endfacet
  facet normal -0.30202 0.666624 0.681466
    outer loop
      vertex -41.289 -30.4578 2.4
      vertex -41.0994 -30.3719 2.4
      vertex -41.8594 -29.0806 0.799999
    endloop
  endfacet
  facet normal -0.103396 0.723771 0.68225
    outer loop
      vertex -42.1783 -29.1773 0.799999
      vertex -42.0935 -30.6734 2.4
      vertex -42.0928 -30.6733 2.4
    endloop
  endfacet
  facet normal -0.119676 0.722003 0.681461
    outer loop
      vertex -42.0935 -30.6734 2.4
      vertex -42.1783 -29.1773 0.799999
      vertex -42.2881 -29.1955 0.799999
    endloop
  endfacet
  facet normal -0.72207 0.119231 0.681468
    outer loop
      vertex -39.3805 -28.1318 2.4
      vertex -39.3466 -27.9265 2.4
      vertex -40.8245 -27.7319 0.799999
    endloop
  endfacet
  facet normal -0.700317 0.212452 0.681484
    outer loop
      vertex -39.4886 -28.5356 2.4
      vertex -39.4282 -28.3365 2.4
      vertex -40.9002 -28.0564 0.799999
    endloop
  endfacet
  facet normal -0.684835 0.258044 0.681479
    outer loop
      vertex -39.562 -28.7304 2.4
      vertex -39.4886 -28.5356 2.4
      vertex -40.9002 -28.0564 0.799999
    endloop
  endfacet
  facet normal -0.345324 0.645262 0.68146
    outer loop
      vertex -41.7581 -29.0347 0.799999
      vertex -41.0982 -30.3713 2.4
      vertex -41.66 -28.9822 0.799999
    endloop
  endfacet
  facet normal -0.327216 0.654432 0.681652
    outer loop
      vertex -41.0982 -30.3713 2.4
      vertex -41.7581 -29.0347 0.799999
      vertex -41.0988 -30.3716 2.4
    endloop
  endfacet
  facet normal -0.327216 0.654432 0.681652
    outer loop
      vertex -41.7581 -29.0347 0.799999
      vertex -41.0994 -30.3719 2.4
      vertex -41.0988 -30.3716 2.4
    endloop
  endfacet
  facet normal -0.302047 0.66661 0.681468
    outer loop
      vertex -41.0994 -30.3719 2.4
      vertex -41.7581 -29.0347 0.799999
      vertex -41.8594 -29.0806 0.799999
    endloop
  endfacet
  facet normal -0.728323 0.0717421 0.681468
    outer loop
      vertex -39.3466 -27.9265 2.4
      vertex -39.3262 -27.7194 2.4
      vertex -40.8245 -27.7319 0.799999
    endloop
  endfacet
  facet normal -0.684835 -0.258044 0.681479
    outer loop
      vertex -39.4886 -26.4844 2.4
      vertex -39.562 -26.2896 2.4
      vertex -40.9002 -26.9636 0.799999
    endloop
  endfacet
  facet normal -0.517869 0.517869 0.6809
    outer loop
      vertex -41.2319 -28.6309 0.799999
      vertex -40.1116 -29.6143 2.4
      vertex -40.1111 -29.6138 2.4
    endloop
  endfacet
  facet normal -0.534309 0.500092 0.681485
    outer loop
      vertex -40.1116 -29.6143 2.4
      vertex -41.2319 -28.6309 0.799999
      vertex -41.3079 -28.7121 0.799999
    endloop
  endfacet
  facet normal -0.345034 0.645399 0.681477
    outer loop
      vertex -41.0982 -30.3713 2.4
      vertex -40.9147 -30.2732 2.4
      vertex -41.66 -28.9822 0.799999
    endloop
  endfacet
  facet normal 0.500092 0.534309 0.681485
    outer loop
      vertex -44.6143 -29.9084 2.4
      vertex -43.6309 -28.7881 0.799999
      vertex -43.7121 -28.7121 0.799999
    endloop
  endfacet
  facet normal 0.517869 0.517869 0.6809
    outer loop
      vertex -43.6309 -28.7881 0.799999
      vertex -44.6143 -29.9084 2.4
      vertex -44.6138 -29.9089 2.4
    endloop
  endfacet
  facet normal -0.289067 0.674489 0.679342
    outer loop
      vertex -41.8594 -29.0806 0.799999
      vertex -41.4844 -30.5314 2.4
      vertex -41.4837 -30.5311 2.4
    endloop
  endfacet
  facet normal -0.257683 0.684965 0.681486
    outer loop
      vertex -41.4844 -30.5314 2.4
      vertex -41.8594 -29.0806 0.799999
      vertex -41.9636 -29.1198 0.799999
    endloop
  endfacet
  facet normal -0.654432 -0.327216 0.681652
    outer loop
      vertex -39.6487 -26.0982 2.4
      vertex -40.9853 -26.7581 0.799999
      vertex -39.6484 -26.0988 2.4
    endloop
  endfacet
  facet normal -0.645262 -0.345324 0.68146
    outer loop
      vertex -40.9853 -26.7581 0.799999
      vertex -39.6487 -26.0982 2.4
      vertex -41.0378 -26.66 0.799999
    endloop
  endfacet
  facet normal -0.645399 -0.345034 0.681477
    outer loop
      vertex -39.6487 -26.0982 2.4
      vertex -39.7468 -25.9147 2.4
      vertex -41.0378 -26.66 0.799999
    endloop
  endfacet
  facet normal -0.66661 0.302047 0.681468
    outer loop
      vertex -40.9853 -28.2619 0.799999
      vertex -39.6481 -28.9206 2.4
      vertex -40.9394 -28.1606 0.799999
    endloop
  endfacet
  facet normal -0.654432 0.327216 0.681652
    outer loop
      vertex -39.6481 -28.9206 2.4
      vertex -40.9853 -28.2619 0.799999
      vertex -39.6484 -28.9212 2.4
    endloop
  endfacet
  facet normal -0.406271 0.609406 0.680859
    outer loop
      vertex -41.4751 -28.8587 0.799999
      vertex -40.5682 -30.0417 2.4
      vertex -40.5676 -30.0413 2.4
    endloop
  endfacet
  facet normal -0.426374 0.594818 0.681467
    outer loop
      vertex -40.5682 -30.0417 2.4
      vertex -41.4751 -28.8587 0.799999
      vertex -41.5655 -28.9235 0.799999
    endloop
  endfacet
  facet normal -0.201112 0.703892 0.681241
    outer loop
      vertex -41.9636 -29.1198 0.799999
      vertex -41.4851 -30.5316 2.4
      vertex -41.4844 -30.5314 2.4
    endloop
  endfacet
  facet normal -0.212584 0.700278 0.681483
    outer loop
      vertex -41.4851 -30.5316 2.4
      vertex -41.9636 -29.1198 0.799999
      vertex -42.07 -29.1521 0.799999
    endloop
  endfacet
  facet normal 0.327216 -0.654432 0.681652
    outer loop
      vertex -43.9218 -24.6487 2.4
      vertex -43.2619 -25.9853 0.799999
      vertex -43.9212 -24.6484 2.4
    endloop
  endfacet
  facet normal 0.345324 -0.645262 0.68146
    outer loop
      vertex -43.2619 -25.9853 0.799999
      vertex -43.9218 -24.6487 2.4
      vertex -43.36 -26.0378 0.799999
    endloop
  endfacet
  facet normal 0.674489 -0.289067 0.679342
    outer loop
      vertex -45.5314 -26.4844 2.4
      vertex -44.0806 -26.8594 0.799999
      vertex -45.5311 -26.4837 2.4
    endloop
  endfacet
  facet normal 0.684965 -0.257683 0.681486
    outer loop
      vertex -44.0806 -26.8594 0.799999
      vertex -45.5314 -26.4844 2.4
      vertex -44.1198 -26.9636 0.799999
    endloop
  endfacet
  facet normal -0.232962 0.698886 0.67623
    outer loop
      vertex -42.07 -29.1521 0.799999
      vertex -41.8875 -30.6394 2.4
      vertex -41.8869 -30.6392 2.4
    endloop
  endfacet
  facet normal -0.165855 0.712783 0.681493
    outer loop
      vertex -41.8875 -30.6394 2.4
      vertex -42.07 -29.1521 0.799999
      vertex -42.1783 -29.1773 0.799999
    endloop
  endfacet
  facet normal 0.666624 -0.30202 0.681466
    outer loop
      vertex -44.0806 -26.8594 0.799999
      vertex -45.3719 -26.0994 2.4
      vertex -45.4578 -26.289 2.4
    endloop
  endfacet
  facet normal -0.426407 -0.594791 0.681469
    outer loop
      vertex -40.5682 -24.9783 2.4
      vertex -40.7374 -24.857 2.4
      vertex -41.5655 -26.0965 0.799999
    endloop
  endfacet
  facet normal 0.2009 -0.703151 0.682069
    outer loop
      vertex -43.0564 -25.9002 0.799999
      vertex -43.3358 -24.428 2.4
      vertex -43.3365 -24.4282 2.4
    endloop
  endfacet
  facet normal 0.212587 -0.700286 0.681473
    outer loop
      vertex -43.3358 -24.428 2.4
      vertex -43.0564 -25.9002 0.799999
      vertex -42.95 -25.8679 0.799999
    endloop
  endfacet
  facet normal 0.345324 0.645262 0.68146
    outer loop
      vertex -43.9218 -30.3713 2.4
      vertex -43.2619 -29.0347 0.799999
      vertex -43.36 -28.9822 0.799999
    endloop
  endfacet
  facet normal 0.327216 0.654432 0.681652
    outer loop
      vertex -43.2619 -29.0347 0.799999
      vertex -43.9218 -30.3713 2.4
      vertex -43.9212 -30.3716 2.4
    endloop
  endfacet
  facet normal -0.327216 -0.654432 0.681652
    outer loop
      vertex -41.0994 -24.6481 2.4
      vertex -41.7581 -25.9853 0.799999
      vertex -41.0988 -24.6484 2.4
    endloop
  endfacet
  facet normal -0.302047 -0.66661 0.681468
    outer loop
      vertex -41.7581 -25.9853 0.799999
      vertex -41.0994 -24.6481 2.4
      vertex -41.8594 -25.9394 0.799999
    endloop
  endfacet
  facet normal -0.464362 0.565653 0.681472
    outer loop
      vertex -41.4751 -28.8587 0.799999
      vertex -40.5671 -30.0409 2.4
      vertex -41.3891 -28.7881 0.799999
    endloop
  endfacet
  facet normal -0.457109 0.571387 0.681592
    outer loop
      vertex -40.5671 -30.0409 2.4
      vertex -41.4751 -28.8587 0.799999
      vertex -40.5676 -30.0413 2.4
    endloop
  endfacet
  facet normal 0.327595 -0.655189 0.680741
    outer loop
      vertex -43.1606 -25.9394 0.799999
      vertex -43.7304 -24.5619 2.4
      vertex -43.731 -24.5622 2.4
    endloop
  endfacet
  facet normal 0.257685 -0.684968 0.681482
    outer loop
      vertex -43.7304 -24.5619 2.4
      vertex -43.1606 -25.9394 0.799999
      vertex -43.0564 -25.9002 0.799999
    endloop
  endfacet
  facet normal 0.119676 0.722003 0.681461
    outer loop
      vertex -42.8417 -29.1773 0.799999
      vertex -42.9265 -30.6734 2.4
      vertex -42.7319 -29.1955 0.799999
    endloop
  endfacet
  facet normal 0.120322 0.721929 0.681426
    outer loop
      vertex -42.9265 -30.6734 2.4
      vertex -42.8417 -29.1773 0.799999
      vertex -42.9271 -30.6733 2.4
    endloop
  endfacet
  facet normal -0.327216 -0.654432 0.681652
    outer loop
      vertex -41.7581 -25.9853 0.799999
      vertex -41.0982 -24.6487 2.4
      vertex -41.0988 -24.6484 2.4
    endloop
  endfacet
  facet normal -0.345324 -0.645262 0.68146
    outer loop
      vertex -41.0982 -24.6487 2.4
      vertex -41.7581 -25.9853 0.799999
      vertex -41.66 -26.0378 0.799999
    endloop
  endfacet
  facet normal -0.700317 -0.212452 0.681484
    outer loop
      vertex -39.4282 -26.6835 2.4
      vertex -39.4886 -26.4844 2.4
      vertex -40.9002 -26.9636 0.799999
    endloop
  endfacet
  facet normal 0.30202 -0.666624 0.681466
    outer loop
      vertex -43.1606 -25.9394 0.799999
      vertex -43.731 -24.5622 2.4
      vertex -43.9206 -24.6481 2.4
    endloop
  endfacet
  facet normal 0.464351 0.565664 0.68147
    outer loop
      vertex -44.4524 -30.0413 2.4
      vertex -43.5449 -28.8587 0.799999
      vertex -44.6132 -29.9093 2.4
    endloop
  endfacet
  facet normal 0.0239128 0.731449 0.681476
    outer loop
      vertex -42.5107 -30.7007 2.4
      vertex -42.6212 -29.2064 0.799999
      vertex -42.7187 -30.6939 2.4
    endloop
  endfacet
  facet normal -0.30202 -0.666624 0.681466
    outer loop
      vertex -41.0994 -24.6481 2.4
      vertex -41.289 -24.5622 2.4
      vertex -41.8594 -25.9394 0.799999
    endloop
  endfacet
  facet normal 0.500146 0.534263 0.681481
    outer loop
      vertex -44.6143 -29.9084 2.4
      vertex -43.7121 -28.7121 0.799999
      vertex -44.7662 -29.7662 2.4
    endloop
  endfacet
  facet normal 0.645399 -0.345034 0.681477
    outer loop
      vertex -43.9822 -26.66 0.799999
      vertex -45.2732 -25.9147 2.4
      vertex -45.3713 -26.0982 2.4
    endloop
  endfacet
  facet normal 0.728315 -0.0717413 0.681477
    outer loop
      vertex -44.2064 -27.3988 0.799999
      vertex -45.6735 -27.0942 2.4
      vertex -45.6939 -27.3013 2.4
    endloop
  endfacet
  facet normal -0.645399 0.345034 0.681477
    outer loop
      vertex -39.7468 -29.1053 2.4
      vertex -39.6487 -28.9218 2.4
      vertex -41.0378 -28.36 0.799999
    endloop
  endfacet
  facet normal -0.46417 0.565795 0.681485
    outer loop
      vertex -40.5671 -30.0409 2.4
      vertex -40.4062 -29.9089 2.4
      vertex -41.3891 -28.7881 0.799999
    endloop
  endfacet
  facet normal -0.666624 0.30202 0.681466
    outer loop
      vertex -39.6481 -28.9206 2.4
      vertex -39.5622 -28.731 2.4
      vertex -40.9394 -28.1606 0.799999
    endloop
  endfacet
  facet normal -0.621544 0.386356 0.681478
    outer loop
      vertex -39.8567 -29.2821 2.4
      vertex -39.7468 -29.1053 2.4
      vertex -41.0378 -28.36 0.799999
    endloop
  endfacet
  facet normal -0.621678 0.386164 0.681465
    outer loop
      vertex -41.0965 -28.4545 0.799999
      vertex -39.8567 -29.2821 2.4
      vertex -41.0378 -28.36 0.799999
    endloop
  endfacet
  facet normal -0.627739 0.376643 0.681237
    outer loop
      vertex -39.8567 -29.2821 2.4
      vertex -41.0965 -28.4545 0.799999
      vertex -39.857 -29.2826 2.4
    endloop
  endfacet
  facet normal -0.500092 0.534309 0.681485
    outer loop
      vertex -41.3891 -28.7881 0.799999
      vertex -40.4057 -29.9084 2.4
      vertex -41.3079 -28.7121 0.799999
    endloop
  endfacet
  facet normal -0.517869 0.517869 0.6809
    outer loop
      vertex -40.4057 -29.9084 2.4
      vertex -41.3891 -28.7881 0.799999
      vertex -40.4062 -29.9089 2.4
    endloop
  endfacet
  facet normal -0.386158 0.621669 0.681476
    outer loop
      vertex -41.66 -28.9822 0.799999
      vertex -40.9141 -30.2728 2.4
      vertex -41.5655 -28.9235 0.799999
    endloop
  endfacet
  facet normal -0.406243 0.609364 0.680913
    outer loop
      vertex -40.9141 -30.2728 2.4
      vertex -41.66 -28.9822 0.799999
      vertex -40.9147 -30.2732 2.4
    endloop
  endfacet
  facet normal -0.712783 0.165855 0.681493
    outer loop
      vertex -40.8679 -27.95 0.799999
      vertex -39.3806 -28.1325 2.4
      vertex -40.8427 -27.8417 0.799999
    endloop
  endfacet
  facet normal -0.698886 0.232962 0.67623
    outer loop
      vertex -39.3806 -28.1325 2.4
      vertex -40.8679 -27.95 0.799999
      vertex -39.3808 -28.1331 2.4
    endloop
  endfacet
  facet normal -0.721975 0.119672 0.681492
    outer loop
      vertex -40.8427 -27.8417 0.799999
      vertex -39.3805 -28.1318 2.4
      vertex -40.8245 -27.7319 0.799999
    endloop
  endfacet
  facet normal -0.724792 0.103542 0.681143
    outer loop
      vertex -39.3805 -28.1318 2.4
      vertex -40.8427 -27.8417 0.799999
      vertex -39.3806 -28.1325 2.4
    endloop
  endfacet
  facet normal 0.386356 -0.621544 0.681478
    outer loop
      vertex -43.36 -26.0378 0.799999
      vertex -44.1053 -24.7468 2.4
      vertex -44.2821 -24.8567 2.4
    endloop
  endfacet
  facet normal 0.594791 -0.426407 0.681469
    outer loop
      vertex -43.9235 -26.5655 0.799999
      vertex -45.0417 -25.5682 2.4
      vertex -45.163 -25.7374 2.4
    endloop
  endfacet
  facet normal 0.645262 0.345324 0.68146
    outer loop
      vertex -44.0347 -28.2619 0.799999
      vertex -45.3713 -28.9218 2.4
      vertex -43.9822 -28.36 0.799999
    endloop
  endfacet
  facet normal 0.654432 0.327216 0.681652
    outer loop
      vertex -45.3713 -28.9218 2.4
      vertex -44.0347 -28.2619 0.799999
      vertex -45.3716 -28.9212 2.4
    endloop
  endfacet
  facet normal -0.698886 -0.232962 0.67623
    outer loop
      vertex -40.8679 -27.07 0.799999
      vertex -39.3806 -26.8875 2.4
      vertex -39.3808 -26.8869 2.4
    endloop
  endfacet
  facet normal -0.712783 -0.165855 0.681493
    outer loop
      vertex -39.3806 -26.8875 2.4
      vertex -40.8679 -27.07 0.799999
      vertex -40.8427 -27.1783 0.799999
    endloop
  endfacet
  facet normal -0.712775 -0.165974 0.681473
    outer loop
      vertex -39.3808 -26.8869 2.4
      vertex -39.428 -26.6842 2.4
      vertex -40.8679 -27.07 0.799999
    endloop
  endfacet
  facet normal 0.621669 -0.386158 0.681476
    outer loop
      vertex -45.2728 -25.9141 2.4
      vertex -43.9822 -26.66 0.799999
      vertex -43.9235 -26.5655 0.799999
    endloop
  endfacet
  facet normal 0.609364 -0.406243 0.680913
    outer loop
      vertex -43.9822 -26.66 0.799999
      vertex -45.2728 -25.9141 2.4
      vertex -45.2732 -25.9147 2.4
    endloop
  endfacet
  facet normal 0.534309 -0.500092 0.681485
    outer loop
      vertex -44.9084 -25.4057 2.4
      vertex -43.7881 -26.3891 0.799999
      vertex -43.7121 -26.3079 0.799999
    endloop
  endfacet
  facet normal 0.517869 -0.517869 0.6809
    outer loop
      vertex -43.7881 -26.3891 0.799999
      vertex -44.9084 -25.4057 2.4
      vertex -44.9089 -25.4062 2.4
    endloop
  endfacet
  facet normal 0.165974 0.712775 0.681473
    outer loop
      vertex -43.1331 -30.6392 2.4
      vertex -42.95 -29.1521 0.799999
      vertex -43.3358 -30.592 2.4
    endloop
  endfacet
  facet normal -0.571387 -0.457109 0.681592
    outer loop
      vertex -39.9791 -25.5671 2.4
      vertex -41.1613 -26.4751 0.799999
      vertex -39.9787 -25.5676 2.4
    endloop
  endfacet
  facet normal -0.565653 -0.464362 0.681472
    outer loop
      vertex -41.1613 -26.4751 0.799999
      vertex -39.9791 -25.5671 2.4
      vertex -41.2319 -26.3891 0.799999
    endloop
  endfacet
  facet normal -0.0236799 0.731446 0.681489
    outer loop
      vertex -42.51 -29.21 0.799999
      vertex -42.5093 -30.7007 2.4
      vertex -42.3988 -29.2064 0.799999
    endloop
  endfacet
  facet normal 0 0.731656 0.681674
    outer loop
      vertex -42.5093 -30.7007 2.4
      vertex -42.51 -29.21 0.799999
      vertex -42.51 -30.7007 2.4
    endloop
  endfacet
  facet normal 0.386264 0.621611 0.681469
    outer loop
      vertex -44.1059 -30.2728 2.4
      vertex -43.4545 -28.9235 0.799999
      vertex -44.2826 -30.163 2.4
    endloop
  endfacet
  facet normal 0.302047 -0.66661 0.681468
    outer loop
      vertex -43.9206 -24.6481 2.4
      vertex -43.2619 -25.9853 0.799999
      vertex -43.1606 -25.9394 0.799999
    endloop
  endfacet
  facet normal 0.327216 -0.654432 0.681652
    outer loop
      vertex -43.2619 -25.9853 0.799999
      vertex -43.9206 -24.6481 2.4
      vertex -43.9212 -24.6484 2.4
    endloop
  endfacet
  facet normal -0.565795 -0.46417 0.681485
    outer loop
      vertex -39.9791 -25.5671 2.4
      vertex -40.1111 -25.4062 2.4
      vertex -41.2319 -26.3891 0.799999
    endloop
  endfacet
  facet normal 0.66661 0.302047 0.681468
    outer loop
      vertex -45.3719 -28.9206 2.4
      vertex -44.0347 -28.2619 0.799999
      vertex -44.0806 -28.1606 0.799999
    endloop
  endfacet
  facet normal 0.654432 0.327216 0.681652
    outer loop
      vertex -44.0347 -28.2619 0.799999
      vertex -45.3719 -28.9206 2.4
      vertex -45.3716 -28.9212 2.4
    endloop
  endfacet
  facet normal 0.534263 -0.500146 0.681481
    outer loop
      vertex -43.7121 -26.3079 0.799999
      vertex -44.7662 -25.2538 2.4
      vertex -44.9084 -25.4057 2.4
    endloop
  endfacet
  facet normal 0.464351 -0.565664 0.68147
    outer loop
      vertex -43.5449 -26.1613 0.799999
      vertex -44.4524 -24.9787 2.4
      vertex -44.6132 -25.1107 2.4
    endloop
  endfacet
  facet normal -0.609406 -0.406271 0.680859
    outer loop
      vertex -41.1613 -26.4751 0.799999
      vertex -39.9783 -25.5682 2.4
      vertex -39.9787 -25.5676 2.4
    endloop
  endfacet
  facet normal -0.594818 -0.426374 0.681467
    outer loop
      vertex -39.9783 -25.5682 2.4
      vertex -41.1613 -26.4751 0.799999
      vertex -41.0965 -26.5655 0.799999
    endloop
  endfacet
  facet normal 0.722003 0.119676 0.681461
    outer loop
      vertex -45.6734 -27.9265 2.4
      vertex -44.1773 -27.8417 0.799999
      vertex -44.1955 -27.7319 0.799999
    endloop
  endfacet
  facet normal 0.721929 0.120322 0.681426
    outer loop
      vertex -44.1773 -27.8417 0.799999
      vertex -45.6734 -27.9265 2.4
      vertex -45.6733 -27.9271 2.4
    endloop
  endfacet
  facet normal 0.345034 0.645399 0.681477
    outer loop
      vertex -43.9218 -30.3713 2.4
      vertex -43.36 -28.9822 0.799999
      vertex -44.1053 -30.2732 2.4
    endloop
  endfacet
  facet normal 0.0717421 -0.728323 0.681468
    outer loop
      vertex -42.7319 -25.8245 0.799999
      vertex -42.7194 -24.3262 2.4
      vertex -42.9265 -24.3466 2.4
    endloop
  endfacet
  facet normal -0.457109 -0.571387 0.681592
    outer loop
      vertex -41.4751 -26.1613 0.799999
      vertex -40.5671 -24.9791 2.4
      vertex -40.5676 -24.9787 2.4
    endloop
  endfacet
  facet normal -0.464362 -0.565653 0.681472
    outer loop
      vertex -40.5671 -24.9791 2.4
      vertex -41.4751 -26.1613 0.799999
      vertex -41.3891 -26.2319 0.799999
    endloop
  endfacet
  facet normal -0.517869 -0.517869 0.6809
    outer loop
      vertex -40.1116 -25.4057 2.4
      vertex -41.2319 -26.3891 0.799999
      vertex -40.1111 -25.4062 2.4
    endloop
  endfacet
  facet normal -0.534309 -0.500092 0.681485
    outer loop
      vertex -41.2319 -26.3891 0.799999
      vertex -40.1116 -25.4057 2.4
      vertex -41.3079 -26.3079 0.799999
    endloop
  endfacet
  facet normal 0.565795 -0.46417 0.681485
    outer loop
      vertex -43.7881 -26.3891 0.799999
      vertex -44.9089 -25.4062 2.4
      vertex -45.0409 -25.5671 2.4
    endloop
  endfacet
  facet normal 0.534309 0.500092 0.681485
    outer loop
      vertex -43.7881 -28.6309 0.799999
      vertex -44.9084 -29.6143 2.4
      vertex -43.7121 -28.7121 0.799999
    endloop
  endfacet
  facet normal 0.517869 0.517869 0.6809
    outer loop
      vertex -44.9084 -29.6143 2.4
      vertex -43.7881 -28.6309 0.799999
      vertex -44.9089 -29.6138 2.4
    endloop
  endfacet
  facet normal 0.257683 0.684965 0.681486
    outer loop
      vertex -43.1606 -29.0806 0.799999
      vertex -43.5356 -30.5314 2.4
      vertex -43.0564 -29.1198 0.799999
    endloop
  endfacet
  facet normal 0.289067 0.674489 0.679342
    outer loop
      vertex -43.5356 -30.5314 2.4
      vertex -43.1606 -29.0806 0.799999
      vertex -43.5363 -30.5311 2.4
    endloop
  endfacet
  facet normal 0.731449 0.0239128 0.681476
    outer loop
      vertex -45.6939 -27.7187 2.4
      vertex -44.2064 -27.6212 0.799999
      vertex -45.7007 -27.5107 2.4
    endloop
  endfacet
  facet normal -0.534263 -0.500146 0.681481
    outer loop
      vertex -40.1116 -25.4057 2.4
      vertex -40.2538 -25.2538 2.4
      vertex -41.3079 -26.3079 0.799999
    endloop
  endfacet
  facet normal -0.119672 -0.721975 0.681492
    outer loop
      vertex -42.1783 -25.8427 0.799999
      vertex -41.8882 -24.3805 2.4
      vertex -42.2881 -25.8245 0.799999
    endloop
  endfacet
  facet normal -0.103542 -0.724792 0.681143
    outer loop
      vertex -41.8882 -24.3805 2.4
      vertex -42.1783 -25.8427 0.799999
      vertex -41.8875 -24.3806 2.4
    endloop
  endfacet
  facet normal 0.165974 -0.712775 0.681473
    outer loop
      vertex -42.95 -25.8679 0.799999
      vertex -43.1331 -24.3808 2.4
      vertex -43.3358 -24.428 2.4
    endloop
  endfacet
  facet normal 0.119231 -0.72207 0.681468
    outer loop
      vertex -42.7319 -25.8245 0.799999
      vertex -42.9265 -24.3466 2.4
      vertex -43.1318 -24.3805 2.4
    endloop
  endfacet
  facet normal 0.30202 0.666624 0.681466
    outer loop
      vertex -43.731 -30.4578 2.4
      vertex -43.1606 -29.0806 0.799999
      vertex -43.9206 -30.3719 2.4
    endloop
  endfacet
  facet normal 0.426374 0.594818 0.681467
    outer loop
      vertex -43.5449 -28.8587 0.799999
      vertex -44.4518 -30.0417 2.4
      vertex -43.4545 -28.9235 0.799999
    endloop
  endfacet
  facet normal 0.406271 0.609406 0.680859
    outer loop
      vertex -44.4518 -30.0417 2.4
      vertex -43.5449 -28.8587 0.799999
      vertex -44.4524 -30.0413 2.4
    endloop
  endfacet
  facet normal -0.165974 -0.712775 0.681473
    outer loop
      vertex -41.6842 -24.428 2.4
      vertex -41.8869 -24.3808 2.4
      vertex -42.07 -25.8679 0.799999
    endloop
  endfacet
  facet normal 0.723771 -0.103396 0.68225
    outer loop
      vertex -45.6734 -27.0935 2.4
      vertex -44.1773 -27.1783 0.799999
      vertex -45.6733 -27.0928 2.4
    endloop
  endfacet
  facet normal 0.722003 -0.119676 0.681461
    outer loop
      vertex -44.1773 -27.1783 0.799999
      vertex -45.6734 -27.0935 2.4
      vertex -44.1955 -27.2881 0.799999
    endloop
  endfacet
  facet normal 0.426405 -0.594788 0.681474
    outer loop
      vertex -43.5449 -26.1613 0.799999
      vertex -44.2832 -24.8574 2.4
      vertex -44.4524 -24.9787 2.4
    endloop
  endfacet
  facet normal 0.684965 0.257683 0.681486
    outer loop
      vertex -45.5314 -28.5356 2.4
      vertex -44.0806 -28.1606 0.799999
      vertex -44.1198 -28.0564 0.799999
    endloop
  endfacet
  facet normal 0.674489 0.289067 0.679342
    outer loop
      vertex -44.0806 -28.1606 0.799999
      vertex -45.5314 -28.5356 2.4
      vertex -45.5311 -28.5363 2.4
    endloop
  endfacet
  facet normal -0.500146 0.534263 0.681481
    outer loop
      vertex -40.4057 -29.9084 2.4
      vertex -40.2538 -29.7662 2.4
      vertex -41.3079 -28.7121 0.799999
    endloop
  endfacet
  facet normal -0.534263 0.500146 0.681481
    outer loop
      vertex -40.2538 -29.7662 2.4
      vertex -40.1116 -29.6143 2.4
      vertex -41.3079 -28.7121 0.799999
    endloop
  endfacet
  facet normal 0.700271 0.212582 0.68149
    outer loop
      vertex -45.5316 -28.535 2.4
      vertex -44.1198 -28.0564 0.799999
      vertex -44.1521 -27.95 0.799999
    endloop
  endfacet
  facet normal 0.69411 0.23137 0.681674
    outer loop
      vertex -44.1198 -28.0564 0.799999
      vertex -45.5316 -28.535 2.4
      vertex -45.5314 -28.5356 2.4
    endloop
  endfacet
  facet normal 0.645262 -0.345324 0.68146
    outer loop
      vertex -45.3713 -26.0982 2.4
      vertex -44.0347 -26.7581 0.799999
      vertex -43.9822 -26.66 0.799999
    endloop
  endfacet
  facet normal 0.654432 -0.327216 0.681652
    outer loop
      vertex -44.0347 -26.7581 0.799999
      vertex -45.3713 -26.0982 2.4
      vertex -45.3716 -26.0988 2.4
    endloop
  endfacet
  facet normal 0.386158 0.621669 0.681476
    outer loop
      vertex -44.1059 -30.2728 2.4
      vertex -43.36 -28.9822 0.799999
      vertex -43.4545 -28.9235 0.799999
    endloop
  endfacet
  facet normal 0.406243 0.609364 0.680913
    outer loop
      vertex -43.36 -28.9822 0.799999
      vertex -44.1059 -30.2728 2.4
      vertex -44.1053 -30.2732 2.4
    endloop
  endfacet
  facet normal 0.426407 0.594791 0.681469
    outer loop
      vertex -44.2826 -30.163 2.4
      vertex -43.4545 -28.9235 0.799999
      vertex -44.4518 -30.0417 2.4
    endloop
  endfacet
  facet normal 0.722051 -0.119228 0.681489
    outer loop
      vertex -44.1773 -27.1783 0.799999
      vertex -45.6394 -26.8875 2.4
      vertex -45.6733 -27.0928 2.4
    endloop
  endfacet
  facet normal 0.654432 -0.327216 0.681652
    outer loop
      vertex -45.3719 -26.0994 2.4
      vertex -44.0347 -26.7581 0.799999
      vertex -45.3716 -26.0988 2.4
    endloop
  endfacet
  facet normal 0.66661 -0.302047 0.681468
    outer loop
      vertex -44.0347 -26.7581 0.799999
      vertex -45.3719 -26.0994 2.4
      vertex -44.0806 -26.8594 0.799999
    endloop
  endfacet
  facet normal -0.694932 -0.231644 0.680743
    outer loop
      vertex -40.9394 -26.8594 0.799999
      vertex -39.562 -26.2896 2.4
      vertex -39.5622 -26.289 2.4
    endloop
  endfacet
  facet normal -0.684988 -0.257692 0.681459
    outer loop
      vertex -39.562 -26.2896 2.4
      vertex -40.9394 -26.8594 0.799999
      vertex -40.9002 -26.9636 0.799999
    endloop
  endfacet
  facet normal -0.517869 -0.517869 0.6809
    outer loop
      vertex -41.3891 -26.2319 0.799999
      vertex -40.4057 -25.1116 2.4
      vertex -40.4062 -25.1111 2.4
    endloop
  endfacet
  facet normal -0.500092 -0.534309 0.681485
    outer loop
      vertex -40.4057 -25.1116 2.4
      vertex -41.3891 -26.2319 0.799999
      vertex -41.3079 -26.3079 0.799999
    endloop
  endfacet
  facet normal -0.728323 -0.0717421 0.681468
    outer loop
      vertex -39.3262 -27.3006 2.4
      vertex -39.3466 -27.0935 2.4
      vertex -40.8245 -27.2881 0.799999
    endloop
  endfacet
  facet normal -0.726388 -0.10377 0.679406
    outer loop
      vertex -40.8245 -27.2881 0.799999
      vertex -39.3261 -27.3013 2.4
      vertex -39.3262 -27.3006 2.4
    endloop
  endfacet
  facet normal -0.728317 -0.0717133 0.681477
    outer loop
      vertex -39.3261 -27.3013 2.4
      vertex -40.8245 -27.2881 0.799999
      vertex -40.8136 -27.3988 0.799999
    endloop
  endfacet
  facet normal 0.464362 -0.565654 0.681471
    outer loop
      vertex -44.6132 -25.1107 2.4
      vertex -43.6309 -26.2319 0.799999
      vertex -43.5449 -26.1613 0.799999
    endloop
  endfacet
  facet normal 0.407487 -0.611231 0.678491
    outer loop
      vertex -43.6309 -26.2319 0.799999
      vertex -44.6132 -25.1107 2.4
      vertex -44.6138 -25.1111 2.4
    endloop
  endfacet
  facet normal -0.654432 -0.327216 0.681652
    outer loop
      vertex -40.9853 -26.7581 0.799999
      vertex -39.6481 -26.0994 2.4
      vertex -39.6484 -26.0988 2.4
    endloop
  endfacet
  facet normal -0.66661 -0.302047 0.681468
    outer loop
      vertex -39.6481 -26.0994 2.4
      vertex -40.9853 -26.7581 0.799999
      vertex -40.9394 -26.8594 0.799999
    endloop
  endfacet
  facet normal 0.386164 -0.621678 0.681465
    outer loop
      vertex -44.2821 -24.8567 2.4
      vertex -43.4545 -26.0965 0.799999
      vertex -43.36 -26.0378 0.799999
    endloop
  endfacet
  facet normal 0.376643 -0.627739 0.681237
    outer loop
      vertex -43.4545 -26.0965 0.799999
      vertex -44.2821 -24.8567 2.4
      vertex -44.2826 -24.857 2.4
    endloop
  endfacet
  facet normal -0.165855 -0.712783 0.681493
    outer loop
      vertex -42.07 -25.8679 0.799999
      vertex -41.8875 -24.3806 2.4
      vertex -42.1783 -25.8427 0.799999
    endloop
  endfacet
  facet normal -0.232962 -0.698886 0.67623
    outer loop
      vertex -41.8875 -24.3806 2.4
      vertex -42.07 -25.8679 0.799999
      vertex -41.8869 -24.3808 2.4
    endloop
  endfacet
  facet normal 0.594818 0.426374 0.681467
    outer loop
      vertex -45.0417 -29.4518 2.4
      vertex -43.8587 -28.5449 0.799999
      vertex -43.9235 -28.4545 0.799999
    endloop
  endfacet
  facet normal 0.609406 0.406271 0.680859
    outer loop
      vertex -43.8587 -28.5449 0.799999
      vertex -45.0417 -29.4518 2.4
      vertex -45.0413 -29.4524 2.4
    endloop
  endfacet
  facet normal -0.212587 -0.700286 0.681473
    outer loop
      vertex -41.9636 -25.9002 0.799999
      vertex -41.6842 -24.428 2.4
      vertex -42.07 -25.8679 0.799999
    endloop
  endfacet
  facet normal -0.2009 -0.703151 0.682069
    outer loop
      vertex -41.6842 -24.428 2.4
      vertex -41.9636 -25.9002 0.799999
      vertex -41.6835 -24.4282 2.4
    endloop
  endfacet
  facet normal 0.257734 -0.684946 0.681485
    outer loop
      vertex -43.0564 -25.9002 0.799999
      vertex -43.5356 -24.4886 2.4
      vertex -43.7304 -24.5619 2.4
    endloop
  endfacet
  facet normal -0.0239127 -0.731447 0.681479
    outer loop
      vertex -42.302 -24.3261 2.4
      vertex -42.51 -24.3193 2.4
      vertex -42.51 -25.81 0.799999
    endloop
  endfacet
  facet normal 0.212356 0.700352 0.681477
    outer loop
      vertex -43.3358 -30.592 2.4
      vertex -42.95 -29.1521 0.799999
      vertex -43.535 -30.5316 2.4
    endloop
  endfacet
  facet normal 0.212582 0.700271 0.68149
    outer loop
      vertex -43.0564 -29.1198 0.799999
      vertex -43.535 -30.5316 2.4
      vertex -42.95 -29.1521 0.799999
    endloop
  endfacet
  facet normal 0.23137 0.69411 0.681674
    outer loop
      vertex -43.535 -30.5316 2.4
      vertex -43.0564 -29.1198 0.799999
      vertex -43.5356 -30.5314 2.4
    endloop
  endfacet
  facet normal 0.165855 0.712783 0.681493
    outer loop
      vertex -42.95 -29.1521 0.799999
      vertex -43.1325 -30.6394 2.4
      vertex -42.8417 -29.1773 0.799999
    endloop
  endfacet
  facet normal 0.232962 0.698886 0.67623
    outer loop
      vertex -43.1325 -30.6394 2.4
      vertex -42.95 -29.1521 0.799999
      vertex -43.1331 -30.6392 2.4
    endloop
  endfacet
  facet normal 0.10377 -0.726388 0.679406
    outer loop
      vertex -42.7319 -25.8245 0.799999
      vertex -42.7187 -24.3261 2.4
      vertex -42.7194 -24.3262 2.4
    endloop
  endfacet
  facet normal 0.0717133 -0.728317 0.681477
    outer loop
      vertex -42.7187 -24.3261 2.4
      vertex -42.7319 -25.8245 0.799999
      vertex -42.6212 -25.8136 0.799999
    endloop
  endfacet
  facet normal 0.232962 -0.698886 0.67623
    outer loop
      vertex -42.95 -25.8679 0.799999
      vertex -43.1325 -24.3806 2.4
      vertex -43.1331 -24.3808 2.4
    endloop
  endfacet
  facet normal 0.165855 -0.712783 0.681493
    outer loop
      vertex -43.1325 -24.3806 2.4
      vertex -42.95 -25.8679 0.799999
      vertex -42.8417 -25.8427 0.799999
    endloop
  endfacet
  facet normal 0.565653 -0.464362 0.681472
    outer loop
      vertex -45.0409 -25.5671 2.4
      vertex -43.8587 -26.4751 0.799999
      vertex -43.7881 -26.3891 0.799999
    endloop
  endfacet
  facet normal 0.571387 -0.457109 0.681592
    outer loop
      vertex -43.8587 -26.4751 0.799999
      vertex -45.0409 -25.5671 2.4
      vertex -45.0413 -25.5676 2.4
    endloop
  endfacet
  facet normal -0.406271 -0.609406 0.680859
    outer loop
      vertex -40.5682 -24.9783 2.4
      vertex -41.4751 -26.1613 0.799999
      vertex -40.5676 -24.9787 2.4
    endloop
  endfacet
  facet normal -0.426374 -0.594818 0.681467
    outer loop
      vertex -41.4751 -26.1613 0.799999
      vertex -40.5682 -24.9783 2.4
      vertex -41.5655 -26.0965 0.799999
    endloop
  endfacet
  facet normal 0.426369 0.594811 0.681476
    outer loop
      vertex -44.2832 24.8574 2.4
      vertex -43.4545 26.0965 0.799999
      vertex -43.5449 26.1613 0.799999
    endloop
  endfacet
  facet normal 0.405853 0.608779 0.681668
    outer loop
      vertex -43.4545 26.0965 0.799999
      vertex -44.2832 24.8574 2.4
      vertex -44.2826 24.857 2.4
    endloop
  endfacet
  facet normal 0.534309 -0.500092 0.681485
    outer loop
      vertex -44.9084 29.6143 2.4
      vertex -43.7881 28.6309 0.799999
      vertex -43.7121 28.7121 0.799999
    endloop
  endfacet
  facet normal 0.517869 -0.517869 0.6809
    outer loop
      vertex -43.7881 28.6309 0.799999
      vertex -44.9084 29.6143 2.4
      vertex -44.9089 29.6138 2.4
    endloop
  endfacet
  facet normal 0.700352 -0.212356 0.681477
    outer loop
      vertex -44.1521 27.95 0.799999
      vertex -45.5316 28.535 2.4
      vertex -45.592 28.3358 2.4
    endloop
  endfacet
  facet normal 0.302047 -0.66661 0.681468
    outer loop
      vertex -43.9206 30.3719 2.4
      vertex -43.2619 29.0347 0.799999
      vertex -43.1606 29.0806 0.799999
    endloop
  endfacet
  facet normal 0.327216 -0.654432 0.681652
    outer loop
      vertex -43.2619 29.0347 0.799999
      vertex -43.9206 30.3719 2.4
      vertex -43.9212 30.3716 2.4
    endloop
  endfacet
  facet normal -0.731447 -0.0239127 0.681479
    outer loop
      vertex -39.3193 27.51 2.4
      vertex -39.3261 27.718 2.4
      vertex -40.81 27.51 0.799999
    endloop
  endfacet
  facet normal -0.732386 0 0.68089
    outer loop
      vertex -40.8136 27.6212 0.799999
      vertex -39.3261 27.718 2.4
      vertex -39.3261 27.7187 2.4
    endloop
  endfacet
  facet normal -0.731466 -0.0236805 0.681467
    outer loop
      vertex -39.3261 27.718 2.4
      vertex -40.8136 27.6212 0.799999
      vertex -40.81 27.51 0.799999
    endloop
  endfacet
  facet normal -0.119231 0.72207 0.681468
    outer loop
      vertex -42.0935 24.3466 2.4
      vertex -41.8882 24.3805 2.4
      vertex -42.2881 25.8245 0.799999
    endloop
  endfacet
  facet normal 0.119231 0.72207 0.681468
    outer loop
      vertex -42.9265 24.3466 2.4
      vertex -42.7319 25.8245 0.799999
      vertex -43.1318 24.3805 2.4
    endloop
  endfacet
  facet normal -0.30202 -0.666624 0.681466
    outer loop
      vertex -41.0994 30.3719 2.4
      vertex -41.289 30.4578 2.4
      vertex -41.8594 29.0806 0.799999
    endloop
  endfacet
  facet normal -0.72207 0.119231 0.681468
    outer loop
      vertex -39.3805 26.8882 2.4
      vertex -39.3466 27.0935 2.4
      vertex -40.8245 27.2881 0.799999
    endloop
  endfacet
  facet normal -0.0239127 0.731447 0.681479
    outer loop
      vertex -42.302 24.3261 2.4
      vertex -42.51 25.81 0.799999
      vertex -42.51 24.3193 2.4
    endloop
  endfacet
  facet normal -0.594788 -0.426405 0.681474
    outer loop
      vertex -39.8574 29.2832 2.4
      vertex -39.9787 29.4524 2.4
      vertex -41.1613 28.5449 0.799999
    endloop
  endfacet
  facet normal -0.345034 -0.645399 0.681477
    outer loop
      vertex -40.9147 30.2732 2.4
      vertex -41.0982 30.3713 2.4
      vertex -41.66 28.9822 0.799999
    endloop
  endfacet
  facet normal -0.666624 0.30202 0.681466
    outer loop
      vertex -39.6481 26.0994 2.4
      vertex -39.5622 26.289 2.4
      vertex -40.9394 26.8594 0.799999
    endloop
  endfacet
  facet normal -0.728317 0.0717133 0.681477
    outer loop
      vertex -40.8245 27.2881 0.799999
      vertex -39.3261 27.3013 2.4
      vertex -40.8136 27.3988 0.799999
    endloop
  endfacet
  facet normal -0.726388 0.10377 0.679406
    outer loop
      vertex -39.3261 27.3013 2.4
      vertex -40.8245 27.2881 0.799999
      vertex -39.3262 27.3006 2.4
    endloop
  endfacet
  facet normal -0.66661 0.302047 0.681468
    outer loop
      vertex -40.9853 26.7581 0.799999
      vertex -39.6481 26.0994 2.4
      vertex -40.9394 26.8594 0.799999
    endloop
  endfacet
  facet normal -0.654432 0.327216 0.681652
    outer loop
      vertex -39.6481 26.0994 2.4
      vertex -40.9853 26.7581 0.799999
      vertex -39.6484 26.0988 2.4
    endloop
  endfacet
  facet normal 0.212452 0.700317 0.681484
    outer loop
      vertex -43.3365 24.4282 2.4
      vertex -43.0564 25.9002 0.799999
      vertex -43.5356 24.4886 2.4
    endloop
  endfacet
  facet normal 0.165855 0.712783 0.681493
    outer loop
      vertex -42.95 25.8679 0.799999
      vertex -43.1325 24.3806 2.4
      vertex -42.8417 25.8427 0.799999
    endloop
  endfacet
  facet normal 0.232962 0.698886 0.67623
    outer loop
      vertex -43.1325 24.3806 2.4
      vertex -42.95 25.8679 0.799999
      vertex -43.1331 24.3808 2.4
    endloop
  endfacet
  facet normal -0.257683 -0.684965 0.681486
    outer loop
      vertex -41.8594 29.0806 0.799999
      vertex -41.4844 30.5314 2.4
      vertex -41.9636 29.1198 0.799999
    endloop
  endfacet
  facet normal -0.289067 -0.674489 0.679342
    outer loop
      vertex -41.4844 30.5314 2.4
      vertex -41.8594 29.0806 0.799999
      vertex -41.4837 30.5311 2.4
    endloop
  endfacet
  facet normal -0.594791 0.426407 0.681469
    outer loop
      vertex -39.9783 25.5682 2.4
      vertex -39.857 25.7374 2.4
      vertex -41.0965 26.5655 0.799999
    endloop
  endfacet
  facet normal -0.684835 0.258044 0.681479
    outer loop
      vertex -39.562 26.2896 2.4
      vertex -39.4886 26.4844 2.4
      vertex -40.9002 26.9636 0.799999
    endloop
  endfacet
  facet normal -0.731466 0.0236805 0.681467
    outer loop
      vertex -40.8136 27.3988 0.799999
      vertex -39.3261 27.302 2.4
      vertex -40.81 27.51 0.799999
    endloop
  endfacet
  facet normal -0.732386 0 0.68089
    outer loop
      vertex -39.3261 27.302 2.4
      vertex -40.8136 27.3988 0.799999
      vertex -39.3261 27.3013 2.4
    endloop
  endfacet
  facet normal 0.700271 0.212582 0.68149
    outer loop
      vertex -45.5316 26.485 2.4
      vertex -44.1198 26.9636 0.799999
      vertex -44.1521 27.07 0.799999
    endloop
  endfacet
  facet normal 0.69411 0.23137 0.681674
    outer loop
      vertex -44.1198 26.9636 0.799999
      vertex -45.5316 26.485 2.4
      vertex -45.5314 26.4844 2.4
    endloop
  endfacet
  facet normal -0.684988 0.257692 0.681459
    outer loop
      vertex -40.9394 26.8594 0.799999
      vertex -39.562 26.2896 2.4
      vertex -40.9002 26.9636 0.799999
    endloop
  endfacet
  facet normal -0.694932 0.231644 0.680743
    outer loop
      vertex -39.562 26.2896 2.4
      vertex -40.9394 26.8594 0.799999
      vertex -39.5622 26.289 2.4
    endloop
  endfacet
  facet normal -0.345034 0.645399 0.681477
    outer loop
      vertex -41.0982 24.6487 2.4
      vertex -40.9147 24.7468 2.4
      vertex -41.66 26.0378 0.799999
    endloop
  endfacet
  facet normal -0.500146 0.534263 0.681481
    outer loop
      vertex -40.4057 25.1116 2.4
      vertex -40.2538 25.2538 2.4
      vertex -41.3079 26.3079 0.799999
    endloop
  endfacet
  facet normal 0.722061 -0.119172 0.681488
    outer loop
      vertex -44.1773 27.8417 0.799999
      vertex -45.6394 28.1325 2.4
      vertex -45.6733 27.9271 2.4
    endloop
  endfacet
  facet normal 0.0236805 0.731466 0.681467
    outer loop
      vertex -42.6212 25.8136 0.799999
      vertex -42.718 24.3261 2.4
      vertex -42.51 25.81 0.799999
    endloop
  endfacet
  facet normal 0 0.732386 0.68089
    outer loop
      vertex -42.718 24.3261 2.4
      vertex -42.6212 25.8136 0.799999
      vertex -42.7187 24.3261 2.4
    endloop
  endfacet
  facet normal 0.212356 -0.700352 0.681477
    outer loop
      vertex -42.95 29.1521 0.799999
      vertex -43.3358 30.592 2.4
      vertex -43.535 30.5316 2.4
    endloop
  endfacet
  facet normal 0.712775 -0.165974 0.681473
    outer loop
      vertex -44.1521 27.95 0.799999
      vertex -45.592 28.3358 2.4
      vertex -45.6392 28.1331 2.4
    endloop
  endfacet
  facet normal 0.500146 0.534263 0.681481
    outer loop
      vertex -44.6143 25.1116 2.4
      vertex -43.7121 26.3079 0.799999
      vertex -44.7662 25.2538 2.4
    endloop
  endfacet
  facet normal -0.406271 0.609406 0.680859
    outer loop
      vertex -41.4751 26.1613 0.799999
      vertex -40.5682 24.9783 2.4
      vertex -40.5676 24.9787 2.4
    endloop
  endfacet
  facet normal -0.426374 0.594818 0.681467
    outer loop
      vertex -40.5682 24.9783 2.4
      vertex -41.4751 26.1613 0.799999
      vertex -41.5655 26.0965 0.799999
    endloop
  endfacet
  facet normal -0.534263 0.500146 0.681481
    outer loop
      vertex -40.2538 25.2538 2.4
      vertex -40.1116 25.4057 2.4
      vertex -41.3079 26.3079 0.799999
    endloop
  endfacet
  facet normal 0.666624 0.30202 0.681466
    outer loop
      vertex -45.3719 26.0994 2.4
      vertex -44.0806 26.8594 0.799999
      vertex -45.4578 26.289 2.4
    endloop
  endfacet
  facet normal -0.728323 0.0717421 0.681468
    outer loop
      vertex -39.3466 27.0935 2.4
      vertex -39.3262 27.3006 2.4
      vertex -40.8245 27.2881 0.799999
    endloop
  endfacet
  facet normal -0.731447 0.0239127 0.681479
    outer loop
      vertex -39.3261 27.302 2.4
      vertex -39.3193 27.51 2.4
      vertex -40.81 27.51 0.799999
    endloop
  endfacet
  facet normal 0.257855 -0.684918 0.681468
    outer loop
      vertex -43.1606 29.0806 0.799999
      vertex -43.5363 30.5311 2.4
      vertex -43.731 30.4578 2.4
    endloop
  endfacet
  facet normal -0.212584 -0.700278 0.681483
    outer loop
      vertex -41.9636 29.1198 0.799999
      vertex -41.4851 30.5316 2.4
      vertex -42.07 29.1521 0.799999
    endloop
  endfacet
  facet normal -0.201112 -0.703892 0.681241
    outer loop
      vertex -41.4851 30.5316 2.4
      vertex -41.9636 29.1198 0.799999
      vertex -41.4844 30.5314 2.4
    endloop
  endfacet
  facet normal 0.731449 -0.0239128 0.681476
    outer loop
      vertex -44.2064 27.6212 0.799999
      vertex -45.6939 27.7187 2.4
      vertex -45.7007 27.5107 2.4
    endloop
  endfacet
  facet normal 0.621611 -0.386264 0.681469
    outer loop
      vertex -43.9235 28.4545 0.799999
      vertex -45.163 29.2826 2.4
      vertex -45.2728 29.1059 2.4
    endloop
  endfacet
  facet normal 0.728315 -0.0717413 0.681477
    outer loop
      vertex -44.2064 27.6212 0.799999
      vertex -45.6735 27.9258 2.4
      vertex -45.6939 27.7187 2.4
    endloop
  endfacet
  facet normal -0.257734 0.684946 0.681485
    outer loop
      vertex -41.4844 24.4886 2.4
      vertex -41.2896 24.5619 2.4
      vertex -41.9636 25.9002 0.799999
    endloop
  endfacet
  facet normal -0.712783 0.165855 0.681493
    outer loop
      vertex -40.8679 27.07 0.799999
      vertex -39.3806 26.8875 2.4
      vertex -40.8427 27.1783 0.799999
    endloop
  endfacet
  facet normal -0.698886 0.232962 0.67623
    outer loop
      vertex -39.3806 26.8875 2.4
      vertex -40.8679 27.07 0.799999
      vertex -39.3808 26.8869 2.4
    endloop
  endfacet
  facet normal -0.426407 0.594791 0.681469
    outer loop
      vertex -40.7374 24.857 2.4
      vertex -40.5682 24.9783 2.4
      vertex -41.5655 26.0965 0.799999
    endloop
  endfacet
  facet normal 0.684965 0.257683 0.681486
    outer loop
      vertex -45.5314 26.4844 2.4
      vertex -44.0806 26.8594 0.799999
      vertex -44.1198 26.9636 0.799999
    endloop
  endfacet
  facet normal 0.674489 0.289067 0.679342
    outer loop
      vertex -44.0806 26.8594 0.799999
      vertex -45.5314 26.4844 2.4
      vertex -45.5311 26.4837 2.4
    endloop
  endfacet
  facet normal 0.69411 -0.23137 0.681674
    outer loop
      vertex -45.5316 28.535 2.4
      vertex -44.1198 28.0564 0.799999
      vertex -45.5314 28.5356 2.4
    endloop
  endfacet
  facet normal 0.700271 -0.212582 0.68149
    outer loop
      vertex -44.1198 28.0564 0.799999
      vertex -45.5316 28.535 2.4
      vertex -44.1521 27.95 0.799999
    endloop
  endfacet
  facet normal -0.611231 -0.407487 0.678491
    outer loop
      vertex -41.2319 28.6309 0.799999
      vertex -40.1107 29.6132 2.4
      vertex -40.1111 29.6138 2.4
    endloop
  endfacet
  facet normal -0.565654 -0.464362 0.681471
    outer loop
      vertex -40.1107 29.6132 2.4
      vertex -41.2319 28.6309 0.799999
      vertex -41.1613 28.5449 0.799999
    endloop
  endfacet
  facet normal 0.621669 -0.386158 0.681476
    outer loop
      vertex -45.2728 29.1059 2.4
      vertex -43.9822 28.36 0.799999
      vertex -43.9235 28.4545 0.799999
    endloop
  endfacet
  facet normal 0.609364 -0.406243 0.680913
    outer loop
      vertex -43.9822 28.36 0.799999
      vertex -45.2728 29.1059 2.4
      vertex -45.2732 29.1053 2.4
    endloop
  endfacet
  facet normal -0.119676 -0.722003 0.681461
    outer loop
      vertex -42.1783 29.1773 0.799999
      vertex -42.0935 30.6734 2.4
      vertex -42.2881 29.1955 0.799999
    endloop
  endfacet
  facet normal -0.103396 -0.723771 0.68225
    outer loop
      vertex -42.0935 30.6734 2.4
      vertex -42.1783 29.1773 0.799999
      vertex -42.0928 30.6733 2.4
    endloop
  endfacet
  facet normal -0.698886 -0.232962 0.67623
    outer loop
      vertex -40.8679 27.95 0.799999
      vertex -39.3806 28.1325 2.4
      vertex -39.3808 28.1331 2.4
    endloop
  endfacet
  facet normal -0.712783 -0.165855 0.681493
    outer loop
      vertex -39.3806 28.1325 2.4
      vertex -40.8679 27.95 0.799999
      vertex -40.8427 27.8417 0.799999
    endloop
  endfacet
  facet normal -0.700317 0.212452 0.681484
    outer loop
      vertex -39.4886 26.4844 2.4
      vertex -39.4282 26.6835 2.4
      vertex -40.9002 26.9636 0.799999
    endloop
  endfacet
  facet normal 0.212587 0.700286 0.681473
    outer loop
      vertex -43.0564 25.9002 0.799999
      vertex -43.3358 24.428 2.4
      vertex -42.95 25.8679 0.799999
    endloop
  endfacet
  facet normal 0.2009 0.703151 0.682069
    outer loop
      vertex -43.3358 24.428 2.4
      vertex -43.0564 25.9002 0.799999
      vertex -43.3365 24.4282 2.4
    endloop
  endfacet
  facet normal 0.0236799 -0.731446 0.681489
    outer loop
      vertex -42.51 29.21 0.799999
      vertex -42.5107 30.7007 2.4
      vertex -42.6212 29.2064 0.799999
    endloop
  endfacet
  facet normal 0 -0.731656 0.681674
    outer loop
      vertex -42.5107 30.7007 2.4
      vertex -42.51 29.21 0.799999
      vertex -42.51 30.7007 2.4
    endloop
  endfacet
  facet normal 0 0.732386 0.68089
    outer loop
      vertex -42.3988 25.8136 0.799999
      vertex -42.302 24.3261 2.4
      vertex -42.3013 24.3261 2.4
    endloop
  endfacet
  facet normal -0.0236805 0.731466 0.681467
    outer loop
      vertex -42.302 24.3261 2.4
      vertex -42.3988 25.8136 0.799999
      vertex -42.51 25.81 0.799999
    endloop
  endfacet
  facet normal -0.712775 0.165974 0.681473
    outer loop
      vertex -39.428 26.6842 2.4
      vertex -39.3808 26.8869 2.4
      vertex -40.8679 27.07 0.799999
    endloop
  endfacet
  facet normal -0.500092 0.534309 0.681485
    outer loop
      vertex -41.3891 26.2319 0.799999
      vertex -40.4057 25.1116 2.4
      vertex -41.3079 26.3079 0.799999
    endloop
  endfacet
  facet normal -0.517869 0.517869 0.6809
    outer loop
      vertex -40.4057 25.1116 2.4
      vertex -41.3891 26.2319 0.799999
      vertex -40.4062 25.1111 2.4
    endloop
  endfacet
  facet normal 0.0717421 0.728323 0.681468
    outer loop
      vertex -42.7194 24.3262 2.4
      vertex -42.7319 25.8245 0.799999
      vertex -42.9265 24.3466 2.4
    endloop
  endfacet
  facet normal 0.103476 -0.724332 0.681642
    outer loop
      vertex -42.7319 29.1955 0.799999
      vertex -42.9258 30.6735 2.4
      vertex -42.9265 30.6734 2.4
    endloop
  endfacet
  facet normal 0.0717134 -0.728319 0.681475
    outer loop
      vertex -42.9258 30.6735 2.4
      vertex -42.7319 29.1955 0.799999
      vertex -42.6212 29.2064 0.799999
    endloop
  endfacet
  facet normal 0 -0.731656 0.681674
    outer loop
      vertex -42.51 29.21 0.799999
      vertex -42.5093 30.7007 2.4
      vertex -42.51 30.7007 2.4
    endloop
  endfacet
  facet normal -0.0236799 -0.731446 0.681489
    outer loop
      vertex -42.5093 30.7007 2.4
      vertex -42.51 29.21 0.799999
      vertex -42.3988 29.2064 0.799999
    endloop
  endfacet
  facet normal -0.621678 0.386164 0.681465
    outer loop
      vertex -41.0965 26.5655 0.799999
      vertex -39.8567 25.7379 2.4
      vertex -41.0378 26.66 0.799999
    endloop
  endfacet
  facet normal -0.627739 0.376643 0.681237
    outer loop
      vertex -39.8567 25.7379 2.4
      vertex -41.0965 26.5655 0.799999
      vertex -39.857 25.7374 2.4
    endloop
  endfacet
  facet normal 0.165974 -0.712775 0.681473
    outer loop
      vertex -42.95 29.1521 0.799999
      vertex -43.1331 30.6392 2.4
      vertex -43.3358 30.592 2.4
    endloop
  endfacet
  facet normal 0.257734 0.684946 0.681485
    outer loop
      vertex -43.5356 24.4886 2.4
      vertex -43.0564 25.9002 0.799999
      vertex -43.7304 24.5619 2.4
    endloop
  endfacet
  facet normal -0.0717134 -0.728319 0.681475
    outer loop
      vertex -42.2881 29.1955 0.799999
      vertex -42.0942 30.6735 2.4
      vertex -42.3988 29.2064 0.799999
    endloop
  endfacet
  facet normal -0.103476 -0.724332 0.681642
    outer loop
      vertex -42.0942 30.6735 2.4
      vertex -42.2881 29.1955 0.799999
      vertex -42.0935 30.6734 2.4
    endloop
  endfacet
  facet normal 0.534263 -0.500146 0.681481
    outer loop
      vertex -43.7121 28.7121 0.799999
      vertex -44.7662 29.7662 2.4
      vertex -44.9084 29.6143 2.4
    endloop
  endfacet
  facet normal 0.731656 -0 0.681674
    outer loop
      vertex -45.7007 27.5093 2.4
      vertex -44.21 27.51 0.799999
      vertex -45.7007 27.51 2.4
    endloop
  endfacet
  facet normal 0.731446 0.0236799 0.681489
    outer loop
      vertex -44.21 27.51 0.799999
      vertex -45.7007 27.5093 2.4
      vertex -44.2064 27.3988 0.799999
    endloop
  endfacet
  facet normal 0.684918 -0.257855 0.681468
    outer loop
      vertex -44.0806 28.1606 0.799999
      vertex -45.4578 28.731 2.4
      vertex -45.5311 28.5363 2.4
    endloop
  endfacet
  facet normal -0.212454 -0.700324 0.681476
    outer loop
      vertex -41.4851 30.5316 2.4
      vertex -41.6842 30.592 2.4
      vertex -42.07 29.1521 0.799999
    endloop
  endfacet
  facet normal -0.721975 0.119672 0.681492
    outer loop
      vertex -40.8427 27.1783 0.799999
      vertex -39.3805 26.8882 2.4
      vertex -40.8245 27.2881 0.799999
    endloop
  endfacet
  facet normal -0.724792 0.103542 0.681143
    outer loop
      vertex -39.3805 26.8882 2.4
      vertex -40.8427 27.1783 0.799999
      vertex -39.3806 26.8875 2.4
    endloop
  endfacet
  facet normal 0.728315 0.0717413 0.681477
    outer loop
      vertex -45.6735 27.0942 2.4
      vertex -44.2064 27.3988 0.799999
      vertex -45.6939 27.3013 2.4
    endloop
  endfacet
  facet normal -0.232962 0.698886 0.67623
    outer loop
      vertex -42.07 25.8679 0.799999
      vertex -41.8875 24.3806 2.4
      vertex -41.8869 24.3808 2.4
    endloop
  endfacet
  facet normal -0.165855 0.712783 0.681493
    outer loop
      vertex -41.8875 24.3806 2.4
      vertex -42.07 25.8679 0.799999
      vertex -42.1783 25.8427 0.799999
    endloop
  endfacet
  facet normal -0.10377 0.726388 0.679406
    outer loop
      vertex -42.2881 25.8245 0.799999
      vertex -42.3013 24.3261 2.4
      vertex -42.3006 24.3262 2.4
    endloop
  endfacet
  facet normal -0.0717133 0.728317 0.681477
    outer loop
      vertex -42.3013 24.3261 2.4
      vertex -42.2881 25.8245 0.799999
      vertex -42.3988 25.8136 0.799999
    endloop
  endfacet
  facet normal -0.594818 0.426374 0.681467
    outer loop
      vertex -41.1613 26.4751 0.799999
      vertex -39.9783 25.5682 2.4
      vertex -41.0965 26.5655 0.799999
    endloop
  endfacet
  facet normal -0.609406 0.406271 0.680859
    outer loop
      vertex -39.9783 25.5682 2.4
      vertex -41.1613 26.4751 0.799999
      vertex -39.9787 25.5676 2.4
    endloop
  endfacet
  facet normal -0.46417 0.565795 0.681485
    outer loop
      vertex -40.5671 24.9791 2.4
      vertex -40.4062 25.1111 2.4
      vertex -41.3891 26.2319 0.799999
    endloop
  endfacet
  facet normal -0.327216 -0.654432 0.681652
    outer loop
      vertex -41.0994 30.3719 2.4
      vertex -41.7581 29.0347 0.799999
      vertex -41.0988 30.3716 2.4
    endloop
  endfacet
  facet normal -0.302047 -0.66661 0.681468
    outer loop
      vertex -41.7581 29.0347 0.799999
      vertex -41.0994 30.3719 2.4
      vertex -41.8594 29.0806 0.799999
    endloop
  endfacet
  facet normal -0.0717421 0.728323 0.681468
    outer loop
      vertex -42.0935 24.3466 2.4
      vertex -42.2881 25.8245 0.799999
      vertex -42.3006 24.3262 2.4
    endloop
  endfacet
  facet normal 0.594791 0.426407 0.681469
    outer loop
      vertex -45.0417 25.5682 2.4
      vertex -43.9235 26.5655 0.799999
      vertex -45.163 25.7374 2.4
    endloop
  endfacet
  facet normal 0.426405 0.594788 0.681474
    outer loop
      vertex -44.2832 24.8574 2.4
      vertex -43.5449 26.1613 0.799999
      vertex -44.4524 24.9787 2.4
    endloop
  endfacet
  facet normal -0.654432 -0.327216 0.681652
    outer loop
      vertex -39.6487 28.9218 2.4
      vertex -40.9853 28.2619 0.799999
      vertex -39.6484 28.9212 2.4
    endloop
  endfacet
  facet normal -0.645262 -0.345324 0.68146
    outer loop
      vertex -40.9853 28.2619 0.799999
      vertex -39.6487 28.9218 2.4
      vertex -41.0378 28.36 0.799999
    endloop
  endfacet
  facet normal -0.645399 -0.345034 0.681477
    outer loop
      vertex -39.6487 28.9218 2.4
      vertex -39.7468 29.1053 2.4
      vertex -41.0378 28.36 0.799999
    endloop
  endfacet
  facet normal -0.464362 0.565653 0.681472
    outer loop
      vertex -41.4751 26.1613 0.799999
      vertex -40.5671 24.9791 2.4
      vertex -41.3891 26.2319 0.799999
    endloop
  endfacet
  facet normal -0.457109 0.571387 0.681592
    outer loop
      vertex -40.5671 24.9791 2.4
      vertex -41.4751 26.1613 0.799999
      vertex -40.5676 24.9787 2.4
    endloop
  endfacet
  facet normal -0.517869 -0.517869 0.6809
    outer loop
      vertex -41.3891 28.7881 0.799999
      vertex -40.4057 29.9084 2.4
      vertex -40.4062 29.9089 2.4
    endloop
  endfacet
  facet normal -0.500092 -0.534309 0.681485
    outer loop
      vertex -40.4057 29.9084 2.4
      vertex -41.3891 28.7881 0.799999
      vertex -41.3079 28.7121 0.799999
    endloop
  endfacet
  facet normal 0.257685 0.684968 0.681482
    outer loop
      vertex -43.1606 25.9394 0.799999
      vertex -43.7304 24.5619 2.4
      vertex -43.0564 25.9002 0.799999
    endloop
  endfacet
  facet normal 0.327595 0.655189 0.680741
    outer loop
      vertex -43.7304 24.5619 2.4
      vertex -43.1606 25.9394 0.799999
      vertex -43.731 24.5622 2.4
    endloop
  endfacet
  facet normal -0.621544 0.386356 0.681478
    outer loop
      vertex -39.8567 25.7379 2.4
      vertex -39.7468 25.9147 2.4
      vertex -41.0378 26.66 0.799999
    endloop
  endfacet
  facet normal -0.700286 0.212587 0.681473
    outer loop
      vertex -40.9002 26.9636 0.799999
      vertex -39.428 26.6842 2.4
      vertex -40.8679 27.07 0.799999
    endloop
  endfacet
  facet normal -0.703151 0.2009 0.682069
    outer loop
      vertex -39.428 26.6842 2.4
      vertex -40.9002 26.9636 0.799999
      vertex -39.4282 26.6835 2.4
    endloop
  endfacet
  facet normal -0.517869 0.517869 0.6809
    outer loop
      vertex -41.2319 26.3891 0.799999
      vertex -40.1116 25.4057 2.4
      vertex -40.1111 25.4062 2.4
    endloop
  endfacet
  facet normal -0.534309 0.500092 0.681485
    outer loop
      vertex -40.1116 25.4057 2.4
      vertex -41.2319 26.3891 0.799999
      vertex -41.3079 26.3079 0.799999
    endloop
  endfacet
  facet normal -0.119228 -0.722051 0.681489
    outer loop
      vertex -41.8875 30.6394 2.4
      vertex -42.0928 30.6733 2.4
      vertex -42.1783 29.1773 0.799999
    endloop
  endfacet
  facet normal 0.722051 0.119228 0.681489
    outer loop
      vertex -45.6394 26.8875 2.4
      vertex -44.1773 27.1783 0.799999
      vertex -45.6733 27.0928 2.4
    endloop
  endfacet
  facet normal 0.674489 -0.289067 0.679342
    outer loop
      vertex -45.5314 28.5356 2.4
      vertex -44.0806 28.1606 0.799999
      vertex -45.5311 28.5363 2.4
    endloop
  endfacet
  facet normal 0.684965 -0.257683 0.681486
    outer loop
      vertex -44.0806 28.1606 0.799999
      vertex -45.5314 28.5356 2.4
      vertex -44.1198 28.0564 0.799999
    endloop
  endfacet
  facet normal -0.165974 -0.712775 0.681473
    outer loop
      vertex -41.6842 30.592 2.4
      vertex -41.8869 30.6392 2.4
      vertex -42.07 29.1521 0.799999
    endloop
  endfacet
  facet normal -0.654432 -0.327216 0.681652
    outer loop
      vertex -40.9853 28.2619 0.799999
      vertex -39.6481 28.9206 2.4
      vertex -39.6484 28.9212 2.4
    endloop
  endfacet
  facet normal -0.66661 -0.302047 0.681468
    outer loop
      vertex -39.6481 28.9206 2.4
      vertex -40.9853 28.2619 0.799999
      vertex -40.9394 28.1606 0.799999
    endloop
  endfacet
  facet normal 0.165974 0.712775 0.681473
    outer loop
      vertex -43.1331 24.3808 2.4
      vertex -42.95 25.8679 0.799999
      vertex -43.3358 24.428 2.4
    endloop
  endfacet
  facet normal 0.500092 0.534309 0.681485
    outer loop
      vertex -44.6143 25.1116 2.4
      vertex -43.6309 26.2319 0.799999
      vertex -43.7121 26.3079 0.799999
    endloop
  endfacet
  facet normal 0.517869 0.517869 0.6809
    outer loop
      vertex -43.6309 26.2319 0.799999
      vertex -44.6143 25.1116 2.4
      vertex -44.6138 25.1111 2.4
    endloop
  endfacet
  facet normal 0.0717413 -0.728315 0.681477
    outer loop
      vertex -42.6212 29.2064 0.799999
      vertex -42.7187 30.6939 2.4
      vertex -42.9258 30.6735 2.4
    endloop
  endfacet
  facet normal 0.289067 -0.674489 0.679342
    outer loop
      vertex -43.1606 29.0806 0.799999
      vertex -43.5356 30.5314 2.4
      vertex -43.5363 30.5311 2.4
    endloop
  endfacet
  facet normal 0.257683 -0.684965 0.681486
    outer loop
      vertex -43.5356 30.5314 2.4
      vertex -43.1606 29.0806 0.799999
      vertex -43.0564 29.1198 0.799999
    endloop
  endfacet
  facet normal -0.645399 0.345034 0.681477
    outer loop
      vertex -39.7468 25.9147 2.4
      vertex -39.6487 26.0982 2.4
      vertex -41.0378 26.66 0.799999
    endloop
  endfacet
  facet normal 0.594791 -0.426407 0.681469
    outer loop
      vertex -43.9235 28.4545 0.799999
      vertex -45.0417 29.4518 2.4
      vertex -45.163 29.2826 2.4
    endloop
  endfacet
  facet normal 0.534309 0.500092 0.681485
    outer loop
      vertex -43.7881 26.3891 0.799999
      vertex -44.9084 25.4057 2.4
      vertex -43.7121 26.3079 0.799999
    endloop
  endfacet
  facet normal 0.517869 0.517869 0.6809
    outer loop
      vertex -44.9084 25.4057 2.4
      vertex -43.7881 26.3891 0.799999
      vertex -44.9089 25.4062 2.4
    endloop
  endfacet
  facet normal 0.645399 -0.345034 0.681477
    outer loop
      vertex -43.9822 28.36 0.799999
      vertex -45.2732 29.1053 2.4
      vertex -45.3713 28.9218 2.4
    endloop
  endfacet
  facet normal 0.327216 -0.654432 0.681652
    outer loop
      vertex -43.9218 30.3713 2.4
      vertex -43.2619 29.0347 0.799999
      vertex -43.9212 30.3716 2.4
    endloop
  endfacet
  facet normal 0.345324 -0.645262 0.68146
    outer loop
      vertex -43.2619 29.0347 0.799999
      vertex -43.9218 30.3713 2.4
      vertex -43.36 28.9822 0.799999
    endloop
  endfacet
  facet normal 0.517869 -0.517869 0.6809
    outer loop
      vertex -44.6143 29.9084 2.4
      vertex -43.6309 28.7881 0.799999
      vertex -44.6138 29.9089 2.4
    endloop
  endfacet
  facet normal 0.500092 -0.534309 0.681485
    outer loop
      vertex -43.6309 28.7881 0.799999
      vertex -44.6143 29.9084 2.4
      vertex -43.7121 28.7121 0.799999
    endloop
  endfacet
  facet normal 0.666624 -0.30202 0.681466
    outer loop
      vertex -44.0806 28.1606 0.799999
      vertex -45.3719 28.9206 2.4
      vertex -45.4578 28.731 2.4
    endloop
  endfacet
  facet normal 0.386356 0.621544 0.681478
    outer loop
      vertex -44.1053 24.7468 2.4
      vertex -43.36 26.0378 0.799999
      vertex -44.2821 24.8567 2.4
    endloop
  endfacet
  facet normal -0.457109 -0.571387 0.681592
    outer loop
      vertex -41.4751 28.8587 0.799999
      vertex -40.5671 30.0409 2.4
      vertex -40.5676 30.0413 2.4
    endloop
  endfacet
  facet normal -0.464362 -0.565653 0.681472
    outer loop
      vertex -40.5671 30.0409 2.4
      vertex -41.4751 28.8587 0.799999
      vertex -41.3891 28.7881 0.799999
    endloop
  endfacet
  facet normal -0.0239128 -0.731449 0.681476
    outer loop
      vertex -42.3988 29.2064 0.799999
      vertex -42.3013 30.6939 2.4
      vertex -42.5093 30.7007 2.4
    endloop
  endfacet
  facet normal 0.0239127 0.731447 0.681479
    outer loop
      vertex -42.51 24.3193 2.4
      vertex -42.51 25.81 0.799999
      vertex -42.718 24.3261 2.4
    endloop
  endfacet
  facet normal -0.700317 -0.212452 0.681484
    outer loop
      vertex -39.4282 28.3365 2.4
      vertex -39.4886 28.5356 2.4
      vertex -40.9002 28.0564 0.799999
    endloop
  endfacet
  facet normal -0.565795 0.46417 0.681485
    outer loop
      vertex -40.1111 25.4062 2.4
      vertex -39.9791 25.5671 2.4
      vertex -41.2319 26.3891 0.799999
    endloop
  endfacet
  facet normal 0.345324 0.645262 0.68146
    outer loop
      vertex -43.9218 24.6487 2.4
      vertex -43.2619 25.9853 0.799999
      vertex -43.36 26.0378 0.799999
    endloop
  endfacet
  facet normal 0.327216 0.654432 0.681652
    outer loop
      vertex -43.2619 25.9853 0.799999
      vertex -43.9218 24.6487 2.4
      vertex -43.9212 24.6484 2.4
    endloop
  endfacet
  facet normal -0.386264 -0.621611 0.681469
    outer loop
      vertex -40.7374 30.163 2.4
      vertex -40.9141 30.2728 2.4
      vertex -41.5655 28.9235 0.799999
    endloop
  endfacet
  facet normal -0.386356 0.621544 0.681478
    outer loop
      vertex -40.9147 24.7468 2.4
      vertex -40.7379 24.8567 2.4
      vertex -41.66 26.0378 0.799999
    endloop
  endfacet
  facet normal 0.119172 -0.722061 0.681488
    outer loop
      vertex -42.8417 29.1773 0.799999
      vertex -42.9271 30.6733 2.4
      vertex -43.1325 30.6394 2.4
    endloop
  endfacet
  facet normal 0.565664 -0.464351 0.68147
    outer loop
      vertex -43.8587 28.5449 0.799999
      vertex -44.9093 29.6132 2.4
      vertex -45.0413 29.4524 2.4
    endloop
  endfacet
  facet normal 0.30202 -0.666624 0.681466
    outer loop
      vertex -43.1606 29.0806 0.799999
      vertex -43.731 30.4578 2.4
      vertex -43.9206 30.3719 2.4
    endloop
  endfacet
  facet normal 0.426407 -0.594791 0.681469
    outer loop
      vertex -43.4545 28.9235 0.799999
      vertex -44.2826 30.163 2.4
      vertex -44.4518 30.0417 2.4
    endloop
  endfacet
  facet normal 0.698886 -0.232962 0.67623
    outer loop
      vertex -45.6394 28.1325 2.4
      vertex -44.1521 27.95 0.799999
      vertex -45.6392 28.1331 2.4
    endloop
  endfacet
  facet normal 0.712783 -0.165855 0.681493
    outer loop
      vertex -44.1521 27.95 0.799999
      vertex -45.6394 28.1325 2.4
      vertex -44.1773 27.8417 0.799999
    endloop
  endfacet
  facet normal 0.464351 0.565664 0.68147
    outer loop
      vertex -44.4524 24.9787 2.4
      vertex -43.5449 26.1613 0.799999
      vertex -44.6132 25.1107 2.4
    endloop
  endfacet
  facet normal 0.724332 -0.103476 0.681642
    outer loop
      vertex -45.6735 27.9258 2.4
      vertex -44.1955 27.7319 0.799999
      vertex -45.6734 27.9265 2.4
    endloop
  endfacet
  facet normal 0.728319 -0.0717134 0.681475
    outer loop
      vertex -44.1955 27.7319 0.799999
      vertex -45.6735 27.9258 2.4
      vertex -44.2064 27.6212 0.799999
    endloop
  endfacet
  facet normal 0.0239128 -0.731449 0.681476
    outer loop
      vertex -42.6212 29.2064 0.799999
      vertex -42.5107 30.7007 2.4
      vertex -42.7187 30.6939 2.4
    endloop
  endfacet
  facet normal 0.712775 0.165974 0.681473
    outer loop
      vertex -45.592 26.6842 2.4
      vertex -44.1521 27.07 0.799999
      vertex -45.6392 26.8869 2.4
    endloop
  endfacet
  facet normal 0.712783 0.165855 0.681493
    outer loop
      vertex -45.6394 26.8875 2.4
      vertex -44.1521 27.07 0.799999
      vertex -44.1773 27.1783 0.799999
    endloop
  endfacet
  facet normal 0.698886 0.232962 0.67623
    outer loop
      vertex -44.1521 27.07 0.799999
      vertex -45.6394 26.8875 2.4
      vertex -45.6392 26.8869 2.4
    endloop
  endfacet
  facet normal -0.2009 0.703151 0.682069
    outer loop
      vertex -41.9636 25.9002 0.799999
      vertex -41.6842 24.428 2.4
      vertex -41.6835 24.4282 2.4
    endloop
  endfacet
  facet normal -0.212587 0.700286 0.681473
    outer loop
      vertex -41.6842 24.428 2.4
      vertex -41.9636 25.9002 0.799999
      vertex -42.07 25.8679 0.799999
    endloop
  endfacet
  facet normal 0.464362 0.565654 0.681471
    outer loop
      vertex -43.6309 26.2319 0.799999
      vertex -44.6132 25.1107 2.4
      vertex -43.5449 26.1613 0.799999
    endloop
  endfacet
  facet normal 0.407487 0.611231 0.678491
    outer loop
      vertex -44.6132 25.1107 2.4
      vertex -43.6309 26.2319 0.799999
      vertex -44.6138 25.1111 2.4
    endloop
  endfacet
  facet normal -0.46417 -0.565795 0.681485
    outer loop
      vertex -40.4062 29.9089 2.4
      vertex -40.5671 30.0409 2.4
      vertex -41.3891 28.7881 0.799999
    endloop
  endfacet
  facet normal 0.426374 -0.594818 0.681467
    outer loop
      vertex -44.4518 30.0417 2.4
      vertex -43.5449 28.8587 0.799999
      vertex -43.4545 28.9235 0.799999
    endloop
  endfacet
  facet normal 0.406271 -0.609406 0.680859
    outer loop
      vertex -43.5449 28.8587 0.799999
      vertex -44.4518 30.0417 2.4
      vertex -44.4524 30.0413 2.4
    endloop
  endfacet
  facet normal -0.703151 -0.2009 0.682069
    outer loop
      vertex -40.9002 28.0564 0.799999
      vertex -39.428 28.3358 2.4
      vertex -39.4282 28.3365 2.4
    endloop
  endfacet
  facet normal -0.700286 -0.212587 0.681473
    outer loop
      vertex -39.428 28.3358 2.4
      vertex -40.9002 28.0564 0.799999
      vertex -40.8679 27.95 0.799999
    endloop
  endfacet
  facet normal -0.426407 -0.594791 0.681469
    outer loop
      vertex -40.5682 30.0417 2.4
      vertex -40.7374 30.163 2.4
      vertex -41.5655 28.9235 0.799999
    endloop
  endfacet
  facet normal 0.565795 0.46417 0.681485
    outer loop
      vertex -44.9089 25.4062 2.4
      vertex -43.7881 26.3891 0.799999
      vertex -45.0409 25.5671 2.4
    endloop
  endfacet
  facet normal 0.232962 -0.698886 0.67623
    outer loop
      vertex -42.95 29.1521 0.799999
      vertex -43.1325 30.6394 2.4
      vertex -43.1331 30.6392 2.4
    endloop
  endfacet
  facet normal 0.165855 -0.712783 0.681493
    outer loop
      vertex -43.1325 30.6394 2.4
      vertex -42.95 29.1521 0.799999
      vertex -42.8417 29.1773 0.799999
    endloop
  endfacet
  facet normal 0.500146 -0.534263 0.681481
    outer loop
      vertex -43.7121 28.7121 0.799999
      vertex -44.6143 29.9084 2.4
      vertex -44.7662 29.7662 2.4
    endloop
  endfacet
  facet normal -0.30202 0.666624 0.681466
    outer loop
      vertex -41.289 24.5622 2.4
      vertex -41.0994 24.6481 2.4
      vertex -41.8594 25.9394 0.799999
    endloop
  endfacet
  facet normal -0.406243 -0.609364 0.680913
    outer loop
      vertex -41.66 28.9822 0.799999
      vertex -40.9141 30.2728 2.4
      vertex -40.9147 30.2732 2.4
    endloop
  endfacet
  facet normal -0.386158 -0.621669 0.681476
    outer loop
      vertex -40.9141 30.2728 2.4
      vertex -41.66 28.9822 0.799999
      vertex -41.5655 28.9235 0.799999
    endloop
  endfacet
  facet normal 0.684918 0.257855 0.681468
    outer loop
      vertex -45.4578 26.289 2.4
      vertex -44.0806 26.8594 0.799999
      vertex -45.5311 26.4837 2.4
    endloop
  endfacet
  facet normal -0.165974 0.712775 0.681473
    outer loop
      vertex -41.8869 24.3808 2.4
      vertex -41.6842 24.428 2.4
      vertex -42.07 25.8679 0.799999
    endloop
  endfacet
  facet normal 0.119672 0.721975 0.681492
    outer loop
      vertex -42.8417 25.8427 0.799999
      vertex -43.1318 24.3805 2.4
      vertex -42.7319 25.8245 0.799999
    endloop
  endfacet
  facet normal 0.103542 0.724792 0.681143
    outer loop
      vertex -43.1318 24.3805 2.4
      vertex -42.8417 25.8427 0.799999
      vertex -43.1325 24.3806 2.4
    endloop
  endfacet
  facet normal -0.327595 0.655189 0.680741
    outer loop
      vertex -41.8594 25.9394 0.799999
      vertex -41.2896 24.5619 2.4
      vertex -41.289 24.5622 2.4
    endloop
  endfacet
  facet normal -0.257685 0.684968 0.681482
    outer loop
      vertex -41.2896 24.5619 2.4
      vertex -41.8594 25.9394 0.799999
      vertex -41.9636 25.9002 0.799999
    endloop
  endfacet
  facet normal 0.700352 0.212356 0.681477
    outer loop
      vertex -45.5316 26.485 2.4
      vertex -44.1521 27.07 0.799999
      vertex -45.592 26.6842 2.4
    endloop
  endfacet
  facet normal -0.376643 0.627739 0.681237
    outer loop
      vertex -41.5655 26.0965 0.799999
      vertex -40.7379 24.8567 2.4
      vertex -40.7374 24.857 2.4
    endloop
  endfacet
  facet normal -0.386164 0.621678 0.681465
    outer loop
      vertex -40.7379 24.8567 2.4
      vertex -41.5655 26.0965 0.799999
      vertex -41.66 26.0378 0.799999
    endloop
  endfacet
  facet normal -0.72207 -0.119231 0.681468
    outer loop
      vertex -39.3466 27.9265 2.4
      vertex -39.3805 28.1318 2.4
      vertex -40.8245 27.7319 0.799999
    endloop
  endfacet
  facet normal -0.406271 -0.609406 0.680859
    outer loop
      vertex -40.5682 30.0417 2.4
      vertex -41.4751 28.8587 0.799999
      vertex -40.5676 30.0413 2.4
    endloop
  endfacet
  facet normal -0.426374 -0.594818 0.681467
    outer loop
      vertex -41.4751 28.8587 0.799999
      vertex -40.5682 30.0417 2.4
      vertex -41.5655 28.9235 0.799999
    endloop
  endfacet
  facet normal -0.212452 0.700317 0.681484
    outer loop
      vertex -41.6835 24.4282 2.4
      vertex -41.4844 24.4886 2.4
      vertex -41.9636 25.9002 0.799999
    endloop
  endfacet
  facet normal 0.66661 0.302047 0.681468
    outer loop
      vertex -45.3719 26.0994 2.4
      vertex -44.0347 26.7581 0.799999
      vertex -44.0806 26.8594 0.799999
    endloop
  endfacet
  facet normal 0.654432 0.327216 0.681652
    outer loop
      vertex -44.0347 26.7581 0.799999
      vertex -45.3719 26.0994 2.4
      vertex -45.3716 26.0988 2.4
    endloop
  endfacet
  facet normal -0.608779 -0.405853 0.681668
    outer loop
      vertex -39.8574 29.2832 2.4
      vertex -41.0965 28.4545 0.799999
      vertex -39.857 29.2826 2.4
    endloop
  endfacet
  facet normal -0.594811 -0.426369 0.681476
    outer loop
      vertex -41.0965 28.4545 0.799999
      vertex -39.8574 29.2832 2.4
      vertex -41.1613 28.5449 0.799999
    endloop
  endfacet
  facet normal 0.609406 -0.406271 0.680859
    outer loop
      vertex -45.0417 29.4518 2.4
      vertex -43.8587 28.5449 0.799999
      vertex -45.0413 29.4524 2.4
    endloop
  endfacet
  facet normal 0.594818 -0.426374 0.681467
    outer loop
      vertex -43.8587 28.5449 0.799999
      vertex -45.0417 29.4518 2.4
      vertex -43.9235 28.4545 0.799999
    endloop
  endfacet
  facet normal -0.621544 -0.386356 0.681478
    outer loop
      vertex -39.7468 29.1053 2.4
      vertex -39.8567 29.2821 2.4
      vertex -41.0378 28.36 0.799999
    endloop
  endfacet
  facet normal 0.30202 0.666624 0.681466
    outer loop
      vertex -43.731 24.5622 2.4
      vertex -43.1606 25.9394 0.799999
      vertex -43.9206 24.6481 2.4
    endloop
  endfacet
  facet normal 0.345034 0.645399 0.681477
    outer loop
      vertex -43.9218 24.6487 2.4
      vertex -43.36 26.0378 0.799999
      vertex -44.1053 24.7468 2.4
    endloop
  endfacet
  facet normal 0.611231 -0.407487 0.678491
    outer loop
      vertex -44.9093 29.6132 2.4
      vertex -43.7881 28.6309 0.799999
      vertex -44.9089 29.6138 2.4
    endloop
  endfacet
  facet normal 0.565654 -0.464362 0.681471
    outer loop
      vertex -43.7881 28.6309 0.799999
      vertex -44.9093 29.6132 2.4
      vertex -43.8587 28.5449 0.799999
    endloop
  endfacet
  facet normal 0.731449 0.0239128 0.681476
    outer loop
      vertex -45.6939 27.3013 2.4
      vertex -44.2064 27.3988 0.799999
      vertex -45.7007 27.5093 2.4
    endloop
  endfacet
  facet normal 0.621611 0.386264 0.681469
    outer loop
      vertex -45.163 25.7374 2.4
      vertex -43.9235 26.5655 0.799999
      vertex -45.2728 25.9141 2.4
    endloop
  endfacet
  facet normal 0.722003 0.119676 0.681461
    outer loop
      vertex -45.6734 27.0935 2.4
      vertex -44.1773 27.1783 0.799999
      vertex -44.1955 27.2881 0.799999
    endloop
  endfacet
  facet normal 0.723771 0.103396 0.68225
    outer loop
      vertex -44.1773 27.1783 0.799999
      vertex -45.6734 27.0935 2.4
      vertex -45.6733 27.0928 2.4
    endloop
  endfacet
  facet normal 0.728319 0.0717134 0.681475
    outer loop
      vertex -45.6735 27.0942 2.4
      vertex -44.1955 27.2881 0.799999
      vertex -44.2064 27.3988 0.799999
    endloop
  endfacet
  facet normal 0.724332 0.103476 0.681642
    outer loop
      vertex -44.1955 27.2881 0.799999
      vertex -45.6735 27.0942 2.4
      vertex -45.6734 27.0935 2.4
    endloop
  endfacet
  facet normal 0.0717133 0.728317 0.681477
    outer loop
      vertex -42.7319 25.8245 0.799999
      vertex -42.7187 24.3261 2.4
      vertex -42.6212 25.8136 0.799999
    endloop
  endfacet
  facet normal 0.10377 0.726388 0.679406
    outer loop
      vertex -42.7187 24.3261 2.4
      vertex -42.7319 25.8245 0.799999
      vertex -42.7194 24.3262 2.4
    endloop
  endfacet
  facet normal -0.165855 -0.712783 0.681493
    outer loop
      vertex -42.07 29.1521 0.799999
      vertex -41.8875 30.6394 2.4
      vertex -42.1783 29.1773 0.799999
    endloop
  endfacet
  facet normal -0.232962 -0.698886 0.67623
    outer loop
      vertex -41.8875 30.6394 2.4
      vertex -42.07 29.1521 0.799999
      vertex -41.8869 30.6392 2.4
    endloop
  endfacet
  facet normal -0.327216 0.654432 0.681652
    outer loop
      vertex -41.7581 25.9853 0.799999
      vertex -41.0994 24.6481 2.4
      vertex -41.0988 24.6484 2.4
    endloop
  endfacet
  facet normal -0.302047 0.66661 0.681468
    outer loop
      vertex -41.0994 24.6481 2.4
      vertex -41.7581 25.9853 0.799999
      vertex -41.8594 25.9394 0.799999
    endloop
  endfacet
  facet normal -0.712775 -0.165974 0.681473
    outer loop
      vertex -39.3808 28.1331 2.4
      vertex -39.428 28.3358 2.4
      vertex -40.8679 27.95 0.799999
    endloop
  endfacet
  facet normal 0.120322 -0.721929 0.681426
    outer loop
      vertex -42.8417 29.1773 0.799999
      vertex -42.9265 30.6734 2.4
      vertex -42.9271 30.6733 2.4
    endloop
  endfacet
  facet normal 0.119676 -0.722003 0.681461
    outer loop
      vertex -42.9265 30.6734 2.4
      vertex -42.8417 29.1773 0.799999
      vertex -42.7319 29.1955 0.799999
    endloop
  endfacet
  facet normal 0.534263 0.500146 0.681481
    outer loop
      vertex -44.7662 25.2538 2.4
      vertex -43.7121 26.3079 0.799999
      vertex -44.9084 25.4057 2.4
    endloop
  endfacet
  facet normal -0.0717413 -0.728315 0.681477
    outer loop
      vertex -42.0942 30.6735 2.4
      vertex -42.3013 30.6939 2.4
      vertex -42.3988 29.2064 0.799999
    endloop
  endfacet
  facet normal 0.654432 -0.327216 0.681652
    outer loop
      vertex -45.3719 28.9206 2.4
      vertex -44.0347 28.2619 0.799999
      vertex -45.3716 28.9212 2.4
    endloop
  endfacet
  facet normal 0.66661 -0.302047 0.681468
    outer loop
      vertex -44.0347 28.2619 0.799999
      vertex -45.3719 28.9206 2.4
      vertex -44.0806 28.1606 0.799999
    endloop
  endfacet
  facet normal -0.345324 0.645262 0.68146
    outer loop
      vertex -41.7581 25.9853 0.799999
      vertex -41.0982 24.6487 2.4
      vertex -41.66 26.0378 0.799999
    endloop
  endfacet
  facet normal -0.327216 0.654432 0.681652
    outer loop
      vertex -41.0982 24.6487 2.4
      vertex -41.7581 25.9853 0.799999
      vertex -41.0988 24.6484 2.4
    endloop
  endfacet
  facet normal 0.594818 0.426374 0.681467
    outer loop
      vertex -45.0417 25.5682 2.4
      vertex -43.8587 26.4751 0.799999
      vertex -43.9235 26.5655 0.799999
    endloop
  endfacet
  facet normal 0.609406 0.406271 0.680859
    outer loop
      vertex -43.8587 26.4751 0.799999
      vertex -45.0417 25.5682 2.4
      vertex -45.0413 25.5676 2.4
    endloop
  endfacet
  facet normal 0.731656 0 0.681674
    outer loop
      vertex -44.21 27.51 0.799999
      vertex -45.7007 27.5107 2.4
      vertex -45.7007 27.51 2.4
    endloop
  endfacet
  facet normal 0.731446 -0.0236799 0.681489
    outer loop
      vertex -45.7007 27.5107 2.4
      vertex -44.21 27.51 0.799999
      vertex -44.2064 27.6212 0.799999
    endloop
  endfacet
  facet normal 0.302047 0.66661 0.681468
    outer loop
      vertex -43.2619 25.9853 0.799999
      vertex -43.9206 24.6481 2.4
      vertex -43.1606 25.9394 0.799999
    endloop
  endfacet
  facet normal 0.327216 0.654432 0.681652
    outer loop
      vertex -43.9206 24.6481 2.4
      vertex -43.2619 25.9853 0.799999
      vertex -43.9212 24.6484 2.4
    endloop
  endfacet
  facet normal 0.565653 0.464362 0.681472
    outer loop
      vertex -43.8587 26.4751 0.799999
      vertex -45.0409 25.5671 2.4
      vertex -43.7881 26.3891 0.799999
    endloop
  endfacet
  facet normal 0.571387 0.457109 0.681592
    outer loop
      vertex -45.0409 25.5671 2.4
      vertex -43.8587 26.4751 0.799999
      vertex -45.0413 25.5676 2.4
    endloop
  endfacet
  facet normal -0.565664 -0.464351 0.68147
    outer loop
      vertex -39.9787 29.4524 2.4
      vertex -40.1107 29.6132 2.4
      vertex -41.1613 28.5449 0.799999
    endloop
  endfacet
  facet normal -0.103542 0.724792 0.681143
    outer loop
      vertex -42.1783 25.8427 0.799999
      vertex -41.8882 24.3805 2.4
      vertex -41.8875 24.3806 2.4
    endloop
  endfacet
  facet normal -0.119672 0.721975 0.681492
    outer loop
      vertex -41.8882 24.3805 2.4
      vertex -42.1783 25.8427 0.799999
      vertex -42.2881 25.8245 0.799999
    endloop
  endfacet
  facet normal -0.257855 -0.684918 0.681468
    outer loop
      vertex -41.289 30.4578 2.4
      vertex -41.4837 30.5311 2.4
      vertex -41.8594 29.0806 0.799999
    endloop
  endfacet
  facet normal -0.517869 -0.517869 0.6809
    outer loop
      vertex -40.1116 29.6143 2.4
      vertex -41.2319 28.6309 0.799999
      vertex -40.1111 29.6138 2.4
    endloop
  endfacet
  facet normal -0.534309 -0.500092 0.681485
    outer loop
      vertex -41.2319 28.6309 0.799999
      vertex -40.1116 29.6143 2.4
      vertex -41.3079 28.7121 0.799999
    endloop
  endfacet
  facet normal 0.23137 -0.69411 0.681674
    outer loop
      vertex -43.0564 29.1198 0.799999
      vertex -43.535 30.5316 2.4
      vertex -43.5356 30.5314 2.4
    endloop
  endfacet
  facet normal 0.212582 -0.700271 0.68149
    outer loop
      vertex -43.535 30.5316 2.4
      vertex -43.0564 29.1198 0.799999
      vertex -42.95 29.1521 0.799999
    endloop
  endfacet
  facet normal -0.654432 0.327216 0.681652
    outer loop
      vertex -40.9853 26.7581 0.799999
      vertex -39.6487 26.0982 2.4
      vertex -39.6484 26.0988 2.4
    endloop
  endfacet
  facet normal -0.645262 0.345324 0.68146
    outer loop
      vertex -39.6487 26.0982 2.4
      vertex -40.9853 26.7581 0.799999
      vertex -41.0378 26.66 0.799999
    endloop
  endfacet
  facet normal -0.571387 0.457109 0.681592
    outer loop
      vertex -41.1613 26.4751 0.799999
      vertex -39.9791 25.5671 2.4
      vertex -39.9787 25.5676 2.4
    endloop
  endfacet
  facet normal -0.565653 0.464362 0.681472
    outer loop
      vertex -39.9791 25.5671 2.4
      vertex -41.1613 26.4751 0.799999
      vertex -41.2319 26.3891 0.799999
    endloop
  endfacet
  facet normal 0.464362 -0.565654 0.681471
    outer loop
      vertex -44.6132 29.9093 2.4
      vertex -43.6309 28.7881 0.799999
      vertex -43.5449 28.8587 0.799999
    endloop
  endfacet
  facet normal 0.407487 -0.611231 0.678491
    outer loop
      vertex -43.6309 28.7881 0.799999
      vertex -44.6132 29.9093 2.4
      vertex -44.6138 29.9089 2.4
    endloop
  endfacet
  facet normal -0.500146 -0.534263 0.681481
    outer loop
      vertex -40.2538 29.7662 2.4
      vertex -40.4057 29.9084 2.4
      vertex -41.3079 28.7121 0.799999
    endloop
  endfacet
  facet normal 0.645399 0.345034 0.681477
    outer loop
      vertex -45.2732 25.9147 2.4
      vertex -43.9822 26.66 0.799999
      vertex -45.3713 26.0982 2.4
    endloop
  endfacet
  facet normal 0.386164 0.621678 0.681465
    outer loop
      vertex -43.4545 26.0965 0.799999
      vertex -44.2821 24.8567 2.4
      vertex -43.36 26.0378 0.799999
    endloop
  endfacet
  facet normal 0.376643 0.627739 0.681237
    outer loop
      vertex -44.2821 24.8567 2.4
      vertex -43.4545 26.0965 0.799999
      vertex -44.2826 24.857 2.4
    endloop
  endfacet
  facet normal 0.721929 -0.120322 0.681426
    outer loop
      vertex -45.6734 27.9265 2.4
      vertex -44.1773 27.8417 0.799999
      vertex -45.6733 27.9271 2.4
    endloop
  endfacet
  facet normal 0.722003 -0.119676 0.681461
    outer loop
      vertex -44.1773 27.8417 0.799999
      vertex -45.6734 27.9265 2.4
      vertex -44.1955 27.7319 0.799999
    endloop
  endfacet
  facet normal 0.386264 -0.621611 0.681469
    outer loop
      vertex -43.4545 28.9235 0.799999
      vertex -44.1059 30.2728 2.4
      vertex -44.2826 30.163 2.4
    endloop
  endfacet
  facet normal 0.464351 -0.565664 0.68147
    outer loop
      vertex -43.5449 28.8587 0.799999
      vertex -44.4524 30.0413 2.4
      vertex -44.6132 29.9093 2.4
    endloop
  endfacet
  facet normal -0.666624 -0.30202 0.681466
    outer loop
      vertex -39.5622 28.731 2.4
      vertex -39.6481 28.9206 2.4
      vertex -40.9394 28.1606 0.799999
    endloop
  endfacet
  facet normal -0.534263 -0.500146 0.681481
    outer loop
      vertex -40.1116 29.6143 2.4
      vertex -40.2538 29.7662 2.4
      vertex -41.3079 28.7121 0.799999
    endloop
  endfacet
  facet normal 0.645262 -0.345324 0.68146
    outer loop
      vertex -45.3713 28.9218 2.4
      vertex -44.0347 28.2619 0.799999
      vertex -43.9822 28.36 0.799999
    endloop
  endfacet
  facet normal 0.654432 -0.327216 0.681652
    outer loop
      vertex -44.0347 28.2619 0.799999
      vertex -45.3713 28.9218 2.4
      vertex -45.3716 28.9212 2.4
    endloop
  endfacet
  facet normal 0.345034 -0.645399 0.681477
    outer loop
      vertex -43.36 28.9822 0.799999
      vertex -43.9218 30.3713 2.4
      vertex -44.1053 30.2732 2.4
    endloop
  endfacet
  facet normal 0.406243 -0.609364 0.680913
    outer loop
      vertex -44.1059 30.2728 2.4
      vertex -43.36 28.9822 0.799999
      vertex -44.1053 30.2732 2.4
    endloop
  endfacet
  facet normal 0.386158 -0.621669 0.681476
    outer loop
      vertex -43.36 28.9822 0.799999
      vertex -44.1059 30.2728 2.4
      vertex -43.4545 28.9235 0.799999
    endloop
  endfacet
  facet normal 0.621669 0.386158 0.681476
    outer loop
      vertex -43.9822 26.66 0.799999
      vertex -45.2728 25.9141 2.4
      vertex -43.9235 26.5655 0.799999
    endloop
  endfacet
  facet normal 0.609364 0.406243 0.680913
    outer loop
      vertex -45.2728 25.9141 2.4
      vertex -43.9822 26.66 0.799999
      vertex -45.2732 25.9147 2.4
    endloop
  endfacet
  facet normal 0.645262 0.345324 0.68146
    outer loop
      vertex -44.0347 26.7581 0.799999
      vertex -45.3713 26.0982 2.4
      vertex -43.9822 26.66 0.799999
    endloop
  endfacet
  facet normal 0.654432 0.327216 0.681652
    outer loop
      vertex -45.3713 26.0982 2.4
      vertex -44.0347 26.7581 0.799999
      vertex -45.3716 26.0988 2.4
    endloop
  endfacet
  facet normal -0.327216 -0.654432 0.681652
    outer loop
      vertex -41.7581 29.0347 0.799999
      vertex -41.0982 30.3713 2.4
      vertex -41.0988 30.3716 2.4
    endloop
  endfacet
  facet normal -0.345324 -0.645262 0.68146
    outer loop
      vertex -41.0982 30.3713 2.4
      vertex -41.7581 29.0347 0.799999
      vertex -41.66 28.9822 0.799999
    endloop
  endfacet
  facet normal -0.684835 -0.258044 0.681479
    outer loop
      vertex -39.4886 28.5356 2.4
      vertex -39.562 28.7304 2.4
      vertex -40.9002 28.0564 0.799999
    endloop
  endfacet
  facet normal -0.694932 -0.231644 0.680743
    outer loop
      vertex -40.9394 28.1606 0.799999
      vertex -39.562 28.7304 2.4
      vertex -39.5622 28.731 2.4
    endloop
  endfacet
  facet normal -0.684988 -0.257692 0.681459
    outer loop
      vertex -39.562 28.7304 2.4
      vertex -40.9394 28.1606 0.799999
      vertex -40.9002 28.0564 0.799999
    endloop
  endfacet
  facet normal -0.627739 -0.376643 0.681237
    outer loop
      vertex -41.0965 28.4545 0.799999
      vertex -39.8567 29.2821 2.4
      vertex -39.857 29.2826 2.4
    endloop
  endfacet
  facet normal -0.621678 -0.386164 0.681465
    outer loop
      vertex -39.8567 29.2821 2.4
      vertex -41.0965 28.4545 0.799999
      vertex -41.0378 28.36 0.799999
    endloop
  endfacet
  facet normal -0.728323 -0.0717421 0.681468
    outer loop
      vertex -39.3262 27.7194 2.4
      vertex -39.3466 27.9265 2.4
      vertex -40.8245 27.7319 0.799999
    endloop
  endfacet
  facet normal -0.726388 -0.10377 0.679406
    outer loop
      vertex -40.8245 27.7319 0.799999
      vertex -39.3261 27.7187 2.4
      vertex -39.3262 27.7194 2.4
    endloop
  endfacet
  facet normal -0.728317 -0.0717133 0.681477
    outer loop
      vertex -39.3261 27.7187 2.4
      vertex -40.8245 27.7319 0.799999
      vertex -40.8136 27.6212 0.799999
    endloop
  endfacet
  facet normal -0.724792 -0.103542 0.681143
    outer loop
      vertex -40.8427 27.8417 0.799999
      vertex -39.3805 28.1318 2.4
      vertex -39.3806 28.1325 2.4
    endloop
  endfacet
  facet normal -0.721975 -0.119672 0.681492
    outer loop
      vertex -39.3805 28.1318 2.4
      vertex -40.8427 27.8417 0.799999
      vertex -40.8245 27.7319 0.799999
    endloop
  endfacet
  facet normal -0.731446 -0.0236799 0.681489
    outer loop
      vertex 44.21 -27.51 0.799999
      vertex 45.7007 -27.5093 2.4
      vertex 44.2064 -27.3988 0.799999
    endloop
  endfacet
  facet normal -0.731656 0 0.681674
    outer loop
      vertex 45.7007 -27.5093 2.4
      vertex 44.21 -27.51 0.799999
      vertex 45.7007 -27.51 2.4
    endloop
  endfacet
  facet normal 0.500092 0.534309 0.681485
    outer loop
      vertex 40.4057 -29.9084 2.4
      vertex 41.3891 -28.7881 0.799999
      vertex 41.3079 -28.7121 0.799999
    endloop
  endfacet
  facet normal 0.517869 0.517869 0.6809
    outer loop
      vertex 41.3891 -28.7881 0.799999
      vertex 40.4057 -29.9084 2.4
      vertex 40.4062 -29.9089 2.4
    endloop
  endfacet
  facet normal -0.712775 0.165974 0.681473
    outer loop
      vertex 45.592 -28.3358 2.4
      vertex 45.6392 -28.1331 2.4
      vertex 44.1521 -27.95 0.799999
    endloop
  endfacet
  facet normal 0.345324 0.645262 0.68146
    outer loop
      vertex 41.0982 -30.3713 2.4
      vertex 41.7581 -29.0347 0.799999
      vertex 41.66 -28.9822 0.799999
    endloop
  endfacet
  facet normal 0.327216 0.654432 0.681652
    outer loop
      vertex 41.7581 -29.0347 0.799999
      vertex 41.0982 -30.3713 2.4
      vertex 41.0988 -30.3716 2.4
    endloop
  endfacet
  facet normal -0.0239127 -0.731447 0.681479
    outer loop
      vertex 42.718 -24.3261 2.4
      vertex 42.51 -24.3193 2.4
      vertex 42.51 -25.81 0.799999
    endloop
  endfacet
  facet normal -0.289067 0.674489 0.679342
    outer loop
      vertex 43.1606 -29.0806 0.799999
      vertex 43.5356 -30.5314 2.4
      vertex 43.5363 -30.5311 2.4
    endloop
  endfacet
  facet normal -0.257683 0.684965 0.681486
    outer loop
      vertex 43.5356 -30.5314 2.4
      vertex 43.1606 -29.0806 0.799999
      vertex 43.0564 -29.1198 0.799999
    endloop
  endfacet
  facet normal -0.500146 -0.534263 0.681481
    outer loop
      vertex 44.7662 -25.2538 2.4
      vertex 44.6143 -25.1116 2.4
      vertex 43.7121 -26.3079 0.799999
    endloop
  endfacet
  facet normal 0.426374 -0.594818 0.681467
    outer loop
      vertex 40.5682 -24.9783 2.4
      vertex 41.4751 -26.1613 0.799999
      vertex 41.5655 -26.0965 0.799999
    endloop
  endfacet
  facet normal 0.406271 -0.609406 0.680859
    outer loop
      vertex 41.4751 -26.1613 0.799999
      vertex 40.5682 -24.9783 2.4
      vertex 40.5676 -24.9787 2.4
    endloop
  endfacet
  facet normal 0.666624 -0.30202 0.681466
    outer loop
      vertex 40.9394 -26.8594 0.799999
      vertex 39.6481 -26.0994 2.4
      vertex 39.5622 -26.289 2.4
    endloop
  endfacet
  facet normal -0.257685 -0.684968 0.681482
    outer loop
      vertex 43.1606 -25.9394 0.799999
      vertex 43.7304 -24.5619 2.4
      vertex 43.0564 -25.9002 0.799999
    endloop
  endfacet
  facet normal -0.327595 -0.655189 0.680741
    outer loop
      vertex 43.7304 -24.5619 2.4
      vertex 43.1606 -25.9394 0.799999
      vertex 43.731 -24.5622 2.4
    endloop
  endfacet
  facet normal -0.0236799 0.731446 0.681489
    outer loop
      vertex 42.51 -29.21 0.799999
      vertex 42.5107 -30.7007 2.4
      vertex 42.6212 -29.2064 0.799999
    endloop
  endfacet
  facet normal 0 0.731656 0.681674
    outer loop
      vertex 42.5107 -30.7007 2.4
      vertex 42.51 -29.21 0.799999
      vertex 42.51 -30.7007 2.4
    endloop
  endfacet
  facet normal -0.666624 -0.30202 0.681466
    outer loop
      vertex 45.4578 -26.289 2.4
      vertex 45.3719 -26.0994 2.4
      vertex 44.0806 -26.8594 0.799999
    endloop
  endfacet
  facet normal 0.731447 0.0239127 0.681479
    outer loop
      vertex 39.3261 -27.718 2.4
      vertex 40.81 -27.51 0.799999
      vertex 39.3193 -27.51 2.4
    endloop
  endfacet
  facet normal 0.594791 -0.426407 0.681469
    outer loop
      vertex 41.0965 -26.5655 0.799999
      vertex 39.9783 -25.5682 2.4
      vertex 39.857 -25.7374 2.4
    endloop
  endfacet
  facet normal -0.654432 0.327216 0.681652
    outer loop
      vertex 44.0347 -28.2619 0.799999
      vertex 45.3713 -28.9218 2.4
      vertex 45.3716 -28.9212 2.4
    endloop
  endfacet
  facet normal -0.645262 0.345324 0.68146
    outer loop
      vertex 45.3713 -28.9218 2.4
      vertex 44.0347 -28.2619 0.799999
      vertex 43.9822 -28.36 0.799999
    endloop
  endfacet
  facet normal -0.212452 -0.700317 0.681484
    outer loop
      vertex 43.5356 -24.4886 2.4
      vertex 43.3365 -24.4282 2.4
      vertex 43.0564 -25.9002 0.799999
    endloop
  endfacet
  facet normal -0.722061 0.119172 0.681488
    outer loop
      vertex 45.6394 -28.1325 2.4
      vertex 45.6733 -27.9271 2.4
      vertex 44.1773 -27.8417 0.799999
    endloop
  endfacet
  facet normal 0.534309 0.500092 0.681485
    outer loop
      vertex 41.2319 -28.6309 0.799999
      vertex 40.1116 -29.6143 2.4
      vertex 41.3079 -28.7121 0.799999
    endloop
  endfacet
  facet normal 0.517869 0.517869 0.6809
    outer loop
      vertex 40.1116 -29.6143 2.4
      vertex 41.2319 -28.6309 0.799999
      vertex 40.1111 -29.6138 2.4
    endloop
  endfacet
  facet normal 0 -0.732386 0.68089
    outer loop
      vertex 42.3988 -25.8136 0.799999
      vertex 42.302 -24.3261 2.4
      vertex 42.3013 -24.3261 2.4
    endloop
  endfacet
  facet normal 0.0236805 -0.731466 0.681467
    outer loop
      vertex 42.302 -24.3261 2.4
      vertex 42.3988 -25.8136 0.799999
      vertex 42.51 -25.81 0.799999
    endloop
  endfacet
  facet normal 0.257855 0.684918 0.681468
    outer loop
      vertex 41.4837 -30.5311 2.4
      vertex 41.8594 -29.0806 0.799999
      vertex 41.289 -30.4578 2.4
    endloop
  endfacet
  facet normal -0.386158 0.621669 0.681476
    outer loop
      vertex 43.36 -28.9822 0.799999
      vertex 44.1059 -30.2728 2.4
      vertex 43.4545 -28.9235 0.799999
    endloop
  endfacet
  facet normal -0.406243 0.609364 0.680913
    outer loop
      vertex 44.1059 -30.2728 2.4
      vertex 43.36 -28.9822 0.799999
      vertex 44.1053 -30.2732 2.4
    endloop
  endfacet
  facet normal 0.684835 0.258044 0.681479
    outer loop
      vertex 39.562 -28.7304 2.4
      vertex 40.9002 -28.0564 0.799999
      vertex 39.4886 -28.5356 2.4
    endloop
  endfacet
  facet normal -0.722051 -0.119228 0.681489
    outer loop
      vertex 45.6733 -27.0928 2.4
      vertex 45.6394 -26.8875 2.4
      vertex 44.1773 -27.1783 0.799999
    endloop
  endfacet
  facet normal -0.594818 0.426374 0.681467
    outer loop
      vertex 43.8587 -28.5449 0.799999
      vertex 45.0417 -29.4518 2.4
      vertex 43.9235 -28.4545 0.799999
    endloop
  endfacet
  facet normal -0.609406 0.406271 0.680859
    outer loop
      vertex 45.0417 -29.4518 2.4
      vertex 43.8587 -28.5449 0.799999
      vertex 45.0413 -29.4524 2.4
    endloop
  endfacet
  facet normal 0.165974 -0.712775 0.681473
    outer loop
      vertex 42.07 -25.8679 0.799999
      vertex 41.8869 -24.3808 2.4
      vertex 41.6842 -24.428 2.4
    endloop
  endfacet
  facet normal -0.0717413 0.728315 0.681477
    outer loop
      vertex 42.7187 -30.6939 2.4
      vertex 42.9258 -30.6735 2.4
      vertex 42.6212 -29.2064 0.799999
    endloop
  endfacet
  facet normal 0.728323 -0.0717421 0.681468
    outer loop
      vertex 40.8245 -27.2881 0.799999
      vertex 39.3466 -27.0935 2.4
      vertex 39.3262 -27.3006 2.4
    endloop
  endfacet
  facet normal -0.594791 -0.426407 0.681469
    outer loop
      vertex 45.163 -25.7374 2.4
      vertex 45.0417 -25.5682 2.4
      vertex 43.9235 -26.5655 0.799999
    endloop
  endfacet
  facet normal 0.30202 -0.666624 0.681466
    outer loop
      vertex 41.8594 -25.9394 0.799999
      vertex 41.289 -24.5622 2.4
      vertex 41.0994 -24.6481 2.4
    endloop
  endfacet
  facet normal -0.684918 -0.257855 0.681468
    outer loop
      vertex 45.5311 -26.4837 2.4
      vertex 45.4578 -26.289 2.4
      vertex 44.0806 -26.8594 0.799999
    endloop
  endfacet
  facet normal 0.232962 -0.698886 0.67623
    outer loop
      vertex 42.07 -25.8679 0.799999
      vertex 41.8875 -24.3806 2.4
      vertex 41.8869 -24.3808 2.4
    endloop
  endfacet
  facet normal 0.165855 -0.712783 0.681493
    outer loop
      vertex 41.8875 -24.3806 2.4
      vertex 42.07 -25.8679 0.799999
      vertex 42.1783 -25.8427 0.799999
    endloop
  endfacet
  facet normal 0.119676 0.722003 0.681461
    outer loop
      vertex 42.1783 -29.1773 0.799999
      vertex 42.0935 -30.6734 2.4
      vertex 42.2881 -29.1955 0.799999
    endloop
  endfacet
  facet normal 0.103396 0.723771 0.68225
    outer loop
      vertex 42.0935 -30.6734 2.4
      vertex 42.1783 -29.1773 0.799999
      vertex 42.0928 -30.6733 2.4
    endloop
  endfacet
  facet normal -0.407487 0.611231 0.678491
    outer loop
      vertex 43.6309 -28.7881 0.799999
      vertex 44.6132 -29.9093 2.4
      vertex 44.6138 -29.9089 2.4
    endloop
  endfacet
  facet normal -0.464362 0.565654 0.681471
    outer loop
      vertex 44.6132 -29.9093 2.4
      vertex 43.6309 -28.7881 0.799999
      vertex 43.5449 -28.8587 0.799999
    endloop
  endfacet
  facet normal -0.0239128 0.731449 0.681476
    outer loop
      vertex 42.7187 -30.6939 2.4
      vertex 42.6212 -29.2064 0.799999
      vertex 42.5107 -30.7007 2.4
    endloop
  endfacet
  facet normal 0.0717134 0.728319 0.681475
    outer loop
      vertex 42.2881 -29.1955 0.799999
      vertex 42.0942 -30.6735 2.4
      vertex 42.3988 -29.2064 0.799999
    endloop
  endfacet
  facet normal 0.103476 0.724332 0.681642
    outer loop
      vertex 42.0942 -30.6735 2.4
      vertex 42.2881 -29.1955 0.799999
      vertex 42.0935 -30.6734 2.4
    endloop
  endfacet
  facet normal 0.0717413 0.728315 0.681477
    outer loop
      vertex 42.3013 -30.6939 2.4
      vertex 42.3988 -29.2064 0.799999
      vertex 42.0942 -30.6735 2.4
    endloop
  endfacet
  facet normal 0.119231 -0.72207 0.681468
    outer loop
      vertex 42.2881 -25.8245 0.799999
      vertex 42.0935 -24.3466 2.4
      vertex 41.8882 -24.3805 2.4
    endloop
  endfacet
  facet normal -0.500092 0.534309 0.681485
    outer loop
      vertex 43.6309 -28.7881 0.799999
      vertex 44.6143 -29.9084 2.4
      vertex 43.7121 -28.7121 0.799999
    endloop
  endfacet
  facet normal -0.517869 0.517869 0.6809
    outer loop
      vertex 44.6143 -29.9084 2.4
      vertex 43.6309 -28.7881 0.799999
      vertex 44.6138 -29.9089 2.4
    endloop
  endfacet
  facet normal 0.621544 -0.386356 0.681478
    outer loop
      vertex 41.0378 -26.66 0.799999
      vertex 39.8567 -25.7379 2.4
      vertex 39.7468 -25.9147 2.4
    endloop
  endfacet
  facet normal -0.731449 -0.0239128 0.681476
    outer loop
      vertex 45.7007 -27.5093 2.4
      vertex 45.6939 -27.3013 2.4
      vertex 44.2064 -27.3988 0.799999
    endloop
  endfacet
  facet normal -0.731656 0 0.681674
    outer loop
      vertex 44.21 -27.51 0.799999
      vertex 45.7007 -27.5107 2.4
      vertex 45.7007 -27.51 2.4
    endloop
  endfacet
  facet normal -0.731446 0.0236799 0.681489
    outer loop
      vertex 45.7007 -27.5107 2.4
      vertex 44.21 -27.51 0.799999
      vertex 44.2064 -27.6212 0.799999
    endloop
  endfacet
  facet normal -0.376643 -0.627739 0.681237
    outer loop
      vertex 44.2821 -24.8567 2.4
      vertex 43.4545 -26.0965 0.799999
      vertex 44.2826 -24.857 2.4
    endloop
  endfacet
  facet normal -0.386164 -0.621678 0.681465
    outer loop
      vertex 43.4545 -26.0965 0.799999
      vertex 44.2821 -24.8567 2.4
      vertex 43.36 -26.0378 0.799999
    endloop
  endfacet
  facet normal 0.426407 0.594791 0.681469
    outer loop
      vertex 40.7374 -30.163 2.4
      vertex 41.5655 -28.9235 0.799999
      vertex 40.5682 -30.0417 2.4
    endloop
  endfacet
  facet normal -0.426405 -0.594788 0.681474
    outer loop
      vertex 44.4524 -24.9787 2.4
      vertex 44.2832 -24.8574 2.4
      vertex 43.5449 -26.1613 0.799999
    endloop
  endfacet
  facet normal 0.534263 -0.500146 0.681481
    outer loop
      vertex 41.3079 -26.3079 0.799999
      vertex 40.2538 -25.2538 2.4
      vertex 40.1116 -25.4057 2.4
    endloop
  endfacet
  facet normal 0.426374 0.594818 0.681467
    outer loop
      vertex 41.4751 -28.8587 0.799999
      vertex 40.5682 -30.0417 2.4
      vertex 41.5655 -28.9235 0.799999
    endloop
  endfacet
  facet normal 0.406271 0.609406 0.680859
    outer loop
      vertex 40.5682 -30.0417 2.4
      vertex 41.4751 -28.8587 0.799999
      vertex 40.5676 -30.0413 2.4
    endloop
  endfacet
  facet normal -0.165974 0.712775 0.681473
    outer loop
      vertex 43.1331 -30.6392 2.4
      vertex 43.3358 -30.592 2.4
      vertex 42.95 -29.1521 0.799999
    endloop
  endfacet
  facet normal 0.165855 0.712783 0.681493
    outer loop
      vertex 42.07 -29.1521 0.799999
      vertex 41.8875 -30.6394 2.4
      vertex 42.1783 -29.1773 0.799999
    endloop
  endfacet
  facet normal 0.232962 0.698886 0.67623
    outer loop
      vertex 41.8875 -30.6394 2.4
      vertex 42.07 -29.1521 0.799999
      vertex 41.8869 -30.6392 2.4
    endloop
  endfacet
  facet normal -0.345324 0.645262 0.68146
    outer loop
      vertex 43.2619 -29.0347 0.799999
      vertex 43.9218 -30.3713 2.4
      vertex 43.36 -28.9822 0.799999
    endloop
  endfacet
  facet normal -0.327216 0.654432 0.681652
    outer loop
      vertex 43.9218 -30.3713 2.4
      vertex 43.2619 -29.0347 0.799999
      vertex 43.9212 -30.3716 2.4
    endloop
  endfacet
  facet normal 0.386164 -0.621678 0.681465
    outer loop
      vertex 40.7379 -24.8567 2.4
      vertex 41.5655 -26.0965 0.799999
      vertex 41.66 -26.0378 0.799999
    endloop
  endfacet
  facet normal 0.376643 -0.627739 0.681237
    outer loop
      vertex 41.5655 -26.0965 0.799999
      vertex 40.7379 -24.8567 2.4
      vertex 40.7374 -24.857 2.4
    endloop
  endfacet
  facet normal 0.517869 -0.517869 0.6809
    outer loop
      vertex 40.4057 -25.1116 2.4
      vertex 41.3891 -26.2319 0.799999
      vertex 40.4062 -25.1111 2.4
    endloop
  endfacet
  facet normal 0.500092 -0.534309 0.681485
    outer loop
      vertex 41.3891 -26.2319 0.799999
      vertex 40.4057 -25.1116 2.4
      vertex 41.3079 -26.3079 0.799999
    endloop
  endfacet
  facet normal -0.654432 -0.327216 0.681652
    outer loop
      vertex 45.3713 -26.0982 2.4
      vertex 44.0347 -26.7581 0.799999
      vertex 45.3716 -26.0988 2.4
    endloop
  endfacet
  facet normal -0.645262 -0.345324 0.68146
    outer loop
      vertex 44.0347 -26.7581 0.799999
      vertex 45.3713 -26.0982 2.4
      vertex 43.9822 -26.66 0.799999
    endloop
  endfacet
  facet normal -0.165974 -0.712775 0.681473
    outer loop
      vertex 43.3358 -24.428 2.4
      vertex 43.1331 -24.3808 2.4
      vertex 42.95 -25.8679 0.799999
    endloop
  endfacet
  facet normal 0.165974 0.712775 0.681473
    outer loop
      vertex 41.8869 -30.6392 2.4
      vertex 42.07 -29.1521 0.799999
      vertex 41.6842 -30.592 2.4
    endloop
  endfacet
  facet normal 0.2009 -0.703151 0.682069
    outer loop
      vertex 41.9636 -25.9002 0.799999
      vertex 41.6842 -24.428 2.4
      vertex 41.6835 -24.4282 2.4
    endloop
  endfacet
  facet normal 0.212587 -0.700286 0.681473
    outer loop
      vertex 41.6842 -24.428 2.4
      vertex 41.9636 -25.9002 0.799999
      vertex 42.07 -25.8679 0.799999
    endloop
  endfacet
  facet normal 0.257683 0.684965 0.681486
    outer loop
      vertex 41.8594 -29.0806 0.799999
      vertex 41.4844 -30.5314 2.4
      vertex 41.9636 -29.1198 0.799999
    endloop
  endfacet
  facet normal 0.289067 0.674489 0.679342
    outer loop
      vertex 41.4844 -30.5314 2.4
      vertex 41.8594 -29.0806 0.799999
      vertex 41.4837 -30.5311 2.4
    endloop
  endfacet
  facet normal 0.731447 -0.0239127 0.681479
    outer loop
      vertex 40.81 -27.51 0.799999
      vertex 39.3261 -27.302 2.4
      vertex 39.3193 -27.51 2.4
    endloop
  endfacet
  facet normal -0.609364 0.406243 0.680913
    outer loop
      vertex 43.9822 -28.36 0.799999
      vertex 45.2728 -29.1059 2.4
      vertex 45.2732 -29.1053 2.4
    endloop
  endfacet
  facet normal -0.621669 0.386158 0.681476
    outer loop
      vertex 45.2728 -29.1059 2.4
      vertex 43.9822 -28.36 0.799999
      vertex 43.9235 -28.4545 0.799999
    endloop
  endfacet
  facet normal 0.565795 -0.46417 0.681485
    outer loop
      vertex 41.2319 -26.3891 0.799999
      vertex 40.1111 -25.4062 2.4
      vertex 39.9791 -25.5671 2.4
    endloop
  endfacet
  facet normal 0.72207 -0.119231 0.681468
    outer loop
      vertex 40.8245 -27.2881 0.799999
      vertex 39.3805 -26.8882 2.4
      vertex 39.3466 -27.0935 2.4
    endloop
  endfacet
  facet normal -0.534263 0.500146 0.681481
    outer loop
      vertex 44.7662 -29.7662 2.4
      vertex 44.9084 -29.6143 2.4
      vertex 43.7121 -28.7121 0.799999
    endloop
  endfacet
  facet normal -0.684918 0.257855 0.681468
    outer loop
      vertex 45.4578 -28.731 2.4
      vertex 45.5311 -28.5363 2.4
      vertex 44.0806 -28.1606 0.799999
    endloop
  endfacet
  facet normal -0.257734 -0.684946 0.681485
    outer loop
      vertex 43.7304 -24.5619 2.4
      vertex 43.5356 -24.4886 2.4
      vertex 43.0564 -25.9002 0.799999
    endloop
  endfacet
  facet normal -0.731449 0.0239128 0.681476
    outer loop
      vertex 45.6939 -27.7187 2.4
      vertex 45.7007 -27.5107 2.4
      vertex 44.2064 -27.6212 0.799999
    endloop
  endfacet
  facet normal -0.565654 0.464362 0.681471
    outer loop
      vertex 43.7881 -28.6309 0.799999
      vertex 44.9093 -29.6132 2.4
      vertex 43.8587 -28.5449 0.799999
    endloop
  endfacet
  facet normal -0.611231 0.407487 0.678491
    outer loop
      vertex 44.9093 -29.6132 2.4
      vertex 43.7881 -28.6309 0.799999
      vertex 44.9089 -29.6138 2.4
    endloop
  endfacet
  facet normal -0.724332 -0.103476 0.681642
    outer loop
      vertex 44.1955 -27.2881 0.799999
      vertex 45.6735 -27.0942 2.4
      vertex 45.6734 -27.0935 2.4
    endloop
  endfacet
  facet normal -0.728319 -0.0717134 0.681475
    outer loop
      vertex 45.6735 -27.0942 2.4
      vertex 44.1955 -27.2881 0.799999
      vertex 44.2064 -27.3988 0.799999
    endloop
  endfacet
  facet normal 0.386158 0.621669 0.681476
    outer loop
      vertex 40.9141 -30.2728 2.4
      vertex 41.66 -28.9822 0.799999
      vertex 41.5655 -28.9235 0.799999
    endloop
  endfacet
  facet normal 0.406243 0.609364 0.680913
    outer loop
      vertex 41.66 -28.9822 0.799999
      vertex 40.9141 -30.2728 2.4
      vertex 40.9147 -30.2732 2.4
    endloop
  endfacet
  facet normal -0.565795 -0.46417 0.681485
    outer loop
      vertex 45.0409 -25.5671 2.4
      vertex 44.9089 -25.4062 2.4
      vertex 43.7881 -26.3891 0.799999
    endloop
  endfacet
  facet normal -0.609364 -0.406243 0.680913
    outer loop
      vertex 45.2728 -25.9141 2.4
      vertex 43.9822 -26.66 0.799999
      vertex 45.2732 -25.9147 2.4
    endloop
  endfacet
  facet normal -0.621669 -0.386158 0.681476
    outer loop
      vertex 43.9822 -26.66 0.799999
      vertex 45.2728 -25.9141 2.4
      vertex 43.9235 -26.5655 0.799999
    endloop
  endfacet
  facet normal -0.571387 -0.457109 0.681592
    outer loop
      vertex 45.0409 -25.5671 2.4
      vertex 43.8587 -26.4751 0.799999
      vertex 45.0413 -25.5676 2.4
    endloop
  endfacet
  facet normal -0.565653 -0.464362 0.681472
    outer loop
      vertex 43.8587 -26.4751 0.799999
      vertex 45.0409 -25.5671 2.4
      vertex 43.7881 -26.3891 0.799999
    endloop
  endfacet
  facet normal 0.700317 0.212452 0.681484
    outer loop
      vertex 39.4886 -28.5356 2.4
      vertex 40.9002 -28.0564 0.799999
      vertex 39.4282 -28.3365 2.4
    endloop
  endfacet
  facet normal 0.46417 0.565795 0.681485
    outer loop
      vertex 40.5671 -30.0409 2.4
      vertex 41.3891 -28.7881 0.799999
      vertex 40.4062 -29.9089 2.4
    endloop
  endfacet
  facet normal 0.457109 -0.571387 0.681592
    outer loop
      vertex 40.5671 -24.9791 2.4
      vertex 41.4751 -26.1613 0.799999
      vertex 40.5676 -24.9787 2.4
    endloop
  endfacet
  facet normal 0.464362 -0.565653 0.681472
    outer loop
      vertex 41.4751 -26.1613 0.799999
      vertex 40.5671 -24.9791 2.4
      vertex 41.3891 -26.2319 0.799999
    endloop
  endfacet
  facet normal 0.386356 -0.621544 0.681478
    outer loop
      vertex 41.66 -26.0378 0.799999
      vertex 40.9147 -24.7468 2.4
      vertex 40.7379 -24.8567 2.4
    endloop
  endfacet
  facet normal -0.654432 -0.327216 0.681652
    outer loop
      vertex 44.0347 -26.7581 0.799999
      vertex 45.3719 -26.0994 2.4
      vertex 45.3716 -26.0988 2.4
    endloop
  endfacet
  facet normal -0.66661 -0.302047 0.681468
    outer loop
      vertex 45.3719 -26.0994 2.4
      vertex 44.0347 -26.7581 0.799999
      vertex 44.0806 -26.8594 0.799999
    endloop
  endfacet
  facet normal -0.30202 0.666624 0.681466
    outer loop
      vertex 43.731 -30.4578 2.4
      vertex 43.9206 -30.3719 2.4
      vertex 43.1606 -29.0806 0.799999
    endloop
  endfacet
  facet normal -0.500146 0.534263 0.681481
    outer loop
      vertex 44.6143 -29.9084 2.4
      vertex 44.7662 -29.7662 2.4
      vertex 43.7121 -28.7121 0.799999
    endloop
  endfacet
  facet normal 0.724792 -0.103542 0.681143
    outer loop
      vertex 39.3805 -26.8882 2.4
      vertex 40.8427 -27.1783 0.799999
      vertex 39.3806 -26.8875 2.4
    endloop
  endfacet
  facet normal 0.721975 -0.119672 0.681492
    outer loop
      vertex 40.8427 -27.1783 0.799999
      vertex 39.3805 -26.8882 2.4
      vertex 40.8245 -27.2881 0.799999
    endloop
  endfacet
  facet normal -0.386356 -0.621544 0.681478
    outer loop
      vertex 44.2821 -24.8567 2.4
      vertex 44.1053 -24.7468 2.4
      vertex 43.36 -26.0378 0.799999
    endloop
  endfacet
  facet normal 0.666624 0.30202 0.681466
    outer loop
      vertex 39.6481 -28.9206 2.4
      vertex 40.9394 -28.1606 0.799999
      vertex 39.5622 -28.731 2.4
    endloop
  endfacet
  facet normal 0.698886 -0.232962 0.67623
    outer loop
      vertex 39.3806 -26.8875 2.4
      vertex 40.8679 -27.07 0.799999
      vertex 39.3808 -26.8869 2.4
    endloop
  endfacet
  facet normal 0.712783 -0.165855 0.681493
    outer loop
      vertex 40.8679 -27.07 0.799999
      vertex 39.3806 -26.8875 2.4
      vertex 40.8427 -27.1783 0.799999
    endloop
  endfacet
  facet normal -0.645399 -0.345034 0.681477
    outer loop
      vertex 45.3713 -26.0982 2.4
      vertex 45.2732 -25.9147 2.4
      vertex 43.9822 -26.66 0.799999
    endloop
  endfacet
  facet normal -0.119672 -0.721975 0.681492
    outer loop
      vertex 42.8417 -25.8427 0.799999
      vertex 43.1318 -24.3805 2.4
      vertex 42.7319 -25.8245 0.799999
    endloop
  endfacet
  facet normal -0.103542 -0.724792 0.681143
    outer loop
      vertex 43.1318 -24.3805 2.4
      vertex 42.8417 -25.8427 0.799999
      vertex 43.1325 -24.3806 2.4
    endloop
  endfacet
  facet normal -0.534263 -0.500146 0.681481
    outer loop
      vertex 44.9084 -25.4057 2.4
      vertex 44.7662 -25.2538 2.4
      vertex 43.7121 -26.3079 0.799999
    endloop
  endfacet
  facet normal 0.645262 0.345324 0.68146
    outer loop
      vertex 40.9853 -28.2619 0.799999
      vertex 39.6487 -28.9218 2.4
      vertex 41.0378 -28.36 0.799999
    endloop
  endfacet
  facet normal 0.654432 0.327216 0.681652
    outer loop
      vertex 39.6487 -28.9218 2.4
      vertex 40.9853 -28.2619 0.799999
      vertex 39.6484 -28.9212 2.4
    endloop
  endfacet
  facet normal -0.327216 0.654432 0.681652
    outer loop
      vertex 43.2619 -29.0347 0.799999
      vertex 43.9206 -30.3719 2.4
      vertex 43.9212 -30.3716 2.4
    endloop
  endfacet
  facet normal -0.302047 0.66661 0.681468
    outer loop
      vertex 43.9206 -30.3719 2.4
      vertex 43.2619 -29.0347 0.799999
      vertex 43.1606 -29.0806 0.799999
    endloop
  endfacet
  facet normal 0.30202 0.666624 0.681466
    outer loop
      vertex 41.289 -30.4578 2.4
      vertex 41.8594 -29.0806 0.799999
      vertex 41.0994 -30.3719 2.4
    endloop
  endfacet
  facet normal 0.0239127 -0.731447 0.681479
    outer loop
      vertex 42.51 -25.81 0.799999
      vertex 42.51 -24.3193 2.4
      vertex 42.302 -24.3261 2.4
    endloop
  endfacet
  facet normal 0.500146 -0.534263 0.681481
    outer loop
      vertex 41.3079 -26.3079 0.799999
      vertex 40.4057 -25.1116 2.4
      vertex 40.2538 -25.2538 2.4
    endloop
  endfacet
  facet normal 0.627739 -0.376643 0.681237
    outer loop
      vertex 39.8567 -25.7379 2.4
      vertex 41.0965 -26.5655 0.799999
      vertex 39.857 -25.7374 2.4
    endloop
  endfacet
  facet normal 0.621678 -0.386164 0.681465
    outer loop
      vertex 41.0965 -26.5655 0.799999
      vertex 39.8567 -25.7379 2.4
      vertex 41.0378 -26.66 0.799999
    endloop
  endfacet
  facet normal 0.302047 -0.66661 0.681468
    outer loop
      vertex 41.0994 -24.6481 2.4
      vertex 41.7581 -25.9853 0.799999
      vertex 41.8594 -25.9394 0.799999
    endloop
  endfacet
  facet normal 0.327216 -0.654432 0.681652
    outer loop
      vertex 41.7581 -25.9853 0.799999
      vertex 41.0994 -24.6481 2.4
      vertex 41.0988 -24.6484 2.4
    endloop
  endfacet
  facet normal -0.700352 0.212356 0.681477
    outer loop
      vertex 45.5316 -28.535 2.4
      vertex 45.592 -28.3358 2.4
      vertex 44.1521 -27.95 0.799999
    endloop
  endfacet
  facet normal -0.712783 0.165855 0.681493
    outer loop
      vertex 44.1521 -27.95 0.799999
      vertex 45.6394 -28.1325 2.4
      vertex 44.1773 -27.8417 0.799999
    endloop
  endfacet
  facet normal -0.698886 0.232962 0.67623
    outer loop
      vertex 45.6394 -28.1325 2.4
      vertex 44.1521 -27.95 0.799999
      vertex 45.6392 -28.1331 2.4
    endloop
  endfacet
  facet normal -0.0717421 -0.728323 0.681468
    outer loop
      vertex 42.7319 -25.8245 0.799999
      vertex 42.9265 -24.3466 2.4
      vertex 42.7194 -24.3262 2.4
    endloop
  endfacet
  facet normal -0.464351 -0.565664 0.68147
    outer loop
      vertex 44.6132 -25.1107 2.4
      vertex 44.4524 -24.9787 2.4
      vertex 43.5449 -26.1613 0.799999
    endloop
  endfacet
  facet normal -0.666624 0.30202 0.681466
    outer loop
      vertex 45.3719 -28.9206 2.4
      vertex 45.4578 -28.731 2.4
      vertex 44.0806 -28.1606 0.799999
    endloop
  endfacet
  facet normal 0.345034 0.645399 0.681477
    outer loop
      vertex 41.0982 -30.3713 2.4
      vertex 41.66 -28.9822 0.799999
      vertex 40.9147 -30.2732 2.4
    endloop
  endfacet
  facet normal -0.594791 0.426407 0.681469
    outer loop
      vertex 45.0417 -29.4518 2.4
      vertex 45.163 -29.2826 2.4
      vertex 43.9235 -28.4545 0.799999
    endloop
  endfacet
  facet normal -0.728315 -0.0717413 0.681477
    outer loop
      vertex 45.6939 -27.3013 2.4
      vertex 45.6735 -27.0942 2.4
      vertex 44.2064 -27.3988 0.799999
    endloop
  endfacet
  facet normal -0.728315 0.0717413 0.681477
    outer loop
      vertex 45.6735 -27.9258 2.4
      vertex 45.6939 -27.7187 2.4
      vertex 44.2064 -27.6212 0.799999
    endloop
  endfacet
  facet normal -0.621611 -0.386264 0.681469
    outer loop
      vertex 45.2728 -25.9141 2.4
      vertex 45.163 -25.7374 2.4
      vertex 43.9235 -26.5655 0.799999
    endloop
  endfacet
  facet normal -0.386264 0.621611 0.681469
    outer loop
      vertex 44.1059 -30.2728 2.4
      vertex 44.2826 -30.163 2.4
      vertex 43.4545 -28.9235 0.799999
    endloop
  endfacet
  facet normal -0.700352 -0.212356 0.681477
    outer loop
      vertex 45.592 -26.6842 2.4
      vertex 45.5316 -26.485 2.4
      vertex 44.1521 -27.07 0.799999
    endloop
  endfacet
  facet normal -0.645399 0.345034 0.681477
    outer loop
      vertex 45.2732 -29.1053 2.4
      vertex 45.3713 -28.9218 2.4
      vertex 43.9822 -28.36 0.799999
    endloop
  endfacet
  facet normal 0.327595 -0.655189 0.680741
    outer loop
      vertex 41.8594 -25.9394 0.799999
      vertex 41.2896 -24.5619 2.4
      vertex 41.289 -24.5622 2.4
    endloop
  endfacet
  facet normal 0.257685 -0.684968 0.681482
    outer loop
      vertex 41.2896 -24.5619 2.4
      vertex 41.8594 -25.9394 0.799999
      vertex 41.9636 -25.9002 0.799999
    endloop
  endfacet
  facet normal 0.694932 -0.231644 0.680743
    outer loop
      vertex 39.562 -26.2896 2.4
      vertex 40.9394 -26.8594 0.799999
      vertex 39.5622 -26.289 2.4
    endloop
  endfacet
  facet normal 0.684988 -0.257692 0.681459
    outer loop
      vertex 40.9394 -26.8594 0.799999
      vertex 39.562 -26.2896 2.4
      vertex 40.9002 -26.9636 0.799999
    endloop
  endfacet
  facet normal 0.257734 -0.684946 0.681485
    outer loop
      vertex 41.9636 -25.9002 0.799999
      vertex 41.4844 -24.4886 2.4
      vertex 41.2896 -24.5619 2.4
    endloop
  endfacet
  facet normal 0.728323 0.0717421 0.681468
    outer loop
      vertex 39.3466 -27.9265 2.4
      vertex 40.8245 -27.7319 0.799999
      vertex 39.3262 -27.7194 2.4
    endloop
  endfacet
  facet normal -0.0236805 -0.731466 0.681467
    outer loop
      vertex 42.6212 -25.8136 0.799999
      vertex 42.718 -24.3261 2.4
      vertex 42.51 -25.81 0.799999
    endloop
  endfacet
  facet normal 0 -0.732386 0.68089
    outer loop
      vertex 42.718 -24.3261 2.4
      vertex 42.6212 -25.8136 0.799999
      vertex 42.7187 -24.3261 2.4
    endloop
  endfacet
  facet normal 0.500146 0.534263 0.681481
    outer loop
      vertex 40.4057 -29.9084 2.4
      vertex 41.3079 -28.7121 0.799999
      vertex 40.2538 -29.7662 2.4
    endloop
  endfacet
  facet normal -0.165855 -0.712783 0.681493
    outer loop
      vertex 42.95 -25.8679 0.799999
      vertex 43.1325 -24.3806 2.4
      vertex 42.8417 -25.8427 0.799999
    endloop
  endfacet
  facet normal -0.232962 -0.698886 0.67623
    outer loop
      vertex 43.1325 -24.3806 2.4
      vertex 42.95 -25.8679 0.799999
      vertex 43.1331 -24.3808 2.4
    endloop
  endfacet
  facet normal -0.405853 -0.608779 0.681668
    outer loop
      vertex 43.4545 -26.0965 0.799999
      vertex 44.2832 -24.8574 2.4
      vertex 44.2826 -24.857 2.4
    endloop
  endfacet
  facet normal -0.426369 -0.594811 0.681476
    outer loop
      vertex 44.2832 -24.8574 2.4
      vertex 43.4545 -26.0965 0.799999
      vertex 43.5449 -26.1613 0.799999
    endloop
  endfacet
  facet normal 0.684835 -0.258044 0.681479
    outer loop
      vertex 40.9002 -26.9636 0.799999
      vertex 39.562 -26.2896 2.4
      vertex 39.4886 -26.4844 2.4
    endloop
  endfacet
  facet normal 0.46417 -0.565795 0.681485
    outer loop
      vertex 41.3891 -26.2319 0.799999
      vertex 40.5671 -24.9791 2.4
      vertex 40.4062 -25.1111 2.4
    endloop
  endfacet
  facet normal 0.534309 -0.500092 0.681485
    outer loop
      vertex 40.1116 -25.4057 2.4
      vertex 41.2319 -26.3891 0.799999
      vertex 41.3079 -26.3079 0.799999
    endloop
  endfacet
  facet normal 0.517869 -0.517869 0.6809
    outer loop
      vertex 41.2319 -26.3891 0.799999
      vertex 40.1116 -25.4057 2.4
      vertex 40.1111 -25.4062 2.4
    endloop
  endfacet
  facet normal 0.732386 -0 0.68089
    outer loop
      vertex 39.3261 -27.302 2.4
      vertex 40.8136 -27.3988 0.799999
      vertex 39.3261 -27.3013 2.4
    endloop
  endfacet
  facet normal 0.731466 -0.0236805 0.681467
    outer loop
      vertex 40.8136 -27.3988 0.799999
      vertex 39.3261 -27.302 2.4
      vertex 40.81 -27.51 0.799999
    endloop
  endfacet
  facet normal -0.464351 0.565664 0.68147
    outer loop
      vertex 44.4524 -30.0413 2.4
      vertex 44.6132 -29.9093 2.4
      vertex 43.5449 -28.8587 0.799999
    endloop
  endfacet
  facet normal -0.407487 -0.611231 0.678491
    outer loop
      vertex 44.6132 -25.1107 2.4
      vertex 43.6309 -26.2319 0.799999
      vertex 44.6138 -25.1111 2.4
    endloop
  endfacet
  facet normal -0.464362 -0.565654 0.681471
    outer loop
      vertex 43.6309 -26.2319 0.799999
      vertex 44.6132 -25.1107 2.4
      vertex 43.5449 -26.1613 0.799999
    endloop
  endfacet
  facet normal -0.119172 0.722061 0.681488
    outer loop
      vertex 42.9271 -30.6733 2.4
      vertex 43.1325 -30.6394 2.4
      vertex 42.8417 -29.1773 0.799999
    endloop
  endfacet
  facet normal -0.674489 -0.289067 0.679342
    outer loop
      vertex 44.0806 -26.8594 0.799999
      vertex 45.5314 -26.4844 2.4
      vertex 45.5311 -26.4837 2.4
    endloop
  endfacet
  facet normal -0.684965 -0.257683 0.681486
    outer loop
      vertex 45.5314 -26.4844 2.4
      vertex 44.0806 -26.8594 0.799999
      vertex 44.1198 -26.9636 0.799999
    endloop
  endfacet
  facet normal -0.698886 -0.232962 0.67623
    outer loop
      vertex 44.1521 -27.07 0.799999
      vertex 45.6394 -26.8875 2.4
      vertex 45.6392 -26.8869 2.4
    endloop
  endfacet
  facet normal -0.712783 -0.165855 0.681493
    outer loop
      vertex 45.6394 -26.8875 2.4
      vertex 44.1521 -27.07 0.799999
      vertex 44.1773 -27.1783 0.799999
    endloop
  endfacet
  facet normal 0.726388 -0.10377 0.679406
    outer loop
      vertex 39.3261 -27.3013 2.4
      vertex 40.8245 -27.2881 0.799999
      vertex 39.3262 -27.3006 2.4
    endloop
  endfacet
  facet normal 0.728317 -0.0717133 0.681477
    outer loop
      vertex 40.8245 -27.2881 0.799999
      vertex 39.3261 -27.3013 2.4
      vertex 40.8136 -27.3988 0.799999
    endloop
  endfacet
  facet normal -0.0717133 -0.728317 0.681477
    outer loop
      vertex 42.7319 -25.8245 0.799999
      vertex 42.7187 -24.3261 2.4
      vertex 42.6212 -25.8136 0.799999
    endloop
  endfacet
  facet normal -0.10377 -0.726388 0.679406
    outer loop
      vertex 42.7187 -24.3261 2.4
      vertex 42.7319 -25.8245 0.799999
      vertex 42.7194 -24.3262 2.4
    endloop
  endfacet
  facet normal -0.66661 0.302047 0.681468
    outer loop
      vertex 44.0347 -28.2619 0.799999
      vertex 45.3719 -28.9206 2.4
      vertex 44.0806 -28.1606 0.799999
    endloop
  endfacet
  facet normal -0.654432 0.327216 0.681652
    outer loop
      vertex 45.3719 -28.9206 2.4
      vertex 44.0347 -28.2619 0.799999
      vertex 45.3716 -28.9212 2.4
    endloop
  endfacet
  facet normal 0.712775 -0.165974 0.681473
    outer loop
      vertex 40.8679 -27.07 0.799999
      vertex 39.428 -26.6842 2.4
      vertex 39.3808 -26.8869 2.4
    endloop
  endfacet
  facet normal 0.703151 -0.2009 0.682069
    outer loop
      vertex 39.428 -26.6842 2.4
      vertex 40.9002 -26.9636 0.799999
      vertex 39.4282 -26.6835 2.4
    endloop
  endfacet
  facet normal 0.700286 -0.212587 0.681473
    outer loop
      vertex 40.9002 -26.9636 0.799999
      vertex 39.428 -26.6842 2.4
      vertex 40.8679 -27.07 0.799999
    endloop
  endfacet
  facet normal -0.517869 0.517869 0.6809
    outer loop
      vertex 43.7881 -28.6309 0.799999
      vertex 44.9084 -29.6143 2.4
      vertex 44.9089 -29.6138 2.4
    endloop
  endfacet
  facet normal -0.534309 0.500092 0.681485
    outer loop
      vertex 44.9084 -29.6143 2.4
      vertex 43.7881 -28.6309 0.799999
      vertex 43.7121 -28.7121 0.799999
    endloop
  endfacet
  facet normal 0.712783 0.165855 0.681493
    outer loop
      vertex 39.3806 -28.1325 2.4
      vertex 40.8679 -27.95 0.799999
      vertex 40.8427 -27.8417 0.799999
    endloop
  endfacet
  facet normal 0.698886 0.232962 0.67623
    outer loop
      vertex 40.8679 -27.95 0.799999
      vertex 39.3806 -28.1325 2.4
      vertex 39.3808 -28.1331 2.4
    endloop
  endfacet
  facet normal -0.609406 -0.406271 0.680859
    outer loop
      vertex 43.8587 -26.4751 0.799999
      vertex 45.0417 -25.5682 2.4
      vertex 45.0413 -25.5676 2.4
    endloop
  endfacet
  facet normal -0.594818 -0.426374 0.681467
    outer loop
      vertex 45.0417 -25.5682 2.4
      vertex 43.8587 -26.4751 0.799999
      vertex 43.9235 -26.5655 0.799999
    endloop
  endfacet
  facet normal -0.621611 0.386264 0.681469
    outer loop
      vertex 45.163 -29.2826 2.4
      vertex 45.2728 -29.1059 2.4
      vertex 43.9235 -28.4545 0.799999
    endloop
  endfacet
  facet normal -0.119231 -0.72207 0.681468
    outer loop
      vertex 43.1318 -24.3805 2.4
      vertex 42.9265 -24.3466 2.4
      vertex 42.7319 -25.8245 0.799999
    endloop
  endfacet
  facet normal 0.386264 0.621611 0.681469
    outer loop
      vertex 40.9141 -30.2728 2.4
      vertex 41.5655 -28.9235 0.799999
      vertex 40.7374 -30.163 2.4
    endloop
  endfacet
  facet normal 0.621678 0.386164 0.681465
    outer loop
      vertex 39.8567 -29.2821 2.4
      vertex 41.0965 -28.4545 0.799999
      vertex 41.0378 -28.36 0.799999
    endloop
  endfacet
  facet normal 0.627739 0.376643 0.681237
    outer loop
      vertex 41.0965 -28.4545 0.799999
      vertex 39.8567 -29.2821 2.4
      vertex 39.857 -29.2826 2.4
    endloop
  endfacet
  facet normal 0.700317 -0.212452 0.681484
    outer loop
      vertex 40.9002 -26.9636 0.799999
      vertex 39.4886 -26.4844 2.4
      vertex 39.4282 -26.6835 2.4
    endloop
  endfacet
  facet normal -0.69411 -0.23137 0.681674
    outer loop
      vertex 44.1198 -26.9636 0.799999
      vertex 45.5316 -26.485 2.4
      vertex 45.5314 -26.4844 2.4
    endloop
  endfacet
  facet normal -0.700271 -0.212582 0.68149
    outer loop
      vertex 45.5316 -26.485 2.4
      vertex 44.1198 -26.9636 0.799999
      vertex 44.1521 -27.07 0.799999
    endloop
  endfacet
  facet normal -0.712775 -0.165974 0.681473
    outer loop
      vertex 45.6392 -26.8869 2.4
      vertex 45.592 -26.6842 2.4
      vertex 44.1521 -27.07 0.799999
    endloop
  endfacet
  facet normal 0.645262 -0.345324 0.68146
    outer loop
      vertex 39.6487 -26.0982 2.4
      vertex 40.9853 -26.7581 0.799999
      vertex 41.0378 -26.66 0.799999
    endloop
  endfacet
  facet normal 0.654432 -0.327216 0.681652
    outer loop
      vertex 40.9853 -26.7581 0.799999
      vertex 39.6487 -26.0982 2.4
      vertex 39.6484 -26.0988 2.4
    endloop
  endfacet
  facet normal -0.565664 0.464351 0.68147
    outer loop
      vertex 44.9093 -29.6132 2.4
      vertex 45.0413 -29.4524 2.4
      vertex 43.8587 -28.5449 0.799999
    endloop
  endfacet
  facet normal 0.72207 0.119231 0.681468
    outer loop
      vertex 39.3805 -28.1318 2.4
      vertex 40.8245 -27.7319 0.799999
      vertex 39.3466 -27.9265 2.4
    endloop
  endfacet
  facet normal 0.731466 0.0236805 0.681467
    outer loop
      vertex 39.3261 -27.718 2.4
      vertex 40.8136 -27.6212 0.799999
      vertex 40.81 -27.51 0.799999
    endloop
  endfacet
  facet normal 0.732386 0 0.68089
    outer loop
      vertex 40.8136 -27.6212 0.799999
      vertex 39.3261 -27.718 2.4
      vertex 39.3261 -27.7187 2.4
    endloop
  endfacet
  facet normal 0.726388 0.10377 0.679406
    outer loop
      vertex 40.8245 -27.7319 0.799999
      vertex 39.3261 -27.7187 2.4
      vertex 39.3262 -27.7194 2.4
    endloop
  endfacet
  facet normal 0.728317 0.0717133 0.681477
    outer loop
      vertex 39.3261 -27.7187 2.4
      vertex 40.8245 -27.7319 0.799999
      vertex 40.8136 -27.6212 0.799999
    endloop
  endfacet
  facet normal -0.700271 0.212582 0.68149
    outer loop
      vertex 44.1198 -28.0564 0.799999
      vertex 45.5316 -28.535 2.4
      vertex 44.1521 -27.95 0.799999
    endloop
  endfacet
  facet normal -0.69411 0.23137 0.681674
    outer loop
      vertex 45.5316 -28.535 2.4
      vertex 44.1198 -28.0564 0.799999
      vertex 45.5314 -28.5356 2.4
    endloop
  endfacet
  facet normal -0.684965 0.257683 0.681486
    outer loop
      vertex 44.0806 -28.1606 0.799999
      vertex 45.5314 -28.5356 2.4
      vertex 44.1198 -28.0564 0.799999
    endloop
  endfacet
  facet normal -0.674489 0.289067 0.679342
    outer loop
      vertex 45.5314 -28.5356 2.4
      vertex 44.0806 -28.1606 0.799999
      vertex 45.5311 -28.5363 2.4
    endloop
  endfacet
  facet normal -0.722003 0.119676 0.681461
    outer loop
      vertex 44.1773 -27.8417 0.799999
      vertex 45.6734 -27.9265 2.4
      vertex 44.1955 -27.7319 0.799999
    endloop
  endfacet
  facet normal -0.721929 0.120322 0.681426
    outer loop
      vertex 45.6734 -27.9265 2.4
      vertex 44.1773 -27.8417 0.799999
      vertex 45.6733 -27.9271 2.4
    endloop
  endfacet
  facet normal -0.728319 0.0717134 0.681475
    outer loop
      vertex 44.1955 -27.7319 0.799999
      vertex 45.6735 -27.9258 2.4
      vertex 44.2064 -27.6212 0.799999
    endloop
  endfacet
  facet normal -0.724332 0.103476 0.681642
    outer loop
      vertex 45.6735 -27.9258 2.4
      vertex 44.1955 -27.7319 0.799999
      vertex 45.6734 -27.9265 2.4
    endloop
  endfacet
  facet normal 0.645399 -0.345034 0.681477
    outer loop
      vertex 41.0378 -26.66 0.799999
      vertex 39.7468 -25.9147 2.4
      vertex 39.6487 -26.0982 2.4
    endloop
  endfacet
  facet normal -0.723771 -0.103396 0.68225
    outer loop
      vertex 44.1773 -27.1783 0.799999
      vertex 45.6734 -27.0935 2.4
      vertex 45.6733 -27.0928 2.4
    endloop
  endfacet
  facet normal -0.722003 -0.119676 0.681461
    outer loop
      vertex 45.6734 -27.0935 2.4
      vertex 44.1773 -27.1783 0.799999
      vertex 44.1955 -27.2881 0.799999
    endloop
  endfacet
  facet normal 0.700286 0.212587 0.681473
    outer loop
      vertex 39.428 -28.3358 2.4
      vertex 40.9002 -28.0564 0.799999
      vertex 40.8679 -27.95 0.799999
    endloop
  endfacet
  facet normal 0.703151 0.2009 0.682069
    outer loop
      vertex 40.9002 -28.0564 0.799999
      vertex 39.428 -28.3358 2.4
      vertex 39.4282 -28.3365 2.4
    endloop
  endfacet
  facet normal -0.212587 -0.700286 0.681473
    outer loop
      vertex 43.0564 -25.9002 0.799999
      vertex 43.3358 -24.428 2.4
      vertex 42.95 -25.8679 0.799999
    endloop
  endfacet
  facet normal -0.2009 -0.703151 0.682069
    outer loop
      vertex 43.3358 -24.428 2.4
      vertex 43.0564 -25.9002 0.799999
      vertex 43.3365 -24.4282 2.4
    endloop
  endfacet
  facet normal -0.232962 0.698886 0.67623
    outer loop
      vertex 42.95 -29.1521 0.799999
      vertex 43.1325 -30.6394 2.4
      vertex 43.1331 -30.6392 2.4
    endloop
  endfacet
  facet normal -0.165855 0.712783 0.681493
    outer loop
      vertex 43.1325 -30.6394 2.4
      vertex 42.95 -29.1521 0.799999
      vertex 42.8417 -29.1773 0.799999
    endloop
  endfacet
  facet normal -0.23137 0.69411 0.681674
    outer loop
      vertex 43.0564 -29.1198 0.799999
      vertex 43.535 -30.5316 2.4
      vertex 43.5356 -30.5314 2.4
    endloop
  endfacet
  facet normal -0.212582 0.700271 0.68149
    outer loop
      vertex 43.535 -30.5316 2.4
      vertex 43.0564 -29.1198 0.799999
      vertex 42.95 -29.1521 0.799999
    endloop
  endfacet
  facet normal 0.712775 0.165974 0.681473
    outer loop
      vertex 39.428 -28.3358 2.4
      vertex 40.8679 -27.95 0.799999
      vertex 39.3808 -28.1331 2.4
    endloop
  endfacet
  facet normal 0.0239128 0.731449 0.681476
    outer loop
      vertex 42.5093 -30.7007 2.4
      vertex 42.3988 -29.2064 0.799999
      vertex 42.3013 -30.6939 2.4
    endloop
  endfacet
  facet normal -0.103476 0.724332 0.681642
    outer loop
      vertex 42.7319 -29.1955 0.799999
      vertex 42.9258 -30.6735 2.4
      vertex 42.9265 -30.6734 2.4
    endloop
  endfacet
  facet normal -0.0717134 0.728319 0.681475
    outer loop
      vertex 42.9258 -30.6735 2.4
      vertex 42.7319 -29.1955 0.799999
      vertex 42.6212 -29.2064 0.799999
    endloop
  endfacet
  facet normal 0.345034 -0.645399 0.681477
    outer loop
      vertex 41.66 -26.0378 0.799999
      vertex 41.0982 -24.6487 2.4
      vertex 40.9147 -24.7468 2.4
    endloop
  endfacet
  facet normal 0.594811 0.426369 0.681476
    outer loop
      vertex 41.0965 -28.4545 0.799999
      vertex 39.8574 -29.2832 2.4
      vertex 41.1613 -28.5449 0.799999
    endloop
  endfacet
  facet normal 0.608779 0.405853 0.681668
    outer loop
      vertex 39.8574 -29.2832 2.4
      vertex 41.0965 -28.4545 0.799999
      vertex 39.857 -29.2826 2.4
    endloop
  endfacet
  facet normal 0.212452 -0.700317 0.681484
    outer loop
      vertex 41.9636 -25.9002 0.799999
      vertex 41.6835 -24.4282 2.4
      vertex 41.4844 -24.4886 2.4
    endloop
  endfacet
  facet normal 0.212454 0.700324 0.681476
    outer loop
      vertex 41.6842 -30.592 2.4
      vertex 42.07 -29.1521 0.799999
      vertex 41.4851 -30.5316 2.4
    endloop
  endfacet
  facet normal 0.426407 -0.594791 0.681469
    outer loop
      vertex 41.5655 -26.0965 0.799999
      vertex 40.7374 -24.857 2.4
      vertex 40.5682 -24.9783 2.4
    endloop
  endfacet
  facet normal 0.212584 0.700278 0.681483
    outer loop
      vertex 41.9636 -29.1198 0.799999
      vertex 41.4851 -30.5316 2.4
      vertex 42.07 -29.1521 0.799999
    endloop
  endfacet
  facet normal 0.201112 0.703892 0.681241
    outer loop
      vertex 41.4851 -30.5316 2.4
      vertex 41.9636 -29.1198 0.799999
      vertex 41.4844 -30.5314 2.4
    endloop
  endfacet
  facet normal 0.302047 0.66661 0.681468
    outer loop
      vertex 41.7581 -29.0347 0.799999
      vertex 41.0994 -30.3719 2.4
      vertex 41.8594 -29.0806 0.799999
    endloop
  endfacet
  facet normal 0.327216 0.654432 0.681652
    outer loop
      vertex 41.0994 -30.3719 2.4
      vertex 41.7581 -29.0347 0.799999
      vertex 41.0988 -30.3716 2.4
    endloop
  endfacet
  facet normal 0.654432 -0.327216 0.681652
    outer loop
      vertex 39.6481 -26.0994 2.4
      vertex 40.9853 -26.7581 0.799999
      vertex 39.6484 -26.0988 2.4
    endloop
  endfacet
  facet normal 0.66661 -0.302047 0.681468
    outer loop
      vertex 40.9853 -26.7581 0.799999
      vertex 39.6481 -26.0994 2.4
      vertex 40.9394 -26.8594 0.799999
    endloop
  endfacet
  facet normal 0.103542 -0.724792 0.681143
    outer loop
      vertex 42.1783 -25.8427 0.799999
      vertex 41.8882 -24.3805 2.4
      vertex 41.8875 -24.3806 2.4
    endloop
  endfacet
  facet normal 0.119672 -0.721975 0.681492
    outer loop
      vertex 41.8882 -24.3805 2.4
      vertex 42.1783 -25.8427 0.799999
      vertex 42.2881 -25.8245 0.799999
    endloop
  endfacet
  facet normal -0.212356 0.700352 0.681477
    outer loop
      vertex 43.3358 -30.592 2.4
      vertex 43.535 -30.5316 2.4
      vertex 42.95 -29.1521 0.799999
    endloop
  endfacet
  facet normal 0.0717421 -0.728323 0.681468
    outer loop
      vertex 42.2881 -25.8245 0.799999
      vertex 42.3006 -24.3262 2.4
      vertex 42.0935 -24.3466 2.4
    endloop
  endfacet
  facet normal -0.257855 0.684918 0.681468
    outer loop
      vertex 43.5363 -30.5311 2.4
      vertex 43.731 -30.4578 2.4
      vertex 43.1606 -29.0806 0.799999
    endloop
  endfacet
  facet normal 0.565664 0.464351 0.68147
    outer loop
      vertex 40.1107 -29.6132 2.4
      vertex 41.1613 -28.5449 0.799999
      vertex 39.9787 -29.4524 2.4
    endloop
  endfacet
  facet normal 0.609406 -0.406271 0.680859
    outer loop
      vertex 39.9783 -25.5682 2.4
      vertex 41.1613 -26.4751 0.799999
      vertex 39.9787 -25.5676 2.4
    endloop
  endfacet
  facet normal 0.594818 -0.426374 0.681467
    outer loop
      vertex 41.1613 -26.4751 0.799999
      vertex 39.9783 -25.5682 2.4
      vertex 41.0965 -26.5655 0.799999
    endloop
  endfacet
  facet normal 0.565653 -0.464362 0.681472
    outer loop
      vertex 39.9791 -25.5671 2.4
      vertex 41.1613 -26.4751 0.799999
      vertex 41.2319 -26.3891 0.799999
    endloop
  endfacet
  facet normal 0.571387 -0.457109 0.681592
    outer loop
      vertex 41.1613 -26.4751 0.799999
      vertex 39.9791 -25.5671 2.4
      vertex 39.9787 -25.5676 2.4
    endloop
  endfacet
  facet normal -0.517869 -0.517869 0.6809
    outer loop
      vertex 44.9084 -25.4057 2.4
      vertex 43.7881 -26.3891 0.799999
      vertex 44.9089 -25.4062 2.4
    endloop
  endfacet
  facet normal -0.534309 -0.500092 0.681485
    outer loop
      vertex 43.7881 -26.3891 0.799999
      vertex 44.9084 -25.4057 2.4
      vertex 43.7121 -26.3079 0.799999
    endloop
  endfacet
  facet normal 0.721975 0.119672 0.681492
    outer loop
      vertex 39.3805 -28.1318 2.4
      vertex 40.8427 -27.8417 0.799999
      vertex 40.8245 -27.7319 0.799999
    endloop
  endfacet
  facet normal 0.724792 0.103542 0.681143
    outer loop
      vertex 40.8427 -27.8417 0.799999
      vertex 39.3805 -28.1318 2.4
      vertex 39.3806 -28.1325 2.4
    endloop
  endfacet
  facet normal 0.534263 0.500146 0.681481
    outer loop
      vertex 40.2538 -29.7662 2.4
      vertex 41.3079 -28.7121 0.799999
      vertex 40.1116 -29.6143 2.4
    endloop
  endfacet
  facet normal 0.119228 0.722051 0.681489
    outer loop
      vertex 42.0928 -30.6733 2.4
      vertex 42.1783 -29.1773 0.799999
      vertex 41.8875 -30.6394 2.4
    endloop
  endfacet
  facet normal -0.30202 -0.666624 0.681466
    outer loop
      vertex 43.9206 -24.6481 2.4
      vertex 43.731 -24.5622 2.4
      vertex 43.1606 -25.9394 0.799999
    endloop
  endfacet
  facet normal -0.345034 -0.645399 0.681477
    outer loop
      vertex 44.1053 -24.7468 2.4
      vertex 43.9218 -24.6487 2.4
      vertex 43.36 -26.0378 0.799999
    endloop
  endfacet
  facet normal -0.406271 0.609406 0.680859
    outer loop
      vertex 43.5449 -28.8587 0.799999
      vertex 44.4518 -30.0417 2.4
      vertex 44.4524 -30.0413 2.4
    endloop
  endfacet
  facet normal -0.426374 0.594818 0.681467
    outer loop
      vertex 44.4518 -30.0417 2.4
      vertex 43.5449 -28.8587 0.799999
      vertex 43.4545 -28.9235 0.799999
    endloop
  endfacet
  facet normal -0.426407 0.594791 0.681469
    outer loop
      vertex 44.2826 -30.163 2.4
      vertex 44.4518 -30.0417 2.4
      vertex 43.4545 -28.9235 0.799999
    endloop
  endfacet
  facet normal 0.464362 0.565653 0.681472
    outer loop
      vertex 40.5671 -30.0409 2.4
      vertex 41.4751 -28.8587 0.799999
      vertex 41.3891 -28.7881 0.799999
    endloop
  endfacet
  facet normal 0.457109 0.571387 0.681592
    outer loop
      vertex 41.4751 -28.8587 0.799999
      vertex 40.5671 -30.0409 2.4
      vertex 40.5676 -30.0413 2.4
    endloop
  endfacet
  facet normal -0.120322 0.721929 0.681426
    outer loop
      vertex 42.8417 -29.1773 0.799999
      vertex 42.9265 -30.6734 2.4
      vertex 42.9271 -30.6733 2.4
    endloop
  endfacet
  facet normal -0.119676 0.722003 0.681461
    outer loop
      vertex 42.9265 -30.6734 2.4
      vertex 42.8417 -29.1773 0.799999
      vertex 42.7319 -29.1955 0.799999
    endloop
  endfacet
  facet normal 0.621544 0.386356 0.681478
    outer loop
      vertex 39.8567 -29.2821 2.4
      vertex 41.0378 -28.36 0.799999
      vertex 39.7468 -29.1053 2.4
    endloop
  endfacet
  facet normal 0.66661 0.302047 0.681468
    outer loop
      vertex 39.6481 -28.9206 2.4
      vertex 40.9853 -28.2619 0.799999
      vertex 40.9394 -28.1606 0.799999
    endloop
  endfacet
  facet normal 0.654432 0.327216 0.681652
    outer loop
      vertex 40.9853 -28.2619 0.799999
      vertex 39.6481 -28.9206 2.4
      vertex 39.6484 -28.9212 2.4
    endloop
  endfacet
  facet normal 0.645399 0.345034 0.681477
    outer loop
      vertex 39.7468 -29.1053 2.4
      vertex 41.0378 -28.36 0.799999
      vertex 39.6487 -28.9218 2.4
    endloop
  endfacet
  facet normal -0.327216 -0.654432 0.681652
    outer loop
      vertex 43.9206 -24.6481 2.4
      vertex 43.2619 -25.9853 0.799999
      vertex 43.9212 -24.6484 2.4
    endloop
  endfacet
  facet normal -0.302047 -0.66661 0.681468
    outer loop
      vertex 43.2619 -25.9853 0.799999
      vertex 43.9206 -24.6481 2.4
      vertex 43.1606 -25.9394 0.799999
    endloop
  endfacet
  facet normal 0.684988 0.257692 0.681459
    outer loop
      vertex 39.562 -28.7304 2.4
      vertex 40.9394 -28.1606 0.799999
      vertex 40.9002 -28.0564 0.799999
    endloop
  endfacet
  facet normal 0.694932 0.231644 0.680743
    outer loop
      vertex 40.9394 -28.1606 0.799999
      vertex 39.562 -28.7304 2.4
      vertex 39.5622 -28.731 2.4
    endloop
  endfacet
  facet normal -0.517869 -0.517869 0.6809
    outer loop
      vertex 43.6309 -26.2319 0.799999
      vertex 44.6143 -25.1116 2.4
      vertex 44.6138 -25.1111 2.4
    endloop
  endfacet
  facet normal -0.500092 -0.534309 0.681485
    outer loop
      vertex 44.6143 -25.1116 2.4
      vertex 43.6309 -26.2319 0.799999
      vertex 43.7121 -26.3079 0.799999
    endloop
  endfacet
  facet normal 0.565654 0.464362 0.681471
    outer loop
      vertex 40.1107 -29.6132 2.4
      vertex 41.2319 -28.6309 0.799999
      vertex 41.1613 -28.5449 0.799999
    endloop
  endfacet
  facet normal 0.611231 0.407487 0.678491
    outer loop
      vertex 41.2319 -28.6309 0.799999
      vertex 40.1107 -29.6132 2.4
      vertex 40.1111 -29.6138 2.4
    endloop
  endfacet
  facet normal 0 0.731656 0.681674
    outer loop
      vertex 42.51 -29.21 0.799999
      vertex 42.5093 -30.7007 2.4
      vertex 42.51 -30.7007 2.4
    endloop
  endfacet
  facet normal 0.0236799 0.731446 0.681489
    outer loop
      vertex 42.5093 -30.7007 2.4
      vertex 42.51 -29.21 0.799999
      vertex 42.3988 -29.2064 0.799999
    endloop
  endfacet
  facet normal -0.327216 -0.654432 0.681652
    outer loop
      vertex 43.2619 -25.9853 0.799999
      vertex 43.9218 -24.6487 2.4
      vertex 43.9212 -24.6484 2.4
    endloop
  endfacet
  facet normal -0.345324 -0.645262 0.68146
    outer loop
      vertex 43.9218 -24.6487 2.4
      vertex 43.2619 -25.9853 0.799999
      vertex 43.36 -26.0378 0.799999
    endloop
  endfacet
  facet normal -0.345034 0.645399 0.681477
    outer loop
      vertex 43.9218 -30.3713 2.4
      vertex 44.1053 -30.2732 2.4
      vertex 43.36 -28.9822 0.799999
    endloop
  endfacet
  facet normal 0.10377 -0.726388 0.679406
    outer loop
      vertex 42.2881 -25.8245 0.799999
      vertex 42.3013 -24.3261 2.4
      vertex 42.3006 -24.3262 2.4
    endloop
  endfacet
  facet normal 0.0717133 -0.728317 0.681477
    outer loop
      vertex 42.3013 -24.3261 2.4
      vertex 42.2881 -25.8245 0.799999
      vertex 42.3988 -25.8136 0.799999
    endloop
  endfacet
  facet normal 0.327216 -0.654432 0.681652
    outer loop
      vertex 41.0982 -24.6487 2.4
      vertex 41.7581 -25.9853 0.799999
      vertex 41.0988 -24.6484 2.4
    endloop
  endfacet
  facet normal 0.345324 -0.645262 0.68146
    outer loop
      vertex 41.7581 -25.9853 0.799999
      vertex 41.0982 -24.6487 2.4
      vertex 41.66 -26.0378 0.799999
    endloop
  endfacet
  facet normal 0.594788 0.426405 0.681474
    outer loop
      vertex 39.9787 -29.4524 2.4
      vertex 41.1613 -28.5449 0.799999
      vertex 39.8574 -29.2832 2.4
    endloop
  endfacet
  facet normal -0.731446 -0.0236799 0.681489
    outer loop
      vertex 44.21 27.51 0.799999
      vertex 45.7007 27.5107 2.4
      vertex 44.2064 27.6212 0.799999
    endloop
  endfacet
  facet normal -0.731656 0 0.681674
    outer loop
      vertex 45.7007 27.5107 2.4
      vertex 44.21 27.51 0.799999
      vertex 45.7007 27.51 2.4
    endloop
  endfacet
  facet normal 0.700286 0.212587 0.681473
    outer loop
      vertex 39.428 26.6842 2.4
      vertex 40.9002 26.9636 0.799999
      vertex 40.8679 27.07 0.799999
    endloop
  endfacet
  facet normal 0.703151 0.2009 0.682069
    outer loop
      vertex 40.9002 26.9636 0.799999
      vertex 39.428 26.6842 2.4
      vertex 39.4282 26.6835 2.4
    endloop
  endfacet
  facet normal -0.327595 0.655189 0.680741
    outer loop
      vertex 43.1606 25.9394 0.799999
      vertex 43.7304 24.5619 2.4
      vertex 43.731 24.5622 2.4
    endloop
  endfacet
  facet normal -0.257685 0.684968 0.681482
    outer loop
      vertex 43.7304 24.5619 2.4
      vertex 43.1606 25.9394 0.799999
      vertex 43.0564 25.9002 0.799999
    endloop
  endfacet
  facet normal -0.594791 -0.426407 0.681469
    outer loop
      vertex 45.163 29.2826 2.4
      vertex 45.0417 29.4518 2.4
      vertex 43.9235 28.4545 0.799999
    endloop
  endfacet
  facet normal 0.684835 -0.258044 0.681479
    outer loop
      vertex 40.9002 28.0564 0.799999
      vertex 39.562 28.7304 2.4
      vertex 39.4886 28.5356 2.4
    endloop
  endfacet
  facet normal 0.345034 -0.645399 0.681477
    outer loop
      vertex 41.66 28.9822 0.799999
      vertex 41.0982 30.3713 2.4
      vertex 40.9147 30.2732 2.4
    endloop
  endfacet
  facet normal -0.0239127 0.731447 0.681479
    outer loop
      vertex 42.718 24.3261 2.4
      vertex 42.51 25.81 0.799999
      vertex 42.51 24.3193 2.4
    endloop
  endfacet
  facet normal 0.594818 0.426374 0.681467
    outer loop
      vertex 39.9783 25.5682 2.4
      vertex 41.1613 26.4751 0.799999
      vertex 41.0965 26.5655 0.799999
    endloop
  endfacet
  facet normal 0.609406 0.406271 0.680859
    outer loop
      vertex 41.1613 26.4751 0.799999
      vertex 39.9783 25.5682 2.4
      vertex 39.9787 25.5676 2.4
    endloop
  endfacet
  facet normal -0.698886 -0.232962 0.67623
    outer loop
      vertex 44.1521 27.95 0.799999
      vertex 45.6394 28.1325 2.4
      vertex 45.6392 28.1331 2.4
    endloop
  endfacet
  facet normal -0.712783 -0.165855 0.681493
    outer loop
      vertex 45.6394 28.1325 2.4
      vertex 44.1521 27.95 0.799999
      vertex 44.1773 27.8417 0.799999
    endloop
  endfacet
  facet normal 0.645399 -0.345034 0.681477
    outer loop
      vertex 41.0378 28.36 0.799999
      vertex 39.7468 29.1053 2.4
      vertex 39.6487 28.9218 2.4
    endloop
  endfacet
  facet normal 0.500146 -0.534263 0.681481
    outer loop
      vertex 41.3079 28.7121 0.799999
      vertex 40.4057 29.9084 2.4
      vertex 40.2538 29.7662 2.4
    endloop
  endfacet
  facet normal -0.565795 0.46417 0.681485
    outer loop
      vertex 44.9089 25.4062 2.4
      vertex 45.0409 25.5671 2.4
      vertex 43.7881 26.3891 0.799999
    endloop
  endfacet
  facet normal -0.621611 0.386264 0.681469
    outer loop
      vertex 45.163 25.7374 2.4
      vertex 45.2728 25.9141 2.4
      vertex 43.9235 26.5655 0.799999
    endloop
  endfacet
  facet normal 0.565653 0.464362 0.681472
    outer loop
      vertex 41.1613 26.4751 0.799999
      vertex 39.9791 25.5671 2.4
      vertex 41.2319 26.3891 0.799999
    endloop
  endfacet
  facet normal 0.571387 0.457109 0.681592
    outer loop
      vertex 39.9791 25.5671 2.4
      vertex 41.1613 26.4751 0.799999
      vertex 39.9787 25.5676 2.4
    endloop
  endfacet
  facet normal -0.684965 0.257683 0.681486
    outer loop
      vertex 44.0806 26.8594 0.799999
      vertex 45.5314 26.4844 2.4
      vertex 44.1198 26.9636 0.799999
    endloop
  endfacet
  facet normal -0.674489 0.289067 0.679342
    outer loop
      vertex 45.5314 26.4844 2.4
      vertex 44.0806 26.8594 0.799999
      vertex 45.5311 26.4837 2.4
    endloop
  endfacet
  facet normal -0.666624 -0.30202 0.681466
    outer loop
      vertex 45.4578 28.731 2.4
      vertex 45.3719 28.9206 2.4
      vertex 44.0806 28.1606 0.799999
    endloop
  endfacet
  facet normal 0.426407 0.594791 0.681469
    outer loop
      vertex 40.7374 24.857 2.4
      vertex 41.5655 26.0965 0.799999
      vertex 40.5682 24.9783 2.4
    endloop
  endfacet
  facet normal -0.594818 0.426374 0.681467
    outer loop
      vertex 43.8587 26.4751 0.799999
      vertex 45.0417 25.5682 2.4
      vertex 43.9235 26.5655 0.799999
    endloop
  endfacet
  facet normal -0.609406 0.406271 0.680859
    outer loop
      vertex 45.0417 25.5682 2.4
      vertex 43.8587 26.4751 0.799999
      vertex 45.0413 25.5676 2.4
    endloop
  endfacet
  facet normal -0.517869 0.517869 0.6809
    outer loop
      vertex 43.7881 26.3891 0.799999
      vertex 44.9084 25.4057 2.4
      vertex 44.9089 25.4062 2.4
    endloop
  endfacet
  facet normal -0.534309 0.500092 0.681485
    outer loop
      vertex 44.9084 25.4057 2.4
      vertex 43.7881 26.3891 0.799999
      vertex 43.7121 26.3079 0.799999
    endloop
  endfacet
  facet normal -0.517869 -0.517869 0.6809
    outer loop
      vertex 43.6309 28.7881 0.799999
      vertex 44.6143 29.9084 2.4
      vertex 44.6138 29.9089 2.4
    endloop
  endfacet
  facet normal -0.500092 -0.534309 0.681485
    outer loop
      vertex 44.6143 29.9084 2.4
      vertex 43.6309 28.7881 0.799999
      vertex 43.7121 28.7121 0.799999
    endloop
  endfacet
  facet normal -0.731449 0.0239128 0.681476
    outer loop
      vertex 45.6939 27.3013 2.4
      vertex 45.7007 27.5093 2.4
      vertex 44.2064 27.3988 0.799999
    endloop
  endfacet
  facet normal 0.694932 -0.231644 0.680743
    outer loop
      vertex 39.562 28.7304 2.4
      vertex 40.9394 28.1606 0.799999
      vertex 39.5622 28.731 2.4
    endloop
  endfacet
  facet normal 0.684988 -0.257692 0.681459
    outer loop
      vertex 40.9394 28.1606 0.799999
      vertex 39.562 28.7304 2.4
      vertex 40.9002 28.0564 0.799999
    endloop
  endfacet
  facet normal -0.345034 -0.645399 0.681477
    outer loop
      vertex 44.1053 30.2732 2.4
      vertex 43.9218 30.3713 2.4
      vertex 43.36 28.9822 0.799999
    endloop
  endfacet
  facet normal 0.611231 -0.407487 0.678491
    outer loop
      vertex 40.1107 29.6132 2.4
      vertex 41.2319 28.6309 0.799999
      vertex 40.1111 29.6138 2.4
    endloop
  endfacet
  facet normal 0.565654 -0.464362 0.681471
    outer loop
      vertex 41.2319 28.6309 0.799999
      vertex 40.1107 29.6132 2.4
      vertex 41.1613 28.5449 0.799999
    endloop
  endfacet
  facet normal 0.666624 0.30202 0.681466
    outer loop
      vertex 39.6481 26.0994 2.4
      vertex 40.9394 26.8594 0.799999
      vertex 39.5622 26.289 2.4
    endloop
  endfacet
  facet normal -0.232962 0.698886 0.67623
    outer loop
      vertex 42.95 25.8679 0.799999
      vertex 43.1325 24.3806 2.4
      vertex 43.1331 24.3808 2.4
    endloop
  endfacet
  facet normal -0.165855 0.712783 0.681493
    outer loop
      vertex 43.1325 24.3806 2.4
      vertex 42.95 25.8679 0.799999
      vertex 42.8417 25.8427 0.799999
    endloop
  endfacet
  facet normal -0.565664 -0.464351 0.68147
    outer loop
      vertex 45.0413 29.4524 2.4
      vertex 44.9093 29.6132 2.4
      vertex 43.8587 28.5449 0.799999
    endloop
  endfacet
  facet normal 0.165855 0.712783 0.681493
    outer loop
      vertex 42.07 25.8679 0.799999
      vertex 41.8875 24.3806 2.4
      vertex 42.1783 25.8427 0.799999
    endloop
  endfacet
  facet normal 0.232962 0.698886 0.67623
    outer loop
      vertex 41.8875 24.3806 2.4
      vertex 42.07 25.8679 0.799999
      vertex 41.8869 24.3808 2.4
    endloop
  endfacet
  facet normal -0.712783 0.165855 0.681493
    outer loop
      vertex 44.1521 27.07 0.799999
      vertex 45.6394 26.8875 2.4
      vertex 44.1773 27.1783 0.799999
    endloop
  endfacet
  facet normal -0.698886 0.232962 0.67623
    outer loop
      vertex 45.6394 26.8875 2.4
      vertex 44.1521 27.07 0.799999
      vertex 45.6392 26.8869 2.4
    endloop
  endfacet
  facet normal -0.30202 -0.666624 0.681466
    outer loop
      vertex 43.9206 30.3719 2.4
      vertex 43.731 30.4578 2.4
      vertex 43.1606 29.0806 0.799999
    endloop
  endfacet
  facet normal 0.731447 -0.0239127 0.681479
    outer loop
      vertex 40.81 27.51 0.799999
      vertex 39.3261 27.718 2.4
      vertex 39.3193 27.51 2.4
    endloop
  endfacet
  facet normal -0.654432 0.327216 0.681652
    outer loop
      vertex 44.0347 26.7581 0.799999
      vertex 45.3713 26.0982 2.4
      vertex 45.3716 26.0988 2.4
    endloop
  endfacet
  facet normal -0.645262 0.345324 0.68146
    outer loop
      vertex 45.3713 26.0982 2.4
      vertex 44.0347 26.7581 0.799999
      vertex 43.9822 26.66 0.799999
    endloop
  endfacet
  facet normal 0.386164 0.621678 0.681465
    outer loop
      vertex 41.5655 26.0965 0.799999
      vertex 40.7379 24.8567 2.4
      vertex 41.66 26.0378 0.799999
    endloop
  endfacet
  facet normal 0.376643 0.627739 0.681237
    outer loop
      vertex 40.7379 24.8567 2.4
      vertex 41.5655 26.0965 0.799999
      vertex 40.7374 24.857 2.4
    endloop
  endfacet
  facet normal -0.212356 -0.700352 0.681477
    outer loop
      vertex 43.535 30.5316 2.4
      vertex 43.3358 30.592 2.4
      vertex 42.95 29.1521 0.799999
    endloop
  endfacet
  facet normal 0.517869 -0.517869 0.6809
    outer loop
      vertex 40.4057 29.9084 2.4
      vertex 41.3891 28.7881 0.799999
      vertex 40.4062 29.9089 2.4
    endloop
  endfacet
  facet normal 0.500092 -0.534309 0.681485
    outer loop
      vertex 41.3891 28.7881 0.799999
      vertex 40.4057 29.9084 2.4
      vertex 41.3079 28.7121 0.799999
    endloop
  endfacet
  facet normal 0.724792 -0.103542 0.681143
    outer loop
      vertex 39.3805 28.1318 2.4
      vertex 40.8427 27.8417 0.799999
      vertex 39.3806 28.1325 2.4
    endloop
  endfacet
  facet normal 0.721975 -0.119672 0.681492
    outer loop
      vertex 40.8427 27.8417 0.799999
      vertex 39.3805 28.1318 2.4
      vertex 40.8245 27.7319 0.799999
    endloop
  endfacet
  facet normal 0.30202 0.666624 0.681466
    outer loop
      vertex 41.289 24.5622 2.4
      vertex 41.8594 25.9394 0.799999
      vertex 41.0994 24.6481 2.4
    endloop
  endfacet
  facet normal -0.534263 0.500146 0.681481
    outer loop
      vertex 44.7662 25.2538 2.4
      vertex 44.9084 25.4057 2.4
      vertex 43.7121 26.3079 0.799999
    endloop
  endfacet
  facet normal -0.731656 0 0.681674
    outer loop
      vertex 44.21 27.51 0.799999
      vertex 45.7007 27.5093 2.4
      vertex 45.7007 27.51 2.4
    endloop
  endfacet
  facet normal -0.731446 0.0236799 0.681489
    outer loop
      vertex 45.7007 27.5093 2.4
      vertex 44.21 27.51 0.799999
      vertex 44.2064 27.3988 0.799999
    endloop
  endfacet
  facet normal -0.407487 0.611231 0.678491
    outer loop
      vertex 43.6309 26.2319 0.799999
      vertex 44.6132 25.1107 2.4
      vertex 44.6138 25.1111 2.4
    endloop
  endfacet
  facet normal -0.464362 0.565654 0.681471
    outer loop
      vertex 44.6132 25.1107 2.4
      vertex 43.6309 26.2319 0.799999
      vertex 43.5449 26.1613 0.799999
    endloop
  endfacet
  facet normal -0.464351 -0.565664 0.68147
    outer loop
      vertex 44.6132 29.9093 2.4
      vertex 44.4524 30.0413 2.4
      vertex 43.5449 28.8587 0.799999
    endloop
  endfacet
  facet normal 0.594788 -0.426405 0.681474
    outer loop
      vertex 41.1613 28.5449 0.799999
      vertex 39.9787 29.4524 2.4
      vertex 39.8574 29.2832 2.4
    endloop
  endfacet
  facet normal -0.731449 -0.0239128 0.681476
    outer loop
      vertex 45.7007 27.5107 2.4
      vertex 45.6939 27.7187 2.4
      vertex 44.2064 27.6212 0.799999
    endloop
  endfacet
  facet normal -0.666624 0.30202 0.681466
    outer loop
      vertex 45.3719 26.0994 2.4
      vertex 45.4578 26.289 2.4
      vertex 44.0806 26.8594 0.799999
    endloop
  endfacet
  facet normal 0.684835 0.258044 0.681479
    outer loop
      vertex 39.562 26.2896 2.4
      vertex 40.9002 26.9636 0.799999
      vertex 39.4886 26.4844 2.4
    endloop
  endfacet
  facet normal -0.426405 0.594788 0.681474
    outer loop
      vertex 44.2832 24.8574 2.4
      vertex 44.4524 24.9787 2.4
      vertex 43.5449 26.1613 0.799999
    endloop
  endfacet
  facet normal 0.732386 -0 0.68089
    outer loop
      vertex 39.3261 27.718 2.4
      vertex 40.8136 27.6212 0.799999
      vertex 39.3261 27.7187 2.4
    endloop
  endfacet
  facet normal 0.731466 -0.0236805 0.681467
    outer loop
      vertex 40.8136 27.6212 0.799999
      vertex 39.3261 27.718 2.4
      vertex 40.81 27.51 0.799999
    endloop
  endfacet
  facet normal -0.645399 -0.345034 0.681477
    outer loop
      vertex 45.3713 28.9218 2.4
      vertex 45.2732 29.1053 2.4
      vertex 43.9822 28.36 0.799999
    endloop
  endfacet
  facet normal -0.119172 -0.722061 0.681488
    outer loop
      vertex 43.1325 30.6394 2.4
      vertex 42.9271 30.6733 2.4
      vertex 42.8417 29.1773 0.799999
    endloop
  endfacet
  facet normal 0.594811 -0.426369 0.681476
    outer loop
      vertex 39.8574 29.2832 2.4
      vertex 41.0965 28.4545 0.799999
      vertex 41.1613 28.5449 0.799999
    endloop
  endfacet
  facet normal 0.608779 -0.405853 0.681668
    outer loop
      vertex 41.0965 28.4545 0.799999
      vertex 39.8574 29.2832 2.4
      vertex 39.857 29.2826 2.4
    endloop
  endfacet
  facet normal 0.700317 0.212452 0.681484
    outer loop
      vertex 39.4886 26.4844 2.4
      vertex 40.9002 26.9636 0.799999
      vertex 39.4282 26.6835 2.4
    endloop
  endfacet
  facet normal -0.571387 0.457109 0.681592
    outer loop
      vertex 43.8587 26.4751 0.799999
      vertex 45.0409 25.5671 2.4
      vertex 45.0413 25.5676 2.4
    endloop
  endfacet
  facet normal -0.565653 0.464362 0.681472
    outer loop
      vertex 45.0409 25.5671 2.4
      vertex 43.8587 26.4751 0.799999
      vertex 43.7881 26.3891 0.799999
    endloop
  endfacet
  facet normal 0.0717413 -0.728315 0.681477
    outer loop
      vertex 42.3988 29.2064 0.799999
      vertex 42.3013 30.6939 2.4
      vertex 42.0942 30.6735 2.4
    endloop
  endfacet
  facet normal 0.645262 0.345324 0.68146
    outer loop
      vertex 40.9853 26.7581 0.799999
      vertex 39.6487 26.0982 2.4
      vertex 41.0378 26.66 0.799999
    endloop
  endfacet
  facet normal 0.654432 0.327216 0.681652
    outer loop
      vertex 39.6487 26.0982 2.4
      vertex 40.9853 26.7581 0.799999
      vertex 39.6484 26.0988 2.4
    endloop
  endfacet
  facet normal 0.534263 -0.500146 0.681481
    outer loop
      vertex 41.3079 28.7121 0.799999
      vertex 40.2538 29.7662 2.4
      vertex 40.1116 29.6143 2.4
    endloop
  endfacet
  facet normal 0.302047 -0.66661 0.681468
    outer loop
      vertex 41.0994 30.3719 2.4
      vertex 41.7581 29.0347 0.799999
      vertex 41.8594 29.0806 0.799999
    endloop
  endfacet
  facet normal 0.327216 -0.654432 0.681652
    outer loop
      vertex 41.7581 29.0347 0.799999
      vertex 41.0994 30.3719 2.4
      vertex 41.0988 30.3716 2.4
    endloop
  endfacet
  facet normal -0.30202 0.666624 0.681466
    outer loop
      vertex 43.731 24.5622 2.4
      vertex 43.9206 24.6481 2.4
      vertex 43.1606 25.9394 0.799999
    endloop
  endfacet
  facet normal -0.426369 0.594811 0.681476
    outer loop
      vertex 43.4545 26.0965 0.799999
      vertex 44.2832 24.8574 2.4
      vertex 43.5449 26.1613 0.799999
    endloop
  endfacet
  facet normal -0.405853 0.608779 0.681668
    outer loop
      vertex 44.2832 24.8574 2.4
      vertex 43.4545 26.0965 0.799999
      vertex 44.2826 24.857 2.4
    endloop
  endfacet
  facet normal 0.645399 0.345034 0.681477
    outer loop
      vertex 39.7468 25.9147 2.4
      vertex 41.0378 26.66 0.799999
      vertex 39.6487 26.0982 2.4
    endloop
  endfacet
  facet normal -0.728319 0.0717134 0.681475
    outer loop
      vertex 44.1955 27.2881 0.799999
      vertex 45.6735 27.0942 2.4
      vertex 44.2064 27.3988 0.799999
    endloop
  endfacet
  facet normal -0.724332 0.103476 0.681642
    outer loop
      vertex 45.6735 27.0942 2.4
      vertex 44.1955 27.2881 0.799999
      vertex 45.6734 27.0935 2.4
    endloop
  endfacet
  facet normal -0.500146 -0.534263 0.681481
    outer loop
      vertex 44.7662 29.7662 2.4
      vertex 44.6143 29.9084 2.4
      vertex 43.7121 28.7121 0.799999
    endloop
  endfacet
  facet normal 0.345034 0.645399 0.681477
    outer loop
      vertex 41.0982 24.6487 2.4
      vertex 41.66 26.0378 0.799999
      vertex 40.9147 24.7468 2.4
    endloop
  endfacet
  facet normal 0.627739 -0.376643 0.681237
    outer loop
      vertex 39.8567 29.2821 2.4
      vertex 41.0965 28.4545 0.799999
      vertex 39.857 29.2826 2.4
    endloop
  endfacet
  facet normal 0.621678 -0.386164 0.681465
    outer loop
      vertex 41.0965 28.4545 0.799999
      vertex 39.8567 29.2821 2.4
      vertex 41.0378 28.36 0.799999
    endloop
  endfacet
  facet normal 0.426374 0.594818 0.681467
    outer loop
      vertex 41.4751 26.1613 0.799999
      vertex 40.5682 24.9783 2.4
      vertex 41.5655 26.0965 0.799999
    endloop
  endfacet
  facet normal 0.406271 0.609406 0.680859
    outer loop
      vertex 40.5682 24.9783 2.4
      vertex 41.4751 26.1613 0.799999
      vertex 40.5676 24.9787 2.4
    endloop
  endfacet
  facet normal -0.645399 0.345034 0.681477
    outer loop
      vertex 45.2732 25.9147 2.4
      vertex 45.3713 26.0982 2.4
      vertex 43.9822 26.66 0.799999
    endloop
  endfacet
  facet normal 0.201112 -0.703892 0.681241
    outer loop
      vertex 41.9636 29.1198 0.799999
      vertex 41.4851 30.5316 2.4
      vertex 41.4844 30.5314 2.4
    endloop
  endfacet
  facet normal 0.212584 -0.700278 0.681483
    outer loop
      vertex 41.4851 30.5316 2.4
      vertex 41.9636 29.1198 0.799999
      vertex 42.07 29.1521 0.799999
    endloop
  endfacet
  facet normal 0.72207 -0.119231 0.681468
    outer loop
      vertex 40.8245 27.7319 0.799999
      vertex 39.3805 28.1318 2.4
      vertex 39.3466 27.9265 2.4
    endloop
  endfacet
  facet normal -0.500146 0.534263 0.681481
    outer loop
      vertex 44.6143 25.1116 2.4
      vertex 44.7662 25.2538 2.4
      vertex 43.7121 26.3079 0.799999
    endloop
  endfacet
  facet normal 0.621678 0.386164 0.681465
    outer loop
      vertex 39.8567 25.7379 2.4
      vertex 41.0965 26.5655 0.799999
      vertex 41.0378 26.66 0.799999
    endloop
  endfacet
  facet normal 0.627739 0.376643 0.681237
    outer loop
      vertex 41.0965 26.5655 0.799999
      vertex 39.8567 25.7379 2.4
      vertex 39.857 25.7374 2.4
    endloop
  endfacet
  facet normal -0.684918 0.257855 0.681468
    outer loop
      vertex 45.4578 26.289 2.4
      vertex 45.5311 26.4837 2.4
      vertex 44.0806 26.8594 0.799999
    endloop
  endfacet
  facet normal 0.712783 0.165855 0.681493
    outer loop
      vertex 39.3806 26.8875 2.4
      vertex 40.8679 27.07 0.799999
      vertex 40.8427 27.1783 0.799999
    endloop
  endfacet
  facet normal 0.698886 0.232962 0.67623
    outer loop
      vertex 40.8679 27.07 0.799999
      vertex 39.3806 26.8875 2.4
      vertex 39.3808 26.8869 2.4
    endloop
  endfacet
  facet normal -0.327216 -0.654432 0.681652
    outer loop
      vertex 43.2619 29.0347 0.799999
      vertex 43.9218 30.3713 2.4
      vertex 43.9212 30.3716 2.4
    endloop
  endfacet
  facet normal -0.345324 -0.645262 0.68146
    outer loop
      vertex 43.9218 30.3713 2.4
      vertex 43.2619 29.0347 0.799999
      vertex 43.36 28.9822 0.799999
    endloop
  endfacet
  facet normal 0.464362 0.565653 0.681472
    outer loop
      vertex 40.5671 24.9791 2.4
      vertex 41.4751 26.1613 0.799999
      vertex 41.3891 26.2319 0.799999
    endloop
  endfacet
  facet normal 0.457109 0.571387 0.681592
    outer loop
      vertex 41.4751 26.1613 0.799999
      vertex 40.5671 24.9791 2.4
      vertex 40.5676 24.9787 2.4
    endloop
  endfacet
  facet normal -0.728315 -0.0717413 0.681477
    outer loop
      vertex 45.6939 27.7187 2.4
      vertex 45.6735 27.9258 2.4
      vertex 44.2064 27.6212 0.799999
    endloop
  endfacet
  facet normal 0.700317 -0.212452 0.681484
    outer loop
      vertex 40.9002 28.0564 0.799999
      vertex 39.4886 28.5356 2.4
      vertex 39.4282 28.3365 2.4
    endloop
  endfacet
  facet normal -0.609364 0.406243 0.680913
    outer loop
      vertex 43.9822 26.66 0.799999
      vertex 45.2728 25.9141 2.4
      vertex 45.2732 25.9147 2.4
    endloop
  endfacet
  facet normal -0.621669 0.386158 0.681476
    outer loop
      vertex 45.2728 25.9141 2.4
      vertex 43.9822 26.66 0.799999
      vertex 43.9235 26.5655 0.799999
    endloop
  endfacet
  facet normal 0.103476 -0.724332 0.681642
    outer loop
      vertex 42.2881 29.1955 0.799999
      vertex 42.0942 30.6735 2.4
      vertex 42.0935 30.6734 2.4
    endloop
  endfacet
  facet normal 0.0717134 -0.728319 0.681475
    outer loop
      vertex 42.0942 30.6735 2.4
      vertex 42.2881 29.1955 0.799999
      vertex 42.3988 29.2064 0.799999
    endloop
  endfacet
  facet normal 0 -0.731656 0.681674
    outer loop
      vertex 42.51 29.21 0.799999
      vertex 42.5107 30.7007 2.4
      vertex 42.51 30.7007 2.4
    endloop
  endfacet
  facet normal -0.0236799 -0.731446 0.681489
    outer loop
      vertex 42.5107 30.7007 2.4
      vertex 42.51 29.21 0.799999
      vertex 42.6212 29.2064 0.799999
    endloop
  endfacet
  facet normal 0.728323 -0.0717421 0.681468
    outer loop
      vertex 40.8245 27.7319 0.799999
      vertex 39.3466 27.9265 2.4
      vertex 39.3262 27.7194 2.4
    endloop
  endfacet
  facet normal 0.257855 -0.684918 0.681468
    outer loop
      vertex 41.8594 29.0806 0.799999
      vertex 41.4837 30.5311 2.4
      vertex 41.289 30.4578 2.4
    endloop
  endfacet
  facet normal -0.534263 -0.500146 0.681481
    outer loop
      vertex 44.9084 29.6143 2.4
      vertex 44.7662 29.7662 2.4
      vertex 43.7121 28.7121 0.799999
    endloop
  endfacet
  facet normal -0.0239128 -0.731449 0.681476
    outer loop
      vertex 42.6212 29.2064 0.799999
      vertex 42.7187 30.6939 2.4
      vertex 42.5107 30.7007 2.4
    endloop
  endfacet
  facet normal 0.30202 -0.666624 0.681466
    outer loop
      vertex 41.8594 29.0806 0.799999
      vertex 41.289 30.4578 2.4
      vertex 41.0994 30.3719 2.4
    endloop
  endfacet
  facet normal -0.165855 -0.712783 0.681493
    outer loop
      vertex 42.95 29.1521 0.799999
      vertex 43.1325 30.6394 2.4
      vertex 42.8417 29.1773 0.799999
    endloop
  endfacet
  facet normal -0.232962 -0.698886 0.67623
    outer loop
      vertex 43.1325 30.6394 2.4
      vertex 42.95 29.1521 0.799999
      vertex 43.1331 30.6392 2.4
    endloop
  endfacet
  facet normal -0.165974 0.712775 0.681473
    outer loop
      vertex 43.1331 24.3808 2.4
      vertex 43.3358 24.428 2.4
      vertex 42.95 25.8679 0.799999
    endloop
  endfacet
  facet normal -0.621611 -0.386264 0.681469
    outer loop
      vertex 45.2728 29.1059 2.4
      vertex 45.163 29.2826 2.4
      vertex 43.9235 28.4545 0.799999
    endloop
  endfacet
  facet normal -0.674489 -0.289067 0.679342
    outer loop
      vertex 44.0806 28.1606 0.799999
      vertex 45.5314 28.5356 2.4
      vertex 45.5311 28.5363 2.4
    endloop
  endfacet
  facet normal -0.684965 -0.257683 0.681486
    outer loop
      vertex 45.5314 28.5356 2.4
      vertex 44.0806 28.1606 0.799999
      vertex 44.1198 28.0564 0.799999
    endloop
  endfacet
  facet normal 0.232962 -0.698886 0.67623
    outer loop
      vertex 42.07 29.1521 0.799999
      vertex 41.8875 30.6394 2.4
      vertex 41.8869 30.6392 2.4
    endloop
  endfacet
  facet normal 0.165855 -0.712783 0.681493
    outer loop
      vertex 41.8875 30.6394 2.4
      vertex 42.07 29.1521 0.799999
      vertex 42.1783 29.1773 0.799999
    endloop
  endfacet
  facet normal 0.621544 -0.386356 0.681478
    outer loop
      vertex 41.0378 28.36 0.799999
      vertex 39.8567 29.2821 2.4
      vertex 39.7468 29.1053 2.4
    endloop
  endfacet
  facet normal -0.406243 -0.609364 0.680913
    outer loop
      vertex 43.36 28.9822 0.799999
      vertex 44.1059 30.2728 2.4
      vertex 44.1053 30.2732 2.4
    endloop
  endfacet
  facet normal -0.386158 -0.621669 0.681476
    outer loop
      vertex 44.1059 30.2728 2.4
      vertex 43.36 28.9822 0.799999
      vertex 43.4545 28.9235 0.799999
    endloop
  endfacet
  facet normal -0.386264 -0.621611 0.681469
    outer loop
      vertex 44.2826 30.163 2.4
      vertex 44.1059 30.2728 2.4
      vertex 43.4545 28.9235 0.799999
    endloop
  endfacet
  facet normal 0 0.732386 0.68089
    outer loop
      vertex 42.6212 25.8136 0.799999
      vertex 42.718 24.3261 2.4
      vertex 42.7187 24.3261 2.4
    endloop
  endfacet
  facet normal -0.0236805 0.731466 0.681467
    outer loop
      vertex 42.718 24.3261 2.4
      vertex 42.6212 25.8136 0.799999
      vertex 42.51 25.81 0.799999
    endloop
  endfacet
  facet normal -0.257855 -0.684918 0.681468
    outer loop
      vertex 43.731 30.4578 2.4
      vertex 43.5363 30.5311 2.4
      vertex 43.1606 29.0806 0.799999
    endloop
  endfacet
  facet normal -0.345034 0.645399 0.681477
    outer loop
      vertex 43.9218 24.6487 2.4
      vertex 44.1053 24.7468 2.4
      vertex 43.36 26.0378 0.799999
    endloop
  endfacet
  facet normal -0.594791 0.426407 0.681469
    outer loop
      vertex 45.0417 25.5682 2.4
      vertex 45.163 25.7374 2.4
      vertex 43.9235 26.5655 0.799999
    endloop
  endfacet
  facet normal 0.666624 -0.30202 0.681466
    outer loop
      vertex 40.9394 28.1606 0.799999
      vertex 39.6481 28.9206 2.4
      vertex 39.5622 28.731 2.4
    endloop
  endfacet
  facet normal -0.464351 0.565664 0.68147
    outer loop
      vertex 44.4524 24.9787 2.4
      vertex 44.6132 25.1107 2.4
      vertex 43.5449 26.1613 0.799999
    endloop
  endfacet
  facet normal -0.212452 0.700317 0.681484
    outer loop
      vertex 43.3365 24.4282 2.4
      vertex 43.5356 24.4886 2.4
      vertex 43.0564 25.9002 0.799999
    endloop
  endfacet
  facet normal -0.66661 0.302047 0.681468
    outer loop
      vertex 44.0347 26.7581 0.799999
      vertex 45.3719 26.0994 2.4
      vertex 44.0806 26.8594 0.799999
    endloop
  endfacet
  facet normal -0.654432 0.327216 0.681652
    outer loop
      vertex 45.3719 26.0994 2.4
      vertex 44.0347 26.7581 0.799999
      vertex 45.3716 26.0988 2.4
    endloop
  endfacet
  facet normal 0.257734 0.684946 0.681485
    outer loop
      vertex 41.4844 24.4886 2.4
      vertex 41.9636 25.9002 0.799999
      vertex 41.2896 24.5619 2.4
    endloop
  endfacet
  facet normal -0.257734 0.684946 0.681485
    outer loop
      vertex 43.5356 24.4886 2.4
      vertex 43.7304 24.5619 2.4
      vertex 43.0564 25.9002 0.799999
    endloop
  endfacet
  facet normal 0.731447 0.0239127 0.681479
    outer loop
      vertex 39.3261 27.302 2.4
      vertex 40.81 27.51 0.799999
      vertex 39.3193 27.51 2.4
    endloop
  endfacet
  facet normal -0.722051 0.119228 0.681489
    outer loop
      vertex 45.6394 26.8875 2.4
      vertex 45.6733 27.0928 2.4
      vertex 44.1773 27.1783 0.799999
    endloop
  endfacet
  facet normal 0.212452 0.700317 0.681484
    outer loop
      vertex 41.6835 24.4282 2.4
      vertex 41.9636 25.9002 0.799999
      vertex 41.4844 24.4886 2.4
    endloop
  endfacet
  facet normal -0.712775 -0.165974 0.681473
    outer loop
      vertex 45.6392 28.1331 2.4
      vertex 45.592 28.3358 2.4
      vertex 44.1521 27.95 0.799999
    endloop
  endfacet
  facet normal -0.728315 0.0717413 0.681477
    outer loop
      vertex 45.6735 27.0942 2.4
      vertex 45.6939 27.3013 2.4
      vertex 44.2064 27.3988 0.799999
    endloop
  endfacet
  facet normal 0.119231 0.72207 0.681468
    outer loop
      vertex 42.0935 24.3466 2.4
      vertex 42.2881 25.8245 0.799999
      vertex 41.8882 24.3805 2.4
    endloop
  endfacet
  facet normal -0.165974 -0.712775 0.681473
    outer loop
      vertex 43.3358 30.592 2.4
      vertex 43.1331 30.6392 2.4
      vertex 42.95 29.1521 0.799999
    endloop
  endfacet
  facet normal 0.0239128 -0.731449 0.681476
    outer loop
      vertex 42.3988 29.2064 0.799999
      vertex 42.5093 30.7007 2.4
      vertex 42.3013 30.6939 2.4
    endloop
  endfacet
  facet normal 0.0236799 -0.731446 0.681489
    outer loop
      vertex 42.51 29.21 0.799999
      vertex 42.5093 30.7007 2.4
      vertex 42.3988 29.2064 0.799999
    endloop
  endfacet
  facet normal 0 -0.731656 0.681674
    outer loop
      vertex 42.5093 30.7007 2.4
      vertex 42.51 29.21 0.799999
      vertex 42.51 30.7007 2.4
    endloop
  endfacet
  facet normal 0.565664 -0.464351 0.68147
    outer loop
      vertex 41.1613 28.5449 0.799999
      vertex 40.1107 29.6132 2.4
      vertex 39.9787 29.4524 2.4
    endloop
  endfacet
  facet normal -0.654432 -0.327216 0.681652
    outer loop
      vertex 44.0347 28.2619 0.799999
      vertex 45.3719 28.9206 2.4
      vertex 45.3716 28.9212 2.4
    endloop
  endfacet
  facet normal -0.66661 -0.302047 0.681468
    outer loop
      vertex 45.3719 28.9206 2.4
      vertex 44.0347 28.2619 0.799999
      vertex 44.0806 28.1606 0.799999
    endloop
  endfacet
  facet normal 0.726388 -0.10377 0.679406
    outer loop
      vertex 39.3261 27.7187 2.4
      vertex 40.8245 27.7319 0.799999
      vertex 39.3262 27.7194 2.4
    endloop
  endfacet
  facet normal 0.728317 -0.0717133 0.681477
    outer loop
      vertex 40.8245 27.7319 0.799999
      vertex 39.3261 27.7187 2.4
      vertex 40.8136 27.6212 0.799999
    endloop
  endfacet
  facet normal 0.46417 0.565795 0.681485
    outer loop
      vertex 40.5671 24.9791 2.4
      vertex 41.3891 26.2319 0.799999
      vertex 40.4062 25.1111 2.4
    endloop
  endfacet
  facet normal 0.119672 0.721975 0.681492
    outer loop
      vertex 42.1783 25.8427 0.799999
      vertex 41.8882 24.3805 2.4
      vertex 42.2881 25.8245 0.799999
    endloop
  endfacet
  facet normal 0.103542 0.724792 0.681143
    outer loop
      vertex 41.8882 24.3805 2.4
      vertex 42.1783 25.8427 0.799999
      vertex 41.8875 24.3806 2.4
    endloop
  endfacet
  facet normal 0.654432 -0.327216 0.681652
    outer loop
      vertex 39.6481 28.9206 2.4
      vertex 40.9853 28.2619 0.799999
      vertex 39.6484 28.9212 2.4
    endloop
  endfacet
  facet normal 0.66661 -0.302047 0.681468
    outer loop
      vertex 40.9853 28.2619 0.799999
      vertex 39.6481 28.9206 2.4
      vertex 40.9394 28.1606 0.799999
    endloop
  endfacet
  facet normal 0.594791 0.426407 0.681469
    outer loop
      vertex 39.9783 25.5682 2.4
      vertex 41.0965 26.5655 0.799999
      vertex 39.857 25.7374 2.4
    endloop
  endfacet
  facet normal 0.500146 0.534263 0.681481
    outer loop
      vertex 40.4057 25.1116 2.4
      vertex 41.3079 26.3079 0.799999
      vertex 40.2538 25.2538 2.4
    endloop
  endfacet
  facet normal -0.684918 -0.257855 0.681468
    outer loop
      vertex 45.5311 28.5363 2.4
      vertex 45.4578 28.731 2.4
      vertex 44.0806 28.1606 0.799999
    endloop
  endfacet
  facet normal 0.728323 0.0717421 0.681468
    outer loop
      vertex 39.3466 27.0935 2.4
      vertex 40.8245 27.2881 0.799999
      vertex 39.3262 27.3006 2.4
    endloop
  endfacet
  facet normal -0.700352 -0.212356 0.681477
    outer loop
      vertex 45.592 28.3358 2.4
      vertex 45.5316 28.535 2.4
      vertex 44.1521 27.95 0.799999
    endloop
  endfacet
  facet normal -0.611231 -0.407487 0.678491
    outer loop
      vertex 43.7881 28.6309 0.799999
      vertex 44.9093 29.6132 2.4
      vertex 44.9089 29.6138 2.4
    endloop
  endfacet
  facet normal -0.565654 -0.464362 0.681471
    outer loop
      vertex 44.9093 29.6132 2.4
      vertex 43.7881 28.6309 0.799999
      vertex 43.8587 28.5449 0.799999
    endloop
  endfacet
  facet normal 0.534309 -0.500092 0.681485
    outer loop
      vertex 40.1116 29.6143 2.4
      vertex 41.2319 28.6309 0.799999
      vertex 41.3079 28.7121 0.799999
    endloop
  endfacet
  facet normal 0.517869 -0.517869 0.6809
    outer loop
      vertex 41.2319 28.6309 0.799999
      vertex 40.1116 29.6143 2.4
      vertex 40.1111 29.6138 2.4
    endloop
  endfacet
  facet normal 0.0236805 0.731466 0.681467
    outer loop
      vertex 42.3988 25.8136 0.799999
      vertex 42.302 24.3261 2.4
      vertex 42.51 25.81 0.799999
    endloop
  endfacet
  facet normal 0 0.732386 0.68089
    outer loop
      vertex 42.302 24.3261 2.4
      vertex 42.3988 25.8136 0.799999
      vertex 42.3013 24.3261 2.4
    endloop
  endfacet
  facet normal -0.0717413 -0.728315 0.681477
    outer loop
      vertex 42.9258 30.6735 2.4
      vertex 42.7187 30.6939 2.4
      vertex 42.6212 29.2064 0.799999
    endloop
  endfacet
  facet normal 0.731466 0.0236805 0.681467
    outer loop
      vertex 39.3261 27.302 2.4
      vertex 40.8136 27.3988 0.799999
      vertex 40.81 27.51 0.799999
    endloop
  endfacet
  facet normal 0.732386 0 0.68089
    outer loop
      vertex 40.8136 27.3988 0.799999
      vertex 39.3261 27.302 2.4
      vertex 39.3261 27.3013 2.4
    endloop
  endfacet
  facet normal -0.406271 -0.609406 0.680859
    outer loop
      vertex 44.4518 30.0417 2.4
      vertex 43.5449 28.8587 0.799999
      vertex 44.4524 30.0413 2.4
    endloop
  endfacet
  facet normal -0.426374 -0.594818 0.681467
    outer loop
      vertex 43.5449 28.8587 0.799999
      vertex 44.4518 30.0417 2.4
      vertex 43.4545 28.9235 0.799999
    endloop
  endfacet
  facet normal -0.426407 -0.594791 0.681469
    outer loop
      vertex 44.4518 30.0417 2.4
      vertex 44.2826 30.163 2.4
      vertex 43.4545 28.9235 0.799999
    endloop
  endfacet
  facet normal 0.386264 -0.621611 0.681469
    outer loop
      vertex 41.5655 28.9235 0.799999
      vertex 40.9141 30.2728 2.4
      vertex 40.7374 30.163 2.4
    endloop
  endfacet
  facet normal -0.2009 0.703151 0.682069
    outer loop
      vertex 43.0564 25.9002 0.799999
      vertex 43.3358 24.428 2.4
      vertex 43.3365 24.4282 2.4
    endloop
  endfacet
  facet normal -0.212587 0.700286 0.681473
    outer loop
      vertex 43.3358 24.428 2.4
      vertex 43.0564 25.9002 0.799999
      vertex 42.95 25.8679 0.799999
    endloop
  endfacet
  facet normal -0.517869 -0.517869 0.6809
    outer loop
      vertex 44.9084 29.6143 2.4
      vertex 43.7881 28.6309 0.799999
      vertex 44.9089 29.6138 2.4
    endloop
  endfacet
  facet normal -0.534309 -0.500092 0.681485
    outer loop
      vertex 43.7881 28.6309 0.799999
      vertex 44.9084 29.6143 2.4
      vertex 43.7121 28.7121 0.799999
    endloop
  endfacet
  facet normal -0.103542 0.724792 0.681143
    outer loop
      vertex 42.8417 25.8427 0.799999
      vertex 43.1318 24.3805 2.4
      vertex 43.1325 24.3806 2.4
    endloop
  endfacet
  facet normal -0.119672 0.721975 0.681492
    outer loop
      vertex 43.1318 24.3805 2.4
      vertex 42.8417 25.8427 0.799999
      vertex 42.7319 25.8245 0.799999
    endloop
  endfacet
  facet normal 0.165974 -0.712775 0.681473
    outer loop
      vertex 42.07 29.1521 0.799999
      vertex 41.8869 30.6392 2.4
      vertex 41.6842 30.592 2.4
    endloop
  endfacet
  facet normal 0.289067 -0.674489 0.679342
    outer loop
      vertex 41.8594 29.0806 0.799999
      vertex 41.4844 30.5314 2.4
      vertex 41.4837 30.5311 2.4
    endloop
  endfacet
  facet normal 0.257683 -0.684965 0.681486
    outer loop
      vertex 41.4844 30.5314 2.4
      vertex 41.8594 29.0806 0.799999
      vertex 41.9636 29.1198 0.799999
    endloop
  endfacet
  facet normal -0.609406 -0.406271 0.680859
    outer loop
      vertex 43.8587 28.5449 0.799999
      vertex 45.0417 29.4518 2.4
      vertex 45.0413 29.4524 2.4
    endloop
  endfacet
  facet normal -0.594818 -0.426374 0.681467
    outer loop
      vertex 45.0417 29.4518 2.4
      vertex 43.8587 28.5449 0.799999
      vertex 43.9235 28.4545 0.799999
    endloop
  endfacet
  facet normal -0.119231 0.72207 0.681468
    outer loop
      vertex 42.9265 24.3466 2.4
      vertex 43.1318 24.3805 2.4
      vertex 42.7319 25.8245 0.799999
    endloop
  endfacet
  facet normal -0.0717421 0.728323 0.681468
    outer loop
      vertex 42.9265 24.3466 2.4
      vertex 42.7319 25.8245 0.799999
      vertex 42.7194 24.3262 2.4
    endloop
  endfacet
  facet normal -0.386356 0.621544 0.681478
    outer loop
      vertex 44.1053 24.7468 2.4
      vertex 44.2821 24.8567 2.4
      vertex 43.36 26.0378 0.799999
    endloop
  endfacet
  facet normal -0.376643 0.627739 0.681237
    outer loop
      vertex 43.4545 26.0965 0.799999
      vertex 44.2821 24.8567 2.4
      vertex 44.2826 24.857 2.4
    endloop
  endfacet
  facet normal -0.386164 0.621678 0.681465
    outer loop
      vertex 44.2821 24.8567 2.4
      vertex 43.4545 26.0965 0.799999
      vertex 43.36 26.0378 0.799999
    endloop
  endfacet
  facet normal 0.721975 0.119672 0.681492
    outer loop
      vertex 39.3805 26.8882 2.4
      vertex 40.8427 27.1783 0.799999
      vertex 40.8245 27.2881 0.799999
    endloop
  endfacet
  facet normal 0.724792 0.103542 0.681143
    outer loop
      vertex 40.8427 27.1783 0.799999
      vertex 39.3805 26.8882 2.4
      vertex 39.3806 26.8875 2.4
    endloop
  endfacet
  facet normal -0.654432 -0.327216 0.681652
    outer loop
      vertex 45.3713 28.9218 2.4
      vertex 44.0347 28.2619 0.799999
      vertex 45.3716 28.9212 2.4
    endloop
  endfacet
  facet normal -0.645262 -0.345324 0.68146
    outer loop
      vertex 44.0347 28.2619 0.799999
      vertex 45.3713 28.9218 2.4
      vertex 43.9822 28.36 0.799999
    endloop
  endfacet
  facet normal -0.609364 -0.406243 0.680913
    outer loop
      vertex 45.2728 29.1059 2.4
      vertex 43.9822 28.36 0.799999
      vertex 45.2732 29.1053 2.4
    endloop
  endfacet
  facet normal -0.621669 -0.386158 0.681476
    outer loop
      vertex 43.9822 28.36 0.799999
      vertex 45.2728 29.1059 2.4
      vertex 43.9235 28.4545 0.799999
    endloop
  endfacet
  facet normal -0.0717134 -0.728319 0.681475
    outer loop
      vertex 42.7319 29.1955 0.799999
      vertex 42.9258 30.6735 2.4
      vertex 42.6212 29.2064 0.799999
    endloop
  endfacet
  facet normal -0.103476 -0.724332 0.681642
    outer loop
      vertex 42.9258 30.6735 2.4
      vertex 42.7319 29.1955 0.799999
      vertex 42.9265 30.6734 2.4
    endloop
  endfacet
  facet normal -0.700271 0.212582 0.68149
    outer loop
      vertex 44.1198 26.9636 0.799999
      vertex 45.5316 26.485 2.4
      vertex 44.1521 27.07 0.799999
    endloop
  endfacet
  facet normal -0.69411 0.23137 0.681674
    outer loop
      vertex 45.5316 26.485 2.4
      vertex 44.1198 26.9636 0.799999
      vertex 45.5314 26.4844 2.4
    endloop
  endfacet
  facet normal 0.46417 -0.565795 0.681485
    outer loop
      vertex 41.3891 28.7881 0.799999
      vertex 40.5671 30.0409 2.4
      vertex 40.4062 29.9089 2.4
    endloop
  endfacet
  facet normal -0.722003 0.119676 0.681461
    outer loop
      vertex 44.1773 27.1783 0.799999
      vertex 45.6734 27.0935 2.4
      vertex 44.1955 27.2881 0.799999
    endloop
  endfacet
  facet normal -0.723771 0.103396 0.68225
    outer loop
      vertex 45.6734 27.0935 2.4
      vertex 44.1773 27.1783 0.799999
      vertex 45.6733 27.0928 2.4
    endloop
  endfacet
  facet normal -0.700352 0.212356 0.681477
    outer loop
      vertex 45.5316 26.485 2.4
      vertex 45.592 26.6842 2.4
      vertex 44.1521 27.07 0.799999
    endloop
  endfacet
  facet normal -0.712775 0.165974 0.681473
    outer loop
      vertex 45.592 26.6842 2.4
      vertex 45.6392 26.8869 2.4
      vertex 44.1521 27.07 0.799999
    endloop
  endfacet
  facet normal 0.565795 0.46417 0.681485
    outer loop
      vertex 40.1111 25.4062 2.4
      vertex 41.2319 26.3891 0.799999
      vertex 39.9791 25.5671 2.4
    endloop
  endfacet
  facet normal -0.722061 -0.119172 0.681488
    outer loop
      vertex 45.6733 27.9271 2.4
      vertex 45.6394 28.1325 2.4
      vertex 44.1773 27.8417 0.799999
    endloop
  endfacet
  facet normal 0.119228 -0.722051 0.681489
    outer loop
      vertex 42.1783 29.1773 0.799999
      vertex 42.0928 30.6733 2.4
      vertex 41.8875 30.6394 2.4
    endloop
  endfacet
  facet normal 0.386356 0.621544 0.681478
    outer loop
      vertex 40.9147 24.7468 2.4
      vertex 41.66 26.0378 0.799999
      vertex 40.7379 24.8567 2.4
    endloop
  endfacet
  facet normal -0.407487 -0.611231 0.678491
    outer loop
      vertex 44.6132 29.9093 2.4
      vertex 43.6309 28.7881 0.799999
      vertex 44.6138 29.9089 2.4
    endloop
  endfacet
  facet normal -0.464362 -0.565654 0.681471
    outer loop
      vertex 43.6309 28.7881 0.799999
      vertex 44.6132 29.9093 2.4
      vertex 43.5449 28.8587 0.799999
    endloop
  endfacet
  facet normal 0.698886 -0.232962 0.67623
    outer loop
      vertex 39.3806 28.1325 2.4
      vertex 40.8679 27.95 0.799999
      vertex 39.3808 28.1331 2.4
    endloop
  endfacet
  facet normal 0.712783 -0.165855 0.681493
    outer loop
      vertex 40.8679 27.95 0.799999
      vertex 39.3806 28.1325 2.4
      vertex 40.8427 27.8417 0.799999
    endloop
  endfacet
  facet normal 0.72207 0.119231 0.681468
    outer loop
      vertex 39.3805 26.8882 2.4
      vertex 40.8245 27.2881 0.799999
      vertex 39.3466 27.0935 2.4
    endloop
  endfacet
  facet normal -0.10377 0.726388 0.679406
    outer loop
      vertex 42.7319 25.8245 0.799999
      vertex 42.7187 24.3261 2.4
      vertex 42.7194 24.3262 2.4
    endloop
  endfacet
  facet normal -0.0717133 0.728317 0.681477
    outer loop
      vertex 42.7187 24.3261 2.4
      vertex 42.7319 25.8245 0.799999
      vertex 42.6212 25.8136 0.799999
    endloop
  endfacet
  facet normal -0.327216 -0.654432 0.681652
    outer loop
      vertex 43.9206 30.3719 2.4
      vertex 43.2619 29.0347 0.799999
      vertex 43.9212 30.3716 2.4
    endloop
  endfacet
  facet normal -0.302047 -0.66661 0.681468
    outer loop
      vertex 43.2619 29.0347 0.799999
      vertex 43.9206 30.3719 2.4
      vertex 43.1606 29.0806 0.799999
    endloop
  endfacet
  facet normal 0.645262 -0.345324 0.68146
    outer loop
      vertex 39.6487 28.9218 2.4
      vertex 40.9853 28.2619 0.799999
      vertex 41.0378 28.36 0.799999
    endloop
  endfacet
  facet normal 0.654432 -0.327216 0.681652
    outer loop
      vertex 40.9853 28.2619 0.799999
      vertex 39.6487 28.9218 2.4
      vertex 39.6484 28.9212 2.4
    endloop
  endfacet
  facet normal 0.712775 0.165974 0.681473
    outer loop
      vertex 39.428 26.6842 2.4
      vertex 40.8679 27.07 0.799999
      vertex 39.3808 26.8869 2.4
    endloop
  endfacet
  facet normal 0.0717421 0.728323 0.681468
    outer loop
      vertex 42.3006 24.3262 2.4
      vertex 42.2881 25.8245 0.799999
      vertex 42.0935 24.3466 2.4
    endloop
  endfacet
  facet normal 0.0239127 0.731447 0.681479
    outer loop
      vertex 42.51 24.3193 2.4
      vertex 42.51 25.81 0.799999
      vertex 42.302 24.3261 2.4
    endloop
  endfacet
  facet normal 0.426407 -0.594791 0.681469
    outer loop
      vertex 41.5655 28.9235 0.799999
      vertex 40.7374 30.163 2.4
      vertex 40.5682 30.0417 2.4
    endloop
  endfacet
  facet normal -0.327216 0.654432 0.681652
    outer loop
      vertex 43.2619 25.9853 0.799999
      vertex 43.9206 24.6481 2.4
      vertex 43.9212 24.6484 2.4
    endloop
  endfacet
  facet normal -0.302047 0.66661 0.681468
    outer loop
      vertex 43.9206 24.6481 2.4
      vertex 43.2619 25.9853 0.799999
      vertex 43.1606 25.9394 0.799999
    endloop
  endfacet
  facet normal 0.712775 -0.165974 0.681473
    outer loop
      vertex 40.8679 27.95 0.799999
      vertex 39.428 28.3358 2.4
      vertex 39.3808 28.1331 2.4
    endloop
  endfacet
  facet normal 0.703151 -0.2009 0.682069
    outer loop
      vertex 39.428 28.3358 2.4
      vertex 40.9002 28.0564 0.799999
      vertex 39.4282 28.3365 2.4
    endloop
  endfacet
  facet normal 0.700286 -0.212587 0.681473
    outer loop
      vertex 40.9002 28.0564 0.799999
      vertex 39.428 28.3358 2.4
      vertex 40.8679 27.95 0.799999
    endloop
  endfacet
  facet normal 0.212454 -0.700324 0.681476
    outer loop
      vertex 42.07 29.1521 0.799999
      vertex 41.6842 30.592 2.4
      vertex 41.4851 30.5316 2.4
    endloop
  endfacet
  facet normal -0.345324 0.645262 0.68146
    outer loop
      vertex 43.2619 25.9853 0.799999
      vertex 43.9218 24.6487 2.4
      vertex 43.36 26.0378 0.799999
    endloop
  endfacet
  facet normal -0.327216 0.654432 0.681652
    outer loop
      vertex 43.9218 24.6487 2.4
      vertex 43.2619 25.9853 0.799999
      vertex 43.9212 24.6484 2.4
    endloop
  endfacet
  facet normal -0.119676 -0.722003 0.681461
    outer loop
      vertex 42.8417 29.1773 0.799999
      vertex 42.9265 30.6734 2.4
      vertex 42.7319 29.1955 0.799999
    endloop
  endfacet
  facet normal -0.120322 -0.721929 0.681426
    outer loop
      vertex 42.9265 30.6734 2.4
      vertex 42.8417 29.1773 0.799999
      vertex 42.9271 30.6733 2.4
    endloop
  endfacet
  facet normal -0.257683 -0.684965 0.681486
    outer loop
      vertex 43.1606 29.0806 0.799999
      vertex 43.5356 30.5314 2.4
      vertex 43.0564 29.1198 0.799999
    endloop
  endfacet
  facet normal -0.289067 -0.674489 0.679342
    outer loop
      vertex 43.5356 30.5314 2.4
      vertex 43.1606 29.0806 0.799999
      vertex 43.5363 30.5311 2.4
    endloop
  endfacet
  facet normal -0.212582 -0.700271 0.68149
    outer loop
      vertex 43.0564 29.1198 0.799999
      vertex 43.535 30.5316 2.4
      vertex 42.95 29.1521 0.799999
    endloop
  endfacet
  facet normal -0.23137 -0.69411 0.681674
    outer loop
      vertex 43.535 30.5316 2.4
      vertex 43.0564 29.1198 0.799999
      vertex 43.5356 30.5314 2.4
    endloop
  endfacet
  facet normal -0.69411 -0.23137 0.681674
    outer loop
      vertex 44.1198 28.0564 0.799999
      vertex 45.5316 28.535 2.4
      vertex 45.5314 28.5356 2.4
    endloop
  endfacet
  facet normal -0.700271 -0.212582 0.68149
    outer loop
      vertex 45.5316 28.535 2.4
      vertex 44.1198 28.0564 0.799999
      vertex 44.1521 27.95 0.799999
    endloop
  endfacet
  facet normal -0.500092 0.534309 0.681485
    outer loop
      vertex 43.6309 26.2319 0.799999
      vertex 44.6143 25.1116 2.4
      vertex 43.7121 26.3079 0.799999
    endloop
  endfacet
  facet normal -0.517869 0.517869 0.6809
    outer loop
      vertex 44.6143 25.1116 2.4
      vertex 43.6309 26.2319 0.799999
      vertex 44.6138 25.1111 2.4
    endloop
  endfacet
  facet normal 0.212587 0.700286 0.681473
    outer loop
      vertex 41.9636 25.9002 0.799999
      vertex 41.6842 24.428 2.4
      vertex 42.07 25.8679 0.799999
    endloop
  endfacet
  facet normal 0.2009 0.703151 0.682069
    outer loop
      vertex 41.6842 24.428 2.4
      vertex 41.9636 25.9002 0.799999
      vertex 41.6835 24.4282 2.4
    endloop
  endfacet
  facet normal 0.165974 0.712775 0.681473
    outer loop
      vertex 41.8869 24.3808 2.4
      vertex 42.07 25.8679 0.799999
      vertex 41.6842 24.428 2.4
    endloop
  endfacet
  facet normal 0.500092 0.534309 0.681485
    outer loop
      vertex 40.4057 25.1116 2.4
      vertex 41.3891 26.2319 0.799999
      vertex 41.3079 26.3079 0.799999
    endloop
  endfacet
  facet normal 0.517869 0.517869 0.6809
    outer loop
      vertex 41.3891 26.2319 0.799999
      vertex 40.4057 25.1116 2.4
      vertex 40.4062 25.1111 2.4
    endloop
  endfacet
  facet normal 0.302047 0.66661 0.681468
    outer loop
      vertex 41.7581 25.9853 0.799999
      vertex 41.0994 24.6481 2.4
      vertex 41.8594 25.9394 0.799999
    endloop
  endfacet
  facet normal 0.327216 0.654432 0.681652
    outer loop
      vertex 41.0994 24.6481 2.4
      vertex 41.7581 25.9853 0.799999
      vertex 41.0988 24.6484 2.4
    endloop
  endfacet
  facet normal 0.257685 0.684968 0.681482
    outer loop
      vertex 41.8594 25.9394 0.799999
      vertex 41.2896 24.5619 2.4
      vertex 41.9636 25.9002 0.799999
    endloop
  endfacet
  facet normal 0.327595 0.655189 0.680741
    outer loop
      vertex 41.2896 24.5619 2.4
      vertex 41.8594 25.9394 0.799999
      vertex 41.289 24.5622 2.4
    endloop
  endfacet
  facet normal 0.103396 -0.723771 0.68225
    outer loop
      vertex 42.1783 29.1773 0.799999
      vertex 42.0935 30.6734 2.4
      vertex 42.0928 30.6733 2.4
    endloop
  endfacet
  facet normal 0.119676 -0.722003 0.681461
    outer loop
      vertex 42.0935 30.6734 2.4
      vertex 42.1783 29.1773 0.799999
      vertex 42.2881 29.1955 0.799999
    endloop
  endfacet
  facet normal 0.534263 0.500146 0.681481
    outer loop
      vertex 40.2538 25.2538 2.4
      vertex 41.3079 26.3079 0.799999
      vertex 40.1116 25.4057 2.4
    endloop
  endfacet
  facet normal 0.534309 0.500092 0.681485
    outer loop
      vertex 41.2319 26.3891 0.799999
      vertex 40.1116 25.4057 2.4
      vertex 41.3079 26.3079 0.799999
    endloop
  endfacet
  facet normal 0.517869 0.517869 0.6809
    outer loop
      vertex 40.1116 25.4057 2.4
      vertex 41.2319 26.3891 0.799999
      vertex 40.1111 25.4062 2.4
    endloop
  endfacet
  facet normal -0.721929 -0.120322 0.681426
    outer loop
      vertex 44.1773 27.8417 0.799999
      vertex 45.6734 27.9265 2.4
      vertex 45.6733 27.9271 2.4
    endloop
  endfacet
  facet normal -0.722003 -0.119676 0.681461
    outer loop
      vertex 45.6734 27.9265 2.4
      vertex 44.1773 27.8417 0.799999
      vertex 44.1955 27.7319 0.799999
    endloop
  endfacet
  facet normal -0.724332 -0.103476 0.681642
    outer loop
      vertex 44.1955 27.7319 0.799999
      vertex 45.6735 27.9258 2.4
      vertex 45.6734 27.9265 2.4
    endloop
  endfacet
  facet normal -0.728319 -0.0717134 0.681475
    outer loop
      vertex 45.6735 27.9258 2.4
      vertex 44.1955 27.7319 0.799999
      vertex 44.2064 27.6212 0.799999
    endloop
  endfacet
  facet normal 0.726388 0.10377 0.679406
    outer loop
      vertex 40.8245 27.2881 0.799999
      vertex 39.3261 27.3013 2.4
      vertex 39.3262 27.3006 2.4
    endloop
  endfacet
  facet normal 0.728317 0.0717133 0.681477
    outer loop
      vertex 39.3261 27.3013 2.4
      vertex 40.8245 27.2881 0.799999
      vertex 40.8136 27.3988 0.799999
    endloop
  endfacet
  facet normal 0.0717133 0.728317 0.681477
    outer loop
      vertex 42.2881 25.8245 0.799999
      vertex 42.3013 24.3261 2.4
      vertex 42.3988 25.8136 0.799999
    endloop
  endfacet
  facet normal 0.10377 0.726388 0.679406
    outer loop
      vertex 42.3013 24.3261 2.4
      vertex 42.2881 25.8245 0.799999
      vertex 42.3006 24.3262 2.4
    endloop
  endfacet
  facet normal 0.406243 -0.609364 0.680913
    outer loop
      vertex 40.9141 30.2728 2.4
      vertex 41.66 28.9822 0.799999
      vertex 40.9147 30.2732 2.4
    endloop
  endfacet
  facet normal 0.386158 -0.621669 0.681476
    outer loop
      vertex 41.66 28.9822 0.799999
      vertex 40.9141 30.2728 2.4
      vertex 41.5655 28.9235 0.799999
    endloop
  endfacet
  facet normal 0.327216 -0.654432 0.681652
    outer loop
      vertex 41.0982 30.3713 2.4
      vertex 41.7581 29.0347 0.799999
      vertex 41.0988 30.3716 2.4
    endloop
  endfacet
  facet normal 0.345324 -0.645262 0.68146
    outer loop
      vertex 41.7581 29.0347 0.799999
      vertex 41.0982 30.3713 2.4
      vertex 41.66 28.9822 0.799999
    endloop
  endfacet
  facet normal 0.684988 0.257692 0.681459
    outer loop
      vertex 39.562 26.2896 2.4
      vertex 40.9394 26.8594 0.799999
      vertex 40.9002 26.9636 0.799999
    endloop
  endfacet
  facet normal 0.694932 0.231644 0.680743
    outer loop
      vertex 40.9394 26.8594 0.799999
      vertex 39.562 26.2896 2.4
      vertex 39.5622 26.289 2.4
    endloop
  endfacet
  facet normal 0.621544 0.386356 0.681478
    outer loop
      vertex 39.8567 25.7379 2.4
      vertex 41.0378 26.66 0.799999
      vertex 39.7468 25.9147 2.4
    endloop
  endfacet
  facet normal 0.345324 0.645262 0.68146
    outer loop
      vertex 41.0982 24.6487 2.4
      vertex 41.7581 25.9853 0.799999
      vertex 41.66 26.0378 0.799999
    endloop
  endfacet
  facet normal 0.327216 0.654432 0.681652
    outer loop
      vertex 41.7581 25.9853 0.799999
      vertex 41.0982 24.6487 2.4
      vertex 41.0988 24.6484 2.4
    endloop
  endfacet
  facet normal 0.66661 0.302047 0.681468
    outer loop
      vertex 39.6481 26.0994 2.4
      vertex 40.9853 26.7581 0.799999
      vertex 40.9394 26.8594 0.799999
    endloop
  endfacet
  facet normal 0.654432 0.327216 0.681652
    outer loop
      vertex 40.9853 26.7581 0.799999
      vertex 39.6481 26.0994 2.4
      vertex 39.6484 26.0988 2.4
    endloop
  endfacet
  facet normal 0.426374 -0.594818 0.681467
    outer loop
      vertex 40.5682 30.0417 2.4
      vertex 41.4751 28.8587 0.799999
      vertex 41.5655 28.9235 0.799999
    endloop
  endfacet
  facet normal 0.406271 -0.609406 0.680859
    outer loop
      vertex 41.4751 28.8587 0.799999
      vertex 40.5682 30.0417 2.4
      vertex 40.5676 30.0413 2.4
    endloop
  endfacet
  facet normal 0.457109 -0.571387 0.681592
    outer loop
      vertex 40.5671 30.0409 2.4
      vertex 41.4751 28.8587 0.799999
      vertex 40.5676 30.0413 2.4
    endloop
  endfacet
  facet normal 0.464362 -0.565653 0.681472
    outer loop
      vertex 41.4751 28.8587 0.799999
      vertex 40.5671 30.0409 2.4
      vertex 41.3891 28.7881 0.799999
    endloop
  endfacet
endsolid OpenSCAD_Model
