solid OpenSCAD_Model
  facet normal 0 0 -1
    outer loop
      vertex 13.7305 4.66086 -17
      vertex 16.5713 5.62518 -17
      vertex 16.9037 4.52933 -17
    endloop
  endfacet
  facet normal -0 0 -1
    outer loop
      vertex 16.5713 5.62518 -17
      vertex 13.7305 4.66086 -17
      vertex 16.1679 6.69695 -17
    endloop
  endfacet
  facet normal -0 0 -1
    outer loop
      vertex 16.1679 6.69695 -17
      vertex 13.3962 5.5489 -17
      vertex 15.6953 7.74005 -17
    endloop
  endfacet
  facet normal 0 0 -1
    outer loop
      vertex 13.0047 6.41318 -17
      vertex 15.6953 7.74005 -17
      vertex 13.3962 5.5489 -17
    endloop
  endfacet
  facet normal 0 0 -1
    outer loop
      vertex 13.7305 4.66086 -17
      vertex 16.9037 4.52933 -17
      vertex 14.0059 3.75287 -17
    endloop
  endfacet
  facet normal 0 0 -1
    outer loop
      vertex 16.1679 6.69695 -17
      vertex 13.7305 4.66086 -17
      vertex 13.3962 5.5489 -17
    endloop
  endfacet
  facet normal -0 0 -1
    outer loop
      vertex 15.6953 7.74005 -17
      vertex 13.0047 6.41318 -17
      vertex 15.1554 8.75 -17
    endloop
  endfacet
  facet normal 0 0 -1
    outer loop
      vertex 12.5574 7.25 -17
      vertex 15.1554 8.75 -17
      vertex 13.0047 6.41318 -17
    endloop
  endfacet
  facet normal -0 0 -1
    outer loop
      vertex 15.1554 8.75 -17
      vertex 12.5574 7.25 -17
      vertex 14.5507 9.72247 -17
    endloop
  endfacet
  facet normal 0 0 -1
    outer loop
      vertex 12.0563 8.05576 -17
      vertex 14.5507 9.72247 -17
      vertex 12.5574 7.25 -17
    endloop
  endfacet
  facet normal -0 0 -1
    outer loop
      vertex 14.5507 9.72247 -17
      vertex 12.0563 8.05576 -17
      vertex 13.8837 10.6533 -17
    endloop
  endfacet
  facet normal 0 0 -1
    outer loop
      vertex 11.5036 8.82703 -17
      vertex 13.8837 10.6533 -17
      vertex 12.0563 8.05576 -17
    endloop
  endfacet
  facet normal -0 0 -1
    outer loop
      vertex 13.8837 10.6533 -17
      vertex 11.5036 8.82703 -17
      vertex 13.1572 11.5385 -17
    endloop
  endfacet
  facet normal 0 0 -1
    outer loop
      vertex 10.9017 9.5605 -17
      vertex 13.1572 11.5385 -17
      vertex 11.5036 8.82703 -17
    endloop
  endfacet
  facet normal -0 0 -1
    outer loop
      vertex 13.1572 11.5385 -17
      vertex 10.9017 9.5605 -17
      vertex 12.3744 12.3744 -17
    endloop
  endfacet
  facet normal 0 0 -1
    outer loop
      vertex 10.253 10.253 -17
      vertex 12.3744 12.3744 -17
      vertex 10.9017 9.5605 -17
    endloop
  endfacet
  facet normal -0 0 -1
    outer loop
      vertex 12.3744 12.3744 -17
      vertex 10.253 10.253 -17
      vertex 11.5385 13.1572 -17
    endloop
  endfacet
  facet normal 0 0 -1
    outer loop
      vertex 9.5605 10.9017 -17
      vertex 11.5385 13.1572 -17
      vertex 10.253 10.253 -17
    endloop
  endfacet
  facet normal -0 0 -1
    outer loop
      vertex 11.5385 13.1572 -17
      vertex 9.5605 10.9017 -17
      vertex 10.6533 13.8837 -17
    endloop
  endfacet
  facet normal 0 0 -1
    outer loop
      vertex 8.82703 11.5036 -17
      vertex 10.6533 13.8837 -17
      vertex 9.5605 10.9017 -17
    endloop
  endfacet
  facet normal -0 0 -1
    outer loop
      vertex 10.6533 13.8837 -17
      vertex 8.82703 11.5036 -17
      vertex 9.72247 14.5507 -17
    endloop
  endfacet
  facet normal 0 0 -1
    outer loop
      vertex 8.05576 12.0563 -17
      vertex 9.72247 14.5507 -17
      vertex 8.82703 11.5036 -17
    endloop
  endfacet
  facet normal -0 0 -1
    outer loop
      vertex 9.72247 14.5507 -17
      vertex 8.05576 12.0563 -17
      vertex 8.75 15.1554 -17
    endloop
  endfacet
  facet normal 0 0 -1
    outer loop
      vertex 7.25 12.5574 -17
      vertex 8.75 15.1554 -17
      vertex 8.05576 12.0563 -17
    endloop
  endfacet
  facet normal -0 0 -1
    outer loop
      vertex 8.75 15.1554 -17
      vertex 7.25 12.5574 -17
      vertex 7.74005 15.6953 -17
    endloop
  endfacet
  facet normal 0 0 -1
    outer loop
      vertex 6.41318 13.0047 -17
      vertex 7.74005 15.6953 -17
      vertex 7.25 12.5574 -17
    endloop
  endfacet
  facet normal -0 0 -1
    outer loop
      vertex 7.74005 15.6953 -17
      vertex 6.41318 13.0047 -17
      vertex 6.69695 16.1679 -17
    endloop
  endfacet
  facet normal 0 0 -1
    outer loop
      vertex 5.5489 13.3962 -17
      vertex 6.69695 16.1679 -17
      vertex 6.41318 13.0047 -17
    endloop
  endfacet
  facet normal -0 0 -1
    outer loop
      vertex 6.69695 16.1679 -17
      vertex 5.5489 13.3962 -17
      vertex 5.62518 16.5713 -17
    endloop
  endfacet
  facet normal 0 0 -1
    outer loop
      vertex 4.66086 13.7305 -17
      vertex 5.62518 16.5713 -17
      vertex 5.5489 13.3962 -17
    endloop
  endfacet
  facet normal 0 0 -1
    outer loop
      vertex 4.66086 13.7305 -17
      vertex 4.52933 16.9037 -17
      vertex 5.62518 16.5713 -17
    endloop
  endfacet
  facet normal 0 0 -1
    outer loop
      vertex 3.75287 14.0059 -17
      vertex 4.52933 16.9037 -17
      vertex 4.66086 13.7305 -17
    endloop
  endfacet
  facet normal 0 0 -1
    outer loop
      vertex 3.75287 14.0059 -17
      vertex 3.41408 17.1637 -17
      vertex 4.52933 16.9037 -17
    endloop
  endfacet
  facet normal 0 0 -1
    outer loop
      vertex 2.8288 14.2214 -17
      vertex 3.41408 17.1637 -17
      vertex 3.75287 14.0059 -17
    endloop
  endfacet
  facet normal 0 0 -1
    outer loop
      vertex 2.8288 14.2214 -17
      vertex 2.28419 17.3503 -17
      vertex 3.41408 17.1637 -17
    endloop
  endfacet
  facet normal 0 0 -1
    outer loop
      vertex 1.89262 14.3759 -17
      vertex 2.28419 17.3503 -17
      vertex 2.8288 14.2214 -17
    endloop
  endfacet
  facet normal 0 0 -1
    outer loop
      vertex 1.89262 14.3759 -17
      vertex 1.14455 17.4625 -17
      vertex 2.28419 17.3503 -17
    endloop
  endfacet
  facet normal 0 0 -1
    outer loop
      vertex 0.948334 14.4689 -17
      vertex 1.14455 17.4625 -17
      vertex 1.89262 14.3759 -17
    endloop
  endfacet
  facet normal 0 0 -1
    outer loop
      vertex 0 14.5 -17
      vertex 1.14455 17.4625 -17
      vertex 0.948334 14.4689 -17
    endloop
  endfacet
  facet normal 0 0 -1
    outer loop
      vertex 0 14.5 -17
      vertex 0 17.5 -17
      vertex 1.14455 17.4625 -17
    endloop
  endfacet
  facet normal 0 0 -1
    outer loop
      vertex -0.948334 14.4689 -17
      vertex 0 17.5 -17
      vertex 0 14.5 -17
    endloop
  endfacet
  facet normal 0 0 -1
    outer loop
      vertex -0.948334 14.4689 -17
      vertex -1.14455 17.4625 -17
      vertex 0 17.5 -17
    endloop
  endfacet
  facet normal 0 0 -1
    outer loop
      vertex -1.89262 14.3759 -17
      vertex -1.14455 17.4625 -17
      vertex -0.948334 14.4689 -17
    endloop
  endfacet
  facet normal 0 0 -1
    outer loop
      vertex -1.89262 14.3759 -17
      vertex -2.28419 17.3503 -17
      vertex -1.14455 17.4625 -17
    endloop
  endfacet
  facet normal 0 0 -1
    outer loop
      vertex -2.8288 14.2214 -17
      vertex -2.28419 17.3503 -17
      vertex -1.89262 14.3759 -17
    endloop
  endfacet
  facet normal 0 0 -1
    outer loop
      vertex -2.8288 14.2214 -17
      vertex -3.41408 17.1637 -17
      vertex -2.28419 17.3503 -17
    endloop
  endfacet
  facet normal 0 0 -1
    outer loop
      vertex -3.75287 14.0059 -17
      vertex -3.41408 17.1637 -17
      vertex -2.8288 14.2214 -17
    endloop
  endfacet
  facet normal 0 0 -1
    outer loop
      vertex -3.75287 14.0059 -17
      vertex -4.52933 16.9037 -17
      vertex -3.41408 17.1637 -17
    endloop
  endfacet
  facet normal 0 0 -1
    outer loop
      vertex -4.66086 13.7305 -17
      vertex -4.52933 16.9037 -17
      vertex -3.75287 14.0059 -17
    endloop
  endfacet
  facet normal 0 0 -1
    outer loop
      vertex -5.62518 16.5713 -17
      vertex -4.66086 13.7305 -17
      vertex -5.5489 13.3962 -17
    endloop
  endfacet
  facet normal 0 0 -1
    outer loop
      vertex -4.66086 13.7305 -17
      vertex -5.62518 16.5713 -17
      vertex -4.52933 16.9037 -17
    endloop
  endfacet
  facet normal 0 0 -1
    outer loop
      vertex -6.69695 16.1679 -17
      vertex -5.5489 13.3962 -17
      vertex -6.41318 13.0047 -17
    endloop
  endfacet
  facet normal 0 0 -1
    outer loop
      vertex -5.5489 13.3962 -17
      vertex -6.69695 16.1679 -17
      vertex -5.62518 16.5713 -17
    endloop
  endfacet
  facet normal 0 0 -1
    outer loop
      vertex -7.74005 15.6953 -17
      vertex -6.41318 13.0047 -17
      vertex -7.25 12.5574 -17
    endloop
  endfacet
  facet normal 0 0 -1
    outer loop
      vertex -6.41318 13.0047 -17
      vertex -7.74005 15.6953 -17
      vertex -6.69695 16.1679 -17
    endloop
  endfacet
  facet normal 0 0 -1
    outer loop
      vertex -8.75 15.1554 -17
      vertex -7.25 12.5574 -17
      vertex -8.05576 12.0563 -17
    endloop
  endfacet
  facet normal 0 0 -1
    outer loop
      vertex -7.25 12.5574 -17
      vertex -8.75 15.1554 -17
      vertex -7.74005 15.6953 -17
    endloop
  endfacet
  facet normal 0 0 -1
    outer loop
      vertex -9.72247 14.5507 -17
      vertex -8.05576 12.0563 -17
      vertex -8.82703 11.5036 -17
    endloop
  endfacet
  facet normal 0 0 -1
    outer loop
      vertex -10.6533 13.8837 -17
      vertex -8.82703 11.5036 -17
      vertex -9.5605 10.9017 -17
    endloop
  endfacet
  facet normal 0 0 -1
    outer loop
      vertex -8.05576 12.0563 -17
      vertex -9.72247 14.5507 -17
      vertex -8.75 15.1554 -17
    endloop
  endfacet
  facet normal 0 0 -1
    outer loop
      vertex -11.5385 13.1572 -17
      vertex -9.5605 10.9017 -17
      vertex -10.253 10.253 -17
    endloop
  endfacet
  facet normal 0 0 -1
    outer loop
      vertex -8.82703 11.5036 -17
      vertex -10.6533 13.8837 -17
      vertex -9.72247 14.5507 -17
    endloop
  endfacet
  facet normal 0 0 -1
    outer loop
      vertex -12.3744 12.3744 -17
      vertex -10.253 10.253 -17
      vertex -10.9017 9.5605 -17
    endloop
  endfacet
  facet normal 0 0 -1
    outer loop
      vertex -13.1572 11.5385 -17
      vertex -10.9017 9.5605 -17
      vertex -11.5036 8.82703 -17
    endloop
  endfacet
  facet normal 0 0 -1
    outer loop
      vertex -9.5605 10.9017 -17
      vertex -11.5385 13.1572 -17
      vertex -10.6533 13.8837 -17
    endloop
  endfacet
  facet normal 0 0 -1
    outer loop
      vertex -13.8837 10.6533 -17
      vertex -11.5036 8.82703 -17
      vertex -12.0563 8.05576 -17
    endloop
  endfacet
  facet normal 0 0 -1
    outer loop
      vertex -10.253 10.253 -17
      vertex -12.3744 12.3744 -17
      vertex -11.5385 13.1572 -17
    endloop
  endfacet
  facet normal 0 0 -1
    outer loop
      vertex -14.5507 9.72247 -17
      vertex -12.0563 8.05576 -17
      vertex -12.5574 7.25 -17
    endloop
  endfacet
  facet normal 0 0 -1
    outer loop
      vertex -15.1554 8.75 -17
      vertex -12.5574 7.25 -17
      vertex -13.0047 6.41318 -17
    endloop
  endfacet
  facet normal 0 0 -1
    outer loop
      vertex -10.9017 9.5605 -17
      vertex -13.1572 11.5385 -17
      vertex -12.3744 12.3744 -17
    endloop
  endfacet
  facet normal 0 0 -1
    outer loop
      vertex -15.6953 7.74005 -17
      vertex -13.0047 6.41318 -17
      vertex -13.3962 5.5489 -17
    endloop
  endfacet
  facet normal 0 0 -1
    outer loop
      vertex -16.1679 6.69695 -17
      vertex -13.3962 5.5489 -17
      vertex -13.7305 4.66086 -17
    endloop
  endfacet
  facet normal 0 0 -1
    outer loop
      vertex -11.5036 8.82703 -17
      vertex -13.8837 10.6533 -17
      vertex -13.1572 11.5385 -17
    endloop
  endfacet
  facet normal 0 0 -1
    outer loop
      vertex -16.5713 5.62518 -17
      vertex -13.7305 4.66086 -17
      vertex -14.0059 3.75287 -17
    endloop
  endfacet
  facet normal 0 0 -1
    outer loop
      vertex -12.0563 8.05576 -17
      vertex -14.5507 9.72247 -17
      vertex -13.8837 10.6533 -17
    endloop
  endfacet
  facet normal 0 0 -1
    outer loop
      vertex -12.5574 7.25 -17
      vertex -15.1554 8.75 -17
      vertex -14.5507 9.72247 -17
    endloop
  endfacet
  facet normal 0 0 -1
    outer loop
      vertex -13.0047 6.41318 -17
      vertex -15.6953 7.74005 -17
      vertex -15.1554 8.75 -17
    endloop
  endfacet
  facet normal 0 0 -1
    outer loop
      vertex -13.3962 5.5489 -17
      vertex -16.1679 6.69695 -17
      vertex -15.6953 7.74005 -17
    endloop
  endfacet
  facet normal 0 0 -1
    outer loop
      vertex -13.7305 4.66086 -17
      vertex -16.5713 5.62518 -17
      vertex -16.1679 6.69695 -17
    endloop
  endfacet
  facet normal 0 -0 -1
    outer loop
      vertex -16.5713 5.62518 -17
      vertex -14.0059 3.75287 -17
      vertex -16.9037 4.52933 -17
    endloop
  endfacet
  facet normal 0 0 1
    outer loop
      vertex 13.7305 4.66086 17
      vertex 16.5713 5.62518 17
      vertex 16.1679 6.69695 17
    endloop
  endfacet
  facet normal 0 0 1
    outer loop
      vertex 13.3962 5.5489 17
      vertex 16.1679 6.69695 17
      vertex 15.6953 7.74005 17
    endloop
  endfacet
  facet normal 0 0 1
    outer loop
      vertex 13.0047 6.41318 17
      vertex 15.6953 7.74005 17
      vertex 15.1554 8.75 17
    endloop
  endfacet
  facet normal 0 0 1
    outer loop
      vertex 12.5574 7.25 17
      vertex 15.1554 8.75 17
      vertex 14.5507 9.72247 17
    endloop
  endfacet
  facet normal 0 -0 1
    outer loop
      vertex 13.7305 4.66086 17
      vertex 16.1679 6.69695 17
      vertex 13.3962 5.5489 17
    endloop
  endfacet
  facet normal 0 0 1
    outer loop
      vertex 12.0563 8.05576 17
      vertex 14.5507 9.72247 17
      vertex 13.8837 10.6533 17
    endloop
  endfacet
  facet normal 0 0 1
    outer loop
      vertex 16.9037 4.52933 17
      vertex 13.7305 4.66086 17
      vertex 14.0059 3.75287 17
    endloop
  endfacet
  facet normal 0 0 1
    outer loop
      vertex 16.5713 5.62518 17
      vertex 13.7305 4.66086 17
      vertex 16.9037 4.52933 17
    endloop
  endfacet
  facet normal 0 0 1
    outer loop
      vertex 11.5036 8.82703 17
      vertex 13.8837 10.6533 17
      vertex 13.1572 11.5385 17
    endloop
  endfacet
  facet normal 0 0 1
    outer loop
      vertex 15.6953 7.74005 17
      vertex 13.0047 6.41318 17
      vertex 13.3962 5.5489 17
    endloop
  endfacet
  facet normal 0 0 1
    outer loop
      vertex 15.1554 8.75 17
      vertex 12.5574 7.25 17
      vertex 13.0047 6.41318 17
    endloop
  endfacet
  facet normal 0 0 1
    outer loop
      vertex 10.9017 9.5605 17
      vertex 13.1572 11.5385 17
      vertex 12.3744 12.3744 17
    endloop
  endfacet
  facet normal 0 0 1
    outer loop
      vertex 14.5507 9.72247 17
      vertex 12.0563 8.05576 17
      vertex 12.5574 7.25 17
    endloop
  endfacet
  facet normal 0 0 1
    outer loop
      vertex 10.253 10.253 17
      vertex 12.3744 12.3744 17
      vertex 11.5385 13.1572 17
    endloop
  endfacet
  facet normal 0 0 1
    outer loop
      vertex 13.8837 10.6533 17
      vertex 11.5036 8.82703 17
      vertex 12.0563 8.05576 17
    endloop
  endfacet
  facet normal 0 0 1
    outer loop
      vertex 13.1572 11.5385 17
      vertex 10.9017 9.5605 17
      vertex 11.5036 8.82703 17
    endloop
  endfacet
  facet normal 0 0 1
    outer loop
      vertex 9.5605 10.9017 17
      vertex 11.5385 13.1572 17
      vertex 10.6533 13.8837 17
    endloop
  endfacet
  facet normal 0 0 1
    outer loop
      vertex 12.3744 12.3744 17
      vertex 10.253 10.253 17
      vertex 10.9017 9.5605 17
    endloop
  endfacet
  facet normal 0 0 1
    outer loop
      vertex 8.82703 11.5036 17
      vertex 10.6533 13.8837 17
      vertex 9.72247 14.5507 17
    endloop
  endfacet
  facet normal 0 0 1
    outer loop
      vertex 11.5385 13.1572 17
      vertex 9.5605 10.9017 17
      vertex 10.253 10.253 17
    endloop
  endfacet
  facet normal 0 0 1
    outer loop
      vertex 10.6533 13.8837 17
      vertex 8.82703 11.5036 17
      vertex 9.5605 10.9017 17
    endloop
  endfacet
  facet normal 0 0 1
    outer loop
      vertex 8.05576 12.0563 17
      vertex 9.72247 14.5507 17
      vertex 8.75 15.1554 17
    endloop
  endfacet
  facet normal 0 0 1
    outer loop
      vertex 9.72247 14.5507 17
      vertex 8.05576 12.0563 17
      vertex 8.82703 11.5036 17
    endloop
  endfacet
  facet normal 0 0 1
    outer loop
      vertex 7.25 12.5574 17
      vertex 8.75 15.1554 17
      vertex 7.74005 15.6953 17
    endloop
  endfacet
  facet normal 0 0 1
    outer loop
      vertex 8.75 15.1554 17
      vertex 7.25 12.5574 17
      vertex 8.05576 12.0563 17
    endloop
  endfacet
  facet normal 0 0 1
    outer loop
      vertex 6.41318 13.0047 17
      vertex 7.74005 15.6953 17
      vertex 6.69695 16.1679 17
    endloop
  endfacet
  facet normal 0 0 1
    outer loop
      vertex 7.74005 15.6953 17
      vertex 6.41318 13.0047 17
      vertex 7.25 12.5574 17
    endloop
  endfacet
  facet normal 0 0 1
    outer loop
      vertex 5.5489 13.3962 17
      vertex 6.69695 16.1679 17
      vertex 5.62518 16.5713 17
    endloop
  endfacet
  facet normal 0 0 1
    outer loop
      vertex 6.69695 16.1679 17
      vertex 5.5489 13.3962 17
      vertex 6.41318 13.0047 17
    endloop
  endfacet
  facet normal 0 0 1
    outer loop
      vertex 5.62518 16.5713 17
      vertex 4.66086 13.7305 17
      vertex 5.5489 13.3962 17
    endloop
  endfacet
  facet normal 0 0 1
    outer loop
      vertex 4.52933 16.9037 17
      vertex 4.66086 13.7305 17
      vertex 5.62518 16.5713 17
    endloop
  endfacet
  facet normal 0 0 1
    outer loop
      vertex 4.52933 16.9037 17
      vertex 3.75287 14.0059 17
      vertex 4.66086 13.7305 17
    endloop
  endfacet
  facet normal 0 0 1
    outer loop
      vertex 3.41408 17.1637 17
      vertex 3.75287 14.0059 17
      vertex 4.52933 16.9037 17
    endloop
  endfacet
  facet normal 0 0 1
    outer loop
      vertex 3.41408 17.1637 17
      vertex 2.8288 14.2214 17
      vertex 3.75287 14.0059 17
    endloop
  endfacet
  facet normal 0 0 1
    outer loop
      vertex 2.28419 17.3503 17
      vertex 2.8288 14.2214 17
      vertex 3.41408 17.1637 17
    endloop
  endfacet
  facet normal 0 0 1
    outer loop
      vertex 2.28419 17.3503 17
      vertex 1.89262 14.3759 17
      vertex 2.8288 14.2214 17
    endloop
  endfacet
  facet normal 0 0 1
    outer loop
      vertex 1.14455 17.4625 17
      vertex 1.89262 14.3759 17
      vertex 2.28419 17.3503 17
    endloop
  endfacet
  facet normal 0 0 1
    outer loop
      vertex 1.14455 17.4625 17
      vertex 0.948334 14.4689 17
      vertex 1.89262 14.3759 17
    endloop
  endfacet
  facet normal 0 0 1
    outer loop
      vertex 0 17.5 17
      vertex 0.948334 14.4689 17
      vertex 1.14455 17.4625 17
    endloop
  endfacet
  facet normal 0 0 1
    outer loop
      vertex 0 17.5 17
      vertex 0 14.5 17
      vertex 0.948334 14.4689 17
    endloop
  endfacet
  facet normal 0 0 1
    outer loop
      vertex 0 17.5 17
      vertex -0.948334 14.4689 17
      vertex 0 14.5 17
    endloop
  endfacet
  facet normal -0 0 1
    outer loop
      vertex -1.14455 17.4625 17
      vertex -0.948334 14.4689 17
      vertex 0 17.5 17
    endloop
  endfacet
  facet normal 0 0 1
    outer loop
      vertex -1.14455 17.4625 17
      vertex -1.89262 14.3759 17
      vertex -0.948334 14.4689 17
    endloop
  endfacet
  facet normal -0 0 1
    outer loop
      vertex -2.28419 17.3503 17
      vertex -1.89262 14.3759 17
      vertex -1.14455 17.4625 17
    endloop
  endfacet
  facet normal 0 0 1
    outer loop
      vertex -2.28419 17.3503 17
      vertex -2.8288 14.2214 17
      vertex -1.89262 14.3759 17
    endloop
  endfacet
  facet normal -0 0 1
    outer loop
      vertex -3.41408 17.1637 17
      vertex -2.8288 14.2214 17
      vertex -2.28419 17.3503 17
    endloop
  endfacet
  facet normal 0 0 1
    outer loop
      vertex -3.41408 17.1637 17
      vertex -3.75287 14.0059 17
      vertex -2.8288 14.2214 17
    endloop
  endfacet
  facet normal -0 0 1
    outer loop
      vertex -4.52933 16.9037 17
      vertex -3.75287 14.0059 17
      vertex -3.41408 17.1637 17
    endloop
  endfacet
  facet normal 0 0 1
    outer loop
      vertex -4.52933 16.9037 17
      vertex -4.66086 13.7305 17
      vertex -3.75287 14.0059 17
    endloop
  endfacet
  facet normal -0 0 1
    outer loop
      vertex -5.62518 16.5713 17
      vertex -4.66086 13.7305 17
      vertex -4.52933 16.9037 17
    endloop
  endfacet
  facet normal 0 0 1
    outer loop
      vertex -4.66086 13.7305 17
      vertex -5.62518 16.5713 17
      vertex -5.5489 13.3962 17
    endloop
  endfacet
  facet normal -0 0 1
    outer loop
      vertex -6.69695 16.1679 17
      vertex -5.5489 13.3962 17
      vertex -5.62518 16.5713 17
    endloop
  endfacet
  facet normal 0 0 1
    outer loop
      vertex -5.5489 13.3962 17
      vertex -6.69695 16.1679 17
      vertex -6.41318 13.0047 17
    endloop
  endfacet
  facet normal -0 0 1
    outer loop
      vertex -7.74005 15.6953 17
      vertex -6.41318 13.0047 17
      vertex -6.69695 16.1679 17
    endloop
  endfacet
  facet normal 0 0 1
    outer loop
      vertex -6.41318 13.0047 17
      vertex -7.74005 15.6953 17
      vertex -7.25 12.5574 17
    endloop
  endfacet
  facet normal -0 0 1
    outer loop
      vertex -8.75 15.1554 17
      vertex -7.25 12.5574 17
      vertex -7.74005 15.6953 17
    endloop
  endfacet
  facet normal 0 0 1
    outer loop
      vertex -7.25 12.5574 17
      vertex -8.75 15.1554 17
      vertex -8.05576 12.0563 17
    endloop
  endfacet
  facet normal -0 0 1
    outer loop
      vertex -9.72247 14.5507 17
      vertex -8.05576 12.0563 17
      vertex -8.75 15.1554 17
    endloop
  endfacet
  facet normal 0 0 1
    outer loop
      vertex -8.05576 12.0563 17
      vertex -9.72247 14.5507 17
      vertex -8.82703 11.5036 17
    endloop
  endfacet
  facet normal -0 0 1
    outer loop
      vertex -10.6533 13.8837 17
      vertex -8.82703 11.5036 17
      vertex -9.72247 14.5507 17
    endloop
  endfacet
  facet normal 0 0 1
    outer loop
      vertex -8.82703 11.5036 17
      vertex -10.6533 13.8837 17
      vertex -9.5605 10.9017 17
    endloop
  endfacet
  facet normal -0 0 1
    outer loop
      vertex -11.5385 13.1572 17
      vertex -9.5605 10.9017 17
      vertex -10.6533 13.8837 17
    endloop
  endfacet
  facet normal 0 0 1
    outer loop
      vertex -9.5605 10.9017 17
      vertex -11.5385 13.1572 17
      vertex -10.253 10.253 17
    endloop
  endfacet
  facet normal -0 0 1
    outer loop
      vertex -12.3744 12.3744 17
      vertex -10.253 10.253 17
      vertex -11.5385 13.1572 17
    endloop
  endfacet
  facet normal 0 0 1
    outer loop
      vertex -10.253 10.253 17
      vertex -12.3744 12.3744 17
      vertex -10.9017 9.5605 17
    endloop
  endfacet
  facet normal -0 0 1
    outer loop
      vertex -13.1572 11.5385 17
      vertex -10.9017 9.5605 17
      vertex -12.3744 12.3744 17
    endloop
  endfacet
  facet normal 0 0 1
    outer loop
      vertex -10.9017 9.5605 17
      vertex -13.1572 11.5385 17
      vertex -11.5036 8.82703 17
    endloop
  endfacet
  facet normal -0 0 1
    outer loop
      vertex -13.8837 10.6533 17
      vertex -11.5036 8.82703 17
      vertex -13.1572 11.5385 17
    endloop
  endfacet
  facet normal 0 0 1
    outer loop
      vertex -11.5036 8.82703 17
      vertex -13.8837 10.6533 17
      vertex -12.0563 8.05576 17
    endloop
  endfacet
  facet normal -0 0 1
    outer loop
      vertex -14.5507 9.72247 17
      vertex -12.0563 8.05576 17
      vertex -13.8837 10.6533 17
    endloop
  endfacet
  facet normal 0 0 1
    outer loop
      vertex -12.0563 8.05576 17
      vertex -14.5507 9.72247 17
      vertex -12.5574 7.25 17
    endloop
  endfacet
  facet normal -0 0 1
    outer loop
      vertex -15.1554 8.75 17
      vertex -12.5574 7.25 17
      vertex -14.5507 9.72247 17
    endloop
  endfacet
  facet normal 0 0 1
    outer loop
      vertex -12.5574 7.25 17
      vertex -15.1554 8.75 17
      vertex -13.0047 6.41318 17
    endloop
  endfacet
  facet normal -0 0 1
    outer loop
      vertex -15.6953 7.74005 17
      vertex -13.0047 6.41318 17
      vertex -15.1554 8.75 17
    endloop
  endfacet
  facet normal 0 0 1
    outer loop
      vertex -13.0047 6.41318 17
      vertex -15.6953 7.74005 17
      vertex -13.3962 5.5489 17
    endloop
  endfacet
  facet normal -0 0 1
    outer loop
      vertex -16.1679 6.69695 17
      vertex -13.3962 5.5489 17
      vertex -15.6953 7.74005 17
    endloop
  endfacet
  facet normal 0 0 1
    outer loop
      vertex -13.3962 5.5489 17
      vertex -16.1679 6.69695 17
      vertex -13.7305 4.66086 17
    endloop
  endfacet
  facet normal -0 0 1
    outer loop
      vertex -16.5713 5.62518 17
      vertex -13.7305 4.66086 17
      vertex -16.1679 6.69695 17
    endloop
  endfacet
  facet normal 0 0 1
    outer loop
      vertex -13.7305 4.66086 17
      vertex -16.5713 5.62518 17
      vertex -14.0059 3.75287 17
    endloop
  endfacet
  facet normal 0 0 1
    outer loop
      vertex -14.0059 3.75287 17
      vertex -16.5713 5.62518 17
      vertex -16.9037 4.52933 17
    endloop
  endfacet
  facet normal 0.956946 0.290267 0
    outer loop
      vertex 16.9037 4.52933 -8.35
      vertex 16.5713 5.62518 -17
      vertex 16.5713 5.62518 -8.35
    endloop
  endfacet
  facet normal 0.956946 0.290267 0
    outer loop
      vertex 16.5713 5.62518 -17
      vertex 16.9037 4.52933 -8.35
      vertex 16.9037 4.52933 -17
    endloop
  endfacet
  facet normal 0.956946 0.290267 0
    outer loop
      vertex 16.9037 4.52933 17
      vertex 16.5713 5.62518 8.35
      vertex 16.5713 5.62518 17
    endloop
  endfacet
  facet normal 0.956946 0.290267 0
    outer loop
      vertex 16.5713 5.62518 8.35
      vertex 16.9037 4.52933 17
      vertex 16.9037 4.52933 8.35
    endloop
  endfacet
  facet normal 0.956946 0.290267 0
    outer loop
      vertex 16.9037 4.52933 6.35
      vertex 16.5713 5.62518 -6.35
      vertex 16.5713 5.62518 6.35
    endloop
  endfacet
  facet normal 0.956946 0.290267 0
    outer loop
      vertex 16.5713 5.62518 -6.35
      vertex 16.9037 4.52933 6.35
      vertex 16.9037 4.52933 -6.35
    endloop
  endfacet
  facet normal 0.935902 0.352261 0
    outer loop
      vertex 16.5713 5.62518 -8.35
      vertex 16.1679 6.69695 -17
      vertex 16.1679 6.69695 -8.35
    endloop
  endfacet
  facet normal 0.935902 0.352261 0
    outer loop
      vertex 16.1679 6.69695 -17
      vertex 16.5713 5.62518 -8.35
      vertex 16.5713 5.62518 -17
    endloop
  endfacet
  facet normal 0.935902 0.352261 0
    outer loop
      vertex 16.5713 5.62518 17
      vertex 16.1679 6.69695 8.35
      vertex 16.1679 6.69695 17
    endloop
  endfacet
  facet normal 0.935902 0.352261 0
    outer loop
      vertex 16.1679 6.69695 8.35
      vertex 16.5713 5.62518 17
      vertex 16.5713 5.62518 8.35
    endloop
  endfacet
  facet normal 0.935902 0.352261 0
    outer loop
      vertex 16.5713 5.62518 6.35
      vertex 16.1679 6.69695 -6.35
      vertex 16.1679 6.69695 6.35
    endloop
  endfacet
  facet normal 0.935902 0.352261 0
    outer loop
      vertex 16.1679 6.69695 -6.35
      vertex 16.5713 5.62518 6.35
      vertex 16.5713 5.62518 -6.35
    endloop
  endfacet
  facet normal 0.910871 0.412691 0
    outer loop
      vertex 16.1679 6.69695 -8.35
      vertex 15.6953 7.74005 -17
      vertex 15.6953 7.74005 -8.35
    endloop
  endfacet
  facet normal 0.910871 0.412691 0
    outer loop
      vertex 15.6953 7.74005 -17
      vertex 16.1679 6.69695 -8.35
      vertex 16.1679 6.69695 -17
    endloop
  endfacet
  facet normal 0.910871 0.412691 0
    outer loop
      vertex 16.1679 6.69695 17
      vertex 15.6953 7.74005 8.35
      vertex 15.6953 7.74005 17
    endloop
  endfacet
  facet normal 0.910871 0.412691 0
    outer loop
      vertex 15.6953 7.74005 8.35
      vertex 16.1679 6.69695 17
      vertex 16.1679 6.69695 8.35
    endloop
  endfacet
  facet normal 0.910871 0.412691 0
    outer loop
      vertex 16.1679 6.69695 6.35
      vertex 15.6953 7.74005 -6.35
      vertex 15.6953 7.74005 6.35
    endloop
  endfacet
  facet normal 0.910871 0.412691 0
    outer loop
      vertex 15.6953 7.74005 -6.35
      vertex 16.1679 6.69695 6.35
      vertex 16.1679 6.69695 -6.35
    endloop
  endfacet
  facet normal 0.881896 0.471445 0
    outer loop
      vertex 15.6953 7.74005 -8.35
      vertex 15.1554 8.75 -17
      vertex 15.1554 8.75 -8.35
    endloop
  endfacet
  facet normal 0.881896 0.471445 0
    outer loop
      vertex 15.1554 8.75 -17
      vertex 15.6953 7.74005 -8.35
      vertex 15.6953 7.74005 -17
    endloop
  endfacet
  facet normal 0.881896 0.471445 0
    outer loop
      vertex 15.6953 7.74005 17
      vertex 15.1554 8.75 8.35
      vertex 15.1554 8.75 17
    endloop
  endfacet
  facet normal 0.881896 0.471445 0
    outer loop
      vertex 15.1554 8.75 8.35
      vertex 15.6953 7.74005 17
      vertex 15.6953 7.74005 8.35
    endloop
  endfacet
  facet normal 0.881896 0.471445 0
    outer loop
      vertex 15.6953 7.74005 6.35
      vertex 15.1554 8.75 -6.35
      vertex 15.1554 8.75 6.35
    endloop
  endfacet
  facet normal 0.881896 0.471445 0
    outer loop
      vertex 15.1554 8.75 -6.35
      vertex 15.6953 7.74005 6.35
      vertex 15.6953 7.74005 -6.35
    endloop
  endfacet
  facet normal 0.84921 0.528055 0
    outer loop
      vertex 15.1554 8.75 -8.35
      vertex 14.5507 9.72247 -17
      vertex 14.5507 9.72247 -8.35
    endloop
  endfacet
  facet normal 0.84921 0.528055 0
    outer loop
      vertex 14.5507 9.72247 -17
      vertex 15.1554 8.75 -8.35
      vertex 15.1554 8.75 -17
    endloop
  endfacet
  facet normal 0.84921 0.528055 0
    outer loop
      vertex 15.1554 8.75 17
      vertex 14.5507 9.72247 8.35
      vertex 14.5507 9.72247 17
    endloop
  endfacet
  facet normal 0.84921 0.528055 0
    outer loop
      vertex 14.5507 9.72247 8.35
      vertex 15.1554 8.75 17
      vertex 15.1554 8.75 8.35
    endloop
  endfacet
  facet normal 0.84921 0.528055 0
    outer loop
      vertex 15.1554 8.75 6.35
      vertex 14.5507 9.72247 -6.35
      vertex 14.5507 9.72247 6.35
    endloop
  endfacet
  facet normal 0.84921 0.528055 0
    outer loop
      vertex 14.5507 9.72247 -6.35
      vertex 15.1554 8.75 6.35
      vertex 15.1554 8.75 -6.35
    endloop
  endfacet
  facet normal 0.812856 0.582464 0
    outer loop
      vertex 14.5507 9.72247 -8.35
      vertex 13.8837 10.6533 -17
      vertex 13.8837 10.6533 -8.35
    endloop
  endfacet
  facet normal 0.812856 0.582464 0
    outer loop
      vertex 13.8837 10.6533 -17
      vertex 14.5507 9.72247 -8.35
      vertex 14.5507 9.72247 -17
    endloop
  endfacet
  facet normal 0.812856 0.582464 0
    outer loop
      vertex 14.5507 9.72247 17
      vertex 13.8837 10.6533 8.35
      vertex 13.8837 10.6533 17
    endloop
  endfacet
  facet normal 0.812856 0.582464 0
    outer loop
      vertex 13.8837 10.6533 8.35
      vertex 14.5507 9.72247 17
      vertex 14.5507 9.72247 8.35
    endloop
  endfacet
  facet normal 0.812856 0.582464 0
    outer loop
      vertex 14.5507 9.72247 6.35
      vertex 13.8837 10.6533 4.15585
      vertex 13.8837 10.6533 6.35
    endloop
  endfacet
  facet normal 0.812908 0.582392 -4.63977e-05
    outer loop
      vertex 13.8837 10.6533 4.15585
      vertex 14.5507 9.72247 6.35
      vertex 14.0059 10.4827 3.75288
    endloop
  endfacet
  facet normal 0.812826 0.582507 4.49573e-06
    outer loop
      vertex 14.0059 10.4827 3.75288
      vertex 14.5507 9.72247 6.35
      vertex 14.2214 10.182 2.82881
    endloop
  endfacet
  facet normal 0.813209 0.581972 -7.77211e-06
    outer loop
      vertex 14.469 9.83656 0.948345
      vertex 14.5507 9.72247 6.35
      vertex 14.5 9.79323 0
    endloop
  endfacet
  facet normal 0.812631 0.582779 1.80206e-05
    outer loop
      vertex 14.3759 9.96635 1.89263
      vertex 14.5507 9.72247 6.35
      vertex 14.469 9.83656 0.948345
    endloop
  endfacet
  facet normal 0.812882 0.582428 -1.1043e-05
    outer loop
      vertex 14.2214 10.182 2.82881
      vertex 14.5507 9.72247 6.35
      vertex 14.3759 9.96635 1.89263
    endloop
  endfacet
  facet normal 0.812908 0.582392 4.63977e-05
    outer loop
      vertex 14.5507 9.72247 -6.35
      vertex 13.8837 10.6533 -4.15585
      vertex 14.0059 10.4827 -3.75288
    endloop
  endfacet
  facet normal 0.812826 0.582507 -4.49573e-06
    outer loop
      vertex 14.5507 9.72247 -6.35
      vertex 14.0059 10.4827 -3.75288
      vertex 14.2214 10.182 -2.82881
    endloop
  endfacet
  facet normal 0.812882 0.582428 1.1043e-05
    outer loop
      vertex 14.5507 9.72247 -6.35
      vertex 14.2214 10.182 -2.82881
      vertex 14.3759 9.96635 -1.89263
    endloop
  endfacet
  facet normal 0.812856 0.582464 0
    outer loop
      vertex 13.8837 10.6533 -4.15585
      vertex 14.5507 9.72247 -6.35
      vertex 13.8837 10.6533 -6.35
    endloop
  endfacet
  facet normal 0.812631 0.582779 -1.80206e-05
    outer loop
      vertex 14.469 9.83656 -0.948345
      vertex 14.5507 9.72247 -6.35
      vertex 14.3759 9.96635 -1.89263
    endloop
  endfacet
  facet normal 0.813209 0.581972 7.77211e-06
    outer loop
      vertex 14.5 9.79323 0
      vertex 14.5507 9.72247 -6.35
      vertex 14.469 9.83656 -0.948345
    endloop
  endfacet
  facet normal 0.812879 0.582433 -0
    outer loop
      vertex 14.5507 9.72247 -6.35
      vertex 14.5 9.79323 0
      vertex 14.5507 9.72247 6.35
    endloop
  endfacet
  facet normal 0.772996 0.63441 0
    outer loop
      vertex 13.1888 11.5 -8.35
      vertex 13.8837 10.6533 -8.35
      vertex 13.1888 11.5 -16
    endloop
  endfacet
  facet normal 0.772972 0.63444 0
    outer loop
      vertex 13.1888 11.5 -16
      vertex 13.1572 11.5385 -17
      vertex 13.1572 11.5385 -16
    endloop
  endfacet
  facet normal 0.772996 0.63441 -0
    outer loop
      vertex 13.8837 10.6533 -17
      vertex 13.1888 11.5 -16
      vertex 13.8837 10.6533 -8.35
    endloop
  endfacet
  facet normal 0.772995 0.634412 -1.80761e-06
    outer loop
      vertex 13.1888 11.5 -16
      vertex 13.8837 10.6533 -17
      vertex 13.1572 11.5385 -17
    endloop
  endfacet
  facet normal 0.772972 0.63444 0
    outer loop
      vertex 13.1572 11.5385 17
      vertex 13.1888 11.5 16
      vertex 13.1572 11.5385 16
    endloop
  endfacet
  facet normal 0.772995 0.634412 1.80761e-06
    outer loop
      vertex 13.8837 10.6533 17
      vertex 13.1888 11.5 16
      vertex 13.1572 11.5385 17
    endloop
  endfacet
  facet normal 0.772996 0.63441 -0
    outer loop
      vertex 13.8837 10.6533 8.35
      vertex 13.1888 11.5 16
      vertex 13.8837 10.6533 17
    endloop
  endfacet
  facet normal 0.772996 0.63441 0
    outer loop
      vertex 13.1888 11.5 16
      vertex 13.8837 10.6533 8.35
      vertex 13.1888 11.5 8.35
    endloop
  endfacet
  facet normal 0.772968 0.634445 -0.000145057
    outer loop
      vertex 13.8837 10.6533 -6.35
      vertex 13.1888 11.5 -6.0067
      vertex 13.3963 11.2473 -5.54891
    endloop
  endfacet
  facet normal 0.773065 0.634326 2.91559e-06
    outer loop
      vertex 13.8837 10.6533 -6.35
      vertex 13.3963 11.2473 -5.54891
      vertex 13.7305 10.84 -4.66087
    endloop
  endfacet
  facet normal 0.772996 0.63441 0
    outer loop
      vertex 13.1888 11.5 -6.0067
      vertex 13.8837 10.6533 -6.35
      vertex 13.1888 11.5 -6.35
    endloop
  endfacet
  facet normal 0.773053 0.634342 -0
    outer loop
      vertex 13.8837 10.6533 -6.35
      vertex 13.7305 10.84 -4.66087
      vertex 13.8837 10.6533 -4.15585
    endloop
  endfacet
  facet normal 0.772996 0.63441 0
    outer loop
      vertex 13.8837 10.6533 6.35
      vertex 13.1888 11.5 6.0067
      vertex 13.1888 11.5 6.35
    endloop
  endfacet
  facet normal 0.772968 0.634445 0.000145057
    outer loop
      vertex 13.1888 11.5 6.0067
      vertex 13.8837 10.6533 6.35
      vertex 13.3963 11.2473 5.54891
    endloop
  endfacet
  facet normal 0.773065 0.634326 -2.91559e-06
    outer loop
      vertex 13.3963 11.2473 5.54891
      vertex 13.8837 10.6533 6.35
      vertex 13.7305 10.84 4.66087
    endloop
  endfacet
  facet normal 0.773053 0.634342 0
    outer loop
      vertex 13.7305 10.84 4.66087
      vertex 13.8837 10.6533 6.35
      vertex 13.8837 10.6533 4.15585
    endloop
  endfacet
  facet normal 0.72991 0.683543 0
    outer loop
      vertex 13.1572 11.5385 -16
      vertex 12.3744 12.3744 -17
      vertex 12.3744 12.3744 -16
    endloop
  endfacet
  facet normal 0.72991 0.683543 0
    outer loop
      vertex 12.3744 12.3744 -17
      vertex 13.1572 11.5385 -16
      vertex 13.1572 11.5385 -17
    endloop
  endfacet
  facet normal 0.72991 0.683543 0
    outer loop
      vertex 13.1572 11.5385 17
      vertex 12.3744 12.3744 16
      vertex 12.3744 12.3744 17
    endloop
  endfacet
  facet normal 0.72991 0.683543 0
    outer loop
      vertex 12.3744 12.3744 16
      vertex 13.1572 11.5385 17
      vertex 13.1572 11.5385 16
    endloop
  endfacet
  facet normal 0.683543 0.72991 -0
    outer loop
      vertex 12.3744 12.3744 -17
      vertex 11.5385 13.1572 -16
      vertex 12.3744 12.3744 -16
    endloop
  endfacet
  facet normal 0.683543 0.72991 0
    outer loop
      vertex 11.5385 13.1572 -16
      vertex 12.3744 12.3744 -17
      vertex 11.5385 13.1572 -17
    endloop
  endfacet
  facet normal 0.683543 0.72991 -0
    outer loop
      vertex 12.3744 12.3744 16
      vertex 11.5385 13.1572 17
      vertex 12.3744 12.3744 17
    endloop
  endfacet
  facet normal 0.683543 0.72991 0
    outer loop
      vertex 11.5385 13.1572 17
      vertex 12.3744 12.3744 16
      vertex 11.5385 13.1572 16
    endloop
  endfacet
  facet normal 0.634412 0.772995 -0
    outer loop
      vertex 11.5385 13.1572 -17
      vertex 10.6533 13.8837 -16
      vertex 11.5385 13.1572 -16
    endloop
  endfacet
  facet normal 0.634412 0.772995 0
    outer loop
      vertex 10.6533 13.8837 -16
      vertex 11.5385 13.1572 -17
      vertex 10.6533 13.8837 -17
    endloop
  endfacet
  facet normal 0.634412 0.772995 -0
    outer loop
      vertex 11.5385 13.1572 16
      vertex 10.6533 13.8837 17
      vertex 11.5385 13.1572 17
    endloop
  endfacet
  facet normal 0.634412 0.772995 0
    outer loop
      vertex 10.6533 13.8837 17
      vertex 11.5385 13.1572 16
      vertex 10.6533 13.8837 16
    endloop
  endfacet
  facet normal 0.582464 0.812856 -0
    outer loop
      vertex 10.6533 13.8837 -17
      vertex 9.72247 14.5507 -16
      vertex 10.6533 13.8837 -16
    endloop
  endfacet
  facet normal 0.582464 0.812856 0
    outer loop
      vertex 9.72247 14.5507 -16
      vertex 10.6533 13.8837 -17
      vertex 9.72247 14.5507 -17
    endloop
  endfacet
  facet normal 0.582464 0.812856 -0
    outer loop
      vertex 10.6533 13.8837 16
      vertex 9.72247 14.5507 17
      vertex 10.6533 13.8837 17
    endloop
  endfacet
  facet normal 0.582464 0.812856 0
    outer loop
      vertex 9.72247 14.5507 17
      vertex 10.6533 13.8837 16
      vertex 9.72247 14.5507 16
    endloop
  endfacet
  facet normal 0.528055 0.84921 -0
    outer loop
      vertex 9.72247 14.5507 -17
      vertex 8.75 15.1554 -16
      vertex 9.72247 14.5507 -16
    endloop
  endfacet
  facet normal 0.528055 0.84921 0
    outer loop
      vertex 8.75 15.1554 -16
      vertex 9.72247 14.5507 -17
      vertex 8.75 15.1554 -17
    endloop
  endfacet
  facet normal 0.528055 0.84921 -0
    outer loop
      vertex 9.72247 14.5507 16
      vertex 8.75 15.1554 17
      vertex 9.72247 14.5507 17
    endloop
  endfacet
  facet normal 0.528055 0.84921 0
    outer loop
      vertex 8.75 15.1554 17
      vertex 9.72247 14.5507 16
      vertex 8.75 15.1554 16
    endloop
  endfacet
  facet normal 0.471445 0.881896 -0
    outer loop
      vertex 8.75 15.1554 -17
      vertex 7.74005 15.6953 -16
      vertex 8.75 15.1554 -16
    endloop
  endfacet
  facet normal 0.471445 0.881896 0
    outer loop
      vertex 7.74005 15.6953 -16
      vertex 8.75 15.1554 -17
      vertex 7.74005 15.6953 -17
    endloop
  endfacet
  facet normal 0.471445 0.881896 -0
    outer loop
      vertex 8.75 15.1554 16
      vertex 7.74005 15.6953 17
      vertex 8.75 15.1554 17
    endloop
  endfacet
  facet normal 0.471445 0.881896 0
    outer loop
      vertex 7.74005 15.6953 17
      vertex 8.75 15.1554 16
      vertex 7.74005 15.6953 16
    endloop
  endfacet
  facet normal 0.412691 0.910871 -0
    outer loop
      vertex 7.74005 15.6953 -17
      vertex 6.69695 16.1679 -16
      vertex 7.74005 15.6953 -16
    endloop
  endfacet
  facet normal 0.412691 0.910871 0
    outer loop
      vertex 6.69695 16.1679 -16
      vertex 7.74005 15.6953 -17
      vertex 6.69695 16.1679 -17
    endloop
  endfacet
  facet normal 0.412691 0.910871 -0
    outer loop
      vertex 7.74005 15.6953 16
      vertex 6.69695 16.1679 17
      vertex 7.74005 15.6953 17
    endloop
  endfacet
  facet normal 0.412691 0.910871 0
    outer loop
      vertex 6.69695 16.1679 17
      vertex 7.74005 15.6953 16
      vertex 6.69695 16.1679 16
    endloop
  endfacet
  facet normal 0.352261 0.935902 -0
    outer loop
      vertex 6.69695 16.1679 -17
      vertex 5.62518 16.5713 -16
      vertex 6.69695 16.1679 -16
    endloop
  endfacet
  facet normal 0.352261 0.935902 0
    outer loop
      vertex 5.62518 16.5713 -16
      vertex 6.69695 16.1679 -17
      vertex 5.62518 16.5713 -17
    endloop
  endfacet
  facet normal 0.352261 0.935902 -0
    outer loop
      vertex 6.69695 16.1679 16
      vertex 5.62518 16.5713 17
      vertex 6.69695 16.1679 17
    endloop
  endfacet
  facet normal 0.352261 0.935902 0
    outer loop
      vertex 5.62518 16.5713 17
      vertex 6.69695 16.1679 16
      vertex 5.62518 16.5713 16
    endloop
  endfacet
  facet normal 0.290267 0.956946 -0
    outer loop
      vertex 5.62518 16.5713 -17
      vertex 4.52933 16.9037 -16
      vertex 5.62518 16.5713 -16
    endloop
  endfacet
  facet normal 0.290267 0.956946 0
    outer loop
      vertex 4.52933 16.9037 -16
      vertex 5.62518 16.5713 -17
      vertex 4.52933 16.9037 -17
    endloop
  endfacet
  facet normal 0.290267 0.956946 -0
    outer loop
      vertex 5.62518 16.5713 16
      vertex 4.52933 16.9037 17
      vertex 5.62518 16.5713 17
    endloop
  endfacet
  facet normal 0.290267 0.956946 0
    outer loop
      vertex 4.52933 16.9037 17
      vertex 5.62518 16.5713 16
      vertex 4.52933 16.9037 16
    endloop
  endfacet
  facet normal 0.227043 0.973885 -0
    outer loop
      vertex 4.52933 16.9037 -17
      vertex 3.41408 17.1637 -16
      vertex 4.52933 16.9037 -16
    endloop
  endfacet
  facet normal 0.227043 0.973885 0
    outer loop
      vertex 3.41408 17.1637 -16
      vertex 4.52933 16.9037 -17
      vertex 3.41408 17.1637 -17
    endloop
  endfacet
  facet normal 0.227043 0.973885 -0
    outer loop
      vertex 4.52933 16.9037 16
      vertex 3.41408 17.1637 17
      vertex 4.52933 16.9037 17
    endloop
  endfacet
  facet normal 0.227043 0.973885 0
    outer loop
      vertex 3.41408 17.1637 17
      vertex 4.52933 16.9037 16
      vertex 3.41408 17.1637 16
    endloop
  endfacet
  facet normal 0.162942 0.986636 -0
    outer loop
      vertex 3.41408 17.1637 -17
      vertex 2.28419 17.3503 -16
      vertex 3.41408 17.1637 -16
    endloop
  endfacet
  facet normal 0.162942 0.986636 0
    outer loop
      vertex 2.28419 17.3503 -16
      vertex 3.41408 17.1637 -17
      vertex 2.28419 17.3503 -17
    endloop
  endfacet
  facet normal 0.162942 0.986636 -0
    outer loop
      vertex 3.41408 17.1637 16
      vertex 2.28419 17.3503 17
      vertex 3.41408 17.1637 17
    endloop
  endfacet
  facet normal 0.162942 0.986636 0
    outer loop
      vertex 2.28419 17.3503 17
      vertex 3.41408 17.1637 16
      vertex 2.28419 17.3503 16
    endloop
  endfacet
  facet normal 0.0979784 0.995189 -0
    outer loop
      vertex 2.28419 17.3503 -17
      vertex 1.14455 17.4625 -16
      vertex 2.28419 17.3503 -16
    endloop
  endfacet
  facet normal 0.0979784 0.995189 0
    outer loop
      vertex 1.14455 17.4625 -16
      vertex 2.28419 17.3503 -17
      vertex 1.14455 17.4625 -17
    endloop
  endfacet
  facet normal 0.0979784 0.995189 -0
    outer loop
      vertex 2.28419 17.3503 16
      vertex 1.14455 17.4625 17
      vertex 2.28419 17.3503 17
    endloop
  endfacet
  facet normal 0.0979784 0.995189 0
    outer loop
      vertex 1.14455 17.4625 17
      vertex 2.28419 17.3503 16
      vertex 1.14455 17.4625 16
    endloop
  endfacet
  facet normal 0.0327464 0.999464 -0
    outer loop
      vertex 1.14455 17.4625 -17
      vertex 0 17.5 -16
      vertex 1.14455 17.4625 -16
    endloop
  endfacet
  facet normal 0.0327464 0.999464 0
    outer loop
      vertex 0 17.5 -16
      vertex 1.14455 17.4625 -17
      vertex 0 17.5 -17
    endloop
  endfacet
  facet normal 0.0327464 0.999464 -0
    outer loop
      vertex 1.14455 17.4625 16
      vertex 0 17.5 17
      vertex 1.14455 17.4625 17
    endloop
  endfacet
  facet normal 0.0327464 0.999464 0
    outer loop
      vertex 0 17.5 17
      vertex 1.14455 17.4625 16
      vertex 0 17.5 16
    endloop
  endfacet
  facet normal -0.0327464 0.999464 0
    outer loop
      vertex 0 17.5 -17
      vertex -1.14455 17.4625 -16
      vertex 0 17.5 -16
    endloop
  endfacet
  facet normal -0.0327464 0.999464 0
    outer loop
      vertex -1.14455 17.4625 -16
      vertex 0 17.5 -17
      vertex -1.14455 17.4625 -17
    endloop
  endfacet
  facet normal -0.0327464 0.999464 0
    outer loop
      vertex 0 17.5 16
      vertex -1.14455 17.4625 17
      vertex 0 17.5 17
    endloop
  endfacet
  facet normal -0.0327464 0.999464 0
    outer loop
      vertex -1.14455 17.4625 17
      vertex 0 17.5 16
      vertex -1.14455 17.4625 16
    endloop
  endfacet
  facet normal -0.0979784 0.995189 0
    outer loop
      vertex -1.14455 17.4625 -17
      vertex -2.28419 17.3503 -16
      vertex -1.14455 17.4625 -16
    endloop
  endfacet
  facet normal -0.0979784 0.995189 0
    outer loop
      vertex -2.28419 17.3503 -16
      vertex -1.14455 17.4625 -17
      vertex -2.28419 17.3503 -17
    endloop
  endfacet
  facet normal -0.0979784 0.995189 0
    outer loop
      vertex -1.14455 17.4625 16
      vertex -2.28419 17.3503 17
      vertex -1.14455 17.4625 17
    endloop
  endfacet
  facet normal -0.0979784 0.995189 0
    outer loop
      vertex -2.28419 17.3503 17
      vertex -1.14455 17.4625 16
      vertex -2.28419 17.3503 16
    endloop
  endfacet
  facet normal -0.162942 0.986636 0
    outer loop
      vertex -2.28419 17.3503 -17
      vertex -3.41408 17.1637 -16
      vertex -2.28419 17.3503 -16
    endloop
  endfacet
  facet normal -0.162942 0.986636 0
    outer loop
      vertex -3.41408 17.1637 -16
      vertex -2.28419 17.3503 -17
      vertex -3.41408 17.1637 -17
    endloop
  endfacet
  facet normal -0.162942 0.986636 0
    outer loop
      vertex -2.28419 17.3503 16
      vertex -3.41408 17.1637 17
      vertex -2.28419 17.3503 17
    endloop
  endfacet
  facet normal -0.162942 0.986636 0
    outer loop
      vertex -3.41408 17.1637 17
      vertex -2.28419 17.3503 16
      vertex -3.41408 17.1637 16
    endloop
  endfacet
  facet normal -0.227043 0.973885 0
    outer loop
      vertex -3.41408 17.1637 -17
      vertex -4.52933 16.9037 -16
      vertex -3.41408 17.1637 -16
    endloop
  endfacet
  facet normal -0.227043 0.973885 0
    outer loop
      vertex -4.52933 16.9037 -16
      vertex -3.41408 17.1637 -17
      vertex -4.52933 16.9037 -17
    endloop
  endfacet
  facet normal -0.227043 0.973885 0
    outer loop
      vertex -3.41408 17.1637 16
      vertex -4.52933 16.9037 17
      vertex -3.41408 17.1637 17
    endloop
  endfacet
  facet normal -0.227043 0.973885 0
    outer loop
      vertex -4.52933 16.9037 17
      vertex -3.41408 17.1637 16
      vertex -4.52933 16.9037 16
    endloop
  endfacet
  facet normal -0.290267 0.956946 0
    outer loop
      vertex -4.52933 16.9037 -17
      vertex -5.62518 16.5713 -16
      vertex -4.52933 16.9037 -16
    endloop
  endfacet
  facet normal -0.290267 0.956946 0
    outer loop
      vertex -5.62518 16.5713 -16
      vertex -4.52933 16.9037 -17
      vertex -5.62518 16.5713 -17
    endloop
  endfacet
  facet normal -0.290267 0.956946 0
    outer loop
      vertex -4.52933 16.9037 16
      vertex -5.62518 16.5713 17
      vertex -4.52933 16.9037 17
    endloop
  endfacet
  facet normal -0.290267 0.956946 0
    outer loop
      vertex -5.62518 16.5713 17
      vertex -4.52933 16.9037 16
      vertex -5.62518 16.5713 16
    endloop
  endfacet
  facet normal -0.352261 0.935902 0
    outer loop
      vertex -5.62518 16.5713 -17
      vertex -6.69695 16.1679 -16
      vertex -5.62518 16.5713 -16
    endloop
  endfacet
  facet normal -0.352261 0.935902 0
    outer loop
      vertex -6.69695 16.1679 -16
      vertex -5.62518 16.5713 -17
      vertex -6.69695 16.1679 -17
    endloop
  endfacet
  facet normal -0.352261 0.935902 0
    outer loop
      vertex -5.62518 16.5713 16
      vertex -6.69695 16.1679 17
      vertex -5.62518 16.5713 17
    endloop
  endfacet
  facet normal -0.352261 0.935902 0
    outer loop
      vertex -6.69695 16.1679 17
      vertex -5.62518 16.5713 16
      vertex -6.69695 16.1679 16
    endloop
  endfacet
  facet normal -0.412691 0.910871 0
    outer loop
      vertex -6.69695 16.1679 -17
      vertex -7.74005 15.6953 -16
      vertex -6.69695 16.1679 -16
    endloop
  endfacet
  facet normal -0.412691 0.910871 0
    outer loop
      vertex -7.74005 15.6953 -16
      vertex -6.69695 16.1679 -17
      vertex -7.74005 15.6953 -17
    endloop
  endfacet
  facet normal -0.412691 0.910871 0
    outer loop
      vertex -6.69695 16.1679 16
      vertex -7.74005 15.6953 17
      vertex -6.69695 16.1679 17
    endloop
  endfacet
  facet normal -0.412691 0.910871 0
    outer loop
      vertex -7.74005 15.6953 17
      vertex -6.69695 16.1679 16
      vertex -7.74005 15.6953 16
    endloop
  endfacet
  facet normal -0.471445 0.881896 0
    outer loop
      vertex -7.74005 15.6953 -17
      vertex -8.75 15.1554 -16
      vertex -7.74005 15.6953 -16
    endloop
  endfacet
  facet normal -0.471445 0.881896 0
    outer loop
      vertex -8.75 15.1554 -16
      vertex -7.74005 15.6953 -17
      vertex -8.75 15.1554 -17
    endloop
  endfacet
  facet normal -0.471445 0.881896 0
    outer loop
      vertex -7.74005 15.6953 16
      vertex -8.75 15.1554 17
      vertex -7.74005 15.6953 17
    endloop
  endfacet
  facet normal -0.471445 0.881896 0
    outer loop
      vertex -8.75 15.1554 17
      vertex -7.74005 15.6953 16
      vertex -8.75 15.1554 16
    endloop
  endfacet
  facet normal -0.528055 0.84921 0
    outer loop
      vertex -8.75 15.1554 -17
      vertex -9.72247 14.5507 -16
      vertex -8.75 15.1554 -16
    endloop
  endfacet
  facet normal -0.528055 0.84921 0
    outer loop
      vertex -9.72247 14.5507 -16
      vertex -8.75 15.1554 -17
      vertex -9.72247 14.5507 -17
    endloop
  endfacet
  facet normal -0.528055 0.84921 0
    outer loop
      vertex -8.75 15.1554 16
      vertex -9.72247 14.5507 17
      vertex -8.75 15.1554 17
    endloop
  endfacet
  facet normal -0.528055 0.84921 0
    outer loop
      vertex -9.72247 14.5507 17
      vertex -8.75 15.1554 16
      vertex -9.72247 14.5507 16
    endloop
  endfacet
  facet normal -0.582464 0.812856 0
    outer loop
      vertex -9.72247 14.5507 -17
      vertex -10.6533 13.8837 -16
      vertex -9.72247 14.5507 -16
    endloop
  endfacet
  facet normal -0.582464 0.812856 0
    outer loop
      vertex -10.6533 13.8837 -16
      vertex -9.72247 14.5507 -17
      vertex -10.6533 13.8837 -17
    endloop
  endfacet
  facet normal -0.582464 0.812856 0
    outer loop
      vertex -9.72247 14.5507 16
      vertex -10.6533 13.8837 17
      vertex -9.72247 14.5507 17
    endloop
  endfacet
  facet normal -0.582464 0.812856 0
    outer loop
      vertex -10.6533 13.8837 17
      vertex -9.72247 14.5507 16
      vertex -10.6533 13.8837 16
    endloop
  endfacet
  facet normal -0.634412 0.772995 0
    outer loop
      vertex -10.6533 13.8837 -17
      vertex -11.5385 13.1572 -16
      vertex -10.6533 13.8837 -16
    endloop
  endfacet
  facet normal -0.634412 0.772995 0
    outer loop
      vertex -11.5385 13.1572 -16
      vertex -10.6533 13.8837 -17
      vertex -11.5385 13.1572 -17
    endloop
  endfacet
  facet normal -0.634412 0.772995 0
    outer loop
      vertex -10.6533 13.8837 16
      vertex -11.5385 13.1572 17
      vertex -10.6533 13.8837 17
    endloop
  endfacet
  facet normal -0.634412 0.772995 0
    outer loop
      vertex -11.5385 13.1572 17
      vertex -10.6533 13.8837 16
      vertex -11.5385 13.1572 16
    endloop
  endfacet
  facet normal -0.683543 0.72991 0
    outer loop
      vertex -11.5385 13.1572 -17
      vertex -12.3744 12.3744 -16
      vertex -11.5385 13.1572 -16
    endloop
  endfacet
  facet normal -0.683543 0.72991 0
    outer loop
      vertex -12.3744 12.3744 -16
      vertex -11.5385 13.1572 -17
      vertex -12.3744 12.3744 -17
    endloop
  endfacet
  facet normal -0.683543 0.72991 0
    outer loop
      vertex -11.5385 13.1572 16
      vertex -12.3744 12.3744 17
      vertex -11.5385 13.1572 17
    endloop
  endfacet
  facet normal -0.683543 0.72991 0
    outer loop
      vertex -12.3744 12.3744 17
      vertex -11.5385 13.1572 16
      vertex -12.3744 12.3744 16
    endloop
  endfacet
  facet normal -0.72991 0.683543 0
    outer loop
      vertex -13.1572 11.5385 -17
      vertex -12.3744 12.3744 -16
      vertex -12.3744 12.3744 -17
    endloop
  endfacet
  facet normal -0.72991 0.683543 0
    outer loop
      vertex -12.3744 12.3744 -16
      vertex -13.1572 11.5385 -17
      vertex -13.1572 11.5385 -16
    endloop
  endfacet
  facet normal -0.72991 0.683543 0
    outer loop
      vertex -13.1572 11.5385 16
      vertex -12.3744 12.3744 17
      vertex -12.3744 12.3744 16
    endloop
  endfacet
  facet normal -0.72991 0.683543 0
    outer loop
      vertex -12.3744 12.3744 17
      vertex -13.1572 11.5385 16
      vertex -13.1572 11.5385 17
    endloop
  endfacet
  facet normal -0.772972 0.63444 0
    outer loop
      vertex -13.1572 11.5385 -17
      vertex -13.1888 11.5 -16
      vertex -13.1572 11.5385 -16
    endloop
  endfacet
  facet normal -0.772995 0.634412 -1.80761e-06
    outer loop
      vertex -13.8837 10.6533 -17
      vertex -13.1888 11.5 -16
      vertex -13.1572 11.5385 -17
    endloop
  endfacet
  facet normal -0.772996 0.63441 0
    outer loop
      vertex -13.8837 10.6533 -8.35
      vertex -13.1888 11.5 -16
      vertex -13.8837 10.6533 -17
    endloop
  endfacet
  facet normal -0.772996 0.63441 0
    outer loop
      vertex -13.1888 11.5 -16
      vertex -13.8837 10.6533 -8.35
      vertex -13.1888 11.5 -8.35
    endloop
  endfacet
  facet normal -0.772996 0.63441 0
    outer loop
      vertex -13.1888 11.5 8.35
      vertex -13.8837 10.6533 8.35
      vertex -13.1888 11.5 16
    endloop
  endfacet
  facet normal -0.772972 0.63444 0
    outer loop
      vertex -13.1888 11.5 16
      vertex -13.1572 11.5385 17
      vertex -13.1572 11.5385 16
    endloop
  endfacet
  facet normal -0.772996 0.63441 0
    outer loop
      vertex -13.8837 10.6533 17
      vertex -13.1888 11.5 16
      vertex -13.8837 10.6533 8.35
    endloop
  endfacet
  facet normal -0.772995 0.634412 1.80761e-06
    outer loop
      vertex -13.1888 11.5 16
      vertex -13.8837 10.6533 17
      vertex -13.1572 11.5385 17
    endloop
  endfacet
  facet normal -0.772996 0.63441 0
    outer loop
      vertex -13.8837 10.6533 -6.35
      vertex -13.1888 11.5 -6.0067
      vertex -13.1888 11.5 -6.35
    endloop
  endfacet
  facet normal -0.772968 0.634445 -0.000145057
    outer loop
      vertex -13.1888 11.5 -6.0067
      vertex -13.8837 10.6533 -6.35
      vertex -13.3963 11.2473 -5.54891
    endloop
  endfacet
  facet normal -0.773065 0.634326 2.91559e-06
    outer loop
      vertex -13.3963 11.2473 -5.54891
      vertex -13.8837 10.6533 -6.35
      vertex -13.7305 10.84 -4.66087
    endloop
  endfacet
  facet normal -0.773053 0.634342 0
    outer loop
      vertex -13.7305 10.84 -4.66087
      vertex -13.8837 10.6533 -6.35
      vertex -13.8837 10.6533 -4.15585
    endloop
  endfacet
  facet normal -0.772968 0.634445 0.000145057
    outer loop
      vertex -13.8837 10.6533 6.35
      vertex -13.1888 11.5 6.0067
      vertex -13.3963 11.2473 5.54891
    endloop
  endfacet
  facet normal -0.773065 0.634326 -2.91559e-06
    outer loop
      vertex -13.8837 10.6533 6.35
      vertex -13.3963 11.2473 5.54891
      vertex -13.7305 10.84 4.66087
    endloop
  endfacet
  facet normal -0.772996 0.63441 0
    outer loop
      vertex -13.1888 11.5 6.0067
      vertex -13.8837 10.6533 6.35
      vertex -13.1888 11.5 6.35
    endloop
  endfacet
  facet normal -0.773053 0.634342 0
    outer loop
      vertex -13.8837 10.6533 6.35
      vertex -13.7305 10.84 4.66087
      vertex -13.8837 10.6533 4.15585
    endloop
  endfacet
  facet normal -0.812856 0.582464 0
    outer loop
      vertex -14.5507 9.72247 -17
      vertex -13.8837 10.6533 -8.35
      vertex -13.8837 10.6533 -17
    endloop
  endfacet
  facet normal -0.812856 0.582464 0
    outer loop
      vertex -13.8837 10.6533 -8.35
      vertex -14.5507 9.72247 -17
      vertex -14.5507 9.72247 -8.35
    endloop
  endfacet
  facet normal -0.812856 0.582464 0
    outer loop
      vertex -14.5507 9.72247 8.35
      vertex -13.8837 10.6533 17
      vertex -13.8837 10.6533 8.35
    endloop
  endfacet
  facet normal -0.812856 0.582464 0
    outer loop
      vertex -13.8837 10.6533 17
      vertex -14.5507 9.72247 8.35
      vertex -14.5507 9.72247 17
    endloop
  endfacet
  facet normal -0.812856 0.582464 0
    outer loop
      vertex -14.5507 9.72247 -6.35
      vertex -13.8837 10.6533 -4.15585
      vertex -13.8837 10.6533 -6.35
    endloop
  endfacet
  facet normal -0.812908 0.582392 4.63977e-05
    outer loop
      vertex -13.8837 10.6533 -4.15585
      vertex -14.5507 9.72247 -6.35
      vertex -14.0059 10.4827 -3.75288
    endloop
  endfacet
  facet normal -0.812826 0.582507 -4.49573e-06
    outer loop
      vertex -14.0059 10.4827 -3.75288
      vertex -14.5507 9.72247 -6.35
      vertex -14.2214 10.182 -2.82881
    endloop
  endfacet
  facet normal -0.813209 0.581972 7.77211e-06
    outer loop
      vertex -14.469 9.83656 -0.948345
      vertex -14.5507 9.72247 -6.35
      vertex -14.5 9.79323 0
    endloop
  endfacet
  facet normal -0.812631 0.582779 -1.80206e-05
    outer loop
      vertex -14.3759 9.96635 -1.89263
      vertex -14.5507 9.72247 -6.35
      vertex -14.469 9.83656 -0.948345
    endloop
  endfacet
  facet normal -0.812882 0.582428 1.1043e-05
    outer loop
      vertex -14.2214 10.182 -2.82881
      vertex -14.5507 9.72247 -6.35
      vertex -14.3759 9.96635 -1.89263
    endloop
  endfacet
  facet normal -0.812908 0.582392 -4.63977e-05
    outer loop
      vertex -14.5507 9.72247 6.35
      vertex -13.8837 10.6533 4.15585
      vertex -14.0059 10.4827 3.75288
    endloop
  endfacet
  facet normal -0.812826 0.582507 4.49573e-06
    outer loop
      vertex -14.5507 9.72247 6.35
      vertex -14.0059 10.4827 3.75288
      vertex -14.2214 10.182 2.82881
    endloop
  endfacet
  facet normal -0.812882 0.582428 -1.1043e-05
    outer loop
      vertex -14.5507 9.72247 6.35
      vertex -14.2214 10.182 2.82881
      vertex -14.3759 9.96635 1.89263
    endloop
  endfacet
  facet normal -0.812856 0.582464 0
    outer loop
      vertex -13.8837 10.6533 4.15585
      vertex -14.5507 9.72247 6.35
      vertex -13.8837 10.6533 6.35
    endloop
  endfacet
  facet normal -0.812631 0.582779 1.80206e-05
    outer loop
      vertex -14.469 9.83656 0.948345
      vertex -14.5507 9.72247 6.35
      vertex -14.3759 9.96635 1.89263
    endloop
  endfacet
  facet normal -0.813209 0.581972 -7.77211e-06
    outer loop
      vertex -14.5 9.79323 0
      vertex -14.5507 9.72247 6.35
      vertex -14.469 9.83656 0.948345
    endloop
  endfacet
  facet normal -0.812879 0.582433 0
    outer loop
      vertex -14.5507 9.72247 6.35
      vertex -14.5 9.79323 0
      vertex -14.5507 9.72247 -6.35
    endloop
  endfacet
  facet normal -0.84921 0.528055 0
    outer loop
      vertex -15.1554 8.75 -17
      vertex -14.5507 9.72247 -8.35
      vertex -14.5507 9.72247 -17
    endloop
  endfacet
  facet normal -0.84921 0.528055 0
    outer loop
      vertex -14.5507 9.72247 -8.35
      vertex -15.1554 8.75 -17
      vertex -15.1554 8.75 -8.35
    endloop
  endfacet
  facet normal -0.84921 0.528055 0
    outer loop
      vertex -15.1554 8.75 8.35
      vertex -14.5507 9.72247 17
      vertex -14.5507 9.72247 8.35
    endloop
  endfacet
  facet normal -0.84921 0.528055 0
    outer loop
      vertex -14.5507 9.72247 17
      vertex -15.1554 8.75 8.35
      vertex -15.1554 8.75 17
    endloop
  endfacet
  facet normal -0.84921 0.528055 0
    outer loop
      vertex -15.1554 8.75 -6.35
      vertex -14.5507 9.72247 6.35
      vertex -14.5507 9.72247 -6.35
    endloop
  endfacet
  facet normal -0.84921 0.528055 0
    outer loop
      vertex -14.5507 9.72247 6.35
      vertex -15.1554 8.75 -6.35
      vertex -15.1554 8.75 6.35
    endloop
  endfacet
  facet normal -0.881896 0.471445 0
    outer loop
      vertex -15.6953 7.74005 -17
      vertex -15.1554 8.75 -8.35
      vertex -15.1554 8.75 -17
    endloop
  endfacet
  facet normal -0.881896 0.471445 0
    outer loop
      vertex -15.1554 8.75 -8.35
      vertex -15.6953 7.74005 -17
      vertex -15.6953 7.74005 -8.35
    endloop
  endfacet
  facet normal -0.881896 0.471445 0
    outer loop
      vertex -15.6953 7.74005 8.35
      vertex -15.1554 8.75 17
      vertex -15.1554 8.75 8.35
    endloop
  endfacet
  facet normal -0.881896 0.471445 0
    outer loop
      vertex -15.1554 8.75 17
      vertex -15.6953 7.74005 8.35
      vertex -15.6953 7.74005 17
    endloop
  endfacet
  facet normal -0.881896 0.471445 0
    outer loop
      vertex -15.6953 7.74005 -6.35
      vertex -15.1554 8.75 6.35
      vertex -15.1554 8.75 -6.35
    endloop
  endfacet
  facet normal -0.881896 0.471445 0
    outer loop
      vertex -15.1554 8.75 6.35
      vertex -15.6953 7.74005 -6.35
      vertex -15.6953 7.74005 6.35
    endloop
  endfacet
  facet normal -0.910871 0.412691 0
    outer loop
      vertex -16.1679 6.69695 -17
      vertex -15.6953 7.74005 -8.35
      vertex -15.6953 7.74005 -17
    endloop
  endfacet
  facet normal -0.910871 0.412691 0
    outer loop
      vertex -15.6953 7.74005 -8.35
      vertex -16.1679 6.69695 -17
      vertex -16.1679 6.69695 -8.35
    endloop
  endfacet
  facet normal -0.910871 0.412691 0
    outer loop
      vertex -16.1679 6.69695 8.35
      vertex -15.6953 7.74005 17
      vertex -15.6953 7.74005 8.35
    endloop
  endfacet
  facet normal -0.910871 0.412691 0
    outer loop
      vertex -15.6953 7.74005 17
      vertex -16.1679 6.69695 8.35
      vertex -16.1679 6.69695 17
    endloop
  endfacet
  facet normal -0.910871 0.412691 0
    outer loop
      vertex -16.1679 6.69695 -6.35
      vertex -15.6953 7.74005 6.35
      vertex -15.6953 7.74005 -6.35
    endloop
  endfacet
  facet normal -0.910871 0.412691 0
    outer loop
      vertex -15.6953 7.74005 6.35
      vertex -16.1679 6.69695 -6.35
      vertex -16.1679 6.69695 6.35
    endloop
  endfacet
  facet normal -0.935902 0.352261 0
    outer loop
      vertex -16.5713 5.62518 -17
      vertex -16.1679 6.69695 -8.35
      vertex -16.1679 6.69695 -17
    endloop
  endfacet
  facet normal -0.935902 0.352261 0
    outer loop
      vertex -16.1679 6.69695 -8.35
      vertex -16.5713 5.62518 -17
      vertex -16.5713 5.62518 -8.35
    endloop
  endfacet
  facet normal -0.935902 0.352261 0
    outer loop
      vertex -16.5713 5.62518 8.35
      vertex -16.1679 6.69695 17
      vertex -16.1679 6.69695 8.35
    endloop
  endfacet
  facet normal -0.935902 0.352261 0
    outer loop
      vertex -16.1679 6.69695 17
      vertex -16.5713 5.62518 8.35
      vertex -16.5713 5.62518 17
    endloop
  endfacet
  facet normal -0.935902 0.352261 0
    outer loop
      vertex -16.5713 5.62518 -6.35
      vertex -16.1679 6.69695 6.35
      vertex -16.1679 6.69695 -6.35
    endloop
  endfacet
  facet normal -0.935902 0.352261 0
    outer loop
      vertex -16.1679 6.69695 6.35
      vertex -16.5713 5.62518 -6.35
      vertex -16.5713 5.62518 6.35
    endloop
  endfacet
  facet normal -0.956946 0.290267 0
    outer loop
      vertex -16.9037 4.52933 -17
      vertex -16.5713 5.62518 -8.35
      vertex -16.5713 5.62518 -17
    endloop
  endfacet
  facet normal -0.956946 0.290267 0
    outer loop
      vertex -16.5713 5.62518 -8.35
      vertex -16.9037 4.52933 -17
      vertex -16.9037 4.52933 -8.35
    endloop
  endfacet
  facet normal -0.956946 0.290267 0
    outer loop
      vertex -16.9037 4.52933 8.35
      vertex -16.5713 5.62518 17
      vertex -16.5713 5.62518 8.35
    endloop
  endfacet
  facet normal -0.956946 0.290267 0
    outer loop
      vertex -16.5713 5.62518 17
      vertex -16.9037 4.52933 8.35
      vertex -16.9037 4.52933 17
    endloop
  endfacet
  facet normal -0.956946 0.290267 0
    outer loop
      vertex -16.9037 4.52933 -6.35
      vertex -16.5713 5.62518 6.35
      vertex -16.5713 5.62518 -6.35
    endloop
  endfacet
  facet normal -0.956946 0.290267 0
    outer loop
      vertex -16.5713 5.62518 6.35
      vertex -16.9037 4.52933 -6.35
      vertex -16.9037 4.52933 6.35
    endloop
  endfacet
  facet normal -0.257973 -0.966152 -0
    outer loop
      vertex -16.9037 4.52933 -8.35
      vertex -16.9037 4.52933 -17
      vertex -16.894 4.52674 -8.35
    endloop
  endfacet
  facet normal -0.257973 -0.966152 0.000693706
    outer loop
      vertex -14.2214 3.8106 2.82881
      vertex -16.894 4.52674 6.35
      vertex -16.9037 4.52933 6.35
    endloop
  endfacet
  facet normal -0.258821 -0.965925 0
    outer loop
      vertex -16.894 4.52674 6.35
      vertex -14.0059 3.75287 3.75288
      vertex -14.0059 3.75287 3.75289
    endloop
  endfacet
  facet normal -0.258811 -0.965928 1.166e-05
    outer loop
      vertex -16.894 4.52674 6.35
      vertex -14.2214 3.8106 2.82881
      vertex -14.0059 3.75287 3.75288
    endloop
  endfacet
  facet normal -0.258844 -0.965919 -1.80468e-05
    outer loop
      vertex -16.9037 4.52933 6.35
      vertex -14.3759 3.85202 1.89263
      vertex -14.2214 3.8106 2.82881
    endloop
  endfacet
  facet normal -0.258778 -0.965937 2.23339e-05
    outer loop
      vertex -16.9037 4.52933 6.35
      vertex -14.469 3.87694 0.948345
      vertex -14.3759 3.85202 1.89263
    endloop
  endfacet
  facet normal -0.258851 -0.965917 -1.27211e-05
    outer loop
      vertex -16.9037 4.52933 6.35
      vertex -14.5 3.88526 0
      vertex -14.469 3.87694 0.948345
    endloop
  endfacet
  facet normal -0.258819 -0.965926 0
    outer loop
      vertex -16.9037 4.52933 -6.35
      vertex -14.5 3.88526 0
      vertex -16.9037 4.52933 6.35
    endloop
  endfacet
  facet normal -0.258851 -0.965917 1.27211e-05
    outer loop
      vertex -14.5 3.88526 0
      vertex -16.9037 4.52933 -6.35
      vertex -14.469 3.87694 -0.948345
    endloop
  endfacet
  facet normal -0.258778 -0.965937 -2.23339e-05
    outer loop
      vertex -14.469 3.87694 -0.948345
      vertex -16.9037 4.52933 -6.35
      vertex -14.3759 3.85202 -1.89263
    endloop
  endfacet
  facet normal -0.258844 -0.965919 1.80468e-05
    outer loop
      vertex -14.3759 3.85202 -1.89263
      vertex -16.9037 4.52933 -6.35
      vertex -14.2214 3.8106 -2.82881
    endloop
  endfacet
  facet normal -0.257973 -0.966152 -0.000693706
    outer loop
      vertex -16.894 4.52674 -6.35
      vertex -14.2214 3.8106 -2.82881
      vertex -16.9037 4.52933 -6.35
    endloop
  endfacet
  facet normal -0.258811 -0.965928 -1.166e-05
    outer loop
      vertex -14.2214 3.8106 -2.82881
      vertex -16.894 4.52674 -6.35
      vertex -14.0059 3.75287 -3.75288
    endloop
  endfacet
  facet normal -0.258821 -0.965925 -0
    outer loop
      vertex -14.0059 3.75287 -3.75288
      vertex -16.894 4.52674 -6.35
      vertex -14.0059 3.75287 -3.75289
    endloop
  endfacet
  facet normal -0.258821 -0.965925 0
    outer loop
      vertex -16.894 4.52674 -8.35
      vertex -14.0059 3.75287 -3.75289
      vertex -16.894 4.52674 -6.35
    endloop
  endfacet
  facet normal -0.258818 -0.965926 1.01579e-06
    outer loop
      vertex -14.0059 3.75287 -17
      vertex -16.894 4.52674 -8.35
      vertex -16.9037 4.52933 -17
    endloop
  endfacet
  facet normal -0.258821 -0.965925 0
    outer loop
      vertex -16.894 4.52674 -8.35
      vertex -14.0059 3.75287 -17
      vertex -14.0059 3.75287 -3.75289
    endloop
  endfacet
  facet normal -0.257973 -0.966152 0
    outer loop
      vertex -16.894 4.52674 8.35
      vertex -16.9037 4.52933 17
      vertex -16.9037 4.52933 8.35
    endloop
  endfacet
  facet normal -0.258818 -0.965926 -1.01579e-06
    outer loop
      vertex -16.9037 4.52933 17
      vertex -16.894 4.52674 8.35
      vertex -14.0059 3.75287 17
    endloop
  endfacet
  facet normal -0.258821 -0.965925 0
    outer loop
      vertex -14.0059 3.75287 3.75289
      vertex -16.894 4.52674 8.35
      vertex -16.894 4.52674 6.35
    endloop
  endfacet
  facet normal -0.258821 -0.965925 0
    outer loop
      vertex -16.894 4.52674 8.35
      vertex -14.0059 3.75287 3.75289
      vertex -14.0059 3.75287 17
    endloop
  endfacet
  facet normal 0.999568 -0.0207805 -0.0207805
    outer loop
      vertex -14.0059 3.75287 -17
      vertex -13.7305 4.66086 -4.66088
      vertex -13.7305 4.66085 -4.66087
    endloop
  endfacet
  facet normal 0.95695 -0.290253 0
    outer loop
      vertex -14.0059 3.75287 -17
      vertex -13.7305 4.66085 -4.66087
      vertex -14.0059 3.75287 -3.75289
    endloop
  endfacet
  facet normal 0.956951 -0.29025 0
    outer loop
      vertex -13.7305 4.66086 -4.66088
      vertex -14.0059 3.75287 -17
      vertex -13.7305 4.66086 -17
    endloop
  endfacet
  facet normal 0.956951 -0.29025 0
    outer loop
      vertex -14.0059 3.75287 17
      vertex -13.7305 4.66086 4.66088
      vertex -13.7305 4.66086 17
    endloop
  endfacet
  facet normal 0.999568 -0.0207805 0.0207805
    outer loop
      vertex -13.7305 4.66086 4.66088
      vertex -14.0059 3.75287 17
      vertex -13.7305 4.66085 4.66087
    endloop
  endfacet
  facet normal 0.95695 -0.290253 0
    outer loop
      vertex -13.7305 4.66085 4.66087
      vertex -14.0059 3.75287 17
      vertex -14.0059 3.75287 3.75289
    endloop
  endfacet
  facet normal 0.30453 -0.950295 0.0648059
    outer loop
      vertex -13.7305 4.66086 -17
      vertex -13.3962 5.5489 -5.54894
      vertex -13.3963 5.54887 -5.54891
    endloop
  endfacet
  facet normal 0.935914 -0.352229 0
    outer loop
      vertex -13.7305 4.66086 -17
      vertex -13.3963 5.54887 -5.54891
      vertex -13.7305 4.66086 -4.66088
    endloop
  endfacet
  facet normal 0.935883 -0.35231 0
    outer loop
      vertex -13.3962 5.5489 -5.54894
      vertex -13.7305 4.66086 -17
      vertex -13.3962 5.5489 -17
    endloop
  endfacet
  facet normal 0.935883 -0.35231 0
    outer loop
      vertex -13.7305 4.66086 17
      vertex -13.3962 5.5489 5.54894
      vertex -13.3962 5.5489 17
    endloop
  endfacet
  facet normal 0.30453 -0.950295 -0.0648059
    outer loop
      vertex -13.3962 5.5489 5.54894
      vertex -13.7305 4.66086 17
      vertex -13.3963 5.54887 5.54891
    endloop
  endfacet
  facet normal 0.935914 -0.352229 0
    outer loop
      vertex -13.3963 5.54887 5.54891
      vertex -13.7305 4.66086 17
      vertex -13.7305 4.66086 4.66088
    endloop
  endfacet
  facet normal 0.910904 -0.412619 0
    outer loop
      vertex -13.3962 5.5489 -17
      vertex -13.0047 6.41318 -6.41319
      vertex -13.3962 5.5489 -5.54894
    endloop
  endfacet
  facet normal 0.910904 -0.412619 0
    outer loop
      vertex -13.0047 6.41318 -6.41319
      vertex -13.3962 5.5489 -17
      vertex -13.0047 6.41318 -17
    endloop
  endfacet
  facet normal 0.910904 -0.412619 0
    outer loop
      vertex -13.3962 5.5489 17
      vertex -13.0047 6.41318 6.41319
      vertex -13.0047 6.41318 17
    endloop
  endfacet
  facet normal 0.910904 -0.412619 0
    outer loop
      vertex -13.0047 6.41318 6.41319
      vertex -13.3962 5.5489 17
      vertex -13.3962 5.5489 5.54894
    endloop
  endfacet
  facet normal 0.99822 -0.0421755 -0.0421755
    outer loop
      vertex -13.0047 6.41318 -17
      vertex -12.5574 7.25 -7.25002
      vertex -12.5574 7.24998 -7.25
    endloop
  endfacet
  facet normal 0.881912 -0.471414 0
    outer loop
      vertex -13.0047 6.41318 -17
      vertex -12.5574 7.24998 -7.25
      vertex -13.0047 6.41318 -6.41319
    endloop
  endfacet
  facet normal 0.881917 -0.471405 0
    outer loop
      vertex -12.5574 7.25 -7.25002
      vertex -13.0047 6.41318 -17
      vertex -12.5574 7.25 -17
    endloop
  endfacet
  facet normal 0.881917 -0.471405 0
    outer loop
      vertex -13.0047 6.41318 17
      vertex -12.5574 7.25 7.25002
      vertex -12.5574 7.25 17
    endloop
  endfacet
  facet normal 0.99822 -0.0421755 0.0421755
    outer loop
      vertex -12.5574 7.25 7.25002
      vertex -13.0047 6.41318 17
      vertex -12.5574 7.24998 7.25
    endloop
  endfacet
  facet normal 0.881912 -0.471414 0
    outer loop
      vertex -12.5574 7.24998 7.25
      vertex -13.0047 6.41318 17
      vertex -13.0047 6.41318 6.41319
    endloop
  endfacet
  facet normal 0.998434 0 -0.0559372
    outer loop
      vertex -12.5574 7.25 -17
      vertex -12.0563 8.05576 -8.05577
      vertex -12.0563 8.05575 -8.05577
    endloop
  endfacet
  facet normal 0.849177 -0.528108 0
    outer loop
      vertex -12.5574 7.25 -17
      vertex -12.0563 8.05575 -8.05577
      vertex -12.5574 7.25 -7.25002
    endloop
  endfacet
  facet normal 0.84918 -0.528103 0
    outer loop
      vertex -12.0563 8.05576 -8.05577
      vertex -12.5574 7.25 -17
      vertex -12.0563 8.05576 -17
    endloop
  endfacet
  facet normal 0.84918 -0.528103 0
    outer loop
      vertex -12.5574 7.25 17
      vertex -12.0563 8.05576 8.05577
      vertex -12.0563 8.05576 17
    endloop
  endfacet
  facet normal 0.998434 0 0.0559372
    outer loop
      vertex -12.0563 8.05576 8.05577
      vertex -12.5574 7.25 17
      vertex -12.0563 8.05575 8.05577
    endloop
  endfacet
  facet normal 0.849177 -0.528108 0
    outer loop
      vertex -12.0563 8.05575 8.05577
      vertex -12.5574 7.25 17
      vertex -12.5574 7.25 7.25002
    endloop
  endfacet
  facet normal 0.996203 -0.0615595 -0.0615595
    outer loop
      vertex -12.0563 8.05576 -17
      vertex -11.5036 8.82703 -8.82705
      vertex -11.5036 8.82702 -8.82704
    endloop
  endfacet
  facet normal 0.812835 -0.582494 0
    outer loop
      vertex -12.0563 8.05576 -17
      vertex -11.5036 8.82702 -8.82704
      vertex -12.0563 8.05576 -8.05577
    endloop
  endfacet
  facet normal 0.812839 -0.582489 0
    outer loop
      vertex -11.5036 8.82703 -8.82705
      vertex -12.0563 8.05576 -17
      vertex -11.5036 8.82703 -17
    endloop
  endfacet
  facet normal 0.812839 -0.582489 0
    outer loop
      vertex -12.0563 8.05576 17
      vertex -11.5036 8.82703 8.82705
      vertex -11.5036 8.82703 17
    endloop
  endfacet
  facet normal 0.996203 -0.0615595 0.0615595
    outer loop
      vertex -11.5036 8.82703 8.82705
      vertex -12.0563 8.05576 17
      vertex -11.5036 8.82702 8.82704
    endloop
  endfacet
  facet normal 0.812835 -0.582494 0
    outer loop
      vertex -11.5036 8.82702 8.82704
      vertex -12.0563 8.05576 17
      vertex -12.0563 8.05576 8.05577
    endloop
  endfacet
  facet normal 0.773033 -0.634366 0
    outer loop
      vertex -11.5036 8.82703 -17
      vertex -10.9017 9.5605 -9.56052
      vertex -10.9017 9.5605 -9.56051
    endloop
  endfacet
  facet normal 0.773033 -0.634366 0
    outer loop
      vertex -11.5036 8.82703 -17
      vertex -10.9017 9.5605 -9.56051
      vertex -11.5036 8.82703 -8.82705
    endloop
  endfacet
  facet normal 0.773033 -0.634366 0
    outer loop
      vertex -10.9017 9.5605 -9.56052
      vertex -11.5036 8.82703 -17
      vertex -10.9017 9.5605 -17
    endloop
  endfacet
  facet normal 0.773033 -0.634366 0
    outer loop
      vertex -11.5036 8.82703 17
      vertex -10.9017 9.5605 9.56052
      vertex -10.9017 9.5605 17
    endloop
  endfacet
  facet normal 0.773033 -0.634366 0
    outer loop
      vertex -10.9017 9.5605 9.56052
      vertex -11.5036 8.82703 17
      vertex -10.9017 9.5605 9.56051
    endloop
  endfacet
  facet normal 0.773033 -0.634366 0
    outer loop
      vertex -10.9017 9.5605 9.56051
      vertex -11.5036 8.82703 17
      vertex -11.5036 8.82703 8.82705
    endloop
  endfacet
  facet normal 0.72981 -0.68365 0
    outer loop
      vertex -10.9017 9.5605 -17
      vertex -10.253 10.253 -10.2531
      vertex -10.253 10.253 -10.253
    endloop
  endfacet
  facet normal 0.72981 -0.68365 0
    outer loop
      vertex -10.9017 9.5605 -17
      vertex -10.253 10.253 -10.253
      vertex -10.9017 9.5605 -9.56052
    endloop
  endfacet
  facet normal 0.72981 -0.68365 0
    outer loop
      vertex -10.253 10.253 -10.2531
      vertex -10.9017 9.5605 -17
      vertex -10.253 10.253 -17
    endloop
  endfacet
  facet normal 0.72981 -0.68365 0
    outer loop
      vertex -10.9017 9.5605 17
      vertex -10.253 10.253 10.2531
      vertex -10.253 10.253 17
    endloop
  endfacet
  facet normal 0.72981 -0.68365 0
    outer loop
      vertex -10.253 10.253 10.2531
      vertex -10.9017 9.5605 17
      vertex -10.253 10.253 10.253
    endloop
  endfacet
  facet normal 0.72981 -0.68365 0
    outer loop
      vertex -10.253 10.253 10.253
      vertex -10.9017 9.5605 17
      vertex -10.9017 9.5605 9.56052
    endloop
  endfacet
  facet normal 0.683655 -0.729805 0
    outer loop
      vertex -10.253 10.253 -17
      vertex -9.56051 10.9017 -10.9017
      vertex -10.253 10.253 -10.2531
    endloop
  endfacet
  facet normal 0 -0.99439 0.105777
    outer loop
      vertex -10.253 10.253 -17
      vertex -9.5605 10.9017 -10.9017
      vertex -9.56051 10.9017 -10.9017
    endloop
  endfacet
  facet normal 0.68365 -0.72981 0
    outer loop
      vertex -9.5605 10.9017 -10.9017
      vertex -10.253 10.253 -17
      vertex -9.5605 10.9017 -17
    endloop
  endfacet
  facet normal 0.68365 -0.72981 0
    outer loop
      vertex -10.253 10.253 17
      vertex -9.5605 10.9017 10.9017
      vertex -9.5605 10.9017 17
    endloop
  endfacet
  facet normal 0 -0.99439 -0.105777
    outer loop
      vertex -10.253 10.253 17
      vertex -9.56051 10.9017 10.9017
      vertex -9.5605 10.9017 10.9017
    endloop
  endfacet
  facet normal 0.683655 -0.729805 0
    outer loop
      vertex -9.56051 10.9017 10.9017
      vertex -10.253 10.253 17
      vertex -10.253 10.253 10.2531
    endloop
  endfacet
  facet normal 0.634373 -0.773027 0
    outer loop
      vertex -9.5605 10.9017 -10.9017
      vertex -8.83143 11.5 -16
      vertex -8.83143 11.5 -11.5
    endloop
  endfacet
  facet normal 0.634373 -0.773027 0
    outer loop
      vertex -9.5605 10.9017 -17
      vertex -8.83143 11.5 -16
      vertex -9.5605 10.9017 -10.9017
    endloop
  endfacet
  facet normal 0.634366 -0.773033 8.29239e-06
    outer loop
      vertex -8.82703 11.5036 -17
      vertex -8.83143 11.5 -16
      vertex -9.5605 10.9017 -17
    endloop
  endfacet
  facet normal 0.633238 -0.773957 0
    outer loop
      vertex -8.83143 11.5 -16
      vertex -8.82703 11.5036 -17
      vertex -8.82703 11.5036 -16
    endloop
  endfacet
  facet normal 0.634366 -0.773033 -8.29239e-06
    outer loop
      vertex -9.5605 10.9017 17
      vertex -8.83143 11.5 16
      vertex -8.82703 11.5036 17
    endloop
  endfacet
  facet normal 0.634373 -0.773027 0
    outer loop
      vertex -9.5605 10.9017 10.9017
      vertex -8.83143 11.5 16
      vertex -9.5605 10.9017 17
    endloop
  endfacet
  facet normal 0.634373 -0.773027 0
    outer loop
      vertex -8.83143 11.5 16
      vertex -9.5605 10.9017 10.9017
      vertex -8.83143 11.5 11.5
    endloop
  endfacet
  facet normal 0.633238 -0.773957 0
    outer loop
      vertex -8.82703 11.5036 17
      vertex -8.83143 11.5 16
      vertex -8.82703 11.5036 16
    endloop
  endfacet
  facet normal 0.582489 -0.812839 0
    outer loop
      vertex -8.82703 11.5036 -17
      vertex -8.05576 12.0563 -16
      vertex -8.82703 11.5036 -16
    endloop
  endfacet
  facet normal 0.582489 -0.812839 0
    outer loop
      vertex -8.05576 12.0563 -16
      vertex -8.82703 11.5036 -17
      vertex -8.05576 12.0563 -17
    endloop
  endfacet
  facet normal 0.582489 -0.812839 0
    outer loop
      vertex -8.82703 11.5036 16
      vertex -8.05576 12.0563 17
      vertex -8.82703 11.5036 17
    endloop
  endfacet
  facet normal 0.582489 -0.812839 0
    outer loop
      vertex -8.05576 12.0563 17
      vertex -8.82703 11.5036 16
      vertex -8.05576 12.0563 16
    endloop
  endfacet
  facet normal 0.528103 -0.84918 0
    outer loop
      vertex -8.05576 12.0563 -17
      vertex -7.25 12.5574 -16
      vertex -8.05576 12.0563 -16
    endloop
  endfacet
  facet normal 0.528103 -0.84918 0
    outer loop
      vertex -7.25 12.5574 -16
      vertex -8.05576 12.0563 -17
      vertex -7.25 12.5574 -17
    endloop
  endfacet
  facet normal 0.528103 -0.84918 0
    outer loop
      vertex -8.05576 12.0563 16
      vertex -7.25 12.5574 17
      vertex -8.05576 12.0563 17
    endloop
  endfacet
  facet normal 0.528103 -0.84918 0
    outer loop
      vertex -7.25 12.5574 17
      vertex -8.05576 12.0563 16
      vertex -7.25 12.5574 16
    endloop
  endfacet
  facet normal 0.471405 -0.881917 0
    outer loop
      vertex -7.25 12.5574 -17
      vertex -6.41318 13.0047 -16
      vertex -7.25 12.5574 -16
    endloop
  endfacet
  facet normal 0.471405 -0.881917 0
    outer loop
      vertex -6.41318 13.0047 -16
      vertex -7.25 12.5574 -17
      vertex -6.41318 13.0047 -17
    endloop
  endfacet
  facet normal 0.471405 -0.881917 0
    outer loop
      vertex -7.25 12.5574 16
      vertex -6.41318 13.0047 17
      vertex -7.25 12.5574 17
    endloop
  endfacet
  facet normal 0.471405 -0.881917 0
    outer loop
      vertex -6.41318 13.0047 17
      vertex -7.25 12.5574 16
      vertex -6.41318 13.0047 16
    endloop
  endfacet
  facet normal 0.412619 -0.910904 0
    outer loop
      vertex -6.41318 13.0047 -17
      vertex -5.5489 13.3962 -16
      vertex -6.41318 13.0047 -16
    endloop
  endfacet
  facet normal 0.412619 -0.910904 0
    outer loop
      vertex -5.5489 13.3962 -16
      vertex -6.41318 13.0047 -17
      vertex -5.5489 13.3962 -17
    endloop
  endfacet
  facet normal 0.412619 -0.910904 0
    outer loop
      vertex -6.41318 13.0047 16
      vertex -5.5489 13.3962 17
      vertex -6.41318 13.0047 17
    endloop
  endfacet
  facet normal 0.412619 -0.910904 0
    outer loop
      vertex -5.5489 13.3962 17
      vertex -6.41318 13.0047 16
      vertex -5.5489 13.3962 16
    endloop
  endfacet
  facet normal 0.35231 -0.935883 0
    outer loop
      vertex -5.5489 13.3962 -17
      vertex -4.66086 13.7305 -16
      vertex -5.5489 13.3962 -16
    endloop
  endfacet
  facet normal 0.35231 -0.935883 0
    outer loop
      vertex -4.66086 13.7305 -16
      vertex -5.5489 13.3962 -17
      vertex -4.66086 13.7305 -17
    endloop
  endfacet
  facet normal 0.35231 -0.935883 0
    outer loop
      vertex -5.5489 13.3962 16
      vertex -4.66086 13.7305 17
      vertex -5.5489 13.3962 17
    endloop
  endfacet
  facet normal 0.35231 -0.935883 0
    outer loop
      vertex -4.66086 13.7305 17
      vertex -5.5489 13.3962 16
      vertex -4.66086 13.7305 16
    endloop
  endfacet
  facet normal 0.29025 -0.956951 0
    outer loop
      vertex -4.66086 13.7305 -17
      vertex -3.75287 14.0059 -16
      vertex -4.66086 13.7305 -16
    endloop
  endfacet
  facet normal 0.29025 -0.956951 0
    outer loop
      vertex -3.75287 14.0059 -16
      vertex -4.66086 13.7305 -17
      vertex -3.75287 14.0059 -17
    endloop
  endfacet
  facet normal 0.29025 -0.956951 0
    outer loop
      vertex -4.66086 13.7305 16
      vertex -3.75287 14.0059 17
      vertex -4.66086 13.7305 17
    endloop
  endfacet
  facet normal 0.29025 -0.956951 0
    outer loop
      vertex -3.75287 14.0059 17
      vertex -4.66086 13.7305 16
      vertex -3.75287 14.0059 16
    endloop
  endfacet
  facet normal 0.227113 -0.973868 0
    outer loop
      vertex -3.75287 14.0059 -17
      vertex -2.8288 14.2214 -16
      vertex -3.75287 14.0059 -16
    endloop
  endfacet
  facet normal 0.227113 -0.973868 0
    outer loop
      vertex -2.8288 14.2214 -16
      vertex -3.75287 14.0059 -17
      vertex -2.8288 14.2214 -17
    endloop
  endfacet
  facet normal 0.227113 -0.973868 0
    outer loop
      vertex -3.75287 14.0059 16
      vertex -2.8288 14.2214 17
      vertex -3.75287 14.0059 17
    endloop
  endfacet
  facet normal 0.227113 -0.973868 0
    outer loop
      vertex -2.8288 14.2214 17
      vertex -3.75287 14.0059 16
      vertex -2.8288 14.2214 16
    endloop
  endfacet
  facet normal 0.16283 -0.986654 0
    outer loop
      vertex -2.8288 14.2214 -17
      vertex -1.89262 14.3759 -16
      vertex -2.8288 14.2214 -16
    endloop
  endfacet
  facet normal 0.16283 -0.986654 0
    outer loop
      vertex -1.89262 14.3759 -16
      vertex -2.8288 14.2214 -17
      vertex -1.89262 14.3759 -17
    endloop
  endfacet
  facet normal 0.16283 -0.986654 0
    outer loop
      vertex -2.8288 14.2214 16
      vertex -1.89262 14.3759 17
      vertex -2.8288 14.2214 17
    endloop
  endfacet
  facet normal 0.16283 -0.986654 0
    outer loop
      vertex -1.89262 14.3759 17
      vertex -2.8288 14.2214 16
      vertex -1.89262 14.3759 16
    endloop
  endfacet
  facet normal 0.0980129 -0.995185 0
    outer loop
      vertex -1.89262 14.3759 -17
      vertex -0.948334 14.4689 -16
      vertex -1.89262 14.3759 -16
    endloop
  endfacet
  facet normal 0.0980129 -0.995185 0
    outer loop
      vertex -0.948334 14.4689 -16
      vertex -1.89262 14.3759 -17
      vertex -0.948334 14.4689 -17
    endloop
  endfacet
  facet normal 0.0980129 -0.995185 0
    outer loop
      vertex -1.89262 14.3759 16
      vertex -0.948334 14.4689 17
      vertex -1.89262 14.3759 17
    endloop
  endfacet
  facet normal 0.0980129 -0.995185 0
    outer loop
      vertex -0.948334 14.4689 17
      vertex -1.89262 14.3759 16
      vertex -0.948334 14.4689 16
    endloop
  endfacet
  facet normal 0.0327767 -0.999463 0
    outer loop
      vertex -0.948334 14.4689 -17
      vertex 0 14.5 -16
      vertex -0.948334 14.4689 -16
    endloop
  endfacet
  facet normal 0.0327767 -0.999463 0
    outer loop
      vertex 0 14.5 -16
      vertex -0.948334 14.4689 -17
      vertex 0 14.5 -17
    endloop
  endfacet
  facet normal 0.0327767 -0.999463 0
    outer loop
      vertex -0.948334 14.4689 16
      vertex 0 14.5 17
      vertex -0.948334 14.4689 17
    endloop
  endfacet
  facet normal 0.0327767 -0.999463 0
    outer loop
      vertex 0 14.5 17
      vertex -0.948334 14.4689 16
      vertex 0 14.5 16
    endloop
  endfacet
  facet normal -0.0327767 -0.999463 0
    outer loop
      vertex 0 14.5 -17
      vertex 0.948334 14.4689 -16
      vertex 0 14.5 -16
    endloop
  endfacet
  facet normal -0.0327767 -0.999463 -0
    outer loop
      vertex 0.948334 14.4689 -16
      vertex 0 14.5 -17
      vertex 0.948334 14.4689 -17
    endloop
  endfacet
  facet normal -0.0327767 -0.999463 0
    outer loop
      vertex 0 14.5 16
      vertex 0.948334 14.4689 17
      vertex 0 14.5 17
    endloop
  endfacet
  facet normal -0.0327767 -0.999463 -0
    outer loop
      vertex 0.948334 14.4689 17
      vertex 0 14.5 16
      vertex 0.948334 14.4689 16
    endloop
  endfacet
  facet normal -0.0980129 -0.995185 0
    outer loop
      vertex 0.948334 14.4689 -17
      vertex 1.89262 14.3759 -16
      vertex 0.948334 14.4689 -16
    endloop
  endfacet
  facet normal -0.0980129 -0.995185 -0
    outer loop
      vertex 1.89262 14.3759 -16
      vertex 0.948334 14.4689 -17
      vertex 1.89262 14.3759 -17
    endloop
  endfacet
  facet normal -0.0980129 -0.995185 0
    outer loop
      vertex 0.948334 14.4689 16
      vertex 1.89262 14.3759 17
      vertex 0.948334 14.4689 17
    endloop
  endfacet
  facet normal -0.0980129 -0.995185 -0
    outer loop
      vertex 1.89262 14.3759 17
      vertex 0.948334 14.4689 16
      vertex 1.89262 14.3759 16
    endloop
  endfacet
  facet normal -0.16283 -0.986654 0
    outer loop
      vertex 1.89262 14.3759 -17
      vertex 2.8288 14.2214 -16
      vertex 1.89262 14.3759 -16
    endloop
  endfacet
  facet normal -0.16283 -0.986654 -0
    outer loop
      vertex 2.8288 14.2214 -16
      vertex 1.89262 14.3759 -17
      vertex 2.8288 14.2214 -17
    endloop
  endfacet
  facet normal -0.16283 -0.986654 0
    outer loop
      vertex 1.89262 14.3759 16
      vertex 2.8288 14.2214 17
      vertex 1.89262 14.3759 17
    endloop
  endfacet
  facet normal -0.16283 -0.986654 -0
    outer loop
      vertex 2.8288 14.2214 17
      vertex 1.89262 14.3759 16
      vertex 2.8288 14.2214 16
    endloop
  endfacet
  facet normal -0.227113 -0.973868 0
    outer loop
      vertex 2.8288 14.2214 -17
      vertex 3.75287 14.0059 -16
      vertex 2.8288 14.2214 -16
    endloop
  endfacet
  facet normal -0.227113 -0.973868 -0
    outer loop
      vertex 3.75287 14.0059 -16
      vertex 2.8288 14.2214 -17
      vertex 3.75287 14.0059 -17
    endloop
  endfacet
  facet normal -0.227113 -0.973868 0
    outer loop
      vertex 2.8288 14.2214 16
      vertex 3.75287 14.0059 17
      vertex 2.8288 14.2214 17
    endloop
  endfacet
  facet normal -0.227113 -0.973868 -0
    outer loop
      vertex 3.75287 14.0059 17
      vertex 2.8288 14.2214 16
      vertex 3.75287 14.0059 16
    endloop
  endfacet
  facet normal -0.29025 -0.956951 0
    outer loop
      vertex 3.75287 14.0059 -17
      vertex 4.66086 13.7305 -16
      vertex 3.75287 14.0059 -16
    endloop
  endfacet
  facet normal -0.29025 -0.956951 -0
    outer loop
      vertex 4.66086 13.7305 -16
      vertex 3.75287 14.0059 -17
      vertex 4.66086 13.7305 -17
    endloop
  endfacet
  facet normal -0.29025 -0.956951 0
    outer loop
      vertex 3.75287 14.0059 16
      vertex 4.66086 13.7305 17
      vertex 3.75287 14.0059 17
    endloop
  endfacet
  facet normal -0.29025 -0.956951 -0
    outer loop
      vertex 4.66086 13.7305 17
      vertex 3.75287 14.0059 16
      vertex 4.66086 13.7305 16
    endloop
  endfacet
  facet normal -0.35231 -0.935883 0
    outer loop
      vertex 4.66086 13.7305 -17
      vertex 5.5489 13.3962 -16
      vertex 4.66086 13.7305 -16
    endloop
  endfacet
  facet normal -0.35231 -0.935883 -0
    outer loop
      vertex 5.5489 13.3962 -16
      vertex 4.66086 13.7305 -17
      vertex 5.5489 13.3962 -17
    endloop
  endfacet
  facet normal -0.35231 -0.935883 0
    outer loop
      vertex 4.66086 13.7305 16
      vertex 5.5489 13.3962 17
      vertex 4.66086 13.7305 17
    endloop
  endfacet
  facet normal -0.35231 -0.935883 -0
    outer loop
      vertex 5.5489 13.3962 17
      vertex 4.66086 13.7305 16
      vertex 5.5489 13.3962 16
    endloop
  endfacet
  facet normal -0.412619 -0.910904 0
    outer loop
      vertex 5.5489 13.3962 -17
      vertex 6.41318 13.0047 -16
      vertex 5.5489 13.3962 -16
    endloop
  endfacet
  facet normal -0.412619 -0.910904 -0
    outer loop
      vertex 6.41318 13.0047 -16
      vertex 5.5489 13.3962 -17
      vertex 6.41318 13.0047 -17
    endloop
  endfacet
  facet normal -0.412619 -0.910904 0
    outer loop
      vertex 5.5489 13.3962 16
      vertex 6.41318 13.0047 17
      vertex 5.5489 13.3962 17
    endloop
  endfacet
  facet normal -0.412619 -0.910904 -0
    outer loop
      vertex 6.41318 13.0047 17
      vertex 5.5489 13.3962 16
      vertex 6.41318 13.0047 16
    endloop
  endfacet
  facet normal -0.471405 -0.881917 0
    outer loop
      vertex 6.41318 13.0047 -17
      vertex 7.25 12.5574 -16
      vertex 6.41318 13.0047 -16
    endloop
  endfacet
  facet normal -0.471405 -0.881917 -0
    outer loop
      vertex 7.25 12.5574 -16
      vertex 6.41318 13.0047 -17
      vertex 7.25 12.5574 -17
    endloop
  endfacet
  facet normal -0.471405 -0.881917 0
    outer loop
      vertex 6.41318 13.0047 16
      vertex 7.25 12.5574 17
      vertex 6.41318 13.0047 17
    endloop
  endfacet
  facet normal -0.471405 -0.881917 -0
    outer loop
      vertex 7.25 12.5574 17
      vertex 6.41318 13.0047 16
      vertex 7.25 12.5574 16
    endloop
  endfacet
  facet normal -0.528103 -0.84918 0
    outer loop
      vertex 7.25 12.5574 -17
      vertex 8.05576 12.0563 -16
      vertex 7.25 12.5574 -16
    endloop
  endfacet
  facet normal -0.528103 -0.84918 -0
    outer loop
      vertex 8.05576 12.0563 -16
      vertex 7.25 12.5574 -17
      vertex 8.05576 12.0563 -17
    endloop
  endfacet
  facet normal -0.528103 -0.84918 0
    outer loop
      vertex 7.25 12.5574 16
      vertex 8.05576 12.0563 17
      vertex 7.25 12.5574 17
    endloop
  endfacet
  facet normal -0.528103 -0.84918 -0
    outer loop
      vertex 8.05576 12.0563 17
      vertex 7.25 12.5574 16
      vertex 8.05576 12.0563 16
    endloop
  endfacet
  facet normal -0.582489 -0.812839 0
    outer loop
      vertex 8.05576 12.0563 -17
      vertex 8.82703 11.5036 -16
      vertex 8.05576 12.0563 -16
    endloop
  endfacet
  facet normal -0.582489 -0.812839 -0
    outer loop
      vertex 8.82703 11.5036 -16
      vertex 8.05576 12.0563 -17
      vertex 8.82703 11.5036 -17
    endloop
  endfacet
  facet normal -0.582489 -0.812839 0
    outer loop
      vertex 8.05576 12.0563 16
      vertex 8.82703 11.5036 17
      vertex 8.05576 12.0563 17
    endloop
  endfacet
  facet normal -0.582489 -0.812839 -0
    outer loop
      vertex 8.82703 11.5036 17
      vertex 8.05576 12.0563 16
      vertex 8.82703 11.5036 16
    endloop
  endfacet
  facet normal -0.633238 -0.773957 -0
    outer loop
      vertex 8.82703 11.5036 -16
      vertex 8.82703 11.5036 -17
      vertex 8.83143 11.5 -16
    endloop
  endfacet
  facet normal -0.634373 -0.773027 0
    outer loop
      vertex 8.83143 11.5 -16
      vertex 9.5605 10.9017 -10.9017
      vertex 8.83143 11.5 -11.5
    endloop
  endfacet
  facet normal -0.634366 -0.773033 8.29239e-06
    outer loop
      vertex 9.5605 10.9017 -17
      vertex 8.83143 11.5 -16
      vertex 8.82703 11.5036 -17
    endloop
  endfacet
  facet normal -0.634373 -0.773027 0
    outer loop
      vertex 8.83143 11.5 -16
      vertex 9.5605 10.9017 -17
      vertex 9.5605 10.9017 -10.9017
    endloop
  endfacet
  facet normal -0.633238 -0.773957 0
    outer loop
      vertex 8.83143 11.5 16
      vertex 8.82703 11.5036 17
      vertex 8.82703 11.5036 16
    endloop
  endfacet
  facet normal -0.634366 -0.773033 -8.29239e-06
    outer loop
      vertex 8.82703 11.5036 17
      vertex 8.83143 11.5 16
      vertex 9.5605 10.9017 17
    endloop
  endfacet
  facet normal -0.634373 -0.773027 0
    outer loop
      vertex 9.5605 10.9017 10.9017
      vertex 8.83143 11.5 16
      vertex 8.83143 11.5 11.5
    endloop
  endfacet
  facet normal -0.634373 -0.773027 0
    outer loop
      vertex 8.83143 11.5 16
      vertex 9.5605 10.9017 10.9017
      vertex 9.5605 10.9017 17
    endloop
  endfacet
  facet normal -0.68365 -0.72981 0
    outer loop
      vertex 10.253 10.253 -17
      vertex 9.5605 10.9017 -10.9017
      vertex 9.5605 10.9017 -17
    endloop
  endfacet
  facet normal 0 -0.99439 0.105777
    outer loop
      vertex 9.5605 10.9017 -10.9017
      vertex 10.253 10.253 -17
      vertex 9.56051 10.9017 -10.9017
    endloop
  endfacet
  facet normal -0.683655 -0.729805 0
    outer loop
      vertex 9.56051 10.9017 -10.9017
      vertex 10.253 10.253 -17
      vertex 10.253 10.253 -10.2531
    endloop
  endfacet
  facet normal -0.68365 -0.72981 0
    outer loop
      vertex 9.5605 10.9017 10.9017
      vertex 10.253 10.253 17
      vertex 9.5605 10.9017 17
    endloop
  endfacet
  facet normal -0 -0.99439 -0.105777
    outer loop
      vertex 9.56051 10.9017 10.9017
      vertex 10.253 10.253 17
      vertex 9.5605 10.9017 10.9017
    endloop
  endfacet
  facet normal -0.683655 -0.729805 -0
    outer loop
      vertex 10.253 10.253 17
      vertex 9.56051 10.9017 10.9017
      vertex 10.253 10.253 10.2531
    endloop
  endfacet
  facet normal -0.72981 -0.68365 0
    outer loop
      vertex 10.9017 9.5605 -17
      vertex 10.253 10.253 -10.2531
      vertex 10.253 10.253 -17
    endloop
  endfacet
  facet normal -0.72981 -0.68365 0
    outer loop
      vertex 10.253 10.253 -10.2531
      vertex 10.9017 9.5605 -17
      vertex 10.253 10.253 -10.253
    endloop
  endfacet
  facet normal -0.72981 -0.68365 0
    outer loop
      vertex 10.253 10.253 -10.253
      vertex 10.9017 9.5605 -17
      vertex 10.9017 9.5605 -9.56052
    endloop
  endfacet
  facet normal -0.72981 -0.68365 0
    outer loop
      vertex 10.9017 9.5605 17
      vertex 10.253 10.253 10.2531
      vertex 10.253 10.253 10.253
    endloop
  endfacet
  facet normal -0.72981 -0.68365 -0
    outer loop
      vertex 10.9017 9.5605 17
      vertex 10.253 10.253 10.253
      vertex 10.9017 9.5605 9.56052
    endloop
  endfacet
  facet normal -0.72981 -0.68365 0
    outer loop
      vertex 10.253 10.253 10.2531
      vertex 10.9017 9.5605 17
      vertex 10.253 10.253 17
    endloop
  endfacet
  facet normal -0.773033 -0.634366 0
    outer loop
      vertex 11.5036 8.82703 -17
      vertex 10.9017 9.5605 -9.56052
      vertex 10.9017 9.5605 -17
    endloop
  endfacet
  facet normal -0.773033 -0.634366 0
    outer loop
      vertex 10.9017 9.5605 -9.56052
      vertex 11.5036 8.82703 -17
      vertex 10.9017 9.5605 -9.56051
    endloop
  endfacet
  facet normal -0.773033 -0.634366 0
    outer loop
      vertex 10.9017 9.5605 -9.56051
      vertex 11.5036 8.82703 -17
      vertex 11.5036 8.82703 -8.82705
    endloop
  endfacet
  facet normal -0.773033 -0.634366 0
    outer loop
      vertex 11.5036 8.82703 17
      vertex 10.9017 9.5605 9.56052
      vertex 10.9017 9.5605 9.56051
    endloop
  endfacet
  facet normal -0.773033 -0.634366 -0
    outer loop
      vertex 11.5036 8.82703 17
      vertex 10.9017 9.5605 9.56051
      vertex 11.5036 8.82703 8.82705
    endloop
  endfacet
  facet normal -0.773033 -0.634366 0
    outer loop
      vertex 10.9017 9.5605 9.56052
      vertex 11.5036 8.82703 17
      vertex 10.9017 9.5605 17
    endloop
  endfacet
  facet normal -0.812839 -0.582489 0
    outer loop
      vertex 12.0563 8.05576 -17
      vertex 11.5036 8.82703 -8.82705
      vertex 11.5036 8.82703 -17
    endloop
  endfacet
  facet normal -0.996203 -0.0615595 -0.0615595
    outer loop
      vertex 11.5036 8.82703 -8.82705
      vertex 12.0563 8.05576 -17
      vertex 11.5036 8.82702 -8.82704
    endloop
  endfacet
  facet normal -0.812835 -0.582494 0
    outer loop
      vertex 11.5036 8.82702 -8.82704
      vertex 12.0563 8.05576 -17
      vertex 12.0563 8.05576 -8.05577
    endloop
  endfacet
  facet normal -0.996203 -0.0615595 0.0615595
    outer loop
      vertex 12.0563 8.05576 17
      vertex 11.5036 8.82703 8.82705
      vertex 11.5036 8.82702 8.82704
    endloop
  endfacet
  facet normal -0.812835 -0.582494 -0
    outer loop
      vertex 12.0563 8.05576 17
      vertex 11.5036 8.82702 8.82704
      vertex 12.0563 8.05576 8.05577
    endloop
  endfacet
  facet normal -0.812839 -0.582489 0
    outer loop
      vertex 11.5036 8.82703 8.82705
      vertex 12.0563 8.05576 17
      vertex 11.5036 8.82703 17
    endloop
  endfacet
  facet normal -0.84918 -0.528103 0
    outer loop
      vertex 12.5574 7.25 -17
      vertex 12.0563 8.05576 -8.05577
      vertex 12.0563 8.05576 -17
    endloop
  endfacet
  facet normal -0.998434 -0 -0.0559372
    outer loop
      vertex 12.0563 8.05576 -8.05577
      vertex 12.5574 7.25 -17
      vertex 12.0563 8.05575 -8.05577
    endloop
  endfacet
  facet normal -0.849177 -0.528108 0
    outer loop
      vertex 12.0563 8.05575 -8.05577
      vertex 12.5574 7.25 -17
      vertex 12.5574 7.25 -7.25002
    endloop
  endfacet
  facet normal -0.998434 0 0.0559372
    outer loop
      vertex 12.5574 7.25 17
      vertex 12.0563 8.05576 8.05577
      vertex 12.0563 8.05575 8.05577
    endloop
  endfacet
  facet normal -0.849177 -0.528108 -0
    outer loop
      vertex 12.5574 7.25 17
      vertex 12.0563 8.05575 8.05577
      vertex 12.5574 7.25 7.25002
    endloop
  endfacet
  facet normal -0.84918 -0.528103 0
    outer loop
      vertex 12.0563 8.05576 8.05577
      vertex 12.5574 7.25 17
      vertex 12.0563 8.05576 17
    endloop
  endfacet
  facet normal -0.881917 -0.471405 0
    outer loop
      vertex 13.0047 6.41318 -17
      vertex 12.5574 7.25 -7.25002
      vertex 12.5574 7.25 -17
    endloop
  endfacet
  facet normal -0.99822 -0.0421755 -0.0421755
    outer loop
      vertex 12.5574 7.25 -7.25002
      vertex 13.0047 6.41318 -17
      vertex 12.5574 7.24998 -7.25
    endloop
  endfacet
  facet normal -0.881912 -0.471414 0
    outer loop
      vertex 12.5574 7.24998 -7.25
      vertex 13.0047 6.41318 -17
      vertex 13.0047 6.41318 -6.41319
    endloop
  endfacet
  facet normal -0.99822 -0.0421755 0.0421755
    outer loop
      vertex 13.0047 6.41318 17
      vertex 12.5574 7.25 7.25002
      vertex 12.5574 7.24998 7.25
    endloop
  endfacet
  facet normal -0.881912 -0.471414 -0
    outer loop
      vertex 13.0047 6.41318 17
      vertex 12.5574 7.24998 7.25
      vertex 13.0047 6.41318 6.41319
    endloop
  endfacet
  facet normal -0.881917 -0.471405 0
    outer loop
      vertex 12.5574 7.25 7.25002
      vertex 13.0047 6.41318 17
      vertex 12.5574 7.25 17
    endloop
  endfacet
  facet normal -0.910904 -0.412619 0
    outer loop
      vertex 13.3962 5.5489 -17
      vertex 13.0047 6.41318 -6.41319
      vertex 13.0047 6.41318 -17
    endloop
  endfacet
  facet normal -0.910904 -0.412619 0
    outer loop
      vertex 13.0047 6.41318 -6.41319
      vertex 13.3962 5.5489 -17
      vertex 13.3962 5.5489 -5.54894
    endloop
  endfacet
  facet normal -0.910904 -0.412619 -0
    outer loop
      vertex 13.3962 5.5489 17
      vertex 13.0047 6.41318 6.41319
      vertex 13.3962 5.5489 5.54894
    endloop
  endfacet
  facet normal -0.910904 -0.412619 0
    outer loop
      vertex 13.0047 6.41318 6.41319
      vertex 13.3962 5.5489 17
      vertex 13.0047 6.41318 17
    endloop
  endfacet
  facet normal -0.935883 -0.35231 0
    outer loop
      vertex 13.7305 4.66086 -17
      vertex 13.3962 5.5489 -5.54894
      vertex 13.3962 5.5489 -17
    endloop
  endfacet
  facet normal -0.30453 -0.950295 0.0648059
    outer loop
      vertex 13.3962 5.5489 -5.54894
      vertex 13.7305 4.66086 -17
      vertex 13.3963 5.54887 -5.54891
    endloop
  endfacet
  facet normal -0.935914 -0.352229 0
    outer loop
      vertex 13.3963 5.54887 -5.54891
      vertex 13.7305 4.66086 -17
      vertex 13.7305 4.66086 -4.66088
    endloop
  endfacet
  facet normal -0.30453 -0.950295 -0.0648059
    outer loop
      vertex 13.7305 4.66086 17
      vertex 13.3962 5.5489 5.54894
      vertex 13.3963 5.54887 5.54891
    endloop
  endfacet
  facet normal -0.935914 -0.352229 -0
    outer loop
      vertex 13.7305 4.66086 17
      vertex 13.3963 5.54887 5.54891
      vertex 13.7305 4.66086 4.66088
    endloop
  endfacet
  facet normal -0.935883 -0.35231 0
    outer loop
      vertex 13.3962 5.5489 5.54894
      vertex 13.7305 4.66086 17
      vertex 13.3962 5.5489 17
    endloop
  endfacet
  facet normal -0.956951 -0.29025 0
    outer loop
      vertex 14.0059 3.75287 -17
      vertex 13.7305 4.66086 -4.66088
      vertex 13.7305 4.66086 -17
    endloop
  endfacet
  facet normal -0.999568 -0.0207805 -0.0207805
    outer loop
      vertex 13.7305 4.66086 -4.66088
      vertex 14.0059 3.75287 -17
      vertex 13.7305 4.66085 -4.66087
    endloop
  endfacet
  facet normal -0.95695 -0.290253 0
    outer loop
      vertex 13.7305 4.66085 -4.66087
      vertex 14.0059 3.75287 -17
      vertex 14.0059 3.75287 -3.75289
    endloop
  endfacet
  facet normal -0.999568 -0.0207805 0.0207805
    outer loop
      vertex 14.0059 3.75287 17
      vertex 13.7305 4.66086 4.66088
      vertex 13.7305 4.66085 4.66087
    endloop
  endfacet
  facet normal -0.95695 -0.290253 -0
    outer loop
      vertex 14.0059 3.75287 17
      vertex 13.7305 4.66085 4.66087
      vertex 14.0059 3.75287 3.75289
    endloop
  endfacet
  facet normal -0.956951 -0.29025 0
    outer loop
      vertex 13.7305 4.66086 4.66088
      vertex 14.0059 3.75287 17
      vertex 13.7305 4.66086 17
    endloop
  endfacet
  facet normal 0.258821 -0.965925 0
    outer loop
      vertex 14.0059 3.75287 -3.75289
      vertex 16.894 4.52674 -8.35
      vertex 16.894 4.52674 -6.35
    endloop
  endfacet
  facet normal 0.258821 -0.965925 0
    outer loop
      vertex 14.0059 3.75287 -17
      vertex 16.894 4.52674 -8.35
      vertex 14.0059 3.75287 -3.75289
    endloop
  endfacet
  facet normal 0.258818 -0.965926 1.01579e-06
    outer loop
      vertex 16.9037 4.52933 -17
      vertex 16.894 4.52674 -8.35
      vertex 14.0059 3.75287 -17
    endloop
  endfacet
  facet normal 0.257973 -0.966152 0
    outer loop
      vertex 16.894 4.52674 -8.35
      vertex 16.9037 4.52933 -17
      vertex 16.9037 4.52933 -8.35
    endloop
  endfacet
  facet normal 0.258818 -0.965926 -1.01579e-06
    outer loop
      vertex 14.0059 3.75287 17
      vertex 16.894 4.52674 8.35
      vertex 16.9037 4.52933 17
    endloop
  endfacet
  facet normal 0.258821 -0.965925 0
    outer loop
      vertex 14.0059 3.75287 3.75289
      vertex 16.894 4.52674 8.35
      vertex 14.0059 3.75287 17
    endloop
  endfacet
  facet normal 0.258821 -0.965925 0
    outer loop
      vertex 16.894 4.52674 8.35
      vertex 14.0059 3.75287 3.75289
      vertex 16.894 4.52674 6.35
    endloop
  endfacet
  facet normal 0.258821 -0.965925 0
    outer loop
      vertex 14.0059 3.75287 3.75288
      vertex 16.894 4.52674 6.35
      vertex 14.0059 3.75287 3.75289
    endloop
  endfacet
  facet normal 0.258811 -0.965928 1.166e-05
    outer loop
      vertex 14.2214 3.8106 2.82881
      vertex 16.894 4.52674 6.35
      vertex 14.0059 3.75287 3.75288
    endloop
  endfacet
  facet normal 0.257973 -0.966152 0.000693706
    outer loop
      vertex 16.894 4.52674 6.35
      vertex 14.2214 3.8106 2.82881
      vertex 16.9037 4.52933 6.35
    endloop
  endfacet
  facet normal 0.258844 -0.965919 -1.80468e-05
    outer loop
      vertex 14.3759 3.85202 1.89263
      vertex 16.9037 4.52933 6.35
      vertex 14.2214 3.8106 2.82881
    endloop
  endfacet
  facet normal 0.258778 -0.965937 2.23339e-05
    outer loop
      vertex 14.469 3.87694 0.948345
      vertex 16.9037 4.52933 6.35
      vertex 14.3759 3.85202 1.89263
    endloop
  endfacet
  facet normal 0.258851 -0.965917 -1.27211e-05
    outer loop
      vertex 14.5 3.88526 0
      vertex 16.9037 4.52933 6.35
      vertex 14.469 3.87694 0.948345
    endloop
  endfacet
  facet normal 0.258851 -0.965917 1.27211e-05
    outer loop
      vertex 16.9037 4.52933 -6.35
      vertex 14.5 3.88526 0
      vertex 14.469 3.87694 -0.948345
    endloop
  endfacet
  facet normal 0.258778 -0.965937 -2.23339e-05
    outer loop
      vertex 16.9037 4.52933 -6.35
      vertex 14.469 3.87694 -0.948345
      vertex 14.3759 3.85202 -1.89263
    endloop
  endfacet
  facet normal 0.258844 -0.965919 1.80468e-05
    outer loop
      vertex 16.9037 4.52933 -6.35
      vertex 14.3759 3.85202 -1.89263
      vertex 14.2214 3.8106 -2.82881
    endloop
  endfacet
  facet normal 0.258811 -0.965928 -1.166e-05
    outer loop
      vertex 16.894 4.52674 -6.35
      vertex 14.2214 3.8106 -2.82881
      vertex 14.0059 3.75287 -3.75288
    endloop
  endfacet
  facet normal 0.258821 -0.965925 0
    outer loop
      vertex 16.894 4.52674 -6.35
      vertex 14.0059 3.75287 -3.75288
      vertex 14.0059 3.75287 -3.75289
    endloop
  endfacet
  facet normal 0.257973 -0.966152 -0.000693706
    outer loop
      vertex 14.2214 3.8106 -2.82881
      vertex 16.894 4.52674 -6.35
      vertex 16.9037 4.52933 -6.35
    endloop
  endfacet
  facet normal 0.258819 -0.965926 0
    outer loop
      vertex 14.5 3.88526 0
      vertex 16.9037 4.52933 -6.35
      vertex 16.9037 4.52933 6.35
    endloop
  endfacet
  facet normal 0.257973 -0.966152 0
    outer loop
      vertex 16.9037 4.52933 17
      vertex 16.894 4.52674 8.35
      vertex 16.9037 4.52933 8.35
    endloop
  endfacet
  facet normal 1 -0 0
    outer loop
      vertex 16.8 11.5 16
      vertex 16.8 21.1 -16
      vertex 16.8 21.1 16
    endloop
  endfacet
  facet normal 1 0 0
    outer loop
      vertex 16.8 21.1 -16
      vertex 16.8 11.5 16
      vertex 16.8 11.5 -16
    endloop
  endfacet
  facet normal -0 0 1
    outer loop
      vertex 12.3744 12.3744 16
      vertex 16.8 11.5 16
      vertex 16.8 21.1 16
    endloop
  endfacet
  facet normal 0 0 1
    outer loop
      vertex 16.8 11.5 16
      vertex 13.1572 11.5385 16
      vertex 13.1888 11.5 16
    endloop
  endfacet
  facet normal 0 0 1
    outer loop
      vertex 16.8 11.5 16
      vertex 12.3744 12.3744 16
      vertex 13.1572 11.5385 16
    endloop
  endfacet
  facet normal 0 0 1
    outer loop
      vertex 16.8 21.1 16
      vertex 11.5385 13.1572 16
      vertex 12.3744 12.3744 16
    endloop
  endfacet
  facet normal 0 0 1
    outer loop
      vertex 16.8 21.1 16
      vertex 10.6533 13.8837 16
      vertex 11.5385 13.1572 16
    endloop
  endfacet
  facet normal 0 0 1
    outer loop
      vertex 16.8 21.1 16
      vertex 9.72247 14.5507 16
      vertex 10.6533 13.8837 16
    endloop
  endfacet
  facet normal 0 0 1
    outer loop
      vertex 16.8 21.1 16
      vertex 8.75 15.1554 16
      vertex 9.72247 14.5507 16
    endloop
  endfacet
  facet normal 0 0 1
    outer loop
      vertex 16.8 21.1 16
      vertex 7.74005 15.6953 16
      vertex 8.75 15.1554 16
    endloop
  endfacet
  facet normal 0 0 1
    outer loop
      vertex 16.8 21.1 16
      vertex 6.69695 16.1679 16
      vertex 7.74005 15.6953 16
    endloop
  endfacet
  facet normal 0 0 1
    outer loop
      vertex 16.8 21.1 16
      vertex 5.62518 16.5713 16
      vertex 6.69695 16.1679 16
    endloop
  endfacet
  facet normal 0 0 1
    outer loop
      vertex 16.8 21.1 16
      vertex 4.52933 16.9037 16
      vertex 5.62518 16.5713 16
    endloop
  endfacet
  facet normal 0 0 1
    outer loop
      vertex 16.8 21.1 16
      vertex 3.41408 17.1637 16
      vertex 4.52933 16.9037 16
    endloop
  endfacet
  facet normal 0 0 1
    outer loop
      vertex 16.8 21.1 16
      vertex 2.28419 17.3503 16
      vertex 3.41408 17.1637 16
    endloop
  endfacet
  facet normal 0 0 1
    outer loop
      vertex 16.8 21.1 16
      vertex 1.14455 17.4625 16
      vertex 2.28419 17.3503 16
    endloop
  endfacet
  facet normal 0 0 1
    outer loop
      vertex 16.8 21.1 16
      vertex 0 17.5 16
      vertex 1.14455 17.4625 16
    endloop
  endfacet
  facet normal -0 0 1
    outer loop
      vertex -16.8 21.1 16
      vertex 0 17.5 16
      vertex 16.8 21.1 16
    endloop
  endfacet
  facet normal 0 0 1
    outer loop
      vertex 0 17.5 16
      vertex -16.8 21.1 16
      vertex -1.14455 17.4625 16
    endloop
  endfacet
  facet normal 0 0 1
    outer loop
      vertex -1.14455 17.4625 16
      vertex -16.8 21.1 16
      vertex -2.28419 17.3503 16
    endloop
  endfacet
  facet normal 0 0 1
    outer loop
      vertex -2.28419 17.3503 16
      vertex -16.8 21.1 16
      vertex -3.41408 17.1637 16
    endloop
  endfacet
  facet normal 0 0 1
    outer loop
      vertex -16.8 21.1 16
      vertex -4.52933 16.9037 16
      vertex -3.41408 17.1637 16
    endloop
  endfacet
  facet normal 0 0 1
    outer loop
      vertex -16.8 21.1 16
      vertex -5.62518 16.5713 16
      vertex -4.52933 16.9037 16
    endloop
  endfacet
  facet normal 0 0 1
    outer loop
      vertex -16.8 21.1 16
      vertex -6.69695 16.1679 16
      vertex -5.62518 16.5713 16
    endloop
  endfacet
  facet normal 0 0 1
    outer loop
      vertex -16.8 21.1 16
      vertex -7.74005 15.6953 16
      vertex -6.69695 16.1679 16
    endloop
  endfacet
  facet normal 0 0 1
    outer loop
      vertex -16.8 21.1 16
      vertex -8.75 15.1554 16
      vertex -7.74005 15.6953 16
    endloop
  endfacet
  facet normal 0 0 1
    outer loop
      vertex -16.8 21.1 16
      vertex -9.72247 14.5507 16
      vertex -8.75 15.1554 16
    endloop
  endfacet
  facet normal 0 0 1
    outer loop
      vertex -16.8 21.1 16
      vertex -10.6533 13.8837 16
      vertex -9.72247 14.5507 16
    endloop
  endfacet
  facet normal 0 0 1
    outer loop
      vertex -16.8 21.1 16
      vertex -11.5385 13.1572 16
      vertex -10.6533 13.8837 16
    endloop
  endfacet
  facet normal 0 0 1
    outer loop
      vertex -16.8 21.1 16
      vertex -12.3744 12.3744 16
      vertex -11.5385 13.1572 16
    endloop
  endfacet
  facet normal 0 0 1
    outer loop
      vertex -16.8 11.5 16
      vertex -12.3744 12.3744 16
      vertex -16.8 21.1 16
    endloop
  endfacet
  facet normal 0 0 1
    outer loop
      vertex -12.3744 12.3744 16
      vertex -16.8 11.5 16
      vertex -13.1572 11.5385 16
    endloop
  endfacet
  facet normal 0 0 1
    outer loop
      vertex -13.1572 11.5385 16
      vertex -16.8 11.5 16
      vertex -13.1888 11.5 16
    endloop
  endfacet
  facet normal 0 0 1
    outer loop
      vertex 8.05576 12.0563 16
      vertex 8.83143 11.5 16
      vertex 8.82703 11.5036 16
    endloop
  endfacet
  facet normal 0 0 1
    outer loop
      vertex 7.25 12.5574 16
      vertex 8.83143 11.5 16
      vertex 8.05576 12.0563 16
    endloop
  endfacet
  facet normal 0 0 1
    outer loop
      vertex 6.41318 13.0047 16
      vertex 8.83143 11.5 16
      vertex 7.25 12.5574 16
    endloop
  endfacet
  facet normal 0 0 1
    outer loop
      vertex 5.5489 13.3962 16
      vertex 8.83143 11.5 16
      vertex 6.41318 13.0047 16
    endloop
  endfacet
  facet normal 0 0 1
    outer loop
      vertex 4.66086 13.7305 16
      vertex 8.83143 11.5 16
      vertex 5.5489 13.3962 16
    endloop
  endfacet
  facet normal 0 0 1
    outer loop
      vertex 3.75287 14.0059 16
      vertex 8.83143 11.5 16
      vertex 4.66086 13.7305 16
    endloop
  endfacet
  facet normal 0 0 1
    outer loop
      vertex 2.8288 14.2214 16
      vertex 8.83143 11.5 16
      vertex 3.75287 14.0059 16
    endloop
  endfacet
  facet normal 0 0 1
    outer loop
      vertex 1.89262 14.3759 16
      vertex 8.83143 11.5 16
      vertex 2.8288 14.2214 16
    endloop
  endfacet
  facet normal 0 0 1
    outer loop
      vertex 0.948334 14.4689 16
      vertex 8.83143 11.5 16
      vertex 1.89262 14.3759 16
    endloop
  endfacet
  facet normal 0 0 1
    outer loop
      vertex 0 14.5 16
      vertex 8.83143 11.5 16
      vertex 0.948334 14.4689 16
    endloop
  endfacet
  facet normal -0 0 1
    outer loop
      vertex -0.948334 14.4689 16
      vertex 8.83143 11.5 16
      vertex 0 14.5 16
    endloop
  endfacet
  facet normal -0 0 1
    outer loop
      vertex -1.89262 14.3759 16
      vertex 8.83143 11.5 16
      vertex -0.948334 14.4689 16
    endloop
  endfacet
  facet normal -0 0 1
    outer loop
      vertex -2.8288 14.2214 16
      vertex 8.83143 11.5 16
      vertex -1.89262 14.3759 16
    endloop
  endfacet
  facet normal -0 0 1
    outer loop
      vertex -3.75287 14.0059 16
      vertex 8.83143 11.5 16
      vertex -2.8288 14.2214 16
    endloop
  endfacet
  facet normal -0 0 1
    outer loop
      vertex -4.66086 13.7305 16
      vertex 8.83143 11.5 16
      vertex -3.75287 14.0059 16
    endloop
  endfacet
  facet normal -0 0 1
    outer loop
      vertex -5.5489 13.3962 16
      vertex 8.83143 11.5 16
      vertex -4.66086 13.7305 16
    endloop
  endfacet
  facet normal -0 0 1
    outer loop
      vertex -6.41318 13.0047 16
      vertex 8.83143 11.5 16
      vertex -5.5489 13.3962 16
    endloop
  endfacet
  facet normal -0 0 1
    outer loop
      vertex -7.25 12.5574 16
      vertex 8.83143 11.5 16
      vertex -6.41318 13.0047 16
    endloop
  endfacet
  facet normal -0 0 1
    outer loop
      vertex -8.05576 12.0563 16
      vertex 8.83143 11.5 16
      vertex -7.25 12.5574 16
    endloop
  endfacet
  facet normal 0 0 1
    outer loop
      vertex -8.83143 11.5 16
      vertex -8.05576 12.0563 16
      vertex -8.82703 11.5036 16
    endloop
  endfacet
  facet normal 0 0 1
    outer loop
      vertex -8.05576 12.0563 16
      vertex -8.83143 11.5 16
      vertex 8.83143 11.5 16
    endloop
  endfacet
  facet normal 0 0 -1
    outer loop
      vertex 13.1572 11.5385 -16
      vertex 16.8 11.5 -16
      vertex 13.1888 11.5 -16
    endloop
  endfacet
  facet normal 0 0 -1
    outer loop
      vertex 12.3744 12.3744 -16
      vertex 16.8 11.5 -16
      vertex 13.1572 11.5385 -16
    endloop
  endfacet
  facet normal 0 0 -1
    outer loop
      vertex 16.8 11.5 -16
      vertex 12.3744 12.3744 -16
      vertex 16.8 21.1 -16
    endloop
  endfacet
  facet normal 0 0 -1
    outer loop
      vertex 11.5385 13.1572 -16
      vertex 16.8 21.1 -16
      vertex 12.3744 12.3744 -16
    endloop
  endfacet
  facet normal 0 0 -1
    outer loop
      vertex 10.6533 13.8837 -16
      vertex 16.8 21.1 -16
      vertex 11.5385 13.1572 -16
    endloop
  endfacet
  facet normal 0 0 -1
    outer loop
      vertex 9.72247 14.5507 -16
      vertex 16.8 21.1 -16
      vertex 10.6533 13.8837 -16
    endloop
  endfacet
  facet normal 0 0 -1
    outer loop
      vertex 8.75 15.1554 -16
      vertex 16.8 21.1 -16
      vertex 9.72247 14.5507 -16
    endloop
  endfacet
  facet normal 0 0 -1
    outer loop
      vertex 7.74005 15.6953 -16
      vertex 16.8 21.1 -16
      vertex 8.75 15.1554 -16
    endloop
  endfacet
  facet normal 0 0 -1
    outer loop
      vertex 6.69695 16.1679 -16
      vertex 16.8 21.1 -16
      vertex 7.74005 15.6953 -16
    endloop
  endfacet
  facet normal 0 0 -1
    outer loop
      vertex 5.62518 16.5713 -16
      vertex 16.8 21.1 -16
      vertex 6.69695 16.1679 -16
    endloop
  endfacet
  facet normal 0 0 -1
    outer loop
      vertex 4.52933 16.9037 -16
      vertex 16.8 21.1 -16
      vertex 5.62518 16.5713 -16
    endloop
  endfacet
  facet normal 0 0 -1
    outer loop
      vertex 3.41408 17.1637 -16
      vertex 16.8 21.1 -16
      vertex 4.52933 16.9037 -16
    endloop
  endfacet
  facet normal 0 0 -1
    outer loop
      vertex 2.28419 17.3503 -16
      vertex 16.8 21.1 -16
      vertex 3.41408 17.1637 -16
    endloop
  endfacet
  facet normal 0 0 -1
    outer loop
      vertex 1.14455 17.4625 -16
      vertex 16.8 21.1 -16
      vertex 2.28419 17.3503 -16
    endloop
  endfacet
  facet normal 0 0 -1
    outer loop
      vertex 0 17.5 -16
      vertex 16.8 21.1 -16
      vertex 1.14455 17.4625 -16
    endloop
  endfacet
  facet normal 0 0 -1
    outer loop
      vertex -16.8 21.1 -16
      vertex 0 17.5 -16
      vertex -1.14455 17.4625 -16
    endloop
  endfacet
  facet normal 0 0 -1
    outer loop
      vertex -16.8 21.1 -16
      vertex -1.14455 17.4625 -16
      vertex -2.28419 17.3503 -16
    endloop
  endfacet
  facet normal 0 0 -1
    outer loop
      vertex -16.8 21.1 -16
      vertex -2.28419 17.3503 -16
      vertex -3.41408 17.1637 -16
    endloop
  endfacet
  facet normal 0 0 -1
    outer loop
      vertex -16.8 11.5 -16
      vertex -13.1572 11.5385 -16
      vertex -13.1888 11.5 -16
    endloop
  endfacet
  facet normal 0 0 -1
    outer loop
      vertex -16.8 11.5 -16
      vertex -12.3744 12.3744 -16
      vertex -13.1572 11.5385 -16
    endloop
  endfacet
  facet normal 0 0 -1
    outer loop
      vertex -16.8 21.1 -16
      vertex -12.3744 12.3744 -16
      vertex -16.8 11.5 -16
    endloop
  endfacet
  facet normal 0 0 -1
    outer loop
      vertex -12.3744 12.3744 -16
      vertex -16.8 21.1 -16
      vertex -11.5385 13.1572 -16
    endloop
  endfacet
  facet normal 0 0 -1
    outer loop
      vertex -11.5385 13.1572 -16
      vertex -16.8 21.1 -16
      vertex -10.6533 13.8837 -16
    endloop
  endfacet
  facet normal 0 0 -1
    outer loop
      vertex -10.6533 13.8837 -16
      vertex -16.8 21.1 -16
      vertex -9.72247 14.5507 -16
    endloop
  endfacet
  facet normal 0 0 -1
    outer loop
      vertex -9.72247 14.5507 -16
      vertex -16.8 21.1 -16
      vertex -8.75 15.1554 -16
    endloop
  endfacet
  facet normal 0 0 -1
    outer loop
      vertex 0 17.5 -16
      vertex -16.8 21.1 -16
      vertex 16.8 21.1 -16
    endloop
  endfacet
  facet normal 0 0 -1
    outer loop
      vertex -4.52933 16.9037 -16
      vertex -16.8 21.1 -16
      vertex -3.41408 17.1637 -16
    endloop
  endfacet
  facet normal 0 0 -1
    outer loop
      vertex -5.62518 16.5713 -16
      vertex -16.8 21.1 -16
      vertex -4.52933 16.9037 -16
    endloop
  endfacet
  facet normal 0 0 -1
    outer loop
      vertex -6.69695 16.1679 -16
      vertex -16.8 21.1 -16
      vertex -5.62518 16.5713 -16
    endloop
  endfacet
  facet normal 0 0 -1
    outer loop
      vertex -7.74005 15.6953 -16
      vertex -16.8 21.1 -16
      vertex -6.69695 16.1679 -16
    endloop
  endfacet
  facet normal 0 0 -1
    outer loop
      vertex -8.75 15.1554 -16
      vertex -16.8 21.1 -16
      vertex -7.74005 15.6953 -16
    endloop
  endfacet
  facet normal 0 0 -1
    outer loop
      vertex 8.83143 11.5 -16
      vertex 8.05576 12.0563 -16
      vertex 8.82703 11.5036 -16
    endloop
  endfacet
  facet normal 0 0 -1
    outer loop
      vertex 8.83143 11.5 -16
      vertex 7.25 12.5574 -16
      vertex 8.05576 12.0563 -16
    endloop
  endfacet
  facet normal 0 0 -1
    outer loop
      vertex 8.83143 11.5 -16
      vertex 6.41318 13.0047 -16
      vertex 7.25 12.5574 -16
    endloop
  endfacet
  facet normal 0 0 -1
    outer loop
      vertex 8.83143 11.5 -16
      vertex 5.5489 13.3962 -16
      vertex 6.41318 13.0047 -16
    endloop
  endfacet
  facet normal 0 0 -1
    outer loop
      vertex 8.83143 11.5 -16
      vertex 4.66086 13.7305 -16
      vertex 5.5489 13.3962 -16
    endloop
  endfacet
  facet normal 0 0 -1
    outer loop
      vertex 8.83143 11.5 -16
      vertex 3.75287 14.0059 -16
      vertex 4.66086 13.7305 -16
    endloop
  endfacet
  facet normal 0 0 -1
    outer loop
      vertex 8.83143 11.5 -16
      vertex 2.8288 14.2214 -16
      vertex 3.75287 14.0059 -16
    endloop
  endfacet
  facet normal 0 0 -1
    outer loop
      vertex 8.83143 11.5 -16
      vertex 1.89262 14.3759 -16
      vertex 2.8288 14.2214 -16
    endloop
  endfacet
  facet normal 0 0 -1
    outer loop
      vertex 8.83143 11.5 -16
      vertex 0.948334 14.4689 -16
      vertex 1.89262 14.3759 -16
    endloop
  endfacet
  facet normal 0 0 -1
    outer loop
      vertex 8.83143 11.5 -16
      vertex 0 14.5 -16
      vertex 0.948334 14.4689 -16
    endloop
  endfacet
  facet normal 0 0 -1
    outer loop
      vertex 8.83143 11.5 -16
      vertex -0.948334 14.4689 -16
      vertex 0 14.5 -16
    endloop
  endfacet
  facet normal 0 0 -1
    outer loop
      vertex 8.83143 11.5 -16
      vertex -1.89262 14.3759 -16
      vertex -0.948334 14.4689 -16
    endloop
  endfacet
  facet normal 0 0 -1
    outer loop
      vertex 8.83143 11.5 -16
      vertex -2.8288 14.2214 -16
      vertex -1.89262 14.3759 -16
    endloop
  endfacet
  facet normal 0 0 -1
    outer loop
      vertex 8.83143 11.5 -16
      vertex -3.75287 14.0059 -16
      vertex -2.8288 14.2214 -16
    endloop
  endfacet
  facet normal 0 0 -1
    outer loop
      vertex 8.83143 11.5 -16
      vertex -4.66086 13.7305 -16
      vertex -3.75287 14.0059 -16
    endloop
  endfacet
  facet normal 0 0 -1
    outer loop
      vertex 8.83143 11.5 -16
      vertex -5.5489 13.3962 -16
      vertex -4.66086 13.7305 -16
    endloop
  endfacet
  facet normal 0 0 -1
    outer loop
      vertex 8.83143 11.5 -16
      vertex -6.41318 13.0047 -16
      vertex -5.5489 13.3962 -16
    endloop
  endfacet
  facet normal 0 0 -1
    outer loop
      vertex 8.83143 11.5 -16
      vertex -7.25 12.5574 -16
      vertex -6.41318 13.0047 -16
    endloop
  endfacet
  facet normal 0 0 -1
    outer loop
      vertex 8.83143 11.5 -16
      vertex -8.05576 12.0563 -16
      vertex -7.25 12.5574 -16
    endloop
  endfacet
  facet normal 0 0 -1
    outer loop
      vertex -8.83143 11.5 -16
      vertex -8.05576 12.0563 -16
      vertex 8.83143 11.5 -16
    endloop
  endfacet
  facet normal 0 0 -1
    outer loop
      vertex -8.05576 12.0563 -16
      vertex -8.83143 11.5 -16
      vertex -8.82703 11.5036 -16
    endloop
  endfacet
  facet normal -1 0 0
    outer loop
      vertex -16.8 11.5 -16
      vertex -16.8 21.1 16
      vertex -16.8 21.1 -16
    endloop
  endfacet
  facet normal -1 -0 0
    outer loop
      vertex -16.8 21.1 16
      vertex -16.8 11.5 -16
      vertex -16.8 11.5 16
    endloop
  endfacet
  facet normal 0 1 0
    outer loop
      vertex 16.8 21.1 16
      vertex 2 21.1 2
      vertex -16.8 21.1 16
    endloop
  endfacet
  facet normal 0 1 0
    outer loop
      vertex 16.8 21.1 16
      vertex 2 21.1 -2
      vertex 2 21.1 2
    endloop
  endfacet
  facet normal 0 1 0
    outer loop
      vertex 2 21.1 -2
      vertex 16.8 21.1 -16
      vertex -2 21.1 -2
    endloop
  endfacet
  facet normal 0 1 -0
    outer loop
      vertex 16.8 21.1 -16
      vertex 2 21.1 -2
      vertex 16.8 21.1 16
    endloop
  endfacet
  facet normal 0 1 -0
    outer loop
      vertex -2 21.1 2
      vertex -16.8 21.1 16
      vertex 2 21.1 2
    endloop
  endfacet
  facet normal 0 1 -0
    outer loop
      vertex -2 21.1 -2
      vertex -16.8 21.1 16
      vertex -2 21.1 2
    endloop
  endfacet
  facet normal 0 1 0
    outer loop
      vertex -2 21.1 -2
      vertex -16.8 21.1 -16
      vertex -16.8 21.1 16
    endloop
  endfacet
  facet normal 0 1 0
    outer loop
      vertex -16.8 21.1 -16
      vertex -2 21.1 -2
      vertex 16.8 21.1 -16
    endloop
  endfacet
  facet normal 0 -1 0
    outer loop
      vertex -16.8 11.5 16
      vertex -15.982 11.5 8.35
      vertex -13.1888 11.5 16
    endloop
  endfacet
  facet normal 0 -1 0
    outer loop
      vertex -16.8 11.5 16
      vertex -15.982 11.5 6.35
      vertex -15.982 11.5 8.35
    endloop
  endfacet
  facet normal 0 -1 0
    outer loop
      vertex -13.3963 11.5 5.54891
      vertex -13.1888 11.5 6.35
      vertex -15.982 11.5 6.35
    endloop
  endfacet
  facet normal 0 -1 -0
    outer loop
      vertex -13.1888 11.5 6.35
      vertex -13.3963 11.5 5.54891
      vertex -13.1888 11.5 6.0067
    endloop
  endfacet
  facet normal 0 -1 0
    outer loop
      vertex -15.982 11.5 6.35
      vertex -13.7305 11.5 4.66087
      vertex -13.3963 11.5 5.54891
    endloop
  endfacet
  facet normal 0 -1 0
    outer loop
      vertex -15.982 11.5 6.35
      vertex -14.0059 11.5 3.75288
      vertex -13.7305 11.5 4.66087
    endloop
  endfacet
  facet normal 0 -1 0
    outer loop
      vertex -15.982 11.5 6.35
      vertex -14.2214 11.5 2.82881
      vertex -14.0059 11.5 3.75288
    endloop
  endfacet
  facet normal 0 -1 0
    outer loop
      vertex -15.982 11.5 6.35
      vertex -14.3759 11.5 1.89263
      vertex -14.2214 11.5 2.82881
    endloop
  endfacet
  facet normal 0 -1 0
    outer loop
      vertex -15.982 11.5 6.35
      vertex -14.469 11.5 0.948345
      vertex -14.3759 11.5 1.89263
    endloop
  endfacet
  facet normal 0 -1 0
    outer loop
      vertex -15.982 11.5 6.35
      vertex -14.5 11.5 0
      vertex -14.469 11.5 0.948345
    endloop
  endfacet
  facet normal 0 -1 0
    outer loop
      vertex -15.982 11.5 -6.35
      vertex -14.5 11.5 0
      vertex -15.982 11.5 6.35
    endloop
  endfacet
  facet normal 0 -1 -0
    outer loop
      vertex -14.5 11.5 0
      vertex -15.982 11.5 -6.35
      vertex -14.469 11.5 -0.948345
    endloop
  endfacet
  facet normal 0 -1 -0
    outer loop
      vertex -14.469 11.5 -0.948345
      vertex -15.982 11.5 -6.35
      vertex -14.3759 11.5 -1.89263
    endloop
  endfacet
  facet normal 0 -1 0
    outer loop
      vertex -13.1888 11.5 -6.35
      vertex -13.3963 11.5 -5.54891
      vertex -15.982 11.5 -6.35
    endloop
  endfacet
  facet normal 0 -1 -0
    outer loop
      vertex -13.7305 11.5 -4.66087
      vertex -15.982 11.5 -6.35
      vertex -13.3963 11.5 -5.54891
    endloop
  endfacet
  facet normal 0 -1 -0
    outer loop
      vertex -14.0059 11.5 -3.75288
      vertex -15.982 11.5 -6.35
      vertex -13.7305 11.5 -4.66087
    endloop
  endfacet
  facet normal 0 -1 -0
    outer loop
      vertex -14.2214 11.5 -2.82881
      vertex -15.982 11.5 -6.35
      vertex -14.0059 11.5 -3.75288
    endloop
  endfacet
  facet normal 0 -1 -0
    outer loop
      vertex -14.3759 11.5 -1.89263
      vertex -15.982 11.5 -6.35
      vertex -14.2214 11.5 -2.82881
    endloop
  endfacet
  facet normal 0 -1 0
    outer loop
      vertex -16.8 11.5 16
      vertex -15.982 11.5 -6.35
      vertex -15.982 11.5 6.35
    endloop
  endfacet
  facet normal 0 -1 0
    outer loop
      vertex -16.8 11.5 -16
      vertex -15.982 11.5 -6.35
      vertex -16.8 11.5 16
    endloop
  endfacet
  facet normal 0 -1 -0
    outer loop
      vertex -15.982 11.5 -6.35
      vertex -16.8 11.5 -16
      vertex -15.982 11.5 -8.35
    endloop
  endfacet
  facet normal 0 -1 0
    outer loop
      vertex -13.1888 11.5 -16
      vertex -15.982 11.5 -8.35
      vertex -16.8 11.5 -16
    endloop
  endfacet
  facet normal 0 -1 0
    outer loop
      vertex -15.982 11.5 -8.35
      vertex -13.1888 11.5 -16
      vertex -13.1888 11.5 -8.35
    endloop
  endfacet
  facet normal 0 -1 -0
    outer loop
      vertex -13.1888 11.5 16
      vertex -15.982 11.5 8.35
      vertex -13.1888 11.5 8.35
    endloop
  endfacet
  facet normal 0 -1 0
    outer loop
      vertex -13.3963 11.5 -5.54891
      vertex -13.1888 11.5 -6.35
      vertex -13.1888 11.5 -6.0067
    endloop
  endfacet
  facet normal 0 -1 0
    outer loop
      vertex 13.1888 11.5 -8.35
      vertex 13.1888 11.5 -16
      vertex 15.982 11.5 -8.35
    endloop
  endfacet
  facet normal 0 -1 0
    outer loop
      vertex 13.3963 11.5 5.54891
      vertex 13.1888 11.5 6.35
      vertex 13.1888 11.5 6.0067
    endloop
  endfacet
  facet normal 0 -1 0
    outer loop
      vertex 15.982 11.5 8.35
      vertex 13.1888 11.5 16
      vertex 13.1888 11.5 8.35
    endloop
  endfacet
  facet normal 0 -1 0
    outer loop
      vertex 13.1888 11.5 16
      vertex 15.982 11.5 8.35
      vertex 16.8 11.5 16
    endloop
  endfacet
  facet normal 0 -1 0
    outer loop
      vertex 15.982 11.5 6.35
      vertex 16.8 11.5 16
      vertex 15.982 11.5 8.35
    endloop
  endfacet
  facet normal 0 -1 0
    outer loop
      vertex 13.1888 11.5 6.35
      vertex 13.3963 11.5 5.54891
      vertex 15.982 11.5 6.35
    endloop
  endfacet
  facet normal 0 -1 0
    outer loop
      vertex 13.7305 11.5 4.66087
      vertex 15.982 11.5 6.35
      vertex 13.3963 11.5 5.54891
    endloop
  endfacet
  facet normal 0 -1 0
    outer loop
      vertex 14.0059 11.5 3.75288
      vertex 15.982 11.5 6.35
      vertex 13.7305 11.5 4.66087
    endloop
  endfacet
  facet normal 0 -1 0
    outer loop
      vertex 14.2214 11.5 2.82881
      vertex 15.982 11.5 6.35
      vertex 14.0059 11.5 3.75288
    endloop
  endfacet
  facet normal 0 -1 0
    outer loop
      vertex 14.3759 11.5 1.89263
      vertex 15.982 11.5 6.35
      vertex 14.2214 11.5 2.82881
    endloop
  endfacet
  facet normal 0 -1 0
    outer loop
      vertex 14.469 11.5 0.948345
      vertex 15.982 11.5 6.35
      vertex 14.3759 11.5 1.89263
    endloop
  endfacet
  facet normal 0 -1 0
    outer loop
      vertex 14.5 11.5 0
      vertex 15.982 11.5 6.35
      vertex 14.469 11.5 0.948345
    endloop
  endfacet
  facet normal 0 -1 0
    outer loop
      vertex 15.982 11.5 -6.35
      vertex 14.5 11.5 0
      vertex 14.469 11.5 -0.948345
    endloop
  endfacet
  facet normal 0 -1 0
    outer loop
      vertex 15.982 11.5 -6.35
      vertex 14.469 11.5 -0.948345
      vertex 14.3759 11.5 -1.89263
    endloop
  endfacet
  facet normal 0 -1 0
    outer loop
      vertex 15.982 11.5 -6.35
      vertex 14.3759 11.5 -1.89263
      vertex 14.2214 11.5 -2.82881
    endloop
  endfacet
  facet normal 0 -1 0
    outer loop
      vertex 13.1888 11.5 -6.35
      vertex 13.3963 11.5 -5.54891
      vertex 13.1888 11.5 -6.0067
    endloop
  endfacet
  facet normal 0 -1 0
    outer loop
      vertex 15.982 11.5 -6.35
      vertex 13.3963 11.5 -5.54891
      vertex 13.1888 11.5 -6.35
    endloop
  endfacet
  facet normal 0 -1 0
    outer loop
      vertex 13.3963 11.5 -5.54891
      vertex 15.982 11.5 -6.35
      vertex 13.7305 11.5 -4.66087
    endloop
  endfacet
  facet normal 0 -1 0
    outer loop
      vertex 15.982 11.5 -6.35
      vertex 14.0059 11.5 -3.75288
      vertex 13.7305 11.5 -4.66087
    endloop
  endfacet
  facet normal 0 -1 0
    outer loop
      vertex 15.982 11.5 -6.35
      vertex 14.2214 11.5 -2.82881
      vertex 14.0059 11.5 -3.75288
    endloop
  endfacet
  facet normal 0 -1 0
    outer loop
      vertex 14.5 11.5 0
      vertex 15.982 11.5 -6.35
      vertex 15.982 11.5 6.35
    endloop
  endfacet
  facet normal 0 -1 0
    outer loop
      vertex 15.982 11.5 -6.35
      vertex 16.8 11.5 16
      vertex 15.982 11.5 6.35
    endloop
  endfacet
  facet normal 0 -1 0
    outer loop
      vertex 16.8 11.5 -16
      vertex 15.982 11.5 -6.35
      vertex 15.982 11.5 -8.35
    endloop
  endfacet
  facet normal 0 -1 0
    outer loop
      vertex 15.982 11.5 -6.35
      vertex 16.8 11.5 -16
      vertex 16.8 11.5 16
    endloop
  endfacet
  facet normal 0 -1 0
    outer loop
      vertex 16.8 11.5 -16
      vertex 15.982 11.5 -8.35
      vertex 13.1888 11.5 -16
    endloop
  endfacet
  facet normal 0 -1 -0
    outer loop
      vertex -0.948345 11.5 -14.469
      vertex -8.83143 11.5 -16
      vertex 0 11.5 -14.5
    endloop
  endfacet
  facet normal 0 -1 -0
    outer loop
      vertex -1.89263 11.5 -14.3759
      vertex -8.83143 11.5 -16
      vertex -0.948345 11.5 -14.469
    endloop
  endfacet
  facet normal 0 -1 -0
    outer loop
      vertex -2.82881 11.5 -14.2214
      vertex -8.83143 11.5 -16
      vertex -1.89263 11.5 -14.3759
    endloop
  endfacet
  facet normal 0 -1 -0
    outer loop
      vertex -3.75288 11.5 -14.0059
      vertex -8.83143 11.5 -16
      vertex -2.82881 11.5 -14.2214
    endloop
  endfacet
  facet normal 0 -1 -0
    outer loop
      vertex -4.66087 11.5 -13.7305
      vertex -8.83143 11.5 -16
      vertex -3.75288 11.5 -14.0059
    endloop
  endfacet
  facet normal 0 -1 -0
    outer loop
      vertex -5.54891 11.5 -13.3963
      vertex -8.83143 11.5 -16
      vertex -4.66087 11.5 -13.7305
    endloop
  endfacet
  facet normal 0 -1 -0
    outer loop
      vertex -6.41319 11.5 -13.0047
      vertex -8.83143 11.5 -16
      vertex -5.54891 11.5 -13.3963
    endloop
  endfacet
  facet normal 0 -1 -0
    outer loop
      vertex -7.25 11.5 -12.5574
      vertex -8.83143 11.5 -16
      vertex -6.41319 11.5 -13.0047
    endloop
  endfacet
  facet normal 0 -1 -0
    outer loop
      vertex -8.05577 11.5 -12.0563
      vertex -8.83143 11.5 -16
      vertex -7.25 11.5 -12.5574
    endloop
  endfacet
  facet normal 0 -1 -0
    outer loop
      vertex -8.82704 11.5 -11.5036
      vertex -8.83143 11.5 -16
      vertex -8.05577 11.5 -12.0563
    endloop
  endfacet
  facet normal 0 -1 0
    outer loop
      vertex -8.83143 11.5 -16
      vertex -8.82704 11.5 -11.5036
      vertex -8.83143 11.5 -11.5
    endloop
  endfacet
  facet normal 0 -1 0
    outer loop
      vertex 8.83143 11.5 -16
      vertex 0 11.5 -14.5
      vertex -8.83143 11.5 -16
    endloop
  endfacet
  facet normal 0 -1 0
    outer loop
      vertex 0 11.5 -14.5
      vertex 8.83143 11.5 -16
      vertex 0.948345 11.5 -14.469
    endloop
  endfacet
  facet normal 0 -1 0
    outer loop
      vertex 8.82704 11.5 -11.5036
      vertex 8.83143 11.5 -16
      vertex 8.83143 11.5 -11.5
    endloop
  endfacet
  facet normal 0 -1 0
    outer loop
      vertex 8.05577 11.5 -12.0563
      vertex 8.83143 11.5 -16
      vertex 8.82704 11.5 -11.5036
    endloop
  endfacet
  facet normal 0 -1 0
    outer loop
      vertex 7.25 11.5 -12.5574
      vertex 8.83143 11.5 -16
      vertex 8.05577 11.5 -12.0563
    endloop
  endfacet
  facet normal 0 -1 0
    outer loop
      vertex 6.41319 11.5 -13.0047
      vertex 8.83143 11.5 -16
      vertex 7.25 11.5 -12.5574
    endloop
  endfacet
  facet normal 0 -1 0
    outer loop
      vertex 5.54891 11.5 -13.3963
      vertex 8.83143 11.5 -16
      vertex 6.41319 11.5 -13.0047
    endloop
  endfacet
  facet normal 0 -1 0
    outer loop
      vertex 4.66087 11.5 -13.7305
      vertex 8.83143 11.5 -16
      vertex 5.54891 11.5 -13.3963
    endloop
  endfacet
  facet normal 0 -1 0
    outer loop
      vertex 3.75288 11.5 -14.0059
      vertex 8.83143 11.5 -16
      vertex 4.66087 11.5 -13.7305
    endloop
  endfacet
  facet normal 0 -1 0
    outer loop
      vertex 2.82881 11.5 -14.2214
      vertex 8.83143 11.5 -16
      vertex 3.75288 11.5 -14.0059
    endloop
  endfacet
  facet normal 0 -1 0
    outer loop
      vertex 1.89263 11.5 -14.3759
      vertex 8.83143 11.5 -16
      vertex 2.82881 11.5 -14.2214
    endloop
  endfacet
  facet normal 0 -1 0
    outer loop
      vertex 0.948345 11.5 -14.469
      vertex 8.83143 11.5 -16
      vertex 1.89263 11.5 -14.3759
    endloop
  endfacet
  facet normal 0 -1 0
    outer loop
      vertex -8.83143 11.5 16
      vertex 0 11.5 14.5
      vertex 8.83143 11.5 16
    endloop
  endfacet
  facet normal 0 -1 0
    outer loop
      vertex -8.83143 11.5 16
      vertex -0.948345 11.5 14.469
      vertex 0 11.5 14.5
    endloop
  endfacet
  facet normal 0 -1 0
    outer loop
      vertex -8.83143 11.5 16
      vertex -1.89263 11.5 14.3759
      vertex -0.948345 11.5 14.469
    endloop
  endfacet
  facet normal 0 -1 0
    outer loop
      vertex -8.83143 11.5 16
      vertex -2.82881 11.5 14.2214
      vertex -1.89263 11.5 14.3759
    endloop
  endfacet
  facet normal 0 -1 0
    outer loop
      vertex -8.83143 11.5 16
      vertex -3.75288 11.5 14.0059
      vertex -2.82881 11.5 14.2214
    endloop
  endfacet
  facet normal 0 -1 0
    outer loop
      vertex -8.83143 11.5 16
      vertex -4.66087 11.5 13.7305
      vertex -3.75288 11.5 14.0059
    endloop
  endfacet
  facet normal 0 -1 0
    outer loop
      vertex -8.83143 11.5 16
      vertex -5.54891 11.5 13.3963
      vertex -4.66087 11.5 13.7305
    endloop
  endfacet
  facet normal 0 -1 0
    outer loop
      vertex -8.83143 11.5 16
      vertex -6.41319 11.5 13.0047
      vertex -5.54891 11.5 13.3963
    endloop
  endfacet
  facet normal 0 -1 0
    outer loop
      vertex -8.83143 11.5 16
      vertex -7.25 11.5 12.5574
      vertex -6.41319 11.5 13.0047
    endloop
  endfacet
  facet normal 0 -1 0
    outer loop
      vertex -8.83143 11.5 16
      vertex -8.05577 11.5 12.0563
      vertex -7.25 11.5 12.5574
    endloop
  endfacet
  facet normal 0 -1 0
    outer loop
      vertex -8.83143 11.5 16
      vertex -8.82704 11.5 11.5036
      vertex -8.05577 11.5 12.0563
    endloop
  endfacet
  facet normal -0 -1 0
    outer loop
      vertex -8.82704 11.5 11.5036
      vertex -8.83143 11.5 16
      vertex -8.83143 11.5 11.5
    endloop
  endfacet
  facet normal 0 -1 0
    outer loop
      vertex 0.948345 11.5 14.469
      vertex 8.83143 11.5 16
      vertex 0 11.5 14.5
    endloop
  endfacet
  facet normal 0 -1 0
    outer loop
      vertex 1.89263 11.5 14.3759
      vertex 8.83143 11.5 16
      vertex 0.948345 11.5 14.469
    endloop
  endfacet
  facet normal 0 -1 0
    outer loop
      vertex 2.82881 11.5 14.2214
      vertex 8.83143 11.5 16
      vertex 1.89263 11.5 14.3759
    endloop
  endfacet
  facet normal 0 -1 0
    outer loop
      vertex 3.75288 11.5 14.0059
      vertex 8.83143 11.5 16
      vertex 2.82881 11.5 14.2214
    endloop
  endfacet
  facet normal 0 -1 0
    outer loop
      vertex 4.66087 11.5 13.7305
      vertex 8.83143 11.5 16
      vertex 3.75288 11.5 14.0059
    endloop
  endfacet
  facet normal 0 -1 0
    outer loop
      vertex 5.54891 11.5 13.3963
      vertex 8.83143 11.5 16
      vertex 4.66087 11.5 13.7305
    endloop
  endfacet
  facet normal 0 -1 0
    outer loop
      vertex 6.41319 11.5 13.0047
      vertex 8.83143 11.5 16
      vertex 5.54891 11.5 13.3963
    endloop
  endfacet
  facet normal 0 -1 0
    outer loop
      vertex 7.25 11.5 12.5574
      vertex 8.83143 11.5 16
      vertex 6.41319 11.5 13.0047
    endloop
  endfacet
  facet normal 0 -1 0
    outer loop
      vertex 8.05577 11.5 12.0563
      vertex 8.83143 11.5 16
      vertex 7.25 11.5 12.5574
    endloop
  endfacet
  facet normal 0 -1 0
    outer loop
      vertex 8.82704 11.5 11.5036
      vertex 8.83143 11.5 16
      vertex 8.05577 11.5 12.0563
    endloop
  endfacet
  facet normal 0 -1 -0
    outer loop
      vertex 8.83143 11.5 16
      vertex 8.82704 11.5 11.5036
      vertex 8.83143 11.5 11.5
    endloop
  endfacet
  facet normal 0 0 -1
    outer loop
      vertex -16.894 4.52673 6.35
      vertex -16.9037 4.52933 6.35
      vertex -16.894 4.52674 6.35
    endloop
  endfacet
  facet normal 0 0 -1
    outer loop
      vertex -15.6953 7.74005 6.35
      vertex -17.6684 8.71307 6.35
      vertex -17.0607 9.84999 6.35
    endloop
  endfacet
  facet normal 0 0 -1
    outer loop
      vertex -16.5713 5.62518 6.35
      vertex -18.2004 7.53885 6.35
      vertex -17.6684 8.71307 6.35
    endloop
  endfacet
  facet normal 0 0 -1
    outer loop
      vertex -16.5713 5.62518 6.35
      vertex -18.6545 6.33235 6.35
      vertex -18.2004 7.53885 6.35
    endloop
  endfacet
  facet normal 0 0 -1
    outer loop
      vertex -16.9037 4.52933 6.35
      vertex -19.0287 5.09872 6.35
      vertex -18.6545 6.33235 6.35
    endloop
  endfacet
  facet normal 0 0 -1
    outer loop
      vertex -19.0287 5.09872 6.35
      vertex -16.9037 4.52933 6.35
      vertex -16.894 4.52673 6.35
    endloop
  endfacet
  facet normal 0 0 -1
    outer loop
      vertex -13.8837 10.6533 6.35
      vertex -15.982 11.5 6.35
      vertex -13.1888 11.5 6.35
    endloop
  endfacet
  facet normal 0 0 -1
    outer loop
      vertex -14.5507 9.72247 6.35
      vertex -15.982 11.5 6.35
      vertex -13.8837 10.6533 6.35
    endloop
  endfacet
  facet normal 0 0 -1
    outer loop
      vertex -16.3799 10.9447 6.35
      vertex -14.5507 9.72247 6.35
      vertex -15.1554 8.75 6.35
    endloop
  endfacet
  facet normal 0 0 -1
    outer loop
      vertex -17.0607 9.84999 6.35
      vertex -15.1554 8.75 6.35
      vertex -15.6953 7.74005 6.35
    endloop
  endfacet
  facet normal 0 0 -1
    outer loop
      vertex -17.6684 8.71307 6.35
      vertex -15.6953 7.74005 6.35
      vertex -16.1679 6.69695 6.35
    endloop
  endfacet
  facet normal 0 0 -1
    outer loop
      vertex -14.5507 9.72247 6.35
      vertex -16.3799 10.9447 6.35
      vertex -15.982 11.5 6.35
    endloop
  endfacet
  facet normal 0 0 -1
    outer loop
      vertex -17.6684 8.71307 6.35
      vertex -16.1679 6.69695 6.35
      vertex -16.5713 5.62518 6.35
    endloop
  endfacet
  facet normal 0 0 -1
    outer loop
      vertex -18.6545 6.33235 6.35
      vertex -16.5713 5.62518 6.35
      vertex -16.9037 4.52933 6.35
    endloop
  endfacet
  facet normal 0 0 -1
    outer loop
      vertex -15.1554 8.75 6.35
      vertex -17.0607 9.84999 6.35
      vertex -16.3799 10.9447 6.35
    endloop
  endfacet
  facet normal 0 0 -1
    outer loop
      vertex 16.5713 5.62518 6.35
      vertex 18.6545 6.33235 6.35
      vertex 19.0287 5.09872 6.35
    endloop
  endfacet
  facet normal -0 0 -1
    outer loop
      vertex 18.6545 6.33235 6.35
      vertex 16.5713 5.62518 6.35
      vertex 18.2004 7.53885 6.35
    endloop
  endfacet
  facet normal -0 0 -1
    outer loop
      vertex 18.2004 7.53885 6.35
      vertex 16.1679 6.69695 6.35
      vertex 17.6684 8.71307 6.35
    endloop
  endfacet
  facet normal 0 0 -1
    outer loop
      vertex 16.5713 5.62518 6.35
      vertex 19.0287 5.09872 6.35
      vertex 16.9037 4.52933 6.35
    endloop
  endfacet
  facet normal 0 0 -1
    outer loop
      vertex 16.894 4.52673 6.35
      vertex 16.9037 4.52933 6.35
      vertex 19.0287 5.09872 6.35
    endloop
  endfacet
  facet normal 0 0 -1
    outer loop
      vertex 16.9037 4.52933 6.35
      vertex 16.894 4.52673 6.35
      vertex 16.894 4.52674 6.35
    endloop
  endfacet
  facet normal 0 0 -1
    outer loop
      vertex 18.2004 7.53885 6.35
      vertex 16.5713 5.62518 6.35
      vertex 16.1679 6.69695 6.35
    endloop
  endfacet
  facet normal 0 0 -1
    outer loop
      vertex 15.6953 7.74005 6.35
      vertex 17.6684 8.71307 6.35
      vertex 16.1679 6.69695 6.35
    endloop
  endfacet
  facet normal -0 0 -1
    outer loop
      vertex 17.6684 8.71307 6.35
      vertex 15.6953 7.74005 6.35
      vertex 17.0607 9.84999 6.35
    endloop
  endfacet
  facet normal 0 0 -1
    outer loop
      vertex 15.1554 8.75 6.35
      vertex 17.0607 9.84999 6.35
      vertex 15.6953 7.74005 6.35
    endloop
  endfacet
  facet normal -0 0 -1
    outer loop
      vertex 17.0607 9.84999 6.35
      vertex 15.1554 8.75 6.35
      vertex 16.3799 10.9447 6.35
    endloop
  endfacet
  facet normal 0 0 -1
    outer loop
      vertex 14.5507 9.72247 6.35
      vertex 16.3799 10.9447 6.35
      vertex 15.1554 8.75 6.35
    endloop
  endfacet
  facet normal -0 0 -1
    outer loop
      vertex 16.3799 10.9447 6.35
      vertex 14.5507 9.72247 6.35
      vertex 15.982 11.5 6.35
    endloop
  endfacet
  facet normal 0 0 -1
    outer loop
      vertex 13.8837 10.6533 6.35
      vertex 15.982 11.5 6.35
      vertex 14.5507 9.72247 6.35
    endloop
  endfacet
  facet normal -0 0 -1
    outer loop
      vertex 15.982 11.5 6.35
      vertex 13.8837 10.6533 6.35
      vertex 13.1888 11.5 6.35
    endloop
  endfacet
  facet normal -0 0 1
    outer loop
      vertex -15.982 11.5 8.35
      vertex -13.8837 10.6533 8.35
      vertex -13.1888 11.5 8.35
    endloop
  endfacet
  facet normal 0 0 1
    outer loop
      vertex -15.982 11.5 8.35
      vertex -14.5507 9.72247 8.35
      vertex -13.8837 10.6533 8.35
    endloop
  endfacet
  facet normal -0 0 1
    outer loop
      vertex -16.3799 10.9447 8.35
      vertex -14.5507 9.72247 8.35
      vertex -15.982 11.5 8.35
    endloop
  endfacet
  facet normal 0 0 1
    outer loop
      vertex -14.5507 9.72247 8.35
      vertex -16.3799 10.9447 8.35
      vertex -15.1554 8.75 8.35
    endloop
  endfacet
  facet normal -0 0 1
    outer loop
      vertex -17.0607 9.84999 8.35
      vertex -15.1554 8.75 8.35
      vertex -16.3799 10.9447 8.35
    endloop
  endfacet
  facet normal 0 0 1
    outer loop
      vertex -15.1554 8.75 8.35
      vertex -17.0607 9.84999 8.35
      vertex -15.6953 7.74005 8.35
    endloop
  endfacet
  facet normal -0 0 1
    outer loop
      vertex -17.6684 8.71307 8.35
      vertex -15.6953 7.74005 8.35
      vertex -17.0607 9.84999 8.35
    endloop
  endfacet
  facet normal 0 0 1
    outer loop
      vertex -15.6953 7.74005 8.35
      vertex -17.6684 8.71307 8.35
      vertex -16.1679 6.69695 8.35
    endloop
  endfacet
  facet normal -0 0 1
    outer loop
      vertex -18.2004 7.53885 8.35
      vertex -16.1679 6.69695 8.35
      vertex -17.6684 8.71307 8.35
    endloop
  endfacet
  facet normal 0 0 1
    outer loop
      vertex -16.9037 4.52933 8.35
      vertex -16.894 4.52673 8.35
      vertex -16.894 4.52674 8.35
    endloop
  endfacet
  facet normal 0 0 1
    outer loop
      vertex -16.1679 6.69695 8.35
      vertex -18.2004 7.53885 8.35
      vertex -16.5713 5.62518 8.35
    endloop
  endfacet
  facet normal -0 0 1
    outer loop
      vertex -18.6545 6.33235 8.35
      vertex -16.5713 5.62518 8.35
      vertex -18.2004 7.53885 8.35
    endloop
  endfacet
  facet normal 0 0 1
    outer loop
      vertex -16.5713 5.62518 8.35
      vertex -18.6545 6.33235 8.35
      vertex -16.9037 4.52933 8.35
    endloop
  endfacet
  facet normal 0 0 1
    outer loop
      vertex -16.9037 4.52933 8.35
      vertex -19.0287 5.09872 8.35
      vertex -16.894 4.52673 8.35
    endloop
  endfacet
  facet normal -0 0 1
    outer loop
      vertex -19.0287 5.09872 8.35
      vertex -16.9037 4.52933 8.35
      vertex -18.6545 6.33235 8.35
    endloop
  endfacet
  facet normal 0 0 1
    outer loop
      vertex 18.6545 6.33235 8.35
      vertex 16.5713 5.62518 8.35
      vertex 16.9037 4.52933 8.35
    endloop
  endfacet
  facet normal 0 0 1
    outer loop
      vertex 15.1554 8.75 8.35
      vertex 17.0607 9.84999 8.35
      vertex 16.3799 10.9447 8.35
    endloop
  endfacet
  facet normal 0 0 1
    outer loop
      vertex 17.6684 8.71307 8.35
      vertex 16.1679 6.69695 8.35
      vertex 16.5713 5.62518 8.35
    endloop
  endfacet
  facet normal 0 0 1
    outer loop
      vertex 14.5507 9.72247 8.35
      vertex 16.3799 10.9447 8.35
      vertex 15.982 11.5 8.35
    endloop
  endfacet
  facet normal 0 0 1
    outer loop
      vertex 17.6684 8.71307 8.35
      vertex 15.6953 7.74005 8.35
      vertex 16.1679 6.69695 8.35
    endloop
  endfacet
  facet normal 0 0 1
    outer loop
      vertex 17.0607 9.84999 8.35
      vertex 15.1554 8.75 8.35
      vertex 15.6953 7.74005 8.35
    endloop
  endfacet
  facet normal 0 0 1
    outer loop
      vertex 16.3799 10.9447 8.35
      vertex 14.5507 9.72247 8.35
      vertex 15.1554 8.75 8.35
    endloop
  endfacet
  facet normal 0 0 1
    outer loop
      vertex 15.982 11.5 8.35
      vertex 13.8837 10.6533 8.35
      vertex 14.5507 9.72247 8.35
    endloop
  endfacet
  facet normal 0 -0 1
    outer loop
      vertex 13.8837 10.6533 8.35
      vertex 15.982 11.5 8.35
      vertex 13.1888 11.5 8.35
    endloop
  endfacet
  facet normal 0 0 1
    outer loop
      vertex 16.5713 5.62518 8.35
      vertex 18.6545 6.33235 8.35
      vertex 18.2004 7.53885 8.35
    endloop
  endfacet
  facet normal 0 0 1
    outer loop
      vertex 16.5713 5.62518 8.35
      vertex 18.2004 7.53885 8.35
      vertex 17.6684 8.71307 8.35
    endloop
  endfacet
  facet normal 0 0 1
    outer loop
      vertex 15.6953 7.74005 8.35
      vertex 17.6684 8.71307 8.35
      vertex 17.0607 9.84999 8.35
    endloop
  endfacet
  facet normal 0 0 1
    outer loop
      vertex 18.6545 6.33235 8.35
      vertex 16.9037 4.52933 8.35
      vertex 19.0287 5.09872 8.35
    endloop
  endfacet
  facet normal -0 0 1
    outer loop
      vertex 16.9037 4.52933 8.35
      vertex 16.894 4.52673 8.35
      vertex 19.0287 5.09872 8.35
    endloop
  endfacet
  facet normal 0 0 1
    outer loop
      vertex 16.894 4.52673 8.35
      vertex 16.9037 4.52933 8.35
      vertex 16.894 4.52674 8.35
    endloop
  endfacet
  facet normal -1 0 0
    outer loop
      vertex 16.894 4.52673 6.35
      vertex 16.894 4.52674 8.35
      vertex 16.894 4.52674 6.35
    endloop
  endfacet
  facet normal -1 -0 0
    outer loop
      vertex 16.894 4.52674 8.35
      vertex 16.894 4.52673 6.35
      vertex 16.894 4.52673 8.35
    endloop
  endfacet
  facet normal 0.258819 -0.965926 0
    outer loop
      vertex 16.894 4.52673 6.35
      vertex 19.0287 5.09872 8.35
      vertex 16.894 4.52673 8.35
    endloop
  endfacet
  facet normal 0.258819 -0.965926 0
    outer loop
      vertex 19.0287 5.09872 8.35
      vertex 16.894 4.52673 6.35
      vertex 19.0287 5.09872 6.35
    endloop
  endfacet
  facet normal 0.956944 0.290272 0
    outer loop
      vertex 19.0287 5.09872 8.35
      vertex 18.6545 6.33235 6.35
      vertex 18.6545 6.33235 8.35
    endloop
  endfacet
  facet normal 0.956944 0.290272 0
    outer loop
      vertex 18.6545 6.33235 6.35
      vertex 19.0287 5.09872 8.35
      vertex 19.0287 5.09872 6.35
    endloop
  endfacet
  facet normal 0.935905 0.352254 0
    outer loop
      vertex 18.6545 6.33235 8.35
      vertex 18.2004 7.53885 6.35
      vertex 18.2004 7.53885 8.35
    endloop
  endfacet
  facet normal 0.935905 0.352254 0
    outer loop
      vertex 18.2004 7.53885 6.35
      vertex 18.6545 6.33235 8.35
      vertex 18.6545 6.33235 6.35
    endloop
  endfacet
  facet normal 0.910873 0.412686 0
    outer loop
      vertex 18.2004 7.53885 8.35
      vertex 17.6684 8.71307 6.35
      vertex 17.6684 8.71307 8.35
    endloop
  endfacet
  facet normal 0.910873 0.412686 0
    outer loop
      vertex 17.6684 8.71307 6.35
      vertex 18.2004 7.53885 8.35
      vertex 18.2004 7.53885 6.35
    endloop
  endfacet
  facet normal 0.88192 0.471399 0
    outer loop
      vertex 17.6684 8.71307 8.35
      vertex 17.0607 9.84999 6.35
      vertex 17.0607 9.84999 8.35
    endloop
  endfacet
  facet normal 0.88192 0.471399 0
    outer loop
      vertex 17.0607 9.84999 6.35
      vertex 17.6684 8.71307 8.35
      vertex 17.6684 8.71307 6.35
    endloop
  endfacet
  facet normal 0.849179 0.528105 0
    outer loop
      vertex 17.0607 9.84999 8.35
      vertex 16.3799 10.9447 6.35
      vertex 16.3799 10.9447 8.35
    endloop
  endfacet
  facet normal 0.849179 0.528105 0
    outer loop
      vertex 16.3799 10.9447 6.35
      vertex 17.0607 9.84999 8.35
      vertex 17.0607 9.84999 6.35
    endloop
  endfacet
  facet normal 0.812862 0.582456 0
    outer loop
      vertex 16.3799 10.9447 8.35
      vertex 15.982 11.5 6.35
      vertex 15.982 11.5 8.35
    endloop
  endfacet
  facet normal 0.812862 0.582456 0
    outer loop
      vertex 15.982 11.5 6.35
      vertex 16.3799 10.9447 8.35
      vertex 16.3799 10.9447 6.35
    endloop
  endfacet
  facet normal -0.812862 0.582456 0
    outer loop
      vertex -16.3799 10.9447 6.35
      vertex -15.982 11.5 8.35
      vertex -15.982 11.5 6.35
    endloop
  endfacet
  facet normal -0.812862 0.582456 0
    outer loop
      vertex -15.982 11.5 8.35
      vertex -16.3799 10.9447 6.35
      vertex -16.3799 10.9447 8.35
    endloop
  endfacet
  facet normal -0.849179 0.528105 0
    outer loop
      vertex -17.0607 9.84999 6.35
      vertex -16.3799 10.9447 8.35
      vertex -16.3799 10.9447 6.35
    endloop
  endfacet
  facet normal -0.849179 0.528105 0
    outer loop
      vertex -16.3799 10.9447 8.35
      vertex -17.0607 9.84999 6.35
      vertex -17.0607 9.84999 8.35
    endloop
  endfacet
  facet normal -0.88192 0.471399 0
    outer loop
      vertex -17.6684 8.71307 6.35
      vertex -17.0607 9.84999 8.35
      vertex -17.0607 9.84999 6.35
    endloop
  endfacet
  facet normal -0.88192 0.471399 0
    outer loop
      vertex -17.0607 9.84999 8.35
      vertex -17.6684 8.71307 6.35
      vertex -17.6684 8.71307 8.35
    endloop
  endfacet
  facet normal -0.910873 0.412686 0
    outer loop
      vertex -18.2004 7.53885 6.35
      vertex -17.6684 8.71307 8.35
      vertex -17.6684 8.71307 6.35
    endloop
  endfacet
  facet normal -0.910873 0.412686 0
    outer loop
      vertex -17.6684 8.71307 8.35
      vertex -18.2004 7.53885 6.35
      vertex -18.2004 7.53885 8.35
    endloop
  endfacet
  facet normal -0.935905 0.352254 0
    outer loop
      vertex -18.6545 6.33235 6.35
      vertex -18.2004 7.53885 8.35
      vertex -18.2004 7.53885 6.35
    endloop
  endfacet
  facet normal -0.935905 0.352254 0
    outer loop
      vertex -18.2004 7.53885 8.35
      vertex -18.6545 6.33235 6.35
      vertex -18.6545 6.33235 8.35
    endloop
  endfacet
  facet normal -0.956944 0.290272 0
    outer loop
      vertex -19.0287 5.09872 6.35
      vertex -18.6545 6.33235 8.35
      vertex -18.6545 6.33235 6.35
    endloop
  endfacet
  facet normal -0.956944 0.290272 0
    outer loop
      vertex -18.6545 6.33235 8.35
      vertex -19.0287 5.09872 6.35
      vertex -19.0287 5.09872 8.35
    endloop
  endfacet
  facet normal -0.258819 -0.965926 0
    outer loop
      vertex -19.0287 5.09872 6.35
      vertex -16.894 4.52673 8.35
      vertex -19.0287 5.09872 8.35
    endloop
  endfacet
  facet normal -0.258819 -0.965926 -0
    outer loop
      vertex -16.894 4.52673 8.35
      vertex -19.0287 5.09872 6.35
      vertex -16.894 4.52673 6.35
    endloop
  endfacet
  facet normal 1 -0 0
    outer loop
      vertex -16.894 4.52673 8.35
      vertex -16.894 4.52674 6.35
      vertex -16.894 4.52674 8.35
    endloop
  endfacet
  facet normal 1 0 0
    outer loop
      vertex -16.894 4.52674 6.35
      vertex -16.894 4.52673 8.35
      vertex -16.894 4.52673 6.35
    endloop
  endfacet
  facet normal 0 0 -1
    outer loop
      vertex -16.894 4.52673 -8.35
      vertex -16.9037 4.52933 -8.35
      vertex -16.894 4.52674 -8.35
    endloop
  endfacet
  facet normal 0 0 -1
    outer loop
      vertex -15.6953 7.74005 -8.35
      vertex -17.6684 8.71307 -8.35
      vertex -17.0607 9.84999 -8.35
    endloop
  endfacet
  facet normal 0 0 -1
    outer loop
      vertex -16.5713 5.62518 -8.35
      vertex -18.2004 7.53885 -8.35
      vertex -17.6684 8.71307 -8.35
    endloop
  endfacet
  facet normal 0 0 -1
    outer loop
      vertex -16.5713 5.62518 -8.35
      vertex -18.6545 6.33235 -8.35
      vertex -18.2004 7.53885 -8.35
    endloop
  endfacet
  facet normal 0 0 -1
    outer loop
      vertex -16.9037 4.52933 -8.35
      vertex -19.0287 5.09872 -8.35
      vertex -18.6545 6.33235 -8.35
    endloop
  endfacet
  facet normal 0 0 -1
    outer loop
      vertex -19.0287 5.09872 -8.35
      vertex -16.9037 4.52933 -8.35
      vertex -16.894 4.52673 -8.35
    endloop
  endfacet
  facet normal 0 0 -1
    outer loop
      vertex -13.8837 10.6533 -8.35
      vertex -15.982 11.5 -8.35
      vertex -13.1888 11.5 -8.35
    endloop
  endfacet
  facet normal 0 0 -1
    outer loop
      vertex -14.5507 9.72247 -8.35
      vertex -15.982 11.5 -8.35
      vertex -13.8837 10.6533 -8.35
    endloop
  endfacet
  facet normal 0 0 -1
    outer loop
      vertex -16.3799 10.9447 -8.35
      vertex -14.5507 9.72247 -8.35
      vertex -15.1554 8.75 -8.35
    endloop
  endfacet
  facet normal 0 0 -1
    outer loop
      vertex -17.0607 9.84999 -8.35
      vertex -15.1554 8.75 -8.35
      vertex -15.6953 7.74005 -8.35
    endloop
  endfacet
  facet normal 0 0 -1
    outer loop
      vertex -17.6684 8.71307 -8.35
      vertex -15.6953 7.74005 -8.35
      vertex -16.1679 6.69695 -8.35
    endloop
  endfacet
  facet normal 0 0 -1
    outer loop
      vertex -14.5507 9.72247 -8.35
      vertex -16.3799 10.9447 -8.35
      vertex -15.982 11.5 -8.35
    endloop
  endfacet
  facet normal 0 0 -1
    outer loop
      vertex -17.6684 8.71307 -8.35
      vertex -16.1679 6.69695 -8.35
      vertex -16.5713 5.62518 -8.35
    endloop
  endfacet
  facet normal 0 0 -1
    outer loop
      vertex -18.6545 6.33235 -8.35
      vertex -16.5713 5.62518 -8.35
      vertex -16.9037 4.52933 -8.35
    endloop
  endfacet
  facet normal 0 0 -1
    outer loop
      vertex -15.1554 8.75 -8.35
      vertex -17.0607 9.84999 -8.35
      vertex -16.3799 10.9447 -8.35
    endloop
  endfacet
  facet normal 0 0 -1
    outer loop
      vertex 16.5713 5.62518 -8.35
      vertex 18.6545 6.33235 -8.35
      vertex 19.0287 5.09872 -8.35
    endloop
  endfacet
  facet normal -0 0 -1
    outer loop
      vertex 18.6545 6.33235 -8.35
      vertex 16.5713 5.62518 -8.35
      vertex 18.2004 7.53885 -8.35
    endloop
  endfacet
  facet normal -0 0 -1
    outer loop
      vertex 18.2004 7.53885 -8.35
      vertex 16.1679 6.69695 -8.35
      vertex 17.6684 8.71307 -8.35
    endloop
  endfacet
  facet normal 0 0 -1
    outer loop
      vertex 16.5713 5.62518 -8.35
      vertex 19.0287 5.09872 -8.35
      vertex 16.9037 4.52933 -8.35
    endloop
  endfacet
  facet normal 0 0 -1
    outer loop
      vertex 16.894 4.52673 -8.35
      vertex 16.9037 4.52933 -8.35
      vertex 19.0287 5.09872 -8.35
    endloop
  endfacet
  facet normal 0 0 -1
    outer loop
      vertex 16.9037 4.52933 -8.35
      vertex 16.894 4.52673 -8.35
      vertex 16.894 4.52674 -8.35
    endloop
  endfacet
  facet normal 0 0 -1
    outer loop
      vertex 18.2004 7.53885 -8.35
      vertex 16.5713 5.62518 -8.35
      vertex 16.1679 6.69695 -8.35
    endloop
  endfacet
  facet normal 0 0 -1
    outer loop
      vertex 15.6953 7.74005 -8.35
      vertex 17.6684 8.71307 -8.35
      vertex 16.1679 6.69695 -8.35
    endloop
  endfacet
  facet normal -0 0 -1
    outer loop
      vertex 17.6684 8.71307 -8.35
      vertex 15.6953 7.74005 -8.35
      vertex 17.0607 9.84999 -8.35
    endloop
  endfacet
  facet normal 0 0 -1
    outer loop
      vertex 15.1554 8.75 -8.35
      vertex 17.0607 9.84999 -8.35
      vertex 15.6953 7.74005 -8.35
    endloop
  endfacet
  facet normal -0 0 -1
    outer loop
      vertex 17.0607 9.84999 -8.35
      vertex 15.1554 8.75 -8.35
      vertex 16.3799 10.9447 -8.35
    endloop
  endfacet
  facet normal 0 0 -1
    outer loop
      vertex 14.5507 9.72247 -8.35
      vertex 16.3799 10.9447 -8.35
      vertex 15.1554 8.75 -8.35
    endloop
  endfacet
  facet normal -0 0 -1
    outer loop
      vertex 16.3799 10.9447 -8.35
      vertex 14.5507 9.72247 -8.35
      vertex 15.982 11.5 -8.35
    endloop
  endfacet
  facet normal 0 0 -1
    outer loop
      vertex 13.8837 10.6533 -8.35
      vertex 15.982 11.5 -8.35
      vertex 14.5507 9.72247 -8.35
    endloop
  endfacet
  facet normal -0 0 -1
    outer loop
      vertex 15.982 11.5 -8.35
      vertex 13.8837 10.6533 -8.35
      vertex 13.1888 11.5 -8.35
    endloop
  endfacet
  facet normal -0 0 1
    outer loop
      vertex -15.982 11.5 -6.35
      vertex -13.8837 10.6533 -6.35
      vertex -13.1888 11.5 -6.35
    endloop
  endfacet
  facet normal 0 0 1
    outer loop
      vertex -15.982 11.5 -6.35
      vertex -14.5507 9.72247 -6.35
      vertex -13.8837 10.6533 -6.35
    endloop
  endfacet
  facet normal -0 0 1
    outer loop
      vertex -16.3799 10.9447 -6.35
      vertex -14.5507 9.72247 -6.35
      vertex -15.982 11.5 -6.35
    endloop
  endfacet
  facet normal 0 0 1
    outer loop
      vertex -14.5507 9.72247 -6.35
      vertex -16.3799 10.9447 -6.35
      vertex -15.1554 8.75 -6.35
    endloop
  endfacet
  facet normal -0 0 1
    outer loop
      vertex -17.0607 9.84999 -6.35
      vertex -15.1554 8.75 -6.35
      vertex -16.3799 10.9447 -6.35
    endloop
  endfacet
  facet normal 0 0 1
    outer loop
      vertex -15.1554 8.75 -6.35
      vertex -17.0607 9.84999 -6.35
      vertex -15.6953 7.74005 -6.35
    endloop
  endfacet
  facet normal -0 0 1
    outer loop
      vertex -17.6684 8.71307 -6.35
      vertex -15.6953 7.74005 -6.35
      vertex -17.0607 9.84999 -6.35
    endloop
  endfacet
  facet normal 0 0 1
    outer loop
      vertex -15.6953 7.74005 -6.35
      vertex -17.6684 8.71307 -6.35
      vertex -16.1679 6.69695 -6.35
    endloop
  endfacet
  facet normal -0 0 1
    outer loop
      vertex -18.2004 7.53885 -6.35
      vertex -16.1679 6.69695 -6.35
      vertex -17.6684 8.71307 -6.35
    endloop
  endfacet
  facet normal 0 0 1
    outer loop
      vertex -16.9037 4.52933 -6.35
      vertex -16.894 4.52673 -6.35
      vertex -16.894 4.52674 -6.35
    endloop
  endfacet
  facet normal 0 0 1
    outer loop
      vertex -16.1679 6.69695 -6.35
      vertex -18.2004 7.53885 -6.35
      vertex -16.5713 5.62518 -6.35
    endloop
  endfacet
  facet normal -0 0 1
    outer loop
      vertex -18.6545 6.33235 -6.35
      vertex -16.5713 5.62518 -6.35
      vertex -18.2004 7.53885 -6.35
    endloop
  endfacet
  facet normal 0 0 1
    outer loop
      vertex -16.5713 5.62518 -6.35
      vertex -18.6545 6.33235 -6.35
      vertex -16.9037 4.52933 -6.35
    endloop
  endfacet
  facet normal 0 0 1
    outer loop
      vertex -16.9037 4.52933 -6.35
      vertex -19.0287 5.09872 -6.35
      vertex -16.894 4.52673 -6.35
    endloop
  endfacet
  facet normal -0 0 1
    outer loop
      vertex -19.0287 5.09872 -6.35
      vertex -16.9037 4.52933 -6.35
      vertex -18.6545 6.33235 -6.35
    endloop
  endfacet
  facet normal 0 0 1
    outer loop
      vertex 18.6545 6.33235 -6.35
      vertex 16.5713 5.62518 -6.35
      vertex 16.9037 4.52933 -6.35
    endloop
  endfacet
  facet normal 0 0 1
    outer loop
      vertex 15.1554 8.75 -6.35
      vertex 17.0607 9.84999 -6.35
      vertex 16.3799 10.9447 -6.35
    endloop
  endfacet
  facet normal 0 0 1
    outer loop
      vertex 17.6684 8.71307 -6.35
      vertex 16.1679 6.69695 -6.35
      vertex 16.5713 5.62518 -6.35
    endloop
  endfacet
  facet normal 0 0 1
    outer loop
      vertex 14.5507 9.72247 -6.35
      vertex 16.3799 10.9447 -6.35
      vertex 15.982 11.5 -6.35
    endloop
  endfacet
  facet normal 0 0 1
    outer loop
      vertex 17.6684 8.71307 -6.35
      vertex 15.6953 7.74005 -6.35
      vertex 16.1679 6.69695 -6.35
    endloop
  endfacet
  facet normal 0 0 1
    outer loop
      vertex 17.0607 9.84999 -6.35
      vertex 15.1554 8.75 -6.35
      vertex 15.6953 7.74005 -6.35
    endloop
  endfacet
  facet normal 0 0 1
    outer loop
      vertex 16.3799 10.9447 -6.35
      vertex 14.5507 9.72247 -6.35
      vertex 15.1554 8.75 -6.35
    endloop
  endfacet
  facet normal 0 0 1
    outer loop
      vertex 15.982 11.5 -6.35
      vertex 13.8837 10.6533 -6.35
      vertex 14.5507 9.72247 -6.35
    endloop
  endfacet
  facet normal 0 -0 1
    outer loop
      vertex 13.8837 10.6533 -6.35
      vertex 15.982 11.5 -6.35
      vertex 13.1888 11.5 -6.35
    endloop
  endfacet
  facet normal 0 0 1
    outer loop
      vertex 16.5713 5.62518 -6.35
      vertex 18.6545 6.33235 -6.35
      vertex 18.2004 7.53885 -6.35
    endloop
  endfacet
  facet normal 0 0 1
    outer loop
      vertex 16.5713 5.62518 -6.35
      vertex 18.2004 7.53885 -6.35
      vertex 17.6684 8.71307 -6.35
    endloop
  endfacet
  facet normal 0 0 1
    outer loop
      vertex 15.6953 7.74005 -6.35
      vertex 17.6684 8.71307 -6.35
      vertex 17.0607 9.84999 -6.35
    endloop
  endfacet
  facet normal 0 0 1
    outer loop
      vertex 18.6545 6.33235 -6.35
      vertex 16.9037 4.52933 -6.35
      vertex 19.0287 5.09872 -6.35
    endloop
  endfacet
  facet normal -0 0 1
    outer loop
      vertex 16.9037 4.52933 -6.35
      vertex 16.894 4.52673 -6.35
      vertex 19.0287 5.09872 -6.35
    endloop
  endfacet
  facet normal 0 0 1
    outer loop
      vertex 16.894 4.52673 -6.35
      vertex 16.9037 4.52933 -6.35
      vertex 16.894 4.52674 -6.35
    endloop
  endfacet
  facet normal -1 0 0
    outer loop
      vertex 16.894 4.52673 -8.35
      vertex 16.894 4.52674 -6.35
      vertex 16.894 4.52674 -8.35
    endloop
  endfacet
  facet normal -1 -0 0
    outer loop
      vertex 16.894 4.52674 -6.35
      vertex 16.894 4.52673 -8.35
      vertex 16.894 4.52673 -6.35
    endloop
  endfacet
  facet normal 0.258819 -0.965926 0
    outer loop
      vertex 16.894 4.52673 -8.35
      vertex 19.0287 5.09872 -6.35
      vertex 16.894 4.52673 -6.35
    endloop
  endfacet
  facet normal 0.258819 -0.965926 0
    outer loop
      vertex 19.0287 5.09872 -6.35
      vertex 16.894 4.52673 -8.35
      vertex 19.0287 5.09872 -8.35
    endloop
  endfacet
  facet normal 0.956944 0.290272 0
    outer loop
      vertex 19.0287 5.09872 -6.35
      vertex 18.6545 6.33235 -8.35
      vertex 18.6545 6.33235 -6.35
    endloop
  endfacet
  facet normal 0.956944 0.290272 0
    outer loop
      vertex 18.6545 6.33235 -8.35
      vertex 19.0287 5.09872 -6.35
      vertex 19.0287 5.09872 -8.35
    endloop
  endfacet
  facet normal 0.935905 0.352254 0
    outer loop
      vertex 18.6545 6.33235 -6.35
      vertex 18.2004 7.53885 -8.35
      vertex 18.2004 7.53885 -6.35
    endloop
  endfacet
  facet normal 0.935905 0.352254 0
    outer loop
      vertex 18.2004 7.53885 -8.35
      vertex 18.6545 6.33235 -6.35
      vertex 18.6545 6.33235 -8.35
    endloop
  endfacet
  facet normal 0.910873 0.412686 0
    outer loop
      vertex 18.2004 7.53885 -6.35
      vertex 17.6684 8.71307 -8.35
      vertex 17.6684 8.71307 -6.35
    endloop
  endfacet
  facet normal 0.910873 0.412686 0
    outer loop
      vertex 17.6684 8.71307 -8.35
      vertex 18.2004 7.53885 -6.35
      vertex 18.2004 7.53885 -8.35
    endloop
  endfacet
  facet normal 0.88192 0.471399 0
    outer loop
      vertex 17.6684 8.71307 -6.35
      vertex 17.0607 9.84999 -8.35
      vertex 17.0607 9.84999 -6.35
    endloop
  endfacet
  facet normal 0.88192 0.471399 0
    outer loop
      vertex 17.0607 9.84999 -8.35
      vertex 17.6684 8.71307 -6.35
      vertex 17.6684 8.71307 -8.35
    endloop
  endfacet
  facet normal 0.849179 0.528105 0
    outer loop
      vertex 17.0607 9.84999 -6.35
      vertex 16.3799 10.9447 -8.35
      vertex 16.3799 10.9447 -6.35
    endloop
  endfacet
  facet normal 0.849179 0.528105 0
    outer loop
      vertex 16.3799 10.9447 -8.35
      vertex 17.0607 9.84999 -6.35
      vertex 17.0607 9.84999 -8.35
    endloop
  endfacet
  facet normal 0.812862 0.582456 0
    outer loop
      vertex 16.3799 10.9447 -6.35
      vertex 15.982 11.5 -8.35
      vertex 15.982 11.5 -6.35
    endloop
  endfacet
  facet normal 0.812862 0.582456 0
    outer loop
      vertex 15.982 11.5 -8.35
      vertex 16.3799 10.9447 -6.35
      vertex 16.3799 10.9447 -8.35
    endloop
  endfacet
  facet normal -0.812862 0.582456 0
    outer loop
      vertex -16.3799 10.9447 -8.35
      vertex -15.982 11.5 -6.35
      vertex -15.982 11.5 -8.35
    endloop
  endfacet
  facet normal -0.812862 0.582456 0
    outer loop
      vertex -15.982 11.5 -6.35
      vertex -16.3799 10.9447 -8.35
      vertex -16.3799 10.9447 -6.35
    endloop
  endfacet
  facet normal -0.849179 0.528105 0
    outer loop
      vertex -17.0607 9.84999 -8.35
      vertex -16.3799 10.9447 -6.35
      vertex -16.3799 10.9447 -8.35
    endloop
  endfacet
  facet normal -0.849179 0.528105 0
    outer loop
      vertex -16.3799 10.9447 -6.35
      vertex -17.0607 9.84999 -8.35
      vertex -17.0607 9.84999 -6.35
    endloop
  endfacet
  facet normal -0.88192 0.471399 0
    outer loop
      vertex -17.6684 8.71307 -8.35
      vertex -17.0607 9.84999 -6.35
      vertex -17.0607 9.84999 -8.35
    endloop
  endfacet
  facet normal -0.88192 0.471399 0
    outer loop
      vertex -17.0607 9.84999 -6.35
      vertex -17.6684 8.71307 -8.35
      vertex -17.6684 8.71307 -6.35
    endloop
  endfacet
  facet normal -0.910873 0.412686 0
    outer loop
      vertex -18.2004 7.53885 -8.35
      vertex -17.6684 8.71307 -6.35
      vertex -17.6684 8.71307 -8.35
    endloop
  endfacet
  facet normal -0.910873 0.412686 0
    outer loop
      vertex -17.6684 8.71307 -6.35
      vertex -18.2004 7.53885 -8.35
      vertex -18.2004 7.53885 -6.35
    endloop
  endfacet
  facet normal -0.935905 0.352254 0
    outer loop
      vertex -18.6545 6.33235 -8.35
      vertex -18.2004 7.53885 -6.35
      vertex -18.2004 7.53885 -8.35
    endloop
  endfacet
  facet normal -0.935905 0.352254 0
    outer loop
      vertex -18.2004 7.53885 -6.35
      vertex -18.6545 6.33235 -8.35
      vertex -18.6545 6.33235 -6.35
    endloop
  endfacet
  facet normal -0.956944 0.290272 0
    outer loop
      vertex -19.0287 5.09872 -8.35
      vertex -18.6545 6.33235 -6.35
      vertex -18.6545 6.33235 -8.35
    endloop
  endfacet
  facet normal -0.956944 0.290272 0
    outer loop
      vertex -18.6545 6.33235 -6.35
      vertex -19.0287 5.09872 -8.35
      vertex -19.0287 5.09872 -6.35
    endloop
  endfacet
  facet normal -0.258819 -0.965926 0
    outer loop
      vertex -19.0287 5.09872 -8.35
      vertex -16.894 4.52673 -6.35
      vertex -19.0287 5.09872 -6.35
    endloop
  endfacet
  facet normal -0.258819 -0.965926 -0
    outer loop
      vertex -16.894 4.52673 -6.35
      vertex -19.0287 5.09872 -8.35
      vertex -16.894 4.52673 -8.35
    endloop
  endfacet
  facet normal 1 -0 0
    outer loop
      vertex -16.894 4.52673 -6.35
      vertex -16.894 4.52674 -8.35
      vertex -16.894 4.52674 -6.35
    endloop
  endfacet
  facet normal 1 0 0
    outer loop
      vertex -16.894 4.52674 -8.35
      vertex -16.894 4.52673 -6.35
      vertex -16.894 4.52673 -8.35
    endloop
  endfacet
  facet normal -1 0 0
    outer loop
      vertex 2 20 -2
      vertex 2 21.1 2
      vertex 2 21.1 -2
    endloop
  endfacet
  facet normal -1 -0 0
    outer loop
      vertex 2 21.1 2
      vertex 2 20 -2
      vertex 2 20 2
    endloop
  endfacet
  facet normal 0 0 -1
    outer loop
      vertex -2 20 2
      vertex 2 21.1 2
      vertex 2 20 2
    endloop
  endfacet
  facet normal -0 0 -1
    outer loop
      vertex 2 21.1 2
      vertex -2 20 2
      vertex -2 21.1 2
    endloop
  endfacet
  facet normal -0 0 1
    outer loop
      vertex -2 21.1 -2
      vertex 2 20 -2
      vertex 2 21.1 -2
    endloop
  endfacet
  facet normal 0 0 1
    outer loop
      vertex 2 20 -2
      vertex -2 21.1 -2
      vertex -2 20 -2
    endloop
  endfacet
  facet normal 1 -0 0
    outer loop
      vertex -2 20 2
      vertex -2 21.1 -2
      vertex -2 21.1 2
    endloop
  endfacet
  facet normal 1 0 0
    outer loop
      vertex -2 21.1 -2
      vertex -2 20 2
      vertex -2 20 -2
    endloop
  endfacet
  facet normal -0.986654 0 -0.16283
    outer loop
      vertex 14.3759 11.5 1.89263
      vertex 14.2214 20 2.82881
      vertex 14.3759 20 1.89263
    endloop
  endfacet
  facet normal -0.986654 -0 -0.16283
    outer loop
      vertex 14.2214 20 2.82881
      vertex 14.3759 11.5 1.89263
      vertex 14.2214 11.5 2.82881
    endloop
  endfacet
  facet normal -0.986654 0 -0.16283
    outer loop
      vertex 14.2214 3.8106 2.82881
      vertex 14.3759 9.96635 1.89263
      vertex 14.3759 3.85202 1.89263
    endloop
  endfacet
  facet normal -0.986654 0 -0.16283
    outer loop
      vertex 14.3759 9.96635 1.89263
      vertex 14.2214 3.8106 2.82881
      vertex 14.2214 10.182 2.82881
    endloop
  endfacet
  facet normal -0.995175 0 -0.0981174
    outer loop
      vertex 14.469 11.5 0.948345
      vertex 14.3759 20 1.89263
      vertex 14.469 20 0.948345
    endloop
  endfacet
  facet normal -0.995175 -0 -0.0981174
    outer loop
      vertex 14.3759 20 1.89263
      vertex 14.469 11.5 0.948345
      vertex 14.3759 11.5 1.89263
    endloop
  endfacet
  facet normal -0.995175 0 -0.0981174
    outer loop
      vertex 14.3759 3.85202 1.89263
      vertex 14.469 9.83656 0.948345
      vertex 14.469 3.87694 0.948345
    endloop
  endfacet
  facet normal -0.995175 0 -0.0981174
    outer loop
      vertex 14.469 9.83656 0.948345
      vertex 14.3759 3.85202 1.89263
      vertex 14.3759 9.96635 1.89263
    endloop
  endfacet
  facet normal -0.999466 0 -0.0326711
    outer loop
      vertex 14.5 11.5 0
      vertex 14.469 20 0.948345
      vertex 14.5 20 0
    endloop
  endfacet
  facet normal -0.999466 -0 -0.0326711
    outer loop
      vertex 14.469 20 0.948345
      vertex 14.5 11.5 0
      vertex 14.469 11.5 0.948345
    endloop
  endfacet
  facet normal -0.999466 0 -0.0326711
    outer loop
      vertex 14.469 3.87694 0.948345
      vertex 14.5 9.79323 0
      vertex 14.5 3.88526 0
    endloop
  endfacet
  facet normal -0.999466 0 -0.0326711
    outer loop
      vertex 14.5 9.79323 0
      vertex 14.469 3.87694 0.948345
      vertex 14.469 9.83656 0.948345
    endloop
  endfacet
  facet normal 0.16283 0 -0.986654
    outer loop
      vertex -2.82881 11.5 14.2214
      vertex -1.89263 20 14.3759
      vertex -1.89263 11.5 14.3759
    endloop
  endfacet
  facet normal 0.16283 0 -0.986654
    outer loop
      vertex -1.89263 20 14.3759
      vertex -2.82881 11.5 14.2214
      vertex -2.82881 20 14.2214
    endloop
  endfacet
  facet normal -1 0 0
    outer loop
      vertex 10.253 10.253 10.2531
      vertex 10.253 20 10.253
      vertex 10.253 10.253 10.253
    endloop
  endfacet
  facet normal -0.683603 -7.48799e-06 -0.729854
    outer loop
      vertex 9.56051 10.9017 10.9017
      vertex 10.253 20 10.253
      vertex 10.253 10.253 10.2531
    endloop
  endfacet
  facet normal -0.683655 0 -0.729805
    outer loop
      vertex 10.253 20 10.253
      vertex 9.56051 10.9017 10.9017
      vertex 9.56051 20 10.9017
    endloop
  endfacet
  facet normal -0.528098 0 -0.849183
    outer loop
      vertex 7.25 11.5 12.5574
      vertex 8.05577 20 12.0563
      vertex 8.05577 11.5 12.0563
    endloop
  endfacet
  facet normal -0.528098 0 -0.849183
    outer loop
      vertex 8.05577 20 12.0563
      vertex 7.25 11.5 12.5574
      vertex 7.25 20 12.5574
    endloop
  endfacet
  facet normal -0.0326711 0 -0.999466
    outer loop
      vertex 0 11.5 14.5
      vertex 0.948345 20 14.469
      vertex 0.948345 11.5 14.469
    endloop
  endfacet
  facet normal -0.0326711 0 -0.999466
    outer loop
      vertex 0.948345 20 14.469
      vertex 0 11.5 14.5
      vertex 0 20 14.5
    endloop
  endfacet
  facet normal -0.812839 0 0.582489
    outer loop
      vertex 11.5036 8.82702 -8.82704
      vertex 12.0563 20 -8.05577
      vertex 11.5036 20 -8.82704
    endloop
  endfacet
  facet normal -0.812839 0 0.582489
    outer loop
      vertex 12.0563 8.05576 -8.05577
      vertex 12.0563 20 -8.05577
      vertex 11.5036 8.82702 -8.82704
    endloop
  endfacet
  facet normal 0 0 0
    outer loop
      vertex 12.0563 20 -8.05577
      vertex 12.0563 8.05576 -8.05577
      vertex 12.0563 8.05575 -8.05577
    endloop
  endfacet
  facet normal -0.227113 0 -0.973868
    outer loop
      vertex 2.82881 11.5 14.2214
      vertex 3.75288 20 14.0059
      vertex 3.75288 11.5 14.0059
    endloop
  endfacet
  facet normal -0.227113 0 -0.973868
    outer loop
      vertex 3.75288 20 14.0059
      vertex 2.82881 11.5 14.2214
      vertex 2.82881 20 14.2214
    endloop
  endfacet
  facet normal 0.582489 0 -0.812839
    outer loop
      vertex -8.82704 11.5 11.5036
      vertex -8.05577 20 12.0563
      vertex -8.05577 11.5 12.0563
    endloop
  endfacet
  facet normal 0.582489 0 -0.812839
    outer loop
      vertex -8.05577 20 12.0563
      vertex -8.82704 11.5 11.5036
      vertex -8.82704 20 11.5036
    endloop
  endfacet
  facet normal -0.973868 0 -0.227113
    outer loop
      vertex 14.2214 11.5 2.82881
      vertex 14.0059 20 3.75288
      vertex 14.2214 20 2.82881
    endloop
  endfacet
  facet normal -0.973868 -0 -0.227113
    outer loop
      vertex 14.0059 20 3.75288
      vertex 14.2214 11.5 2.82881
      vertex 14.0059 11.5 3.75288
    endloop
  endfacet
  facet normal -0.973868 0 -0.227113
    outer loop
      vertex 14.0059 3.75287 3.75288
      vertex 14.2214 10.182 2.82881
      vertex 14.2214 3.8106 2.82881
    endloop
  endfacet
  facet normal -0.973868 0 -0.227113
    outer loop
      vertex 14.2214 10.182 2.82881
      vertex 14.0059 3.75287 3.75288
      vertex 14.0059 10.4827 3.75288
    endloop
  endfacet
  facet normal -0.0981174 0 0.995175
    outer loop
      vertex 0.948345 20 -14.469
      vertex 1.89263 11.5 -14.3759
      vertex 1.89263 20 -14.3759
    endloop
  endfacet
  facet normal -0.0981174 0 0.995175
    outer loop
      vertex 1.89263 11.5 -14.3759
      vertex 0.948345 20 -14.469
      vertex 0.948345 11.5 -14.469
    endloop
  endfacet
  facet normal 0.935918 -0 0.352218
    outer loop
      vertex -13.7305 11.5 -4.66087
      vertex -13.3963 20 -5.54891
      vertex -13.7305 20 -4.66087
    endloop
  endfacet
  facet normal 0.935918 0 0.352218
    outer loop
      vertex -13.3963 20 -5.54891
      vertex -13.7305 11.5 -4.66087
      vertex -13.3963 11.5 -5.54891
    endloop
  endfacet
  facet normal 0.935918 0 0.352218
    outer loop
      vertex -13.7305 10.84 -4.66087
      vertex -13.3963 5.54887 -5.54891
      vertex -13.3963 11.2473 -5.54891
    endloop
  endfacet
  facet normal 0.935917 -5.70016e-07 0.352221
    outer loop
      vertex -13.7305 10.84 -4.66087
      vertex -13.7305 4.66086 -4.66088
      vertex -13.3963 5.54887 -5.54891
    endloop
  endfacet
  facet normal 1 0 -0
    outer loop
      vertex -13.7305 4.66086 -4.66088
      vertex -13.7305 10.84 -4.66087
      vertex -13.7305 4.66085 -4.66087
    endloop
  endfacet
  facet normal -0.812839 0 -0.582489
    outer loop
      vertex 12.0563 20 8.05577
      vertex 11.5036 8.82702 8.82704
      vertex 11.5036 20 8.82704
    endloop
  endfacet
  facet normal -0.812839 -0 -0.582489
    outer loop
      vertex 12.0563 20 8.05577
      vertex 12.0563 8.05576 8.05577
      vertex 11.5036 8.82702 8.82704
    endloop
  endfacet
  facet normal 0 0 -0
    outer loop
      vertex 12.0563 8.05576 8.05577
      vertex 12.0563 20 8.05577
      vertex 12.0563 8.05575 8.05577
    endloop
  endfacet
  facet normal 0.910864 8.37366e-06 -0.412707
    outer loop
      vertex -13.0047 20 6.41319
      vertex -13.1888 11.5 6.0067
      vertex -13.3963 20 5.54891
    endloop
  endfacet
  facet normal 0.91093 0 -0.412562
    outer loop
      vertex -13.0047 6.41318 6.41319
      vertex -13.1888 11.5 6.0067
      vertex -13.0047 20 6.41319
    endloop
  endfacet
  facet normal 0.910811 -2.52991e-05 -0.412824
    outer loop
      vertex -13.0047 6.41318 6.41319
      vertex -13.3963 11.2473 5.54891
      vertex -13.1888 11.5 6.0067
    endloop
  endfacet
  facet normal 0.910893 1.38127e-05 -0.412643
    outer loop
      vertex -13.3962 5.5489 5.54894
      vertex -13.3963 11.2473 5.54891
      vertex -13.0047 6.41318 6.41319
    endloop
  endfacet
  facet normal 0.287348 0 -0.957826
    outer loop
      vertex -13.3963 11.2473 5.54891
      vertex -13.3962 5.5489 5.54894
      vertex -13.3963 5.54887 5.54891
    endloop
  endfacet
  facet normal 0.910805 0 -0.412836
    outer loop
      vertex -13.3963 20 5.54891
      vertex -13.1888 11.5 6.0067
      vertex -13.3963 11.5 5.54891
    endloop
  endfacet
  facet normal -0.227113 0 0.973868
    outer loop
      vertex 2.82881 20 -14.2214
      vertex 3.75288 11.5 -14.0059
      vertex 3.75288 20 -14.0059
    endloop
  endfacet
  facet normal -0.227113 0 0.973868
    outer loop
      vertex 3.75288 11.5 -14.0059
      vertex 2.82881 20 -14.2214
      vertex 2.82881 11.5 -14.2214
    endloop
  endfacet
  facet normal -0.910805 0 -0.412836
    outer loop
      vertex 13.1888 11.5 6.0067
      vertex 13.3963 20 5.54891
      vertex 13.3963 11.5 5.54891
    endloop
  endfacet
  facet normal -0.910864 8.37366e-06 -0.412707
    outer loop
      vertex 13.3963 20 5.54891
      vertex 13.1888 11.5 6.0067
      vertex 13.0047 20 6.41319
    endloop
  endfacet
  facet normal -0.91093 0 -0.412562
    outer loop
      vertex 13.1888 11.5 6.0067
      vertex 13.0047 6.41318 6.41319
      vertex 13.0047 20 6.41319
    endloop
  endfacet
  facet normal -0.910811 -2.52991e-05 -0.412824
    outer loop
      vertex 13.3963 11.2473 5.54891
      vertex 13.0047 6.41318 6.41319
      vertex 13.1888 11.5 6.0067
    endloop
  endfacet
  facet normal -0.910893 1.38127e-05 -0.412643
    outer loop
      vertex 13.3963 11.2473 5.54891
      vertex 13.3962 5.5489 5.54894
      vertex 13.0047 6.41318 6.41319
    endloop
  endfacet
  facet normal -0.287348 0 -0.957826
    outer loop
      vertex 13.3962 5.5489 5.54894
      vertex 13.3963 11.2473 5.54891
      vertex 13.3963 5.54887 5.54891
    endloop
  endfacet
  facet normal -0.29025 0 0.956951
    outer loop
      vertex 3.75288 20 -14.0059
      vertex 4.66087 11.5 -13.7305
      vertex 4.66087 20 -13.7305
    endloop
  endfacet
  facet normal -0.29025 0 0.956951
    outer loop
      vertex 4.66087 11.5 -13.7305
      vertex 3.75288 20 -14.0059
      vertex 3.75288 11.5 -14.0059
    endloop
  endfacet
  facet normal 0 -1 0
    outer loop
      vertex -2 20 2
      vertex 0 20 14.5
      vertex -0.948345 20 14.469
    endloop
  endfacet
  facet normal 0 -1 0
    outer loop
      vertex -2 20 2
      vertex -0.948345 20 14.469
      vertex -1.89263 20 14.3759
    endloop
  endfacet
  facet normal 0 -1 0
    outer loop
      vertex 2 20 2
      vertex 0 20 14.5
      vertex -2 20 2
    endloop
  endfacet
  facet normal 0 -1 0
    outer loop
      vertex -2 20 2
      vertex -1.89263 20 14.3759
      vertex -2.82881 20 14.2214
    endloop
  endfacet
  facet normal 0 -1 0
    outer loop
      vertex 0 20 14.5
      vertex 2 20 2
      vertex 0.948345 20 14.469
    endloop
  endfacet
  facet normal 0 -1 0
    outer loop
      vertex -2 20 2
      vertex -2.82881 20 14.2214
      vertex -3.75288 20 14.0059
    endloop
  endfacet
  facet normal 0 -1 0
    outer loop
      vertex 0.948345 20 14.469
      vertex 2 20 2
      vertex 1.89263 20 14.3759
    endloop
  endfacet
  facet normal 0 -1 0
    outer loop
      vertex -2 20 2
      vertex -3.75288 20 14.0059
      vertex -4.66087 20 13.7305
    endloop
  endfacet
  facet normal 0 -1 0
    outer loop
      vertex 1.89263 20 14.3759
      vertex 2 20 2
      vertex 2.82881 20 14.2214
    endloop
  endfacet
  facet normal 0 -1 0
    outer loop
      vertex -2 20 2
      vertex -4.66087 20 13.7305
      vertex -5.54891 20 13.3963
    endloop
  endfacet
  facet normal 0 -1 -0
    outer loop
      vertex 2.82881 20 14.2214
      vertex 2 20 2
      vertex 3.75288 20 14.0059
    endloop
  endfacet
  facet normal 0 -1 0
    outer loop
      vertex -2 20 2
      vertex -5.54891 20 13.3963
      vertex -6.41319 20 13.0047
    endloop
  endfacet
  facet normal 0 -1 -0
    outer loop
      vertex 3.75288 20 14.0059
      vertex 2 20 2
      vertex 4.66087 20 13.7305
    endloop
  endfacet
  facet normal 0 -1 0
    outer loop
      vertex -2 20 2
      vertex -6.41319 20 13.0047
      vertex -7.25 20 12.5574
    endloop
  endfacet
  facet normal 0 -1 -0
    outer loop
      vertex 4.66087 20 13.7305
      vertex 2 20 2
      vertex 5.54891 20 13.3963
    endloop
  endfacet
  facet normal 0 -1 0
    outer loop
      vertex -2 20 2
      vertex -7.25 20 12.5574
      vertex -8.05577 20 12.0563
    endloop
  endfacet
  facet normal 0 -1 -0
    outer loop
      vertex 5.54891 20 13.3963
      vertex 2 20 2
      vertex 6.41319 20 13.0047
    endloop
  endfacet
  facet normal 0 -1 0
    outer loop
      vertex -2 20 2
      vertex -8.05577 20 12.0563
      vertex -8.82704 20 11.5036
    endloop
  endfacet
  facet normal 0 -1 -0
    outer loop
      vertex 6.41319 20 13.0047
      vertex 2 20 2
      vertex 7.25 20 12.5574
    endloop
  endfacet
  facet normal 0 -1 0
    outer loop
      vertex -2 20 2
      vertex -8.82704 20 11.5036
      vertex -9.56051 20 10.9017
    endloop
  endfacet
  facet normal 0 -1 -0
    outer loop
      vertex 7.25 20 12.5574
      vertex 2 20 2
      vertex 8.05577 20 12.0563
    endloop
  endfacet
  facet normal 0 -1 0
    outer loop
      vertex -2 20 2
      vertex -9.56051 20 10.9017
      vertex -10.253 20 10.253
    endloop
  endfacet
  facet normal 0 -1 -0
    outer loop
      vertex 8.05577 20 12.0563
      vertex 2 20 2
      vertex 8.82704 20 11.5036
    endloop
  endfacet
  facet normal 0 -1 0
    outer loop
      vertex -2 20 2
      vertex -10.253 20 10.253
      vertex -10.9017 20 9.56051
    endloop
  endfacet
  facet normal 0 -1 -0
    outer loop
      vertex 8.82704 20 11.5036
      vertex 2 20 2
      vertex 9.56051 20 10.9017
    endloop
  endfacet
  facet normal 0 -1 0
    outer loop
      vertex -2 20 2
      vertex -10.9017 20 9.56051
      vertex -11.5036 20 8.82704
    endloop
  endfacet
  facet normal 0 -1 -0
    outer loop
      vertex 9.56051 20 10.9017
      vertex 2 20 2
      vertex 10.253 20 10.253
    endloop
  endfacet
  facet normal 0 -1 0
    outer loop
      vertex -2 20 2
      vertex -11.5036 20 8.82704
      vertex -12.0563 20 8.05577
    endloop
  endfacet
  facet normal 0 -1 -0
    outer loop
      vertex 10.253 20 10.253
      vertex 2 20 2
      vertex 10.9017 20 9.56051
    endloop
  endfacet
  facet normal 0 -1 0
    outer loop
      vertex -2 20 2
      vertex -12.0563 20 8.05577
      vertex -12.5574 20 7.25
    endloop
  endfacet
  facet normal 0 -1 -0
    outer loop
      vertex 10.9017 20 9.56051
      vertex 2 20 2
      vertex 11.5036 20 8.82704
    endloop
  endfacet
  facet normal 0 -1 0
    outer loop
      vertex -2 20 2
      vertex -12.5574 20 7.25
      vertex -13.0047 20 6.41319
    endloop
  endfacet
  facet normal 0 -1 -0
    outer loop
      vertex 11.5036 20 8.82704
      vertex 2 20 2
      vertex 12.0563 20 8.05577
    endloop
  endfacet
  facet normal 0 -1 0
    outer loop
      vertex -2 20 2
      vertex -13.0047 20 6.41319
      vertex -13.3963 20 5.54891
    endloop
  endfacet
  facet normal 0 -1 -0
    outer loop
      vertex 12.0563 20 8.05577
      vertex 2 20 2
      vertex 12.5574 20 7.25
    endloop
  endfacet
  facet normal 0 -1 0
    outer loop
      vertex -2 20 2
      vertex -13.3963 20 5.54891
      vertex -13.7305 20 4.66087
    endloop
  endfacet
  facet normal 0 -1 -0
    outer loop
      vertex 12.5574 20 7.25
      vertex 2 20 2
      vertex 13.0047 20 6.41319
    endloop
  endfacet
  facet normal 0 -1 0
    outer loop
      vertex -2 20 2
      vertex -13.7305 20 4.66087
      vertex -14.0059 20 3.75288
    endloop
  endfacet
  facet normal 0 -1 -0
    outer loop
      vertex 13.0047 20 6.41319
      vertex 2 20 2
      vertex 13.3963 20 5.54891
    endloop
  endfacet
  facet normal 0 -1 0
    outer loop
      vertex -2 20 2
      vertex -14.0059 20 3.75288
      vertex -14.2214 20 2.82881
    endloop
  endfacet
  facet normal 0 -1 -0
    outer loop
      vertex 13.3963 20 5.54891
      vertex 2 20 2
      vertex 13.7305 20 4.66087
    endloop
  endfacet
  facet normal 0 -1 -0
    outer loop
      vertex 13.7305 20 4.66087
      vertex 2 20 2
      vertex 14.0059 20 3.75288
    endloop
  endfacet
  facet normal 0 -1 0
    outer loop
      vertex -14.3759 20 1.89263
      vertex -2 20 2
      vertex -14.2214 20 2.82881
    endloop
  endfacet
  facet normal 0 -1 0
    outer loop
      vertex -14.469 20 0.948345
      vertex -2 20 2
      vertex -14.3759 20 1.89263
    endloop
  endfacet
  facet normal 0 -1 0
    outer loop
      vertex -14.5 20 0
      vertex -2 20 2
      vertex -14.469 20 0.948345
    endloop
  endfacet
  facet normal 0 -1 0
    outer loop
      vertex -2 20 -2
      vertex -14.5 20 0
      vertex -14.469 20 -0.948345
    endloop
  endfacet
  facet normal 0 -1 0
    outer loop
      vertex -2 20 -2
      vertex -14.469 20 -0.948345
      vertex -14.3759 20 -1.89263
    endloop
  endfacet
  facet normal 0 -1 0
    outer loop
      vertex -14.5 20 0
      vertex -2 20 -2
      vertex -2 20 2
    endloop
  endfacet
  facet normal 0 -1 0
    outer loop
      vertex -14.0059 20 -3.75288
      vertex -2 20 -2
      vertex -14.2214 20 -2.82881
    endloop
  endfacet
  facet normal 0 -1 0
    outer loop
      vertex -14.2214 20 -2.82881
      vertex -2 20 -2
      vertex -14.3759 20 -1.89263
    endloop
  endfacet
  facet normal 0 -1 -0
    outer loop
      vertex 14.0059 20 3.75288
      vertex 2 20 2
      vertex 14.2214 20 2.82881
    endloop
  endfacet
  facet normal 0 -1 0
    outer loop
      vertex 2 20 2
      vertex 14.3759 20 1.89263
      vertex 14.2214 20 2.82881
    endloop
  endfacet
  facet normal 0 -1 0
    outer loop
      vertex 2 20 2
      vertex 14.469 20 0.948345
      vertex 14.3759 20 1.89263
    endloop
  endfacet
  facet normal 0 -1 0
    outer loop
      vertex 2 20 2
      vertex 14.5 20 0
      vertex 14.469 20 0.948345
    endloop
  endfacet
  facet normal 0 -1 0
    outer loop
      vertex 2 20 -2
      vertex 14.5 20 0
      vertex 2 20 2
    endloop
  endfacet
  facet normal 0 -1 0
    outer loop
      vertex 14.5 20 0
      vertex 2 20 -2
      vertex 14.469 20 -0.948345
    endloop
  endfacet
  facet normal 0 -1 0
    outer loop
      vertex 14.469 20 -0.948345
      vertex 2 20 -2
      vertex 14.3759 20 -1.89263
    endloop
  endfacet
  facet normal 0 -1 0
    outer loop
      vertex -13.7305 20 -4.66087
      vertex -2 20 -2
      vertex -14.0059 20 -3.75288
    endloop
  endfacet
  facet normal 0 -1 0
    outer loop
      vertex 2 20 -2
      vertex 14.2214 20 -2.82881
      vertex 14.3759 20 -1.89263
    endloop
  endfacet
  facet normal 0 -1 0
    outer loop
      vertex -13.3963 20 -5.54891
      vertex -2 20 -2
      vertex -13.7305 20 -4.66087
    endloop
  endfacet
  facet normal 0 -1 0
    outer loop
      vertex 2 20 -2
      vertex 14.0059 20 -3.75288
      vertex 14.2214 20 -2.82881
    endloop
  endfacet
  facet normal 0 -1 0
    outer loop
      vertex -13.0047 20 -6.41319
      vertex -2 20 -2
      vertex -13.3963 20 -5.54891
    endloop
  endfacet
  facet normal 0 -1 0
    outer loop
      vertex 2 20 -2
      vertex 13.7305 20 -4.66087
      vertex 14.0059 20 -3.75288
    endloop
  endfacet
  facet normal 0 -1 0
    outer loop
      vertex -12.5574 20 -7.25
      vertex -2 20 -2
      vertex -13.0047 20 -6.41319
    endloop
  endfacet
  facet normal 0 -1 0
    outer loop
      vertex 2 20 -2
      vertex 13.3963 20 -5.54891
      vertex 13.7305 20 -4.66087
    endloop
  endfacet
  facet normal 0 -1 0
    outer loop
      vertex -12.0563 20 -8.05577
      vertex -2 20 -2
      vertex -12.5574 20 -7.25
    endloop
  endfacet
  facet normal 0 -1 0
    outer loop
      vertex 2 20 -2
      vertex 13.0047 20 -6.41319
      vertex 13.3963 20 -5.54891
    endloop
  endfacet
  facet normal 0 -1 0
    outer loop
      vertex -11.5036 20 -8.82704
      vertex -2 20 -2
      vertex -12.0563 20 -8.05577
    endloop
  endfacet
  facet normal 0 -1 0
    outer loop
      vertex 2 20 -2
      vertex 12.5574 20 -7.25
      vertex 13.0047 20 -6.41319
    endloop
  endfacet
  facet normal 0 -1 0
    outer loop
      vertex -10.9017 20 -9.56051
      vertex -2 20 -2
      vertex -11.5036 20 -8.82704
    endloop
  endfacet
  facet normal 0 -1 0
    outer loop
      vertex 2 20 -2
      vertex 12.0563 20 -8.05577
      vertex 12.5574 20 -7.25
    endloop
  endfacet
  facet normal 0 -1 0
    outer loop
      vertex -10.253 20 -10.253
      vertex -2 20 -2
      vertex -10.9017 20 -9.56051
    endloop
  endfacet
  facet normal 0 -1 0
    outer loop
      vertex 2 20 -2
      vertex 11.5036 20 -8.82704
      vertex 12.0563 20 -8.05577
    endloop
  endfacet
  facet normal 0 -1 0
    outer loop
      vertex -9.56051 20 -10.9017
      vertex -2 20 -2
      vertex -10.253 20 -10.253
    endloop
  endfacet
  facet normal 0 -1 0
    outer loop
      vertex 2 20 -2
      vertex 10.9017 20 -9.56051
      vertex 11.5036 20 -8.82704
    endloop
  endfacet
  facet normal 0 -1 0
    outer loop
      vertex -8.82704 20 -11.5036
      vertex -2 20 -2
      vertex -9.56051 20 -10.9017
    endloop
  endfacet
  facet normal 0 -1 0
    outer loop
      vertex 2 20 -2
      vertex 10.253 20 -10.253
      vertex 10.9017 20 -9.56051
    endloop
  endfacet
  facet normal 0 -1 0
    outer loop
      vertex -8.05577 20 -12.0563
      vertex -2 20 -2
      vertex -8.82704 20 -11.5036
    endloop
  endfacet
  facet normal 0 -1 0
    outer loop
      vertex 2 20 -2
      vertex 9.56051 20 -10.9017
      vertex 10.253 20 -10.253
    endloop
  endfacet
  facet normal 0 -1 0
    outer loop
      vertex -7.25 20 -12.5574
      vertex -2 20 -2
      vertex -8.05577 20 -12.0563
    endloop
  endfacet
  facet normal 0 -1 0
    outer loop
      vertex 2 20 -2
      vertex 8.82704 20 -11.5036
      vertex 9.56051 20 -10.9017
    endloop
  endfacet
  facet normal 0 -1 0
    outer loop
      vertex -6.41319 20 -13.0047
      vertex -2 20 -2
      vertex -7.25 20 -12.5574
    endloop
  endfacet
  facet normal 0 -1 0
    outer loop
      vertex 2 20 -2
      vertex 8.05577 20 -12.0563
      vertex 8.82704 20 -11.5036
    endloop
  endfacet
  facet normal 0 -1 0
    outer loop
      vertex -5.54891 20 -13.3963
      vertex -2 20 -2
      vertex -6.41319 20 -13.0047
    endloop
  endfacet
  facet normal 0 -1 0
    outer loop
      vertex 2 20 -2
      vertex 7.25 20 -12.5574
      vertex 8.05577 20 -12.0563
    endloop
  endfacet
  facet normal 0 -1 0
    outer loop
      vertex -4.66087 20 -13.7305
      vertex -2 20 -2
      vertex -5.54891 20 -13.3963
    endloop
  endfacet
  facet normal 0 -1 0
    outer loop
      vertex 2 20 -2
      vertex 6.41319 20 -13.0047
      vertex 7.25 20 -12.5574
    endloop
  endfacet
  facet normal 0 -1 0
    outer loop
      vertex -3.75288 20 -14.0059
      vertex -2 20 -2
      vertex -4.66087 20 -13.7305
    endloop
  endfacet
  facet normal 0 -1 0
    outer loop
      vertex 2 20 -2
      vertex 5.54891 20 -13.3963
      vertex 6.41319 20 -13.0047
    endloop
  endfacet
  facet normal 0 -1 0
    outer loop
      vertex -2.82881 20 -14.2214
      vertex -2 20 -2
      vertex -3.75288 20 -14.0059
    endloop
  endfacet
  facet normal 0 -1 0
    outer loop
      vertex 2 20 -2
      vertex 4.66087 20 -13.7305
      vertex 5.54891 20 -13.3963
    endloop
  endfacet
  facet normal 0 -1 0
    outer loop
      vertex -1.89263 20 -14.3759
      vertex -2 20 -2
      vertex -2.82881 20 -14.2214
    endloop
  endfacet
  facet normal 0 -1 0
    outer loop
      vertex 2 20 -2
      vertex 3.75288 20 -14.0059
      vertex 4.66087 20 -13.7305
    endloop
  endfacet
  facet normal 0 -1 0
    outer loop
      vertex -0.948345 20 -14.469
      vertex -2 20 -2
      vertex -1.89263 20 -14.3759
    endloop
  endfacet
  facet normal 0 -1 0
    outer loop
      vertex 2 20 -2
      vertex 2.82881 20 -14.2214
      vertex 3.75288 20 -14.0059
    endloop
  endfacet
  facet normal 0 -1 0
    outer loop
      vertex 0 20 -14.5
      vertex -2 20 -2
      vertex -0.948345 20 -14.469
    endloop
  endfacet
  facet normal 0 -1 -0
    outer loop
      vertex 2 20 -2
      vertex 1.89263 20 -14.3759
      vertex 2.82881 20 -14.2214
    endloop
  endfacet
  facet normal 0 -1 0
    outer loop
      vertex -2 20 -2
      vertex 0 20 -14.5
      vertex 2 20 -2
    endloop
  endfacet
  facet normal 0 -1 0
    outer loop
      vertex 2 20 -2
      vertex 0.948345 20 -14.469
      vertex 1.89263 20 -14.3759
    endloop
  endfacet
  facet normal 0 -1 0
    outer loop
      vertex 2 20 -2
      vertex 0 20 -14.5
      vertex 0.948345 20 -14.469
    endloop
  endfacet
  facet normal -0.956951 0 -0.29025
    outer loop
      vertex 14.0059 11.5 3.75288
      vertex 13.7305 20 4.66087
      vertex 14.0059 20 3.75288
    endloop
  endfacet
  facet normal -0.956951 -0 -0.29025
    outer loop
      vertex 13.7305 20 4.66087
      vertex 14.0059 11.5 3.75288
      vertex 13.7305 11.5 4.66087
    endloop
  endfacet
  facet normal -0.956965 8.24979e-06 -0.290202
    outer loop
      vertex 13.7305 4.66085 4.66087
      vertex 13.8837 10.6533 4.15585
      vertex 14.0059 10.4827 3.75288
    endloop
  endfacet
  facet normal -0.956938 0 -0.290291
    outer loop
      vertex 13.8837 10.6533 4.15585
      vertex 13.7305 4.66085 4.66087
      vertex 13.7305 10.84 4.66087
    endloop
  endfacet
  facet normal -0.956951 0 -0.29025
    outer loop
      vertex 14.0059 3.75287 3.75288
      vertex 13.7305 4.66085 4.66087
      vertex 14.0059 10.4827 3.75288
    endloop
  endfacet
  facet normal -0.95695 -0.290253 0
    outer loop
      vertex 13.7305 4.66085 4.66087
      vertex 14.0059 3.75287 3.75288
      vertex 14.0059 3.75287 3.75289
    endloop
  endfacet
  facet normal 0.881914 0 0.47141
    outer loop
      vertex -13.0047 20 -6.41319
      vertex -12.5574 7.24998 -7.25
      vertex -12.5574 20 -7.25
    endloop
  endfacet
  facet normal 0.881914 0 0.47141
    outer loop
      vertex -12.5574 7.24998 -7.25
      vertex -13.0047 20 -6.41319
      vertex -13.0047 6.41318 -6.41319
    endloop
  endfacet
  facet normal -0.849183 0 -0.528098
    outer loop
      vertex 12.5574 20 7.25
      vertex 12.0563 8.05575 8.05577
      vertex 12.0563 20 8.05577
    endloop
  endfacet
  facet normal -0.849178 -8.28403e-07 -0.528107
    outer loop
      vertex 12.5574 20 7.25
      vertex 12.5574 7.25 7.25002
      vertex 12.0563 8.05575 8.05577
    endloop
  endfacet
  facet normal -1 0 -0
    outer loop
      vertex 12.5574 7.25 7.25002
      vertex 12.5574 20 7.25
      vertex 12.5574 7.24998 7.25
    endloop
  endfacet
  facet normal 0.683603 -7.48799e-06 -0.729854
    outer loop
      vertex -10.253 20 10.253
      vertex -9.56051 10.9017 10.9017
      vertex -10.253 10.253 10.2531
    endloop
  endfacet
  facet normal 1 0 0
    outer loop
      vertex -10.253 20 10.253
      vertex -10.253 10.253 10.2531
      vertex -10.253 10.253 10.253
    endloop
  endfacet
  facet normal 0.683655 0 -0.729805
    outer loop
      vertex -9.56051 10.9017 10.9017
      vertex -10.253 20 10.253
      vertex -9.56051 20 10.9017
    endloop
  endfacet
  facet normal 0.683655 0 0.729805
    outer loop
      vertex -10.253 20 -10.253
      vertex -9.56051 10.9017 -10.9017
      vertex -9.56051 20 -10.9017
    endloop
  endfacet
  facet normal 0.683603 -7.48799e-06 0.729854
    outer loop
      vertex -9.56051 10.9017 -10.9017
      vertex -10.253 20 -10.253
      vertex -10.253 10.253 -10.2531
    endloop
  endfacet
  facet normal 1 0 0
    outer loop
      vertex -10.253 10.253 -10.2531
      vertex -10.253 20 -10.253
      vertex -10.253 10.253 -10.253
    endloop
  endfacet
  facet normal 0.582489 0 0.812839
    outer loop
      vertex -8.82704 20 -11.5036
      vertex -8.05577 11.5 -12.0563
      vertex -8.05577 20 -12.0563
    endloop
  endfacet
  facet normal 0.582489 0 0.812839
    outer loop
      vertex -8.05577 11.5 -12.0563
      vertex -8.82704 20 -11.5036
      vertex -8.82704 11.5 -11.5036
    endloop
  endfacet
  facet normal 0.986654 0 -0.16283
    outer loop
      vertex -14.2214 11.5 2.82881
      vertex -14.3759 20 1.89263
      vertex -14.2214 20 2.82881
    endloop
  endfacet
  facet normal 0.986654 0 -0.16283
    outer loop
      vertex -14.3759 20 1.89263
      vertex -14.2214 11.5 2.82881
      vertex -14.3759 11.5 1.89263
    endloop
  endfacet
  facet normal 0.986654 0 -0.16283
    outer loop
      vertex -14.2214 3.8106 2.82881
      vertex -14.3759 9.96635 1.89263
      vertex -14.2214 10.182 2.82881
    endloop
  endfacet
  facet normal 0.986654 0 -0.16283
    outer loop
      vertex -14.3759 9.96635 1.89263
      vertex -14.2214 3.8106 2.82881
      vertex -14.3759 3.85202 1.89263
    endloop
  endfacet
  facet normal -0.47141 0 0.881914
    outer loop
      vertex 6.41319 20 -13.0047
      vertex 7.25 11.5 -12.5574
      vertex 7.25 20 -12.5574
    endloop
  endfacet
  facet normal -0.47141 0 0.881914
    outer loop
      vertex 7.25 11.5 -12.5574
      vertex 6.41319 20 -13.0047
      vertex 6.41319 11.5 -13.0047
    endloop
  endfacet
  facet normal 0.0981174 0 0.995175
    outer loop
      vertex -1.89263 20 -14.3759
      vertex -0.948345 11.5 -14.469
      vertex -0.948345 20 -14.469
    endloop
  endfacet
  facet normal 0.0981174 0 0.995175
    outer loop
      vertex -0.948345 11.5 -14.469
      vertex -1.89263 20 -14.3759
      vertex -1.89263 11.5 -14.3759
    endloop
  endfacet
  facet normal 0.352218 0 0.935918
    outer loop
      vertex -5.54891 20 -13.3963
      vertex -4.66087 11.5 -13.7305
      vertex -4.66087 20 -13.7305
    endloop
  endfacet
  facet normal 0.352218 0 0.935918
    outer loop
      vertex -4.66087 11.5 -13.7305
      vertex -5.54891 20 -13.3963
      vertex -5.54891 11.5 -13.3963
    endloop
  endfacet
  facet normal 0.227113 0 -0.973868
    outer loop
      vertex -3.75288 11.5 14.0059
      vertex -2.82881 20 14.2214
      vertex -2.82881 11.5 14.2214
    endloop
  endfacet
  facet normal 0.227113 0 -0.973868
    outer loop
      vertex -2.82881 20 14.2214
      vertex -3.75288 11.5 14.0059
      vertex -3.75288 20 14.0059
    endloop
  endfacet
  facet normal 0.729805 0 -0.683655
    outer loop
      vertex -10.253 10.253 10.253
      vertex -10.9017 20 9.56051
      vertex -10.253 20 10.253
    endloop
  endfacet
  facet normal 0.7298 -6.54878e-07 -0.68366
    outer loop
      vertex -10.9017 9.5605 9.56052
      vertex -10.9017 20 9.56051
      vertex -10.253 10.253 10.253
    endloop
  endfacet
  facet normal 1 0 0
    outer loop
      vertex -10.9017 20 9.56051
      vertex -10.9017 9.5605 9.56052
      vertex -10.9017 9.5605 9.56051
    endloop
  endfacet
  facet normal -0.729805 0 0.683655
    outer loop
      vertex 10.253 10.253 -10.253
      vertex 10.9017 20 -9.56051
      vertex 10.253 20 -10.253
    endloop
  endfacet
  facet normal -0.7298 -6.54878e-07 0.68366
    outer loop
      vertex 10.9017 9.5605 -9.56052
      vertex 10.9017 20 -9.56051
      vertex 10.253 10.253 -10.253
    endloop
  endfacet
  facet normal -1 -0 0
    outer loop
      vertex 10.9017 20 -9.56051
      vertex 10.9017 9.5605 -9.56052
      vertex 10.9017 9.5605 -9.56051
    endloop
  endfacet
  facet normal 0.0326711 0 -0.999466
    outer loop
      vertex -0.948345 11.5 14.469
      vertex 0 20 14.5
      vertex 0 11.5 14.5
    endloop
  endfacet
  facet normal 0.0326711 0 -0.999466
    outer loop
      vertex 0 20 14.5
      vertex -0.948345 11.5 14.469
      vertex -0.948345 20 14.469
    endloop
  endfacet
  facet normal -0.910864 8.37366e-06 0.412707
    outer loop
      vertex 13.0047 20 -6.41319
      vertex 13.1888 11.5 -6.0067
      vertex 13.3963 20 -5.54891
    endloop
  endfacet
  facet normal -0.91093 0 0.412562
    outer loop
      vertex 13.0047 6.41318 -6.41319
      vertex 13.1888 11.5 -6.0067
      vertex 13.0047 20 -6.41319
    endloop
  endfacet
  facet normal -0.910811 -2.52991e-05 0.412824
    outer loop
      vertex 13.0047 6.41318 -6.41319
      vertex 13.3963 11.2473 -5.54891
      vertex 13.1888 11.5 -6.0067
    endloop
  endfacet
  facet normal -0.910893 1.38127e-05 0.412643
    outer loop
      vertex 13.3962 5.5489 -5.54894
      vertex 13.3963 11.2473 -5.54891
      vertex 13.0047 6.41318 -6.41319
    endloop
  endfacet
  facet normal -0.287348 0 0.957826
    outer loop
      vertex 13.3963 11.2473 -5.54891
      vertex 13.3962 5.5489 -5.54894
      vertex 13.3963 5.54887 -5.54891
    endloop
  endfacet
  facet normal -0.910805 0 0.412836
    outer loop
      vertex 13.3963 20 -5.54891
      vertex 13.1888 11.5 -6.0067
      vertex 13.3963 11.5 -5.54891
    endloop
  endfacet
  facet normal 0.910805 0 0.412836
    outer loop
      vertex -13.1888 11.5 -6.0067
      vertex -13.3963 20 -5.54891
      vertex -13.3963 11.5 -5.54891
    endloop
  endfacet
  facet normal 0.910864 8.37366e-06 0.412707
    outer loop
      vertex -13.3963 20 -5.54891
      vertex -13.1888 11.5 -6.0067
      vertex -13.0047 20 -6.41319
    endloop
  endfacet
  facet normal 0.91093 0 0.412562
    outer loop
      vertex -13.1888 11.5 -6.0067
      vertex -13.0047 6.41318 -6.41319
      vertex -13.0047 20 -6.41319
    endloop
  endfacet
  facet normal 0.910811 -2.52991e-05 0.412824
    outer loop
      vertex -13.3963 11.2473 -5.54891
      vertex -13.0047 6.41318 -6.41319
      vertex -13.1888 11.5 -6.0067
    endloop
  endfacet
  facet normal 0.910893 1.38127e-05 0.412643
    outer loop
      vertex -13.3963 11.2473 -5.54891
      vertex -13.3962 5.5489 -5.54894
      vertex -13.0047 6.41318 -6.41319
    endloop
  endfacet
  facet normal 0.287348 0 0.957826
    outer loop
      vertex -13.3962 5.5489 -5.54894
      vertex -13.3963 11.2473 -5.54891
      vertex -13.3963 5.54887 -5.54891
    endloop
  endfacet
  facet normal 0.812839 0 -0.582489
    outer loop
      vertex -11.5036 8.82702 8.82704
      vertex -12.0563 20 8.05577
      vertex -11.5036 20 8.82704
    endloop
  endfacet
  facet normal 0.812839 0 -0.582489
    outer loop
      vertex -12.0563 8.05576 8.05577
      vertex -12.0563 20 8.05577
      vertex -11.5036 8.82702 8.82704
    endloop
  endfacet
  facet normal 0 0 0
    outer loop
      vertex -12.0563 20 8.05577
      vertex -12.0563 8.05576 8.05577
      vertex -12.0563 8.05575 8.05577
    endloop
  endfacet
  facet normal -0.973868 0 0.227113
    outer loop
      vertex 14.0059 11.5 -3.75288
      vertex 14.2214 20 -2.82881
      vertex 14.0059 20 -3.75288
    endloop
  endfacet
  facet normal -0.973868 0 0.227113
    outer loop
      vertex 14.2214 20 -2.82881
      vertex 14.0059 11.5 -3.75288
      vertex 14.2214 11.5 -2.82881
    endloop
  endfacet
  facet normal -0.973868 0 0.227113
    outer loop
      vertex 14.0059 3.75287 -3.75288
      vertex 14.2214 10.182 -2.82881
      vertex 14.0059 10.4827 -3.75288
    endloop
  endfacet
  facet normal -0.973868 0 0.227113
    outer loop
      vertex 14.2214 10.182 -2.82881
      vertex 14.0059 3.75287 -3.75288
      vertex 14.2214 3.8106 -2.82881
    endloop
  endfacet
  facet normal -0.528098 0 0.849183
    outer loop
      vertex 7.25 20 -12.5574
      vertex 8.05577 11.5 -12.0563
      vertex 8.05577 20 -12.0563
    endloop
  endfacet
  facet normal -0.528098 0 0.849183
    outer loop
      vertex 8.05577 11.5 -12.0563
      vertex 7.25 20 -12.5574
      vertex 7.25 11.5 -12.5574
    endloop
  endfacet
  facet normal -0.582489 0 -0.812839
    outer loop
      vertex 8.05577 11.5 12.0563
      vertex 8.82704 20 11.5036
      vertex 8.82704 11.5 11.5036
    endloop
  endfacet
  facet normal -0.582489 0 -0.812839
    outer loop
      vertex 8.82704 20 11.5036
      vertex 8.05577 11.5 12.0563
      vertex 8.05577 20 12.0563
    endloop
  endfacet
  facet normal 0.0981174 0 -0.995175
    outer loop
      vertex -1.89263 11.5 14.3759
      vertex -0.948345 20 14.469
      vertex -0.948345 11.5 14.469
    endloop
  endfacet
  facet normal 0.0981174 0 -0.995175
    outer loop
      vertex -0.948345 20 14.469
      vertex -1.89263 11.5 14.3759
      vertex -1.89263 20 14.3759
    endloop
  endfacet
  facet normal 0.999466 -0 0.0326711
    outer loop
      vertex -14.5 11.5 0
      vertex -14.469 20 -0.948345
      vertex -14.5 20 0
    endloop
  endfacet
  facet normal 0.999466 0 0.0326711
    outer loop
      vertex -14.469 20 -0.948345
      vertex -14.5 11.5 0
      vertex -14.469 11.5 -0.948345
    endloop
  endfacet
  facet normal 0.999466 0 0.0326711
    outer loop
      vertex -14.469 3.87694 -0.948345
      vertex -14.5 9.79323 0
      vertex -14.5 3.88526 0
    endloop
  endfacet
  facet normal 0.999466 0 0.0326711
    outer loop
      vertex -14.5 9.79323 0
      vertex -14.469 3.87694 -0.948345
      vertex -14.469 9.83656 -0.948345
    endloop
  endfacet
  facet normal -0.0326711 0 0.999466
    outer loop
      vertex 0 20 -14.5
      vertex 0.948345 11.5 -14.469
      vertex 0.948345 20 -14.469
    endloop
  endfacet
  facet normal -0.0326711 0 0.999466
    outer loop
      vertex 0.948345 11.5 -14.469
      vertex 0 20 -14.5
      vertex 0 11.5 -14.5
    endloop
  endfacet
  facet normal -0.47141 0 -0.881914
    outer loop
      vertex 6.41319 11.5 13.0047
      vertex 7.25 20 12.5574
      vertex 7.25 11.5 12.5574
    endloop
  endfacet
  facet normal -0.47141 0 -0.881914
    outer loop
      vertex 7.25 20 12.5574
      vertex 6.41319 11.5 13.0047
      vertex 6.41319 20 13.0047
    endloop
  endfacet
  facet normal -0.956951 0 0.29025
    outer loop
      vertex 13.7305 11.5 -4.66087
      vertex 14.0059 20 -3.75288
      vertex 13.7305 20 -4.66087
    endloop
  endfacet
  facet normal -0.956951 0 0.29025
    outer loop
      vertex 14.0059 20 -3.75288
      vertex 13.7305 11.5 -4.66087
      vertex 14.0059 11.5 -3.75288
    endloop
  endfacet
  facet normal -0.956938 0 0.290291
    outer loop
      vertex 13.7305 4.66085 -4.66087
      vertex 13.8837 10.6533 -4.15585
      vertex 13.7305 10.84 -4.66087
    endloop
  endfacet
  facet normal -0.956965 8.24979e-06 0.290202
    outer loop
      vertex 13.8837 10.6533 -4.15585
      vertex 13.7305 4.66085 -4.66087
      vertex 14.0059 10.4827 -3.75288
    endloop
  endfacet
  facet normal -0.956951 0 0.29025
    outer loop
      vertex 13.7305 4.66085 -4.66087
      vertex 14.0059 3.75287 -3.75288
      vertex 14.0059 10.4827 -3.75288
    endloop
  endfacet
  facet normal -0.95695 -0.290253 -0
    outer loop
      vertex 14.0059 3.75287 -3.75288
      vertex 13.7305 4.66085 -4.66087
      vertex 14.0059 3.75287 -3.75289
    endloop
  endfacet
  facet normal 0.528098 0 0.849183
    outer loop
      vertex -8.05577 20 -12.0563
      vertex -7.25 11.5 -12.5574
      vertex -7.25 20 -12.5574
    endloop
  endfacet
  facet normal 0.528098 0 0.849183
    outer loop
      vertex -7.25 11.5 -12.5574
      vertex -8.05577 20 -12.0563
      vertex -8.05577 11.5 -12.0563
    endloop
  endfacet
  facet normal -0.773033 0 -0.634366
    outer loop
      vertex 11.5036 20 8.82704
      vertex 10.9017 9.5605 9.56051
      vertex 10.9017 20 9.56051
    endloop
  endfacet
  facet normal -0.773029 -5.67773e-07 -0.634371
    outer loop
      vertex 11.5036 20 8.82704
      vertex 11.5036 8.82703 8.82705
      vertex 10.9017 9.5605 9.56051
    endloop
  endfacet
  facet normal -1 0 -0
    outer loop
      vertex 11.5036 8.82703 8.82705
      vertex 11.5036 20 8.82704
      vertex 11.5036 8.82702 8.82704
    endloop
  endfacet
  facet normal 0 0 -1
    outer loop
      vertex 9.5605 10.9017 10.9017
      vertex 9.56051 20 10.9017
      vertex 9.56051 10.9017 10.9017
    endloop
  endfacet
  facet normal -0.634372 6.97243e-07 -0.773028
    outer loop
      vertex 8.83143 11.5 11.5
      vertex 9.56051 20 10.9017
      vertex 9.5605 10.9017 10.9017
    endloop
  endfacet
  facet normal -0.634101 -0 -0.773251
    outer loop
      vertex 8.82704 20 11.5036
      vertex 8.83143 11.5 11.5
      vertex 8.82704 11.5 11.5036
    endloop
  endfacet
  facet normal -0.634366 -2.29263e-07 -0.773033
    outer loop
      vertex 8.83143 11.5 11.5
      vertex 8.82704 20 11.5036
      vertex 9.56051 20 10.9017
    endloop
  endfacet
  facet normal 0.352218 0 -0.935918
    outer loop
      vertex -5.54891 11.5 13.3963
      vertex -4.66087 20 13.7305
      vertex -4.66087 11.5 13.7305
    endloop
  endfacet
  facet normal 0.352218 0 -0.935918
    outer loop
      vertex -4.66087 20 13.7305
      vertex -5.54891 11.5 13.3963
      vertex -5.54891 20 13.3963
    endloop
  endfacet
  facet normal 0.973868 -0 0.227113
    outer loop
      vertex -14.2214 11.5 -2.82881
      vertex -14.0059 20 -3.75288
      vertex -14.2214 20 -2.82881
    endloop
  endfacet
  facet normal 0.973868 0 0.227113
    outer loop
      vertex -14.0059 20 -3.75288
      vertex -14.2214 11.5 -2.82881
      vertex -14.0059 11.5 -3.75288
    endloop
  endfacet
  facet normal 0.973868 0 0.227113
    outer loop
      vertex -14.0059 3.75287 -3.75288
      vertex -14.2214 10.182 -2.82881
      vertex -14.2214 3.8106 -2.82881
    endloop
  endfacet
  facet normal 0.973868 0 0.227113
    outer loop
      vertex -14.2214 10.182 -2.82881
      vertex -14.0059 3.75287 -3.75288
      vertex -14.0059 10.4827 -3.75288
    endloop
  endfacet
  facet normal -0.849183 0 0.528098
    outer loop
      vertex 12.0563 8.05575 -8.05577
      vertex 12.5574 20 -7.25
      vertex 12.0563 20 -8.05577
    endloop
  endfacet
  facet normal -0.849178 -8.28403e-07 0.528107
    outer loop
      vertex 12.5574 7.25 -7.25002
      vertex 12.5574 20 -7.25
      vertex 12.0563 8.05575 -8.05577
    endloop
  endfacet
  facet normal -1 -0 0
    outer loop
      vertex 12.5574 20 -7.25
      vertex 12.5574 7.25 -7.25002
      vertex 12.5574 7.24998 -7.25
    endloop
  endfacet
  facet normal -0.935918 0 -0.352218
    outer loop
      vertex 13.7305 11.5 4.66087
      vertex 13.3963 20 5.54891
      vertex 13.7305 20 4.66087
    endloop
  endfacet
  facet normal -0.935918 -0 -0.352218
    outer loop
      vertex 13.3963 20 5.54891
      vertex 13.7305 11.5 4.66087
      vertex 13.3963 11.5 5.54891
    endloop
  endfacet
  facet normal -0.935918 0 -0.352218
    outer loop
      vertex 13.7305 10.84 4.66087
      vertex 13.3963 5.54887 5.54891
      vertex 13.3963 11.2473 5.54891
    endloop
  endfacet
  facet normal -0.935917 -5.70016e-07 -0.352221
    outer loop
      vertex 13.7305 10.84 4.66087
      vertex 13.7305 4.66086 4.66088
      vertex 13.3963 5.54887 5.54891
    endloop
  endfacet
  facet normal -1 0 -0
    outer loop
      vertex 13.7305 4.66086 4.66088
      vertex 13.7305 10.84 4.66087
      vertex 13.7305 4.66085 4.66087
    endloop
  endfacet
  facet normal -0.995175 0 0.0981174
    outer loop
      vertex 14.3759 11.5 -1.89263
      vertex 14.469 20 -0.948345
      vertex 14.3759 20 -1.89263
    endloop
  endfacet
  facet normal -0.995175 0 0.0981174
    outer loop
      vertex 14.469 20 -0.948345
      vertex 14.3759 11.5 -1.89263
      vertex 14.469 11.5 -0.948345
    endloop
  endfacet
  facet normal -0.995175 0 0.0981174
    outer loop
      vertex 14.3759 3.85202 -1.89263
      vertex 14.469 9.83656 -0.948345
      vertex 14.3759 9.96635 -1.89263
    endloop
  endfacet
  facet normal -0.995175 0 0.0981174
    outer loop
      vertex 14.469 9.83656 -0.948345
      vertex 14.3759 3.85202 -1.89263
      vertex 14.469 3.87694 -0.948345
    endloop
  endfacet
  facet normal 0.812839 0 0.582489
    outer loop
      vertex -12.0563 20 -8.05577
      vertex -11.5036 8.82702 -8.82704
      vertex -11.5036 20 -8.82704
    endloop
  endfacet
  facet normal 0.812839 0 0.582489
    outer loop
      vertex -12.0563 20 -8.05577
      vertex -12.0563 8.05576 -8.05577
      vertex -11.5036 8.82702 -8.82704
    endloop
  endfacet
  facet normal 0 0 -0
    outer loop
      vertex -12.0563 8.05576 -8.05577
      vertex -12.0563 20 -8.05577
      vertex -12.0563 8.05575 -8.05577
    endloop
  endfacet
  facet normal -0.999466 0 0.0326711
    outer loop
      vertex 14.469 11.5 -0.948345
      vertex 14.5 20 0
      vertex 14.469 20 -0.948345
    endloop
  endfacet
  facet normal -0.999466 0 0.0326711
    outer loop
      vertex 14.5 20 0
      vertex 14.469 11.5 -0.948345
      vertex 14.5 11.5 0
    endloop
  endfacet
  facet normal -0.999466 0 0.0326711
    outer loop
      vertex 14.469 3.87694 -0.948345
      vertex 14.5 9.79323 0
      vertex 14.469 9.83656 -0.948345
    endloop
  endfacet
  facet normal -0.999466 0 0.0326711
    outer loop
      vertex 14.5 9.79323 0
      vertex 14.469 3.87694 -0.948345
      vertex 14.5 3.88526 0
    endloop
  endfacet
  facet normal 0.995175 -0 0.0981174
    outer loop
      vertex -14.469 11.5 -0.948345
      vertex -14.3759 20 -1.89263
      vertex -14.469 20 -0.948345
    endloop
  endfacet
  facet normal 0.995175 0 0.0981174
    outer loop
      vertex -14.3759 20 -1.89263
      vertex -14.469 11.5 -0.948345
      vertex -14.3759 11.5 -1.89263
    endloop
  endfacet
  facet normal 0.995175 0 0.0981174
    outer loop
      vertex -14.3759 3.85202 -1.89263
      vertex -14.469 9.83656 -0.948345
      vertex -14.469 3.87694 -0.948345
    endloop
  endfacet
  facet normal 0.995175 0 0.0981174
    outer loop
      vertex -14.469 9.83656 -0.948345
      vertex -14.3759 3.85202 -1.89263
      vertex -14.3759 9.96635 -1.89263
    endloop
  endfacet
  facet normal -0.29025 0 -0.956951
    outer loop
      vertex 3.75288 11.5 14.0059
      vertex 4.66087 20 13.7305
      vertex 4.66087 11.5 13.7305
    endloop
  endfacet
  facet normal -0.29025 0 -0.956951
    outer loop
      vertex 4.66087 20 13.7305
      vertex 3.75288 11.5 14.0059
      vertex 3.75288 20 14.0059
    endloop
  endfacet
  facet normal -0.881914 0 0.47141
    outer loop
      vertex 12.5574 7.24998 -7.25
      vertex 13.0047 20 -6.41319
      vertex 12.5574 20 -7.25
    endloop
  endfacet
  facet normal -0.881914 0 0.47141
    outer loop
      vertex 13.0047 20 -6.41319
      vertex 12.5574 7.24998 -7.25
      vertex 13.0047 6.41318 -6.41319
    endloop
  endfacet
  facet normal 0.986654 -0 0.16283
    outer loop
      vertex -14.3759 11.5 -1.89263
      vertex -14.2214 20 -2.82881
      vertex -14.3759 20 -1.89263
    endloop
  endfacet
  facet normal 0.986654 0 0.16283
    outer loop
      vertex -14.2214 20 -2.82881
      vertex -14.3759 11.5 -1.89263
      vertex -14.2214 11.5 -2.82881
    endloop
  endfacet
  facet normal 0.986654 0 0.16283
    outer loop
      vertex -14.2214 3.8106 -2.82881
      vertex -14.3759 9.96635 -1.89263
      vertex -14.3759 3.85202 -1.89263
    endloop
  endfacet
  facet normal 0.986654 0 0.16283
    outer loop
      vertex -14.3759 9.96635 -1.89263
      vertex -14.2214 3.8106 -2.82881
      vertex -14.2214 10.182 -2.82881
    endloop
  endfacet
  facet normal 0.729805 0 0.683655
    outer loop
      vertex -10.9017 20 -9.56051
      vertex -10.253 10.253 -10.253
      vertex -10.253 20 -10.253
    endloop
  endfacet
  facet normal 0.7298 -6.54878e-07 0.68366
    outer loop
      vertex -10.9017 20 -9.56051
      vertex -10.9017 9.5605 -9.56052
      vertex -10.253 10.253 -10.253
    endloop
  endfacet
  facet normal 1 0 0
    outer loop
      vertex -10.9017 9.5605 -9.56052
      vertex -10.9017 20 -9.56051
      vertex -10.9017 9.5605 -9.56051
    endloop
  endfacet
  facet normal -0.352218 0 0.935918
    outer loop
      vertex 4.66087 20 -13.7305
      vertex 5.54891 11.5 -13.3963
      vertex 5.54891 20 -13.3963
    endloop
  endfacet
  facet normal -0.352218 0 0.935918
    outer loop
      vertex 5.54891 11.5 -13.3963
      vertex 4.66087 20 -13.7305
      vertex 4.66087 11.5 -13.7305
    endloop
  endfacet
  facet normal -0.352218 0 -0.935918
    outer loop
      vertex 4.66087 11.5 13.7305
      vertex 5.54891 20 13.3963
      vertex 5.54891 11.5 13.3963
    endloop
  endfacet
  facet normal -0.352218 0 -0.935918
    outer loop
      vertex 5.54891 20 13.3963
      vertex 4.66087 11.5 13.7305
      vertex 4.66087 20 13.7305
    endloop
  endfacet
  facet normal 0.995175 0 -0.0981174
    outer loop
      vertex -14.3759 11.5 1.89263
      vertex -14.469 20 0.948345
      vertex -14.3759 20 1.89263
    endloop
  endfacet
  facet normal 0.995175 0 -0.0981174
    outer loop
      vertex -14.469 20 0.948345
      vertex -14.3759 11.5 1.89263
      vertex -14.469 11.5 0.948345
    endloop
  endfacet
  facet normal 0.995175 0 -0.0981174
    outer loop
      vertex -14.3759 3.85202 1.89263
      vertex -14.469 9.83656 0.948345
      vertex -14.3759 9.96635 1.89263
    endloop
  endfacet
  facet normal 0.995175 0 -0.0981174
    outer loop
      vertex -14.469 9.83656 0.948345
      vertex -14.3759 3.85202 1.89263
      vertex -14.469 3.87694 0.948345
    endloop
  endfacet
  facet normal 0.634101 0 -0.773251
    outer loop
      vertex -8.83143 11.5 11.5
      vertex -8.82704 20 11.5036
      vertex -8.82704 11.5 11.5036
    endloop
  endfacet
  facet normal 0.634372 6.97243e-07 -0.773028
    outer loop
      vertex -9.56051 20 10.9017
      vertex -8.83143 11.5 11.5
      vertex -9.5605 10.9017 10.9017
    endloop
  endfacet
  facet normal 0 0 -1
    outer loop
      vertex -9.56051 20 10.9017
      vertex -9.5605 10.9017 10.9017
      vertex -9.56051 10.9017 10.9017
    endloop
  endfacet
  facet normal 0.634366 -2.29263e-07 -0.773033
    outer loop
      vertex -8.83143 11.5 11.5
      vertex -9.56051 20 10.9017
      vertex -8.82704 20 11.5036
    endloop
  endfacet
  facet normal -0.773033 0 0.634366
    outer loop
      vertex 10.9017 9.5605 -9.56051
      vertex 11.5036 20 -8.82704
      vertex 10.9017 20 -9.56051
    endloop
  endfacet
  facet normal -0.773029 -5.67773e-07 0.634371
    outer loop
      vertex 11.5036 8.82703 -8.82705
      vertex 11.5036 20 -8.82704
      vertex 10.9017 9.5605 -9.56051
    endloop
  endfacet
  facet normal -1 -0 0
    outer loop
      vertex 11.5036 20 -8.82704
      vertex 11.5036 8.82703 -8.82705
      vertex 11.5036 8.82702 -8.82704
    endloop
  endfacet
  facet normal -0.881914 0 -0.47141
    outer loop
      vertex 13.0047 20 6.41319
      vertex 12.5574 7.24998 7.25
      vertex 12.5574 20 7.25
    endloop
  endfacet
  facet normal -0.881914 0 -0.47141
    outer loop
      vertex 12.5574 7.24998 7.25
      vertex 13.0047 20 6.41319
      vertex 13.0047 6.41318 6.41319
    endloop
  endfacet
  facet normal -0.935918 0 0.352218
    outer loop
      vertex 13.3963 11.5 -5.54891
      vertex 13.7305 20 -4.66087
      vertex 13.3963 20 -5.54891
    endloop
  endfacet
  facet normal -0.935918 0 0.352218
    outer loop
      vertex 13.7305 20 -4.66087
      vertex 13.3963 11.5 -5.54891
      vertex 13.7305 11.5 -4.66087
    endloop
  endfacet
  facet normal -0.935918 0 0.352218
    outer loop
      vertex 13.3963 5.54887 -5.54891
      vertex 13.7305 10.84 -4.66087
      vertex 13.3963 11.2473 -5.54891
    endloop
  endfacet
  facet normal -0.935917 -5.70016e-07 0.352221
    outer loop
      vertex 13.7305 4.66086 -4.66088
      vertex 13.7305 10.84 -4.66087
      vertex 13.3963 5.54887 -5.54891
    endloop
  endfacet
  facet normal -1 -0 0
    outer loop
      vertex 13.7305 10.84 -4.66087
      vertex 13.7305 4.66086 -4.66088
      vertex 13.7305 4.66085 -4.66087
    endloop
  endfacet
  facet normal 0.935918 0 -0.352218
    outer loop
      vertex -13.3963 11.5 5.54891
      vertex -13.7305 20 4.66087
      vertex -13.3963 20 5.54891
    endloop
  endfacet
  facet normal 0.935918 0 -0.352218
    outer loop
      vertex -13.7305 20 4.66087
      vertex -13.3963 11.5 5.54891
      vertex -13.7305 11.5 4.66087
    endloop
  endfacet
  facet normal 0.935918 0 -0.352218
    outer loop
      vertex -13.3963 5.54887 5.54891
      vertex -13.7305 10.84 4.66087
      vertex -13.3963 11.2473 5.54891
    endloop
  endfacet
  facet normal 0.935917 -5.70016e-07 -0.352221
    outer loop
      vertex -13.7305 4.66086 4.66088
      vertex -13.7305 10.84 4.66087
      vertex -13.3963 5.54887 5.54891
    endloop
  endfacet
  facet normal 1 0 0
    outer loop
      vertex -13.7305 10.84 4.66087
      vertex -13.7305 4.66086 4.66088
      vertex -13.7305 4.66085 4.66087
    endloop
  endfacet
  facet normal 0.227113 0 0.973868
    outer loop
      vertex -3.75288 20 -14.0059
      vertex -2.82881 11.5 -14.2214
      vertex -2.82881 20 -14.2214
    endloop
  endfacet
  facet normal 0.227113 0 0.973868
    outer loop
      vertex -2.82881 11.5 -14.2214
      vertex -3.75288 20 -14.0059
      vertex -3.75288 11.5 -14.0059
    endloop
  endfacet
  facet normal 0.29025 0 -0.956951
    outer loop
      vertex -4.66087 11.5 13.7305
      vertex -3.75288 20 14.0059
      vertex -3.75288 11.5 14.0059
    endloop
  endfacet
  facet normal 0.29025 0 -0.956951
    outer loop
      vertex -3.75288 20 14.0059
      vertex -4.66087 11.5 13.7305
      vertex -4.66087 20 13.7305
    endloop
  endfacet
  facet normal -0.412707 0 -0.910864
    outer loop
      vertex 5.54891 11.5 13.3963
      vertex 6.41319 20 13.0047
      vertex 6.41319 11.5 13.0047
    endloop
  endfacet
  facet normal -0.412707 0 -0.910864
    outer loop
      vertex 6.41319 20 13.0047
      vertex 5.54891 11.5 13.3963
      vertex 5.54891 20 13.3963
    endloop
  endfacet
  facet normal 0.999466 0 -0.0326711
    outer loop
      vertex -14.469 11.5 0.948345
      vertex -14.5 20 0
      vertex -14.469 20 0.948345
    endloop
  endfacet
  facet normal 0.999466 0 -0.0326711
    outer loop
      vertex -14.5 20 0
      vertex -14.469 11.5 0.948345
      vertex -14.5 11.5 0
    endloop
  endfacet
  facet normal 0.999466 0 -0.0326711
    outer loop
      vertex -14.469 3.87694 0.948345
      vertex -14.5 9.79323 0
      vertex -14.469 9.83656 0.948345
    endloop
  endfacet
  facet normal 0.999466 0 -0.0326711
    outer loop
      vertex -14.5 9.79323 0
      vertex -14.469 3.87694 0.948345
      vertex -14.5 3.88526 0
    endloop
  endfacet
  facet normal -1 -0 0
    outer loop
      vertex 10.253 20 -10.253
      vertex 10.253 10.253 -10.2531
      vertex 10.253 10.253 -10.253
    endloop
  endfacet
  facet normal -0.683655 0 0.729805
    outer loop
      vertex 9.56051 10.9017 -10.9017
      vertex 10.253 20 -10.253
      vertex 9.56051 20 -10.9017
    endloop
  endfacet
  facet normal -0.683603 -7.48799e-06 0.729854
    outer loop
      vertex 10.253 20 -10.253
      vertex 9.56051 10.9017 -10.9017
      vertex 10.253 10.253 -10.2531
    endloop
  endfacet
  facet normal 0.773033 0 -0.634366
    outer loop
      vertex -10.9017 9.5605 9.56051
      vertex -11.5036 20 8.82704
      vertex -10.9017 20 9.56051
    endloop
  endfacet
  facet normal 0.773029 -5.67773e-07 -0.634371
    outer loop
      vertex -11.5036 8.82703 8.82705
      vertex -11.5036 20 8.82704
      vertex -10.9017 9.5605 9.56051
    endloop
  endfacet
  facet normal 1 0 0
    outer loop
      vertex -11.5036 20 8.82704
      vertex -11.5036 8.82703 8.82705
      vertex -11.5036 8.82702 8.82704
    endloop
  endfacet
  facet normal 0.849183 0 0.528098
    outer loop
      vertex -12.5574 20 -7.25
      vertex -12.0563 8.05575 -8.05577
      vertex -12.0563 20 -8.05577
    endloop
  endfacet
  facet normal 0.849178 -8.28403e-07 0.528107
    outer loop
      vertex -12.5574 20 -7.25
      vertex -12.5574 7.25 -7.25002
      vertex -12.0563 8.05575 -8.05577
    endloop
  endfacet
  facet normal 1 0 -0
    outer loop
      vertex -12.5574 7.25 -7.25002
      vertex -12.5574 20 -7.25
      vertex -12.5574 7.24998 -7.25
    endloop
  endfacet
  facet normal -0.729805 0 -0.683655
    outer loop
      vertex 10.9017 20 9.56051
      vertex 10.253 10.253 10.253
      vertex 10.253 20 10.253
    endloop
  endfacet
  facet normal -0.7298 -6.54878e-07 -0.68366
    outer loop
      vertex 10.9017 20 9.56051
      vertex 10.9017 9.5605 9.56052
      vertex 10.253 10.253 10.253
    endloop
  endfacet
  facet normal -1 0 0
    outer loop
      vertex 10.9017 9.5605 9.56052
      vertex 10.9017 20 9.56051
      vertex 10.9017 9.5605 9.56051
    endloop
  endfacet
  facet normal -0.16283 0 0.986654
    outer loop
      vertex 1.89263 20 -14.3759
      vertex 2.82881 11.5 -14.2214
      vertex 2.82881 20 -14.2214
    endloop
  endfacet
  facet normal -0.16283 0 0.986654
    outer loop
      vertex 2.82881 11.5 -14.2214
      vertex 1.89263 20 -14.3759
      vertex 1.89263 11.5 -14.3759
    endloop
  endfacet
  facet normal 0.29025 0 0.956951
    outer loop
      vertex -4.66087 20 -13.7305
      vertex -3.75288 11.5 -14.0059
      vertex -3.75288 20 -14.0059
    endloop
  endfacet
  facet normal 0.29025 0 0.956951
    outer loop
      vertex -3.75288 11.5 -14.0059
      vertex -4.66087 20 -13.7305
      vertex -4.66087 11.5 -13.7305
    endloop
  endfacet
  facet normal 0.881914 0 -0.47141
    outer loop
      vertex -12.5574 7.24998 7.25
      vertex -13.0047 20 6.41319
      vertex -12.5574 20 7.25
    endloop
  endfacet
  facet normal 0.881914 0 -0.47141
    outer loop
      vertex -13.0047 20 6.41319
      vertex -12.5574 7.24998 7.25
      vertex -13.0047 6.41318 6.41319
    endloop
  endfacet
  facet normal 0.528098 0 -0.849183
    outer loop
      vertex -8.05577 11.5 12.0563
      vertex -7.25 20 12.5574
      vertex -7.25 11.5 12.5574
    endloop
  endfacet
  facet normal 0.528098 0 -0.849183
    outer loop
      vertex -7.25 20 12.5574
      vertex -8.05577 11.5 12.0563
      vertex -8.05577 20 12.0563
    endloop
  endfacet
  facet normal 0.956951 0 -0.29025
    outer loop
      vertex -13.7305 11.5 4.66087
      vertex -14.0059 20 3.75288
      vertex -13.7305 20 4.66087
    endloop
  endfacet
  facet normal 0.956951 0 -0.29025
    outer loop
      vertex -14.0059 20 3.75288
      vertex -13.7305 11.5 4.66087
      vertex -14.0059 11.5 3.75288
    endloop
  endfacet
  facet normal 0.956938 0 -0.290291
    outer loop
      vertex -13.7305 4.66085 4.66087
      vertex -13.8837 10.6533 4.15585
      vertex -13.7305 10.84 4.66087
    endloop
  endfacet
  facet normal 0.956965 8.24979e-06 -0.290202
    outer loop
      vertex -13.8837 10.6533 4.15585
      vertex -13.7305 4.66085 4.66087
      vertex -14.0059 10.4827 3.75288
    endloop
  endfacet
  facet normal 0.956951 0 -0.29025
    outer loop
      vertex -13.7305 4.66085 4.66087
      vertex -14.0059 3.75287 3.75288
      vertex -14.0059 10.4827 3.75288
    endloop
  endfacet
  facet normal 0.95695 -0.290253 0
    outer loop
      vertex -14.0059 3.75287 3.75288
      vertex -13.7305 4.66085 4.66087
      vertex -14.0059 3.75287 3.75289
    endloop
  endfacet
  facet normal -0.412707 0 0.910864
    outer loop
      vertex 5.54891 20 -13.3963
      vertex 6.41319 11.5 -13.0047
      vertex 6.41319 20 -13.0047
    endloop
  endfacet
  facet normal -0.412707 0 0.910864
    outer loop
      vertex 6.41319 11.5 -13.0047
      vertex 5.54891 20 -13.3963
      vertex 5.54891 11.5 -13.3963
    endloop
  endfacet
  facet normal 0.16283 0 0.986654
    outer loop
      vertex -2.82881 20 -14.2214
      vertex -1.89263 11.5 -14.3759
      vertex -1.89263 20 -14.3759
    endloop
  endfacet
  facet normal 0.16283 0 0.986654
    outer loop
      vertex -1.89263 11.5 -14.3759
      vertex -2.82881 20 -14.2214
      vertex -2.82881 11.5 -14.2214
    endloop
  endfacet
  facet normal 0.634101 0 0.773251
    outer loop
      vertex -8.82704 20 -11.5036
      vertex -8.83143 11.5 -11.5
      vertex -8.82704 11.5 -11.5036
    endloop
  endfacet
  facet normal 0.634366 -2.29263e-07 0.773033
    outer loop
      vertex -9.56051 20 -10.9017
      vertex -8.83143 11.5 -11.5
      vertex -8.82704 20 -11.5036
    endloop
  endfacet
  facet normal 0.634372 6.97243e-07 0.773028
    outer loop
      vertex -8.83143 11.5 -11.5
      vertex -9.56051 20 -10.9017
      vertex -9.5605 10.9017 -10.9017
    endloop
  endfacet
  facet normal 0 0 1
    outer loop
      vertex -9.5605 10.9017 -10.9017
      vertex -9.56051 20 -10.9017
      vertex -9.56051 10.9017 -10.9017
    endloop
  endfacet
  facet normal 0.773033 0 0.634366
    outer loop
      vertex -11.5036 20 -8.82704
      vertex -10.9017 9.5605 -9.56051
      vertex -10.9017 20 -9.56051
    endloop
  endfacet
  facet normal 0.773029 -5.67773e-07 0.634371
    outer loop
      vertex -11.5036 20 -8.82704
      vertex -11.5036 8.82703 -8.82705
      vertex -10.9017 9.5605 -9.56051
    endloop
  endfacet
  facet normal 1 0 -0
    outer loop
      vertex -11.5036 8.82703 -8.82705
      vertex -11.5036 20 -8.82704
      vertex -11.5036 8.82702 -8.82704
    endloop
  endfacet
  facet normal 0.0326711 0 0.999466
    outer loop
      vertex -0.948345 20 -14.469
      vertex 0 11.5 -14.5
      vertex 0 20 -14.5
    endloop
  endfacet
  facet normal 0.0326711 0 0.999466
    outer loop
      vertex 0 11.5 -14.5
      vertex -0.948345 20 -14.469
      vertex -0.948345 11.5 -14.469
    endloop
  endfacet
  facet normal -0.0981174 0 -0.995175
    outer loop
      vertex 0.948345 11.5 14.469
      vertex 1.89263 20 14.3759
      vertex 1.89263 11.5 14.3759
    endloop
  endfacet
  facet normal -0.0981174 0 -0.995175
    outer loop
      vertex 1.89263 20 14.3759
      vertex 0.948345 11.5 14.469
      vertex 0.948345 20 14.469
    endloop
  endfacet
  facet normal -0.582489 0 0.812839
    outer loop
      vertex 8.05577 20 -12.0563
      vertex 8.82704 11.5 -11.5036
      vertex 8.82704 20 -11.5036
    endloop
  endfacet
  facet normal -0.582489 0 0.812839
    outer loop
      vertex 8.82704 11.5 -11.5036
      vertex 8.05577 20 -12.0563
      vertex 8.05577 11.5 -12.0563
    endloop
  endfacet
  facet normal -0.16283 0 -0.986654
    outer loop
      vertex 1.89263 11.5 14.3759
      vertex 2.82881 20 14.2214
      vertex 2.82881 11.5 14.2214
    endloop
  endfacet
  facet normal -0.16283 0 -0.986654
    outer loop
      vertex 2.82881 20 14.2214
      vertex 1.89263 11.5 14.3759
      vertex 1.89263 20 14.3759
    endloop
  endfacet
  facet normal 0 0 1
    outer loop
      vertex 9.56051 20 -10.9017
      vertex 9.5605 10.9017 -10.9017
      vertex 9.56051 10.9017 -10.9017
    endloop
  endfacet
  facet normal -0.634372 6.97243e-07 0.773028
    outer loop
      vertex 9.56051 20 -10.9017
      vertex 8.83143 11.5 -11.5
      vertex 9.5605 10.9017 -10.9017
    endloop
  endfacet
  facet normal -0.634366 -2.29263e-07 0.773033
    outer loop
      vertex 8.82704 20 -11.5036
      vertex 8.83143 11.5 -11.5
      vertex 9.56051 20 -10.9017
    endloop
  endfacet
  facet normal -0.634101 0 0.773251
    outer loop
      vertex 8.83143 11.5 -11.5
      vertex 8.82704 20 -11.5036
      vertex 8.82704 11.5 -11.5036
    endloop
  endfacet
  facet normal 0.956951 -0 0.29025
    outer loop
      vertex -14.0059 11.5 -3.75288
      vertex -13.7305 20 -4.66087
      vertex -14.0059 20 -3.75288
    endloop
  endfacet
  facet normal 0.956951 0 0.29025
    outer loop
      vertex -13.7305 20 -4.66087
      vertex -14.0059 11.5 -3.75288
      vertex -13.7305 11.5 -4.66087
    endloop
  endfacet
  facet normal 0.956965 8.24979e-06 0.290202
    outer loop
      vertex -13.7305 4.66085 -4.66087
      vertex -13.8837 10.6533 -4.15585
      vertex -14.0059 10.4827 -3.75288
    endloop
  endfacet
  facet normal 0.956938 0 0.290291
    outer loop
      vertex -13.8837 10.6533 -4.15585
      vertex -13.7305 4.66085 -4.66087
      vertex -13.7305 10.84 -4.66087
    endloop
  endfacet
  facet normal 0.956951 -0 0.29025
    outer loop
      vertex -14.0059 3.75287 -3.75288
      vertex -13.7305 4.66085 -4.66087
      vertex -14.0059 10.4827 -3.75288
    endloop
  endfacet
  facet normal 0.95695 -0.290253 0
    outer loop
      vertex -13.7305 4.66085 -4.66087
      vertex -14.0059 3.75287 -3.75288
      vertex -14.0059 3.75287 -3.75289
    endloop
  endfacet
  facet normal 0.412707 0 -0.910864
    outer loop
      vertex -6.41319 11.5 13.0047
      vertex -5.54891 20 13.3963
      vertex -5.54891 11.5 13.3963
    endloop
  endfacet
  facet normal 0.412707 0 -0.910864
    outer loop
      vertex -5.54891 20 13.3963
      vertex -6.41319 11.5 13.0047
      vertex -6.41319 20 13.0047
    endloop
  endfacet
  facet normal -0.986654 0 0.16283
    outer loop
      vertex 14.2214 11.5 -2.82881
      vertex 14.3759 20 -1.89263
      vertex 14.2214 20 -2.82881
    endloop
  endfacet
  facet normal -0.986654 0 0.16283
    outer loop
      vertex 14.3759 20 -1.89263
      vertex 14.2214 11.5 -2.82881
      vertex 14.3759 11.5 -1.89263
    endloop
  endfacet
  facet normal -0.986654 0 0.16283
    outer loop
      vertex 14.2214 3.8106 -2.82881
      vertex 14.3759 9.96635 -1.89263
      vertex 14.2214 10.182 -2.82881
    endloop
  endfacet
  facet normal -0.986654 0 0.16283
    outer loop
      vertex 14.3759 9.96635 -1.89263
      vertex 14.2214 3.8106 -2.82881
      vertex 14.3759 3.85202 -1.89263
    endloop
  endfacet
  facet normal 0.973868 0 -0.227113
    outer loop
      vertex -14.0059 11.5 3.75288
      vertex -14.2214 20 2.82881
      vertex -14.0059 20 3.75288
    endloop
  endfacet
  facet normal 0.973868 0 -0.227113
    outer loop
      vertex -14.2214 20 2.82881
      vertex -14.0059 11.5 3.75288
      vertex -14.2214 11.5 2.82881
    endloop
  endfacet
  facet normal 0.973868 0 -0.227113
    outer loop
      vertex -14.0059 3.75287 3.75288
      vertex -14.2214 10.182 2.82881
      vertex -14.0059 10.4827 3.75288
    endloop
  endfacet
  facet normal 0.973868 0 -0.227113
    outer loop
      vertex -14.2214 10.182 2.82881
      vertex -14.0059 3.75287 3.75288
      vertex -14.2214 3.8106 2.82881
    endloop
  endfacet
  facet normal 0.849183 0 -0.528098
    outer loop
      vertex -12.0563 8.05575 8.05577
      vertex -12.5574 20 7.25
      vertex -12.0563 20 8.05577
    endloop
  endfacet
  facet normal 0.849178 -8.28403e-07 -0.528107
    outer loop
      vertex -12.5574 7.25 7.25002
      vertex -12.5574 20 7.25
      vertex -12.0563 8.05575 8.05577
    endloop
  endfacet
  facet normal 1 0 0
    outer loop
      vertex -12.5574 20 7.25
      vertex -12.5574 7.25 7.25002
      vertex -12.5574 7.24998 7.25
    endloop
  endfacet
  facet normal 0.412707 0 0.910864
    outer loop
      vertex -6.41319 20 -13.0047
      vertex -5.54891 11.5 -13.3963
      vertex -5.54891 20 -13.3963
    endloop
  endfacet
  facet normal 0.412707 0 0.910864
    outer loop
      vertex -5.54891 11.5 -13.3963
      vertex -6.41319 20 -13.0047
      vertex -6.41319 11.5 -13.0047
    endloop
  endfacet
  facet normal 0.47141 0 -0.881914
    outer loop
      vertex -7.25 11.5 12.5574
      vertex -6.41319 20 13.0047
      vertex -6.41319 11.5 13.0047
    endloop
  endfacet
  facet normal 0.47141 0 -0.881914
    outer loop
      vertex -6.41319 20 13.0047
      vertex -7.25 11.5 12.5574
      vertex -7.25 20 12.5574
    endloop
  endfacet
  facet normal 0.47141 0 0.881914
    outer loop
      vertex -7.25 20 -12.5574
      vertex -6.41319 11.5 -13.0047
      vertex -6.41319 20 -13.0047
    endloop
  endfacet
  facet normal 0.47141 0 0.881914
    outer loop
      vertex -6.41319 11.5 -13.0047
      vertex -7.25 20 -12.5574
      vertex -7.25 11.5 -12.5574
    endloop
  endfacet
endsolid OpenSCAD_Model
